07:07:28.824 > ===== BOOT START =====
07:07:28.824 > [PLATFORM] NUCLEO-F411RE / STM32F411RE
07:07:28.824 > [CPU_SET_MHz] freq=100 MHz
07:07:28.824 > [BOOT] LiteML-Edge starting...
07:07:28.836 > [MODE] LITEML_MODE=2 -> FIELD (evaluation contract)
07:07:28.947 > [SENSORS] DHT22 initialized successfully.
07:07:28.950 > [SENSORS] No NTP — using local millis-based clock.
07:07:28.956 > [SENSORS] Initialization complete. Acquisition layer ready; unified evaluation contract armed.
07:07:28.965 > [MODE] Shared post-acquisition contract: hourly rollover, lag snapshots, common feature packing, and lag-1 residual baseline.
07:07:28.977 > [TFLM] outputs_size=1 | out0_type=1 out1_type=-1 | out0_bytes=8 out1_bytes=-1
07:07:28.979 > [ARENA] reserved=16384B used=3488B (3.4kB/16.0kB)
07:07:28.987 > [MEM] Model=9.46kB (FLASH) | Arena=3.41kB (RAM) | Total≈12.87kB
07:07:28.992 > [quant] in: s=0.000000000 zp=0 | out0: s=0.000000000 zp=0 | out1: s=-1.000000000 zp=-999 | in_t=1 out0_t=1 out1_t=-1 | in_lastdim=12
07:07:29.004 > [MODEL] type=LSTM | arch=LSTM | io=float32->float32 | precision_io=FLOAT32_IO | quant_style=HYBRID_FLOAT_IO
07:07:29.012 > [SCALERS] crc32=0x2C3C93F3 K=12 | Y0=[-1.110,0.910] Y1=[-0.748,0.649]
07:07:29.019 > [SCALERS] ΔY=[-1.110,-0.748]..[0.910,0.649]
07:07:29.022 > [SCALERS] X0=[21.110001,35.000000] X1=[43.000000,100.000000]
07:07:29.029 > [SCALERS] X2=[24.360001,28.680000] X3=[60.620712,75.301254]
07:07:29.051 > [SELFTEST] OK? YES  y0=-1.064  y1=-0.512  (in_scale=0.000000 in_zp=0  out0_scale=0.000000 out0_zp=0)
07:07:29.062 > [SELFTEST] y0=-1.06 y1=-0.51
07:07:29.066 > [BENCH][INA219] calib=16V/400mA | assumed_shunt=0.100 ohm
07:07:29.068 > [BOOT] ready.
07:07:29.068 > [METRICS] mode=LIVE_FEATURES
07:07:29.075 > [SENSORS] invalid reading (waiting for stabilization)...
07:07:31.777 > [SENSORS] FIELD seed progress: current hour captured; waiting for lag1 and lag2.
07:07:31.793 > [WARMUP] waiting=stabilization+lag_history | snapshot=0 warmup=1/6  Tin=26.70 Hin=64.00 Tout=27.20 Hout=85.20
07:07:33.298 > [WARMUP] waiting=lag_history(lag1+lag2) | snapshot=0 warmup=6/6  Tin=26.70 Hin=64.00 Tout=27.20 Hout=85.20
07:07:34.804 > [WARMUP] waiting=lag_history(lag1+lag2) | snapshot=0 warmup=6/6  Tin=26.70 Hin=63.85 Tout=27.30 Hout=85.40
07:07:36.321 > [WARMUP] waiting=lag_history(lag1+lag2) | snapshot=0 warmup=6/6  Tin=26.70 Hin=63.81 Tout=27.30 Hout=85.40
07:07:37.836 > [WARMUP] waiting=lag_history(lag1+lag2) | snapshot=0 warmup=6/6  Tin=26.70 Hin=63.80 Tout=27.30 Hout=85.30
07:07:39.339 > [WARMUP] waiting=lag_history(lag1+lag2) | snapshot=0 warmup=6/6  Tin=26.80 Hin=64.05 Tout=27.30 Hout=85.30
07:07:40.865 > [WARMUP] waiting=lag_history(lag1+lag2) | snapshot=0 warmup=6/6  Tin=26.80 Hin=64.03 Tout=27.30 Hout=85.30
07:07:42.378 > [WARMUP] waiting=lag_history(lag1+lag2) | snapshot=0 warmup=6/6  Tin=26.80 Hin=63.99 Tout=27.30 Hout=85.40
07:07:43.884 > [WARMUP] waiting=lag_history(lag1+lag2) | snapshot=0 warmup=6/6  Tin=26.80 Hin=63.82 Tout=27.30 Hout=85.40
07:07:45.387 > [WARMUP] waiting=lag_history(lag1+lag2) | snapshot=0 warmup=6/6  Tin=26.80 Hin=64.02 Tout=27.30 Hout=85.20
07:07:46.916 > [WARMUP] waiting=lag_history(lag1+lag2) | snapshot=0 warmup=6/6  Tin=26.80 Hin=63.97 Tout=27.30 Hout=85.20
07:07:48.421 > [WARMUP] waiting=lag_history(lag1+lag2) | snapshot=0 warmup=6/6  Tin=26.80 Hin=63.82 Tout=27.30 Hout=85.20
07:07:49.920 > [WARMUP] waiting=lag_history(lag1+lag2) | snapshot=0 warmup=6/6  Tin=26.80 Hin=63.64 Tout=27.30 Hout=85.20
07:07:51.449 > [WARMUP] waiting=lag_history(lag1+lag2) | snapshot=0 warmup=6/6  Tin=26.80 Hin=63.60 Tout=27.30 Hout=85.30
07:07:52.966 > [WARMUP] waiting=lag_history(lag1+lag2) | snapshot=0 warmup=6/6  Tin=26.80 Hin=63.60 Tout=27.30 Hout=85.20
07:07:54.466 > [WARMUP] waiting=lag_history(lag1+lag2) | snapshot=0 warmup=6/6  Tin=26.80 Hin=63.60 Tout=27.30 Hout=85.20
07:07:55.983 > [WARMUP] waiting=lag_history(lag1+lag2) | snapshot=0 warmup=6/6  Tin=26.80 Hin=63.45 Tout=27.30 Hout=85.20
07:07:57.501 > [WARMUP] waiting=lag_history(lag1+lag2) | snapshot=0 warmup=6/6  Tin=26.90 Hin=63.41 Tout=27.30 Hout=85.00
07:07:59.002 > [WARMUP] waiting=lag_history(lag1+lag2) | snapshot=0 warmup=6/6  Tin=26.90 Hin=63.40 Tout=27.30 Hout=85.00
07:08:00.519 > [WARMUP] waiting=lag_history(lag1+lag2) | snapshot=0 warmup=6/6  Tin=26.90 Hin=63.32 Tout=27.30 Hout=85.00
07:08:02.035 > [WARMUP] waiting=lag_history(lag1+lag2) | snapshot=0 warmup=6/6  Tin=26.90 Hin=63.30 Tout=27.30 Hout=85.00
07:08:03.548 > [WARMUP] waiting=lag_history(lag1+lag2) | snapshot=0 warmup=6/6  Tin=26.90 Hin=63.29 Tout=27.30 Hout=85.00
07:08:05.047 > [WARMUP] waiting=lag_history(lag1+lag2) | snapshot=0 warmup=6/6  Tin=26.90 Hin=63.21 Tout=27.30 Hout=85.00
07:08:06.565 > [WARMUP] waiting=lag_history(lag1+lag2) | snapshot=0 warmup=6/6  Tin=26.80 Hin=63.20 Tout=27.30 Hout=85.00
07:08:08.077 > [WARMUP] waiting=lag_history(lag1+lag2) | snapshot=0 warmup=6/6  Tin=26.80 Hin=63.44 Tout=27.30 Hout=84.90
07:08:09.588 > [WARMUP] waiting=lag_history(lag1+lag2) | snapshot=0 warmup=6/6  Tin=26.80 Hin=63.75 Tout=27.30 Hout=84.80
07:08:11.099 > [WARMUP] waiting=lag_history(lag1+lag2) | snapshot=0 warmup=6/6  Tin=26.80 Hin=64.04 Tout=27.30 Hout=84.80
07:08:12.613 > [WARMUP] waiting=lag_history(lag1+lag2) | snapshot=0 warmup=6/6  Tin=26.80 Hin=63.97 Tout=27.30 Hout=84.70
07:08:14.135 > [WARMUP] waiting=lag_history(lag1+lag2) | snapshot=0 warmup=6/6  Tin=26.80 Hin=63.92 Tout=27.30 Hout=84.80
07:08:15.629 > [WARMUP] waiting=lag_history(lag1+lag2) | snapshot=0 warmup=6/6  Tin=26.80 Hin=63.99 Tout=27.30 Hout=84.80
07:08:17.148 > [WARMUP] waiting=lag_history(lag1+lag2) | snapshot=0 warmup=6/6  Tin=26.90 Hin=63.93 Tout=27.30 Hout=84.40
07:08:18.663 > [WARMUP] waiting=lag_history(lag1+lag2) | snapshot=0 warmup=6/6  Tin=26.80 Hin=63.94 Tout=27.30 Hout=83.10
07:08:20.165 > [WARMUP] waiting=lag_history(lag1+lag2) | snapshot=0 warmup=6/6  Tin=26.80 Hin=63.99 Tout=27.30 Hout=83.50
07:08:21.682 > [WARMUP] waiting=lag_history(lag1+lag2) | snapshot=0 warmup=6/6  Tin=26.80 Hin=64.25 Tout=27.30 Hout=83.50
07:08:23.196 > [WARMUP] waiting=lag_history(lag1+lag2) | snapshot=0 warmup=6/6  Tin=26.80 Hin=64.47 Tout=27.30 Hout=83.70
07:08:24.707 > [WARMUP] waiting=lag_history(lag1+lag2) | snapshot=0 warmup=6/6  Tin=26.80 Hin=64.59 Tout=27.30 Hout=84.10
07:08:26.224 > [WARMUP] waiting=lag_history(lag1+lag2) | snapshot=0 warmup=6/6  Tin=26.80 Hin=64.69 Tout=27.30 Hout=84.10
07:08:27.734 > [WARMUP] waiting=lag_history(lag1+lag2) | snapshot=0 warmup=6/6  Tin=26.80 Hin=64.62 Tout=27.30 Hout=84.20
07:08:29.060 > [SENSORS] Health IN ok=28 err=0 reinit=0 pwr=0 | OUT ok=28 err=0 reinit=0 pwr=0
07:08:29.081 > [SENSORS] FIELD seed progress: lag1 ready; waiting one more logical hour for lag2.
07:08:29.263 > [WARMUP] waiting=lag_history(lag1+lag2) | snapshot=0 warmup=6/6  Tin=26.80 Hin=64.56 Tout=27.40 Hout=84.00
07:08:30.762 > [WARMUP] waiting=lag_history(lag1+lag2) | snapshot=0 warmup=6/6  Tin=26.80 Hin=64.51 Tout=27.40 Hout=84.10
07:08:32.282 > [WARMUP] waiting=lag_history(lag1+lag2) | snapshot=0 warmup=6/6  Tin=26.80 Hin=64.58 Tout=27.40 Hout=84.10
07:08:33.790 > [WARMUP] waiting=lag_history(lag1+lag2) | snapshot=0 warmup=6/6  Tin=26.80 Hin=64.66 Tout=27.30 Hout=84.10
07:08:35.310 > [WARMUP] waiting=lag_history(lag1+lag2) | snapshot=0 warmup=6/6  Tin=26.80 Hin=64.70 Tout=27.40 Hout=84.20
07:08:36.809 > [WARMUP] waiting=lag_history(lag1+lag2) | snapshot=0 warmup=6/6  Tin=26.80 Hin=64.79 Tout=27.40 Hout=84.20
07:08:38.326 > [WARMUP] waiting=lag_history(lag1+lag2) | snapshot=0 warmup=6/6  Tin=26.80 Hin=64.80 Tout=27.40 Hout=84.20
07:08:39.844 > [WARMUP] waiting=lag_history(lag1+lag2) | snapshot=0 warmup=6/6  Tin=26.80 Hin=64.76 Tout=27.40 Hout=84.30
07:08:41.360 > [WARMUP] waiting=lag_history(lag1+lag2) | snapshot=0 warmup=6/6  Tin=26.80 Hin=64.71 Tout=27.40 Hout=84.20
07:08:42.870 > [WARMUP] waiting=lag_history(lag1+lag2) | snapshot=0 warmup=6/6  Tin=26.80 Hin=64.62 Tout=27.40 Hout=84.20
07:08:44.373 > [WARMUP] waiting=lag_history(lag1+lag2) | snapshot=0 warmup=6/6  Tin=26.80 Hin=64.36 Tout=27.40 Hout=84.40
07:08:45.889 > [WARMUP] waiting=lag_history(lag1+lag2) | snapshot=0 warmup=6/6  Tin=26.70 Hin=64.21 Tout=27.40 Hout=84.20
07:08:47.390 > [WARMUP] waiting=lag_history(lag1+lag2) | snapshot=0 warmup=6/6  Tin=26.70 Hin=64.11 Tout=27.40 Hout=84.20
07:08:48.912 > [WARMUP] waiting=lag_history(lag1+lag2) | snapshot=0 warmup=6/6  Tin=26.70 Hin=64.10 Tout=27.40 Hout=84.20
07:08:50.425 > [WARMUP] waiting=lag_history(lag1+lag2) | snapshot=0 warmup=6/6  Tin=26.70 Hin=64.10 Tout=27.40 Hout=84.20
07:08:51.944 > [WARMUP] waiting=lag_history(lag1+lag2) | snapshot=0 warmup=6/6  Tin=26.70 Hin=64.10 Tout=27.40 Hout=84.30
07:08:53.451 > [WARMUP] waiting=lag_history(lag1+lag2) | snapshot=0 warmup=6/6  Tin=26.70 Hin=64.02 Tout=27.40 Hout=84.30
07:08:54.955 > [WARMUP] waiting=lag_history(lag1+lag2) | snapshot=0 warmup=6/6  Tin=26.70 Hin=64.12 Tout=27.40 Hout=84.40
07:08:56.471 > [WARMUP] waiting=lag_history(lag1+lag2) | snapshot=0 warmup=6/6  Tin=26.70 Hin=64.19 Tout=27.40 Hout=84.40
07:08:57.987 > [WARMUP] waiting=lag_history(lag1+lag2) | snapshot=0 warmup=6/6  Tin=26.70 Hin=64.20 Tout=27.40 Hout=84.40
07:08:59.488 > [WARMUP] waiting=lag_history(lag1+lag2) | snapshot=0 warmup=6/6  Tin=26.60 Hin=64.27 Tout=27.30 Hout=84.50
07:09:01.007 > [WARMUP] waiting=lag_history(lag1+lag2) | snapshot=0 warmup=6/6  Tin=26.60 Hin=64.34 Tout=27.40 Hout=84.60
07:09:02.523 > [WARMUP] waiting=lag_history(lag1+lag2) | snapshot=0 warmup=6/6  Tin=26.60 Hin=64.39 Tout=27.40 Hout=84.60
07:09:04.035 > [WARMUP] waiting=lag_history(lag1+lag2) | snapshot=0 warmup=6/6  Tin=26.60 Hin=64.48 Tout=27.40 Hout=84.60
07:09:05.552 > [WARMUP] waiting=lag_history(lag1+lag2) | snapshot=0 warmup=6/6  Tin=26.60 Hin=64.50 Tout=27.40 Hout=84.50
07:09:07.063 > [WARMUP] waiting=lag_history(lag1+lag2) | snapshot=0 warmup=6/6  Tin=26.60 Hin=64.49 Tout=27.50 Hout=84.40
07:09:08.569 > [WARMUP] waiting=lag_history(lag1+lag2) | snapshot=0 warmup=6/6  Tin=26.60 Hin=64.41 Tout=27.50 Hout=84.40
07:09:10.087 > [WARMUP] waiting=lag_history(lag1+lag2) | snapshot=0 warmup=6/6  Tin=26.50 Hin=64.48 Tout=27.40 Hout=84.60
07:09:11.591 > [WARMUP] waiting=lag_history(lag1+lag2) | snapshot=0 warmup=6/6  Tin=26.50 Hin=64.46 Tout=27.40 Hout=84.40
07:09:13.104 > [WARMUP] waiting=lag_history(lag1+lag2) | snapshot=0 warmup=6/6  Tin=26.50 Hin=64.41 Tout=27.40 Hout=84.50
07:09:14.621 > [WARMUP] waiting=lag_history(lag1+lag2) | snapshot=0 warmup=6/6  Tin=26.50 Hin=64.32 Tout=27.40 Hout=84.50
07:09:16.134 > [WARMUP] waiting=lag_history(lag1+lag2) | snapshot=0 warmup=6/6  Tin=26.50 Hin=64.30 Tout=27.40 Hout=84.40
07:09:17.651 > [WARMUP] waiting=lag_history(lag1+lag2) | snapshot=0 warmup=6/6  Tin=26.50 Hin=64.29 Tout=27.50 Hout=84.50
07:09:19.150 > [WARMUP] waiting=lag_history(lag1+lag2) | snapshot=0 warmup=6/6  Tin=26.50 Hin=64.21 Tout=27.50 Hout=84.50
07:09:20.672 > [WARMUP] waiting=lag_history(lag1+lag2) | snapshot=0 warmup=6/6  Tin=26.50 Hin=64.50 Tout=27.50 Hout=84.40
07:09:22.186 > [WARMUP] waiting=lag_history(lag1+lag2) | snapshot=0 warmup=6/6  Tin=26.40 Hin=64.63 Tout=27.40 Hout=84.40
07:09:23.695 > [WARMUP] waiting=lag_history(lag1+lag2) | snapshot=0 warmup=6/6  Tin=26.40 Hin=64.69 Tout=27.50 Hout=84.40
07:09:25.206 > [WARMUP] waiting=lag_history(lag1+lag2) | snapshot=0 warmup=6/6  Tin=26.40 Hin=64.37 Tout=27.50 Hout=84.40
07:09:26.714 > [WARMUP] waiting=lag_history(lag1+lag2) | snapshot=0 warmup=6/6  Tin=26.40 Hin=64.61 Tout=27.50 Hout=84.30
07:09:28.235 > [WARMUP] waiting=lag_history(lag1+lag2) | snapshot=0 warmup=6/6  Tin=26.40 Hin=64.78 Tout=27.50 Hout=84.00
07:09:29.190 > [SENSORS] Health IN ok=56 err=0 reinit=0 pwr=0 | OUT ok=56 err=0 reinit=0 pwr=0
07:09:29.212 > [SENSORS] FIELD seed progress: lag1 + lag2 ready; snapshot gate released.
07:09:29.215 > 
07:09:29.215 > [EVENT] type=HOUR  Tin=26.40 Hin=64.79 Tout=27.50 Hout=84.00
07:09:29.222 > [infer] warmup: window 1/24 - (Invoke NOT executed)
07:09:30.736 > [BENCH] IDLE | t_inference_us=0 | heap=0.3kB/105.8kB (min=105.5kB, biggest=105.5kB) | arena=3.4kB | V_bus=4.932V I_bus=72.8mA P_bus=355.8mW E_total_accum=12.575mWh
07:09:32.758 > [BENCH] IDLE | t_inference_us=0 | heap=0.3kB/105.8kB (min=105.5kB, biggest=105.5kB) | arena=3.4kB | V_bus=4.928V I_bus=69.9mA P_bus=341.9mW E_total_accum=12.767mWh
07:09:34.773 > [BENCH] IDLE | t_inference_us=0 | heap=0.3kB/105.8kB (min=105.5kB, biggest=105.5kB) | arena=3.4kB | V_bus=4.940V I_bus=67.3mA P_bus=329.8mW E_total_accum=12.952mWh
07:09:36.795 > [BENCH] IDLE | t_inference_us=0 | heap=0.3kB/105.8kB (min=105.5kB, biggest=105.5kB) | arena=3.4kB | V_bus=4.940V I_bus=65.6mA P_bus=322.0mW E_total_accum=13.132mWh
07:09:38.811 > [BENCH] IDLE | t_inference_us=0 | heap=0.3kB/105.8kB (min=105.5kB, biggest=105.5kB) | arena=3.4kB | V_bus=4.920V I_bus=64.1mA P_bus=314.8mW E_total_accum=13.309mWh
07:09:40.833 > [BENCH] IDLE | t_inference_us=0 | heap=0.3kB/105.8kB (min=105.5kB, biggest=105.5kB) | arena=3.4kB | V_bus=4.940V I_bus=62.8mA P_bus=308.8mW E_total_accum=13.482mWh
07:09:42.863 > [BENCH] IDLE | t_inference_us=0 | heap=0.3kB/105.8kB (min=105.5kB, biggest=105.5kB) | arena=3.4kB | V_bus=4.924V I_bus=61.9mA P_bus=304.2mW E_total_accum=13.652mWh
07:09:44.883 > [BENCH] IDLE | t_inference_us=0 | heap=0.3kB/105.8kB (min=105.5kB, biggest=105.5kB) | arena=3.4kB | V_bus=4.940V I_bus=61.0mA P_bus=300.0mW E_total_accum=13.821mWh
07:09:46.893 > [BENCH] IDLE | t_inference_us=0 | heap=0.3kB/105.8kB (min=105.5kB, biggest=105.5kB) | arena=3.4kB | V_bus=4.932V I_bus=60.1mA P_bus=296.0mW E_total_accum=13.986mWh
07:09:48.929 > [BENCH] IDLE | t_inference_us=0 | heap=0.3kB/105.8kB (min=105.5kB, biggest=105.5kB) | arena=3.4kB | V_bus=4.932V I_bus=59.9mA P_bus=295.0mW E_total_accum=14.152mWh
07:09:50.944 > [BENCH] IDLE | t_inference_us=0 | heap=0.3kB/105.8kB (min=105.5kB, biggest=105.5kB) | arena=3.4kB | V_bus=4.932V I_bus=59.2mA P_bus=291.7mW E_total_accum=14.315mWh
07:09:52.974 > [BENCH] IDLE | t_inference_us=0 | heap=0.3kB/105.8kB (min=105.5kB, biggest=105.5kB) | arena=3.4kB | V_bus=4.932V I_bus=59.1mA P_bus=291.4mW E_total_accum=14.479mWh
07:09:54.994 > [BENCH] IDLE | t_inference_us=0 | heap=0.3kB/105.8kB (min=105.5kB, biggest=105.5kB) | arena=3.4kB | V_bus=4.932V I_bus=58.6mA P_bus=288.8mW E_total_accum=14.641mWh
07:09:57.009 > [BENCH] IDLE | t_inference_us=0 | heap=0.3kB/105.8kB (min=105.5kB, biggest=105.5kB) | arena=3.4kB | V_bus=4.936V I_bus=58.5mA P_bus=288.5mW E_total_accum=14.803mWh
07:09:59.043 > [BENCH] IDLE | t_inference_us=0 | heap=0.3kB/105.8kB (min=105.5kB, biggest=105.5kB) | arena=3.4kB | V_bus=4.936V I_bus=58.2mA P_bus=286.9mW E_total_accum=14.964mWh
07:10:01.060 > [BENCH] IDLE | t_inference_us=0 | heap=0.3kB/105.8kB (min=105.5kB, biggest=105.5kB) | arena=3.4kB | V_bus=4.936V I_bus=58.1mA P_bus=286.7mW E_total_accum=15.124mWh
07:10:03.077 > [BENCH] IDLE | t_inference_us=0 | heap=0.3kB/105.8kB (min=105.5kB, biggest=105.5kB) | arena=3.4kB | V_bus=4.932V I_bus=57.9mA P_bus=285.4mW E_total_accum=15.285mWh
07:10:05.111 > [BENCH] IDLE | t_inference_us=0 | heap=0.3kB/105.8kB (min=105.5kB, biggest=105.5kB) | arena=3.4kB | V_bus=4.936V I_bus=57.6mA P_bus=284.2mW E_total_accum=15.444mWh
07:10:07.136 > [BENCH] IDLE | t_inference_us=0 | heap=0.3kB/105.8kB (min=105.5kB, biggest=105.5kB) | arena=3.4kB | V_bus=4.932V I_bus=57.9mA P_bus=285.6mW E_total_accum=15.604mWh
07:10:09.156 > [BENCH] IDLE | t_inference_us=0 | heap=0.3kB/105.8kB (min=105.5kB, biggest=105.5kB) | arena=3.4kB | V_bus=4.928V I_bus=57.9mA P_bus=285.7mW E_total_accum=15.764mWh
07:10:11.176 > [BENCH] IDLE | t_inference_us=0 | heap=0.3kB/105.8kB (min=105.5kB, biggest=105.5kB) | arena=3.4kB | V_bus=4.940V I_bus=57.7mA P_bus=284.5mW E_total_accum=15.923mWh
07:10:13.192 > [BENCH] IDLE | t_inference_us=0 | heap=0.3kB/105.8kB (min=105.5kB, biggest=105.5kB) | arena=3.4kB | V_bus=4.928V I_bus=57.8mA P_bus=284.9mW E_total_accum=16.083mWh
07:10:15.225 > [BENCH] IDLE | t_inference_us=0 | heap=0.3kB/105.8kB (min=105.5kB, biggest=105.5kB) | arena=3.4kB | V_bus=4.932V I_bus=57.5mA P_bus=283.8mW E_total_accum=16.242mWh
07:10:17.242 > [BENCH] IDLE | t_inference_us=0 | heap=0.3kB/105.8kB (min=105.5kB, biggest=105.5kB) | arena=3.4kB | V_bus=4.936V I_bus=57.9mA P_bus=285.5mW E_total_accum=16.403mWh
07:10:19.256 > [BENCH] IDLE | t_inference_us=0 | heap=0.3kB/105.8kB (min=105.5kB, biggest=105.5kB) | arena=3.4kB | V_bus=4.928V I_bus=57.8mA P_bus=285.2mW E_total_accum=16.562mWh
07:10:21.288 > [BENCH] IDLE | t_inference_us=0 | heap=0.3kB/105.8kB (min=105.5kB, biggest=105.5kB) | arena=3.4kB | V_bus=4.940V I_bus=57.8mA P_bus=285.0mW E_total_accum=16.722mWh
07:10:23.305 > [BENCH] IDLE | t_inference_us=0 | heap=0.3kB/105.8kB (min=105.5kB, biggest=105.5kB) | arena=3.4kB | V_bus=4.940V I_bus=57.8mA P_bus=285.4mW E_total_accum=16.882mWh
07:10:25.326 > [BENCH] IDLE | t_inference_us=0 | heap=0.3kB/105.8kB (min=105.5kB, biggest=105.5kB) | arena=3.4kB | V_bus=4.928V I_bus=57.9mA P_bus=285.5mW E_total_accum=17.042mWh
07:10:27.340 > [BENCH] IDLE | t_inference_us=0 | heap=0.3kB/105.8kB (min=105.5kB, biggest=105.5kB) | arena=3.4kB | V_bus=4.932V I_bus=58.0mA P_bus=286.1mW E_total_accum=17.202mWh
07:10:29.294 > 
07:10:29.294 > [EVENT] type=HOUR  Tin=25.90 Hin=64.60 Tout=27.50 Hout=83.80
07:10:29.294 > [infer] warmup: window 2/24 - (Invoke NOT executed)
07:10:29.315 > [SENSORS] Health IN ok=84 err=0 reinit=0 pwr=0 | OUT ok=84 err=0 reinit=0 pwr=0
07:10:30.803 > [BENCH] IDLE | t_inference_us=0 | heap=0.3kB/105.8kB (min=105.5kB, biggest=105.5kB) | arena=3.4kB | V_bus=4.940V I_bus=57.8mA P_bus=285.2mW E_total_accum=17.476mWh
07:10:32.836 > [BENCH] IDLE | t_inference_us=0 | heap=0.3kB/105.8kB (min=105.5kB, biggest=105.5kB) | arena=3.4kB | V_bus=4.928V I_bus=57.6mA P_bus=283.9mW E_total_accum=17.635mWh
07:10:34.860 > [BENCH] IDLE | t_inference_us=0 | heap=0.3kB/105.8kB (min=105.5kB, biggest=105.5kB) | arena=3.4kB | V_bus=4.932V I_bus=57.6mA P_bus=284.2mW E_total_accum=17.795mWh
07:10:36.871 > [BENCH] IDLE | t_inference_us=0 | heap=0.3kB/105.8kB (min=105.5kB, biggest=105.5kB) | arena=3.4kB | V_bus=4.932V I_bus=57.9mA P_bus=285.6mW E_total_accum=17.955mWh
07:10:38.905 > [BENCH] IDLE | t_inference_us=0 | heap=0.3kB/105.8kB (min=105.5kB, biggest=105.5kB) | arena=3.4kB | V_bus=4.932V I_bus=57.6mA P_bus=284.3mW E_total_accum=18.114mWh
07:10:40.928 > [BENCH] IDLE | t_inference_us=0 | heap=0.3kB/105.8kB (min=105.5kB, biggest=105.5kB) | arena=3.4kB | V_bus=4.940V I_bus=57.7mA P_bus=284.7mW E_total_accum=18.274mWh
07:10:42.934 > [BENCH] IDLE | t_inference_us=0 | heap=0.3kB/105.8kB (min=105.5kB, biggest=105.5kB) | arena=3.4kB | V_bus=4.932V I_bus=58.0mA P_bus=285.9mW E_total_accum=18.434mWh
07:10:44.968 > [BENCH] IDLE | t_inference_us=0 | heap=0.3kB/105.8kB (min=105.5kB, biggest=105.5kB) | arena=3.4kB | V_bus=4.936V I_bus=57.7mA P_bus=284.5mW E_total_accum=18.593mWh
07:10:46.985 > [BENCH] IDLE | t_inference_us=0 | heap=0.3kB/105.8kB (min=105.5kB, biggest=105.5kB) | arena=3.4kB | V_bus=4.956V I_bus=57.4mA P_bus=283.5mW E_total_accum=18.753mWh
07:10:49.014 > [BENCH] IDLE | t_inference_us=0 | heap=0.3kB/105.8kB (min=105.5kB, biggest=105.5kB) | arena=3.4kB | V_bus=4.932V I_bus=57.8mA P_bus=285.5mW E_total_accum=18.913mWh
07:10:51.033 > [BENCH] IDLE | t_inference_us=0 | heap=0.3kB/105.8kB (min=105.5kB, biggest=105.5kB) | arena=3.4kB | V_bus=4.932V I_bus=57.6mA P_bus=284.1mW E_total_accum=19.072mWh
07:10:53.048 > [BENCH] IDLE | t_inference_us=0 | heap=0.3kB/105.8kB (min=105.5kB, biggest=105.5kB) | arena=3.4kB | V_bus=4.932V I_bus=57.6mA P_bus=284.3mW E_total_accum=19.231mWh
07:10:55.066 > [BENCH] IDLE | t_inference_us=0 | heap=0.3kB/105.8kB (min=105.5kB, biggest=105.5kB) | arena=3.4kB | V_bus=4.964V I_bus=57.6mA P_bus=284.6mW E_total_accum=19.391mWh
07:10:57.083 > [BENCH] IDLE | t_inference_us=0 | heap=0.3kB/105.8kB (min=105.5kB, biggest=105.5kB) | arena=3.4kB | V_bus=4.936V I_bus=57.7mA P_bus=285.3mW E_total_accum=19.550mWh
07:10:59.121 > [BENCH] IDLE | t_inference_us=0 | heap=0.3kB/105.8kB (min=105.5kB, biggest=105.5kB) | arena=3.4kB | V_bus=4.932V I_bus=57.5mA P_bus=284.1mW E_total_accum=19.710mWh
07:11:01.145 > [BENCH] IDLE | t_inference_us=0 | heap=0.3kB/105.8kB (min=105.5kB, biggest=105.5kB) | arena=3.4kB | V_bus=4.936V I_bus=57.5mA P_bus=284.2mW E_total_accum=19.869mWh
07:11:03.167 > [BENCH] IDLE | t_inference_us=0 | heap=0.3kB/105.8kB (min=105.5kB, biggest=105.5kB) | arena=3.4kB | V_bus=4.936V I_bus=57.7mA P_bus=284.8mW E_total_accum=20.029mWh
07:11:05.190 > [BENCH] IDLE | t_inference_us=0 | heap=0.3kB/105.8kB (min=105.5kB, biggest=105.5kB) | arena=3.4kB | V_bus=4.928V I_bus=57.8mA P_bus=285.2mW E_total_accum=20.189mWh
07:11:07.214 > [BENCH] IDLE | t_inference_us=0 | heap=0.3kB/105.8kB (min=105.5kB, biggest=105.5kB) | arena=3.4kB | V_bus=4.940V I_bus=57.6mA P_bus=284.2mW E_total_accum=20.348mWh
07:11:09.232 > [BENCH] IDLE | t_inference_us=0 | heap=0.3kB/105.8kB (min=105.5kB, biggest=105.5kB) | arena=3.4kB | V_bus=4.940V I_bus=57.8mA P_bus=285.1mW E_total_accum=20.508mWh
07:11:11.251 > [BENCH] IDLE | t_inference_us=0 | heap=0.3kB/105.8kB (min=105.5kB, biggest=105.5kB) | arena=3.4kB | V_bus=4.928V I_bus=57.8mA P_bus=285.4mW E_total_accum=20.668mWh
07:11:13.279 > [BENCH] IDLE | t_inference_us=0 | heap=0.3kB/105.8kB (min=105.5kB, biggest=105.5kB) | arena=3.4kB | V_bus=4.940V I_bus=57.7mA P_bus=284.6mW E_total_accum=20.828mWh
07:11:15.291 > [BENCH] IDLE | t_inference_us=0 | heap=0.3kB/105.8kB (min=105.5kB, biggest=105.5kB) | arena=3.4kB | V_bus=4.940V I_bus=57.7mA P_bus=285.0mW E_total_accum=20.987mWh
07:11:17.312 > [BENCH] IDLE | t_inference_us=0 | heap=0.3kB/105.8kB (min=105.5kB, biggest=105.5kB) | arena=3.4kB | V_bus=4.928V I_bus=57.8mA P_bus=285.2mW E_total_accum=21.147mWh
07:11:19.349 > [BENCH] IDLE | t_inference_us=0 | heap=0.3kB/105.8kB (min=105.5kB, biggest=105.5kB) | arena=3.4kB | V_bus=4.936V I_bus=57.5mA P_bus=283.9mW E_total_accum=21.307mWh
07:11:21.361 > [BENCH] IDLE | t_inference_us=0 | heap=0.3kB/105.8kB (min=105.5kB, biggest=105.5kB) | arena=3.4kB | V_bus=4.932V I_bus=57.8mA P_bus=285.2mW E_total_accum=21.467mWh
07:11:23.393 > [BENCH] IDLE | t_inference_us=0 | heap=0.3kB/105.8kB (min=105.5kB, biggest=105.5kB) | arena=3.4kB | V_bus=4.940V I_bus=57.7mA P_bus=284.6mW E_total_accum=21.626mWh
07:11:25.408 > [BENCH] IDLE | t_inference_us=0 | heap=0.3kB/105.8kB (min=105.5kB, biggest=105.5kB) | arena=3.4kB | V_bus=4.928V I_bus=57.5mA P_bus=283.7mW E_total_accum=21.785mWh
07:11:27.427 > [BENCH] IDLE | t_inference_us=0 | heap=0.3kB/105.8kB (min=105.5kB, biggest=105.5kB) | arena=3.4kB | V_bus=4.928V I_bus=57.5mA P_bus=283.6mW E_total_accum=21.944mWh
07:11:29.410 > 
07:11:29.410 > [EVENT] type=HOUR  Tin=25.50 Hin=64.30 Tout=27.70 Hout=82.70
07:11:29.410 > [infer] warmup: window 3/24 - (Invoke NOT executed)
07:11:29.436 > [SENSORS] Health IN ok=112 err=0 reinit=0 pwr=0 | OUT ok=113 err=0 reinit=0 pwr=0
07:11:30.927 > [BENCH] IDLE | t_inference_us=0 | heap=0.3kB/105.8kB (min=105.5kB, biggest=105.5kB) | arena=3.4kB | V_bus=4.932V I_bus=57.2mA P_bus=282.0mW E_total_accum=22.218mWh
07:11:32.941 > [BENCH] IDLE | t_inference_us=0 | heap=0.3kB/105.8kB (min=105.5kB, biggest=105.5kB) | arena=3.4kB | V_bus=4.936V I_bus=57.5mA P_bus=283.8mW E_total_accum=22.377mWh
07:11:34.973 > [BENCH] IDLE | t_inference_us=0 | heap=0.3kB/105.8kB (min=105.5kB, biggest=105.5kB) | arena=3.4kB | V_bus=4.936V I_bus=57.4mA P_bus=283.2mW E_total_accum=22.536mWh
07:11:36.998 > [BENCH] IDLE | t_inference_us=0 | heap=0.3kB/105.8kB (min=105.5kB, biggest=105.5kB) | arena=3.4kB | V_bus=4.928V I_bus=57.3mA P_bus=282.6mW E_total_accum=22.694mWh
07:11:39.012 > [BENCH] IDLE | t_inference_us=0 | heap=0.3kB/105.8kB (min=105.5kB, biggest=105.5kB) | arena=3.4kB | V_bus=4.932V I_bus=57.3mA P_bus=282.5mW E_total_accum=22.853mWh
07:11:41.042 > [BENCH] IDLE | t_inference_us=0 | heap=0.3kB/105.8kB (min=105.5kB, biggest=105.5kB) | arena=3.4kB | V_bus=4.936V I_bus=57.3mA P_bus=282.7mW E_total_accum=23.011mWh
07:11:43.066 > [BENCH] IDLE | t_inference_us=0 | heap=0.3kB/105.8kB (min=105.5kB, biggest=105.5kB) | arena=3.4kB | V_bus=4.932V I_bus=57.4mA P_bus=283.2mW E_total_accum=23.170mWh
07:11:45.072 > [BENCH] IDLE | t_inference_us=0 | heap=0.3kB/105.8kB (min=105.5kB, biggest=105.5kB) | arena=3.4kB | V_bus=4.924V I_bus=57.5mA P_bus=283.7mW E_total_accum=23.329mWh
07:11:47.109 > [BENCH] IDLE | t_inference_us=0 | heap=0.3kB/105.8kB (min=105.5kB, biggest=105.5kB) | arena=3.4kB | V_bus=4.932V I_bus=57.4mA P_bus=283.1mW E_total_accum=23.488mWh
07:11:49.127 > [BENCH] IDLE | t_inference_us=0 | heap=0.3kB/105.8kB (min=105.5kB, biggest=105.5kB) | arena=3.4kB | V_bus=4.936V I_bus=57.8mA P_bus=284.9mW E_total_accum=23.648mWh
07:11:51.156 > [BENCH] IDLE | t_inference_us=0 | heap=0.3kB/105.8kB (min=105.5kB, biggest=105.5kB) | arena=3.4kB | V_bus=4.932V I_bus=58.1mA P_bus=286.7mW E_total_accum=23.808mWh
07:11:53.173 > [BENCH] IDLE | t_inference_us=0 | heap=0.3kB/105.8kB (min=105.5kB, biggest=105.5kB) | arena=3.4kB | V_bus=4.932V I_bus=57.8mA P_bus=285.1mW E_total_accum=23.968mWh
07:11:55.201 > [BENCH] IDLE | t_inference_us=0 | heap=0.3kB/105.8kB (min=105.5kB, biggest=105.5kB) | arena=3.4kB | V_bus=4.932V I_bus=57.7mA P_bus=284.4mW E_total_accum=24.128mWh
07:11:57.212 > [BENCH] IDLE | t_inference_us=0 | heap=0.3kB/105.8kB (min=105.5kB, biggest=105.5kB) | arena=3.4kB | V_bus=4.924V I_bus=57.9mA P_bus=285.4mW E_total_accum=24.288mWh
07:11:59.237 > [BENCH] IDLE | t_inference_us=0 | heap=0.3kB/105.8kB (min=105.5kB, biggest=105.5kB) | arena=3.4kB | V_bus=4.932V I_bus=57.9mA P_bus=285.7mW E_total_accum=24.448mWh
07:12:01.259 > [BENCH] IDLE | t_inference_us=0 | heap=0.3kB/105.8kB (min=105.5kB, biggest=105.5kB) | arena=3.4kB | V_bus=4.940V I_bus=57.8mA P_bus=285.3mW E_total_accum=24.608mWh
07:12:03.280 > [BENCH] IDLE | t_inference_us=0 | heap=0.3kB/105.8kB (min=105.5kB, biggest=105.5kB) | arena=3.4kB | V_bus=4.928V I_bus=57.8mA P_bus=285.0mW E_total_accum=24.768mWh
07:12:05.314 > [BENCH] IDLE | t_inference_us=0 | heap=0.3kB/105.8kB (min=105.5kB, biggest=105.5kB) | arena=3.4kB | V_bus=4.936V I_bus=57.5mA P_bus=283.6mW E_total_accum=24.927mWh
07:12:07.333 > [BENCH] IDLE | t_inference_us=0 | heap=0.3kB/105.8kB (min=105.5kB, biggest=105.5kB) | arena=3.4kB | V_bus=4.936V I_bus=57.8mA P_bus=284.9mW E_total_accum=25.087mWh
07:12:09.346 > [BENCH] IDLE | t_inference_us=0 | heap=0.3kB/105.8kB (min=105.5kB, biggest=105.5kB) | arena=3.4kB | V_bus=4.940V I_bus=57.8mA P_bus=285.3mW E_total_accum=25.247mWh
07:12:11.378 > [BENCH] IDLE | t_inference_us=0 | heap=0.3kB/105.8kB (min=105.5kB, biggest=105.5kB) | arena=3.4kB | V_bus=4.932V I_bus=57.8mA P_bus=285.2mW E_total_accum=25.407mWh
07:12:13.403 > [BENCH] IDLE | t_inference_us=0 | heap=0.3kB/105.8kB (min=105.5kB, biggest=105.5kB) | arena=3.4kB | V_bus=4.932V I_bus=57.6mA P_bus=284.2mW E_total_accum=25.566mWh
07:12:15.429 > [BENCH] IDLE | t_inference_us=0 | heap=0.3kB/105.8kB (min=105.5kB, biggest=105.5kB) | arena=3.4kB | V_bus=4.932V I_bus=57.5mA P_bus=283.7mW E_total_accum=25.725mWh
07:12:17.450 > [BENCH] IDLE | t_inference_us=0 | heap=0.3kB/105.8kB (min=105.5kB, biggest=105.5kB) | arena=3.4kB | V_bus=4.936V I_bus=57.6mA P_bus=284.4mW E_total_accum=25.884mWh
07:12:19.463 > [BENCH] IDLE | t_inference_us=0 | heap=0.3kB/105.8kB (min=105.5kB, biggest=105.5kB) | arena=3.4kB | V_bus=4.940V I_bus=57.7mA P_bus=284.7mW E_total_accum=26.044mWh
07:12:21.489 > [BENCH] IDLE | t_inference_us=0 | heap=0.3kB/105.8kB (min=105.5kB, biggest=105.5kB) | arena=3.4kB | V_bus=4.908V I_bus=57.7mA P_bus=284.5mW E_total_accum=26.204mWh
07:12:23.512 > [BENCH] IDLE | t_inference_us=0 | heap=0.3kB/105.8kB (min=105.5kB, biggest=105.5kB) | arena=3.4kB | V_bus=4.912V I_bus=57.6mA P_bus=283.7mW E_total_accum=26.363mWh
07:12:25.547 > [BENCH] IDLE | t_inference_us=0 | heap=0.3kB/105.8kB (min=105.5kB, biggest=105.5kB) | arena=3.4kB | V_bus=4.904V I_bus=57.8mA P_bus=284.3mW E_total_accum=26.522mWh
07:12:27.569 > [BENCH] IDLE | t_inference_us=0 | heap=0.3kB/105.8kB (min=105.5kB, biggest=105.5kB) | arena=3.4kB | V_bus=4.896V I_bus=57.7mA P_bus=283.9mW E_total_accum=26.681mWh
07:12:29.545 > 
07:12:29.545 > [EVENT] type=HOUR  Tin=25.20 Hin=63.70 Tout=27.80 Hout=82.70
07:12:29.545 > [infer] warmup: window 4/24 - (Invoke NOT executed)
07:12:29.577 > [SENSORS] Health IN ok=141 err=0 reinit=0 pwr=0 | OUT ok=141 err=0 reinit=0 pwr=0
07:12:31.060 > [BENCH] IDLE | t_inference_us=0 | heap=0.3kB/105.8kB (min=105.5kB, biggest=105.5kB) | arena=3.4kB | V_bus=4.908V I_bus=57.6mA P_bus=282.9mW E_total_accum=26.955mWh
07:12:33.077 > [BENCH] IDLE | t_inference_us=0 | heap=0.3kB/105.8kB (min=105.5kB, biggest=105.5kB) | arena=3.4kB | V_bus=4.920V I_bus=57.3mA P_bus=281.7mW E_total_accum=27.113mWh
07:12:35.103 > [BENCH] IDLE | t_inference_us=0 | heap=0.3kB/105.8kB (min=105.5kB, biggest=105.5kB) | arena=3.4kB | V_bus=4.900V I_bus=57.4mA P_bus=281.7mW E_total_accum=27.271mWh
07:12:37.136 > [BENCH] IDLE | t_inference_us=0 | heap=0.3kB/105.8kB (min=105.5kB, biggest=105.5kB) | arena=3.4kB | V_bus=4.908V I_bus=57.6mA P_bus=282.9mW E_total_accum=27.430mWh
07:12:39.147 > [BENCH] IDLE | t_inference_us=0 | heap=0.3kB/105.8kB (min=105.5kB, biggest=105.5kB) | arena=3.4kB | V_bus=4.932V I_bus=57.4mA P_bus=281.9mW E_total_accum=27.588mWh
07:12:41.172 > [BENCH] IDLE | t_inference_us=0 | heap=0.3kB/105.8kB (min=105.5kB, biggest=105.5kB) | arena=3.4kB | V_bus=4.928V I_bus=57.5mA P_bus=282.8mW E_total_accum=27.746mWh
07:12:43.193 > [BENCH] IDLE | t_inference_us=0 | heap=0.3kB/105.8kB (min=105.5kB, biggest=105.5kB) | arena=3.4kB | V_bus=4.932V I_bus=57.3mA P_bus=282.1mW E_total_accum=27.904mWh
07:12:45.230 > [BENCH] IDLE | t_inference_us=0 | heap=0.3kB/105.8kB (min=105.5kB, biggest=105.5kB) | arena=3.4kB | V_bus=4.936V I_bus=57.5mA P_bus=282.9mW E_total_accum=28.063mWh
07:12:47.241 > [BENCH] IDLE | t_inference_us=0 | heap=0.3kB/105.8kB (min=105.5kB, biggest=105.5kB) | arena=3.4kB | V_bus=4.932V I_bus=57.7mA P_bus=284.3mW E_total_accum=28.223mWh
07:12:49.274 > [BENCH] IDLE | t_inference_us=0 | heap=0.3kB/105.8kB (min=105.5kB, biggest=105.5kB) | arena=3.4kB | V_bus=4.932V I_bus=57.5mA P_bus=283.3mW E_total_accum=28.381mWh
07:12:51.298 > [BENCH] IDLE | t_inference_us=0 | heap=0.3kB/105.8kB (min=105.5kB, biggest=105.5kB) | arena=3.4kB | V_bus=4.928V I_bus=57.3mA P_bus=282.5mW E_total_accum=28.540mWh
07:12:53.323 > [BENCH] IDLE | t_inference_us=0 | heap=0.3kB/105.8kB (min=105.5kB, biggest=105.5kB) | arena=3.4kB | V_bus=4.936V I_bus=57.5mA P_bus=283.2mW E_total_accum=28.699mWh
07:12:55.347 > [BENCH] IDLE | t_inference_us=0 | heap=0.3kB/105.8kB (min=105.5kB, biggest=105.5kB) | arena=3.4kB | V_bus=4.940V I_bus=57.4mA P_bus=283.1mW E_total_accum=28.858mWh
07:12:57.367 > [BENCH] IDLE | t_inference_us=0 | heap=0.3kB/105.8kB (min=105.5kB, biggest=105.5kB) | arena=3.4kB | V_bus=4.940V I_bus=57.6mA P_bus=284.0mW E_total_accum=29.017mWh
07:12:59.399 > [BENCH] IDLE | t_inference_us=0 | heap=0.3kB/105.8kB (min=105.5kB, biggest=105.5kB) | arena=3.4kB | V_bus=4.936V I_bus=57.4mA P_bus=283.1mW E_total_accum=29.176mWh
07:13:01.416 > [BENCH] IDLE | t_inference_us=0 | heap=0.3kB/105.8kB (min=105.5kB, biggest=105.5kB) | arena=3.4kB | V_bus=4.932V I_bus=57.2mA P_bus=282.3mW E_total_accum=29.334mWh
07:13:03.445 > [BENCH] IDLE | t_inference_us=0 | heap=0.3kB/105.8kB (min=105.5kB, biggest=105.5kB) | arena=3.4kB | V_bus=4.928V I_bus=57.1mA P_bus=281.7mW E_total_accum=29.492mWh
07:13:05.467 > [BENCH] IDLE | t_inference_us=0 | heap=0.3kB/105.8kB (min=105.5kB, biggest=105.5kB) | arena=3.4kB | V_bus=4.940V I_bus=57.1mA P_bus=281.6mW E_total_accum=29.650mWh
07:13:07.480 > [BENCH] IDLE | t_inference_us=0 | heap=0.3kB/105.8kB (min=105.5kB, biggest=105.5kB) | arena=3.4kB | V_bus=4.936V I_bus=57.1mA P_bus=282.0mW E_total_accum=29.808mWh
07:13:09.498 > [BENCH] IDLE | t_inference_us=0 | heap=0.3kB/105.8kB (min=105.5kB, biggest=105.5kB) | arena=3.4kB | V_bus=4.940V I_bus=57.3mA P_bus=282.8mW E_total_accum=29.966mWh
07:13:11.534 > [BENCH] IDLE | t_inference_us=0 | heap=0.3kB/105.8kB (min=105.5kB, biggest=105.5kB) | arena=3.4kB | V_bus=4.936V I_bus=57.4mA P_bus=283.1mW E_total_accum=30.125mWh
07:13:13.559 > [BENCH] IDLE | t_inference_us=0 | heap=0.3kB/105.8kB (min=105.5kB, biggest=105.5kB) | arena=3.4kB | V_bus=4.928V I_bus=57.2mA P_bus=282.1mW E_total_accum=30.283mWh
07:13:15.580 > [BENCH] IDLE | t_inference_us=0 | heap=0.3kB/105.8kB (min=105.5kB, biggest=105.5kB) | arena=3.4kB | V_bus=4.928V I_bus=57.1mA P_bus=281.7mW E_total_accum=30.441mWh
07:13:17.606 > [BENCH] IDLE | t_inference_us=0 | heap=0.3kB/105.8kB (min=105.5kB, biggest=105.5kB) | arena=3.4kB | V_bus=4.964V I_bus=58.4mA P_bus=288.5mW E_total_accum=30.603mWh
07:13:19.623 > [BENCH] IDLE | t_inference_us=0 | heap=0.3kB/105.8kB (min=105.5kB, biggest=105.5kB) | arena=3.4kB | V_bus=4.936V I_bus=58.0mA P_bus=286.5mW E_total_accum=30.763mWh
07:13:21.647 > [BENCH] IDLE | t_inference_us=0 | heap=0.3kB/105.8kB (min=105.5kB, biggest=105.5kB) | arena=3.4kB | V_bus=4.940V I_bus=58.1mA P_bus=286.8mW E_total_accum=30.924mWh
07:13:23.671 > [BENCH] IDLE | t_inference_us=0 | heap=0.3kB/105.8kB (min=105.5kB, biggest=105.5kB) | arena=3.4kB | V_bus=4.940V I_bus=58.0mA P_bus=286.6mW E_total_accum=31.085mWh
07:13:25.681 > [BENCH] IDLE | t_inference_us=0 | heap=0.3kB/105.8kB (min=105.5kB, biggest=105.5kB) | arena=3.4kB | V_bus=4.936V I_bus=58.2mA P_bus=287.6mW E_total_accum=31.246mWh
07:13:27.717 > [BENCH] IDLE | t_inference_us=0 | heap=0.3kB/105.8kB (min=105.5kB, biggest=105.5kB) | arena=3.4kB | V_bus=4.932V I_bus=57.9mA P_bus=285.9mW E_total_accum=31.407mWh
07:13:29.662 > 
07:13:29.662 > [EVENT] type=HOUR  Tin=24.90 Hin=62.82 Tout=27.90 Hout=82.70
07:13:29.664 > [infer] warmup: window 5/24 - (Invoke NOT executed)
07:13:29.727 > [SENSORS] Health IN ok=169 err=0 reinit=0 pwr=0 | OUT ok=169 err=0 reinit=0 pwr=0
07:13:31.181 > [BENCH] IDLE | t_inference_us=0 | heap=0.3kB/105.8kB (min=105.5kB, biggest=105.5kB) | arena=3.4kB | V_bus=4.932V I_bus=58.2mA P_bus=287.2mW E_total_accum=31.682mWh
07:13:33.194 > [BENCH] IDLE | t_inference_us=0 | heap=0.3kB/105.8kB (min=105.5kB, biggest=105.5kB) | arena=3.4kB | V_bus=4.940V I_bus=57.9mA P_bus=285.9mW E_total_accum=31.842mWh
07:13:35.212 > [BENCH] IDLE | t_inference_us=0 | heap=0.3kB/105.8kB (min=105.5kB, biggest=105.5kB) | arena=3.4kB | V_bus=4.928V I_bus=58.0mA P_bus=286.0mW E_total_accum=32.002mWh
07:13:37.241 > [BENCH] IDLE | t_inference_us=0 | heap=0.3kB/105.8kB (min=105.5kB, biggest=105.5kB) | arena=3.4kB | V_bus=4.928V I_bus=58.0mA P_bus=286.3mW E_total_accum=32.163mWh
07:13:39.271 > [BENCH] IDLE | t_inference_us=0 | heap=0.3kB/105.8kB (min=105.5kB, biggest=105.5kB) | arena=3.4kB | V_bus=4.928V I_bus=57.8mA P_bus=285.2mW E_total_accum=32.323mWh
07:13:41.293 > [BENCH] IDLE | t_inference_us=0 | heap=0.3kB/105.8kB (min=105.5kB, biggest=105.5kB) | arena=3.4kB | V_bus=4.920V I_bus=57.8mA P_bus=285.1mW E_total_accum=32.482mWh
07:13:43.317 > [BENCH] IDLE | t_inference_us=0 | heap=0.3kB/105.8kB (min=105.5kB, biggest=105.5kB) | arena=3.4kB | V_bus=4.928V I_bus=57.8mA P_bus=285.1mW E_total_accum=32.643mWh
07:13:45.332 > [BENCH] IDLE | t_inference_us=0 | heap=0.3kB/105.8kB (min=105.5kB, biggest=105.5kB) | arena=3.4kB | V_bus=4.932V I_bus=57.9mA P_bus=285.3mW E_total_accum=32.802mWh
07:13:47.358 > [BENCH] IDLE | t_inference_us=0 | heap=0.3kB/105.8kB (min=105.5kB, biggest=105.5kB) | arena=3.4kB | V_bus=4.940V I_bus=57.9mA P_bus=285.6mW E_total_accum=32.963mWh
07:13:49.378 > [BENCH] IDLE | t_inference_us=0 | heap=0.3kB/105.8kB (min=105.5kB, biggest=105.5kB) | arena=3.4kB | V_bus=4.940V I_bus=57.8mA P_bus=285.2mW E_total_accum=33.122mWh
07:13:51.406 > [BENCH] IDLE | t_inference_us=0 | heap=0.3kB/105.8kB (min=105.5kB, biggest=105.5kB) | arena=3.4kB | V_bus=4.932V I_bus=58.0mA P_bus=286.3mW E_total_accum=33.283mWh
07:13:53.426 > [BENCH] IDLE | t_inference_us=0 | heap=0.3kB/105.8kB (min=105.5kB, biggest=105.5kB) | arena=3.4kB | V_bus=4.940V I_bus=58.1mA P_bus=286.5mW E_total_accum=33.443mWh
07:13:55.441 > [BENCH] IDLE | t_inference_us=0 | heap=0.3kB/105.8kB (min=105.5kB, biggest=105.5kB) | arena=3.4kB | V_bus=4.940V I_bus=58.0mA P_bus=286.1mW E_total_accum=33.604mWh
07:13:57.460 > [BENCH] IDLE | t_inference_us=0 | heap=0.3kB/105.8kB (min=105.5kB, biggest=105.5kB) | arena=3.4kB | V_bus=4.928V I_bus=57.8mA P_bus=285.4mW E_total_accum=33.764mWh
07:13:59.497 > [BENCH] IDLE | t_inference_us=0 | heap=0.3kB/105.8kB (min=105.5kB, biggest=105.5kB) | arena=3.4kB | V_bus=4.928V I_bus=57.6mA P_bus=284.0mW E_total_accum=33.923mWh
07:14:01.511 > [BENCH] IDLE | t_inference_us=0 | heap=0.3kB/105.8kB (min=105.5kB, biggest=105.5kB) | arena=3.4kB | V_bus=4.924V I_bus=57.7mA P_bus=284.3mW E_total_accum=34.083mWh
07:14:03.543 > [BENCH] IDLE | t_inference_us=0 | heap=0.3kB/105.8kB (min=105.5kB, biggest=105.5kB) | arena=3.4kB | V_bus=4.928V I_bus=57.5mA P_bus=283.4mW E_total_accum=34.242mWh
07:14:05.564 > [BENCH] IDLE | t_inference_us=0 | heap=0.3kB/105.8kB (min=105.5kB, biggest=105.5kB) | arena=3.4kB | V_bus=4.932V I_bus=57.3mA P_bus=282.7mW E_total_accum=34.400mWh
07:14:07.576 > [BENCH] IDLE | t_inference_us=0 | heap=0.3kB/105.8kB (min=105.5kB, biggest=105.5kB) | arena=3.4kB | V_bus=4.932V I_bus=57.4mA P_bus=283.3mW E_total_accum=34.559mWh
07:14:09.601 > [BENCH] IDLE | t_inference_us=0 | heap=0.3kB/105.8kB (min=105.5kB, biggest=105.5kB) | arena=3.4kB | V_bus=4.928V I_bus=57.6mA P_bus=283.8mW E_total_accum=34.718mWh
07:14:11.636 > [BENCH] IDLE | t_inference_us=0 | heap=0.3kB/105.8kB (min=105.5kB, biggest=105.5kB) | arena=3.4kB | V_bus=4.940V I_bus=57.4mA P_bus=283.4mW E_total_accum=34.877mWh
07:14:13.658 > [BENCH] IDLE | t_inference_us=0 | heap=0.3kB/105.8kB (min=105.5kB, biggest=105.5kB) | arena=3.4kB | V_bus=4.932V I_bus=57.5mA P_bus=283.8mW E_total_accum=35.036mWh
07:14:15.684 > [BENCH] IDLE | t_inference_us=0 | heap=0.3kB/105.8kB (min=105.5kB, biggest=105.5kB) | arena=3.4kB | V_bus=4.936V I_bus=57.5mA P_bus=283.6mW E_total_accum=35.195mWh
07:14:17.695 > [BENCH] IDLE | t_inference_us=0 | heap=0.3kB/105.8kB (min=105.5kB, biggest=105.5kB) | arena=3.4kB | V_bus=4.960V I_bus=57.5mA P_bus=283.8mW E_total_accum=35.355mWh
07:14:19.726 > [BENCH] IDLE | t_inference_us=0 | heap=0.3kB/105.8kB (min=105.5kB, biggest=105.5kB) | arena=3.4kB | V_bus=4.932V I_bus=57.8mA P_bus=285.2mW E_total_accum=35.514mWh
07:14:21.748 > [BENCH] IDLE | t_inference_us=0 | heap=0.3kB/105.8kB (min=105.5kB, biggest=105.5kB) | arena=3.4kB | V_bus=4.940V I_bus=57.8mA P_bus=285.4mW E_total_accum=35.674mWh
07:14:23.765 > [BENCH] IDLE | t_inference_us=0 | heap=0.3kB/105.8kB (min=105.5kB, biggest=105.5kB) | arena=3.4kB | V_bus=4.936V I_bus=57.8mA P_bus=285.4mW E_total_accum=35.834mWh
07:14:25.792 > [BENCH] IDLE | t_inference_us=0 | heap=0.3kB/105.8kB (min=105.5kB, biggest=105.5kB) | arena=3.4kB | V_bus=4.932V I_bus=58.1mA P_bus=287.0mW E_total_accum=35.995mWh
07:14:27.805 > [BENCH] IDLE | t_inference_us=0 | heap=0.3kB/105.8kB (min=105.5kB, biggest=105.5kB) | arena=3.4kB | V_bus=4.944V I_bus=58.0mA P_bus=286.2mW E_total_accum=36.156mWh
07:14:29.792 > 
07:14:29.792 > [EVENT] type=HOUR  Tin=24.70 Hin=62.50 Tout=28.00 Hout=82.30
07:14:29.793 > [infer] warmup: window 6/24 - (Invoke NOT executed)
07:14:29.863 > [SENSORS] Health IN ok=197 err=0 reinit=0 pwr=0 | OUT ok=198 err=0 reinit=0 pwr=0
07:14:31.313 > [BENCH] IDLE | t_inference_us=0 | heap=0.3kB/105.8kB (min=105.5kB, biggest=105.5kB) | arena=3.4kB | V_bus=4.944V I_bus=58.1mA P_bus=286.8mW E_total_accum=36.435mWh
07:14:33.327 > [BENCH] IDLE | t_inference_us=0 | heap=0.3kB/105.8kB (min=105.5kB, biggest=105.5kB) | arena=3.4kB | V_bus=4.936V I_bus=58.2mA P_bus=287.6mW E_total_accum=36.596mWh
07:14:35.364 > [BENCH] IDLE | t_inference_us=0 | heap=0.3kB/105.8kB (min=105.5kB, biggest=105.5kB) | arena=3.4kB | V_bus=4.944V I_bus=57.9mA P_bus=286.1mW E_total_accum=36.756mWh
07:14:37.372 > [BENCH] IDLE | t_inference_us=0 | heap=0.3kB/105.8kB (min=105.5kB, biggest=105.5kB) | arena=3.4kB | V_bus=4.944V I_bus=57.8mA P_bus=285.8mW E_total_accum=36.916mWh
07:14:39.405 > [BENCH] IDLE | t_inference_us=0 | heap=0.3kB/105.8kB (min=105.5kB, biggest=105.5kB) | arena=3.4kB | V_bus=4.936V I_bus=57.9mA P_bus=286.0mW E_total_accum=37.077mWh
07:14:41.422 > [BENCH] IDLE | t_inference_us=0 | heap=0.3kB/105.8kB (min=105.5kB, biggest=105.5kB) | arena=3.4kB | V_bus=4.932V I_bus=57.9mA P_bus=285.7mW E_total_accum=37.237mWh
07:14:43.437 > [BENCH] IDLE | t_inference_us=0 | heap=0.3kB/105.8kB (min=105.5kB, biggest=105.5kB) | arena=3.4kB | V_bus=4.936V I_bus=57.8mA P_bus=285.5mW E_total_accum=37.397mWh
07:14:45.468 > [BENCH] IDLE | t_inference_us=0 | heap=0.3kB/105.8kB (min=105.5kB, biggest=105.5kB) | arena=3.4kB | V_bus=4.940V I_bus=57.7mA P_bus=284.8mW E_total_accum=37.557mWh
07:14:47.495 > [BENCH] IDLE | t_inference_us=0 | heap=0.3kB/105.8kB (min=105.5kB, biggest=105.5kB) | arena=3.4kB | V_bus=4.936V I_bus=57.5mA P_bus=283.7mW E_total_accum=37.716mWh
07:14:49.511 > [BENCH] IDLE | t_inference_us=0 | heap=0.3kB/105.8kB (min=105.5kB, biggest=105.5kB) | arena=3.4kB | V_bus=4.928V I_bus=57.6mA P_bus=284.2mW E_total_accum=37.875mWh
07:14:51.526 > [BENCH] IDLE | t_inference_us=0 | heap=0.3kB/105.8kB (min=105.5kB, biggest=105.5kB) | arena=3.4kB | V_bus=4.932V I_bus=57.4mA P_bus=283.2mW E_total_accum=38.034mWh
07:14:53.565 > [BENCH] IDLE | t_inference_us=0 | heap=0.3kB/105.8kB (min=105.5kB, biggest=105.5kB) | arena=3.4kB | V_bus=4.928V I_bus=57.5mA P_bus=283.9mW E_total_accum=38.193mWh
07:14:55.574 > [BENCH] IDLE | t_inference_us=0 | heap=0.3kB/105.8kB (min=105.5kB, biggest=105.5kB) | arena=3.4kB | V_bus=4.936V I_bus=57.4mA P_bus=283.1mW E_total_accum=38.351mWh
07:14:57.611 > [BENCH] IDLE | t_inference_us=0 | heap=0.3kB/105.8kB (min=105.5kB, biggest=105.5kB) | arena=3.4kB | V_bus=4.936V I_bus=57.4mA P_bus=283.3mW E_total_accum=38.510mWh
07:14:59.627 > [BENCH] IDLE | t_inference_us=0 | heap=0.3kB/105.8kB (min=105.5kB, biggest=105.5kB) | arena=3.4kB | V_bus=4.960V I_bus=58.6mA P_bus=289.6mW E_total_accum=38.673mWh
07:15:01.647 > [BENCH] IDLE | t_inference_us=0 | heap=0.3kB/105.8kB (min=105.5kB, biggest=105.5kB) | arena=3.4kB | V_bus=4.936V I_bus=58.2mA P_bus=287.6mW E_total_accum=38.834mWh
07:15:03.671 > [BENCH] IDLE | t_inference_us=0 | heap=0.3kB/105.8kB (min=105.5kB, biggest=105.5kB) | arena=3.4kB | V_bus=4.928V I_bus=58.0mA P_bus=286.5mW E_total_accum=38.995mWh
07:15:05.691 > [BENCH] IDLE | t_inference_us=0 | heap=0.3kB/105.8kB (min=105.5kB, biggest=105.5kB) | arena=3.4kB | V_bus=4.936V I_bus=57.7mA P_bus=285.1mW E_total_accum=39.155mWh
07:15:07.725 > [BENCH] IDLE | t_inference_us=0 | heap=0.3kB/105.8kB (min=105.5kB, biggest=105.5kB) | arena=3.4kB | V_bus=4.928V I_bus=57.8mA P_bus=285.4mW E_total_accum=39.315mWh
07:15:09.735 > [BENCH] IDLE | t_inference_us=0 | heap=0.3kB/105.8kB (min=105.5kB, biggest=105.5kB) | arena=3.4kB | V_bus=4.944V I_bus=57.9mA P_bus=285.9mW E_total_accum=39.475mWh
07:15:11.757 > [BENCH] IDLE | t_inference_us=0 | heap=0.3kB/105.8kB (min=105.5kB, biggest=105.5kB) | arena=3.4kB | V_bus=4.940V I_bus=58.0mA P_bus=286.4mW E_total_accum=39.635mWh
07:15:13.777 > [BENCH] IDLE | t_inference_us=0 | heap=0.3kB/105.8kB (min=105.5kB, biggest=105.5kB) | arena=3.4kB | V_bus=4.936V I_bus=58.2mA P_bus=287.4mW E_total_accum=39.796mWh
07:15:15.811 > [BENCH] IDLE | t_inference_us=0 | heap=0.3kB/105.8kB (min=105.5kB, biggest=105.5kB) | arena=3.4kB | V_bus=4.940V I_bus=58.0mA P_bus=286.6mW E_total_accum=39.957mWh
07:15:17.821 > [BENCH] IDLE | t_inference_us=0 | heap=0.3kB/105.8kB (min=105.5kB, biggest=105.5kB) | arena=3.4kB | V_bus=4.936V I_bus=58.1mA P_bus=286.7mW E_total_accum=40.118mWh
07:15:19.858 > [BENCH] IDLE | t_inference_us=0 | heap=0.3kB/105.8kB (min=105.5kB, biggest=105.5kB) | arena=3.4kB | V_bus=4.940V I_bus=57.8mA P_bus=285.5mW E_total_accum=40.278mWh
07:15:21.878 > [BENCH] IDLE | t_inference_us=0 | heap=0.3kB/105.8kB (min=105.5kB, biggest=105.5kB) | arena=3.4kB | V_bus=4.932V I_bus=57.9mA P_bus=286.0mW E_total_accum=40.439mWh
07:15:23.896 > [BENCH] IDLE | t_inference_us=0 | heap=0.3kB/105.8kB (min=105.5kB, biggest=105.5kB) | arena=3.4kB | V_bus=4.928V I_bus=58.1mA P_bus=286.7mW E_total_accum=40.599mWh
07:15:25.912 > [BENCH] IDLE | t_inference_us=0 | heap=0.3kB/105.8kB (min=105.5kB, biggest=105.5kB) | arena=3.4kB | V_bus=4.964V I_bus=58.1mA P_bus=287.0mW E_total_accum=40.760mWh
07:15:27.934 > [BENCH] IDLE | t_inference_us=0 | heap=0.3kB/105.8kB (min=105.5kB, biggest=105.5kB) | arena=3.4kB | V_bus=4.932V I_bus=57.8mA P_bus=285.5mW E_total_accum=40.920mWh
07:15:29.923 > 
07:15:29.923 > [EVENT] type=HOUR  Tin=24.60 Hin=61.70 Tout=28.00 Hout=81.80
07:15:29.928 > [infer] warmup: window 7/24 - (Invoke NOT executed)
07:15:29.987 > [SENSORS] Health IN ok=225 err=0 reinit=0 pwr=0 | OUT ok=226 err=0 reinit=0 pwr=0
07:15:31.438 > [BENCH] IDLE | t_inference_us=0 | heap=0.3kB/105.8kB (min=105.5kB, biggest=105.5kB) | arena=3.4kB | V_bus=4.936V I_bus=57.4mA P_bus=283.5mW E_total_accum=41.195mWh
07:15:33.455 > [BENCH] IDLE | t_inference_us=0 | heap=0.3kB/105.8kB (min=105.5kB, biggest=105.5kB) | arena=3.4kB | V_bus=4.924V I_bus=57.6mA P_bus=284.2mW E_total_accum=41.355mWh
07:15:35.476 > [BENCH] IDLE | t_inference_us=0 | heap=0.3kB/105.8kB (min=105.5kB, biggest=105.5kB) | arena=3.4kB | V_bus=4.928V I_bus=57.5mA P_bus=283.5mW E_total_accum=41.514mWh
07:15:37.506 > [BENCH] IDLE | t_inference_us=0 | heap=0.3kB/105.8kB (min=105.5kB, biggest=105.5kB) | arena=3.4kB | V_bus=4.928V I_bus=57.4mA P_bus=283.1mW E_total_accum=41.673mWh
07:15:39.522 > [BENCH] IDLE | t_inference_us=0 | heap=0.3kB/105.8kB (min=105.5kB, biggest=105.5kB) | arena=3.4kB | V_bus=4.928V I_bus=57.5mA P_bus=283.6mW E_total_accum=41.831mWh
07:15:41.545 > [BENCH] IDLE | t_inference_us=0 | heap=0.3kB/105.8kB (min=105.5kB, biggest=105.5kB) | arena=3.4kB | V_bus=4.936V I_bus=57.4mA P_bus=283.0mW E_total_accum=41.990mWh
07:15:43.561 > [BENCH] IDLE | t_inference_us=0 | heap=0.3kB/105.8kB (min=105.5kB, biggest=105.5kB) | arena=3.4kB | V_bus=4.932V I_bus=57.3mA P_bus=282.7mW E_total_accum=42.149mWh
07:15:45.599 > [BENCH] IDLE | t_inference_us=0 | heap=0.3kB/105.8kB (min=105.5kB, biggest=105.5kB) | arena=3.4kB | V_bus=4.928V I_bus=57.3mA P_bus=282.5mW E_total_accum=42.307mWh
07:15:47.612 > [BENCH] IDLE | t_inference_us=0 | heap=0.3kB/105.8kB (min=105.5kB, biggest=105.5kB) | arena=3.4kB | V_bus=4.932V I_bus=57.3mA P_bus=282.6mW E_total_accum=42.466mWh
07:15:49.645 > [BENCH] IDLE | t_inference_us=0 | heap=0.3kB/105.8kB (min=105.5kB, biggest=105.5kB) | arena=3.4kB | V_bus=4.928V I_bus=57.5mA P_bus=283.5mW E_total_accum=42.625mWh
07:15:51.672 > [BENCH] IDLE | t_inference_us=0 | heap=0.3kB/105.8kB (min=105.5kB, biggest=105.5kB) | arena=3.4kB | V_bus=4.932V I_bus=57.4mA P_bus=283.0mW E_total_accum=42.783mWh
07:15:53.695 > [BENCH] IDLE | t_inference_us=0 | heap=0.3kB/105.8kB (min=105.5kB, biggest=105.5kB) | arena=3.4kB | V_bus=4.924V I_bus=57.6mA P_bus=283.9mW E_total_accum=42.943mWh
07:15:55.719 > [BENCH] IDLE | t_inference_us=0 | heap=0.3kB/105.8kB (min=105.5kB, biggest=105.5kB) | arena=3.4kB | V_bus=4.928V I_bus=57.4mA P_bus=283.1mW E_total_accum=43.101mWh
07:15:57.721 > [BENCH] IDLE | t_inference_us=0 | heap=0.3kB/105.8kB (min=105.5kB, biggest=105.5kB) | arena=3.4kB | V_bus=4.932V I_bus=57.3mA P_bus=282.6mW E_total_accum=43.259mWh
07:15:59.748 > [BENCH] IDLE | t_inference_us=0 | heap=0.3kB/105.8kB (min=105.5kB, biggest=105.5kB) | arena=3.4kB | V_bus=4.932V I_bus=57.3mA P_bus=282.6mW E_total_accum=43.418mWh
07:16:01.782 > [BENCH] IDLE | t_inference_us=0 | heap=0.3kB/105.8kB (min=105.5kB, biggest=105.5kB) | arena=3.4kB | V_bus=4.932V I_bus=57.3mA P_bus=282.3mW E_total_accum=43.576mWh
07:16:03.792 > [BENCH] IDLE | t_inference_us=0 | heap=0.3kB/105.8kB (min=105.5kB, biggest=105.5kB) | arena=3.4kB | V_bus=4.932V I_bus=57.2mA P_bus=282.2mW E_total_accum=43.735mWh
07:16:05.828 > [BENCH] IDLE | t_inference_us=0 | heap=0.3kB/105.8kB (min=105.5kB, biggest=105.5kB) | arena=3.4kB | V_bus=4.924V I_bus=57.4mA P_bus=283.1mW E_total_accum=43.894mWh
07:16:07.838 > [BENCH] IDLE | t_inference_us=0 | heap=0.3kB/105.8kB (min=105.5kB, biggest=105.5kB) | arena=3.4kB | V_bus=4.928V I_bus=57.3mA P_bus=282.5mW E_total_accum=44.052mWh
07:16:09.872 > [BENCH] IDLE | t_inference_us=0 | heap=0.3kB/105.8kB (min=105.5kB, biggest=105.5kB) | arena=3.4kB | V_bus=4.936V I_bus=57.2mA P_bus=281.9mW E_total_accum=44.210mWh
07:16:11.879 > [BENCH] IDLE | t_inference_us=0 | heap=0.3kB/105.8kB (min=105.5kB, biggest=105.5kB) | arena=3.4kB | V_bus=4.932V I_bus=57.7mA P_bus=284.4mW E_total_accum=44.369mWh
07:16:13.915 > [BENCH] IDLE | t_inference_us=0 | heap=0.3kB/105.8kB (min=105.5kB, biggest=105.5kB) | arena=3.4kB | V_bus=4.940V I_bus=57.6mA P_bus=284.3mW E_total_accum=44.529mWh
07:16:15.937 > [BENCH] IDLE | t_inference_us=0 | heap=0.3kB/105.8kB (min=105.5kB, biggest=105.5kB) | arena=3.4kB | V_bus=4.940V I_bus=57.8mA P_bus=285.0mW E_total_accum=44.688mWh
07:16:17.959 > [BENCH] IDLE | t_inference_us=0 | heap=0.3kB/105.8kB (min=105.5kB, biggest=105.5kB) | arena=3.4kB | V_bus=4.936V I_bus=58.0mA P_bus=286.3mW E_total_accum=44.849mWh
07:16:19.983 > [BENCH] IDLE | t_inference_us=0 | heap=0.3kB/105.8kB (min=105.5kB, biggest=105.5kB) | arena=3.4kB | V_bus=4.936V I_bus=58.0mA P_bus=286.4mW E_total_accum=45.010mWh
07:16:22.001 > [BENCH] IDLE | t_inference_us=0 | heap=0.3kB/105.8kB (min=105.5kB, biggest=105.5kB) | arena=3.4kB | V_bus=4.932V I_bus=58.4mA P_bus=288.1mW E_total_accum=45.171mWh
07:16:24.030 > [BENCH] IDLE | t_inference_us=0 | heap=0.3kB/105.8kB (min=105.5kB, biggest=105.5kB) | arena=3.4kB | V_bus=4.932V I_bus=58.3mA P_bus=287.8mW E_total_accum=45.333mWh
07:16:26.051 > [BENCH] IDLE | t_inference_us=0 | heap=0.3kB/105.8kB (min=105.5kB, biggest=105.5kB) | arena=3.4kB | V_bus=4.936V I_bus=58.2mA P_bus=287.1mW E_total_accum=45.494mWh
07:16:28.062 > [BENCH] IDLE | t_inference_us=0 | heap=0.3kB/105.8kB (min=105.5kB, biggest=105.5kB) | arena=3.4kB | V_bus=4.932V I_bus=58.1mA P_bus=286.6mW E_total_accum=45.654mWh
07:16:30.047 > 
07:16:30.047 > [EVENT] type=HOUR  Tin=24.40 Hin=61.20 Tout=28.10 Hout=81.50
07:16:30.047 > [infer] warmup: window 8/24 - (Invoke NOT executed)
07:16:30.119 > [SENSORS] Health IN ok=254 err=0 reinit=0 pwr=0 | OUT ok=254 err=0 reinit=0 pwr=0
07:16:31.553 > [BENCH] IDLE | t_inference_us=0 | heap=0.3kB/105.8kB (min=105.5kB, biggest=105.5kB) | arena=3.4kB | V_bus=4.932V I_bus=58.1mA P_bus=286.5mW E_total_accum=45.932mWh
07:16:33.591 > [BENCH] IDLE | t_inference_us=0 | heap=0.3kB/105.8kB (min=105.5kB, biggest=105.5kB) | arena=3.4kB | V_bus=4.924V I_bus=57.9mA P_bus=285.6mW E_total_accum=46.092mWh
07:16:35.608 > [BENCH] IDLE | t_inference_us=0 | heap=0.3kB/105.8kB (min=105.5kB, biggest=105.5kB) | arena=3.4kB | V_bus=4.932V I_bus=57.8mA P_bus=284.8mW E_total_accum=46.252mWh
07:16:37.634 > [BENCH] IDLE | t_inference_us=0 | heap=0.3kB/105.8kB (min=105.5kB, biggest=105.5kB) | arena=3.4kB | V_bus=4.928V I_bus=57.9mA P_bus=285.2mW E_total_accum=46.412mWh
07:16:39.659 > [BENCH] IDLE | t_inference_us=0 | heap=0.3kB/105.8kB (min=105.5kB, biggest=105.5kB) | arena=3.4kB | V_bus=4.948V I_bus=57.7mA P_bus=284.9mW E_total_accum=46.572mWh
07:16:41.673 > [BENCH] IDLE | t_inference_us=0 | heap=0.3kB/105.8kB (min=105.5kB, biggest=105.5kB) | arena=3.4kB | V_bus=4.940V I_bus=57.9mA P_bus=285.5mW E_total_accum=46.732mWh
07:16:43.687 > [BENCH] IDLE | t_inference_us=0 | heap=0.3kB/105.8kB (min=105.5kB, biggest=105.5kB) | arena=3.4kB | V_bus=4.932V I_bus=58.2mA P_bus=287.4mW E_total_accum=46.893mWh
07:16:45.724 > [BENCH] IDLE | t_inference_us=0 | heap=0.3kB/105.8kB (min=105.5kB, biggest=105.5kB) | arena=3.4kB | V_bus=4.936V I_bus=58.1mA P_bus=286.7mW E_total_accum=47.054mWh
07:16:47.736 > [BENCH] IDLE | t_inference_us=0 | heap=0.3kB/105.8kB (min=105.5kB, biggest=105.5kB) | arena=3.4kB | V_bus=4.940V I_bus=57.8mA P_bus=285.5mW E_total_accum=47.214mWh
07:16:49.772 > [BENCH] IDLE | t_inference_us=0 | heap=0.3kB/105.8kB (min=105.5kB, biggest=105.5kB) | arena=3.4kB | V_bus=4.932V I_bus=58.1mA P_bus=286.6mW E_total_accum=47.375mWh
07:16:51.779 > [BENCH] IDLE | t_inference_us=0 | heap=0.3kB/105.8kB (min=105.5kB, biggest=105.5kB) | arena=3.4kB | V_bus=4.936V I_bus=58.1mA P_bus=286.5mW E_total_accum=47.535mWh
07:16:53.805 > [BENCH] IDLE | t_inference_us=0 | heap=0.3kB/105.8kB (min=105.5kB, biggest=105.5kB) | arena=3.4kB | V_bus=4.936V I_bus=58.3mA P_bus=287.7mW E_total_accum=47.697mWh
07:16:55.838 > [BENCH] IDLE | t_inference_us=0 | heap=0.3kB/105.8kB (min=105.5kB, biggest=105.5kB) | arena=3.4kB | V_bus=4.924V I_bus=58.4mA P_bus=288.3mW E_total_accum=47.858mWh
07:16:57.866 > [BENCH] IDLE | t_inference_us=0 | heap=0.3kB/105.8kB (min=105.5kB, biggest=105.5kB) | arena=3.4kB | V_bus=4.932V I_bus=58.1mA P_bus=286.5mW E_total_accum=48.019mWh
07:16:59.880 > [BENCH] IDLE | t_inference_us=0 | heap=0.3kB/105.8kB (min=105.5kB, biggest=105.5kB) | arena=3.4kB | V_bus=4.932V I_bus=57.9mA P_bus=285.4mW E_total_accum=48.179mWh
07:17:01.908 > [BENCH] IDLE | t_inference_us=0 | heap=0.3kB/105.8kB (min=105.5kB, biggest=105.5kB) | arena=3.4kB | V_bus=4.924V I_bus=57.9mA P_bus=285.6mW E_total_accum=48.339mWh
07:17:03.922 > [BENCH] IDLE | t_inference_us=0 | heap=0.3kB/105.8kB (min=105.5kB, biggest=105.5kB) | arena=3.4kB | V_bus=4.924V I_bus=58.0mA P_bus=285.7mW E_total_accum=48.499mWh
07:17:05.954 > [BENCH] IDLE | t_inference_us=0 | heap=0.3kB/105.8kB (min=105.5kB, biggest=105.5kB) | arena=3.4kB | V_bus=4.932V I_bus=57.7mA P_bus=284.6mW E_total_accum=48.659mWh
07:17:07.980 > [BENCH] IDLE | t_inference_us=0 | heap=0.3kB/105.8kB (min=105.5kB, biggest=105.5kB) | arena=3.4kB | V_bus=4.928V I_bus=57.9mA P_bus=285.3mW E_total_accum=48.819mWh
07:17:09.997 > [BENCH] IDLE | t_inference_us=0 | heap=0.3kB/105.8kB (min=105.5kB, biggest=105.5kB) | arena=3.4kB | V_bus=4.932V I_bus=58.3mA P_bus=287.4mW E_total_accum=48.980mWh
07:17:12.018 > [BENCH] IDLE | t_inference_us=0 | heap=0.3kB/105.8kB (min=105.5kB, biggest=105.5kB) | arena=3.4kB | V_bus=4.936V I_bus=58.2mA P_bus=287.2mW E_total_accum=49.141mWh
07:17:14.042 > [BENCH] IDLE | t_inference_us=0 | heap=0.3kB/105.8kB (min=105.5kB, biggest=105.5kB) | arena=3.4kB | V_bus=4.936V I_bus=58.1mA P_bus=286.6mW E_total_accum=49.302mWh
07:17:16.054 > [BENCH] IDLE | t_inference_us=0 | heap=0.3kB/105.8kB (min=105.5kB, biggest=105.5kB) | arena=3.4kB | V_bus=4.932V I_bus=58.1mA P_bus=286.8mW E_total_accum=49.463mWh
07:17:18.079 > [BENCH] IDLE | t_inference_us=0 | heap=0.3kB/105.8kB (min=105.5kB, biggest=105.5kB) | arena=3.4kB | V_bus=4.936V I_bus=57.9mA P_bus=285.4mW E_total_accum=49.623mWh
07:17:20.099 > [BENCH] IDLE | t_inference_us=0 | heap=0.3kB/105.8kB (min=105.5kB, biggest=105.5kB) | arena=3.4kB | V_bus=4.928V I_bus=57.9mA P_bus=285.6mW E_total_accum=49.783mWh
07:17:22.122 > [BENCH] IDLE | t_inference_us=0 | heap=0.3kB/105.8kB (min=105.5kB, biggest=105.5kB) | arena=3.4kB | V_bus=4.920V I_bus=58.0mA P_bus=286.0mW E_total_accum=49.943mWh
07:17:24.147 > [BENCH] IDLE | t_inference_us=0 | heap=0.3kB/105.8kB (min=105.5kB, biggest=105.5kB) | arena=3.4kB | V_bus=4.924V I_bus=58.0mA P_bus=286.0mW E_total_accum=50.104mWh
07:17:26.182 > [BENCH] IDLE | t_inference_us=0 | heap=0.3kB/105.8kB (min=105.5kB, biggest=105.5kB) | arena=3.4kB | V_bus=4.928V I_bus=57.8mA P_bus=284.7mW E_total_accum=50.264mWh
07:17:28.205 > [BENCH] IDLE | t_inference_us=0 | heap=0.3kB/105.8kB (min=105.5kB, biggest=105.5kB) | arena=3.4kB | V_bus=4.920V I_bus=57.9mA P_bus=285.3mW E_total_accum=50.424mWh
07:17:30.136 > 
07:17:30.136 > [EVENT] type=HOUR  Tin=24.30 Hin=60.69 Tout=28.10 Hout=80.80
07:17:30.152 > [infer] warmup: window 9/24 - (Invoke NOT executed)
07:17:30.253 > [SENSORS] Health IN ok=282 err=0 reinit=0 pwr=0 | OUT ok=282 err=0 reinit=0 pwr=0
07:17:31.662 > [BENCH] IDLE | t_inference_us=0 | heap=0.3kB/105.8kB (min=105.5kB, biggest=105.5kB) | arena=3.4kB | V_bus=4.940V I_bus=57.8mA P_bus=285.0mW E_total_accum=50.698mWh
07:17:33.684 > [BENCH] IDLE | t_inference_us=0 | heap=0.3kB/105.8kB (min=105.5kB, biggest=105.5kB) | arena=3.4kB | V_bus=4.932V I_bus=58.0mA P_bus=286.1mW E_total_accum=50.858mWh
07:17:35.704 > [BENCH] IDLE | t_inference_us=0 | heap=0.3kB/105.8kB (min=105.5kB, biggest=105.5kB) | arena=3.4kB | V_bus=4.924V I_bus=58.1mA P_bus=286.2mW E_total_accum=51.018mWh
07:17:37.737 > [BENCH] IDLE | t_inference_us=0 | heap=0.3kB/105.8kB (min=105.5kB, biggest=105.5kB) | arena=3.4kB | V_bus=4.932V I_bus=57.8mA P_bus=284.8mW E_total_accum=51.178mWh
07:17:39.756 > [BENCH] IDLE | t_inference_us=0 | heap=0.3kB/105.8kB (min=105.5kB, biggest=105.5kB) | arena=3.4kB | V_bus=4.944V I_bus=57.7mA P_bus=284.7mW E_total_accum=51.338mWh
07:17:41.774 > [BENCH] IDLE | t_inference_us=0 | heap=0.3kB/105.8kB (min=105.5kB, biggest=105.5kB) | arena=3.4kB | V_bus=4.932V I_bus=58.1mA P_bus=286.8mW E_total_accum=51.499mWh
07:17:43.804 > [BENCH] IDLE | t_inference_us=0 | heap=0.3kB/105.8kB (min=105.5kB, biggest=105.5kB) | arena=3.4kB | V_bus=4.936V I_bus=57.9mA P_bus=285.7mW E_total_accum=51.659mWh
07:17:45.819 > [BENCH] IDLE | t_inference_us=0 | heap=0.3kB/105.8kB (min=105.5kB, biggest=105.5kB) | arena=3.4kB | V_bus=4.940V I_bus=57.9mA P_bus=285.8mW E_total_accum=51.819mWh
07:17:47.851 > [BENCH] IDLE | t_inference_us=0 | heap=0.3kB/105.8kB (min=105.5kB, biggest=105.5kB) | arena=3.4kB | V_bus=4.928V I_bus=58.1mA P_bus=286.4mW E_total_accum=51.980mWh
07:17:49.863 > [BENCH] IDLE | t_inference_us=0 | heap=0.3kB/105.8kB (min=105.5kB, biggest=105.5kB) | arena=3.4kB | V_bus=4.936V I_bus=57.8mA P_bus=285.2mW E_total_accum=52.140mWh
07:17:51.875 > [BENCH] IDLE | t_inference_us=0 | heap=0.3kB/105.8kB (min=105.5kB, biggest=105.5kB) | arena=3.4kB | V_bus=4.936V I_bus=58.2mA P_bus=287.1mW E_total_accum=52.300mWh
07:17:53.902 > [BENCH] IDLE | t_inference_us=0 | heap=0.3kB/105.8kB (min=105.5kB, biggest=105.5kB) | arena=3.4kB | V_bus=4.940V I_bus=58.0mA P_bus=286.4mW E_total_accum=52.461mWh
07:17:55.938 > [BENCH] IDLE | t_inference_us=0 | heap=0.3kB/105.8kB (min=105.5kB, biggest=105.5kB) | arena=3.4kB | V_bus=4.928V I_bus=58.1mA P_bus=286.7mW E_total_accum=52.622mWh
07:17:57.960 > [BENCH] IDLE | t_inference_us=0 | heap=0.3kB/105.8kB (min=105.5kB, biggest=105.5kB) | arena=3.4kB | V_bus=4.932V I_bus=57.8mA P_bus=285.4mW E_total_accum=52.782mWh
07:17:59.973 > [BENCH] IDLE | t_inference_us=0 | heap=0.3kB/105.8kB (min=105.5kB, biggest=105.5kB) | arena=3.4kB | V_bus=4.932V I_bus=57.6mA P_bus=284.1mW E_total_accum=52.941mWh
07:18:02.006 > [BENCH] IDLE | t_inference_us=0 | heap=0.3kB/105.8kB (min=105.5kB, biggest=105.5kB) | arena=3.4kB | V_bus=4.936V I_bus=58.1mA P_bus=286.5mW E_total_accum=53.102mWh
07:18:04.018 > [BENCH] IDLE | t_inference_us=0 | heap=0.3kB/105.8kB (min=105.5kB, biggest=105.5kB) | arena=3.4kB | V_bus=4.944V I_bus=57.9mA P_bus=285.8mW E_total_accum=53.262mWh
07:18:06.050 > [BENCH] IDLE | t_inference_us=0 | heap=0.3kB/105.8kB (min=105.5kB, biggest=105.5kB) | arena=3.4kB | V_bus=4.932V I_bus=57.7mA P_bus=284.7mW E_total_accum=53.422mWh
07:18:08.065 > [BENCH] IDLE | t_inference_us=0 | heap=0.3kB/105.8kB (min=105.5kB, biggest=105.5kB) | arena=3.4kB | V_bus=4.928V I_bus=57.8mA P_bus=285.3mW E_total_accum=53.582mWh
07:18:10.096 > [BENCH] IDLE | t_inference_us=0 | heap=0.3kB/105.8kB (min=105.5kB, biggest=105.5kB) | arena=3.4kB | V_bus=4.932V I_bus=57.6mA P_bus=284.1mW E_total_accum=53.741mWh
07:18:12.110 > [BENCH] IDLE | t_inference_us=0 | heap=0.3kB/105.8kB (min=105.5kB, biggest=105.5kB) | arena=3.4kB | V_bus=4.940V I_bus=57.7mA P_bus=284.7mW E_total_accum=53.901mWh
07:18:14.146 > [BENCH] IDLE | t_inference_us=0 | heap=0.3kB/105.8kB (min=105.5kB, biggest=105.5kB) | arena=3.4kB | V_bus=4.932V I_bus=58.0mA P_bus=286.1mW E_total_accum=54.061mWh
07:18:16.158 > [BENCH] IDLE | t_inference_us=0 | heap=0.3kB/105.8kB (min=105.5kB, biggest=105.5kB) | arena=3.4kB | V_bus=4.940V I_bus=58.0mA P_bus=286.1mW E_total_accum=54.222mWh
07:18:18.180 > [BENCH] IDLE | t_inference_us=0 | heap=0.3kB/105.8kB (min=105.5kB, biggest=105.5kB) | arena=3.4kB | V_bus=4.932V I_bus=57.8mA P_bus=285.0mW E_total_accum=54.382mWh
07:18:20.202 > [BENCH] IDLE | t_inference_us=0 | heap=0.3kB/105.8kB (min=105.5kB, biggest=105.5kB) | arena=3.4kB | V_bus=4.944V I_bus=58.1mA P_bus=286.6mW E_total_accum=54.542mWh
07:18:22.233 > [BENCH] IDLE | t_inference_us=0 | heap=0.3kB/105.8kB (min=105.5kB, biggest=105.5kB) | arena=3.4kB | V_bus=4.932V I_bus=58.3mA P_bus=287.8mW E_total_accum=54.704mWh
07:18:24.246 > [BENCH] IDLE | t_inference_us=0 | heap=0.3kB/105.8kB (min=105.5kB, biggest=105.5kB) | arena=3.4kB | V_bus=4.928V I_bus=58.5mA P_bus=288.5mW E_total_accum=54.865mWh
07:18:26.276 > [BENCH] IDLE | t_inference_us=0 | heap=0.3kB/105.8kB (min=105.5kB, biggest=105.5kB) | arena=3.4kB | V_bus=4.932V I_bus=58.1mA P_bus=286.6mW E_total_accum=55.026mWh
07:18:28.289 > [BENCH] IDLE | t_inference_us=0 | heap=0.3kB/105.8kB (min=105.5kB, biggest=105.5kB) | arena=3.4kB | V_bus=4.936V I_bus=57.9mA P_bus=285.6mW E_total_accum=55.186mWh
07:18:30.276 > 
07:18:30.276 > [EVENT] type=HOUR  Tin=24.10 Hin=60.30 Tout=28.10 Hout=79.40
07:18:30.276 > [infer] warmup: window 10/24 - (Invoke NOT executed)
07:18:30.385 > [SENSORS] Health IN ok=310 err=0 reinit=0 pwr=0 | OUT ok=311 err=0 reinit=0 pwr=0
07:18:31.792 > [BENCH] IDLE | t_inference_us=0 | heap=0.3kB/105.8kB (min=105.5kB, biggest=105.5kB) | arena=3.4kB | V_bus=4.932V I_bus=57.9mA P_bus=285.6mW E_total_accum=55.463mWh
07:18:33.820 > [BENCH] IDLE | t_inference_us=0 | heap=0.3kB/105.8kB (min=105.5kB, biggest=105.5kB) | arena=3.4kB | V_bus=4.936V I_bus=57.9mA P_bus=285.8mW E_total_accum=55.623mWh
07:18:35.838 > [BENCH] IDLE | t_inference_us=0 | heap=0.3kB/105.8kB (min=105.5kB, biggest=105.5kB) | arena=3.4kB | V_bus=4.932V I_bus=58.1mA P_bus=286.9mW E_total_accum=55.784mWh
07:18:37.860 > [BENCH] IDLE | t_inference_us=0 | heap=0.3kB/105.8kB (min=105.5kB, biggest=105.5kB) | arena=3.4kB | V_bus=4.928V I_bus=57.8mA P_bus=285.2mW E_total_accum=55.944mWh
07:18:39.887 > [BENCH] IDLE | t_inference_us=0 | heap=0.3kB/105.8kB (min=105.5kB, biggest=105.5kB) | arena=3.4kB | V_bus=4.928V I_bus=57.8mA P_bus=285.1mW E_total_accum=56.104mWh
07:18:41.905 > [BENCH] IDLE | t_inference_us=0 | heap=0.3kB/105.8kB (min=105.5kB, biggest=105.5kB) | arena=3.4kB | V_bus=4.932V I_bus=57.8mA P_bus=285.2mW E_total_accum=56.264mWh
07:18:43.923 > [BENCH] IDLE | t_inference_us=0 | heap=0.3kB/105.8kB (min=105.5kB, biggest=105.5kB) | arena=3.4kB | V_bus=4.932V I_bus=57.6mA P_bus=284.1mW E_total_accum=56.423mWh
07:18:45.947 > [BENCH] IDLE | t_inference_us=0 | heap=0.3kB/105.8kB (min=105.5kB, biggest=105.5kB) | arena=3.4kB | V_bus=4.928V I_bus=58.1mA P_bus=286.3mW E_total_accum=56.584mWh
07:18:47.982 > [BENCH] IDLE | t_inference_us=0 | heap=0.3kB/105.8kB (min=105.5kB, biggest=105.5kB) | arena=3.4kB | V_bus=4.940V I_bus=58.1mA P_bus=286.6mW E_total_accum=56.745mWh
07:18:50.003 > [BENCH] IDLE | t_inference_us=0 | heap=0.3kB/105.8kB (min=105.5kB, biggest=105.5kB) | arena=3.4kB | V_bus=4.940V I_bus=58.0mA P_bus=286.3mW E_total_accum=56.905mWh
07:18:52.021 > [BENCH] IDLE | t_inference_us=0 | heap=0.3kB/105.8kB (min=105.5kB, biggest=105.5kB) | arena=3.4kB | V_bus=4.932V I_bus=57.8mA P_bus=285.4mW E_total_accum=57.065mWh
07:18:54.037 > [BENCH] IDLE | t_inference_us=0 | heap=0.3kB/105.8kB (min=105.5kB, biggest=105.5kB) | arena=3.4kB | V_bus=4.924V I_bus=58.0mA P_bus=285.8mW E_total_accum=57.225mWh
07:18:56.061 > [BENCH] IDLE | t_inference_us=0 | heap=0.3kB/105.8kB (min=105.5kB, biggest=105.5kB) | arena=3.4kB | V_bus=4.936V I_bus=57.9mA P_bus=285.6mW E_total_accum=57.385mWh
07:18:58.083 > [BENCH] IDLE | t_inference_us=0 | heap=0.3kB/105.8kB (min=105.5kB, biggest=105.5kB) | arena=3.4kB | V_bus=4.940V I_bus=57.9mA P_bus=285.5mW E_total_accum=57.545mWh
07:19:00.099 > [BENCH] IDLE | t_inference_us=0 | heap=0.3kB/105.8kB (min=105.5kB, biggest=105.5kB) | arena=3.4kB | V_bus=4.932V I_bus=58.1mA P_bus=286.9mW E_total_accum=57.706mWh
07:19:02.133 > [BENCH] IDLE | t_inference_us=0 | heap=0.3kB/105.8kB (min=105.5kB, biggest=105.5kB) | arena=3.4kB | V_bus=4.964V I_bus=58.2mA P_bus=287.3mW E_total_accum=57.867mWh
07:19:04.151 > [BENCH] IDLE | t_inference_us=0 | heap=0.3kB/105.8kB (min=105.5kB, biggest=105.5kB) | arena=3.4kB | V_bus=4.928V I_bus=57.9mA P_bus=285.7mW E_total_accum=58.027mWh
07:19:06.172 > [BENCH] IDLE | t_inference_us=0 | heap=0.3kB/105.8kB (min=105.5kB, biggest=105.5kB) | arena=3.4kB | V_bus=4.924V I_bus=57.8mA P_bus=285.4mW E_total_accum=58.187mWh
07:19:08.196 > [BENCH] IDLE | t_inference_us=0 | heap=0.3kB/105.8kB (min=105.5kB, biggest=105.5kB) | arena=3.4kB | V_bus=4.928V I_bus=57.9mA P_bus=285.9mW E_total_accum=58.348mWh
07:19:10.209 > [BENCH] IDLE | t_inference_us=0 | heap=0.3kB/105.8kB (min=105.5kB, biggest=105.5kB) | arena=3.4kB | V_bus=4.932V I_bus=57.9mA P_bus=285.5mW E_total_accum=58.508mWh
07:19:12.246 > [BENCH] IDLE | t_inference_us=0 | heap=0.3kB/105.8kB (min=105.5kB, biggest=105.5kB) | arena=3.4kB | V_bus=4.936V I_bus=58.1mA P_bus=286.9mW E_total_accum=58.669mWh
07:19:14.265 > [BENCH] IDLE | t_inference_us=0 | heap=0.3kB/105.8kB (min=105.5kB, biggest=105.5kB) | arena=3.4kB | V_bus=4.932V I_bus=58.5mA P_bus=288.6mW E_total_accum=58.831mWh
07:19:16.283 > [BENCH] IDLE | t_inference_us=0 | heap=0.3kB/105.8kB (min=105.5kB, biggest=105.5kB) | arena=3.4kB | V_bus=4.940V I_bus=58.3mA P_bus=287.7mW E_total_accum=58.992mWh
07:19:18.311 > [BENCH] IDLE | t_inference_us=0 | heap=0.3kB/105.8kB (min=105.5kB, biggest=105.5kB) | arena=3.4kB | V_bus=4.932V I_bus=58.6mA P_bus=289.0mW E_total_accum=59.154mWh
07:19:20.333 > [BENCH] IDLE | t_inference_us=0 | heap=0.3kB/105.8kB (min=105.5kB, biggest=105.5kB) | arena=3.4kB | V_bus=4.924V I_bus=58.2mA P_bus=287.2mW E_total_accum=59.315mWh
07:19:22.346 > [BENCH] IDLE | t_inference_us=0 | heap=0.3kB/105.8kB (min=105.5kB, biggest=105.5kB) | arena=3.4kB | V_bus=4.932V I_bus=57.9mA P_bus=285.5mW E_total_accum=59.475mWh
07:19:24.380 > [BENCH] IDLE | t_inference_us=0 | heap=0.3kB/105.8kB (min=105.5kB, biggest=105.5kB) | arena=3.4kB | V_bus=4.924V I_bus=58.0mA P_bus=286.1mW E_total_accum=59.636mWh
07:19:26.401 > [BENCH] IDLE | t_inference_us=0 | heap=0.3kB/105.8kB (min=105.5kB, biggest=105.5kB) | arena=3.4kB | V_bus=4.928V I_bus=58.2mA P_bus=287.0mW E_total_accum=59.796mWh
07:19:28.423 > [BENCH] IDLE | t_inference_us=0 | heap=0.3kB/105.8kB (min=105.5kB, biggest=105.5kB) | arena=3.4kB | V_bus=4.932V I_bus=58.1mA P_bus=286.6mW E_total_accum=59.957mWh
07:19:30.371 > 
07:19:30.371 > [EVENT] type=HOUR  Tin=24.20 Hin=62.54 Tout=28.20 Hout=80.70
07:19:30.371 > [infer] warmup: window 11/24 - (Invoke NOT executed)
07:19:30.515 > [SENSORS] Health IN ok=339 err=0 reinit=0 pwr=0 | OUT ok=339 err=0 reinit=0 pwr=0
07:19:31.880 > [BENCH] IDLE | t_inference_us=0 | heap=0.3kB/105.8kB (min=105.5kB, biggest=105.5kB) | arena=3.4kB | V_bus=4.928V I_bus=58.3mA P_bus=287.7mW E_total_accum=60.232mWh
07:19:33.896 > [BENCH] IDLE | t_inference_us=0 | heap=0.3kB/105.8kB (min=105.5kB, biggest=105.5kB) | arena=3.4kB | V_bus=4.940V I_bus=58.2mA P_bus=286.9mW E_total_accum=60.393mWh
07:19:35.929 > [BENCH] IDLE | t_inference_us=0 | heap=0.3kB/105.8kB (min=105.5kB, biggest=105.5kB) | arena=3.4kB | V_bus=4.932V I_bus=58.2mA P_bus=287.0mW E_total_accum=60.554mWh
07:19:37.952 > [BENCH] IDLE | t_inference_us=0 | heap=0.3kB/105.8kB (min=105.5kB, biggest=105.5kB) | arena=3.4kB | V_bus=4.932V I_bus=57.9mA P_bus=285.8mW E_total_accum=60.714mWh
07:19:39.974 > [BENCH] IDLE | t_inference_us=0 | heap=0.3kB/105.8kB (min=105.5kB, biggest=105.5kB) | arena=3.4kB | V_bus=4.928V I_bus=57.9mA P_bus=285.5mW E_total_accum=60.874mWh
07:19:41.991 > [BENCH] IDLE | t_inference_us=0 | heap=0.3kB/105.8kB (min=105.5kB, biggest=105.5kB) | arena=3.4kB | V_bus=4.924V I_bus=57.9mA P_bus=285.7mW E_total_accum=61.034mWh
07:19:44.015 > [BENCH] IDLE | t_inference_us=0 | heap=0.3kB/105.8kB (min=105.5kB, biggest=105.5kB) | arena=3.4kB | V_bus=4.940V I_bus=58.0mA P_bus=286.2mW E_total_accum=61.195mWh
07:19:46.042 > [BENCH] IDLE | t_inference_us=0 | heap=0.3kB/105.8kB (min=105.5kB, biggest=105.5kB) | arena=3.4kB | V_bus=4.932V I_bus=58.3mA P_bus=287.3mW E_total_accum=61.356mWh
07:19:48.065 > [BENCH] IDLE | t_inference_us=0 | heap=0.3kB/105.8kB (min=105.5kB, biggest=105.5kB) | arena=3.4kB | V_bus=4.936V I_bus=58.1mA P_bus=286.5mW E_total_accum=61.517mWh
07:19:50.089 > [BENCH] IDLE | t_inference_us=0 | heap=0.3kB/105.8kB (min=105.5kB, biggest=105.5kB) | arena=3.4kB | V_bus=4.936V I_bus=58.3mA P_bus=287.5mW E_total_accum=61.678mWh
07:19:52.108 > [BENCH] IDLE | t_inference_us=0 | heap=0.3kB/105.8kB (min=105.5kB, biggest=105.5kB) | arena=3.4kB | V_bus=4.920V I_bus=58.3mA P_bus=287.4mW E_total_accum=61.839mWh
07:19:54.123 > [BENCH] IDLE | t_inference_us=0 | heap=0.3kB/105.8kB (min=105.5kB, biggest=105.5kB) | arena=3.4kB | V_bus=4.928V I_bus=58.0mA P_bus=285.9mW E_total_accum=62.000mWh
07:19:56.141 > [BENCH] IDLE | t_inference_us=0 | heap=0.3kB/105.8kB (min=105.5kB, biggest=105.5kB) | arena=3.4kB | V_bus=4.936V I_bus=57.9mA P_bus=285.4mW E_total_accum=62.159mWh
07:19:58.174 > [BENCH] IDLE | t_inference_us=0 | heap=0.3kB/105.8kB (min=105.5kB, biggest=105.5kB) | arena=3.4kB | V_bus=4.932V I_bus=58.3mA P_bus=287.3mW E_total_accum=62.321mWh
07:20:00.203 > [BENCH] IDLE | t_inference_us=0 | heap=0.3kB/105.8kB (min=105.5kB, biggest=105.5kB) | arena=3.4kB | V_bus=4.936V I_bus=58.1mA P_bus=286.7mW E_total_accum=62.482mWh
07:20:02.221 > [BENCH] IDLE | t_inference_us=0 | heap=0.3kB/105.8kB (min=105.5kB, biggest=105.5kB) | arena=3.4kB | V_bus=4.932V I_bus=57.9mA P_bus=285.6mW E_total_accum=62.641mWh
07:20:04.237 > [BENCH] IDLE | t_inference_us=0 | heap=0.3kB/105.8kB (min=105.5kB, biggest=105.5kB) | arena=3.4kB | V_bus=4.928V I_bus=57.8mA P_bus=284.9mW E_total_accum=62.801mWh
07:20:06.265 > [BENCH] IDLE | t_inference_us=0 | heap=0.3kB/105.8kB (min=105.5kB, biggest=105.5kB) | arena=3.4kB | V_bus=4.932V I_bus=57.6mA P_bus=283.9mW E_total_accum=62.960mWh
07:20:08.287 > [BENCH] IDLE | t_inference_us=0 | heap=0.3kB/105.8kB (min=105.5kB, biggest=105.5kB) | arena=3.4kB | V_bus=4.924V I_bus=57.8mA P_bus=284.9mW E_total_accum=63.120mWh
07:20:10.306 > [BENCH] IDLE | t_inference_us=0 | heap=0.3kB/105.8kB (min=105.5kB, biggest=105.5kB) | arena=3.4kB | V_bus=4.932V I_bus=58.0mA P_bus=285.9mW E_total_accum=63.281mWh
07:20:12.322 > [BENCH] IDLE | t_inference_us=0 | heap=0.3kB/105.8kB (min=105.5kB, biggest=105.5kB) | arena=3.4kB | V_bus=4.936V I_bus=57.8mA P_bus=284.8mW E_total_accum=63.440mWh
07:20:14.340 > [BENCH] IDLE | t_inference_us=0 | heap=0.3kB/105.8kB (min=105.5kB, biggest=105.5kB) | arena=3.4kB | V_bus=4.928V I_bus=57.7mA P_bus=284.7mW E_total_accum=63.600mWh
07:20:16.370 > [BENCH] IDLE | t_inference_us=0 | heap=0.3kB/105.8kB (min=105.5kB, biggest=105.5kB) | arena=3.4kB | V_bus=4.920V I_bus=57.9mA P_bus=285.3mW E_total_accum=63.760mWh
07:20:18.386 > [BENCH] IDLE | t_inference_us=0 | heap=0.3kB/105.8kB (min=105.5kB, biggest=105.5kB) | arena=3.4kB | V_bus=4.928V I_bus=57.7mA P_bus=284.2mW E_total_accum=63.919mWh
07:20:20.420 > [BENCH] IDLE | t_inference_us=0 | heap=0.3kB/105.8kB (min=105.5kB, biggest=105.5kB) | arena=3.4kB | V_bus=4.928V I_bus=57.6mA P_bus=284.0mW E_total_accum=64.078mWh
07:20:22.430 > [BENCH] IDLE | t_inference_us=0 | heap=0.3kB/105.8kB (min=105.5kB, biggest=105.5kB) | arena=3.4kB | V_bus=4.936V I_bus=57.6mA P_bus=283.9mW E_total_accum=64.238mWh
07:20:24.464 > [BENCH] IDLE | t_inference_us=0 | heap=0.3kB/105.8kB (min=105.5kB, biggest=105.5kB) | arena=3.4kB | V_bus=4.940V I_bus=57.6mA P_bus=284.0mW E_total_accum=64.397mWh
07:20:26.484 > [BENCH] IDLE | t_inference_us=0 | heap=0.3kB/105.8kB (min=105.5kB, biggest=105.5kB) | arena=3.4kB | V_bus=4.928V I_bus=57.9mA P_bus=285.6mW E_total_accum=64.557mWh
07:20:28.501 > [BENCH] IDLE | t_inference_us=0 | heap=0.3kB/105.8kB (min=105.5kB, biggest=105.5kB) | arena=3.4kB | V_bus=4.928V I_bus=57.9mA P_bus=285.4mW E_total_accum=64.717mWh
07:20:30.493 > 
07:20:30.493 > [EVENT] type=HOUR  Tin=24.20 Hin=61.29 Tout=28.20 Hout=80.10
07:20:30.493 > [infer] warmup: window 12/24 - (Invoke NOT executed)
07:20:30.635 > [SENSORS] Health IN ok=367 err=0 reinit=0 pwr=0 | OUT ok=367 err=0 reinit=0 pwr=0
07:20:32.009 > [BENCH] IDLE | t_inference_us=0 | heap=0.3kB/105.8kB (min=105.5kB, biggest=105.5kB) | arena=3.4kB | V_bus=4.932V I_bus=58.1mA P_bus=286.4mW E_total_accum=64.993mWh
07:20:34.031 > [BENCH] IDLE | t_inference_us=0 | heap=0.3kB/105.8kB (min=105.5kB, biggest=105.5kB) | arena=3.4kB | V_bus=4.940V I_bus=58.0mA P_bus=286.0mW E_total_accum=65.154mWh
07:20:36.049 > [BENCH] IDLE | t_inference_us=0 | heap=0.3kB/105.8kB (min=105.5kB, biggest=105.5kB) | arena=3.4kB | V_bus=4.932V I_bus=58.2mA P_bus=287.1mW E_total_accum=65.315mWh
07:20:38.066 > [BENCH] IDLE | t_inference_us=0 | heap=0.3kB/105.8kB (min=105.5kB, biggest=105.5kB) | arena=3.4kB | V_bus=4.928V I_bus=57.9mA P_bus=285.6mW E_total_accum=65.475mWh
07:20:40.100 > [BENCH] IDLE | t_inference_us=0 | heap=0.3kB/105.8kB (min=105.5kB, biggest=105.5kB) | arena=3.4kB | V_bus=4.924V I_bus=57.7mA P_bus=284.4mW E_total_accum=65.635mWh
07:20:42.116 > [BENCH] IDLE | t_inference_us=0 | heap=0.3kB/105.8kB (min=105.5kB, biggest=105.5kB) | arena=3.4kB | V_bus=4.940V I_bus=57.9mA P_bus=285.5mW E_total_accum=65.795mWh
07:20:44.129 > [BENCH] IDLE | t_inference_us=0 | heap=0.3kB/105.8kB (min=105.5kB, biggest=105.5kB) | arena=3.4kB | V_bus=4.932V I_bus=57.9mA P_bus=285.8mW E_total_accum=65.955mWh
07:20:46.163 > [BENCH] IDLE | t_inference_us=0 | heap=0.3kB/105.8kB (min=105.5kB, biggest=105.5kB) | arena=3.4kB | V_bus=4.932V I_bus=57.8mA P_bus=285.2mW E_total_accum=66.115mWh
07:20:48.181 > [BENCH] IDLE | t_inference_us=0 | heap=0.3kB/105.8kB (min=105.5kB, biggest=105.5kB) | arena=3.4kB | V_bus=4.924V I_bus=57.9mA P_bus=285.6mW E_total_accum=66.275mWh
07:20:50.197 > [BENCH] IDLE | t_inference_us=0 | heap=0.3kB/105.8kB (min=105.5kB, biggest=105.5kB) | arena=3.4kB | V_bus=4.932V I_bus=57.7mA P_bus=284.6mW E_total_accum=66.435mWh
07:20:52.235 > [BENCH] IDLE | t_inference_us=0 | heap=0.3kB/105.8kB (min=105.5kB, biggest=105.5kB) | arena=3.4kB | V_bus=4.932V I_bus=57.6mA P_bus=283.8mW E_total_accum=66.594mWh
07:20:54.243 > [BENCH] IDLE | t_inference_us=0 | heap=0.3kB/105.8kB (min=105.5kB, biggest=105.5kB) | arena=3.4kB | V_bus=4.932V I_bus=58.0mA P_bus=286.0mW E_total_accum=66.754mWh
07:20:56.276 > [BENCH] IDLE | t_inference_us=0 | heap=0.3kB/105.8kB (min=105.5kB, biggest=105.5kB) | arena=3.4kB | V_bus=4.936V I_bus=57.8mA P_bus=284.9mW E_total_accum=66.914mWh
07:20:58.292 > [BENCH] IDLE | t_inference_us=0 | heap=0.3kB/105.8kB (min=105.5kB, biggest=105.5kB) | arena=3.4kB | V_bus=4.932V I_bus=57.7mA P_bus=284.3mW E_total_accum=67.073mWh
07:21:00.326 > [BENCH] IDLE | t_inference_us=0 | heap=0.3kB/105.8kB (min=105.5kB, biggest=105.5kB) | arena=3.4kB | V_bus=4.928V I_bus=57.7mA P_bus=284.7mW E_total_accum=67.233mWh
07:21:02.343 > [BENCH] IDLE | t_inference_us=0 | heap=0.3kB/105.8kB (min=105.5kB, biggest=105.5kB) | arena=3.4kB | V_bus=4.932V I_bus=57.6mA P_bus=283.9mW E_total_accum=67.392mWh
07:21:04.361 > [BENCH] IDLE | t_inference_us=0 | heap=0.3kB/105.8kB (min=105.5kB, biggest=105.5kB) | arena=3.4kB | V_bus=4.924V I_bus=57.7mA P_bus=284.6mW E_total_accum=67.552mWh
07:21:06.392 > [BENCH] IDLE | t_inference_us=0 | heap=0.3kB/105.8kB (min=105.5kB, biggest=105.5kB) | arena=3.4kB | V_bus=4.932V I_bus=57.5mA P_bus=283.6mW E_total_accum=67.711mWh
07:21:08.425 > [BENCH] IDLE | t_inference_us=0 | heap=0.3kB/105.8kB (min=105.5kB, biggest=105.5kB) | arena=3.4kB | V_bus=4.932V I_bus=57.9mA P_bus=285.3mW E_total_accum=67.871mWh
07:21:10.449 > [BENCH] IDLE | t_inference_us=0 | heap=0.3kB/105.8kB (min=105.5kB, biggest=105.5kB) | arena=3.4kB | V_bus=4.940V I_bus=57.9mA P_bus=285.7mW E_total_accum=68.032mWh
07:21:12.468 > [BENCH] IDLE | t_inference_us=0 | heap=0.3kB/105.8kB (min=105.5kB, biggest=105.5kB) | arena=3.4kB | V_bus=4.964V I_bus=57.9mA P_bus=286.0mW E_total_accum=68.192mWh
07:21:14.482 > [BENCH] IDLE | t_inference_us=0 | heap=0.3kB/105.8kB (min=105.5kB, biggest=105.5kB) | arena=3.4kB | V_bus=4.932V I_bus=57.7mA P_bus=284.9mW E_total_accum=68.352mWh
07:21:16.504 > [BENCH] IDLE | t_inference_us=0 | heap=0.3kB/105.8kB (min=105.5kB, biggest=105.5kB) | arena=3.4kB | V_bus=4.928V I_bus=57.7mA P_bus=284.7mW E_total_accum=68.511mWh
07:21:18.530 > [BENCH] IDLE | t_inference_us=0 | heap=0.3kB/105.8kB (min=105.5kB, biggest=105.5kB) | arena=3.4kB | V_bus=4.932V I_bus=57.9mA P_bus=286.0mW E_total_accum=68.672mWh
07:21:20.556 > [BENCH] IDLE | t_inference_us=0 | heap=0.3kB/105.8kB (min=105.5kB, biggest=105.5kB) | arena=3.4kB | V_bus=4.940V I_bus=58.0mA P_bus=286.2mW E_total_accum=68.832mWh
07:21:22.572 > [BENCH] IDLE | t_inference_us=0 | heap=0.3kB/105.8kB (min=105.5kB, biggest=105.5kB) | arena=3.4kB | V_bus=4.932V I_bus=58.0mA P_bus=286.5mW E_total_accum=68.993mWh
07:21:24.589 > [BENCH] IDLE | t_inference_us=0 | heap=0.3kB/105.8kB (min=105.5kB, biggest=105.5kB) | arena=3.4kB | V_bus=4.968V I_bus=57.1mA P_bus=282.3mW E_total_accum=69.151mWh
07:21:26.608 > [BENCH] IDLE | t_inference_us=0 | heap=0.3kB/105.8kB (min=105.5kB, biggest=105.5kB) | arena=3.4kB | V_bus=4.932V I_bus=57.1mA P_bus=281.9mW E_total_accum=69.309mWh
07:21:28.637 > [BENCH] IDLE | t_inference_us=0 | heap=0.3kB/105.8kB (min=105.5kB, biggest=105.5kB) | arena=3.4kB | V_bus=4.924V I_bus=57.3mA P_bus=283.0mW E_total_accum=69.468mWh
07:21:30.627 > 
07:21:30.627 > [EVENT] type=HOUR  Tin=24.50 Hin=63.08 Tout=28.30 Hout=80.80
07:21:30.630 > [infer] warmup: window 13/24 - (Invoke NOT executed)
07:21:30.758 > [SENSORS] Health IN ok=395 err=0 reinit=0 pwr=0 | OUT ok=395 err=0 reinit=0 pwr=0
07:21:32.131 > [BENCH] IDLE | t_inference_us=0 | heap=0.3kB/105.8kB (min=105.5kB, biggest=105.5kB) | arena=3.4kB | V_bus=4.936V I_bus=57.7mA P_bus=284.6mW E_total_accum=69.743mWh
07:21:34.167 > [BENCH] IDLE | t_inference_us=0 | heap=0.3kB/105.8kB (min=105.5kB, biggest=105.5kB) | arena=3.4kB | V_bus=4.940V I_bus=57.8mA P_bus=285.4mW E_total_accum=69.903mWh
07:21:36.196 > [BENCH] IDLE | t_inference_us=0 | heap=0.3kB/105.8kB (min=105.5kB, biggest=105.5kB) | arena=3.4kB | V_bus=4.940V I_bus=58.0mA P_bus=286.4mW E_total_accum=70.064mWh
07:21:38.210 > [BENCH] IDLE | t_inference_us=0 | heap=0.3kB/105.8kB (min=105.5kB, biggest=105.5kB) | arena=3.4kB | V_bus=4.932V I_bus=58.0mA P_bus=286.4mW E_total_accum=70.224mWh
07:21:40.238 > [BENCH] IDLE | t_inference_us=0 | heap=0.3kB/105.8kB (min=105.5kB, biggest=105.5kB) | arena=3.4kB | V_bus=4.936V I_bus=57.9mA P_bus=285.8mW E_total_accum=70.385mWh
07:21:42.253 > [BENCH] IDLE | t_inference_us=0 | heap=0.3kB/105.8kB (min=105.5kB, biggest=105.5kB) | arena=3.4kB | V_bus=4.928V I_bus=58.0mA P_bus=286.0mW E_total_accum=70.545mWh
07:21:44.269 > [BENCH] IDLE | t_inference_us=0 | heap=0.3kB/105.8kB (min=105.5kB, biggest=105.5kB) | arena=3.4kB | V_bus=4.928V I_bus=58.0mA P_bus=286.0mW E_total_accum=70.705mWh
07:21:46.304 > [BENCH] IDLE | t_inference_us=0 | heap=0.3kB/105.8kB (min=105.5kB, biggest=105.5kB) | arena=3.4kB | V_bus=4.936V I_bus=57.7mA P_bus=284.8mW E_total_accum=70.865mWh
07:21:48.328 > [BENCH] IDLE | t_inference_us=0 | heap=0.3kB/105.8kB (min=105.5kB, biggest=105.5kB) | arena=3.4kB | V_bus=4.928V I_bus=57.9mA P_bus=285.6mW E_total_accum=71.025mWh
07:21:50.347 > [BENCH] IDLE | t_inference_us=0 | heap=0.3kB/105.8kB (min=105.5kB, biggest=105.5kB) | arena=3.4kB | V_bus=4.936V I_bus=57.7mA P_bus=284.4mW E_total_accum=71.185mWh
07:21:52.366 > [BENCH] IDLE | t_inference_us=0 | heap=0.3kB/105.8kB (min=105.5kB, biggest=105.5kB) | arena=3.4kB | V_bus=4.936V I_bus=58.1mA P_bus=286.6mW E_total_accum=71.345mWh
07:21:54.401 > [BENCH] IDLE | t_inference_us=0 | heap=0.3kB/105.8kB (min=105.5kB, biggest=105.5kB) | arena=3.4kB | V_bus=4.940V I_bus=58.1mA P_bus=286.8mW E_total_accum=71.506mWh
07:21:56.417 > [BENCH] IDLE | t_inference_us=0 | heap=0.3kB/105.8kB (min=105.5kB, biggest=105.5kB) | arena=3.4kB | V_bus=4.940V I_bus=58.1mA P_bus=286.7mW E_total_accum=71.667mWh
07:21:58.438 > [BENCH] IDLE | t_inference_us=0 | heap=0.3kB/105.8kB (min=105.5kB, biggest=105.5kB) | arena=3.4kB | V_bus=4.936V I_bus=57.9mA P_bus=286.0mW E_total_accum=71.827mWh
07:22:00.466 > [BENCH] IDLE | t_inference_us=0 | heap=0.3kB/105.8kB (min=105.5kB, biggest=105.5kB) | arena=3.4kB | V_bus=4.940V I_bus=57.7mA P_bus=284.8mW E_total_accum=71.987mWh
07:22:02.479 > [BENCH] IDLE | t_inference_us=0 | heap=0.3kB/105.8kB (min=105.5kB, biggest=105.5kB) | arena=3.4kB | V_bus=4.928V I_bus=58.0mA P_bus=286.3mW E_total_accum=72.147mWh
07:22:04.495 > [BENCH] IDLE | t_inference_us=0 | heap=0.3kB/105.8kB (min=105.5kB, biggest=105.5kB) | arena=3.4kB | V_bus=4.932V I_bus=57.8mA P_bus=285.0mW E_total_accum=72.307mWh
07:22:06.531 > [BENCH] IDLE | t_inference_us=0 | heap=0.3kB/105.8kB (min=105.5kB, biggest=105.5kB) | arena=3.4kB | V_bus=4.928V I_bus=57.6mA P_bus=284.0mW E_total_accum=72.466mWh
07:22:08.557 > [BENCH] IDLE | t_inference_us=0 | heap=0.3kB/105.8kB (min=105.5kB, biggest=105.5kB) | arena=3.4kB | V_bus=4.932V I_bus=57.4mA P_bus=283.3mW E_total_accum=72.625mWh
07:22:10.578 > [BENCH] IDLE | t_inference_us=0 | heap=0.3kB/105.8kB (min=105.5kB, biggest=105.5kB) | arena=3.4kB | V_bus=4.932V I_bus=57.2mA P_bus=282.4mW E_total_accum=72.784mWh
07:22:12.595 > [BENCH] IDLE | t_inference_us=0 | heap=0.3kB/105.8kB (min=105.5kB, biggest=105.5kB) | arena=3.4kB | V_bus=4.928V I_bus=57.4mA P_bus=283.2mW E_total_accum=72.943mWh
07:22:14.611 > [BENCH] IDLE | t_inference_us=0 | heap=0.3kB/105.8kB (min=105.5kB, biggest=105.5kB) | arena=3.4kB | V_bus=4.928V I_bus=57.3mA P_bus=282.3mW E_total_accum=73.101mWh
07:22:16.648 > [BENCH] IDLE | t_inference_us=0 | heap=0.3kB/105.8kB (min=105.5kB, biggest=105.5kB) | arena=3.4kB | V_bus=4.924V I_bus=57.5mA P_bus=283.3mW E_total_accum=73.260mWh
07:22:18.663 > [BENCH] IDLE | t_inference_us=0 | heap=0.3kB/105.8kB (min=105.5kB, biggest=105.5kB) | arena=3.4kB | V_bus=4.928V I_bus=57.4mA P_bus=283.0mW E_total_accum=73.418mWh
07:22:20.686 > [BENCH] IDLE | t_inference_us=0 | heap=0.3kB/105.8kB (min=105.5kB, biggest=105.5kB) | arena=3.4kB | V_bus=4.928V I_bus=57.3mA P_bus=282.4mW E_total_accum=73.577mWh
07:22:22.708 > [BENCH] IDLE | t_inference_us=0 | heap=0.3kB/105.8kB (min=105.5kB, biggest=105.5kB) | arena=3.4kB | V_bus=4.928V I_bus=57.3mA P_bus=282.4mW E_total_accum=73.735mWh
07:22:24.736 > [BENCH] IDLE | t_inference_us=0 | heap=0.3kB/105.8kB (min=105.5kB, biggest=105.5kB) | arena=3.4kB | V_bus=4.928V I_bus=57.2mA P_bus=282.1mW E_total_accum=73.893mWh
07:22:26.761 > [BENCH] IDLE | t_inference_us=0 | heap=0.3kB/105.8kB (min=105.5kB, biggest=105.5kB) | arena=3.4kB | V_bus=4.928V I_bus=57.4mA P_bus=283.1mW E_total_accum=74.052mWh
07:22:28.782 > [BENCH] IDLE | t_inference_us=0 | heap=0.3kB/105.8kB (min=105.5kB, biggest=105.5kB) | arena=3.4kB | V_bus=4.928V I_bus=57.3mA P_bus=282.6mW E_total_accum=74.210mWh
07:22:30.728 > 
07:22:30.729 > [EVENT] type=HOUR  Tin=25.10 Hin=72.68 Tout=28.40 Hout=80.00
07:22:30.733 > [infer] warmup: window 14/24 - (Invoke NOT executed)
07:22:30.913 > [SENSORS] Health IN ok=423 err=0 reinit=0 pwr=0 | OUT ok=424 err=0 reinit=0 pwr=0
07:22:32.239 > [BENCH] IDLE | t_inference_us=0 | heap=0.3kB/105.8kB (min=105.5kB, biggest=105.5kB) | arena=3.4kB | V_bus=4.932V I_bus=57.5mA P_bus=283.7mW E_total_accum=74.482mWh
07:22:34.266 > [BENCH] IDLE | t_inference_us=0 | heap=0.3kB/105.8kB (min=105.5kB, biggest=105.5kB) | arena=3.4kB | V_bus=4.932V I_bus=57.5mA P_bus=283.7mW E_total_accum=74.641mWh
07:22:36.275 > [BENCH] IDLE | t_inference_us=0 | heap=0.3kB/105.8kB (min=105.5kB, biggest=105.5kB) | arena=3.4kB | V_bus=4.940V I_bus=57.4mA P_bus=283.1mW E_total_accum=74.799mWh
07:22:38.308 > [BENCH] IDLE | t_inference_us=0 | heap=0.3kB/105.8kB (min=105.5kB, biggest=105.5kB) | arena=3.4kB | V_bus=4.932V I_bus=57.8mA P_bus=284.8mW E_total_accum=74.959mWh
07:22:40.332 > [BENCH] IDLE | t_inference_us=0 | heap=0.3kB/105.8kB (min=105.5kB, biggest=105.5kB) | arena=3.4kB | V_bus=4.940V I_bus=57.7mA P_bus=284.7mW E_total_accum=75.119mWh
07:22:42.354 > [BENCH] IDLE | t_inference_us=0 | heap=0.3kB/105.8kB (min=105.5kB, biggest=105.5kB) | arena=3.4kB | V_bus=4.932V I_bus=58.1mA P_bus=286.5mW E_total_accum=75.280mWh
07:22:44.372 > [BENCH] IDLE | t_inference_us=0 | heap=0.3kB/105.8kB (min=105.5kB, biggest=105.5kB) | arena=3.4kB | V_bus=4.940V I_bus=58.0mA P_bus=286.0mW E_total_accum=75.440mWh
07:22:46.405 > [BENCH] IDLE | t_inference_us=0 | heap=0.3kB/105.8kB (min=105.5kB, biggest=105.5kB) | arena=3.4kB | V_bus=4.928V I_bus=58.0mA P_bus=286.1mW E_total_accum=75.601mWh
07:22:48.424 > [BENCH] IDLE | t_inference_us=0 | heap=0.3kB/105.8kB (min=105.5kB, biggest=105.5kB) | arena=3.4kB | V_bus=4.936V I_bus=57.7mA P_bus=284.6mW E_total_accum=75.760mWh
07:22:50.441 > [BENCH] IDLE | t_inference_us=0 | heap=0.3kB/105.8kB (min=105.5kB, biggest=105.5kB) | arena=3.4kB | V_bus=4.932V I_bus=57.6mA P_bus=284.3mW E_total_accum=75.919mWh
07:22:52.475 > [BENCH] IDLE | t_inference_us=0 | heap=0.3kB/105.8kB (min=105.5kB, biggest=105.5kB) | arena=3.4kB | V_bus=4.932V I_bus=57.4mA P_bus=283.1mW E_total_accum=76.078mWh
07:22:54.486 > [BENCH] IDLE | t_inference_us=0 | heap=0.3kB/105.8kB (min=105.5kB, biggest=105.5kB) | arena=3.4kB | V_bus=4.936V I_bus=57.2mA P_bus=282.3mW E_total_accum=76.236mWh
07:22:56.519 > [BENCH] IDLE | t_inference_us=0 | heap=0.3kB/105.8kB (min=105.5kB, biggest=105.5kB) | arena=3.4kB | V_bus=4.924V I_bus=57.4mA P_bus=283.0mW E_total_accum=76.395mWh
07:22:58.538 > [BENCH] IDLE | t_inference_us=0 | heap=0.3kB/105.8kB (min=105.5kB, biggest=105.5kB) | arena=3.4kB | V_bus=4.928V I_bus=57.2mA P_bus=282.1mW E_total_accum=76.553mWh
07:23:00.555 > [BENCH] IDLE | t_inference_us=0 | heap=0.3kB/105.8kB (min=105.5kB, biggest=105.5kB) | arena=3.4kB | V_bus=4.924V I_bus=57.4mA P_bus=282.9mW E_total_accum=76.712mWh
07:23:02.588 > [BENCH] IDLE | t_inference_us=0 | heap=0.3kB/105.8kB (min=105.5kB, biggest=105.5kB) | arena=3.4kB | V_bus=4.928V I_bus=57.3mA P_bus=282.4mW E_total_accum=76.870mWh
07:23:04.600 > [BENCH] IDLE | t_inference_us=0 | heap=0.3kB/105.8kB (min=105.5kB, biggest=105.5kB) | arena=3.4kB | V_bus=4.936V I_bus=57.4mA P_bus=283.1mW E_total_accum=77.029mWh
07:23:06.619 > [BENCH] IDLE | t_inference_us=0 | heap=0.3kB/105.8kB (min=105.5kB, biggest=105.5kB) | arena=3.4kB | V_bus=4.932V I_bus=57.3mA P_bus=282.5mW E_total_accum=77.187mWh
07:23:08.637 > [BENCH] IDLE | t_inference_us=0 | heap=0.3kB/105.8kB (min=105.5kB, biggest=105.5kB) | arena=3.4kB | V_bus=4.928V I_bus=57.6mA P_bus=284.1mW E_total_accum=77.346mWh
07:23:10.669 > [BENCH] IDLE | t_inference_us=0 | heap=0.3kB/105.8kB (min=105.5kB, biggest=105.5kB) | arena=3.4kB | V_bus=4.936V I_bus=57.6mA P_bus=284.1mW E_total_accum=77.506mWh
07:23:12.687 > [BENCH] IDLE | t_inference_us=0 | heap=0.3kB/105.8kB (min=105.5kB, biggest=105.5kB) | arena=3.4kB | V_bus=4.932V I_bus=58.1mA P_bus=286.4mW E_total_accum=77.666mWh
07:23:14.720 > [BENCH] IDLE | t_inference_us=0 | heap=0.3kB/105.8kB (min=105.5kB, biggest=105.5kB) | arena=3.4kB | V_bus=4.932V I_bus=57.8mA P_bus=284.8mW E_total_accum=77.826mWh
07:23:16.734 > [BENCH] IDLE | t_inference_us=0 | heap=0.3kB/105.8kB (min=105.5kB, biggest=105.5kB) | arena=3.4kB | V_bus=4.932V I_bus=57.6mA P_bus=284.2mW E_total_accum=77.986mWh
07:23:18.767 > [BENCH] IDLE | t_inference_us=0 | heap=0.3kB/105.8kB (min=105.5kB, biggest=105.5kB) | arena=3.4kB | V_bus=4.924V I_bus=57.6mA P_bus=284.0mW E_total_accum=78.145mWh
07:23:20.784 > [BENCH] IDLE | t_inference_us=0 | heap=0.3kB/105.8kB (min=105.5kB, biggest=105.5kB) | arena=3.4kB | V_bus=4.932V I_bus=57.4mA P_bus=283.0mW E_total_accum=78.303mWh
07:23:22.801 > [BENCH] IDLE | t_inference_us=0 | heap=0.3kB/105.8kB (min=105.5kB, biggest=105.5kB) | arena=3.4kB | V_bus=4.936V I_bus=57.7mA P_bus=284.8mW E_total_accum=78.463mWh
07:23:24.838 > [BENCH] IDLE | t_inference_us=0 | heap=0.3kB/105.8kB (min=105.5kB, biggest=105.5kB) | arena=3.4kB | V_bus=4.936V I_bus=57.7mA P_bus=284.5mW E_total_accum=78.623mWh
07:23:26.845 > [BENCH] IDLE | t_inference_us=0 | heap=0.3kB/105.8kB (min=105.5kB, biggest=105.5kB) | arena=3.4kB | V_bus=4.936V I_bus=57.8mA P_bus=285.1mW E_total_accum=78.783mWh
07:23:28.881 > [BENCH] IDLE | t_inference_us=0 | heap=0.3kB/105.8kB (min=105.5kB, biggest=105.5kB) | arena=3.4kB | V_bus=4.924V I_bus=57.6mA P_bus=284.2mW E_total_accum=78.942mWh
07:23:30.864 > 
07:23:30.864 > [EVENT] type=HOUR  Tin=25.70 Hin=79.59 Tout=28.40 Hout=80.50
07:23:30.864 > [infer] warmup: window 15/24 - (Invoke NOT executed)
07:23:31.046 > [SENSORS] Health IN ok=452 err=0 reinit=0 pwr=0 | OUT ok=452 err=0 reinit=0 pwr=0
07:23:32.364 > [BENCH] IDLE | t_inference_us=0 | heap=0.3kB/105.8kB (min=105.5kB, biggest=105.5kB) | arena=3.4kB | V_bus=4.920V I_bus=57.8mA P_bus=284.7mW E_total_accum=79.217mWh
07:23:34.403 > [BENCH] IDLE | t_inference_us=0 | heap=0.3kB/105.8kB (min=105.5kB, biggest=105.5kB) | arena=3.4kB | V_bus=4.928V I_bus=57.6mA P_bus=283.8mW E_total_accum=79.377mWh
07:23:36.423 > [BENCH] IDLE | t_inference_us=0 | heap=0.3kB/105.8kB (min=105.5kB, biggest=105.5kB) | arena=3.4kB | V_bus=4.956V I_bus=56.9mA P_bus=280.5mW E_total_accum=79.534mWh
07:23:38.429 > [BENCH] IDLE | t_inference_us=0 | heap=0.3kB/105.8kB (min=105.5kB, biggest=105.5kB) | arena=3.4kB | V_bus=4.936V I_bus=57.2mA P_bus=282.4mW E_total_accum=79.692mWh
07:23:40.462 > [BENCH] IDLE | t_inference_us=0 | heap=0.3kB/105.8kB (min=105.5kB, biggest=105.5kB) | arena=3.4kB | V_bus=4.936V I_bus=57.3mA P_bus=282.8mW E_total_accum=79.851mWh
07:23:42.479 > [BENCH] IDLE | t_inference_us=0 | heap=0.3kB/105.8kB (min=105.5kB, biggest=105.5kB) | arena=3.4kB | V_bus=4.932V I_bus=57.3mA P_bus=282.6mW E_total_accum=80.009mWh
07:23:44.514 > [BENCH] IDLE | t_inference_us=0 | heap=0.3kB/105.8kB (min=105.5kB, biggest=105.5kB) | arena=3.4kB | V_bus=4.928V I_bus=57.3mA P_bus=282.7mW E_total_accum=80.168mWh
07:23:46.534 > [BENCH] IDLE | t_inference_us=0 | heap=0.3kB/105.8kB (min=105.5kB, biggest=105.5kB) | arena=3.4kB | V_bus=4.936V I_bus=57.3mA P_bus=282.5mW E_total_accum=80.326mWh
07:23:48.561 > [BENCH] IDLE | t_inference_us=0 | heap=0.3kB/105.8kB (min=105.5kB, biggest=105.5kB) | arena=3.4kB | V_bus=4.928V I_bus=57.9mA P_bus=285.4mW E_total_accum=80.486mWh
07:23:50.577 > [BENCH] IDLE | t_inference_us=0 | heap=0.3kB/105.8kB (min=105.5kB, biggest=105.5kB) | arena=3.4kB | V_bus=4.932V I_bus=57.7mA P_bus=284.7mW E_total_accum=80.646mWh
07:23:52.599 > [BENCH] IDLE | t_inference_us=0 | heap=0.3kB/105.8kB (min=105.5kB, biggest=105.5kB) | arena=3.4kB | V_bus=4.928V I_bus=57.6mA P_bus=284.2mW E_total_accum=80.805mWh
07:23:54.610 > [BENCH] IDLE | t_inference_us=0 | heap=0.3kB/105.8kB (min=105.5kB, biggest=105.5kB) | arena=3.4kB | V_bus=4.932V I_bus=58.0mA P_bus=285.9mW E_total_accum=80.966mWh
07:23:56.644 > [BENCH] IDLE | t_inference_us=0 | heap=0.3kB/105.8kB (min=105.5kB, biggest=105.5kB) | arena=3.4kB | V_bus=4.936V I_bus=57.9mA P_bus=285.8mW E_total_accum=81.126mWh
07:23:58.673 > [BENCH] IDLE | t_inference_us=0 | heap=0.3kB/105.8kB (min=105.5kB, biggest=105.5kB) | arena=3.4kB | V_bus=4.928V I_bus=58.0mA P_bus=286.1mW E_total_accum=81.286mWh
07:24:00.695 > [BENCH] IDLE | t_inference_us=0 | heap=0.3kB/105.8kB (min=105.5kB, biggest=105.5kB) | arena=3.4kB | V_bus=4.924V I_bus=57.9mA P_bus=285.6mW E_total_accum=81.447mWh
07:24:02.708 > [BENCH] IDLE | t_inference_us=0 | heap=0.3kB/105.8kB (min=105.5kB, biggest=105.5kB) | arena=3.4kB | V_bus=4.940V I_bus=57.8mA P_bus=284.9mW E_total_accum=81.606mWh
07:24:04.724 > [BENCH] IDLE | t_inference_us=0 | heap=0.3kB/105.8kB (min=105.5kB, biggest=105.5kB) | arena=3.4kB | V_bus=4.940V I_bus=57.9mA P_bus=285.4mW E_total_accum=81.766mWh
07:24:06.759 > [BENCH] IDLE | t_inference_us=0 | heap=0.3kB/105.8kB (min=105.5kB, biggest=105.5kB) | arena=3.4kB | V_bus=4.928V I_bus=58.0mA P_bus=285.9mW E_total_accum=81.926mWh
07:24:08.780 > [BENCH] IDLE | t_inference_us=0 | heap=0.3kB/105.8kB (min=105.5kB, biggest=105.5kB) | arena=3.4kB | V_bus=4.928V I_bus=57.7mA P_bus=284.8mW E_total_accum=82.086mWh
07:24:10.803 > [BENCH] IDLE | t_inference_us=0 | heap=0.3kB/105.8kB (min=105.5kB, biggest=105.5kB) | arena=3.4kB | V_bus=4.940V I_bus=57.6mA P_bus=284.4mW E_total_accum=82.246mWh
07:24:12.828 > [BENCH] IDLE | t_inference_us=0 | heap=0.3kB/105.8kB (min=105.5kB, biggest=105.5kB) | arena=3.4kB | V_bus=4.928V I_bus=57.9mA P_bus=285.6mW E_total_accum=82.406mWh
07:24:14.839 > [BENCH] IDLE | t_inference_us=0 | heap=0.3kB/105.8kB (min=105.5kB, biggest=105.5kB) | arena=3.4kB | V_bus=4.928V I_bus=57.7mA P_bus=284.5mW E_total_accum=82.565mWh
07:24:16.875 > [BENCH] IDLE | t_inference_us=0 | heap=0.3kB/105.8kB (min=105.5kB, biggest=105.5kB) | arena=3.4kB | V_bus=4.932V I_bus=57.9mA P_bus=285.5mW E_total_accum=82.726mWh
07:24:18.892 > [BENCH] IDLE | t_inference_us=0 | heap=0.3kB/105.8kB (min=105.5kB, biggest=105.5kB) | arena=3.4kB | V_bus=4.932V I_bus=58.2mA P_bus=287.2mW E_total_accum=82.886mWh
07:24:20.901 > [BENCH] IDLE | t_inference_us=0 | heap=0.3kB/105.8kB (min=105.5kB, biggest=105.5kB) | arena=3.4kB | V_bus=4.932V I_bus=58.0mA P_bus=285.9mW E_total_accum=83.047mWh
07:24:22.937 > [BENCH] IDLE | t_inference_us=0 | heap=0.3kB/105.8kB (min=105.5kB, biggest=105.5kB) | arena=3.4kB | V_bus=4.936V I_bus=57.7mA P_bus=284.8mW E_total_accum=83.206mWh
07:24:24.957 > [BENCH] IDLE | t_inference_us=0 | heap=0.3kB/105.8kB (min=105.5kB, biggest=105.5kB) | arena=3.4kB | V_bus=4.928V I_bus=58.1mA P_bus=286.6mW E_total_accum=83.367mWh
07:24:26.971 > [BENCH] IDLE | t_inference_us=0 | heap=0.3kB/105.8kB (min=105.5kB, biggest=105.5kB) | arena=3.4kB | V_bus=4.932V I_bus=58.3mA P_bus=287.3mW E_total_accum=83.528mWh
07:24:28.988 > [BENCH] IDLE | t_inference_us=0 | heap=0.3kB/105.8kB (min=105.5kB, biggest=105.5kB) | arena=3.4kB | V_bus=4.928V I_bus=58.0mA P_bus=286.0mW E_total_accum=83.688mWh
07:24:30.985 > 
07:24:30.985 > [EVENT] type=HOUR  Tin=26.20 Hin=79.38 Tout=28.40 Hout=80.60
07:24:30.985 > [infer] warmup: window 16/24 - (Invoke NOT executed)
07:24:31.171 > [SENSORS] Health IN ok=480 err=0 reinit=0 pwr=0 | OUT ok=480 err=0 reinit=0 pwr=0
07:24:32.502 > [BENCH] IDLE | t_inference_us=0 | heap=0.3kB/105.8kB (min=105.5kB, biggest=105.5kB) | arena=3.4kB | V_bus=4.936V I_bus=58.0mA P_bus=285.8mW E_total_accum=83.966mWh
07:24:34.518 > [BENCH] IDLE | t_inference_us=0 | heap=0.3kB/105.8kB (min=105.5kB, biggest=105.5kB) | arena=3.4kB | V_bus=4.936V I_bus=57.9mA P_bus=285.8mW E_total_accum=84.126mWh
07:24:36.536 > [BENCH] IDLE | t_inference_us=0 | heap=0.3kB/105.8kB (min=105.5kB, biggest=105.5kB) | arena=3.4kB | V_bus=4.924V I_bus=57.9mA P_bus=285.5mW E_total_accum=84.286mWh
07:24:38.569 > [BENCH] IDLE | t_inference_us=0 | heap=0.3kB/105.8kB (min=105.5kB, biggest=105.5kB) | arena=3.4kB | V_bus=4.936V I_bus=57.7mA P_bus=284.6mW E_total_accum=84.445mWh
07:24:40.586 > [BENCH] IDLE | t_inference_us=0 | heap=0.3kB/105.8kB (min=105.5kB, biggest=105.5kB) | arena=3.4kB | V_bus=4.928V I_bus=58.1mA P_bus=286.3mW E_total_accum=84.606mWh
07:24:42.613 > [BENCH] IDLE | t_inference_us=0 | heap=0.3kB/105.8kB (min=105.5kB, biggest=105.5kB) | arena=3.4kB | V_bus=4.932V I_bus=57.8mA P_bus=285.0mW E_total_accum=84.766mWh
07:24:44.638 > [BENCH] IDLE | t_inference_us=0 | heap=0.3kB/105.8kB (min=105.5kB, biggest=105.5kB) | arena=3.4kB | V_bus=4.936V I_bus=57.9mA P_bus=285.8mW E_total_accum=84.926mWh
07:24:46.662 > [BENCH] IDLE | t_inference_us=0 | heap=0.3kB/105.8kB (min=105.5kB, biggest=105.5kB) | arena=3.4kB | V_bus=4.932V I_bus=57.7mA P_bus=284.6mW E_total_accum=85.086mWh
07:24:48.666 > [BENCH] IDLE | t_inference_us=0 | heap=0.3kB/105.8kB (min=105.5kB, biggest=105.5kB) | arena=3.4kB | V_bus=4.928V I_bus=57.5mA P_bus=283.7mW E_total_accum=85.245mWh
07:24:50.705 > [BENCH] IDLE | t_inference_us=0 | heap=0.3kB/105.8kB (min=105.5kB, biggest=105.5kB) | arena=3.4kB | V_bus=4.932V I_bus=58.0mA P_bus=285.8mW E_total_accum=85.405mWh
07:24:52.722 > [BENCH] IDLE | t_inference_us=0 | heap=0.3kB/105.8kB (min=105.5kB, biggest=105.5kB) | arena=3.4kB | V_bus=4.924V I_bus=58.0mA P_bus=286.0mW E_total_accum=85.565mWh
07:24:54.748 > [BENCH] IDLE | t_inference_us=0 | heap=0.3kB/105.8kB (min=105.5kB, biggest=105.5kB) | arena=3.4kB | V_bus=4.936V I_bus=57.9mA P_bus=285.7mW E_total_accum=85.725mWh
07:24:56.766 > [BENCH] IDLE | t_inference_us=0 | heap=0.3kB/105.8kB (min=105.5kB, biggest=105.5kB) | arena=3.4kB | V_bus=4.932V I_bus=58.2mA P_bus=287.0mW E_total_accum=85.886mWh
07:24:58.781 > [BENCH] IDLE | t_inference_us=0 | heap=0.3kB/105.8kB (min=105.5kB, biggest=105.5kB) | arena=3.4kB | V_bus=4.928V I_bus=57.9mA P_bus=285.6mW E_total_accum=86.046mWh
07:25:00.816 > [BENCH] IDLE | t_inference_us=0 | heap=0.3kB/105.8kB (min=105.5kB, biggest=105.5kB) | arena=3.4kB | V_bus=4.936V I_bus=58.0mA P_bus=286.1mW E_total_accum=86.207mWh
07:25:02.840 > [BENCH] IDLE | t_inference_us=0 | heap=0.3kB/105.8kB (min=105.5kB, biggest=105.5kB) | arena=3.4kB | V_bus=4.932V I_bus=58.2mA P_bus=286.9mW E_total_accum=86.368mWh
07:25:04.862 > [BENCH] IDLE | t_inference_us=0 | heap=0.3kB/105.8kB (min=105.5kB, biggest=105.5kB) | arena=3.4kB | V_bus=4.936V I_bus=58.0mA P_bus=285.9mW E_total_accum=86.528mWh
07:25:06.877 > [BENCH] IDLE | t_inference_us=0 | heap=0.3kB/105.8kB (min=105.5kB, biggest=105.5kB) | arena=3.4kB | V_bus=4.928V I_bus=58.2mA P_bus=287.2mW E_total_accum=86.689mWh
07:25:08.894 > [BENCH] IDLE | t_inference_us=0 | heap=0.3kB/105.8kB (min=105.5kB, biggest=105.5kB) | arena=3.4kB | V_bus=4.932V I_bus=58.0mA P_bus=285.8mW E_total_accum=86.849mWh
07:25:10.930 > [BENCH] IDLE | t_inference_us=0 | heap=0.3kB/105.8kB (min=105.5kB, biggest=105.5kB) | arena=3.4kB | V_bus=4.936V I_bus=58.1mA P_bus=286.7mW E_total_accum=87.010mWh
07:25:12.946 > [BENCH] IDLE | t_inference_us=0 | heap=0.3kB/105.8kB (min=105.5kB, biggest=105.5kB) | arena=3.4kB | V_bus=4.932V I_bus=58.2mA P_bus=287.2mW E_total_accum=87.171mWh
07:25:14.970 > [BENCH] IDLE | t_inference_us=0 | heap=0.3kB/105.8kB (min=105.5kB, biggest=105.5kB) | arena=3.4kB | V_bus=4.932V I_bus=57.9mA P_bus=285.8mW E_total_accum=87.331mWh
07:25:16.987 > [BENCH] IDLE | t_inference_us=0 | heap=0.3kB/105.8kB (min=105.5kB, biggest=105.5kB) | arena=3.4kB | V_bus=4.936V I_bus=58.0mA P_bus=286.3mW E_total_accum=87.492mWh
07:25:19.011 > [BENCH] IDLE | t_inference_us=0 | heap=0.3kB/105.8kB (min=105.5kB, biggest=105.5kB) | arena=3.4kB | V_bus=4.928V I_bus=57.8mA P_bus=285.1mW E_total_accum=87.652mWh
07:25:21.028 > [BENCH] IDLE | t_inference_us=0 | heap=0.3kB/105.8kB (min=105.5kB, biggest=105.5kB) | arena=3.4kB | V_bus=4.940V I_bus=57.7mA P_bus=284.5mW E_total_accum=87.811mWh
07:25:23.061 > [BENCH] IDLE | t_inference_us=0 | heap=0.3kB/105.8kB (min=105.5kB, biggest=105.5kB) | arena=3.4kB | V_bus=4.920V I_bus=57.8mA P_bus=285.0mW E_total_accum=87.971mWh
07:25:25.087 > [BENCH] IDLE | t_inference_us=0 | heap=0.3kB/105.8kB (min=105.5kB, biggest=105.5kB) | arena=3.4kB | V_bus=4.928V I_bus=57.6mA P_bus=283.9mW E_total_accum=88.130mWh
07:25:27.105 > [BENCH] IDLE | t_inference_us=0 | heap=0.3kB/105.8kB (min=105.5kB, biggest=105.5kB) | arena=3.4kB | V_bus=4.936V I_bus=57.9mA P_bus=285.3mW E_total_accum=88.290mWh
07:25:29.125 > [BENCH] IDLE | t_inference_us=0 | heap=0.3kB/105.8kB (min=105.5kB, biggest=105.5kB) | arena=3.4kB | V_bus=4.932V I_bus=57.7mA P_bus=284.5mW E_total_accum=88.449mWh
07:25:31.102 > 
07:25:31.102 > [EVENT] type=HOUR  Tin=26.50 Hin=79.19 Tout=28.40 Hout=80.50
07:25:31.102 > [infer] warmup: window 17/24 - (Invoke NOT executed)
07:25:31.291 > [SENSORS] Health IN ok=508 err=0 reinit=0 pwr=0 | OUT ok=509 err=0 reinit=0 pwr=0
07:25:32.611 > [BENCH] IDLE | t_inference_us=0 | heap=0.3kB/105.8kB (min=105.5kB, biggest=105.5kB) | arena=3.4kB | V_bus=4.936V I_bus=57.7mA P_bus=284.4mW E_total_accum=88.725mWh
07:25:34.652 > [BENCH] IDLE | t_inference_us=0 | heap=0.3kB/105.8kB (min=105.5kB, biggest=105.5kB) | arena=3.4kB | V_bus=4.920V I_bus=57.7mA P_bus=284.5mW E_total_accum=88.885mWh
07:25:36.660 > [BENCH] IDLE | t_inference_us=0 | heap=0.3kB/105.8kB (min=105.5kB, biggest=105.5kB) | arena=3.4kB | V_bus=4.940V I_bus=57.6mA P_bus=283.8mW E_total_accum=89.044mWh
07:25:38.698 > [BENCH] IDLE | t_inference_us=0 | heap=0.3kB/105.8kB (min=105.5kB, biggest=105.5kB) | arena=3.4kB | V_bus=4.924V I_bus=57.7mA P_bus=284.7mW E_total_accum=89.204mWh
07:25:40.716 > [BENCH] IDLE | t_inference_us=0 | heap=0.3kB/105.8kB (min=105.5kB, biggest=105.5kB) | arena=3.4kB | V_bus=4.928V I_bus=58.1mA P_bus=286.2mW E_total_accum=89.364mWh
07:25:42.736 > [BENCH] IDLE | t_inference_us=0 | heap=0.3kB/105.8kB (min=105.5kB, biggest=105.5kB) | arena=3.4kB | V_bus=4.932V I_bus=57.8mA P_bus=285.0mW E_total_accum=89.524mWh
07:25:44.752 > [BENCH] IDLE | t_inference_us=0 | heap=0.3kB/105.8kB (min=105.5kB, biggest=105.5kB) | arena=3.4kB | V_bus=4.932V I_bus=57.6mA P_bus=283.9mW E_total_accum=89.683mWh
07:25:46.774 > [BENCH] IDLE | t_inference_us=0 | heap=0.3kB/105.8kB (min=105.5kB, biggest=105.5kB) | arena=3.4kB | V_bus=4.936V I_bus=57.5mA P_bus=283.7mW E_total_accum=89.842mWh
07:25:48.805 > [BENCH] IDLE | t_inference_us=0 | heap=0.3kB/105.8kB (min=105.5kB, biggest=105.5kB) | arena=3.4kB | V_bus=4.924V I_bus=57.7mA P_bus=284.3mW E_total_accum=90.001mWh
07:25:50.822 > [BENCH] IDLE | t_inference_us=0 | heap=0.3kB/105.8kB (min=105.5kB, biggest=105.5kB) | arena=3.4kB | V_bus=4.936V I_bus=57.6mA P_bus=284.3mW E_total_accum=90.161mWh
07:25:52.843 > [BENCH] IDLE | t_inference_us=0 | heap=0.3kB/105.8kB (min=105.5kB, biggest=105.5kB) | arena=3.4kB | V_bus=4.924V I_bus=57.8mA P_bus=285.0mW E_total_accum=90.321mWh
07:25:54.864 > [BENCH] IDLE | t_inference_us=0 | heap=0.3kB/105.8kB (min=105.5kB, biggest=105.5kB) | arena=3.4kB | V_bus=4.932V I_bus=57.9mA P_bus=285.6mW E_total_accum=90.481mWh
07:25:56.895 > [BENCH] IDLE | t_inference_us=0 | heap=0.3kB/105.8kB (min=105.5kB, biggest=105.5kB) | arena=3.4kB | V_bus=4.928V I_bus=57.7mA P_bus=284.5mW E_total_accum=90.640mWh
07:25:58.910 > [BENCH] IDLE | t_inference_us=0 | heap=0.3kB/105.8kB (min=105.5kB, biggest=105.5kB) | arena=3.4kB | V_bus=4.932V I_bus=57.5mA P_bus=283.7mW E_total_accum=90.799mWh
07:26:00.934 > [BENCH] IDLE | t_inference_us=0 | heap=0.3kB/105.8kB (min=105.5kB, biggest=105.5kB) | arena=3.4kB | V_bus=4.936V I_bus=57.9mA P_bus=285.3mW E_total_accum=90.959mWh
07:26:02.945 > [BENCH] IDLE | t_inference_us=0 | heap=0.3kB/105.8kB (min=105.5kB, biggest=105.5kB) | arena=3.4kB | V_bus=4.936V I_bus=57.8mA P_bus=285.2mW E_total_accum=91.119mWh
07:26:04.982 > [BENCH] IDLE | t_inference_us=0 | heap=0.3kB/105.8kB (min=105.5kB, biggest=105.5kB) | arena=3.4kB | V_bus=4.940V I_bus=57.9mA P_bus=285.7mW E_total_accum=91.279mWh
07:26:07.007 > [BENCH] IDLE | t_inference_us=0 | heap=0.3kB/105.8kB (min=105.5kB, biggest=105.5kB) | arena=3.4kB | V_bus=4.924V I_bus=58.2mA P_bus=287.2mW E_total_accum=91.440mWh
07:26:09.030 > [BENCH] IDLE | t_inference_us=0 | heap=0.3kB/105.8kB (min=105.5kB, biggest=105.5kB) | arena=3.4kB | V_bus=4.936V I_bus=57.9mA P_bus=285.8mW E_total_accum=91.601mWh
07:26:11.054 > [BENCH] IDLE | t_inference_us=0 | heap=0.3kB/105.8kB (min=105.5kB, biggest=105.5kB) | arena=3.4kB | V_bus=4.936V I_bus=58.2mA P_bus=287.0mW E_total_accum=91.762mWh
07:26:13.068 > [BENCH] IDLE | t_inference_us=0 | heap=0.3kB/105.8kB (min=105.5kB, biggest=105.5kB) | arena=3.4kB | V_bus=4.924V I_bus=58.3mA P_bus=287.4mW E_total_accum=91.923mWh
07:26:15.086 > [BENCH] IDLE | t_inference_us=0 | heap=0.3kB/105.8kB (min=105.5kB, biggest=105.5kB) | arena=3.4kB | V_bus=4.936V I_bus=58.3mA P_bus=287.4mW E_total_accum=92.084mWh
07:26:17.118 > [BENCH] IDLE | t_inference_us=0 | heap=0.3kB/105.8kB (min=105.5kB, biggest=105.5kB) | arena=3.4kB | V_bus=4.940V I_bus=58.2mA P_bus=287.0mW E_total_accum=92.245mWh
07:26:19.131 > [BENCH] IDLE | t_inference_us=0 | heap=0.3kB/105.8kB (min=105.5kB, biggest=105.5kB) | arena=3.4kB | V_bus=4.928V I_bus=58.4mA P_bus=288.1mW E_total_accum=92.406mWh
07:26:21.160 > [BENCH] IDLE | t_inference_us=0 | heap=0.3kB/105.8kB (min=105.5kB, biggest=105.5kB) | arena=3.4kB | V_bus=4.932V I_bus=58.1mA P_bus=286.6mW E_total_accum=92.567mWh
07:26:23.180 > [BENCH] IDLE | t_inference_us=0 | heap=0.3kB/105.8kB (min=105.5kB, biggest=105.5kB) | arena=3.4kB | V_bus=4.936V I_bus=58.0mA P_bus=286.4mW E_total_accum=92.728mWh
07:26:25.212 > [BENCH] IDLE | t_inference_us=0 | heap=0.3kB/105.8kB (min=105.5kB, biggest=105.5kB) | arena=3.4kB | V_bus=4.948V I_bus=58.3mA P_bus=287.7mW E_total_accum=92.889mWh
07:26:27.221 > [BENCH] IDLE | t_inference_us=0 | heap=0.3kB/105.8kB (min=105.5kB, biggest=105.5kB) | arena=3.4kB | V_bus=4.928V I_bus=58.5mA P_bus=288.6mW E_total_accum=93.051mWh
07:26:29.253 > [BENCH] IDLE | t_inference_us=0 | heap=0.3kB/105.8kB (min=105.5kB, biggest=105.5kB) | arena=3.4kB | V_bus=4.932V I_bus=58.1mA P_bus=286.9mW E_total_accum=93.211mWh
07:26:31.182 > 
07:26:31.182 > [EVENT] type=HOUR  Tin=26.80 Hin=78.71 Tout=28.40 Hout=80.60
07:26:31.196 > [infer] warmup: window 18/24 - (Invoke NOT executed)
07:26:31.411 > [SENSORS] Health IN ok=536 err=0 reinit=0 pwr=0 | OUT ok=537 err=0 reinit=0 pwr=0
07:26:32.709 > [BENCH] IDLE | t_inference_us=0 | heap=0.3kB/105.8kB (min=105.5kB, biggest=105.5kB) | arena=3.4kB | V_bus=4.924V I_bus=58.0mA P_bus=286.2mW E_total_accum=93.486mWh
07:26:34.725 > [BENCH] IDLE | t_inference_us=0 | heap=0.3kB/105.8kB (min=105.5kB, biggest=105.5kB) | arena=3.4kB | V_bus=4.928V I_bus=58.4mA P_bus=288.0mW E_total_accum=93.648mWh
07:26:36.744 > [BENCH] IDLE | t_inference_us=0 | heap=0.3kB/105.8kB (min=105.5kB, biggest=105.5kB) | arena=3.4kB | V_bus=4.932V I_bus=58.4mA P_bus=287.9mW E_total_accum=93.809mWh
07:26:38.777 > [BENCH] IDLE | t_inference_us=0 | heap=0.3kB/105.8kB (min=105.5kB, biggest=105.5kB) | arena=3.4kB | V_bus=4.928V I_bus=58.4mA P_bus=288.1mW E_total_accum=93.971mWh
07:26:40.801 > [BENCH] IDLE | t_inference_us=0 | heap=0.3kB/105.8kB (min=105.5kB, biggest=105.5kB) | arena=3.4kB | V_bus=4.936V I_bus=58.3mA P_bus=287.3mW E_total_accum=94.132mWh
07:26:42.810 > [BENCH] IDLE | t_inference_us=0 | heap=0.3kB/105.8kB (min=105.5kB, biggest=105.5kB) | arena=3.4kB | V_bus=4.928V I_bus=58.3mA P_bus=287.3mW E_total_accum=94.293mWh
07:26:44.837 > [BENCH] IDLE | t_inference_us=0 | heap=0.3kB/105.8kB (min=105.5kB, biggest=105.5kB) | arena=3.4kB | V_bus=4.932V I_bus=58.2mA P_bus=287.1mW E_total_accum=94.454mWh
07:26:46.866 > [BENCH] IDLE | t_inference_us=0 | heap=0.3kB/105.8kB (min=105.5kB, biggest=105.5kB) | arena=3.4kB | V_bus=4.932V I_bus=58.0mA P_bus=285.8mW E_total_accum=94.614mWh
07:26:48.888 > [BENCH] IDLE | t_inference_us=0 | heap=0.3kB/105.8kB (min=105.5kB, biggest=105.5kB) | arena=3.4kB | V_bus=4.932V I_bus=58.3mA P_bus=287.5mW E_total_accum=94.775mWh
07:26:50.912 > [BENCH] IDLE | t_inference_us=0 | heap=0.3kB/105.8kB (min=105.5kB, biggest=105.5kB) | arena=3.4kB | V_bus=4.932V I_bus=58.0mA P_bus=286.0mW E_total_accum=94.936mWh
07:26:52.931 > [BENCH] IDLE | t_inference_us=0 | heap=0.3kB/105.8kB (min=105.5kB, biggest=105.5kB) | arena=3.4kB | V_bus=4.936V I_bus=58.1mA P_bus=286.4mW E_total_accum=95.096mWh
07:26:54.954 > [BENCH] IDLE | t_inference_us=0 | heap=0.3kB/105.8kB (min=105.5kB, biggest=105.5kB) | arena=3.4kB | V_bus=4.916V I_bus=58.2mA P_bus=287.0mW E_total_accum=95.257mWh
07:26:56.972 > [BENCH] IDLE | t_inference_us=0 | heap=0.3kB/105.8kB (min=105.5kB, biggest=105.5kB) | arena=3.4kB | V_bus=4.932V I_bus=58.3mA P_bus=287.2mW E_total_accum=95.418mWh
07:26:59.000 > [BENCH] IDLE | t_inference_us=0 | heap=0.3kB/105.8kB (min=105.5kB, biggest=105.5kB) | arena=3.4kB | V_bus=4.932V I_bus=58.4mA P_bus=287.8mW E_total_accum=95.580mWh
07:27:01.021 > [BENCH] IDLE | t_inference_us=0 | heap=0.3kB/105.8kB (min=105.5kB, biggest=105.5kB) | arena=3.4kB | V_bus=4.924V I_bus=58.4mA P_bus=288.0mW E_total_accum=95.741mWh
07:27:03.030 > [BENCH] IDLE | t_inference_us=0 | heap=0.3kB/105.8kB (min=105.5kB, biggest=105.5kB) | arena=3.4kB | V_bus=4.936V I_bus=58.3mA P_bus=287.4mW E_total_accum=95.902mWh
07:27:05.069 > [BENCH] IDLE | t_inference_us=0 | heap=0.3kB/105.8kB (min=105.5kB, biggest=105.5kB) | arena=3.4kB | V_bus=4.920V I_bus=58.4mA P_bus=287.6mW E_total_accum=96.064mWh
07:27:07.089 > [BENCH] IDLE | t_inference_us=0 | heap=0.3kB/105.8kB (min=105.5kB, biggest=105.5kB) | arena=3.4kB | V_bus=4.940V I_bus=58.4mA P_bus=287.8mW E_total_accum=96.225mWh
07:27:09.110 > [BENCH] IDLE | t_inference_us=0 | heap=0.3kB/105.8kB (min=105.5kB, biggest=105.5kB) | arena=3.4kB | V_bus=4.928V I_bus=58.1mA P_bus=286.4mW E_total_accum=96.385mWh
07:27:11.133 > [BENCH] IDLE | t_inference_us=0 | heap=0.3kB/105.8kB (min=105.5kB, biggest=105.5kB) | arena=3.4kB | V_bus=4.928V I_bus=58.5mA P_bus=288.5mW E_total_accum=96.547mWh
07:27:13.157 > [BENCH] IDLE | t_inference_us=0 | heap=0.3kB/105.8kB (min=105.5kB, biggest=105.5kB) | arena=3.4kB | V_bus=4.940V I_bus=58.3mA P_bus=287.7mW E_total_accum=96.709mWh
07:27:15.173 > [BENCH] IDLE | t_inference_us=0 | heap=0.3kB/105.8kB (min=105.5kB, biggest=105.5kB) | arena=3.4kB | V_bus=4.932V I_bus=58.2mA P_bus=286.9mW E_total_accum=96.869mWh
07:27:17.201 > [BENCH] IDLE | t_inference_us=0 | heap=0.3kB/105.8kB (min=105.5kB, biggest=105.5kB) | arena=3.4kB | V_bus=4.932V I_bus=58.0mA P_bus=286.2mW E_total_accum=97.030mWh
07:27:19.211 > [BENCH] IDLE | t_inference_us=0 | heap=0.3kB/105.8kB (min=105.5kB, biggest=105.5kB) | arena=3.4kB | V_bus=4.932V I_bus=57.8mA P_bus=285.0mW E_total_accum=97.189mWh
07:27:21.235 > [BENCH] IDLE | t_inference_us=0 | heap=0.3kB/105.8kB (min=105.5kB, biggest=105.5kB) | arena=3.4kB | V_bus=4.932V I_bus=58.2mA P_bus=286.9mW E_total_accum=97.350mWh
07:27:23.267 > [BENCH] IDLE | t_inference_us=0 | heap=0.3kB/105.8kB (min=105.5kB, biggest=105.5kB) | arena=3.4kB | V_bus=4.932V I_bus=57.9mA P_bus=285.5mW E_total_accum=97.511mWh
07:27:25.288 > [BENCH] IDLE | t_inference_us=0 | heap=0.3kB/105.8kB (min=105.5kB, biggest=105.5kB) | arena=3.4kB | V_bus=4.932V I_bus=57.8mA P_bus=285.3mW E_total_accum=97.671mWh
07:27:27.304 > [BENCH] IDLE | t_inference_us=0 | heap=0.3kB/105.8kB (min=105.5kB, biggest=105.5kB) | arena=3.4kB | V_bus=4.928V I_bus=57.8mA P_bus=285.1mW E_total_accum=97.831mWh
07:27:29.336 > [BENCH] IDLE | t_inference_us=0 | heap=0.3kB/105.8kB (min=105.5kB, biggest=105.5kB) | arena=3.4kB | V_bus=4.932V I_bus=57.7mA P_bus=284.3mW E_total_accum=97.990mWh
07:27:31.312 > 
07:27:31.312 > [EVENT] type=HOUR  Tin=27.00 Hin=78.57 Tout=28.40 Hout=80.20
07:27:31.312 > [infer] warmup: window 19/24 - (Invoke NOT executed)
07:27:31.539 > [SENSORS] Health IN ok=565 err=0 reinit=0 pwr=0 | OUT ok=565 err=0 reinit=0 pwr=0
07:27:32.835 > [BENCH] IDLE | t_inference_us=0 | heap=0.3kB/105.8kB (min=105.5kB, biggest=105.5kB) | arena=3.4kB | V_bus=4.936V I_bus=58.6mA P_bus=289.0mW E_total_accum=98.270mWh
07:27:34.854 > [BENCH] IDLE | t_inference_us=0 | heap=0.3kB/105.8kB (min=105.5kB, biggest=105.5kB) | arena=3.4kB | V_bus=4.928V I_bus=58.5mA P_bus=288.5mW E_total_accum=98.432mWh
07:27:36.877 > [BENCH] IDLE | t_inference_us=0 | heap=0.3kB/105.8kB (min=105.5kB, biggest=105.5kB) | arena=3.4kB | V_bus=4.924V I_bus=58.4mA P_bus=287.7mW E_total_accum=98.593mWh
07:27:38.891 > [BENCH] IDLE | t_inference_us=0 | heap=0.3kB/105.8kB (min=105.5kB, biggest=105.5kB) | arena=3.4kB | V_bus=4.928V I_bus=58.4mA P_bus=287.9mW E_total_accum=98.755mWh
07:27:40.908 > [BENCH] IDLE | t_inference_us=0 | heap=0.3kB/105.8kB (min=105.5kB, biggest=105.5kB) | arena=3.4kB | V_bus=4.924V I_bus=58.2mA P_bus=287.0mW E_total_accum=98.916mWh
07:27:42.932 > [BENCH] IDLE | t_inference_us=0 | heap=0.3kB/105.8kB (min=105.5kB, biggest=105.5kB) | arena=3.4kB | V_bus=4.940V I_bus=58.3mA P_bus=287.5mW E_total_accum=99.077mWh
07:27:44.952 > [BENCH] IDLE | t_inference_us=0 | heap=0.3kB/105.8kB (min=105.5kB, biggest=105.5kB) | arena=3.4kB | V_bus=4.924V I_bus=58.4mA P_bus=287.9mW E_total_accum=99.238mWh
07:27:46.982 > [BENCH] IDLE | t_inference_us=0 | heap=0.3kB/105.8kB (min=105.5kB, biggest=105.5kB) | arena=3.4kB | V_bus=4.928V I_bus=58.1mA P_bus=286.5mW E_total_accum=99.399mWh
07:27:49.011 > [BENCH] IDLE | t_inference_us=0 | heap=0.3kB/105.8kB (min=105.5kB, biggest=105.5kB) | arena=3.4kB | V_bus=4.936V I_bus=58.1mA P_bus=286.4mW E_total_accum=99.559mWh
07:27:51.020 > [BENCH] IDLE | t_inference_us=0 | heap=0.3kB/105.8kB (min=105.5kB, biggest=105.5kB) | arena=3.4kB | V_bus=4.924V I_bus=58.1mA P_bus=286.6mW E_total_accum=99.720mWh
07:27:53.049 > [BENCH] IDLE | t_inference_us=0 | heap=0.3kB/105.8kB (min=105.5kB, biggest=105.5kB) | arena=3.4kB | V_bus=4.932V I_bus=57.9mA P_bus=285.7mW E_total_accum=99.881mWh
07:27:55.067 > [BENCH] IDLE | t_inference_us=0 | heap=0.3kB/105.8kB (min=105.5kB, biggest=105.5kB) | arena=3.4kB | V_bus=4.928V I_bus=58.0mA P_bus=285.8mW E_total_accum=100.041mWh
07:27:57.100 > [BENCH] IDLE | t_inference_us=0 | heap=0.3kB/105.8kB (min=105.5kB, biggest=105.5kB) | arena=3.4kB | V_bus=4.932V I_bus=57.9mA P_bus=285.3mW E_total_accum=100.201mWh
07:27:59.120 > [BENCH] IDLE | t_inference_us=0 | heap=0.3kB/105.8kB (min=105.5kB, biggest=105.5kB) | arena=3.4kB | V_bus=4.924V I_bus=58.0mA P_bus=285.6mW E_total_accum=100.361mWh
07:28:01.154 > [BENCH] IDLE | t_inference_us=0 | heap=0.3kB/105.8kB (min=105.5kB, biggest=105.5kB) | arena=3.4kB | V_bus=4.936V I_bus=57.9mA P_bus=285.6mW E_total_accum=100.521mWh
07:28:03.163 > [BENCH] IDLE | t_inference_us=0 | heap=0.3kB/105.8kB (min=105.5kB, biggest=105.5kB) | arena=3.4kB | V_bus=4.924V I_bus=58.0mA P_bus=286.1mW E_total_accum=100.682mWh
07:28:05.200 > [BENCH] IDLE | t_inference_us=0 | heap=0.3kB/105.8kB (min=105.5kB, biggest=105.5kB) | arena=3.4kB | V_bus=4.936V I_bus=57.9mA P_bus=285.6mW E_total_accum=100.842mWh
07:28:07.214 > [BENCH] IDLE | t_inference_us=0 | heap=0.3kB/105.8kB (min=105.5kB, biggest=105.5kB) | arena=3.4kB | V_bus=4.936V I_bus=58.1mA P_bus=286.5mW E_total_accum=101.003mWh
07:28:09.237 > [BENCH] IDLE | t_inference_us=0 | heap=0.3kB/105.8kB (min=105.5kB, biggest=105.5kB) | arena=3.4kB | V_bus=4.924V I_bus=58.1mA P_bus=286.4mW E_total_accum=101.163mWh
07:28:11.265 > [BENCH] IDLE | t_inference_us=0 | heap=0.3kB/105.8kB (min=105.5kB, biggest=105.5kB) | arena=3.4kB | V_bus=4.936V I_bus=58.0mA P_bus=286.2mW E_total_accum=101.324mWh
07:28:13.278 > [BENCH] IDLE | t_inference_us=0 | heap=0.3kB/105.8kB (min=105.5kB, biggest=105.5kB) | arena=3.4kB | V_bus=4.924V I_bus=58.3mA P_bus=287.5mW E_total_accum=101.485mWh
07:28:15.300 > [BENCH] IDLE | t_inference_us=0 | heap=0.3kB/105.8kB (min=105.5kB, biggest=105.5kB) | arena=3.4kB | V_bus=4.932V I_bus=58.1mA P_bus=286.2mW E_total_accum=101.646mWh
07:28:17.333 > [BENCH] IDLE | t_inference_us=0 | heap=0.3kB/105.8kB (min=105.5kB, biggest=105.5kB) | arena=3.4kB | V_bus=4.940V I_bus=58.0mA P_bus=286.0mW E_total_accum=101.806mWh
07:28:19.356 > [BENCH] IDLE | t_inference_us=0 | heap=0.3kB/105.8kB (min=105.5kB, biggest=105.5kB) | arena=3.4kB | V_bus=4.924V I_bus=58.0mA P_bus=286.1mW E_total_accum=101.966mWh
07:28:21.382 > [BENCH] IDLE | t_inference_us=0 | heap=0.3kB/105.8kB (min=105.5kB, biggest=105.5kB) | arena=3.4kB | V_bus=4.948V I_bus=58.1mA P_bus=286.5mW E_total_accum=102.127mWh
07:28:23.385 > [BENCH] IDLE | t_inference_us=0 | heap=0.3kB/105.8kB (min=105.5kB, biggest=105.5kB) | arena=3.4kB | V_bus=4.932V I_bus=58.1mA P_bus=286.6mW E_total_accum=102.288mWh
07:28:25.425 > [BENCH] IDLE | t_inference_us=0 | heap=0.3kB/105.8kB (min=105.5kB, biggest=105.5kB) | arena=3.4kB | V_bus=4.932V I_bus=57.9mA P_bus=285.5mW E_total_accum=102.448mWh
07:28:27.446 > [BENCH] IDLE | t_inference_us=0 | heap=0.3kB/105.8kB (min=105.5kB, biggest=105.5kB) | arena=3.4kB | V_bus=4.936V I_bus=58.1mA P_bus=286.4mW E_total_accum=102.608mWh
07:28:29.469 > [BENCH] IDLE | t_inference_us=0 | heap=0.3kB/105.8kB (min=105.5kB, biggest=105.5kB) | arena=3.4kB | V_bus=4.928V I_bus=58.2mA P_bus=287.1mW E_total_accum=102.769mWh
07:28:31.409 > 
07:28:31.409 > [EVENT] type=HOUR  Tin=27.10 Hin=78.00 Tout=28.30 Hout=80.00
07:28:31.415 > [infer] warmup: window 20/24 - (Invoke NOT executed)
07:28:31.678 > [SENSORS] Health IN ok=593 err=0 reinit=0 pwr=0 | OUT ok=593 err=0 reinit=0 pwr=0
07:28:32.925 > [BENCH] IDLE | t_inference_us=0 | heap=0.3kB/105.8kB (min=105.5kB, biggest=105.5kB) | arena=3.4kB | V_bus=4.932V I_bus=58.3mA P_bus=287.7mW E_total_accum=103.046mWh
07:28:34.954 > [BENCH] IDLE | t_inference_us=0 | heap=0.3kB/105.8kB (min=105.5kB, biggest=105.5kB) | arena=3.4kB | V_bus=4.928V I_bus=58.1mA P_bus=286.5mW E_total_accum=103.207mWh
07:28:36.972 > [BENCH] IDLE | t_inference_us=0 | heap=0.3kB/105.8kB (min=105.5kB, biggest=105.5kB) | arena=3.4kB | V_bus=4.948V I_bus=58.1mA P_bus=286.4mW E_total_accum=103.367mWh
07:28:38.997 > [BENCH] IDLE | t_inference_us=0 | heap=0.3kB/105.8kB (min=105.5kB, biggest=105.5kB) | arena=3.4kB | V_bus=4.932V I_bus=58.0mA P_bus=286.2mW E_total_accum=103.528mWh
07:28:41.021 > [BENCH] IDLE | t_inference_us=0 | heap=0.3kB/105.8kB (min=105.5kB, biggest=105.5kB) | arena=3.4kB | V_bus=4.928V I_bus=58.0mA P_bus=286.3mW E_total_accum=103.688mWh
07:28:43.036 > [BENCH] IDLE | t_inference_us=0 | heap=0.3kB/105.8kB (min=105.5kB, biggest=105.5kB) | arena=3.4kB | V_bus=4.928V I_bus=58.3mA P_bus=287.4mW E_total_accum=103.849mWh
07:28:45.052 > [BENCH] IDLE | t_inference_us=0 | heap=0.3kB/105.8kB (min=105.5kB, biggest=105.5kB) | arena=3.4kB | V_bus=4.928V I_bus=58.0mA P_bus=286.1mW E_total_accum=104.009mWh
07:28:47.087 > [BENCH] IDLE | t_inference_us=0 | heap=0.3kB/105.8kB (min=105.5kB, biggest=105.5kB) | arena=3.4kB | V_bus=4.924V I_bus=58.1mA P_bus=286.3mW E_total_accum=104.170mWh
07:28:49.100 > [BENCH] IDLE | t_inference_us=0 | heap=0.3kB/105.8kB (min=105.5kB, biggest=105.5kB) | arena=3.4kB | V_bus=4.936V I_bus=58.1mA P_bus=286.7mW E_total_accum=104.331mWh
07:28:51.115 > [BENCH] IDLE | t_inference_us=0 | heap=0.3kB/105.8kB (min=105.5kB, biggest=105.5kB) | arena=3.4kB | V_bus=4.928V I_bus=58.1mA P_bus=286.2mW E_total_accum=104.491mWh
07:28:53.150 > [BENCH] IDLE | t_inference_us=0 | heap=0.3kB/105.8kB (min=105.5kB, biggest=105.5kB) | arena=3.4kB | V_bus=4.928V I_bus=58.5mA P_bus=288.2mW E_total_accum=104.653mWh
07:28:55.168 > [BENCH] IDLE | t_inference_us=0 | heap=0.3kB/105.8kB (min=105.5kB, biggest=105.5kB) | arena=3.4kB | V_bus=4.936V I_bus=58.3mA P_bus=287.7mW E_total_accum=104.814mWh
07:28:57.184 > [BENCH] IDLE | t_inference_us=0 | heap=0.3kB/105.8kB (min=105.5kB, biggest=105.5kB) | arena=3.4kB | V_bus=4.920V I_bus=58.3mA P_bus=287.4mW E_total_accum=104.975mWh
07:28:59.220 > [BENCH] IDLE | t_inference_us=0 | heap=0.3kB/105.8kB (min=105.5kB, biggest=105.5kB) | arena=3.4kB | V_bus=4.932V I_bus=58.0mA P_bus=286.0mW E_total_accum=105.136mWh
07:29:01.232 > [BENCH] IDLE | t_inference_us=0 | heap=0.3kB/105.8kB (min=105.5kB, biggest=105.5kB) | arena=3.4kB | V_bus=4.928V I_bus=58.3mA P_bus=287.2mW E_total_accum=105.297mWh
07:29:03.265 > [BENCH] IDLE | t_inference_us=0 | heap=0.3kB/105.8kB (min=105.5kB, biggest=105.5kB) | arena=3.4kB | V_bus=4.932V I_bus=58.0mA P_bus=286.1mW E_total_accum=105.457mWh
07:29:05.281 > [BENCH] IDLE | t_inference_us=0 | heap=0.3kB/105.8kB (min=105.5kB, biggest=105.5kB) | arena=3.4kB | V_bus=4.924V I_bus=58.2mA P_bus=286.6mW E_total_accum=105.618mWh
07:29:07.303 > [BENCH] IDLE | t_inference_us=0 | heap=0.3kB/105.8kB (min=105.5kB, biggest=105.5kB) | arena=3.4kB | V_bus=4.940V I_bus=58.1mA P_bus=286.3mW E_total_accum=105.778mWh
07:29:09.334 > [BENCH] IDLE | t_inference_us=0 | heap=0.3kB/105.8kB (min=105.5kB, biggest=105.5kB) | arena=3.4kB | V_bus=4.928V I_bus=58.2mA P_bus=287.2mW E_total_accum=105.940mWh
07:29:11.351 > [BENCH] IDLE | t_inference_us=0 | heap=0.3kB/105.8kB (min=105.5kB, biggest=105.5kB) | arena=3.4kB | V_bus=4.924V I_bus=58.0mA P_bus=285.9mW E_total_accum=106.100mWh
07:29:13.382 > [BENCH] IDLE | t_inference_us=0 | heap=0.3kB/105.8kB (min=105.5kB, biggest=105.5kB) | arena=3.4kB | V_bus=4.912V I_bus=58.2mA P_bus=286.7mW E_total_accum=106.261mWh
07:29:15.404 > [BENCH] IDLE | t_inference_us=0 | heap=0.3kB/105.8kB (min=105.5kB, biggest=105.5kB) | arena=3.4kB | V_bus=4.928V I_bus=58.0mA P_bus=285.7mW E_total_accum=106.421mWh
07:29:17.419 > [BENCH] IDLE | t_inference_us=0 | heap=0.3kB/105.8kB (min=105.5kB, biggest=105.5kB) | arena=3.4kB | V_bus=4.928V I_bus=58.3mA P_bus=287.2mW E_total_accum=106.582mWh
07:29:19.430 > [BENCH] IDLE | t_inference_us=0 | heap=0.3kB/105.8kB (min=105.5kB, biggest=105.5kB) | arena=3.4kB | V_bus=4.920V I_bus=58.3mA P_bus=287.2mW E_total_accum=106.743mWh
07:29:21.464 > [BENCH] IDLE | t_inference_us=0 | heap=0.3kB/105.8kB (min=105.5kB, biggest=105.5kB) | arena=3.4kB | V_bus=4.936V I_bus=58.2mA P_bus=286.8mW E_total_accum=106.903mWh
07:29:23.477 > [BENCH] IDLE | t_inference_us=0 | heap=0.3kB/105.8kB (min=105.5kB, biggest=105.5kB) | arena=3.4kB | V_bus=4.936V I_bus=58.4mA P_bus=287.8mW E_total_accum=107.065mWh
07:29:25.509 > [BENCH] IDLE | t_inference_us=0 | heap=0.3kB/105.8kB (min=105.5kB, biggest=105.5kB) | arena=3.4kB | V_bus=4.928V I_bus=58.4mA P_bus=287.7mW E_total_accum=107.226mWh
07:29:27.528 > [BENCH] IDLE | t_inference_us=0 | heap=0.3kB/105.8kB (min=105.5kB, biggest=105.5kB) | arena=3.4kB | V_bus=4.928V I_bus=58.2mA P_bus=287.0mW E_total_accum=107.387mWh
07:29:29.560 > [BENCH] IDLE | t_inference_us=0 | heap=0.3kB/105.8kB (min=105.5kB, biggest=105.5kB) | arena=3.4kB | V_bus=4.932V I_bus=58.2mA P_bus=286.9mW E_total_accum=107.548mWh
07:29:31.528 > 
07:29:31.528 > [EVENT] type=HOUR  Tin=27.20 Hin=77.80 Tout=28.30 Hout=80.10
07:29:31.528 > [infer] warmup: window 21/24 - (Invoke NOT executed)
07:29:31.793 > [SENSORS] Health IN ok=621 err=0 reinit=0 pwr=0 | OUT ok=622 err=0 reinit=0 pwr=0
07:29:33.041 > [BENCH] IDLE | t_inference_us=0 | heap=0.3kB/105.8kB (min=105.5kB, biggest=105.5kB) | arena=3.4kB | V_bus=4.936V I_bus=58.4mA P_bus=287.9mW E_total_accum=107.827mWh
07:29:35.074 > [BENCH] IDLE | t_inference_us=0 | heap=0.3kB/105.8kB (min=105.5kB, biggest=105.5kB) | arena=3.4kB | V_bus=4.936V I_bus=58.4mA P_bus=288.1mW E_total_accum=107.988mWh
07:29:37.092 > [BENCH] IDLE | t_inference_us=0 | heap=0.3kB/105.8kB (min=105.5kB, biggest=105.5kB) | arena=3.4kB | V_bus=4.932V I_bus=58.5mA P_bus=288.7mW E_total_accum=108.150mWh
07:29:39.109 > [BENCH] IDLE | t_inference_us=0 | heap=0.3kB/105.8kB (min=105.5kB, biggest=105.5kB) | arena=3.4kB | V_bus=4.936V I_bus=58.3mA P_bus=287.7mW E_total_accum=108.312mWh
07:29:41.146 > [BENCH] IDLE | t_inference_us=0 | heap=0.3kB/105.8kB (min=105.5kB, biggest=105.5kB) | arena=3.4kB | V_bus=4.940V I_bus=58.4mA P_bus=288.2mW E_total_accum=108.473mWh
07:29:43.156 > [BENCH] IDLE | t_inference_us=0 | heap=0.3kB/105.8kB (min=105.5kB, biggest=105.5kB) | arena=3.4kB | V_bus=4.928V I_bus=58.4mA P_bus=287.9mW E_total_accum=108.635mWh
07:29:45.189 > [BENCH] IDLE | t_inference_us=0 | heap=0.3kB/105.8kB (min=105.5kB, biggest=105.5kB) | arena=3.4kB | V_bus=4.936V I_bus=58.0mA P_bus=286.4mW E_total_accum=108.795mWh
07:29:47.208 > [BENCH] IDLE | t_inference_us=0 | heap=0.3kB/105.8kB (min=105.5kB, biggest=105.5kB) | arena=3.4kB | V_bus=4.932V I_bus=57.9mA P_bus=285.5mW E_total_accum=108.956mWh
07:29:49.224 > [BENCH] IDLE | t_inference_us=0 | heap=0.3kB/105.8kB (min=105.5kB, biggest=105.5kB) | arena=3.4kB | V_bus=4.940V I_bus=58.0mA P_bus=286.0mW E_total_accum=109.116mWh
07:29:51.257 > [BENCH] IDLE | t_inference_us=0 | heap=0.3kB/105.8kB (min=105.5kB, biggest=105.5kB) | arena=3.4kB | V_bus=4.932V I_bus=58.2mA P_bus=287.1mW E_total_accum=109.277mWh
07:29:53.280 > [BENCH] IDLE | t_inference_us=0 | heap=0.3kB/105.8kB (min=105.5kB, biggest=105.5kB) | arena=3.4kB | V_bus=4.940V I_bus=58.1mA P_bus=286.6mW E_total_accum=109.438mWh
07:29:55.303 > [BENCH] IDLE | t_inference_us=0 | heap=0.3kB/105.8kB (min=105.5kB, biggest=105.5kB) | arena=3.4kB | V_bus=4.924V I_bus=58.1mA P_bus=286.8mW E_total_accum=109.599mWh
07:29:57.325 > [BENCH] IDLE | t_inference_us=0 | heap=0.3kB/105.8kB (min=105.5kB, biggest=105.5kB) | arena=3.4kB | V_bus=4.932V I_bus=57.9mA P_bus=285.5mW E_total_accum=109.758mWh
07:29:59.338 > [BENCH] IDLE | t_inference_us=0 | heap=0.3kB/105.8kB (min=105.5kB, biggest=105.5kB) | arena=3.4kB | V_bus=4.928V I_bus=58.0mA P_bus=285.9mW E_total_accum=109.919mWh
07:30:01.371 > [BENCH] IDLE | t_inference_us=0 | heap=0.3kB/105.8kB (min=105.5kB, biggest=105.5kB) | arena=3.4kB | V_bus=4.940V I_bus=57.9mA P_bus=285.6mW E_total_accum=110.079mWh
07:30:03.388 > [BENCH] IDLE | t_inference_us=0 | heap=0.3kB/105.8kB (min=105.5kB, biggest=105.5kB) | arena=3.4kB | V_bus=4.940V I_bus=57.8mA P_bus=285.4mW E_total_accum=110.239mWh
07:30:05.403 > [BENCH] IDLE | t_inference_us=0 | heap=0.3kB/105.8kB (min=105.5kB, biggest=105.5kB) | arena=3.4kB | V_bus=4.928V I_bus=58.0mA P_bus=286.2mW E_total_accum=110.400mWh
07:30:07.435 > [BENCH] IDLE | t_inference_us=0 | heap=0.3kB/105.8kB (min=105.5kB, biggest=105.5kB) | arena=3.4kB | V_bus=4.932V I_bus=57.8mA P_bus=285.0mW E_total_accum=110.559mWh
07:30:09.452 > [BENCH] IDLE | t_inference_us=0 | heap=0.3kB/105.8kB (min=105.5kB, biggest=105.5kB) | arena=3.4kB | V_bus=4.924V I_bus=57.8mA P_bus=285.2mW E_total_accum=110.719mWh
07:30:11.479 > [BENCH] IDLE | t_inference_us=0 | heap=0.3kB/105.8kB (min=105.5kB, biggest=105.5kB) | arena=3.4kB | V_bus=4.940V I_bus=57.9mA P_bus=285.8mW E_total_accum=110.879mWh
07:30:13.486 > [BENCH] IDLE | t_inference_us=0 | heap=0.3kB/105.8kB (min=105.5kB, biggest=105.5kB) | arena=3.4kB | V_bus=4.936V I_bus=58.1mA P_bus=286.5mW E_total_accum=111.040mWh
07:30:15.527 > [BENCH] IDLE | t_inference_us=0 | heap=0.3kB/105.8kB (min=105.5kB, biggest=105.5kB) | arena=3.4kB | V_bus=4.936V I_bus=58.0mA P_bus=285.9mW E_total_accum=111.201mWh
07:30:17.549 > [BENCH] IDLE | t_inference_us=0 | heap=0.3kB/105.8kB (min=105.5kB, biggest=105.5kB) | arena=3.4kB | V_bus=4.928V I_bus=58.3mA P_bus=287.6mW E_total_accum=111.362mWh
07:30:19.568 > [BENCH] IDLE | t_inference_us=0 | heap=0.3kB/105.8kB (min=105.5kB, biggest=105.5kB) | arena=3.4kB | V_bus=4.936V I_bus=58.0mA P_bus=286.1mW E_total_accum=111.522mWh
07:30:21.583 > [BENCH] IDLE | t_inference_us=0 | heap=0.3kB/105.8kB (min=105.5kB, biggest=105.5kB) | arena=3.4kB | V_bus=4.928V I_bus=58.0mA P_bus=286.3mW E_total_accum=111.683mWh
07:30:23.617 > [BENCH] IDLE | t_inference_us=0 | heap=0.3kB/105.8kB (min=105.5kB, biggest=105.5kB) | arena=3.4kB | V_bus=4.936V I_bus=57.8mA P_bus=285.1mW E_total_accum=111.843mWh
07:30:25.634 > [BENCH] IDLE | t_inference_us=0 | heap=0.3kB/105.8kB (min=105.5kB, biggest=105.5kB) | arena=3.4kB | V_bus=4.940V I_bus=57.8mA P_bus=285.0mW E_total_accum=112.002mWh
07:30:27.654 > [BENCH] IDLE | t_inference_us=0 | heap=0.3kB/105.8kB (min=105.5kB, biggest=105.5kB) | arena=3.4kB | V_bus=4.928V I_bus=58.0mA P_bus=286.0mW E_total_accum=112.162mWh
07:30:29.680 > [BENCH] IDLE | t_inference_us=0 | heap=0.3kB/105.8kB (min=105.5kB, biggest=105.5kB) | arena=3.4kB | V_bus=4.936V I_bus=57.9mA P_bus=285.6mW E_total_accum=112.323mWh
07:30:31.649 > 
07:30:31.649 > [EVENT] type=HOUR  Tin=27.20 Hin=77.00 Tout=28.40 Hout=79.90
07:30:31.665 > [infer] warmup: window 22/24 - (Invoke NOT executed)
07:30:31.932 > [SENSORS] Health IN ok=650 err=0 reinit=0 pwr=0 | OUT ok=650 err=0 reinit=0 pwr=0
07:30:33.169 > [BENCH] IDLE | t_inference_us=0 | heap=0.3kB/105.8kB (min=105.5kB, biggest=105.5kB) | arena=3.4kB | V_bus=4.940V I_bus=57.6mA P_bus=284.2mW E_total_accum=112.598mWh
07:30:35.199 > [BENCH] IDLE | t_inference_us=0 | heap=0.3kB/105.8kB (min=105.5kB, biggest=105.5kB) | arena=3.4kB | V_bus=4.932V I_bus=57.9mA P_bus=285.8mW E_total_accum=112.758mWh
07:30:37.209 > [BENCH] IDLE | t_inference_us=0 | heap=0.3kB/105.8kB (min=105.5kB, biggest=105.5kB) | arena=3.4kB | V_bus=4.924V I_bus=57.8mA P_bus=285.3mW E_total_accum=112.918mWh
07:30:39.228 > [BENCH] IDLE | t_inference_us=0 | heap=0.3kB/105.8kB (min=105.5kB, biggest=105.5kB) | arena=3.4kB | V_bus=4.932V I_bus=57.8mA P_bus=284.9mW E_total_accum=113.078mWh
07:30:41.264 > [BENCH] IDLE | t_inference_us=0 | heap=0.3kB/105.8kB (min=105.5kB, biggest=105.5kB) | arena=3.4kB | V_bus=4.932V I_bus=57.6mA P_bus=283.9mW E_total_accum=113.237mWh
07:30:43.279 > [BENCH] IDLE | t_inference_us=0 | heap=0.3kB/105.8kB (min=105.5kB, biggest=105.5kB) | arena=3.4kB | V_bus=4.940V I_bus=57.7mA P_bus=284.7mW E_total_accum=113.397mWh
07:30:45.313 > [BENCH] IDLE | t_inference_us=0 | heap=0.3kB/105.8kB (min=105.5kB, biggest=105.5kB) | arena=3.4kB | V_bus=4.936V I_bus=57.7mA P_bus=284.9mW E_total_accum=113.557mWh
07:30:47.336 > [BENCH] IDLE | t_inference_us=0 | heap=0.3kB/105.8kB (min=105.5kB, biggest=105.5kB) | arena=3.4kB | V_bus=4.940V I_bus=57.8mA P_bus=285.1mW E_total_accum=113.717mWh
07:30:49.358 > [BENCH] IDLE | t_inference_us=0 | heap=0.3kB/105.8kB (min=105.5kB, biggest=105.5kB) | arena=3.4kB | V_bus=4.924V I_bus=57.8mA P_bus=285.1mW E_total_accum=113.877mWh
07:30:51.377 > [BENCH] IDLE | t_inference_us=0 | heap=0.3kB/105.8kB (min=105.5kB, biggest=105.5kB) | arena=3.4kB | V_bus=4.928V I_bus=57.7mA P_bus=284.6mW E_total_accum=114.037mWh
07:30:53.401 > [BENCH] IDLE | t_inference_us=0 | heap=0.3kB/105.8kB (min=105.5kB, biggest=105.5kB) | arena=3.4kB | V_bus=4.924V I_bus=57.8mA P_bus=284.9mW E_total_accum=114.196mWh
07:30:55.427 > [BENCH] IDLE | t_inference_us=0 | heap=0.3kB/105.8kB (min=105.5kB, biggest=105.5kB) | arena=3.4kB | V_bus=4.936V I_bus=57.6mA P_bus=284.2mW E_total_accum=114.356mWh
07:30:57.444 > [BENCH] IDLE | t_inference_us=0 | heap=0.3kB/105.8kB (min=105.5kB, biggest=105.5kB) | arena=3.4kB | V_bus=4.932V I_bus=58.1mA P_bus=286.5mW E_total_accum=114.516mWh
07:30:59.477 > [BENCH] IDLE | t_inference_us=0 | heap=0.3kB/105.8kB (min=105.5kB, biggest=105.5kB) | arena=3.4kB | V_bus=4.940V I_bus=58.2mA P_bus=286.9mW E_total_accum=114.677mWh
07:31:01.491 > [BENCH] IDLE | t_inference_us=0 | heap=0.3kB/105.8kB (min=105.5kB, biggest=105.5kB) | arena=3.4kB | V_bus=4.936V I_bus=57.9mA P_bus=285.7mW E_total_accum=114.837mWh
07:31:03.513 > [BENCH] IDLE | t_inference_us=0 | heap=0.3kB/105.8kB (min=105.5kB, biggest=105.5kB) | arena=3.4kB | V_bus=4.928V I_bus=58.0mA P_bus=286.2mW E_total_accum=114.998mWh
07:31:05.541 > [BENCH] IDLE | t_inference_us=0 | heap=0.3kB/105.8kB (min=105.5kB, biggest=105.5kB) | arena=3.4kB | V_bus=4.932V I_bus=57.8mA P_bus=285.1mW E_total_accum=115.158mWh
07:31:07.562 > [BENCH] IDLE | t_inference_us=0 | heap=0.3kB/105.8kB (min=105.5kB, biggest=105.5kB) | arena=3.4kB | V_bus=4.928V I_bus=57.8mA P_bus=285.2mW E_total_accum=115.318mWh
07:31:09.578 > [BENCH] IDLE | t_inference_us=0 | heap=0.3kB/105.8kB (min=105.5kB, biggest=105.5kB) | arena=3.4kB | V_bus=4.940V I_bus=58.0mA P_bus=286.0mW E_total_accum=115.478mWh
07:31:11.606 > [BENCH] IDLE | t_inference_us=0 | heap=0.3kB/105.8kB (min=105.5kB, biggest=105.5kB) | arena=3.4kB | V_bus=4.940V I_bus=57.9mA P_bus=285.8mW E_total_accum=115.638mWh
07:31:13.624 > [BENCH] IDLE | t_inference_us=0 | heap=0.3kB/105.8kB (min=105.5kB, biggest=105.5kB) | arena=3.4kB | V_bus=4.928V I_bus=58.0mA P_bus=286.1mW E_total_accum=115.798mWh
07:31:15.631 > [BENCH] IDLE | t_inference_us=0 | heap=0.3kB/105.8kB (min=105.5kB, biggest=105.5kB) | arena=3.4kB | V_bus=4.928V I_bus=58.0mA P_bus=286.3mW E_total_accum=115.959mWh
07:31:17.670 > [BENCH] IDLE | t_inference_us=0 | heap=0.3kB/105.8kB (min=105.5kB, biggest=105.5kB) | arena=3.4kB | V_bus=4.928V I_bus=57.8mA P_bus=285.0mW E_total_accum=116.118mWh
07:31:19.691 > [BENCH] IDLE | t_inference_us=0 | heap=0.3kB/105.8kB (min=105.5kB, biggest=105.5kB) | arena=3.4kB | V_bus=4.928V I_bus=57.8mA P_bus=285.1mW E_total_accum=116.279mWh
07:31:21.717 > [BENCH] IDLE | t_inference_us=0 | heap=0.3kB/105.8kB (min=105.5kB, biggest=105.5kB) | arena=3.4kB | V_bus=4.932V I_bus=57.6mA P_bus=284.3mW E_total_accum=116.438mWh
07:31:23.737 > [BENCH] IDLE | t_inference_us=0 | heap=0.3kB/105.8kB (min=105.5kB, biggest=105.5kB) | arena=3.4kB | V_bus=4.928V I_bus=57.7mA P_bus=284.7mW E_total_accum=116.598mWh
07:31:25.760 > [BENCH] IDLE | t_inference_us=0 | heap=0.3kB/105.8kB (min=105.5kB, biggest=105.5kB) | arena=3.4kB | V_bus=4.936V I_bus=57.9mA P_bus=285.7mW E_total_accum=116.758mWh
07:31:27.785 > [BENCH] IDLE | t_inference_us=0 | heap=0.3kB/105.8kB (min=105.5kB, biggest=105.5kB) | arena=3.4kB | V_bus=4.932V I_bus=58.2mA P_bus=287.0mW E_total_accum=116.919mWh
07:31:29.811 > [BENCH] IDLE | t_inference_us=0 | heap=0.3kB/105.8kB (min=105.5kB, biggest=105.5kB) | arena=3.4kB | V_bus=4.940V I_bus=58.1mA P_bus=286.6mW E_total_accum=117.080mWh
07:31:31.787 > 
07:31:31.787 > [EVENT] type=HOUR  Tin=27.30 Hin=77.04 Tout=28.40 Hout=80.20
07:31:31.787 > [infer] warmup: window 23/24 - (Invoke NOT executed)
07:31:32.056 > [SENSORS] Health IN ok=678 err=0 reinit=0 pwr=0 | OUT ok=678 err=0 reinit=0 pwr=0
07:31:33.306 > [BENCH] IDLE | t_inference_us=0 | heap=0.3kB/105.8kB (min=105.5kB, biggest=105.5kB) | arena=3.4kB | V_bus=4.928V I_bus=58.5mA P_bus=288.7mW E_total_accum=117.361mWh
07:31:35.318 > [BENCH] IDLE | t_inference_us=0 | heap=0.3kB/105.8kB (min=105.5kB, biggest=105.5kB) | arena=3.4kB | V_bus=4.932V I_bus=58.4mA P_bus=287.9mW E_total_accum=117.522mWh
07:31:37.343 > [BENCH] IDLE | t_inference_us=0 | heap=0.3kB/105.8kB (min=105.5kB, biggest=105.5kB) | arena=3.4kB | V_bus=4.924V I_bus=58.5mA P_bus=288.5mW E_total_accum=117.684mWh
07:31:39.369 > [BENCH] IDLE | t_inference_us=0 | heap=0.3kB/105.8kB (min=105.5kB, biggest=105.5kB) | arena=3.4kB | V_bus=4.936V I_bus=58.4mA P_bus=288.3mW E_total_accum=117.845mWh
07:31:41.394 > [BENCH] IDLE | t_inference_us=0 | heap=0.3kB/105.8kB (min=105.5kB, biggest=105.5kB) | arena=3.4kB | V_bus=4.940V I_bus=58.3mA P_bus=287.6mW E_total_accum=118.006mWh
07:31:43.401 > [BENCH] IDLE | t_inference_us=0 | heap=0.3kB/105.8kB (min=105.5kB, biggest=105.5kB) | arena=3.4kB | V_bus=4.928V I_bus=58.3mA P_bus=287.7mW E_total_accum=118.167mWh
07:31:45.435 > [BENCH] IDLE | t_inference_us=0 | heap=0.3kB/105.8kB (min=105.5kB, biggest=105.5kB) | arena=3.4kB | V_bus=4.936V I_bus=58.0mA P_bus=286.3mW E_total_accum=118.328mWh
07:31:47.451 > [BENCH] IDLE | t_inference_us=0 | heap=0.3kB/105.8kB (min=105.5kB, biggest=105.5kB) | arena=3.4kB | V_bus=4.928V I_bus=58.0mA P_bus=286.3mW E_total_accum=118.489mWh
07:31:49.482 > [BENCH] IDLE | t_inference_us=0 | heap=0.3kB/105.8kB (min=105.5kB, biggest=105.5kB) | arena=3.4kB | V_bus=4.924V I_bus=57.9mA P_bus=285.3mW E_total_accum=118.649mWh
07:31:51.503 > [BENCH] IDLE | t_inference_us=0 | heap=0.3kB/105.8kB (min=105.5kB, biggest=105.5kB) | arena=3.4kB | V_bus=4.928V I_bus=57.7mA P_bus=284.5mW E_total_accum=118.808mWh
07:31:53.513 > [BENCH] IDLE | t_inference_us=0 | heap=0.3kB/105.8kB (min=105.5kB, biggest=105.5kB) | arena=3.4kB | V_bus=4.928V I_bus=57.8mA P_bus=285.0mW E_total_accum=118.968mWh
07:31:55.548 > [BENCH] IDLE | t_inference_us=0 | heap=0.3kB/105.8kB (min=105.5kB, biggest=105.5kB) | arena=3.4kB | V_bus=4.932V I_bus=57.6mA P_bus=284.2mW E_total_accum=119.127mWh
07:31:57.565 > [BENCH] IDLE | t_inference_us=0 | heap=0.3kB/105.8kB (min=105.5kB, biggest=105.5kB) | arena=3.4kB | V_bus=4.924V I_bus=57.7mA P_bus=284.6mW E_total_accum=119.287mWh
07:31:59.598 > [BENCH] IDLE | t_inference_us=0 | heap=0.3kB/105.8kB (min=105.5kB, biggest=105.5kB) | arena=3.4kB | V_bus=4.928V I_bus=57.6mA P_bus=283.9mW E_total_accum=119.446mWh
07:32:01.615 > [BENCH] IDLE | t_inference_us=0 | heap=0.3kB/105.8kB (min=105.5kB, biggest=105.5kB) | arena=3.4kB | V_bus=4.932V I_bus=57.9mA P_bus=285.5mW E_total_accum=119.606mWh
07:32:03.628 > [BENCH] IDLE | t_inference_us=0 | heap=0.3kB/105.8kB (min=105.5kB, biggest=105.5kB) | arena=3.4kB | V_bus=4.940V I_bus=57.9mA P_bus=285.5mW E_total_accum=119.767mWh
07:32:05.659 > [BENCH] IDLE | t_inference_us=0 | heap=0.3kB/105.8kB (min=105.5kB, biggest=105.5kB) | arena=3.4kB | V_bus=4.932V I_bus=58.3mA P_bus=287.3mW E_total_accum=119.928mWh
07:32:07.679 > [BENCH] IDLE | t_inference_us=0 | heap=0.3kB/105.8kB (min=105.5kB, biggest=105.5kB) | arena=3.4kB | V_bus=4.940V I_bus=58.1mA P_bus=286.9mW E_total_accum=120.088mWh
07:32:09.713 > [BENCH] IDLE | t_inference_us=0 | heap=0.3kB/105.8kB (min=105.5kB, biggest=105.5kB) | arena=3.4kB | V_bus=4.936V I_bus=58.2mA P_bus=287.0mW E_total_accum=120.250mWh
07:32:11.729 > [BENCH] IDLE | t_inference_us=0 | heap=0.3kB/105.8kB (min=105.5kB, biggest=105.5kB) | arena=3.4kB | V_bus=4.928V I_bus=58.0mA P_bus=286.3mW E_total_accum=120.410mWh
07:32:13.746 > [BENCH] IDLE | t_inference_us=0 | heap=0.3kB/105.8kB (min=105.5kB, biggest=105.5kB) | arena=3.4kB | V_bus=4.932V I_bus=58.0mA P_bus=285.9mW E_total_accum=120.570mWh
07:32:15.760 > [BENCH] IDLE | t_inference_us=0 | heap=0.3kB/105.8kB (min=105.5kB, biggest=105.5kB) | arena=3.4kB | V_bus=4.924V I_bus=58.0mA P_bus=285.8mW E_total_accum=120.730mWh
07:32:17.793 > [BENCH] IDLE | t_inference_us=0 | heap=0.3kB/105.8kB (min=105.5kB, biggest=105.5kB) | arena=3.4kB | V_bus=4.936V I_bus=57.7mA P_bus=284.7mW E_total_accum=120.890mWh
07:32:19.810 > [BENCH] IDLE | t_inference_us=0 | heap=0.3kB/105.8kB (min=105.5kB, biggest=105.5kB) | arena=3.4kB | V_bus=4.932V I_bus=58.0mA P_bus=286.2mW E_total_accum=121.050mWh
07:32:21.827 > [BENCH] IDLE | t_inference_us=0 | heap=0.3kB/105.8kB (min=105.5kB, biggest=105.5kB) | arena=3.4kB | V_bus=4.936V I_bus=58.1mA P_bus=286.4mW E_total_accum=121.211mWh
07:32:23.861 > [BENCH] IDLE | t_inference_us=0 | heap=0.3kB/105.8kB (min=105.5kB, biggest=105.5kB) | arena=3.4kB | V_bus=4.936V I_bus=58.1mA P_bus=286.7mW E_total_accum=121.372mWh
07:32:25.873 > [BENCH] IDLE | t_inference_us=0 | heap=0.3kB/105.8kB (min=105.5kB, biggest=105.5kB) | arena=3.4kB | V_bus=4.936V I_bus=58.1mA P_bus=286.6mW E_total_accum=121.532mWh
07:32:27.907 > [BENCH] IDLE | t_inference_us=0 | heap=0.3kB/105.8kB (min=105.5kB, biggest=105.5kB) | arena=3.4kB | V_bus=4.936V I_bus=57.9mA P_bus=285.6mW E_total_accum=121.693mWh
07:32:29.925 > [BENCH] IDLE | t_inference_us=0 | heap=0.3kB/105.8kB (min=105.5kB, biggest=105.5kB) | arena=3.4kB | V_bus=4.924V I_bus=58.0mA P_bus=286.2mW E_total_accum=121.853mWh
07:32:31.869 > 
07:32:31.869 > [EVENT] type=HOUR  Tin=27.40 Hin=76.03 Tout=28.40 Hout=80.00
07:32:31.898 > [infer] REAL - Invoke executed (model ran)
07:32:31.920 > 
07:32:31.920 > [PWR] infer | E_inference_window(ΔE_total)=2.136µWh (E0=122.007355mWh E1=122.009491mWh) | E_inference_pipeline(ΔE_total)=2.434µWh (E0=122.007164mWh E1=122.009598mWh) | t_inference=25.476ms | t_inference_pipeline=30.625ms | E_total_accum=122.010mWh
07:32:31.938 > [BENCH] INFER_HOURLY | t_inference_us=25476 | heap=0.3kB/105.9kB (min=103.3kB, biggest=105.6kB) | arena=3.4kB | V_bus=4.940V I_bus=58.3mA P_bus=287.2mW E_total_accum=122.010mWh
07:32:31.953 > [HOUR] Tin=27.40 Hin=76.03 | Tp=27.03 Hp=76.90
07:32:31.953 > [HOUR] SAMPLES | N_ALL=1 N_T=1 N_H=1
07:32:31.953 > [HOUR] METRICS | MAE=nan RMSE=nan R2=NA | MAE_T=nan RMSE_T=nan R2_T=NA | MAE_H=nan RMSE_H=nan R2_H=NA
07:32:32.190 > [SENSORS] Health IN ok=706 err=0 reinit=0 pwr=0 | OUT ok=706 err=0 reinit=0 pwr=0
07:32:33.959 > [BENCH] IDLE | t_inference_us=0 | heap=0.3kB/105.8kB (min=103.3kB, biggest=105.5kB) | arena=3.4kB | V_bus=4.932V I_bus=58.0mA P_bus=285.9mW E_total_accum=122.174mWh
07:32:35.992 > [BENCH] IDLE | t_inference_us=0 | heap=0.3kB/105.8kB (min=103.3kB, biggest=105.5kB) | arena=3.4kB | V_bus=4.928V I_bus=58.0mA P_bus=286.1mW E_total_accum=122.334mWh
07:32:38.005 > [BENCH] IDLE | t_inference_us=0 | heap=0.3kB/105.8kB (min=103.3kB, biggest=105.5kB) | arena=3.4kB | V_bus=4.936V I_bus=57.9mA P_bus=285.5mW E_total_accum=122.494mWh
07:32:40.037 > [BENCH] IDLE | t_inference_us=0 | heap=0.3kB/105.8kB (min=103.3kB, biggest=105.5kB) | arena=3.4kB | V_bus=4.936V I_bus=58.2mA P_bus=286.9mW E_total_accum=122.655mWh
07:32:42.063 > [BENCH] IDLE | t_inference_us=0 | heap=0.3kB/105.8kB (min=103.3kB, biggest=105.5kB) | arena=3.4kB | V_bus=4.940V I_bus=58.2mA P_bus=287.2mW E_total_accum=122.816mWh
07:32:44.082 > [BENCH] IDLE | t_inference_us=0 | heap=0.3kB/105.8kB (min=103.3kB, biggest=105.5kB) | arena=3.4kB | V_bus=4.940V I_bus=58.2mA P_bus=287.4mW E_total_accum=122.977mWh
07:32:46.106 > [BENCH] IDLE | t_inference_us=0 | heap=0.3kB/105.8kB (min=103.3kB, biggest=105.5kB) | arena=3.4kB | V_bus=4.932V I_bus=58.1mA P_bus=286.7mW E_total_accum=123.138mWh
07:32:48.118 > [BENCH] IDLE | t_inference_us=0 | heap=0.3kB/105.8kB (min=103.3kB, biggest=105.5kB) | arena=3.4kB | V_bus=4.932V I_bus=58.0mA P_bus=286.3mW E_total_accum=123.299mWh
07:32:50.151 > [BENCH] IDLE | t_inference_us=0 | heap=0.3kB/105.8kB (min=103.3kB, biggest=105.5kB) | arena=3.4kB | V_bus=4.956V I_bus=58.0mA P_bus=286.5mW E_total_accum=123.459mWh
07:32:52.173 > [BENCH] IDLE | t_inference_us=0 | heap=0.3kB/105.8kB (min=103.3kB, biggest=105.5kB) | arena=3.4kB | V_bus=4.936V I_bus=57.8mA P_bus=285.4mW E_total_accum=123.619mWh
07:32:54.187 > [BENCH] IDLE | t_inference_us=0 | heap=0.3kB/105.8kB (min=103.3kB, biggest=105.5kB) | arena=3.4kB | V_bus=4.936V I_bus=58.1mA P_bus=287.1mW E_total_accum=123.780mWh
07:32:56.215 > [BENCH] IDLE | t_inference_us=0 | heap=0.3kB/105.8kB (min=103.3kB, biggest=105.5kB) | arena=3.4kB | V_bus=4.936V I_bus=58.1mA P_bus=286.8mW E_total_accum=123.941mWh
07:32:58.235 > [BENCH] IDLE | t_inference_us=0 | heap=0.3kB/105.8kB (min=103.3kB, biggest=105.5kB) | arena=3.4kB | V_bus=4.940V I_bus=58.0mA P_bus=286.6mW E_total_accum=124.101mWh
07:33:00.252 > [BENCH] IDLE | t_inference_us=0 | heap=0.3kB/105.8kB (min=103.3kB, biggest=105.5kB) | arena=3.4kB | V_bus=4.936V I_bus=58.1mA P_bus=286.7mW E_total_accum=124.262mWh
07:33:02.283 > [BENCH] IDLE | t_inference_us=0 | heap=0.3kB/105.8kB (min=103.3kB, biggest=105.5kB) | arena=3.4kB | V_bus=4.936V I_bus=58.1mA P_bus=287.0mW E_total_accum=124.423mWh
07:33:04.301 > [BENCH] IDLE | t_inference_us=0 | heap=0.3kB/105.8kB (min=103.3kB, biggest=105.5kB) | arena=3.4kB | V_bus=4.932V I_bus=58.0mA P_bus=286.1mW E_total_accum=124.583mWh
07:33:06.327 > [BENCH] IDLE | t_inference_us=0 | heap=0.3kB/105.8kB (min=103.3kB, biggest=105.5kB) | arena=3.4kB | V_bus=4.928V I_bus=57.9mA P_bus=285.5mW E_total_accum=124.744mWh
07:33:08.336 > [BENCH] IDLE | t_inference_us=0 | heap=0.3kB/105.8kB (min=103.3kB, biggest=105.5kB) | arena=3.4kB | V_bus=4.936V I_bus=57.7mA P_bus=284.7mW E_total_accum=124.903mWh
07:33:10.365 > [BENCH] IDLE | t_inference_us=0 | heap=0.3kB/105.8kB (min=103.3kB, biggest=105.5kB) | arena=3.4kB | V_bus=4.936V I_bus=58.1mA P_bus=286.8mW E_total_accum=125.064mWh
07:33:12.384 > [BENCH] IDLE | t_inference_us=0 | heap=0.3kB/105.8kB (min=103.3kB, biggest=105.5kB) | arena=3.4kB | V_bus=4.940V I_bus=58.0mA P_bus=286.5mW E_total_accum=125.225mWh
07:33:14.416 > [BENCH] IDLE | t_inference_us=0 | heap=0.3kB/105.8kB (min=103.3kB, biggest=105.5kB) | arena=3.4kB | V_bus=4.936V I_bus=58.4mA P_bus=288.0mW E_total_accum=125.386mWh
07:33:16.433 > [BENCH] IDLE | t_inference_us=0 | heap=0.3kB/105.8kB (min=103.3kB, biggest=105.5kB) | arena=3.4kB | V_bus=4.940V I_bus=58.3mA P_bus=287.7mW E_total_accum=125.548mWh
07:33:18.460 > [BENCH] IDLE | t_inference_us=0 | heap=0.3kB/105.8kB (min=103.3kB, biggest=105.5kB) | arena=3.4kB | V_bus=4.932V I_bus=58.3mA P_bus=288.0mW E_total_accum=125.709mWh
07:33:20.478 > [BENCH] IDLE | t_inference_us=0 | heap=0.3kB/105.8kB (min=103.3kB, biggest=105.5kB) | arena=3.4kB | V_bus=4.928V I_bus=58.2mA P_bus=287.2mW E_total_accum=125.870mWh
07:33:22.497 > [BENCH] IDLE | t_inference_us=0 | heap=0.3kB/105.8kB (min=103.3kB, biggest=105.5kB) | arena=3.4kB | V_bus=4.928V I_bus=58.3mA P_bus=287.4mW E_total_accum=126.031mWh
07:33:24.529 > [BENCH] IDLE | t_inference_us=0 | heap=0.3kB/105.8kB (min=103.3kB, biggest=105.5kB) | arena=3.4kB | V_bus=4.928V I_bus=58.0mA P_bus=286.2mW E_total_accum=126.192mWh
07:33:26.556 > [BENCH] IDLE | t_inference_us=0 | heap=0.3kB/105.8kB (min=103.3kB, biggest=105.5kB) | arena=3.4kB | V_bus=4.928V I_bus=58.1mA P_bus=286.4mW E_total_accum=126.353mWh
07:33:28.580 > [BENCH] IDLE | t_inference_us=0 | heap=0.3kB/105.8kB (min=103.3kB, biggest=105.5kB) | arena=3.4kB | V_bus=4.940V I_bus=58.1mA P_bus=286.5mW E_total_accum=126.513mWh
07:33:30.604 > [BENCH] IDLE | t_inference_us=0 | heap=0.3kB/105.8kB (min=103.3kB, biggest=105.5kB) | arena=3.4kB | V_bus=4.932V I_bus=58.3mA P_bus=287.8mW E_total_accum=126.675mWh
07:33:32.010 > 
07:33:32.010 > [EVENT] type=HOUR  Tin=26.90 Hin=73.60 Tout=28.50 Hout=79.80
07:33:32.050 > [infer] REAL - Invoke executed (model ran)
07:33:32.052 > 
07:33:32.052 > [PWR] infer | E_inference_window(ΔE_total)=2.151µWh (E0=126.788559mWh E1=126.790710mWh) | E_inference_pipeline(ΔE_total)=2.457µWh (E0=126.788368mWh E1=126.790825mWh) | t_inference=25.474ms | t_inference_pipeline=30.620ms | E_total_accum=126.791mWh
07:33:32.076 > [BENCH] INFER_HOURLY | t_inference_us=25474 | heap=0.3kB/105.9kB (min=103.3kB, biggest=105.6kB) | arena=3.4kB | V_bus=4.920V I_bus=58.6mA P_bus=289.0mW E_total_accum=126.791mWh
07:33:32.092 > [HOUR] Tin=26.90 Hin=73.60 | Tp=27.13 Hp=75.91
07:33:32.094 > [HOUR] SAMPLES | N_ALL=2 N_T=2 N_H=2
07:33:32.098 > [HOUR] METRICS | MAE=nan RMSE=nan R2=NA | MAE_T=nan RMSE_T=nan R2_T=NA | MAE_H=nan RMSE_H=nan R2_H=NA
07:33:32.346 > [SENSORS] Health IN ok=734 err=0 reinit=0 pwr=0 | OUT ok=735 err=0 reinit=0 pwr=0
07:33:34.112 > [BENCH] IDLE | t_inference_us=0 | heap=0.3kB/105.8kB (min=103.3kB, biggest=105.5kB) | arena=3.4kB | V_bus=4.964V I_bus=57.8mA P_bus=285.5mW E_total_accum=126.955mWh
07:33:36.138 > [BENCH] IDLE | t_inference_us=0 | heap=0.3kB/105.8kB (min=103.3kB, biggest=105.5kB) | arena=3.4kB | V_bus=4.928V I_bus=57.7mA P_bus=284.7mW E_total_accum=127.114mWh
07:33:38.164 > [BENCH] IDLE | t_inference_us=0 | heap=0.3kB/105.8kB (min=103.3kB, biggest=105.5kB) | arena=3.4kB | V_bus=4.924V I_bus=57.8mA P_bus=285.2mW E_total_accum=127.274mWh
07:33:40.180 > [BENCH] IDLE | t_inference_us=0 | heap=0.3kB/105.8kB (min=103.3kB, biggest=105.5kB) | arena=3.4kB | V_bus=4.928V I_bus=57.7mA P_bus=284.5mW E_total_accum=127.434mWh
07:33:42.204 > [BENCH] IDLE | t_inference_us=0 | heap=0.3kB/105.8kB (min=103.3kB, biggest=105.5kB) | arena=3.4kB | V_bus=4.920V I_bus=57.8mA P_bus=284.8mW E_total_accum=127.593mWh
07:33:44.224 > [BENCH] IDLE | t_inference_us=0 | heap=0.3kB/105.8kB (min=103.3kB, biggest=105.5kB) | arena=3.4kB | V_bus=4.932V I_bus=57.7mA P_bus=284.3mW E_total_accum=127.753mWh
07:33:46.245 > [BENCH] IDLE | t_inference_us=0 | heap=0.3kB/105.8kB (min=103.3kB, biggest=105.5kB) | arena=3.4kB | V_bus=4.920V I_bus=57.8mA P_bus=284.8mW E_total_accum=127.913mWh
07:33:48.283 > [BENCH] IDLE | t_inference_us=0 | heap=0.3kB/105.8kB (min=103.3kB, biggest=105.5kB) | arena=3.4kB | V_bus=4.928V I_bus=57.7mA P_bus=284.1mW E_total_accum=128.072mWh
07:33:50.305 > [BENCH] IDLE | t_inference_us=0 | heap=0.3kB/105.8kB (min=103.3kB, biggest=105.5kB) | arena=3.4kB | V_bus=4.920V I_bus=57.7mA P_bus=284.4mW E_total_accum=128.232mWh
07:33:52.334 > [BENCH] IDLE | t_inference_us=0 | heap=0.3kB/105.8kB (min=103.3kB, biggest=105.5kB) | arena=3.4kB | V_bus=4.924V I_bus=57.6mA P_bus=283.7mW E_total_accum=128.391mWh
07:33:54.358 > [BENCH] IDLE | t_inference_us=0 | heap=0.3kB/105.8kB (min=103.3kB, biggest=105.5kB) | arena=3.4kB | V_bus=4.920V I_bus=57.7mA P_bus=284.1mW E_total_accum=128.550mWh
07:33:56.381 > [BENCH] IDLE | t_inference_us=0 | heap=0.3kB/105.8kB (min=103.3kB, biggest=105.5kB) | arena=3.4kB | V_bus=4.928V I_bus=57.6mA P_bus=283.6mW E_total_accum=128.709mWh
07:33:58.391 > [BENCH] IDLE | t_inference_us=0 | heap=0.3kB/105.8kB (min=103.3kB, biggest=105.5kB) | arena=3.4kB | V_bus=4.924V I_bus=57.7mA P_bus=284.2mW E_total_accum=128.869mWh
07:34:00.424 > [BENCH] IDLE | t_inference_us=0 | heap=0.3kB/105.8kB (min=103.3kB, biggest=105.5kB) | arena=3.4kB | V_bus=4.928V I_bus=57.7mA P_bus=284.0mW E_total_accum=129.028mWh
07:34:02.441 > [BENCH] IDLE | t_inference_us=0 | heap=0.3kB/105.8kB (min=103.3kB, biggest=105.5kB) | arena=3.4kB | V_bus=4.924V I_bus=57.7mA P_bus=284.2mW E_total_accum=129.188mWh
07:34:04.474 > [BENCH] IDLE | t_inference_us=0 | heap=0.3kB/105.8kB (min=103.3kB, biggest=105.5kB) | arena=3.4kB | V_bus=4.932V I_bus=58.1mA P_bus=286.1mW E_total_accum=129.348mWh
07:34:06.487 > [BENCH] IDLE | t_inference_us=0 | heap=0.3kB/105.8kB (min=103.3kB, biggest=105.5kB) | arena=3.4kB | V_bus=4.932V I_bus=58.1mA P_bus=286.5mW E_total_accum=129.509mWh
07:34:08.520 > [BENCH] IDLE | t_inference_us=0 | heap=0.3kB/105.8kB (min=103.3kB, biggest=105.5kB) | arena=3.4kB | V_bus=4.932V I_bus=58.5mA P_bus=288.1mW E_total_accum=129.670mWh
07:34:10.541 > [BENCH] IDLE | t_inference_us=0 | heap=0.3kB/105.8kB (min=103.3kB, biggest=105.5kB) | arena=3.4kB | V_bus=4.932V I_bus=58.3mA P_bus=287.5mW E_total_accum=129.831mWh
07:34:12.565 > [BENCH] IDLE | t_inference_us=0 | heap=0.3kB/105.8kB (min=103.3kB, biggest=105.5kB) | arena=3.4kB | V_bus=4.932V I_bus=58.3mA P_bus=287.3mW E_total_accum=129.993mWh
07:34:14.580 > [BENCH] IDLE | t_inference_us=0 | heap=0.3kB/105.8kB (min=103.3kB, biggest=105.5kB) | arena=3.4kB | V_bus=4.924V I_bus=58.3mA P_bus=287.2mW E_total_accum=130.153mWh
07:34:16.607 > [BENCH] IDLE | t_inference_us=0 | heap=0.3kB/105.8kB (min=103.3kB, biggest=105.5kB) | arena=3.4kB | V_bus=4.964V I_bus=58.3mA P_bus=287.9mW E_total_accum=130.315mWh
07:34:18.619 > [BENCH] IDLE | t_inference_us=0 | heap=0.3kB/105.8kB (min=103.3kB, biggest=105.5kB) | arena=3.4kB | V_bus=4.936V I_bus=58.3mA P_bus=287.8mW E_total_accum=130.476mWh
07:34:20.639 > [BENCH] IDLE | t_inference_us=0 | heap=0.3kB/105.8kB (min=103.3kB, biggest=105.5kB) | arena=3.4kB | V_bus=4.928V I_bus=58.1mA P_bus=286.8mW E_total_accum=130.637mWh
07:34:22.668 > [BENCH] IDLE | t_inference_us=0 | heap=0.3kB/105.8kB (min=103.3kB, biggest=105.5kB) | arena=3.4kB | V_bus=4.924V I_bus=58.1mA P_bus=286.6mW E_total_accum=130.798mWh
07:34:24.696 > [BENCH] IDLE | t_inference_us=0 | heap=0.3kB/105.8kB (min=103.3kB, biggest=105.5kB) | arena=3.4kB | V_bus=4.936V I_bus=58.3mA P_bus=287.6mW E_total_accum=130.959mWh
07:34:26.720 > [BENCH] IDLE | t_inference_us=0 | heap=0.3kB/105.8kB (min=103.3kB, biggest=105.5kB) | arena=3.4kB | V_bus=4.936V I_bus=58.2mA P_bus=287.1mW E_total_accum=131.120mWh
07:34:28.733 > [BENCH] IDLE | t_inference_us=0 | heap=0.3kB/105.8kB (min=103.3kB, biggest=105.5kB) | arena=3.4kB | V_bus=4.940V I_bus=58.0mA P_bus=286.0mW E_total_accum=131.281mWh
07:34:30.767 > [BENCH] IDLE | t_inference_us=0 | heap=0.3kB/105.8kB (min=103.3kB, biggest=105.5kB) | arena=3.4kB | V_bus=4.924V I_bus=58.0mA P_bus=286.2mW E_total_accum=131.441mWh
07:34:32.108 > 
07:34:32.108 > [EVENT] type=HOUR  Tin=26.30 Hin=72.71 Tout=28.60 Hout=79.20
07:34:32.138 > [infer] REAL - Invoke executed (model ran)
07:34:32.139 > 
07:34:32.139 > [PWR] infer | E_inference_window(ΔE_total)=2.121µWh (E0=131.547379mWh E1=131.549500mWh) | E_inference_pipeline(ΔE_total)=2.411µWh (E0=131.547195mWh E1=131.549606mWh) | t_inference=25.478ms | t_inference_pipeline=30.625ms | E_total_accum=131.550mWh
07:34:32.162 > [BENCH] INFER_HOURLY | t_inference_us=25478 | heap=0.3kB/105.9kB (min=103.3kB, biggest=105.6kB) | arena=3.4kB | V_bus=4.920V I_bus=57.9mA P_bus=285.4mW E_total_accum=131.550mWh
07:34:32.202 > [HOUR] Tin=26.30 Hin=72.71 | Tp=26.66 Hp=73.50
07:34:32.202 > [HOUR] SAMPLES | N_ALL=3 N_T=3 N_H=3
07:34:32.202 > [HOUR] METRICS | MAE=nan RMSE=nan R2=NA | MAE_T=nan RMSE_T=nan R2_T=NA | MAE_H=nan RMSE_H=nan R2_H=NA
07:34:32.466 > [SENSORS] Health IN ok=763 err=0 reinit=0 pwr=0 | OUT ok=763 err=0 reinit=0 pwr=0
07:34:34.206 > [BENCH] IDLE | t_inference_us=0 | heap=0.3kB/105.8kB (min=103.3kB, biggest=105.5kB) | arena=3.4kB | V_bus=4.936V I_bus=57.7mA P_bus=284.5mW E_total_accum=131.713mWh
07:34:36.231 > [BENCH] IDLE | t_inference_us=0 | heap=0.3kB/105.8kB (min=103.3kB, biggest=105.5kB) | arena=3.4kB | V_bus=4.924V I_bus=57.8mA P_bus=285.1mW E_total_accum=131.873mWh
07:34:38.248 > [BENCH] IDLE | t_inference_us=0 | heap=0.3kB/105.8kB (min=103.3kB, biggest=105.5kB) | arena=3.4kB | V_bus=4.936V I_bus=57.9mA P_bus=285.5mW E_total_accum=132.033mWh
07:34:40.266 > [BENCH] IDLE | t_inference_us=0 | heap=0.3kB/105.8kB (min=103.3kB, biggest=105.5kB) | arena=3.4kB | V_bus=4.940V I_bus=57.9mA P_bus=285.9mW E_total_accum=132.193mWh
07:34:42.300 > [BENCH] IDLE | t_inference_us=0 | heap=0.3kB/105.8kB (min=103.3kB, biggest=105.5kB) | arena=3.4kB | V_bus=4.928V I_bus=57.8mA P_bus=284.9mW E_total_accum=132.353mWh
07:34:44.317 > [BENCH] IDLE | t_inference_us=0 | heap=0.3kB/105.8kB (min=103.3kB, biggest=105.5kB) | arena=3.4kB | V_bus=4.932V I_bus=57.7mA P_bus=284.8mW E_total_accum=132.513mWh
07:34:46.344 > [BENCH] IDLE | t_inference_us=0 | heap=0.3kB/105.8kB (min=103.3kB, biggest=105.5kB) | arena=3.4kB | V_bus=4.960V I_bus=57.7mA P_bus=285.0mW E_total_accum=132.673mWh
07:34:48.361 > [BENCH] IDLE | t_inference_us=0 | heap=0.3kB/105.8kB (min=103.3kB, biggest=105.5kB) | arena=3.4kB | V_bus=4.928V I_bus=57.6mA P_bus=284.2mW E_total_accum=132.832mWh
07:34:50.380 > [BENCH] IDLE | t_inference_us=0 | heap=0.3kB/105.8kB (min=103.3kB, biggest=105.5kB) | arena=3.4kB | V_bus=4.936V I_bus=57.6mA P_bus=284.2mW E_total_accum=132.991mWh
07:34:52.397 > [BENCH] IDLE | t_inference_us=0 | heap=0.3kB/105.8kB (min=103.3kB, biggest=105.5kB) | arena=3.4kB | V_bus=4.932V I_bus=57.9mA P_bus=285.6mW E_total_accum=133.151mWh
07:34:54.432 > [BENCH] IDLE | t_inference_us=0 | heap=0.3kB/105.8kB (min=103.3kB, biggest=105.5kB) | arena=3.4kB | V_bus=4.928V I_bus=57.6mA P_bus=284.3mW E_total_accum=133.310mWh
07:34:56.448 > [BENCH] IDLE | t_inference_us=0 | heap=0.3kB/105.8kB (min=103.3kB, biggest=105.5kB) | arena=3.4kB | V_bus=4.932V I_bus=57.8mA P_bus=285.0mW E_total_accum=133.470mWh
07:34:58.479 > [BENCH] IDLE | t_inference_us=0 | heap=0.3kB/105.8kB (min=103.3kB, biggest=105.5kB) | arena=3.4kB | V_bus=4.940V I_bus=57.7mA P_bus=284.8mW E_total_accum=133.630mWh
07:35:00.495 > [BENCH] IDLE | t_inference_us=0 | heap=0.3kB/105.8kB (min=103.3kB, biggest=105.5kB) | arena=3.4kB | V_bus=4.932V I_bus=57.8mA P_bus=285.2mW E_total_accum=133.790mWh
07:35:02.523 > [BENCH] IDLE | t_inference_us=0 | heap=0.3kB/105.8kB (min=103.3kB, biggest=105.5kB) | arena=3.4kB | V_bus=4.936V I_bus=58.2mA P_bus=287.4mW E_total_accum=133.951mWh
07:35:04.547 > [BENCH] IDLE | t_inference_us=0 | heap=0.3kB/105.8kB (min=103.3kB, biggest=105.5kB) | arena=3.4kB | V_bus=4.940V I_bus=58.1mA P_bus=286.6mW E_total_accum=134.112mWh
07:35:06.573 > [BENCH] IDLE | t_inference_us=0 | heap=0.3kB/105.8kB (min=103.3kB, biggest=105.5kB) | arena=3.4kB | V_bus=4.932V I_bus=58.1mA P_bus=286.6mW E_total_accum=134.273mWh
07:35:08.591 > [BENCH] IDLE | t_inference_us=0 | heap=0.3kB/105.8kB (min=103.3kB, biggest=105.5kB) | arena=3.4kB | V_bus=4.936V I_bus=57.8mA P_bus=285.1mW E_total_accum=134.433mWh
07:35:10.609 > [BENCH] IDLE | t_inference_us=0 | heap=0.3kB/105.8kB (min=103.3kB, biggest=105.5kB) | arena=3.4kB | V_bus=4.936V I_bus=58.0mA P_bus=286.4mW E_total_accum=134.593mWh
07:35:12.641 > [BENCH] IDLE | t_inference_us=0 | heap=0.3kB/105.8kB (min=103.3kB, biggest=105.5kB) | arena=3.4kB | V_bus=4.964V I_bus=58.6mA P_bus=289.4mW E_total_accum=134.756mWh
07:35:14.660 > [BENCH] IDLE | t_inference_us=0 | heap=0.3kB/105.8kB (min=103.3kB, biggest=105.5kB) | arena=3.4kB | V_bus=4.940V I_bus=58.4mA P_bus=288.6mW E_total_accum=134.917mWh
07:35:16.675 > [BENCH] IDLE | t_inference_us=0 | heap=0.3kB/105.8kB (min=103.3kB, biggest=105.5kB) | arena=3.4kB | V_bus=4.924V I_bus=58.4mA P_bus=288.3mW E_total_accum=135.079mWh
07:35:18.707 > [BENCH] IDLE | t_inference_us=0 | heap=0.3kB/105.8kB (min=103.3kB, biggest=105.5kB) | arena=3.4kB | V_bus=4.936V I_bus=58.0mA P_bus=286.6mW E_total_accum=135.240mWh
07:35:20.731 > [BENCH] IDLE | t_inference_us=0 | heap=0.3kB/105.8kB (min=103.3kB, biggest=105.5kB) | arena=3.4kB | V_bus=4.932V I_bus=58.4mA P_bus=288.5mW E_total_accum=135.402mWh
07:35:22.741 > [BENCH] IDLE | t_inference_us=0 | heap=0.3kB/105.8kB (min=103.3kB, biggest=105.5kB) | arena=3.4kB | V_bus=4.932V I_bus=58.1mA P_bus=286.6mW E_total_accum=135.562mWh
07:35:24.774 > [BENCH] IDLE | t_inference_us=0 | heap=0.3kB/105.8kB (min=103.3kB, biggest=105.5kB) | arena=3.4kB | V_bus=4.932V I_bus=58.5mA P_bus=288.5mW E_total_accum=135.724mWh
07:35:26.800 > [BENCH] IDLE | t_inference_us=0 | heap=0.3kB/105.8kB (min=103.3kB, biggest=105.5kB) | arena=3.4kB | V_bus=4.924V I_bus=58.4mA P_bus=287.9mW E_total_accum=135.885mWh
07:35:28.808 > [BENCH] IDLE | t_inference_us=0 | heap=0.3kB/105.8kB (min=103.3kB, biggest=105.5kB) | arena=3.4kB | V_bus=4.940V I_bus=58.3mA P_bus=287.8mW E_total_accum=136.047mWh
07:35:30.837 > [BENCH] IDLE | t_inference_us=0 | heap=0.3kB/105.8kB (min=103.3kB, biggest=105.5kB) | arena=3.4kB | V_bus=4.932V I_bus=58.3mA P_bus=287.5mW E_total_accum=136.208mWh
07:35:32.204 > 
07:35:32.204 > [EVENT] type=HOUR  Tin=25.70 Hin=72.40 Tout=28.70 Hout=78.60
07:35:32.243 > [infer] REAL - Invoke executed (model ran)
07:35:32.243 > 
07:35:32.243 > [PWR] infer | E_inference_window(ΔE_total)=2.136µWh (E0=136.318008mWh E1=136.320145mWh) | E_inference_pipeline(ΔE_total)=2.441µWh (E0=136.317810mWh E1=136.320251mWh) | t_inference=25.475ms | t_inference_pipeline=30.626ms | E_total_accum=136.320mWh
07:35:32.275 > [BENCH] INFER_HOURLY | t_inference_us=25475 | heap=0.3kB/105.9kB (min=103.3kB, biggest=105.6kB) | arena=3.4kB | V_bus=4.940V I_bus=58.8mA P_bus=290.3mW E_total_accum=136.320mWh
07:35:32.290 > [HOUR] Tin=25.70 Hin=72.40 | Tp=26.06 Hp=72.62
07:35:32.294 > [HOUR] SAMPLES | N_ALL=4 N_T=4 N_H=4
07:35:32.301 > [HOUR] METRICS | MAE=nan RMSE=nan R2=NA | MAE_T=nan RMSE_T=nan R2_T=NA | MAE_H=nan RMSE_H=nan R2_H=NA
07:35:32.622 > [SENSORS] Health IN ok=791 err=0 reinit=0 pwr=0 | OUT ok=791 err=0 reinit=0 pwr=0
07:35:34.321 > [BENCH] IDLE | t_inference_us=0 | heap=0.3kB/105.8kB (min=103.3kB, biggest=105.5kB) | arena=3.4kB | V_bus=4.936V I_bus=58.8mA P_bus=290.2mW E_total_accum=136.487mWh
07:35:36.339 > [BENCH] IDLE | t_inference_us=0 | heap=0.3kB/105.8kB (min=103.3kB, biggest=105.5kB) | arena=3.4kB | V_bus=4.932V I_bus=58.4mA P_bus=288.2mW E_total_accum=136.648mWh
07:35:38.361 > [BENCH] IDLE | t_inference_us=0 | heap=0.3kB/105.8kB (min=103.3kB, biggest=105.5kB) | arena=3.4kB | V_bus=4.932V I_bus=58.6mA P_bus=289.5mW E_total_accum=136.811mWh
07:35:40.387 > [BENCH] IDLE | t_inference_us=0 | heap=0.3kB/105.8kB (min=103.3kB, biggest=105.5kB) | arena=3.4kB | V_bus=4.928V I_bus=58.4mA P_bus=288.3mW E_total_accum=136.972mWh
07:35:42.403 > [BENCH] IDLE | t_inference_us=0 | heap=0.3kB/105.8kB (min=103.3kB, biggest=105.5kB) | arena=3.4kB | V_bus=4.940V I_bus=58.2mA P_bus=287.2mW E_total_accum=137.133mWh
07:35:44.430 > [BENCH] IDLE | t_inference_us=0 | heap=0.3kB/105.8kB (min=103.3kB, biggest=105.5kB) | arena=3.4kB | V_bus=4.928V I_bus=58.3mA P_bus=287.5mW E_total_accum=137.294mWh
07:35:46.454 > [BENCH] IDLE | t_inference_us=0 | heap=0.3kB/105.8kB (min=103.3kB, biggest=105.5kB) | arena=3.4kB | V_bus=4.940V I_bus=58.2mA P_bus=287.2mW E_total_accum=137.455mWh
07:35:48.479 > [BENCH] IDLE | t_inference_us=0 | heap=0.3kB/105.8kB (min=103.3kB, biggest=105.5kB) | arena=3.4kB | V_bus=4.932V I_bus=58.5mA P_bus=288.8mW E_total_accum=137.618mWh
07:35:50.503 > [BENCH] IDLE | t_inference_us=0 | heap=0.3kB/105.8kB (min=103.3kB, biggest=105.5kB) | arena=3.4kB | V_bus=4.932V I_bus=58.2mA P_bus=287.2mW E_total_accum=137.779mWh
07:35:52.520 > [BENCH] IDLE | t_inference_us=0 | heap=0.3kB/105.8kB (min=103.3kB, biggest=105.5kB) | arena=3.4kB | V_bus=4.936V I_bus=58.4mA P_bus=288.0mW E_total_accum=137.940mWh
07:35:54.549 > [BENCH] IDLE | t_inference_us=0 | heap=0.3kB/105.8kB (min=103.3kB, biggest=105.5kB) | arena=3.4kB | V_bus=4.928V I_bus=58.3mA P_bus=287.5mW E_total_accum=138.101mWh
07:35:56.569 > [BENCH] IDLE | t_inference_us=0 | heap=0.3kB/105.8kB (min=103.3kB, biggest=105.5kB) | arena=3.4kB | V_bus=4.968V I_bus=58.2mA P_bus=287.6mW E_total_accum=138.263mWh
07:35:58.584 > [BENCH] IDLE | t_inference_us=0 | heap=0.3kB/105.8kB (min=103.3kB, biggest=105.5kB) | arena=3.4kB | V_bus=4.928V I_bus=58.3mA P_bus=287.6mW E_total_accum=138.424mWh
07:36:00.618 > [BENCH] IDLE | t_inference_us=0 | heap=0.3kB/105.8kB (min=103.3kB, biggest=105.5kB) | arena=3.4kB | V_bus=4.940V I_bus=58.0mA P_bus=286.6mW E_total_accum=138.585mWh
07:36:02.631 > [BENCH] IDLE | t_inference_us=0 | heap=0.3kB/105.8kB (min=103.3kB, biggest=105.5kB) | arena=3.4kB | V_bus=4.928V I_bus=58.1mA P_bus=286.8mW E_total_accum=138.746mWh
07:36:04.665 > [BENCH] IDLE | t_inference_us=0 | heap=0.3kB/105.8kB (min=103.3kB, biggest=105.5kB) | arena=3.4kB | V_bus=4.940V I_bus=57.9mA P_bus=285.6mW E_total_accum=138.906mWh
07:36:06.681 > [BENCH] IDLE | t_inference_us=0 | heap=0.3kB/105.8kB (min=103.3kB, biggest=105.5kB) | arena=3.4kB | V_bus=4.932V I_bus=57.9mA P_bus=285.9mW E_total_accum=139.066mWh
07:36:08.709 > [BENCH] IDLE | t_inference_us=0 | heap=0.3kB/105.8kB (min=103.3kB, biggest=105.5kB) | arena=3.4kB | V_bus=4.932V I_bus=57.9mA P_bus=285.5mW E_total_accum=139.226mWh
07:36:10.732 > [BENCH] IDLE | t_inference_us=0 | heap=0.3kB/105.8kB (min=103.3kB, biggest=105.5kB) | arena=3.4kB | V_bus=4.932V I_bus=57.6mA P_bus=284.5mW E_total_accum=139.386mWh
07:36:12.761 > [BENCH] IDLE | t_inference_us=0 | heap=0.3kB/105.8kB (min=103.3kB, biggest=105.5kB) | arena=3.4kB | V_bus=4.940V I_bus=57.8mA P_bus=285.2mW E_total_accum=139.546mWh
07:36:14.778 > [BENCH] IDLE | t_inference_us=0 | heap=0.3kB/105.8kB (min=103.3kB, biggest=105.5kB) | arena=3.4kB | V_bus=4.932V I_bus=57.8mA P_bus=285.1mW E_total_accum=139.706mWh
07:36:16.795 > [BENCH] IDLE | t_inference_us=0 | heap=0.3kB/105.8kB (min=103.3kB, biggest=105.5kB) | arena=3.4kB | V_bus=4.940V I_bus=57.8mA P_bus=285.3mW E_total_accum=139.866mWh
07:36:18.829 > [BENCH] IDLE | t_inference_us=0 | heap=0.3kB/105.8kB (min=103.3kB, biggest=105.5kB) | arena=3.4kB | V_bus=4.936V I_bus=57.6mA P_bus=284.3mW E_total_accum=140.025mWh
07:36:20.847 > [BENCH] IDLE | t_inference_us=0 | heap=0.3kB/105.8kB (min=103.3kB, biggest=105.5kB) | arena=3.4kB | V_bus=4.932V I_bus=57.9mA P_bus=285.7mW E_total_accum=140.185mWh
07:36:22.864 > [BENCH] IDLE | t_inference_us=0 | heap=0.3kB/105.8kB (min=103.3kB, biggest=105.5kB) | arena=3.4kB | V_bus=4.936V I_bus=57.6mA P_bus=284.4mW E_total_accum=140.345mWh
07:36:24.876 > [BENCH] IDLE | t_inference_us=0 | heap=0.3kB/105.8kB (min=103.3kB, biggest=105.5kB) | arena=3.4kB | V_bus=4.936V I_bus=57.4mA P_bus=283.4mW E_total_accum=140.503mWh
07:36:26.912 > [BENCH] IDLE | t_inference_us=0 | heap=0.3kB/105.8kB (min=103.3kB, biggest=105.5kB) | arena=3.4kB | V_bus=4.932V I_bus=57.8mA P_bus=285.1mW E_total_accum=140.663mWh
07:36:28.926 > [BENCH] IDLE | t_inference_us=0 | heap=0.3kB/105.8kB (min=103.3kB, biggest=105.5kB) | arena=3.4kB | V_bus=4.940V I_bus=57.5mA P_bus=283.9mW E_total_accum=140.823mWh
07:36:30.961 > [BENCH] IDLE | t_inference_us=0 | heap=0.3kB/105.8kB (min=103.3kB, biggest=105.5kB) | arena=3.4kB | V_bus=4.936V I_bus=57.9mA P_bus=285.8mW E_total_accum=140.983mWh
07:36:32.325 > 
07:36:32.325 > [EVENT] type=HOUR  Tin=25.30 Hin=71.20 Tout=28.80 Hout=78.20
07:36:32.364 > [infer] REAL - Invoke executed (model ran)
07:36:32.364 > 
07:36:32.364 > [PWR] infer | E_inference_window(ΔE_total)=2.136µWh (E0=141.092392mWh E1=141.094528mWh) | E_inference_pipeline(ΔE_total)=2.426µWh (E0=141.092209mWh E1=141.094635mWh) | t_inference=25.476ms | t_inference_pipeline=30.626ms | E_total_accum=141.095mWh
07:36:32.395 > [BENCH] INFER_HOURLY | t_inference_us=25476 | heap=0.3kB/105.9kB (min=103.3kB, biggest=105.6kB) | arena=3.4kB | V_bus=4.940V I_bus=58.1mA P_bus=286.9mW E_total_accum=141.095mWh
07:36:32.411 > [HOUR] Tin=25.30 Hin=71.20 | Tp=25.43 Hp=72.31
07:36:32.415 > [HOUR] SAMPLES | N_ALL=5 N_T=5 N_H=5
07:36:32.418 > [HOUR] METRICS | MAE=nan RMSE=nan R2=NA | MAE_T=nan RMSE_T=nan R2_T=NA | MAE_H=nan RMSE_H=nan R2_H=NA
07:36:32.745 > [SENSORS] Health IN ok=819 err=0 reinit=0 pwr=0 | OUT ok=820 err=0 reinit=0 pwr=0
07:36:34.442 > [BENCH] IDLE | t_inference_us=0 | heap=0.3kB/105.8kB (min=103.3kB, biggest=105.5kB) | arena=3.4kB | V_bus=4.932V I_bus=58.3mA P_bus=288.0mW E_total_accum=141.260mWh
07:36:36.464 > [BENCH] IDLE | t_inference_us=0 | heap=0.3kB/105.8kB (min=103.3kB, biggest=105.5kB) | arena=3.4kB | V_bus=4.936V I_bus=58.1mA P_bus=286.9mW E_total_accum=141.421mWh
07:36:38.491 > [BENCH] IDLE | t_inference_us=0 | heap=0.3kB/105.8kB (min=103.3kB, biggest=105.5kB) | arena=3.4kB | V_bus=4.932V I_bus=58.5mA P_bus=288.6mW E_total_accum=141.583mWh
07:36:40.509 > [BENCH] IDLE | t_inference_us=0 | heap=0.3kB/105.8kB (min=103.3kB, biggest=105.5kB) | arena=3.4kB | V_bus=4.936V I_bus=58.1mA P_bus=286.8mW E_total_accum=141.744mWh
07:36:42.536 > [BENCH] IDLE | t_inference_us=0 | heap=0.3kB/105.8kB (min=103.3kB, biggest=105.5kB) | arena=3.4kB | V_bus=4.928V I_bus=58.3mA P_bus=287.9mW E_total_accum=141.905mWh
07:36:44.560 > [BENCH] IDLE | t_inference_us=0 | heap=0.3kB/105.8kB (min=103.3kB, biggest=105.5kB) | arena=3.4kB | V_bus=4.940V I_bus=58.0mA P_bus=286.1mW E_total_accum=142.066mWh
07:36:46.573 > [BENCH] IDLE | t_inference_us=0 | heap=0.3kB/105.8kB (min=103.3kB, biggest=105.5kB) | arena=3.4kB | V_bus=4.936V I_bus=57.9mA P_bus=286.0mW E_total_accum=142.226mWh
07:36:48.602 > [BENCH] IDLE | t_inference_us=0 | heap=0.3kB/105.8kB (min=103.3kB, biggest=105.5kB) | arena=3.4kB | V_bus=4.940V I_bus=58.1mA P_bus=286.7mW E_total_accum=142.387mWh
07:36:50.629 > [BENCH] IDLE | t_inference_us=0 | heap=0.3kB/105.8kB (min=103.3kB, biggest=105.5kB) | arena=3.4kB | V_bus=4.928V I_bus=58.1mA P_bus=286.7mW E_total_accum=142.548mWh
07:36:52.641 > [BENCH] IDLE | t_inference_us=0 | heap=0.3kB/105.8kB (min=103.3kB, biggest=105.5kB) | arena=3.4kB | V_bus=4.936V I_bus=58.1mA P_bus=286.7mW E_total_accum=142.709mWh
07:36:54.679 > [BENCH] IDLE | t_inference_us=0 | heap=0.3kB/105.8kB (min=103.3kB, biggest=105.5kB) | arena=3.4kB | V_bus=4.948V I_bus=58.1mA P_bus=286.9mW E_total_accum=142.870mWh
07:36:56.690 > [BENCH] IDLE | t_inference_us=0 | heap=0.3kB/105.8kB (min=103.3kB, biggest=105.5kB) | arena=3.4kB | V_bus=4.936V I_bus=57.9mA P_bus=285.7mW E_total_accum=143.029mWh
07:36:58.714 > [BENCH] IDLE | t_inference_us=0 | heap=0.3kB/105.8kB (min=103.3kB, biggest=105.5kB) | arena=3.4kB | V_bus=4.932V I_bus=58.2mA P_bus=287.5mW E_total_accum=143.191mWh
07:37:00.736 > [BENCH] IDLE | t_inference_us=0 | heap=0.3kB/105.8kB (min=103.3kB, biggest=105.5kB) | arena=3.4kB | V_bus=4.932V I_bus=57.9mA P_bus=285.7mW E_total_accum=143.351mWh
07:37:02.755 > [BENCH] IDLE | t_inference_us=0 | heap=0.3kB/105.8kB (min=103.3kB, biggest=105.5kB) | arena=3.4kB | V_bus=4.940V I_bus=58.0mA P_bus=286.2mW E_total_accum=143.511mWh
07:37:04.788 > [BENCH] IDLE | t_inference_us=0 | heap=0.3kB/105.8kB (min=103.3kB, biggest=105.5kB) | arena=3.4kB | V_bus=4.936V I_bus=57.7mA P_bus=284.8mW E_total_accum=143.671mWh
07:37:06.813 > [BENCH] IDLE | t_inference_us=0 | heap=0.3kB/105.8kB (min=103.3kB, biggest=105.5kB) | arena=3.4kB | V_bus=4.932V I_bus=57.8mA P_bus=285.1mW E_total_accum=143.831mWh
07:37:08.835 > [BENCH] IDLE | t_inference_us=0 | heap=0.3kB/105.8kB (min=103.3kB, biggest=105.5kB) | arena=3.4kB | V_bus=4.944V I_bus=57.8mA P_bus=285.6mW E_total_accum=143.991mWh
07:37:10.852 > [BENCH] IDLE | t_inference_us=0 | heap=0.3kB/105.8kB (min=103.3kB, biggest=105.5kB) | arena=3.4kB | V_bus=4.940V I_bus=57.8mA P_bus=285.6mW E_total_accum=144.151mWh
07:37:12.870 > [BENCH] IDLE | t_inference_us=0 | heap=0.3kB/105.8kB (min=103.3kB, biggest=105.5kB) | arena=3.4kB | V_bus=4.924V I_bus=58.0mA P_bus=286.0mW E_total_accum=144.311mWh
07:37:14.903 > [BENCH] IDLE | t_inference_us=0 | heap=0.3kB/105.8kB (min=103.3kB, biggest=105.5kB) | arena=3.4kB | V_bus=4.944V I_bus=58.0mA P_bus=286.1mW E_total_accum=144.472mWh
07:37:16.921 > [BENCH] IDLE | t_inference_us=0 | heap=0.3kB/105.8kB (min=103.3kB, biggest=105.5kB) | arena=3.4kB | V_bus=4.924V I_bus=58.1mA P_bus=286.5mW E_total_accum=144.633mWh
07:37:18.951 > [BENCH] IDLE | t_inference_us=0 | heap=0.3kB/105.8kB (min=103.3kB, biggest=105.5kB) | arena=3.4kB | V_bus=4.940V I_bus=58.0mA P_bus=286.1mW E_total_accum=144.793mWh
07:37:20.968 > [BENCH] IDLE | t_inference_us=0 | heap=0.3kB/105.8kB (min=103.3kB, biggest=105.5kB) | arena=3.4kB | V_bus=4.936V I_bus=58.4mA P_bus=288.2mW E_total_accum=144.955mWh
07:37:22.984 > [BENCH] IDLE | t_inference_us=0 | heap=0.3kB/105.8kB (min=103.3kB, biggest=105.5kB) | arena=3.4kB | V_bus=4.936V I_bus=58.1mA P_bus=286.6mW E_total_accum=145.116mWh
07:37:25.019 > [BENCH] IDLE | t_inference_us=0 | heap=0.3kB/105.8kB (min=103.3kB, biggest=105.5kB) | arena=3.4kB | V_bus=4.932V I_bus=58.3mA P_bus=287.5mW E_total_accum=145.277mWh
07:37:27.034 > [BENCH] IDLE | t_inference_us=0 | heap=0.3kB/105.8kB (min=103.3kB, biggest=105.5kB) | arena=3.4kB | V_bus=4.936V I_bus=57.9mA P_bus=285.8mW E_total_accum=145.437mWh
07:37:29.071 > [BENCH] IDLE | t_inference_us=0 | heap=0.3kB/105.8kB (min=103.3kB, biggest=105.5kB) | arena=3.4kB | V_bus=4.924V I_bus=58.1mA P_bus=286.8mW E_total_accum=145.598mWh
07:37:31.086 > [BENCH] IDLE | t_inference_us=0 | heap=0.3kB/105.8kB (min=103.3kB, biggest=105.5kB) | arena=3.4kB | V_bus=4.944V I_bus=58.0mA P_bus=286.2mW E_total_accum=145.758mWh
07:37:32.459 > 
07:37:32.459 > [EVENT] type=HOUR  Tin=24.80 Hin=69.81 Tout=28.80 Hout=78.20
07:37:32.502 > [infer] REAL - Invoke executed (model ran)
07:37:32.504 > 
07:37:32.504 > [PWR] infer | E_inference_window(ΔE_total)=2.151µWh (E0=145.868134mWh E1=145.870285mWh) | E_inference_pipeline(ΔE_total)=2.457µWh (E0=145.867935mWh E1=145.870392mWh) | t_inference=25.481ms | t_inference_pipeline=30.627ms | E_total_accum=145.870mWh
07:37:32.525 > [BENCH] INFER_HOURLY | t_inference_us=25481 | heap=0.3kB/105.9kB (min=103.3kB, biggest=105.6kB) | arena=3.4kB | V_bus=4.932V I_bus=58.6mA P_bus=289.3mW E_total_accum=145.870mWh
07:37:32.541 > [HOUR] Tin=24.80 Hin=69.81 | Tp=24.99 Hp=71.11
07:37:32.544 > [HOUR] SAMPLES | N_ALL=6 N_T=6 N_H=6
07:37:32.548 > [HOUR] METRICS | MAE=nan RMSE=nan R2=NA | MAE_T=nan RMSE_T=nan R2_T=NA | MAE_H=nan RMSE_H=nan R2_H=NA
07:37:32.910 > [SENSORS] Health IN ok=847 err=0 reinit=0 pwr=0 | OUT ok=848 err=0 reinit=0 pwr=0
07:37:34.571 > [BENCH] IDLE | t_inference_us=0 | heap=0.3kB/105.8kB (min=103.3kB, biggest=105.5kB) | arena=3.4kB | V_bus=4.932V I_bus=58.2mA P_bus=287.5mW E_total_accum=146.035mWh
07:37:36.583 > [BENCH] IDLE | t_inference_us=0 | heap=0.3kB/105.8kB (min=103.3kB, biggest=105.5kB) | arena=3.4kB | V_bus=4.940V I_bus=58.3mA P_bus=287.9mW E_total_accum=146.197mWh
07:37:38.616 > [BENCH] IDLE | t_inference_us=0 | heap=0.3kB/105.8kB (min=103.3kB, biggest=105.5kB) | arena=3.4kB | V_bus=4.928V I_bus=58.3mA P_bus=288.0mW E_total_accum=146.358mWh
07:37:40.621 > [BENCH] IDLE | t_inference_us=0 | heap=0.3kB/105.8kB (min=103.3kB, biggest=105.5kB) | arena=3.4kB | V_bus=4.932V I_bus=58.0mA P_bus=286.3mW E_total_accum=146.518mWh
07:37:42.654 > [BENCH] IDLE | t_inference_us=0 | heap=0.3kB/105.8kB (min=103.3kB, biggest=105.5kB) | arena=3.4kB | V_bus=4.932V I_bus=58.1mA P_bus=286.9mW E_total_accum=146.679mWh
07:37:44.674 > [BENCH] IDLE | t_inference_us=0 | heap=0.3kB/105.8kB (min=103.3kB, biggest=105.5kB) | arena=3.4kB | V_bus=4.940V I_bus=58.0mA P_bus=286.4mW E_total_accum=146.840mWh
07:37:46.701 > [BENCH] IDLE | t_inference_us=0 | heap=0.3kB/105.8kB (min=103.3kB, biggest=105.5kB) | arena=3.4kB | V_bus=4.928V I_bus=58.1mA P_bus=286.5mW E_total_accum=147.001mWh
07:37:48.729 > [BENCH] IDLE | t_inference_us=0 | heap=0.3kB/105.8kB (min=103.3kB, biggest=105.5kB) | arena=3.4kB | V_bus=4.932V I_bus=58.1mA P_bus=286.5mW E_total_accum=147.161mWh
07:37:50.738 > [BENCH] IDLE | t_inference_us=0 | heap=0.3kB/105.8kB (min=103.3kB, biggest=105.5kB) | arena=3.4kB | V_bus=4.936V I_bus=58.1mA P_bus=286.8mW E_total_accum=147.322mWh
07:37:52.773 > [BENCH] IDLE | t_inference_us=0 | heap=0.3kB/105.8kB (min=103.3kB, biggest=105.5kB) | arena=3.4kB | V_bus=4.928V I_bus=57.8mA P_bus=285.2mW E_total_accum=147.482mWh
07:37:54.801 > [BENCH] IDLE | t_inference_us=0 | heap=0.3kB/105.8kB (min=103.3kB, biggest=105.5kB) | arena=3.4kB | V_bus=4.928V I_bus=58.2mA P_bus=286.8mW E_total_accum=147.643mWh
07:37:56.815 > [BENCH] IDLE | t_inference_us=0 | heap=0.3kB/105.8kB (min=103.3kB, biggest=105.5kB) | arena=3.4kB | V_bus=4.940V I_bus=58.1mA P_bus=286.9mW E_total_accum=147.804mWh
07:37:58.848 > [BENCH] IDLE | t_inference_us=0 | heap=0.3kB/105.8kB (min=103.3kB, biggest=105.5kB) | arena=3.4kB | V_bus=4.924V I_bus=58.2mA P_bus=286.9mW E_total_accum=147.965mWh
07:38:00.873 > [BENCH] IDLE | t_inference_us=0 | heap=0.3kB/105.8kB (min=103.3kB, biggest=105.5kB) | arena=3.4kB | V_bus=4.932V I_bus=58.0mA P_bus=286.2mW E_total_accum=148.125mWh
07:38:02.884 > [BENCH] IDLE | t_inference_us=0 | heap=0.3kB/105.8kB (min=103.3kB, biggest=105.5kB) | arena=3.4kB | V_bus=4.936V I_bus=58.2mA P_bus=287.1mW E_total_accum=148.286mWh
07:38:04.904 > [BENCH] IDLE | t_inference_us=0 | heap=0.3kB/105.8kB (min=103.3kB, biggest=105.5kB) | arena=3.4kB | V_bus=4.936V I_bus=57.9mA P_bus=285.6mW E_total_accum=148.447mWh
07:38:06.945 > [BENCH] IDLE | t_inference_us=0 | heap=0.3kB/105.8kB (min=103.3kB, biggest=105.5kB) | arena=3.4kB | V_bus=4.948V I_bus=58.0mA P_bus=286.5mW E_total_accum=148.608mWh
07:38:08.956 > [BENCH] IDLE | t_inference_us=0 | heap=0.3kB/105.8kB (min=103.3kB, biggest=105.5kB) | arena=3.4kB | V_bus=4.936V I_bus=57.7mA P_bus=285.0mW E_total_accum=148.767mWh
07:38:10.987 > [BENCH] IDLE | t_inference_us=0 | heap=0.3kB/105.8kB (min=103.3kB, biggest=105.5kB) | arena=3.4kB | V_bus=4.936V I_bus=58.0mA P_bus=286.3mW E_total_accum=148.928mWh
07:38:13.009 > [BENCH] IDLE | t_inference_us=0 | heap=0.3kB/105.8kB (min=103.3kB, biggest=105.5kB) | arena=3.4kB | V_bus=4.936V I_bus=57.7mA P_bus=285.0mW E_total_accum=149.087mWh
07:38:15.033 > [BENCH] IDLE | t_inference_us=0 | heap=0.3kB/105.8kB (min=103.3kB, biggest=105.5kB) | arena=3.4kB | V_bus=4.928V I_bus=57.8mA P_bus=285.2mW E_total_accum=149.247mWh
07:38:17.044 > [BENCH] IDLE | t_inference_us=0 | heap=0.3kB/105.8kB (min=103.3kB, biggest=105.5kB) | arena=3.4kB | V_bus=4.932V I_bus=57.7mA P_bus=284.8mW E_total_accum=149.407mWh
07:38:19.065 > [BENCH] IDLE | t_inference_us=0 | heap=0.3kB/105.8kB (min=103.3kB, biggest=105.5kB) | arena=3.4kB | V_bus=4.940V I_bus=58.0mA P_bus=286.2mW E_total_accum=149.567mWh
07:38:21.104 > [BENCH] IDLE | t_inference_us=0 | heap=0.3kB/105.8kB (min=103.3kB, biggest=105.5kB) | arena=3.4kB | V_bus=4.936V I_bus=57.7mA P_bus=284.8mW E_total_accum=149.727mWh
07:38:23.122 > [BENCH] IDLE | t_inference_us=0 | heap=0.3kB/105.8kB (min=103.3kB, biggest=105.5kB) | arena=3.4kB | V_bus=4.936V I_bus=57.5mA P_bus=283.8mW E_total_accum=149.886mWh
07:38:25.138 > [BENCH] IDLE | t_inference_us=0 | heap=0.3kB/105.8kB (min=103.3kB, biggest=105.5kB) | arena=3.4kB | V_bus=4.932V I_bus=57.5mA P_bus=283.7mW E_total_accum=150.045mWh
07:38:27.169 > [BENCH] IDLE | t_inference_us=0 | heap=0.3kB/105.8kB (min=103.3kB, biggest=105.5kB) | arena=3.4kB | V_bus=4.940V I_bus=57.5mA P_bus=283.8mW E_total_accum=150.204mWh
07:38:29.180 > [BENCH] IDLE | t_inference_us=0 | heap=0.3kB/105.8kB (min=103.3kB, biggest=105.5kB) | arena=3.4kB | V_bus=4.936V I_bus=58.0mA P_bus=286.0mW E_total_accum=150.365mWh
07:38:31.209 > [BENCH] IDLE | t_inference_us=0 | heap=0.3kB/105.8kB (min=103.3kB, biggest=105.5kB) | arena=3.4kB | V_bus=4.928V I_bus=57.7mA P_bus=284.8mW E_total_accum=150.525mWh
07:38:32.591 > 
07:38:32.591 > [EVENT] type=HOUR  Tin=24.70 Hin=69.18 Tout=28.80 Hout=78.10
07:38:32.630 > [infer] REAL - Invoke executed (model ran)
07:38:32.632 > 
07:38:32.633 > [PWR] infer | E_inference_window(ΔE_total)=2.121µWh (E0=150.633301mWh E1=150.635422mWh) | E_inference_pipeline(ΔE_total)=2.426µWh (E0=150.633102mWh E1=150.635529mWh) | t_inference=25.475ms | t_inference_pipeline=30.627ms | E_total_accum=150.636mWh
07:38:32.655 > [BENCH] INFER_HOURLY | t_inference_us=25475 | heap=0.3kB/105.9kB (min=103.3kB, biggest=105.6kB) | arena=3.4kB | V_bus=4.928V I_bus=57.5mA P_bus=283.8mW E_total_accum=150.636mWh
07:38:32.672 > [HOUR] Tin=24.70 Hin=69.18 | Tp=24.46 Hp=69.74
07:38:32.675 > [HOUR] SAMPLES | N_ALL=7 N_T=7 N_H=7
07:38:32.678 > [HOUR] METRICS | MAE=nan RMSE=nan R2=NA | MAE_T=nan RMSE_T=nan R2_T=NA | MAE_H=nan RMSE_H=nan R2_H=NA
07:38:33.083 > [SENSORS] Health IN ok=876 err=0 reinit=0 pwr=0 | OUT ok=876 err=0 reinit=0 pwr=0
07:38:34.697 > [BENCH] IDLE | t_inference_us=0 | heap=0.3kB/105.8kB (min=103.3kB, biggest=105.5kB) | arena=3.4kB | V_bus=4.940V I_bus=57.5mA P_bus=284.0mW E_total_accum=150.798mWh
07:38:36.713 > [BENCH] IDLE | t_inference_us=0 | heap=0.3kB/105.8kB (min=103.3kB, biggest=105.5kB) | arena=3.4kB | V_bus=4.940V I_bus=57.5mA P_bus=283.9mW E_total_accum=150.957mWh
07:38:38.738 > [BENCH] IDLE | t_inference_us=0 | heap=0.3kB/105.8kB (min=103.3kB, biggest=105.5kB) | arena=3.4kB | V_bus=4.928V I_bus=57.6mA P_bus=284.0mW E_total_accum=151.117mWh
07:38:40.761 > [BENCH] IDLE | t_inference_us=0 | heap=0.3kB/105.8kB (min=103.3kB, biggest=105.5kB) | arena=3.4kB | V_bus=4.932V I_bus=57.3mA P_bus=283.0mW E_total_accum=151.275mWh
07:38:42.785 > [BENCH] IDLE | t_inference_us=0 | heap=0.3kB/105.8kB (min=103.3kB, biggest=105.5kB) | arena=3.4kB | V_bus=4.928V I_bus=57.5mA P_bus=283.8mW E_total_accum=151.434mWh
07:38:44.796 > [BENCH] IDLE | t_inference_us=0 | heap=0.3kB/105.8kB (min=103.3kB, biggest=105.5kB) | arena=3.4kB | V_bus=4.940V I_bus=57.4mA P_bus=283.5mW E_total_accum=151.593mWh
07:38:46.833 > [BENCH] IDLE | t_inference_us=0 | heap=0.3kB/105.8kB (min=103.3kB, biggest=105.5kB) | arena=3.4kB | V_bus=4.932V I_bus=57.7mA P_bus=284.9mW E_total_accum=151.753mWh
07:38:48.857 > [BENCH] IDLE | t_inference_us=0 | heap=0.3kB/105.8kB (min=103.3kB, biggest=105.5kB) | arena=3.4kB | V_bus=4.936V I_bus=57.5mA P_bus=283.6mW E_total_accum=151.912mWh
07:38:50.878 > [BENCH] IDLE | t_inference_us=0 | heap=0.3kB/105.8kB (min=103.3kB, biggest=105.5kB) | arena=3.4kB | V_bus=4.960V I_bus=57.5mA P_bus=283.9mW E_total_accum=152.071mWh
07:38:52.886 > [BENCH] IDLE | t_inference_us=0 | heap=0.3kB/105.8kB (min=103.3kB, biggest=105.5kB) | arena=3.4kB | V_bus=4.924V I_bus=57.6mA P_bus=284.5mW E_total_accum=152.231mWh
07:38:54.912 > [BENCH] IDLE | t_inference_us=0 | heap=0.3kB/105.8kB (min=103.3kB, biggest=105.5kB) | arena=3.4kB | V_bus=4.932V I_bus=57.5mA P_bus=283.6mW E_total_accum=152.390mWh
07:38:56.940 > [BENCH] IDLE | t_inference_us=0 | heap=0.3kB/105.8kB (min=103.3kB, biggest=105.5kB) | arena=3.4kB | V_bus=4.936V I_bus=57.4mA P_bus=283.5mW E_total_accum=152.549mWh
07:38:58.965 > [BENCH] IDLE | t_inference_us=0 | heap=0.3kB/105.8kB (min=103.3kB, biggest=105.5kB) | arena=3.4kB | V_bus=4.940V I_bus=57.5mA P_bus=284.1mW E_total_accum=152.708mWh
07:39:00.987 > [BENCH] IDLE | t_inference_us=0 | heap=0.3kB/105.8kB (min=103.3kB, biggest=105.5kB) | arena=3.4kB | V_bus=4.936V I_bus=57.4mA P_bus=283.1mW E_total_accum=152.867mWh
07:39:03.015 > [BENCH] IDLE | t_inference_us=0 | heap=0.3kB/105.8kB (min=103.3kB, biggest=105.5kB) | arena=3.4kB | V_bus=4.928V I_bus=57.5mA P_bus=283.8mW E_total_accum=153.026mWh
07:39:05.037 > [BENCH] IDLE | t_inference_us=0 | heap=0.3kB/105.8kB (min=103.3kB, biggest=105.5kB) | arena=3.4kB | V_bus=4.936V I_bus=57.3mA P_bus=282.9mW E_total_accum=153.185mWh
07:39:07.060 > [BENCH] IDLE | t_inference_us=0 | heap=0.3kB/105.8kB (min=103.3kB, biggest=105.5kB) | arena=3.4kB | V_bus=4.940V I_bus=57.3mA P_bus=283.0mW E_total_accum=153.344mWh
07:39:09.077 > [BENCH] IDLE | t_inference_us=0 | heap=0.3kB/105.8kB (min=103.3kB, biggest=105.5kB) | arena=3.4kB | V_bus=4.936V I_bus=57.8mA P_bus=285.3mW E_total_accum=153.504mWh
07:39:11.105 > [BENCH] IDLE | t_inference_us=0 | heap=0.3kB/105.8kB (min=103.3kB, biggest=105.5kB) | arena=3.4kB | V_bus=4.944V I_bus=57.8mA P_bus=285.6mW E_total_accum=153.664mWh
07:39:13.121 > [BENCH] IDLE | t_inference_us=0 | heap=0.3kB/105.8kB (min=103.3kB, biggest=105.5kB) | arena=3.4kB | V_bus=4.936V I_bus=57.7mA P_bus=284.9mW E_total_accum=153.824mWh
07:39:15.153 > [BENCH] IDLE | t_inference_us=0 | heap=0.3kB/105.8kB (min=103.3kB, biggest=105.5kB) | arena=3.4kB | V_bus=4.928V I_bus=57.8mA P_bus=285.4mW E_total_accum=153.984mWh
07:39:17.168 > [BENCH] IDLE | t_inference_us=0 | heap=0.3kB/105.8kB (min=103.3kB, biggest=105.5kB) | arena=3.4kB | V_bus=4.968V I_bus=57.8mA P_bus=285.8mW E_total_accum=154.144mWh
07:39:19.183 > [BENCH] IDLE | t_inference_us=0 | heap=0.3kB/105.8kB (min=103.3kB, biggest=105.5kB) | arena=3.4kB | V_bus=4.932V I_bus=57.5mA P_bus=284.2mW E_total_accum=154.303mWh
07:39:21.216 > [BENCH] IDLE | t_inference_us=0 | heap=0.3kB/105.8kB (min=103.3kB, biggest=105.5kB) | arena=3.4kB | V_bus=4.940V I_bus=57.5mA P_bus=283.9mW E_total_accum=154.462mWh
07:39:23.232 > [BENCH] IDLE | t_inference_us=0 | heap=0.3kB/105.8kB (min=103.3kB, biggest=105.5kB) | arena=3.4kB | V_bus=4.936V I_bus=57.6mA P_bus=284.4mW E_total_accum=154.622mWh
07:39:25.248 > [BENCH] IDLE | t_inference_us=0 | heap=0.3kB/105.8kB (min=103.3kB, biggest=105.5kB) | arena=3.4kB | V_bus=4.932V I_bus=57.3mA P_bus=283.1mW E_total_accum=154.781mWh
07:39:27.288 > [BENCH] IDLE | t_inference_us=0 | heap=0.3kB/105.8kB (min=103.3kB, biggest=105.5kB) | arena=3.4kB | V_bus=4.924V I_bus=57.6mA P_bus=284.1mW E_total_accum=154.940mWh
07:39:29.311 > [BENCH] IDLE | t_inference_us=0 | heap=0.3kB/105.8kB (min=103.3kB, biggest=105.5kB) | arena=3.4kB | V_bus=4.936V I_bus=57.4mA P_bus=283.2mW E_total_accum=155.099mWh
07:39:31.334 > [BENCH] IDLE | t_inference_us=0 | heap=0.3kB/105.8kB (min=103.3kB, biggest=105.5kB) | arena=3.4kB | V_bus=4.940V I_bus=57.4mA P_bus=283.4mW E_total_accum=155.258mWh
07:39:32.748 > 
07:39:32.748 > [EVENT] type=HOUR  Tin=24.50 Hin=69.31 Tout=28.80 Hout=78.00
07:39:32.777 > [infer] REAL - Invoke executed (model ran)
07:39:32.784 > 
07:39:32.784 > [PWR] infer | E_inference_window(ΔE_total)=2.121µWh (E0=155.369217mWh E1=155.371338mWh) | E_inference_pipeline(ΔE_total)=2.411µWh (E0=155.369034mWh E1=155.371445mWh) | t_inference=25.477ms | t_inference_pipeline=30.627ms | E_total_accum=155.371mWh
07:39:32.804 > [BENCH] INFER_HOURLY | t_inference_us=25477 | heap=0.3kB/105.9kB (min=103.3kB, biggest=105.6kB) | arena=3.4kB | V_bus=4.936V I_bus=57.7mA P_bus=284.9mW E_total_accum=155.371mWh
07:39:32.820 > [HOUR] Tin=24.50 Hin=69.31 | Tp=24.34 Hp=69.09
07:39:32.824 > [HOUR] SAMPLES | N_ALL=8 N_T=8 N_H=8
07:39:32.827 > [HOUR] METRICS | MAE=nan RMSE=nan R2=NA | MAE_T=nan RMSE_T=nan R2_T=NA | MAE_H=nan RMSE_H=nan R2_H=NA
07:39:33.227 > [SENSORS] Health IN ok=904 err=0 reinit=0 pwr=0 | OUT ok=904 err=0 reinit=0 pwr=0
07:39:34.847 > [BENCH] IDLE | t_inference_us=0 | heap=0.3kB/105.8kB (min=103.3kB, biggest=105.5kB) | arena=3.4kB | V_bus=4.940V I_bus=57.7mA P_bus=285.0mW E_total_accum=155.535mWh
07:39:36.863 > [BENCH] IDLE | t_inference_us=0 | heap=0.3kB/105.8kB (min=103.3kB, biggest=105.5kB) | arena=3.4kB | V_bus=4.936V I_bus=58.0mA P_bus=286.4mW E_total_accum=155.696mWh
07:39:38.895 > [BENCH] IDLE | t_inference_us=0 | heap=0.3kB/105.8kB (min=103.3kB, biggest=105.5kB) | arena=3.4kB | V_bus=4.936V I_bus=57.8mA P_bus=285.3mW E_total_accum=155.856mWh
07:39:40.924 > [BENCH] IDLE | t_inference_us=0 | heap=0.3kB/105.8kB (min=103.3kB, biggest=105.5kB) | arena=3.4kB | V_bus=4.928V I_bus=57.9mA P_bus=285.5mW E_total_accum=156.016mWh
07:39:42.943 > [BENCH] IDLE | t_inference_us=0 | heap=0.3kB/105.8kB (min=103.3kB, biggest=105.5kB) | arena=3.4kB | V_bus=4.928V I_bus=57.7mA P_bus=284.8mW E_total_accum=156.176mWh
07:39:44.969 > [BENCH] IDLE | t_inference_us=0 | heap=0.3kB/105.8kB (min=103.3kB, biggest=105.5kB) | arena=3.4kB | V_bus=4.940V I_bus=57.6mA P_bus=284.1mW E_total_accum=156.335mWh
07:39:46.994 > [BENCH] IDLE | t_inference_us=0 | heap=0.3kB/105.8kB (min=103.3kB, biggest=105.5kB) | arena=3.4kB | V_bus=4.936V I_bus=57.9mA P_bus=285.7mW E_total_accum=156.495mWh
07:39:49.011 > [BENCH] IDLE | t_inference_us=0 | heap=0.3kB/105.8kB (min=103.3kB, biggest=105.5kB) | arena=3.4kB | V_bus=4.932V I_bus=58.2mA P_bus=287.4mW E_total_accum=156.656mWh
07:39:51.023 > [BENCH] IDLE | t_inference_us=0 | heap=0.3kB/105.8kB (min=103.3kB, biggest=105.5kB) | arena=3.4kB | V_bus=4.944V I_bus=58.1mA P_bus=286.7mW E_total_accum=156.817mWh
07:39:53.057 > [BENCH] IDLE | t_inference_us=0 | heap=0.3kB/105.8kB (min=103.3kB, biggest=105.5kB) | arena=3.4kB | V_bus=4.936V I_bus=57.8mA P_bus=285.2mW E_total_accum=156.977mWh
07:39:55.075 > [BENCH] IDLE | t_inference_us=0 | heap=0.3kB/105.8kB (min=103.3kB, biggest=105.5kB) | arena=3.4kB | V_bus=4.928V I_bus=57.8mA P_bus=285.5mW E_total_accum=157.137mWh
07:39:57.102 > [BENCH] IDLE | t_inference_us=0 | heap=0.3kB/105.8kB (min=103.3kB, biggest=105.5kB) | arena=3.4kB | V_bus=4.936V I_bus=57.7mA P_bus=284.5mW E_total_accum=157.297mWh
07:39:59.125 > [BENCH] IDLE | t_inference_us=0 | heap=0.3kB/105.8kB (min=103.3kB, biggest=105.5kB) | arena=3.4kB | V_bus=4.932V I_bus=57.4mA P_bus=283.4mW E_total_accum=157.456mWh
07:40:01.138 > [BENCH] IDLE | t_inference_us=0 | heap=0.3kB/105.8kB (min=103.3kB, biggest=105.5kB) | arena=3.4kB | V_bus=4.936V I_bus=57.7mA P_bus=284.8mW E_total_accum=157.615mWh
07:40:03.172 > [BENCH] IDLE | t_inference_us=0 | heap=0.3kB/105.8kB (min=103.3kB, biggest=105.5kB) | arena=3.4kB | V_bus=4.968V I_bus=57.7mA P_bus=284.9mW E_total_accum=157.775mWh
07:40:05.189 > [BENCH] IDLE | t_inference_us=0 | heap=0.3kB/105.8kB (min=103.3kB, biggest=105.5kB) | arena=3.4kB | V_bus=4.940V I_bus=57.7mA P_bus=285.1mW E_total_accum=157.935mWh
07:40:07.207 > [BENCH] IDLE | t_inference_us=0 | heap=0.3kB/105.8kB (min=103.3kB, biggest=105.5kB) | arena=3.4kB | V_bus=4.940V I_bus=57.8mA P_bus=285.8mW E_total_accum=158.095mWh
07:40:09.223 > [BENCH] IDLE | t_inference_us=0 | heap=0.3kB/105.8kB (min=103.3kB, biggest=105.5kB) | arena=3.4kB | V_bus=4.936V I_bus=58.1mA P_bus=286.8mW E_total_accum=158.256mWh
07:40:11.254 > [BENCH] IDLE | t_inference_us=0 | heap=0.3kB/105.8kB (min=103.3kB, biggest=105.5kB) | arena=3.4kB | V_bus=4.940V I_bus=58.1mA P_bus=286.8mW E_total_accum=158.417mWh
07:40:13.269 > [BENCH] IDLE | t_inference_us=0 | heap=0.3kB/105.8kB (min=103.3kB, biggest=105.5kB) | arena=3.4kB | V_bus=4.928V I_bus=58.0mA P_bus=286.5mW E_total_accum=158.577mWh
07:40:15.303 > [BENCH] IDLE | t_inference_us=0 | heap=0.3kB/105.8kB (min=103.3kB, biggest=105.5kB) | arena=3.4kB | V_bus=4.936V I_bus=57.7mA P_bus=285.0mW E_total_accum=158.737mWh
07:40:17.320 > [BENCH] IDLE | t_inference_us=0 | heap=0.3kB/105.8kB (min=103.3kB, biggest=105.5kB) | arena=3.4kB | V_bus=4.932V I_bus=57.5mA P_bus=284.0mW E_total_accum=158.897mWh
07:40:19.338 > [BENCH] IDLE | t_inference_us=0 | heap=0.3kB/105.8kB (min=103.3kB, biggest=105.5kB) | arena=3.4kB | V_bus=4.928V I_bus=57.8mA P_bus=285.0mW E_total_accum=159.057mWh
07:40:21.373 > [BENCH] IDLE | t_inference_us=0 | heap=0.3kB/105.8kB (min=103.3kB, biggest=105.5kB) | arena=3.4kB | V_bus=4.940V I_bus=57.6mA P_bus=284.5mW E_total_accum=159.216mWh
07:40:23.394 > [BENCH] IDLE | t_inference_us=0 | heap=0.3kB/105.8kB (min=103.3kB, biggest=105.5kB) | arena=3.4kB | V_bus=4.940V I_bus=57.8mA P_bus=285.3mW E_total_accum=159.376mWh
07:40:25.421 > [BENCH] IDLE | t_inference_us=0 | heap=0.3kB/105.8kB (min=103.3kB, biggest=105.5kB) | arena=3.4kB | V_bus=4.944V I_bus=57.7mA P_bus=284.8mW E_total_accum=159.536mWh
07:40:27.436 > [BENCH] IDLE | t_inference_us=0 | heap=0.3kB/105.8kB (min=103.3kB, biggest=105.5kB) | arena=3.4kB | V_bus=4.940V I_bus=57.7mA P_bus=285.0mW E_total_accum=159.696mWh
07:40:29.453 > [BENCH] IDLE | t_inference_us=0 | heap=0.3kB/105.8kB (min=103.3kB, biggest=105.5kB) | arena=3.4kB | V_bus=4.936V I_bus=58.0mA P_bus=286.3mW E_total_accum=159.856mWh
07:40:31.485 > [BENCH] IDLE | t_inference_us=0 | heap=0.3kB/105.8kB (min=103.3kB, biggest=105.5kB) | arena=3.4kB | V_bus=4.944V I_bus=58.0mA P_bus=286.4mW E_total_accum=160.017mWh
07:40:32.819 > 
07:40:32.819 > [EVENT] type=HOUR  Tin=24.30 Hin=66.60 Tout=28.90 Hout=77.60
07:40:32.854 > [infer] REAL - Invoke executed (model ran)
07:40:32.854 > 
07:40:32.854 > [PWR] infer | E_inference_window(ΔE_total)=2.136µWh (E0=160.123581mWh E1=160.125717mWh) | E_inference_pipeline(ΔE_total)=2.441µWh (E0=160.123383mWh E1=160.125824mWh) | t_inference=25.479ms | t_inference_pipeline=30.627ms | E_total_accum=160.126mWh
07:40:32.881 > [BENCH] INFER_HOURLY | t_inference_us=25479 | heap=0.3kB/105.9kB (min=103.3kB, biggest=105.6kB) | arena=3.4kB | V_bus=4.928V I_bus=57.9mA P_bus=285.9mW E_total_accum=160.126mWh
07:40:32.896 > [HOUR] Tin=24.30 Hin=66.60 | Tp=24.12 Hp=69.21
07:40:32.901 > [HOUR] SAMPLES | N_ALL=9 N_T=9 N_H=9
07:40:32.904 > [HOUR] METRICS | MAE=nan RMSE=nan R2=NA | MAE_T=nan RMSE_T=nan R2_T=NA | MAE_H=nan RMSE_H=nan R2_H=NA
07:40:33.352 > [SENSORS] Health IN ok=932 err=0 reinit=0 pwr=0 | OUT ok=933 err=0 reinit=0 pwr=0
07:40:34.916 > [BENCH] IDLE | t_inference_us=0 | heap=0.3kB/105.8kB (min=103.3kB, biggest=105.5kB) | arena=3.4kB | V_bus=4.940V I_bus=57.8mA P_bus=285.4mW E_total_accum=160.289mWh
07:40:36.938 > [BENCH] IDLE | t_inference_us=0 | heap=0.3kB/105.8kB (min=103.3kB, biggest=105.5kB) | arena=3.4kB | V_bus=4.936V I_bus=58.1mA P_bus=287.0mW E_total_accum=160.450mWh
07:40:38.966 > [BENCH] IDLE | t_inference_us=0 | heap=0.3kB/105.8kB (min=103.3kB, biggest=105.5kB) | arena=3.4kB | V_bus=4.936V I_bus=57.8mA P_bus=285.1mW E_total_accum=160.610mWh
07:40:40.985 > [BENCH] IDLE | t_inference_us=0 | heap=0.3kB/105.8kB (min=103.3kB, biggest=105.5kB) | arena=3.4kB | V_bus=4.928V I_bus=57.8mA P_bus=285.2mW E_total_accum=160.770mWh
07:40:43.012 > [BENCH] IDLE | t_inference_us=0 | heap=0.3kB/105.8kB (min=103.3kB, biggest=105.5kB) | arena=3.4kB | V_bus=4.936V I_bus=57.5mA P_bus=283.9mW E_total_accum=160.930mWh
07:40:45.035 > [BENCH] IDLE | t_inference_us=0 | heap=0.3kB/105.8kB (min=103.3kB, biggest=105.5kB) | arena=3.4kB | V_bus=4.936V I_bus=57.3mA P_bus=283.0mW E_total_accum=161.088mWh
07:40:47.064 > [BENCH] IDLE | t_inference_us=0 | heap=0.3kB/105.8kB (min=103.3kB, biggest=105.5kB) | arena=3.4kB | V_bus=4.928V I_bus=57.5mA P_bus=283.8mW E_total_accum=161.247mWh
07:40:49.081 > [BENCH] IDLE | t_inference_us=0 | heap=0.3kB/105.8kB (min=103.3kB, biggest=105.5kB) | arena=3.4kB | V_bus=4.928V I_bus=57.5mA P_bus=283.6mW E_total_accum=161.406mWh
07:40:51.108 > [BENCH] IDLE | t_inference_us=0 | heap=0.3kB/105.8kB (min=103.3kB, biggest=105.5kB) | arena=3.4kB | V_bus=4.940V I_bus=57.3mA P_bus=282.6mW E_total_accum=161.565mWh
07:40:53.132 > [BENCH] IDLE | t_inference_us=0 | heap=0.3kB/105.8kB (min=103.3kB, biggest=105.5kB) | arena=3.4kB | V_bus=4.936V I_bus=57.5mA P_bus=283.9mW E_total_accum=161.724mWh
07:40:55.144 > [BENCH] IDLE | t_inference_us=0 | heap=0.3kB/105.8kB (min=103.3kB, biggest=105.5kB) | arena=3.4kB | V_bus=4.944V I_bus=57.5mA P_bus=283.6mW E_total_accum=161.883mWh
07:40:57.179 > [BENCH] IDLE | t_inference_us=0 | heap=0.3kB/105.8kB (min=103.3kB, biggest=105.5kB) | arena=3.4kB | V_bus=4.940V I_bus=57.6mA P_bus=284.5mW E_total_accum=162.043mWh
07:40:59.195 > [BENCH] IDLE | t_inference_us=0 | heap=0.3kB/105.8kB (min=103.3kB, biggest=105.5kB) | arena=3.4kB | V_bus=4.944V I_bus=57.7mA P_bus=285.1mW E_total_accum=162.202mWh
07:41:01.213 > [BENCH] IDLE | t_inference_us=0 | heap=0.3kB/105.8kB (min=103.3kB, biggest=105.5kB) | arena=3.4kB | V_bus=4.932V I_bus=57.8mA P_bus=285.3mW E_total_accum=162.362mWh
07:41:03.230 > [BENCH] IDLE | t_inference_us=0 | heap=0.3kB/105.8kB (min=103.3kB, biggest=105.5kB) | arena=3.4kB | V_bus=4.944V I_bus=57.8mA P_bus=285.4mW E_total_accum=162.523mWh
07:41:05.259 > [BENCH] IDLE | t_inference_us=0 | heap=0.3kB/105.8kB (min=103.3kB, biggest=105.5kB) | arena=3.4kB | V_bus=4.940V I_bus=58.1mA P_bus=287.0mW E_total_accum=162.683mWh
07:41:07.291 > [BENCH] IDLE | t_inference_us=0 | heap=0.3kB/105.8kB (min=103.3kB, biggest=105.5kB) | arena=3.4kB | V_bus=4.940V I_bus=57.9mA P_bus=286.1mW E_total_accum=162.844mWh
07:41:09.310 > [BENCH] IDLE | t_inference_us=0 | heap=0.3kB/105.8kB (min=103.3kB, biggest=105.5kB) | arena=3.4kB | V_bus=4.944V I_bus=57.9mA P_bus=285.9mW E_total_accum=163.004mWh
07:41:11.327 > [BENCH] IDLE | t_inference_us=0 | heap=0.3kB/105.8kB (min=103.3kB, biggest=105.5kB) | arena=3.4kB | V_bus=4.936V I_bus=57.8mA P_bus=285.6mW E_total_accum=163.165mWh
07:41:13.344 > [BENCH] IDLE | t_inference_us=0 | heap=0.3kB/105.8kB (min=103.3kB, biggest=105.5kB) | arena=3.4kB | V_bus=4.940V I_bus=57.7mA P_bus=284.8mW E_total_accum=163.324mWh
07:41:15.375 > [BENCH] IDLE | t_inference_us=0 | heap=0.3kB/105.8kB (min=103.3kB, biggest=105.5kB) | arena=3.4kB | V_bus=4.940V I_bus=57.7mA P_bus=284.9mW E_total_accum=163.484mWh
07:41:17.391 > [BENCH] IDLE | t_inference_us=0 | heap=0.3kB/105.8kB (min=103.3kB, biggest=105.5kB) | arena=3.4kB | V_bus=4.932V I_bus=57.8mA P_bus=285.2mW E_total_accum=163.644mWh
07:41:19.408 > [BENCH] IDLE | t_inference_us=0 | heap=0.3kB/105.8kB (min=103.3kB, biggest=105.5kB) | arena=3.4kB | V_bus=4.940V I_bus=57.5mA P_bus=283.9mW E_total_accum=163.803mWh
07:41:21.441 > [BENCH] IDLE | t_inference_us=0 | heap=0.3kB/105.8kB (min=103.3kB, biggest=105.5kB) | arena=3.4kB | V_bus=4.932V I_bus=57.5mA P_bus=283.8mW E_total_accum=163.962mWh
07:41:23.458 > [BENCH] IDLE | t_inference_us=0 | heap=0.3kB/105.8kB (min=103.3kB, biggest=105.5kB) | arena=3.4kB | V_bus=4.928V I_bus=57.6mA P_bus=284.4mW E_total_accum=164.122mWh
07:41:25.492 > [BENCH] IDLE | t_inference_us=0 | heap=0.3kB/105.8kB (min=103.3kB, biggest=105.5kB) | arena=3.4kB | V_bus=4.932V I_bus=57.4mA P_bus=283.2mW E_total_accum=164.280mWh
07:41:27.504 > [BENCH] IDLE | t_inference_us=0 | heap=0.3kB/105.8kB (min=103.3kB, biggest=105.5kB) | arena=3.4kB | V_bus=4.928V I_bus=57.3mA P_bus=282.6mW E_total_accum=164.439mWh
07:41:29.534 > [BENCH] IDLE | t_inference_us=0 | heap=0.3kB/105.8kB (min=103.3kB, biggest=105.5kB) | arena=3.4kB | V_bus=4.928V I_bus=57.4mA P_bus=283.2mW E_total_accum=164.598mWh
07:41:31.556 > [BENCH] IDLE | t_inference_us=0 | heap=0.3kB/105.8kB (min=103.3kB, biggest=105.5kB) | arena=3.4kB | V_bus=4.936V I_bus=57.2mA P_bus=282.3mW E_total_accum=164.756mWh
07:41:32.975 > 
07:41:32.975 > [EVENT] type=HOUR  Tin=24.30 Hin=65.80 Tout=28.70 Hout=78.10
07:41:32.997 > [infer] REAL - Invoke executed (model ran)
07:41:33.008 > 
07:41:33.010 > [PWR] infer | E_inference_window(ΔE_total)=2.090µWh (E0=164.866714mWh E1=164.868805mWh) | E_inference_pipeline(ΔE_total)=2.380µWh (E0=164.866531mWh E1=164.868912mWh) | t_inference=25.481ms | t_inference_pipeline=30.635ms | E_total_accum=164.869mWh
07:41:33.031 > [BENCH] INFER_HOURLY | t_inference_us=25481 | heap=0.3kB/105.9kB (min=103.3kB, biggest=105.6kB) | arena=3.4kB | V_bus=4.932V I_bus=56.9mA P_bus=280.9mW E_total_accum=164.869mWh
07:41:33.050 > [HOUR] Tin=24.30 Hin=65.80 | Tp=23.87 Hp=66.48
07:41:33.050 > [HOUR] SAMPLES | N_ALL=10 N_T=10 N_H=10
07:41:33.054 > [HOUR] METRICS | MAE=nan RMSE=nan R2=NA | MAE_T=nan RMSE_T=nan R2_T=NA | MAE_H=nan RMSE_H=nan R2_H=NA
07:41:33.507 > [SENSORS] Health IN ok=961 err=0 reinit=0 pwr=0 | OUT ok=961 err=0 reinit=0 pwr=0
07:41:35.081 > [BENCH] IDLE | t_inference_us=0 | heap=0.3kB/105.8kB (min=103.3kB, biggest=105.5kB) | arena=3.4kB | V_bus=4.936V I_bus=57.2mA P_bus=282.7mW E_total_accum=165.031mWh
07:41:37.090 > [BENCH] IDLE | t_inference_us=0 | heap=0.3kB/105.8kB (min=103.3kB, biggest=105.5kB) | arena=3.4kB | V_bus=4.936V I_bus=57.2mA P_bus=282.2mW E_total_accum=165.189mWh
07:41:39.125 > [BENCH] IDLE | t_inference_us=0 | heap=0.3kB/105.8kB (min=103.3kB, biggest=105.5kB) | arena=3.4kB | V_bus=4.944V I_bus=57.2mA P_bus=282.3mW E_total_accum=165.348mWh
07:41:41.136 > [BENCH] IDLE | t_inference_us=0 | heap=0.3kB/105.8kB (min=103.3kB, biggest=105.5kB) | arena=3.4kB | V_bus=4.936V I_bus=57.6mA P_bus=284.3mW E_total_accum=165.507mWh
07:41:43.170 > [BENCH] IDLE | t_inference_us=0 | heap=0.3kB/105.8kB (min=103.3kB, biggest=105.5kB) | arena=3.4kB | V_bus=4.940V I_bus=57.6mA P_bus=284.4mW E_total_accum=165.667mWh
07:41:45.188 > [BENCH] IDLE | t_inference_us=0 | heap=0.3kB/105.8kB (min=103.3kB, biggest=105.5kB) | arena=3.4kB | V_bus=4.960V I_bus=58.0mA P_bus=286.8mW E_total_accum=165.828mWh
07:41:47.208 > [BENCH] IDLE | t_inference_us=0 | heap=0.3kB/105.8kB (min=103.3kB, biggest=105.5kB) | arena=3.4kB | V_bus=4.928V I_bus=58.2mA P_bus=287.3mW E_total_accum=165.989mWh
07:41:49.237 > [BENCH] IDLE | t_inference_us=0 | heap=0.3kB/105.8kB (min=103.3kB, biggest=105.5kB) | arena=3.4kB | V_bus=4.940V I_bus=58.0mA P_bus=286.4mW E_total_accum=166.149mWh
07:41:51.253 > [BENCH] IDLE | t_inference_us=0 | heap=0.3kB/105.8kB (min=103.3kB, biggest=105.5kB) | arena=3.4kB | V_bus=4.936V I_bus=58.1mA P_bus=287.1mW E_total_accum=166.310mWh
07:41:53.269 > [BENCH] IDLE | t_inference_us=0 | heap=0.3kB/105.8kB (min=103.3kB, biggest=105.5kB) | arena=3.4kB | V_bus=4.936V I_bus=58.2mA P_bus=287.3mW E_total_accum=166.471mWh
07:41:55.303 > [BENCH] IDLE | t_inference_us=0 | heap=0.3kB/105.8kB (min=103.3kB, biggest=105.5kB) | arena=3.4kB | V_bus=4.940V I_bus=58.2mA P_bus=287.4mW E_total_accum=166.633mWh
07:41:57.318 > [BENCH] IDLE | t_inference_us=0 | heap=0.3kB/105.8kB (min=103.3kB, biggest=105.5kB) | arena=3.4kB | V_bus=4.932V I_bus=58.4mA P_bus=288.1mW E_total_accum=166.794mWh
07:41:59.348 > [BENCH] IDLE | t_inference_us=0 | heap=0.3kB/105.8kB (min=103.3kB, biggest=105.5kB) | arena=3.4kB | V_bus=4.940V I_bus=58.2mA P_bus=287.2mW E_total_accum=166.955mWh
07:42:01.374 > [BENCH] IDLE | t_inference_us=0 | heap=0.3kB/105.8kB (min=103.3kB, biggest=105.5kB) | arena=3.4kB | V_bus=4.932V I_bus=58.1mA P_bus=286.7mW E_total_accum=167.116mWh
07:42:03.398 > [BENCH] IDLE | t_inference_us=0 | heap=0.3kB/105.8kB (min=103.3kB, biggest=105.5kB) | arena=3.4kB | V_bus=4.928V I_bus=57.9mA P_bus=285.8mW E_total_accum=167.276mWh
07:42:05.418 > [BENCH] IDLE | t_inference_us=0 | heap=0.3kB/105.8kB (min=103.3kB, biggest=105.5kB) | arena=3.4kB | V_bus=4.932V I_bus=57.6mA P_bus=284.2mW E_total_accum=167.435mWh
07:42:07.432 > [BENCH] IDLE | t_inference_us=0 | heap=0.3kB/105.8kB (min=103.3kB, biggest=105.5kB) | arena=3.4kB | V_bus=4.936V I_bus=57.4mA P_bus=283.4mW E_total_accum=167.594mWh
07:42:09.450 > [BENCH] IDLE | t_inference_us=0 | heap=0.3kB/105.8kB (min=103.3kB, biggest=105.5kB) | arena=3.4kB | V_bus=4.936V I_bus=57.3mA P_bus=282.9mW E_total_accum=167.753mWh
07:42:11.480 > [BENCH] IDLE | t_inference_us=0 | heap=0.3kB/105.8kB (min=103.3kB, biggest=105.5kB) | arena=3.4kB | V_bus=4.936V I_bus=57.2mA P_bus=282.2mW E_total_accum=167.911mWh
07:42:13.505 > [BENCH] IDLE | t_inference_us=0 | heap=0.3kB/105.8kB (min=103.3kB, biggest=105.5kB) | arena=3.4kB | V_bus=4.940V I_bus=57.5mA P_bus=284.1mW E_total_accum=168.070mWh
07:42:15.513 > [BENCH] IDLE | t_inference_us=0 | heap=0.3kB/105.8kB (min=103.3kB, biggest=105.5kB) | arena=3.4kB | V_bus=4.936V I_bus=57.8mA P_bus=285.4mW E_total_accum=168.230mWh
07:42:17.551 > [BENCH] IDLE | t_inference_us=0 | heap=0.3kB/105.8kB (min=103.3kB, biggest=105.5kB) | arena=3.4kB | V_bus=4.940V I_bus=57.9mA P_bus=285.6mW E_total_accum=168.391mWh
07:42:19.568 > [BENCH] IDLE | t_inference_us=0 | heap=0.3kB/105.8kB (min=103.3kB, biggest=105.5kB) | arena=3.4kB | V_bus=4.932V I_bus=57.9mA P_bus=285.6mW E_total_accum=168.551mWh
07:42:21.597 > [BENCH] IDLE | t_inference_us=0 | heap=0.3kB/105.8kB (min=103.3kB, biggest=105.5kB) | arena=3.4kB | V_bus=4.936V I_bus=57.6mA P_bus=284.1mW E_total_accum=168.710mWh
07:42:23.616 > [BENCH] IDLE | t_inference_us=0 | heap=0.3kB/105.8kB (min=103.3kB, biggest=105.5kB) | arena=3.4kB | V_bus=4.924V I_bus=57.7mA P_bus=284.5mW E_total_accum=168.870mWh
07:42:25.629 > [BENCH] IDLE | t_inference_us=0 | heap=0.3kB/105.8kB (min=103.3kB, biggest=105.5kB) | arena=3.4kB | V_bus=4.932V I_bus=57.4mA P_bus=283.1mW E_total_accum=169.028mWh
07:42:27.668 > [BENCH] IDLE | t_inference_us=0 | heap=0.3kB/105.8kB (min=103.3kB, biggest=105.5kB) | arena=3.4kB | V_bus=4.956V I_bus=58.7mA P_bus=289.8mW E_total_accum=169.191mWh
07:42:29.678 > [BENCH] IDLE | t_inference_us=0 | heap=0.3kB/105.8kB (min=103.3kB, biggest=105.5kB) | arena=3.4kB | V_bus=4.936V I_bus=58.4mA P_bus=288.3mW E_total_accum=169.352mWh
07:42:31.707 > [BENCH] IDLE | t_inference_us=0 | heap=0.3kB/105.8kB (min=103.3kB, biggest=105.5kB) | arena=3.4kB | V_bus=4.932V I_bus=58.1mA P_bus=286.6mW E_total_accum=169.513mWh
07:42:33.076 > 
07:42:33.076 > [EVENT] type=HOUR  Tin=24.20 Hin=65.52 Tout=28.80 Hout=77.80
07:42:33.115 > [infer] REAL - Invoke executed (model ran)
07:42:33.115 > 
07:42:33.115 > [PWR] infer | E_inference_window(ΔE_total)=2.151µWh (E0=169.623291mWh E1=169.625443mWh) | E_inference_pipeline(ΔE_total)=2.457µWh (E0=169.623093mWh E1=169.625549mWh) | t_inference=25.482ms | t_inference_pipeline=30.634ms | E_total_accum=169.626mWh
07:42:33.145 > [BENCH] INFER_HOURLY | t_inference_us=25482 | heap=0.3kB/105.9kB (min=103.3kB, biggest=105.6kB) | arena=3.4kB | V_bus=4.936V I_bus=58.5mA P_bus=288.8mW E_total_accum=169.626mWh
07:42:33.159 > [HOUR] Tin=24.20 Hin=65.52 | Tp=23.83 Hp=65.67
07:42:33.166 > [HOUR] SAMPLES | N_ALL=11 N_T=11 N_H=11
07:42:33.169 > [HOUR] METRICS | MAE=nan RMSE=nan R2=NA | MAE_T=nan RMSE_T=nan R2_T=NA | MAE_H=nan RMSE_H=nan R2_H=NA
07:42:33.644 > [SENSORS] Health IN ok=989 err=0 reinit=0 pwr=0 | OUT ok=989 err=0 reinit=0 pwr=0
07:42:35.192 > [BENCH] IDLE | t_inference_us=0 | heap=0.3kB/105.8kB (min=103.3kB, biggest=105.5kB) | arena=3.4kB | V_bus=4.936V I_bus=58.0mA P_bus=286.6mW E_total_accum=169.790mWh
07:42:37.211 > [BENCH] IDLE | t_inference_us=0 | heap=0.3kB/105.8kB (min=103.3kB, biggest=105.5kB) | arena=3.4kB | V_bus=4.932V I_bus=57.9mA P_bus=286.0mW E_total_accum=169.950mWh
07:42:39.237 > [BENCH] IDLE | t_inference_us=0 | heap=0.3kB/105.8kB (min=103.3kB, biggest=105.5kB) | arena=3.4kB | V_bus=4.928V I_bus=57.9mA P_bus=285.8mW E_total_accum=170.111mWh
07:42:41.260 > [BENCH] IDLE | t_inference_us=0 | heap=0.3kB/105.8kB (min=103.3kB, biggest=105.5kB) | arena=3.4kB | V_bus=4.936V I_bus=57.6mA P_bus=284.3mW E_total_accum=170.270mWh
07:42:43.273 > [BENCH] IDLE | t_inference_us=0 | heap=0.3kB/105.8kB (min=103.3kB, biggest=105.5kB) | arena=3.4kB | V_bus=4.936V I_bus=57.5mA P_bus=283.8mW E_total_accum=170.429mWh
07:42:45.298 > [BENCH] IDLE | t_inference_us=0 | heap=0.3kB/105.8kB (min=103.3kB, biggest=105.5kB) | arena=3.4kB | V_bus=4.936V I_bus=57.8mA P_bus=285.1mW E_total_accum=170.589mWh
07:42:47.326 > [BENCH] IDLE | t_inference_us=0 | heap=0.3kB/105.8kB (min=103.3kB, biggest=105.5kB) | arena=3.4kB | V_bus=4.948V I_bus=57.7mA P_bus=285.2mW E_total_accum=170.749mWh
07:42:49.342 > [BENCH] IDLE | t_inference_us=0 | heap=0.3kB/105.8kB (min=103.3kB, biggest=105.5kB) | arena=3.4kB | V_bus=4.936V I_bus=58.0mA P_bus=286.3mW E_total_accum=170.909mWh
07:42:51.369 > [BENCH] IDLE | t_inference_us=0 | heap=0.3kB/105.8kB (min=103.3kB, biggest=105.5kB) | arena=3.4kB | V_bus=4.940V I_bus=57.8mA P_bus=285.3mW E_total_accum=171.069mWh
07:42:53.388 > [BENCH] IDLE | t_inference_us=0 | heap=0.3kB/105.8kB (min=103.3kB, biggest=105.5kB) | arena=3.4kB | V_bus=4.940V I_bus=58.0mA P_bus=286.3mW E_total_accum=171.230mWh
07:42:55.405 > [BENCH] IDLE | t_inference_us=0 | heap=0.3kB/105.8kB (min=103.3kB, biggest=105.5kB) | arena=3.4kB | V_bus=4.944V I_bus=57.9mA P_bus=286.1mW E_total_accum=171.390mWh
07:42:57.439 > [BENCH] IDLE | t_inference_us=0 | heap=0.3kB/105.8kB (min=103.3kB, biggest=105.5kB) | arena=3.4kB | V_bus=4.940V I_bus=58.1mA P_bus=286.9mW E_total_accum=171.551mWh
07:42:59.457 > [BENCH] IDLE | t_inference_us=0 | heap=0.3kB/105.8kB (min=103.3kB, biggest=105.5kB) | arena=3.4kB | V_bus=4.936V I_bus=58.2mA P_bus=287.2mW E_total_accum=171.712mWh
07:43:01.471 > [BENCH] IDLE | t_inference_us=0 | heap=0.3kB/105.8kB (min=103.3kB, biggest=105.5kB) | arena=3.4kB | V_bus=4.940V I_bus=57.9mA P_bus=286.0mW E_total_accum=171.873mWh
07:43:03.500 > [BENCH] IDLE | t_inference_us=0 | heap=0.3kB/105.8kB (min=103.3kB, biggest=105.5kB) | arena=3.4kB | V_bus=4.928V I_bus=57.9mA P_bus=286.1mW E_total_accum=172.033mWh
07:43:05.520 > [BENCH] IDLE | t_inference_us=0 | heap=0.3kB/105.8kB (min=103.3kB, biggest=105.5kB) | arena=3.4kB | V_bus=4.928V I_bus=58.1mA P_bus=286.8mW E_total_accum=172.194mWh
07:43:07.537 > [BENCH] IDLE | t_inference_us=0 | heap=0.3kB/105.8kB (min=103.3kB, biggest=105.5kB) | arena=3.4kB | V_bus=4.940V I_bus=57.8mA P_bus=285.2mW E_total_accum=172.353mWh
07:43:09.569 > [BENCH] IDLE | t_inference_us=0 | heap=0.3kB/105.8kB (min=103.3kB, biggest=105.5kB) | arena=3.4kB | V_bus=4.936V I_bus=57.5mA P_bus=283.9mW E_total_accum=172.513mWh
07:43:11.595 > [BENCH] IDLE | t_inference_us=0 | heap=0.3kB/105.8kB (min=103.3kB, biggest=105.5kB) | arena=3.4kB | V_bus=4.928V I_bus=57.6mA P_bus=284.2mW E_total_accum=172.672mWh
07:43:13.612 > [BENCH] IDLE | t_inference_us=0 | heap=0.3kB/105.8kB (min=103.3kB, biggest=105.5kB) | arena=3.4kB | V_bus=4.936V I_bus=57.3mA P_bus=282.8mW E_total_accum=172.831mWh
07:43:15.641 > [BENCH] IDLE | t_inference_us=0 | heap=0.3kB/105.8kB (min=103.3kB, biggest=105.5kB) | arena=3.4kB | V_bus=4.924V I_bus=57.4mA P_bus=283.2mW E_total_accum=172.990mWh
07:43:17.662 > [BENCH] IDLE | t_inference_us=0 | heap=0.3kB/105.8kB (min=103.3kB, biggest=105.5kB) | arena=3.4kB | V_bus=4.928V I_bus=57.5mA P_bus=283.4mW E_total_accum=173.148mWh
07:43:19.686 > [BENCH] IDLE | t_inference_us=0 | heap=0.3kB/105.8kB (min=103.3kB, biggest=105.5kB) | arena=3.4kB | V_bus=4.932V I_bus=57.2mA P_bus=282.3mW E_total_accum=173.307mWh
07:43:21.711 > [BENCH] IDLE | t_inference_us=0 | heap=0.3kB/105.8kB (min=103.3kB, biggest=105.5kB) | arena=3.4kB | V_bus=4.924V I_bus=57.4mA P_bus=283.1mW E_total_accum=173.466mWh
07:43:23.728 > [BENCH] IDLE | t_inference_us=0 | heap=0.3kB/105.8kB (min=103.3kB, biggest=105.5kB) | arena=3.4kB | V_bus=4.932V I_bus=57.5mA P_bus=283.7mW E_total_accum=173.625mWh
07:43:25.751 > [BENCH] IDLE | t_inference_us=0 | heap=0.3kB/105.8kB (min=103.3kB, biggest=105.5kB) | arena=3.4kB | V_bus=4.932V I_bus=57.3mA P_bus=282.6mW E_total_accum=173.783mWh
07:43:27.767 > [BENCH] IDLE | t_inference_us=0 | heap=0.3kB/105.8kB (min=103.3kB, biggest=105.5kB) | arena=3.4kB | V_bus=4.936V I_bus=57.4mA P_bus=282.9mW E_total_accum=173.942mWh
07:43:29.797 > [BENCH] IDLE | t_inference_us=0 | heap=0.3kB/105.8kB (min=103.3kB, biggest=105.5kB) | arena=3.4kB | V_bus=4.936V I_bus=57.2mA P_bus=282.1mW E_total_accum=174.100mWh
07:43:31.815 > [BENCH] IDLE | t_inference_us=0 | heap=0.3kB/105.8kB (min=103.3kB, biggest=105.5kB) | arena=3.4kB | V_bus=4.940V I_bus=57.4mA P_bus=283.1mW E_total_accum=174.259mWh
07:43:33.195 > 
07:43:33.195 > [EVENT] type=HOUR  Tin=24.10 Hin=64.49 Tout=28.80 Hout=77.90
07:43:33.223 > [infer] REAL - Invoke executed (model ran)
07:43:33.223 > 
07:43:33.223 > [PWR] infer | E_inference_window(ΔE_total)=2.136µWh (E0=174.367554mWh E1=174.369690mWh) | E_inference_pipeline(ΔE_total)=2.426µWh (E0=174.367371mWh E1=174.369797mWh) | t_inference=25.483ms | t_inference_pipeline=30.514ms | E_total_accum=174.370mWh
07:43:33.252 > [BENCH] INFER_HOURLY | t_inference_us=25483 | heap=0.3kB/105.9kB (min=103.3kB, biggest=105.6kB) | arena=3.4kB | V_bus=4.924V I_bus=58.1mA P_bus=286.7mW E_total_accum=174.370mWh
07:43:33.266 > [HOUR] Tin=24.10 Hin=64.49 | Tp=23.70 Hp=65.37
07:43:33.272 > [HOUR] SAMPLES | N_ALL=12 N_T=12 N_H=12
07:43:33.272 > [HOUR] METRICS | MAE=nan RMSE=nan R2=NA | MAE_T=nan RMSE_T=nan R2_T=NA | MAE_H=nan RMSE_H=nan R2_H=NA
07:43:33.799 > [SENSORS] Health IN ok=1017 err=0 reinit=0 pwr=0 | OUT ok=1018 err=0 reinit=0 pwr=0
07:43:35.296 > [BENCH] IDLE | t_inference_us=0 | heap=0.3kB/105.8kB (min=103.3kB, biggest=105.5kB) | arena=3.4kB | V_bus=4.940V I_bus=58.0mA P_bus=286.3mW E_total_accum=174.534mWh
07:43:37.312 > [BENCH] IDLE | t_inference_us=0 | heap=0.3kB/105.8kB (min=103.3kB, biggest=105.5kB) | arena=3.4kB | V_bus=4.944V I_bus=57.8mA P_bus=285.4mW E_total_accum=174.694mWh
07:43:39.331 > [BENCH] IDLE | t_inference_us=0 | heap=0.3kB/105.8kB (min=103.3kB, biggest=105.5kB) | arena=3.4kB | V_bus=4.932V I_bus=58.0mA P_bus=286.4mW E_total_accum=174.855mWh
07:43:41.348 > [BENCH] IDLE | t_inference_us=0 | heap=0.3kB/105.8kB (min=103.3kB, biggest=105.5kB) | arena=3.4kB | V_bus=4.936V I_bus=58.1mA P_bus=286.7mW E_total_accum=175.015mWh
07:43:43.385 > [BENCH] IDLE | t_inference_us=0 | heap=0.3kB/105.8kB (min=103.3kB, biggest=105.5kB) | arena=3.4kB | V_bus=4.944V I_bus=57.9mA P_bus=285.9mW E_total_accum=175.176mWh
07:43:45.411 > [BENCH] IDLE | t_inference_us=0 | heap=0.3kB/105.8kB (min=103.3kB, biggest=105.5kB) | arena=3.4kB | V_bus=4.932V I_bus=57.9mA P_bus=285.9mW E_total_accum=175.336mWh
07:43:47.428 > [BENCH] IDLE | t_inference_us=0 | heap=0.3kB/105.8kB (min=103.3kB, biggest=105.5kB) | arena=3.4kB | V_bus=4.940V I_bus=57.6mA P_bus=284.4mW E_total_accum=175.496mWh
07:43:49.443 > [BENCH] IDLE | t_inference_us=0 | heap=0.3kB/105.8kB (min=103.3kB, biggest=105.5kB) | arena=3.4kB | V_bus=4.940V I_bus=57.7mA P_bus=284.7mW E_total_accum=175.655mWh
07:43:51.477 > [BENCH] IDLE | t_inference_us=0 | heap=0.3kB/105.8kB (min=103.3kB, biggest=105.5kB) | arena=3.4kB | V_bus=4.960V I_bus=57.7mA P_bus=285.0mW E_total_accum=175.815mWh
07:43:53.495 > [BENCH] IDLE | t_inference_us=0 | heap=0.3kB/105.8kB (min=103.3kB, biggest=105.5kB) | arena=3.4kB | V_bus=4.928V I_bus=57.5mA P_bus=284.2mW E_total_accum=175.974mWh
07:43:55.518 > [BENCH] IDLE | t_inference_us=0 | heap=0.3kB/105.8kB (min=103.3kB, biggest=105.5kB) | arena=3.4kB | V_bus=4.928V I_bus=57.3mA P_bus=283.0mW E_total_accum=176.133mWh
07:43:57.541 > [BENCH] IDLE | t_inference_us=0 | heap=0.3kB/105.8kB (min=103.3kB, biggest=105.5kB) | arena=3.4kB | V_bus=4.924V I_bus=57.3mA P_bus=282.6mW E_total_accum=176.291mWh
07:43:59.559 > [BENCH] IDLE | t_inference_us=0 | heap=0.3kB/105.8kB (min=103.3kB, biggest=105.5kB) | arena=3.4kB | V_bus=4.928V I_bus=57.1mA P_bus=281.6mW E_total_accum=176.449mWh
07:44:01.576 > [BENCH] IDLE | t_inference_us=0 | heap=0.3kB/105.8kB (min=103.3kB, biggest=105.5kB) | arena=3.4kB | V_bus=4.932V I_bus=57.0mA P_bus=281.2mW E_total_accum=176.607mWh
07:44:03.610 > [BENCH] IDLE | t_inference_us=0 | heap=0.3kB/105.8kB (min=103.3kB, biggest=105.5kB) | arena=3.4kB | V_bus=4.920V I_bus=57.2mA P_bus=282.1mW E_total_accum=176.765mWh
07:44:05.626 > [BENCH] IDLE | t_inference_us=0 | heap=0.3kB/105.8kB (min=103.3kB, biggest=105.5kB) | arena=3.4kB | V_bus=4.924V I_bus=57.1mA P_bus=281.5mW E_total_accum=176.923mWh
07:44:07.650 > [BENCH] IDLE | t_inference_us=0 | heap=0.3kB/105.8kB (min=103.3kB, biggest=105.5kB) | arena=3.4kB | V_bus=4.932V I_bus=57.0mA P_bus=281.0mW E_total_accum=177.081mWh
07:44:09.656 > [BENCH] IDLE | t_inference_us=0 | heap=0.3kB/105.8kB (min=103.3kB, biggest=105.5kB) | arena=3.4kB | V_bus=4.936V I_bus=57.2mA P_bus=282.0mW E_total_accum=177.238mWh
07:44:11.690 > [BENCH] IDLE | t_inference_us=0 | heap=0.3kB/105.8kB (min=103.3kB, biggest=105.5kB) | arena=3.4kB | V_bus=4.932V I_bus=57.2mA P_bus=281.9mW E_total_accum=177.396mWh
07:44:13.712 > [BENCH] IDLE | t_inference_us=0 | heap=0.3kB/105.8kB (min=103.3kB, biggest=105.5kB) | arena=3.4kB | V_bus=4.936V I_bus=57.3mA P_bus=282.8mW E_total_accum=177.555mWh
07:44:15.736 > [BENCH] IDLE | t_inference_us=0 | heap=0.3kB/105.8kB (min=103.3kB, biggest=105.5kB) | arena=3.4kB | V_bus=4.936V I_bus=57.2mA P_bus=282.3mW E_total_accum=177.713mWh
07:44:17.758 > [BENCH] IDLE | t_inference_us=0 | heap=0.3kB/105.8kB (min=103.3kB, biggest=105.5kB) | arena=3.4kB | V_bus=4.924V I_bus=57.4mA P_bus=283.3mW E_total_accum=177.872mWh
07:44:19.774 > [BENCH] IDLE | t_inference_us=0 | heap=0.3kB/105.8kB (min=103.3kB, biggest=105.5kB) | arena=3.4kB | V_bus=4.932V I_bus=57.3mA P_bus=282.6mW E_total_accum=178.031mWh
07:44:21.808 > [BENCH] IDLE | t_inference_us=0 | heap=0.3kB/105.8kB (min=103.3kB, biggest=105.5kB) | arena=3.4kB | V_bus=4.932V I_bus=57.2mA P_bus=282.0mW E_total_accum=178.189mWh
07:44:23.824 > [BENCH] IDLE | t_inference_us=0 | heap=0.3kB/105.8kB (min=103.3kB, biggest=105.5kB) | arena=3.4kB | V_bus=4.928V I_bus=57.7mA P_bus=284.7mW E_total_accum=178.349mWh
07:44:25.857 > [BENCH] IDLE | t_inference_us=0 | heap=0.3kB/105.8kB (min=103.3kB, biggest=105.5kB) | arena=3.4kB | V_bus=4.932V I_bus=57.7mA P_bus=284.6mW E_total_accum=178.508mWh
07:44:27.873 > [BENCH] IDLE | t_inference_us=0 | heap=0.3kB/105.8kB (min=103.3kB, biggest=105.5kB) | arena=3.4kB | V_bus=4.928V I_bus=57.9mA P_bus=285.6mW E_total_accum=178.669mWh
07:44:29.906 > [BENCH] IDLE | t_inference_us=0 | heap=0.3kB/105.8kB (min=103.3kB, biggest=105.5kB) | arena=3.4kB | V_bus=4.928V I_bus=57.8mA P_bus=285.1mW E_total_accum=178.828mWh
07:44:31.918 > [BENCH] IDLE | t_inference_us=0 | heap=0.3kB/105.8kB (min=103.3kB, biggest=105.5kB) | arena=3.4kB | V_bus=4.932V I_bus=57.8mA P_bus=285.2mW E_total_accum=178.988mWh
07:44:33.304 > 
07:44:33.304 > [EVENT] type=HOUR  Tin=24.50 Hin=67.57 Tout=28.50 Hout=76.00
07:44:33.328 > [infer] REAL - Invoke executed (model ran)
07:44:33.338 > 
07:44:33.338 > [PWR] infer | E_inference_window(ΔE_total)=2.151µWh (E0=179.097397mWh E1=179.099548mWh) | E_inference_pipeline(ΔE_total)=2.426µWh (E0=179.097229mWh E1=179.099655mWh) | t_inference=25.485ms | t_inference_pipeline=30.413ms | E_total_accum=179.100mWh
07:44:33.360 > [BENCH] INFER_HOURLY | t_inference_us=25485 | heap=0.3kB/105.9kB (min=103.3kB, biggest=105.6kB) | arena=3.4kB | V_bus=4.928V I_bus=58.3mA P_bus=287.5mW E_total_accum=179.100mWh
07:44:33.376 > [HOUR] Tin=24.50 Hin=67.57 | Tp=23.56 Hp=64.32
07:44:33.383 > [HOUR] SAMPLES | N_ALL=13 N_T=13 N_H=13
07:44:33.383 > [HOUR] METRICS | MAE=nan RMSE=nan R2=NA | MAE_T=nan RMSE_T=nan R2_T=NA | MAE_H=nan RMSE_H=nan R2_H=NA
07:44:33.952 > [SENSORS] Health IN ok=1045 err=0 reinit=0 pwr=0 | OUT ok=1046 err=0 reinit=0 pwr=0
07:44:35.403 > [BENCH] IDLE | t_inference_us=0 | heap=0.3kB/105.8kB (min=103.3kB, biggest=105.5kB) | arena=3.4kB | V_bus=4.936V I_bus=58.2mA P_bus=287.3mW E_total_accum=179.265mWh
07:44:37.433 > [BENCH] IDLE | t_inference_us=0 | heap=0.3kB/105.8kB (min=103.3kB, biggest=105.5kB) | arena=3.4kB | V_bus=4.928V I_bus=58.4mA P_bus=288.3mW E_total_accum=179.426mWh
07:44:39.456 > [BENCH] IDLE | t_inference_us=0 | heap=0.3kB/105.8kB (min=103.3kB, biggest=105.5kB) | arena=3.4kB | V_bus=4.952V I_bus=58.3mA P_bus=287.7mW E_total_accum=179.588mWh
07:44:41.466 > [BENCH] IDLE | t_inference_us=0 | heap=0.3kB/105.8kB (min=103.3kB, biggest=105.5kB) | arena=3.4kB | V_bus=4.936V I_bus=58.1mA P_bus=286.8mW E_total_accum=179.748mWh
07:44:43.485 > [BENCH] IDLE | t_inference_us=0 | heap=0.3kB/105.8kB (min=103.3kB, biggest=105.5kB) | arena=3.4kB | V_bus=4.932V I_bus=58.4mA P_bus=288.2mW E_total_accum=179.910mWh
07:44:45.517 > [BENCH] IDLE | t_inference_us=0 | heap=0.3kB/105.8kB (min=103.3kB, biggest=105.5kB) | arena=3.4kB | V_bus=4.936V I_bus=58.2mA P_bus=287.1mW E_total_accum=180.071mWh
07:44:47.534 > [BENCH] IDLE | t_inference_us=0 | heap=0.3kB/105.8kB (min=103.3kB, biggest=105.5kB) | arena=3.4kB | V_bus=4.928V I_bus=58.5mA P_bus=288.6mW E_total_accum=180.233mWh
07:44:49.562 > [BENCH] IDLE | t_inference_us=0 | heap=0.3kB/105.8kB (min=103.3kB, biggest=105.5kB) | arena=3.4kB | V_bus=4.936V I_bus=58.3mA P_bus=287.9mW E_total_accum=180.394mWh
07:44:51.582 > [BENCH] IDLE | t_inference_us=0 | heap=0.3kB/105.8kB (min=103.3kB, biggest=105.5kB) | arena=3.4kB | V_bus=4.928V I_bus=58.6mA P_bus=289.2mW E_total_accum=180.557mWh
07:44:53.598 > [BENCH] IDLE | t_inference_us=0 | heap=0.3kB/105.8kB (min=103.3kB, biggest=105.5kB) | arena=3.4kB | V_bus=4.936V I_bus=58.3mA P_bus=287.7mW E_total_accum=180.718mWh
07:44:55.633 > [BENCH] IDLE | t_inference_us=0 | heap=0.3kB/105.8kB (min=103.3kB, biggest=105.5kB) | arena=3.4kB | V_bus=4.932V I_bus=58.4mA P_bus=288.1mW E_total_accum=180.879mWh
07:44:57.654 > [BENCH] IDLE | t_inference_us=0 | heap=0.3kB/105.8kB (min=103.3kB, biggest=105.5kB) | arena=3.4kB | V_bus=4.928V I_bus=58.3mA P_bus=287.7mW E_total_accum=181.040mWh
07:44:59.665 > [BENCH] IDLE | t_inference_us=0 | heap=0.3kB/105.8kB (min=103.3kB, biggest=105.5kB) | arena=3.4kB | V_bus=4.936V I_bus=58.1mA P_bus=286.6mW E_total_accum=181.201mWh
07:45:01.700 > [BENCH] IDLE | t_inference_us=0 | heap=0.3kB/105.8kB (min=103.3kB, biggest=105.5kB) | arena=3.4kB | V_bus=4.928V I_bus=58.3mA P_bus=287.6mW E_total_accum=181.363mWh
07:45:03.712 > [BENCH] IDLE | t_inference_us=0 | heap=0.3kB/105.8kB (min=103.3kB, biggest=105.5kB) | arena=3.4kB | V_bus=4.928V I_bus=58.2mA P_bus=287.1mW E_total_accum=181.523mWh
07:45:05.729 > [BENCH] IDLE | t_inference_us=0 | heap=0.3kB/105.8kB (min=103.3kB, biggest=105.5kB) | arena=3.4kB | V_bus=4.936V I_bus=58.1mA P_bus=286.8mW E_total_accum=181.684mWh
07:45:07.764 > [BENCH] IDLE | t_inference_us=0 | heap=0.3kB/105.8kB (min=103.3kB, biggest=105.5kB) | arena=3.4kB | V_bus=4.932V I_bus=58.3mA P_bus=287.4mW E_total_accum=181.845mWh
07:45:09.781 > [BENCH] IDLE | t_inference_us=0 | heap=0.3kB/105.8kB (min=103.3kB, biggest=105.5kB) | arena=3.4kB | V_bus=4.936V I_bus=58.2mA P_bus=287.3mW E_total_accum=182.006mWh
07:45:11.817 > [BENCH] IDLE | t_inference_us=0 | heap=0.3kB/105.8kB (min=103.3kB, biggest=105.5kB) | arena=3.4kB | V_bus=4.932V I_bus=58.4mA P_bus=287.9mW E_total_accum=182.168mWh
07:45:13.827 > [BENCH] IDLE | t_inference_us=0 | heap=0.3kB/105.8kB (min=103.3kB, biggest=105.5kB) | arena=3.4kB | V_bus=4.936V I_bus=58.2mA P_bus=286.9mW E_total_accum=182.329mWh
07:45:15.866 > [BENCH] IDLE | t_inference_us=0 | heap=0.3kB/105.8kB (min=103.3kB, biggest=105.5kB) | arena=3.4kB | V_bus=4.920V I_bus=58.1mA P_bus=286.6mW E_total_accum=182.490mWh
07:45:17.878 > [BENCH] IDLE | t_inference_us=0 | heap=0.3kB/105.8kB (min=103.3kB, biggest=105.5kB) | arena=3.4kB | V_bus=4.928V I_bus=57.8mA P_bus=285.0mW E_total_accum=182.650mWh
07:45:19.912 > [BENCH] IDLE | t_inference_us=0 | heap=0.3kB/105.8kB (min=103.3kB, biggest=105.5kB) | arena=3.4kB | V_bus=4.924V I_bus=57.8mA P_bus=284.8mW E_total_accum=182.810mWh
07:45:21.928 > [BENCH] IDLE | t_inference_us=0 | heap=0.3kB/105.8kB (min=103.3kB, biggest=105.5kB) | arena=3.4kB | V_bus=4.924V I_bus=57.8mA P_bus=284.8mW E_total_accum=182.969mWh
07:45:23.952 > [BENCH] IDLE | t_inference_us=0 | heap=0.3kB/105.8kB (min=103.3kB, biggest=105.5kB) | arena=3.4kB | V_bus=4.928V I_bus=57.5mA P_bus=283.5mW E_total_accum=183.128mWh
07:45:25.975 > [BENCH] IDLE | t_inference_us=0 | heap=0.3kB/105.8kB (min=103.3kB, biggest=105.5kB) | arena=3.4kB | V_bus=4.920V I_bus=57.7mA P_bus=284.1mW E_total_accum=183.288mWh
07:45:27.993 > [BENCH] IDLE | t_inference_us=0 | heap=0.3kB/105.8kB (min=103.3kB, biggest=105.5kB) | arena=3.4kB | V_bus=4.928V I_bus=57.5mA P_bus=283.1mW E_total_accum=183.446mWh
07:45:30.024 > [BENCH] IDLE | t_inference_us=0 | heap=0.3kB/105.8kB (min=103.3kB, biggest=105.5kB) | arena=3.4kB | V_bus=4.920V I_bus=57.9mA P_bus=285.0mW E_total_accum=183.606mWh
07:45:32.042 > [BENCH] IDLE | t_inference_us=0 | heap=0.3kB/105.8kB (min=103.3kB, biggest=105.5kB) | arena=3.4kB | V_bus=4.936V I_bus=57.7mA P_bus=284.4mW E_total_accum=183.766mWh
07:45:33.424 > 
07:45:33.424 > [EVENT] type=HOUR  Tin=24.90 Hin=64.20 Tout=28.60 Hout=78.70
07:45:33.447 > [infer] REAL - Invoke executed (model ran)
07:45:33.447 > 
07:45:33.447 > [PWR] infer | E_inference_window(ΔE_total)=2.090µWh (E0=183.874649mWh E1=183.876740mWh) | E_inference_pipeline(ΔE_total)=2.365µWh (E0=183.874481mWh E1=183.876846mWh) | t_inference=25.485ms | t_inference_pipeline=30.415ms | E_total_accum=183.877mWh
07:45:33.480 > [BENCH] INFER_HOURLY | t_inference_us=25485 | heap=0.3kB/105.9kB (min=103.3kB, biggest=105.6kB) | arena=3.4kB | V_bus=4.920V I_bus=57.2mA P_bus=282.0mW E_total_accum=183.877mWh
07:45:33.496 > [HOUR] Tin=24.90 Hin=64.20 | Tp=23.91 Hp=67.38
07:45:33.498 > [HOUR] SAMPLES | N_ALL=14 N_T=14 N_H=14
07:45:33.501 > [HOUR] METRICS | MAE=nan RMSE=nan R2=NA | MAE_T=nan RMSE_T=nan R2_T=NA | MAE_H=nan RMSE_H=nan R2_H=NA
07:45:34.074 > [SENSORS] Health IN ok=1074 err=0 reinit=0 pwr=0 | OUT ok=1074 err=0 reinit=0 pwr=0
07:45:35.525 > [BENCH] IDLE | t_inference_us=0 | heap=0.3kB/105.8kB (min=103.3kB, biggest=105.5kB) | arena=3.4kB | V_bus=4.932V I_bus=57.4mA P_bus=283.0mW E_total_accum=184.039mWh
07:45:37.540 > [BENCH] IDLE | t_inference_us=0 | heap=0.3kB/105.8kB (min=103.3kB, biggest=105.5kB) | arena=3.4kB | V_bus=4.936V I_bus=57.6mA P_bus=283.7mW E_total_accum=184.198mWh
07:45:39.573 > [BENCH] IDLE | t_inference_us=0 | heap=0.3kB/105.8kB (min=103.3kB, biggest=105.5kB) | arena=3.4kB | V_bus=4.932V I_bus=57.7mA P_bus=284.6mW E_total_accum=184.358mWh
07:45:41.592 > [BENCH] IDLE | t_inference_us=0 | heap=0.3kB/105.8kB (min=103.3kB, biggest=105.5kB) | arena=3.4kB | V_bus=4.932V I_bus=57.5mA P_bus=283.5mW E_total_accum=184.517mWh
07:45:43.612 > [BENCH] IDLE | t_inference_us=0 | heap=0.3kB/105.8kB (min=103.3kB, biggest=105.5kB) | arena=3.4kB | V_bus=4.920V I_bus=57.6mA P_bus=283.9mW E_total_accum=184.676mWh
07:45:45.636 > [BENCH] IDLE | t_inference_us=0 | heap=0.3kB/105.8kB (min=103.3kB, biggest=105.5kB) | arena=3.4kB | V_bus=4.928V I_bus=57.4mA P_bus=283.0mW E_total_accum=184.835mWh
07:45:47.655 > [BENCH] IDLE | t_inference_us=0 | heap=0.3kB/105.8kB (min=103.3kB, biggest=105.5kB) | arena=3.4kB | V_bus=4.924V I_bus=57.5mA P_bus=283.2mW E_total_accum=184.994mWh
07:45:49.686 > [BENCH] IDLE | t_inference_us=0 | heap=0.3kB/105.8kB (min=103.3kB, biggest=105.5kB) | arena=3.4kB | V_bus=4.932V I_bus=57.6mA P_bus=283.7mW E_total_accum=185.153mWh
07:45:51.706 > [BENCH] IDLE | t_inference_us=0 | heap=0.3kB/105.8kB (min=103.3kB, biggest=105.5kB) | arena=3.4kB | V_bus=4.932V I_bus=57.4mA P_bus=282.7mW E_total_accum=185.311mWh
07:45:53.731 > [BENCH] IDLE | t_inference_us=0 | heap=0.3kB/105.8kB (min=103.3kB, biggest=105.5kB) | arena=3.4kB | V_bus=4.928V I_bus=57.5mA P_bus=283.3mW E_total_accum=185.470mWh
07:45:55.737 > [BENCH] IDLE | t_inference_us=0 | heap=0.3kB/105.8kB (min=103.3kB, biggest=105.5kB) | arena=3.4kB | V_bus=4.936V I_bus=57.5mA P_bus=283.3mW E_total_accum=185.629mWh
07:45:57.769 > [BENCH] IDLE | t_inference_us=0 | heap=0.3kB/105.8kB (min=103.3kB, biggest=105.5kB) | arena=3.4kB | V_bus=4.932V I_bus=57.9mA P_bus=285.3mW E_total_accum=185.789mWh
07:45:59.786 > [BENCH] IDLE | t_inference_us=0 | heap=0.3kB/105.8kB (min=103.3kB, biggest=105.5kB) | arena=3.4kB | V_bus=4.928V I_bus=58.0mA P_bus=285.9mW E_total_accum=185.949mWh
07:46:01.803 > [BENCH] IDLE | t_inference_us=0 | heap=0.3kB/105.8kB (min=103.3kB, biggest=105.5kB) | arena=3.4kB | V_bus=4.936V I_bus=58.0mA P_bus=285.8mW E_total_accum=186.109mWh
07:46:03.837 > [BENCH] IDLE | t_inference_us=0 | heap=0.3kB/105.8kB (min=103.3kB, biggest=105.5kB) | arena=3.4kB | V_bus=4.924V I_bus=57.7mA P_bus=284.6mW E_total_accum=186.269mWh
07:46:05.864 > [BENCH] IDLE | t_inference_us=0 | heap=0.3kB/105.8kB (min=103.3kB, biggest=105.5kB) | arena=3.4kB | V_bus=4.928V I_bus=57.5mA P_bus=283.6mW E_total_accum=186.428mWh
07:46:07.883 > [BENCH] IDLE | t_inference_us=0 | heap=0.3kB/105.8kB (min=103.3kB, biggest=105.5kB) | arena=3.4kB | V_bus=4.924V I_bus=57.6mA P_bus=283.9mW E_total_accum=186.587mWh
07:46:09.910 > [BENCH] IDLE | t_inference_us=0 | heap=0.3kB/105.8kB (min=103.3kB, biggest=105.5kB) | arena=3.4kB | V_bus=4.932V I_bus=57.7mA P_bus=284.4mW E_total_accum=186.747mWh
07:46:11.933 > [BENCH] IDLE | t_inference_us=0 | heap=0.3kB/105.8kB (min=103.3kB, biggest=105.5kB) | arena=3.4kB | V_bus=4.928V I_bus=58.0mA P_bus=285.7mW E_total_accum=186.907mWh
07:46:13.951 > [BENCH] IDLE | t_inference_us=0 | heap=0.3kB/105.8kB (min=103.3kB, biggest=105.5kB) | arena=3.4kB | V_bus=4.936V I_bus=58.0mA P_bus=286.0mW E_total_accum=187.067mWh
07:46:15.976 > [BENCH] IDLE | t_inference_us=0 | heap=0.3kB/105.8kB (min=103.3kB, biggest=105.5kB) | arena=3.4kB | V_bus=4.936V I_bus=58.0mA P_bus=285.8mW E_total_accum=187.227mWh
07:46:17.998 > [BENCH] IDLE | t_inference_us=0 | heap=0.3kB/105.8kB (min=103.3kB, biggest=105.5kB) | arena=3.4kB | V_bus=4.928V I_bus=57.7mA P_bus=284.6mW E_total_accum=187.387mWh
07:46:20.017 > [BENCH] IDLE | t_inference_us=0 | heap=0.3kB/105.8kB (min=103.3kB, biggest=105.5kB) | arena=3.4kB | V_bus=4.924V I_bus=57.7mA P_bus=284.2mW E_total_accum=187.546mWh
07:46:22.047 > [BENCH] IDLE | t_inference_us=0 | heap=0.3kB/105.8kB (min=103.3kB, biggest=105.5kB) | arena=3.4kB | V_bus=4.932V I_bus=57.5mA P_bus=283.4mW E_total_accum=187.705mWh
07:46:24.065 > [BENCH] IDLE | t_inference_us=0 | heap=0.3kB/105.8kB (min=103.3kB, biggest=105.5kB) | arena=3.4kB | V_bus=4.932V I_bus=57.7mA P_bus=284.3mW E_total_accum=187.865mWh
07:46:26.089 > [BENCH] IDLE | t_inference_us=0 | heap=0.3kB/105.8kB (min=103.3kB, biggest=105.5kB) | arena=3.4kB | V_bus=4.924V I_bus=57.8mA P_bus=285.1mW E_total_accum=188.025mWh
07:46:28.120 > [BENCH] IDLE | t_inference_us=0 | heap=0.3kB/105.8kB (min=103.3kB, biggest=105.5kB) | arena=3.4kB | V_bus=4.928V I_bus=57.7mA P_bus=284.3mW E_total_accum=188.184mWh
07:46:30.129 > [BENCH] IDLE | t_inference_us=0 | heap=0.3kB/105.8kB (min=103.3kB, biggest=105.5kB) | arena=3.4kB | V_bus=4.928V I_bus=57.8mA P_bus=285.0mW E_total_accum=188.344mWh
07:46:32.163 > [BENCH] IDLE | t_inference_us=0 | heap=0.3kB/105.8kB (min=103.3kB, biggest=105.5kB) | arena=3.4kB | V_bus=4.936V I_bus=57.6mA P_bus=284.0mW E_total_accum=188.503mWh
07:46:33.530 > 
07:46:33.530 > [EVENT] type=HOUR  Tin=25.50 Hin=72.53 Tout=28.70 Hout=78.30
07:46:33.572 > [infer] REAL - Invoke executed (model ran)
07:46:33.574 > 
07:46:33.574 > [PWR] infer | E_inference_window(ΔE_total)=2.167µWh (E0=188.613892mWh E1=188.616058mWh) | E_inference_pipeline(ΔE_total)=2.441µWh (E0=188.613724mWh E1=188.616165mWh) | t_inference=25.485ms | t_inference_pipeline=30.416ms | E_total_accum=188.616mWh
07:46:33.598 > [BENCH] INFER_HOURLY | t_inference_us=25485 | heap=0.3kB/105.9kB (min=103.3kB, biggest=105.6kB) | arena=3.4kB | V_bus=4.924V I_bus=59.4mA P_bus=292.4mW E_total_accum=188.616mWh
07:46:33.614 > [HOUR] Tin=25.50 Hin=72.53 | Tp=24.29 Hp=64.00
07:46:33.618 > [HOUR] SAMPLES | N_ALL=15 N_T=15 N_H=15
07:46:33.621 > [HOUR] METRICS | MAE=nan RMSE=nan R2=NA | MAE_T=nan RMSE_T=nan R2_T=NA | MAE_H=nan RMSE_H=nan R2_H=NA
07:46:34.229 > [SENSORS] Health IN ok=1102 err=0 reinit=0 pwr=0 | OUT ok=1102 err=0 reinit=0 pwr=0
07:46:35.647 > [BENCH] IDLE | t_inference_us=0 | heap=0.3kB/105.8kB (min=103.3kB, biggest=105.5kB) | arena=3.4kB | V_bus=4.928V I_bus=58.9mA P_bus=289.9mW E_total_accum=188.783mWh
07:46:37.673 > [BENCH] IDLE | t_inference_us=0 | heap=0.3kB/105.8kB (min=103.3kB, biggest=105.5kB) | arena=3.4kB | V_bus=4.928V I_bus=58.8mA P_bus=289.5mW E_total_accum=188.945mWh
07:46:39.693 > [BENCH] IDLE | t_inference_us=0 | heap=0.3kB/105.8kB (min=103.3kB, biggest=105.5kB) | arena=3.4kB | V_bus=4.936V I_bus=58.5mA P_bus=288.4mW E_total_accum=189.107mWh
07:46:41.713 > [BENCH] IDLE | t_inference_us=0 | heap=0.3kB/105.8kB (min=103.3kB, biggest=105.5kB) | arena=3.4kB | V_bus=4.924V I_bus=58.5mA P_bus=288.1mW E_total_accum=189.268mWh
07:46:43.735 > [BENCH] IDLE | t_inference_us=0 | heap=0.3kB/105.8kB (min=103.3kB, biggest=105.5kB) | arena=3.4kB | V_bus=4.924V I_bus=58.1mA P_bus=286.3mW E_total_accum=189.429mWh
07:46:45.744 > [BENCH] IDLE | t_inference_us=0 | heap=0.3kB/105.8kB (min=103.3kB, biggest=105.5kB) | arena=3.4kB | V_bus=4.928V I_bus=57.9mA P_bus=285.4mW E_total_accum=189.589mWh
07:46:47.778 > [BENCH] IDLE | t_inference_us=0 | heap=0.3kB/105.8kB (min=103.3kB, biggest=105.5kB) | arena=3.4kB | V_bus=4.940V I_bus=58.0mA P_bus=285.7mW E_total_accum=189.749mWh
07:46:49.790 > [BENCH] IDLE | t_inference_us=0 | heap=0.3kB/105.8kB (min=103.3kB, biggest=105.5kB) | arena=3.4kB | V_bus=4.928V I_bus=58.4mA P_bus=287.9mW E_total_accum=189.910mWh
07:46:51.828 > [BENCH] IDLE | t_inference_us=0 | heap=0.3kB/105.8kB (min=103.3kB, biggest=105.5kB) | arena=3.4kB | V_bus=4.928V I_bus=58.2mA P_bus=286.6mW E_total_accum=190.071mWh
07:46:53.850 > [BENCH] IDLE | t_inference_us=0 | heap=0.3kB/105.8kB (min=103.3kB, biggest=105.5kB) | arena=3.4kB | V_bus=4.920V I_bus=58.3mA P_bus=287.5mW E_total_accum=190.232mWh
07:46:55.859 > [BENCH] IDLE | t_inference_us=0 | heap=0.3kB/105.8kB (min=103.3kB, biggest=105.5kB) | arena=3.4kB | V_bus=4.936V I_bus=58.2mA P_bus=286.7mW E_total_accum=190.393mWh
07:46:57.892 > [BENCH] IDLE | t_inference_us=0 | heap=0.3kB/105.8kB (min=103.3kB, biggest=105.5kB) | arena=3.4kB | V_bus=4.928V I_bus=58.1mA P_bus=286.4mW E_total_accum=190.554mWh
07:46:59.917 > [BENCH] IDLE | t_inference_us=0 | heap=0.3kB/105.8kB (min=103.3kB, biggest=105.5kB) | arena=3.4kB | V_bus=4.924V I_bus=58.1mA P_bus=286.3mW E_total_accum=190.714mWh
07:47:01.933 > [BENCH] IDLE | t_inference_us=0 | heap=0.3kB/105.8kB (min=103.3kB, biggest=105.5kB) | arena=3.4kB | V_bus=4.920V I_bus=58.2mA P_bus=286.5mW E_total_accum=190.874mWh
07:47:03.955 > [BENCH] IDLE | t_inference_us=0 | heap=0.3kB/105.8kB (min=103.3kB, biggest=105.5kB) | arena=3.4kB | V_bus=4.936V I_bus=58.0mA P_bus=285.7mW E_total_accum=191.035mWh
07:47:05.978 > [BENCH] IDLE | t_inference_us=0 | heap=0.3kB/105.8kB (min=103.3kB, biggest=105.5kB) | arena=3.4kB | V_bus=4.924V I_bus=58.0mA P_bus=285.9mW E_total_accum=191.195mWh
07:47:07.991 > [BENCH] IDLE | t_inference_us=0 | heap=0.3kB/105.8kB (min=103.3kB, biggest=105.5kB) | arena=3.4kB | V_bus=4.928V I_bus=57.8mA P_bus=284.7mW E_total_accum=191.355mWh
07:47:10.024 > [BENCH] IDLE | t_inference_us=0 | heap=0.3kB/105.8kB (min=103.3kB, biggest=105.5kB) | arena=3.4kB | V_bus=4.932V I_bus=57.9mA P_bus=285.4mW E_total_accum=191.515mWh
07:47:12.038 > [BENCH] IDLE | t_inference_us=0 | heap=0.3kB/105.8kB (min=103.3kB, biggest=105.5kB) | arena=3.4kB | V_bus=4.924V I_bus=58.0mA P_bus=285.6mW E_total_accum=191.675mWh
07:47:14.071 > [BENCH] IDLE | t_inference_us=0 | heap=0.3kB/105.8kB (min=103.3kB, biggest=105.5kB) | arena=3.4kB | V_bus=4.928V I_bus=57.8mA P_bus=284.6mW E_total_accum=191.835mWh
07:47:16.089 > [BENCH] IDLE | t_inference_us=0 | heap=0.3kB/105.8kB (min=103.3kB, biggest=105.5kB) | arena=3.4kB | V_bus=4.932V I_bus=58.1mA P_bus=286.5mW E_total_accum=191.995mWh
07:47:18.105 > [BENCH] IDLE | t_inference_us=0 | heap=0.3kB/105.8kB (min=103.3kB, biggest=105.5kB) | arena=3.4kB | V_bus=4.924V I_bus=57.9mA P_bus=285.5mW E_total_accum=192.155mWh
07:47:20.139 > [BENCH] IDLE | t_inference_us=0 | heap=0.3kB/105.8kB (min=103.3kB, biggest=105.5kB) | arena=3.4kB | V_bus=4.928V I_bus=58.2mA P_bus=286.5mW E_total_accum=192.316mWh
07:47:22.156 > [BENCH] IDLE | t_inference_us=0 | heap=0.3kB/105.8kB (min=103.3kB, biggest=105.5kB) | arena=3.4kB | V_bus=4.928V I_bus=58.5mA P_bus=288.2mW E_total_accum=192.478mWh
07:47:24.188 > [BENCH] IDLE | t_inference_us=0 | heap=0.3kB/105.8kB (min=103.3kB, biggest=105.5kB) | arena=3.4kB | V_bus=4.924V I_bus=58.2mA P_bus=286.7mW E_total_accum=192.639mWh
07:47:26.203 > [BENCH] IDLE | t_inference_us=0 | heap=0.3kB/105.8kB (min=103.3kB, biggest=105.5kB) | arena=3.4kB | V_bus=4.928V I_bus=58.0mA P_bus=285.6mW E_total_accum=192.798mWh
07:47:28.227 > [BENCH] IDLE | t_inference_us=0 | heap=0.3kB/105.8kB (min=103.3kB, biggest=105.5kB) | arena=3.4kB | V_bus=4.932V I_bus=58.0mA P_bus=286.0mW E_total_accum=192.959mWh
07:47:30.237 > [BENCH] IDLE | t_inference_us=0 | heap=0.3kB/105.8kB (min=103.3kB, biggest=105.5kB) | arena=3.4kB | V_bus=4.924V I_bus=57.8mA P_bus=285.0mW E_total_accum=193.119mWh
07:47:32.269 > [BENCH] IDLE | t_inference_us=0 | heap=0.3kB/105.8kB (min=103.3kB, biggest=105.5kB) | arena=3.4kB | V_bus=4.936V I_bus=57.8mA P_bus=285.0mW E_total_accum=193.278mWh
07:47:33.649 > 
07:47:33.649 > [EVENT] type=HOUR  Tin=26.10 Hin=78.89 Tout=28.90 Hout=78.00
07:47:33.680 > [infer] REAL - Invoke executed (model ran)
07:47:33.706 > 
07:47:33.706 > [PWR] infer | E_inference_window(ΔE_total)=2.136µWh (E0=193.387543mWh E1=193.389679mWh) | E_inference_pipeline(ΔE_total)=2.411µWh (E0=193.387375mWh E1=193.389786mWh) | t_inference=25.486ms | t_inference_pipeline=30.419ms | E_total_accum=193.390mWh
07:47:33.706 > [BENCH] INFER_HOURLY | t_inference_us=25486 | heap=0.3kB/105.9kB (min=103.3kB, biggest=105.6kB) | arena=3.4kB | V_bus=4.924V I_bus=58.1mA P_bus=286.2mW E_total_accum=193.390mWh
07:47:33.737 > [HOUR] Tin=26.10 Hin=78.89 | Tp=24.87 Hp=72.32
07:47:33.737 > [HOUR] SAMPLES | N_ALL=16 N_T=16 N_H=16
07:47:33.737 > [HOUR] METRICS | MAE=nan RMSE=nan R2=NA | MAE_T=nan RMSE_T=nan R2_T=NA | MAE_H=nan RMSE_H=nan R2_H=NA
07:47:34.369 > [SENSORS] Health IN ok=1130 err=0 reinit=0 pwr=0 | OUT ok=1131 err=0 reinit=0 pwr=0
07:47:35.750 > [BENCH] IDLE | t_inference_us=0 | heap=0.3kB/105.8kB (min=103.3kB, biggest=105.5kB) | arena=3.4kB | V_bus=4.928V I_bus=57.9mA P_bus=285.3mW E_total_accum=193.553mWh
07:47:37.767 > [BENCH] IDLE | t_inference_us=0 | heap=0.3kB/105.8kB (min=103.3kB, biggest=105.5kB) | arena=3.4kB | V_bus=4.932V I_bus=57.8mA P_bus=284.8mW E_total_accum=193.713mWh
07:47:39.784 > [BENCH] IDLE | t_inference_us=0 | heap=0.3kB/105.8kB (min=103.3kB, biggest=105.5kB) | arena=3.4kB | V_bus=4.924V I_bus=57.9mA P_bus=285.0mW E_total_accum=193.873mWh
07:47:41.821 > [BENCH] IDLE | t_inference_us=0 | heap=0.3kB/105.8kB (min=103.3kB, biggest=105.5kB) | arena=3.4kB | V_bus=4.928V I_bus=57.7mA P_bus=284.2mW E_total_accum=194.032mWh
07:47:43.835 > [BENCH] IDLE | t_inference_us=0 | heap=0.3kB/105.8kB (min=103.3kB, biggest=105.5kB) | arena=3.4kB | V_bus=4.928V I_bus=58.0mA P_bus=285.7mW E_total_accum=194.193mWh
07:47:45.864 > [BENCH] IDLE | t_inference_us=0 | heap=0.3kB/105.8kB (min=103.3kB, biggest=105.5kB) | arena=3.4kB | V_bus=4.924V I_bus=57.8mA P_bus=284.7mW E_total_accum=194.352mWh
07:47:47.881 > [BENCH] IDLE | t_inference_us=0 | heap=0.3kB/105.8kB (min=103.3kB, biggest=105.5kB) | arena=3.4kB | V_bus=4.936V I_bus=57.8mA P_bus=284.7mW E_total_accum=194.512mWh
07:47:49.908 > [BENCH] IDLE | t_inference_us=0 | heap=0.3kB/105.8kB (min=103.3kB, biggest=105.5kB) | arena=3.4kB | V_bus=4.928V I_bus=57.8mA P_bus=285.0mW E_total_accum=194.672mWh
07:47:51.932 > [BENCH] IDLE | t_inference_us=0 | heap=0.3kB/105.8kB (min=103.3kB, biggest=105.5kB) | arena=3.4kB | V_bus=4.924V I_bus=57.7mA P_bus=284.5mW E_total_accum=194.831mWh
07:47:53.950 > [BENCH] IDLE | t_inference_us=0 | heap=0.3kB/105.8kB (min=103.3kB, biggest=105.5kB) | arena=3.4kB | V_bus=4.936V I_bus=57.8mA P_bus=285.1mW E_total_accum=194.991mWh
07:47:55.961 > [BENCH] IDLE | t_inference_us=0 | heap=0.3kB/105.8kB (min=103.3kB, biggest=105.5kB) | arena=3.4kB | V_bus=4.924V I_bus=57.7mA P_bus=284.2mW E_total_accum=195.150mWh
07:47:57.994 > [BENCH] IDLE | t_inference_us=0 | heap=0.3kB/105.8kB (min=103.3kB, biggest=105.5kB) | arena=3.4kB | V_bus=4.928V I_bus=57.7mA P_bus=284.4mW E_total_accum=195.310mWh
07:48:00.018 > [BENCH] IDLE | t_inference_us=0 | heap=0.3kB/105.8kB (min=103.3kB, biggest=105.5kB) | arena=3.4kB | V_bus=4.932V I_bus=57.6mA P_bus=283.7mW E_total_accum=195.469mWh
07:48:02.030 > [BENCH] IDLE | t_inference_us=0 | heap=0.3kB/105.8kB (min=103.3kB, biggest=105.5kB) | arena=3.4kB | V_bus=4.928V I_bus=57.6mA P_bus=283.8mW E_total_accum=195.628mWh
07:48:04.067 > [BENCH] IDLE | t_inference_us=0 | heap=0.3kB/105.8kB (min=103.3kB, biggest=105.5kB) | arena=3.4kB | V_bus=4.928V I_bus=57.5mA P_bus=283.2mW E_total_accum=195.787mWh
07:48:06.076 > [BENCH] IDLE | t_inference_us=0 | heap=0.3kB/105.8kB (min=103.3kB, biggest=105.5kB) | arena=3.4kB | V_bus=4.928V I_bus=57.4mA P_bus=282.9mW E_total_accum=195.945mWh
07:48:08.111 > [BENCH] IDLE | t_inference_us=0 | heap=0.3kB/105.8kB (min=103.3kB, biggest=105.5kB) | arena=3.4kB | V_bus=4.928V I_bus=57.6mA P_bus=283.7mW E_total_accum=196.105mWh
07:48:10.129 > [BENCH] IDLE | t_inference_us=0 | heap=0.3kB/105.8kB (min=103.3kB, biggest=105.5kB) | arena=3.4kB | V_bus=4.928V I_bus=57.4mA P_bus=283.0mW E_total_accum=196.263mWh
07:48:12.161 > [BENCH] IDLE | t_inference_us=0 | heap=0.3kB/105.8kB (min=103.3kB, biggest=105.5kB) | arena=3.4kB | V_bus=4.928V I_bus=57.8mA P_bus=285.0mW E_total_accum=196.423mWh
07:48:14.177 > [BENCH] IDLE | t_inference_us=0 | heap=0.3kB/105.8kB (min=103.3kB, biggest=105.5kB) | arena=3.4kB | V_bus=4.924V I_bus=57.8mA P_bus=284.9mW E_total_accum=196.583mWh
07:48:16.200 > [BENCH] IDLE | t_inference_us=0 | heap=0.3kB/105.8kB (min=103.3kB, biggest=105.5kB) | arena=3.4kB | V_bus=4.932V I_bus=57.7mA P_bus=284.2mW E_total_accum=196.742mWh
07:48:18.224 > [BENCH] IDLE | t_inference_us=0 | heap=0.3kB/105.8kB (min=103.3kB, biggest=105.5kB) | arena=3.4kB | V_bus=4.924V I_bus=57.5mA P_bus=283.5mW E_total_accum=196.901mWh
07:48:20.243 > [BENCH] IDLE | t_inference_us=0 | heap=0.3kB/105.8kB (min=103.3kB, biggest=105.5kB) | arena=3.4kB | V_bus=4.932V I_bus=57.5mA P_bus=283.4mW E_total_accum=197.060mWh
07:48:22.258 > [BENCH] IDLE | t_inference_us=0 | heap=0.3kB/105.8kB (min=103.3kB, biggest=105.5kB) | arena=3.4kB | V_bus=4.924V I_bus=57.4mA P_bus=283.0mW E_total_accum=197.219mWh
07:48:24.292 > [BENCH] IDLE | t_inference_us=0 | heap=0.3kB/105.8kB (min=103.3kB, biggest=105.5kB) | arena=3.4kB | V_bus=4.936V I_bus=57.3mA P_bus=282.5mW E_total_accum=197.377mWh
07:48:26.310 > [BENCH] IDLE | t_inference_us=0 | heap=0.3kB/105.8kB (min=103.3kB, biggest=105.5kB) | arena=3.4kB | V_bus=4.920V I_bus=57.5mA P_bus=283.5mW E_total_accum=197.536mWh
07:48:28.324 > [BENCH] IDLE | t_inference_us=0 | heap=0.3kB/105.8kB (min=103.3kB, biggest=105.5kB) | arena=3.4kB | V_bus=4.936V I_bus=57.4mA P_bus=283.0mW E_total_accum=197.695mWh
07:48:30.359 > [BENCH] IDLE | t_inference_us=0 | heap=0.3kB/105.8kB (min=103.3kB, biggest=105.5kB) | arena=3.4kB | V_bus=4.924V I_bus=57.5mA P_bus=283.5mW E_total_accum=197.854mWh
07:48:32.372 > [BENCH] IDLE | t_inference_us=0 | heap=0.3kB/105.8kB (min=103.3kB, biggest=105.5kB) | arena=3.4kB | V_bus=4.936V I_bus=57.4mA P_bus=282.9mW E_total_accum=198.012mWh
07:48:33.758 > 
07:48:33.758 > [EVENT] type=HOUR  Tin=26.50 Hin=79.20 Tout=29.00 Hout=77.80
07:48:33.782 > [infer] REAL - Invoke executed (model ran)
07:48:33.792 > 
07:48:33.792 > [PWR] infer | E_inference_window(ΔE_total)=2.121µWh (E0=198.120651mWh E1=198.122772mWh) | E_inference_pipeline(ΔE_total)=2.396µWh (E0=198.120483mWh E1=198.122879mWh) | t_inference=25.485ms | t_inference_pipeline=30.420ms | E_total_accum=198.123mWh
07:48:33.814 > [BENCH] INFER_HOURLY | t_inference_us=25485 | heap=0.3kB/105.9kB (min=103.3kB, biggest=105.6kB) | arena=3.4kB | V_bus=4.924V I_bus=59.0mA P_bus=290.8mW E_total_accum=198.123mWh
07:48:33.831 > [HOUR] Tin=26.50 Hin=79.20 | Tp=25.51 Hp=78.68
07:48:33.836 > [HOUR] SAMPLES | N_ALL=17 N_T=17 N_H=17
07:48:33.838 > [HOUR] METRICS | MAE=nan RMSE=nan R2=NA | MAE_T=nan RMSE_T=nan R2_T=NA | MAE_H=nan RMSE_H=nan R2_H=NA
07:48:34.523 > [SENSORS] Health IN ok=1159 err=0 reinit=0 pwr=0 | OUT ok=1159 err=0 reinit=0 pwr=0
07:48:35.865 > [BENCH] IDLE | t_inference_us=0 | heap=0.3kB/105.8kB (min=103.3kB, biggest=105.5kB) | arena=3.4kB | V_bus=4.936V I_bus=58.7mA P_bus=289.4mW E_total_accum=198.289mWh
07:48:37.871 > [BENCH] IDLE | t_inference_us=0 | heap=0.3kB/105.8kB (min=103.3kB, biggest=105.5kB) | arena=3.4kB | V_bus=4.920V I_bus=58.5mA P_bus=288.5mW E_total_accum=198.451mWh
07:48:39.905 > [BENCH] IDLE | t_inference_us=0 | heap=0.3kB/105.8kB (min=103.3kB, biggest=105.5kB) | arena=3.4kB | V_bus=4.932V I_bus=58.5mA P_bus=288.2mW E_total_accum=198.612mWh
07:48:41.933 > [BENCH] IDLE | t_inference_us=0 | heap=0.3kB/105.8kB (min=103.3kB, biggest=105.5kB) | arena=3.4kB | V_bus=4.920V I_bus=58.4mA P_bus=287.6mW E_total_accum=198.774mWh
07:48:43.950 > [BENCH] IDLE | t_inference_us=0 | heap=0.3kB/105.8kB (min=103.3kB, biggest=105.5kB) | arena=3.4kB | V_bus=4.932V I_bus=58.5mA P_bus=288.1mW E_total_accum=198.935mWh
07:48:45.975 > [BENCH] IDLE | t_inference_us=0 | heap=0.3kB/105.8kB (min=103.3kB, biggest=105.5kB) | arena=3.4kB | V_bus=4.912V I_bus=58.3mA P_bus=287.0mW E_total_accum=199.096mWh
07:48:47.995 > [BENCH] IDLE | t_inference_us=0 | heap=0.3kB/105.8kB (min=103.3kB, biggest=105.5kB) | arena=3.4kB | V_bus=4.908V I_bus=58.3mA P_bus=286.9mW E_total_accum=199.257mWh
07:48:50.018 > [BENCH] IDLE | t_inference_us=0 | heap=0.3kB/105.8kB (min=103.3kB, biggest=105.5kB) | arena=3.4kB | V_bus=4.900V I_bus=58.4mA P_bus=287.0mW E_total_accum=199.418mWh
07:48:52.037 > [BENCH] IDLE | t_inference_us=0 | heap=0.3kB/105.8kB (min=103.3kB, biggest=105.5kB) | arena=3.4kB | V_bus=4.904V I_bus=58.1mA P_bus=285.3mW E_total_accum=199.578mWh
07:48:54.060 > [BENCH] IDLE | t_inference_us=0 | heap=0.3kB/105.8kB (min=103.3kB, biggest=105.5kB) | arena=3.4kB | V_bus=4.892V I_bus=58.0mA P_bus=284.7mW E_total_accum=199.737mWh
07:48:56.080 > [BENCH] IDLE | t_inference_us=0 | heap=0.3kB/105.8kB (min=103.3kB, biggest=105.5kB) | arena=3.4kB | V_bus=4.908V I_bus=57.9mA P_bus=284.2mW E_total_accum=199.897mWh
07:48:58.109 > [BENCH] IDLE | t_inference_us=0 | heap=0.3kB/105.8kB (min=103.3kB, biggest=105.5kB) | arena=3.4kB | V_bus=4.904V I_bus=57.9mA P_bus=284.2mW E_total_accum=200.056mWh
07:49:00.132 > [BENCH] IDLE | t_inference_us=0 | heap=0.3kB/105.8kB (min=103.3kB, biggest=105.5kB) | arena=3.4kB | V_bus=4.900V I_bus=57.8mA P_bus=283.6mW E_total_accum=200.215mWh
07:49:02.153 > [BENCH] IDLE | t_inference_us=0 | heap=0.3kB/105.8kB (min=103.3kB, biggest=105.5kB) | arena=3.4kB | V_bus=4.900V I_bus=57.6mA P_bus=282.4mW E_total_accum=200.374mWh
07:49:04.176 > [BENCH] IDLE | t_inference_us=0 | heap=0.3kB/105.8kB (min=103.3kB, biggest=105.5kB) | arena=3.4kB | V_bus=4.924V I_bus=57.7mA P_bus=283.5mW E_total_accum=200.533mWh
07:49:06.191 > [BENCH] IDLE | t_inference_us=0 | heap=0.3kB/105.8kB (min=103.3kB, biggest=105.5kB) | arena=3.4kB | V_bus=4.956V I_bus=57.3mA P_bus=281.9mW E_total_accum=200.691mWh
07:49:08.219 > [BENCH] IDLE | t_inference_us=0 | heap=0.3kB/105.8kB (min=103.3kB, biggest=105.5kB) | arena=3.4kB | V_bus=4.920V I_bus=57.2mA P_bus=281.5mW E_total_accum=200.848mWh
07:49:10.244 > [BENCH] IDLE | t_inference_us=0 | heap=0.3kB/105.8kB (min=103.3kB, biggest=105.5kB) | arena=3.4kB | V_bus=4.928V I_bus=57.4mA P_bus=282.3mW E_total_accum=201.007mWh
07:49:12.266 > [BENCH] IDLE | t_inference_us=0 | heap=0.3kB/105.8kB (min=103.3kB, biggest=105.5kB) | arena=3.4kB | V_bus=4.928V I_bus=57.3mA P_bus=282.1mW E_total_accum=201.165mWh
07:49:14.285 > [BENCH] IDLE | t_inference_us=0 | heap=0.3kB/105.8kB (min=103.3kB, biggest=105.5kB) | arena=3.4kB | V_bus=4.912V I_bus=57.5mA P_bus=282.8mW E_total_accum=201.324mWh
07:49:16.306 > [BENCH] IDLE | t_inference_us=0 | heap=0.3kB/105.8kB (min=103.3kB, biggest=105.5kB) | arena=3.4kB | V_bus=4.928V I_bus=57.4mA P_bus=282.4mW E_total_accum=201.482mWh
07:49:18.328 > [BENCH] IDLE | t_inference_us=0 | heap=0.3kB/105.8kB (min=103.3kB, biggest=105.5kB) | arena=3.4kB | V_bus=4.924V I_bus=57.6mA P_bus=283.4mW E_total_accum=201.641mWh
07:49:20.349 > [BENCH] IDLE | t_inference_us=0 | heap=0.3kB/105.8kB (min=103.3kB, biggest=105.5kB) | arena=3.4kB | V_bus=4.924V I_bus=57.6mA P_bus=283.6mW E_total_accum=201.800mWh
07:49:22.377 > [BENCH] IDLE | t_inference_us=0 | heap=0.3kB/105.8kB (min=103.3kB, biggest=105.5kB) | arena=3.4kB | V_bus=4.912V I_bus=57.7mA P_bus=284.1mW E_total_accum=201.959mWh
07:49:24.397 > [BENCH] IDLE | t_inference_us=0 | heap=0.3kB/105.8kB (min=103.3kB, biggest=105.5kB) | arena=3.4kB | V_bus=4.920V I_bus=58.2mA P_bus=286.5mW E_total_accum=202.120mWh
07:49:26.419 > [BENCH] IDLE | t_inference_us=0 | heap=0.3kB/105.8kB (min=103.3kB, biggest=105.5kB) | arena=3.4kB | V_bus=4.932V I_bus=58.1mA P_bus=285.8mW E_total_accum=202.280mWh
07:49:28.441 > [BENCH] IDLE | t_inference_us=0 | heap=0.3kB/105.8kB (min=103.3kB, biggest=105.5kB) | arena=3.4kB | V_bus=4.920V I_bus=58.1mA P_bus=285.7mW E_total_accum=202.440mWh
07:49:30.461 > [BENCH] IDLE | t_inference_us=0 | heap=0.3kB/105.8kB (min=103.3kB, biggest=105.5kB) | arena=3.4kB | V_bus=4.912V I_bus=58.1mA P_bus=285.8mW E_total_accum=202.600mWh
07:49:32.472 > [BENCH] IDLE | t_inference_us=0 | heap=0.3kB/105.8kB (min=103.3kB, biggest=105.5kB) | arena=3.4kB | V_bus=4.928V I_bus=58.0mA P_bus=285.7mW E_total_accum=202.760mWh
07:49:33.867 > 
07:49:33.867 > [EVENT] type=HOUR  Tin=26.80 Hin=79.21 Tout=28.90 Hout=77.70
07:49:33.901 > [infer] REAL - Invoke executed (model ran)
07:49:33.905 > 
07:49:33.905 > [PWR] infer | E_inference_window(ΔE_total)=2.121µWh (E0=202.870178mWh E1=202.872299mWh) | E_inference_pipeline(ΔE_total)=2.396µWh (E0=202.870010mWh E1=202.872406mWh) | t_inference=25.488ms | t_inference_pipeline=30.419ms | E_total_accum=202.872mWh
07:49:33.928 > [BENCH] INFER_HOURLY | t_inference_us=25488 | heap=0.3kB/105.9kB (min=103.3kB, biggest=105.6kB) | arena=3.4kB | V_bus=4.920V I_bus=57.6mA P_bus=283.0mW E_total_accum=202.872mWh
07:49:33.942 > [HOUR] Tin=26.80 Hin=79.21 | Tp=25.98 Hp=79.00
07:49:33.950 > [HOUR] SAMPLES | N_ALL=18 N_T=18 N_H=18
07:49:33.950 > [HOUR] METRICS | MAE=nan RMSE=nan R2=NA | MAE_T=nan RMSE_T=nan R2_T=NA | MAE_H=nan RMSE_H=nan R2_H=NA
07:49:34.663 > [SENSORS] Health IN ok=1187 err=0 reinit=0 pwr=0 | OUT ok=1187 err=0 reinit=0 pwr=0
07:49:35.966 > [BENCH] IDLE | t_inference_us=0 | heap=0.3kB/105.8kB (min=103.3kB, biggest=105.5kB) | arena=3.4kB | V_bus=4.920V I_bus=57.4mA P_bus=282.4mW E_total_accum=203.034mWh
07:49:37.979 > [BENCH] IDLE | t_inference_us=0 | heap=0.3kB/105.8kB (min=103.3kB, biggest=105.5kB) | arena=3.4kB | V_bus=4.920V I_bus=57.6mA P_bus=283.2mW E_total_accum=203.193mWh
07:49:40.003 > [BENCH] IDLE | t_inference_us=0 | heap=0.3kB/105.8kB (min=103.3kB, biggest=105.5kB) | arena=3.4kB | V_bus=4.928V I_bus=57.7mA P_bus=283.8mW E_total_accum=203.352mWh
07:49:42.023 > [BENCH] IDLE | t_inference_us=0 | heap=0.3kB/105.8kB (min=103.3kB, biggest=105.5kB) | arena=3.4kB | V_bus=4.924V I_bus=57.6mA P_bus=283.3mW E_total_accum=203.511mWh
07:49:44.049 > [BENCH] IDLE | t_inference_us=0 | heap=0.3kB/105.8kB (min=103.3kB, biggest=105.5kB) | arena=3.4kB | V_bus=4.924V I_bus=57.7mA P_bus=284.1mW E_total_accum=203.670mWh
07:49:46.067 > [BENCH] IDLE | t_inference_us=0 | heap=0.3kB/105.8kB (min=103.3kB, biggest=105.5kB) | arena=3.4kB | V_bus=4.920V I_bus=57.6mA P_bus=283.7mW E_total_accum=203.829mWh
07:49:48.093 > [BENCH] IDLE | t_inference_us=0 | heap=0.3kB/105.8kB (min=103.3kB, biggest=105.5kB) | arena=3.4kB | V_bus=4.920V I_bus=57.5mA P_bus=283.1mW E_total_accum=203.988mWh
07:49:50.118 > [BENCH] IDLE | t_inference_us=0 | heap=0.3kB/105.8kB (min=103.3kB, biggest=105.5kB) | arena=3.4kB | V_bus=4.924V I_bus=57.8mA P_bus=284.2mW E_total_accum=204.147mWh
07:49:52.149 > [BENCH] IDLE | t_inference_us=0 | heap=0.3kB/105.8kB (min=103.3kB, biggest=105.5kB) | arena=3.4kB | V_bus=4.952V I_bus=58.0mA P_bus=286.0mW E_total_accum=204.308mWh
07:49:54.164 > [BENCH] IDLE | t_inference_us=0 | heap=0.3kB/105.8kB (min=103.3kB, biggest=105.5kB) | arena=3.4kB | V_bus=4.920V I_bus=57.8mA P_bus=284.9mW E_total_accum=204.467mWh
07:49:56.179 > [BENCH] IDLE | t_inference_us=0 | heap=0.3kB/105.8kB (min=103.3kB, biggest=105.5kB) | arena=3.4kB | V_bus=4.916V I_bus=57.8mA P_bus=284.7mW E_total_accum=204.627mWh
07:49:58.206 > [BENCH] IDLE | t_inference_us=0 | heap=0.3kB/105.8kB (min=103.3kB, biggest=105.5kB) | arena=3.4kB | V_bus=4.924V I_bus=57.7mA P_bus=284.0mW E_total_accum=204.786mWh
07:50:00.234 > [BENCH] IDLE | t_inference_us=0 | heap=0.3kB/105.8kB (min=103.3kB, biggest=105.5kB) | arena=3.4kB | V_bus=4.924V I_bus=58.0mA P_bus=285.8mW E_total_accum=204.946mWh
07:50:02.255 > [BENCH] IDLE | t_inference_us=0 | heap=0.3kB/105.8kB (min=103.3kB, biggest=105.5kB) | arena=3.4kB | V_bus=4.928V I_bus=58.1mA P_bus=286.2mW E_total_accum=205.107mWh
07:50:04.268 > [BENCH] IDLE | t_inference_us=0 | heap=0.3kB/105.8kB (min=103.3kB, biggest=105.5kB) | arena=3.4kB | V_bus=4.924V I_bus=58.1mA P_bus=286.3mW E_total_accum=205.267mWh
07:50:06.301 > [BENCH] IDLE | t_inference_us=0 | heap=0.3kB/105.8kB (min=103.3kB, biggest=105.5kB) | arena=3.4kB | V_bus=4.908V I_bus=58.2mA P_bus=286.4mW E_total_accum=205.428mWh
07:50:08.319 > [BENCH] IDLE | t_inference_us=0 | heap=0.3kB/105.8kB (min=103.3kB, biggest=105.5kB) | arena=3.4kB | V_bus=4.920V I_bus=57.9mA P_bus=285.2mW E_total_accum=205.588mWh
07:50:10.349 > [BENCH] IDLE | t_inference_us=0 | heap=0.3kB/105.8kB (min=103.3kB, biggest=105.5kB) | arena=3.4kB | V_bus=4.912V I_bus=58.0mA P_bus=285.5mW E_total_accum=205.748mWh
07:50:12.369 > [BENCH] IDLE | t_inference_us=0 | heap=0.3kB/105.8kB (min=103.3kB, biggest=105.5kB) | arena=3.4kB | V_bus=4.920V I_bus=58.0mA P_bus=285.5mW E_total_accum=205.908mWh
07:50:14.395 > [BENCH] IDLE | t_inference_us=0 | heap=0.3kB/105.8kB (min=103.3kB, biggest=105.5kB) | arena=3.4kB | V_bus=4.920V I_bus=58.4mA P_bus=287.2mW E_total_accum=206.069mWh
07:50:16.402 > [BENCH] IDLE | t_inference_us=0 | heap=0.3kB/105.8kB (min=103.3kB, biggest=105.5kB) | arena=3.4kB | V_bus=4.928V I_bus=58.3mA P_bus=286.8mW E_total_accum=206.230mWh
07:50:18.427 > [BENCH] IDLE | t_inference_us=0 | heap=0.3kB/105.8kB (min=103.3kB, biggest=105.5kB) | arena=3.4kB | V_bus=4.920V I_bus=58.1mA P_bus=286.0mW E_total_accum=206.390mWh
07:50:20.459 > [BENCH] IDLE | t_inference_us=0 | heap=0.3kB/105.8kB (min=103.3kB, biggest=105.5kB) | arena=3.4kB | V_bus=4.916V I_bus=58.0mA P_bus=285.2mW E_total_accum=206.550mWh
07:50:22.484 > [BENCH] IDLE | t_inference_us=0 | heap=0.3kB/105.8kB (min=103.3kB, biggest=105.5kB) | arena=3.4kB | V_bus=4.916V I_bus=57.9mA P_bus=285.0mW E_total_accum=206.710mWh
07:50:24.504 > [BENCH] IDLE | t_inference_us=0 | heap=0.3kB/105.8kB (min=103.3kB, biggest=105.5kB) | arena=3.4kB | V_bus=4.928V I_bus=57.9mA P_bus=285.2mW E_total_accum=206.870mWh
07:50:26.524 > [BENCH] IDLE | t_inference_us=0 | heap=0.3kB/105.8kB (min=103.3kB, biggest=105.5kB) | arena=3.4kB | V_bus=4.924V I_bus=58.1mA P_bus=286.0mW E_total_accum=207.031mWh
07:50:28.548 > [BENCH] IDLE | t_inference_us=0 | heap=0.3kB/105.8kB (min=103.3kB, biggest=105.5kB) | arena=3.4kB | V_bus=4.920V I_bus=58.1mA P_bus=285.8mW E_total_accum=207.191mWh
07:50:30.574 > [BENCH] IDLE | t_inference_us=0 | heap=0.3kB/105.8kB (min=103.3kB, biggest=105.5kB) | arena=3.4kB | V_bus=4.928V I_bus=58.0mA P_bus=285.4mW E_total_accum=207.351mWh
07:50:32.585 > [BENCH] IDLE | t_inference_us=0 | heap=0.3kB/105.8kB (min=103.3kB, biggest=105.5kB) | arena=3.4kB | V_bus=4.916V I_bus=58.0mA P_bus=285.6mW E_total_accum=207.511mWh
07:50:34.010 > 
07:50:34.010 > [EVENT] type=HOUR  Tin=27.00 Hin=79.13 Tout=28.80 Hout=78.00
07:50:34.039 > [infer] REAL - Invoke executed (model ran)
07:50:34.043 > 
07:50:34.043 > [PWR] infer | E_inference_window(ΔE_total)=2.136µWh (E0=207.623291mWh E1=207.625427mWh) | E_inference_pipeline(ΔE_total)=2.411µWh (E0=207.623123mWh E1=207.625534mWh) | t_inference=25.485ms | t_inference_pipeline=30.419ms | E_total_accum=207.626mWh
07:50:34.066 > [BENCH] INFER_HOURLY | t_inference_us=25485 | heap=0.3kB/105.9kB (min=103.3kB, biggest=105.6kB) | arena=3.4kB | V_bus=4.916V I_bus=58.3mA P_bus=287.0mW E_total_accum=207.626mWh
07:50:34.081 > [HOUR] Tin=27.00 Hin=79.13 | Tp=26.35 Hp=79.01
07:50:34.087 > [HOUR] SAMPLES | N_ALL=19 N_T=19 N_H=19
07:50:34.089 > [HOUR] METRICS | MAE=nan RMSE=nan R2=NA | MAE_T=nan RMSE_T=nan R2_T=NA | MAE_H=nan RMSE_H=nan R2_H=NA
07:50:34.817 > [SENSORS] Health IN ok=1215 err=0 reinit=0 pwr=0 | OUT ok=1216 err=0 reinit=0 pwr=0
07:50:36.106 > [BENCH] IDLE | t_inference_us=0 | heap=0.3kB/105.8kB (min=103.3kB, biggest=105.5kB) | arena=3.4kB | V_bus=4.912V I_bus=58.3mA P_bus=286.9mW E_total_accum=207.790mWh
07:50:38.125 > [BENCH] IDLE | t_inference_us=0 | heap=0.3kB/105.8kB (min=103.3kB, biggest=105.5kB) | arena=3.4kB | V_bus=4.928V I_bus=58.1mA P_bus=286.0mW E_total_accum=207.950mWh
07:50:40.153 > [BENCH] IDLE | t_inference_us=0 | heap=0.3kB/105.8kB (min=103.3kB, biggest=105.5kB) | arena=3.4kB | V_bus=4.916V I_bus=58.5mA P_bus=287.8mW E_total_accum=208.112mWh
07:50:42.165 > [BENCH] IDLE | t_inference_us=0 | heap=0.3kB/105.8kB (min=103.3kB, biggest=105.5kB) | arena=3.4kB | V_bus=4.932V I_bus=58.2mA P_bus=286.5mW E_total_accum=208.272mWh
07:50:44.192 > [BENCH] IDLE | t_inference_us=0 | heap=0.3kB/105.8kB (min=103.3kB, biggest=105.5kB) | arena=3.4kB | V_bus=4.916V I_bus=57.9mA P_bus=285.1mW E_total_accum=208.432mWh
07:50:46.218 > [BENCH] IDLE | t_inference_us=0 | heap=0.3kB/105.8kB (min=103.3kB, biggest=105.5kB) | arena=3.4kB | V_bus=4.916V I_bus=58.0mA P_bus=285.6mW E_total_accum=208.592mWh
07:50:48.237 > [BENCH] IDLE | t_inference_us=0 | heap=0.3kB/105.8kB (min=103.3kB, biggest=105.5kB) | arena=3.4kB | V_bus=4.924V I_bus=57.8mA P_bus=284.5mW E_total_accum=208.752mWh
07:50:50.263 > [BENCH] IDLE | t_inference_us=0 | heap=0.3kB/105.8kB (min=103.3kB, biggest=105.5kB) | arena=3.4kB | V_bus=4.912V I_bus=58.0mA P_bus=285.3mW E_total_accum=208.912mWh
07:50:52.283 > [BENCH] IDLE | t_inference_us=0 | heap=0.3kB/105.8kB (min=103.3kB, biggest=105.5kB) | arena=3.4kB | V_bus=4.928V I_bus=58.1mA P_bus=286.0mW E_total_accum=209.072mWh
07:50:54.305 > [BENCH] IDLE | t_inference_us=0 | heap=0.3kB/105.8kB (min=103.3kB, biggest=105.5kB) | arena=3.4kB | V_bus=4.920V I_bus=58.4mA P_bus=287.2mW E_total_accum=209.233mWh
07:50:56.335 > [BENCH] IDLE | t_inference_us=0 | heap=0.3kB/105.8kB (min=103.3kB, biggest=105.5kB) | arena=3.4kB | V_bus=4.928V I_bus=58.3mA P_bus=286.8mW E_total_accum=209.394mWh
07:50:58.355 > [BENCH] IDLE | t_inference_us=0 | heap=0.3kB/105.8kB (min=103.3kB, biggest=105.5kB) | arena=3.4kB | V_bus=4.920V I_bus=58.5mA P_bus=288.0mW E_total_accum=209.555mWh
07:51:00.377 > [BENCH] IDLE | t_inference_us=0 | heap=0.3kB/105.8kB (min=103.3kB, biggest=105.5kB) | arena=3.4kB | V_bus=4.924V I_bus=58.3mA P_bus=286.8mW E_total_accum=209.716mWh
07:51:02.394 > [BENCH] IDLE | t_inference_us=0 | heap=0.3kB/105.8kB (min=103.3kB, biggest=105.5kB) | arena=3.4kB | V_bus=4.916V I_bus=58.3mA P_bus=286.8mW E_total_accum=209.877mWh
07:51:04.426 > [BENCH] IDLE | t_inference_us=0 | heap=0.3kB/105.8kB (min=103.3kB, biggest=105.5kB) | arena=3.4kB | V_bus=4.952V I_bus=57.4mA P_bus=282.8mW E_total_accum=210.036mWh
07:51:06.437 > [BENCH] IDLE | t_inference_us=0 | heap=0.3kB/105.8kB (min=103.3kB, biggest=105.5kB) | arena=3.4kB | V_bus=4.916V I_bus=57.5mA P_bus=283.2mW E_total_accum=210.194mWh
07:51:08.466 > [BENCH] IDLE | t_inference_us=0 | heap=0.3kB/105.8kB (min=103.3kB, biggest=105.5kB) | arena=3.4kB | V_bus=4.916V I_bus=57.4mA P_bus=282.7mW E_total_accum=210.353mWh
07:51:10.488 > [BENCH] IDLE | t_inference_us=0 | heap=0.3kB/105.8kB (min=103.3kB, biggest=105.5kB) | arena=3.4kB | V_bus=4.916V I_bus=57.6mA P_bus=283.3mW E_total_accum=210.512mWh
07:51:12.510 > [BENCH] IDLE | t_inference_us=0 | heap=0.3kB/105.8kB (min=103.3kB, biggest=105.5kB) | arena=3.4kB | V_bus=4.924V I_bus=57.4mA P_bus=282.7mW E_total_accum=210.670mWh
07:51:14.538 > [BENCH] IDLE | t_inference_us=0 | heap=0.3kB/105.8kB (min=103.3kB, biggest=105.5kB) | arena=3.4kB | V_bus=4.920V I_bus=57.6mA P_bus=283.3mW E_total_accum=210.829mWh
07:51:16.559 > [BENCH] IDLE | t_inference_us=0 | heap=0.3kB/105.8kB (min=103.3kB, biggest=105.5kB) | arena=3.4kB | V_bus=4.924V I_bus=57.7mA P_bus=284.3mW E_total_accum=210.989mWh
07:51:18.582 > [BENCH] IDLE | t_inference_us=0 | heap=0.3kB/105.8kB (min=103.3kB, biggest=105.5kB) | arena=3.4kB | V_bus=4.924V I_bus=58.1mA P_bus=285.9mW E_total_accum=211.149mWh
07:51:20.602 > [BENCH] IDLE | t_inference_us=0 | heap=0.3kB/105.8kB (min=103.3kB, biggest=105.5kB) | arena=3.4kB | V_bus=4.920V I_bus=58.1mA P_bus=286.2mW E_total_accum=211.309mWh
07:51:22.626 > [BENCH] IDLE | t_inference_us=0 | heap=0.3kB/105.8kB (min=103.3kB, biggest=105.5kB) | arena=3.4kB | V_bus=4.928V I_bus=58.0mA P_bus=285.7mW E_total_accum=211.470mWh
07:51:24.637 > [BENCH] IDLE | t_inference_us=0 | heap=0.3kB/105.8kB (min=103.3kB, biggest=105.5kB) | arena=3.4kB | V_bus=4.952V I_bus=57.5mA P_bus=283.4mW E_total_accum=211.629mWh
07:51:26.661 > [BENCH] IDLE | t_inference_us=0 | heap=0.3kB/105.8kB (min=103.3kB, biggest=105.5kB) | arena=3.4kB | V_bus=4.920V I_bus=57.4mA P_bus=282.7mW E_total_accum=211.787mWh
07:51:28.694 > [BENCH] IDLE | t_inference_us=0 | heap=0.3kB/105.8kB (min=103.3kB, biggest=105.5kB) | arena=3.4kB | V_bus=4.908V I_bus=57.6mA P_bus=283.5mW E_total_accum=211.946mWh
07:51:30.714 > [BENCH] IDLE | t_inference_us=0 | heap=0.3kB/105.8kB (min=103.3kB, biggest=105.5kB) | arena=3.4kB | V_bus=4.920V I_bus=57.5mA P_bus=282.9mW E_total_accum=212.105mWh
07:51:32.728 > [BENCH] IDLE | t_inference_us=0 | heap=0.3kB/105.8kB (min=103.3kB, biggest=105.5kB) | arena=3.4kB | V_bus=4.912V I_bus=57.6mA P_bus=283.4mW E_total_accum=212.264mWh
07:51:34.109 > 
07:51:34.109 > [EVENT] type=HOUR  Tin=27.10 Hin=78.90 Tout=28.70 Hout=78.20
07:51:34.140 > [infer] REAL - Invoke executed (model ran)
07:51:34.145 > 
07:51:34.145 > [PWR] infer | E_inference_window(ΔE_total)=2.121µWh (E0=212.371841mWh E1=212.373962mWh) | E_inference_pipeline(ΔE_total)=2.396µWh (E0=212.371674mWh E1=212.374069mWh) | t_inference=25.484ms | t_inference_pipeline=30.416ms | E_total_accum=212.374mWh
07:51:34.166 > [BENCH] INFER_HOURLY | t_inference_us=25484 | heap=0.3kB/105.9kB (min=103.3kB, biggest=105.6kB) | arena=3.4kB | V_bus=4.916V I_bus=57.5mA P_bus=283.0mW E_total_accum=212.374mWh
07:51:34.182 > [HOUR] Tin=27.10 Hin=78.90 | Tp=26.60 Hp=78.94
07:51:34.187 > [HOUR] SAMPLES | N_ALL=20 N_T=20 N_H=20
07:51:34.190 > [HOUR] METRICS | MAE=nan RMSE=nan R2=NA | MAE_T=nan RMSE_T=nan R2_T=NA | MAE_H=nan RMSE_H=nan R2_H=NA
07:51:34.962 > [SENSORS] Health IN ok=1243 err=0 reinit=0 pwr=0 | OUT ok=1244 err=0 reinit=0 pwr=0
07:51:36.199 > [BENCH] IDLE | t_inference_us=0 | heap=0.3kB/105.8kB (min=103.3kB, biggest=105.5kB) | arena=3.4kB | V_bus=4.924V I_bus=57.6mA P_bus=283.4mW E_total_accum=212.537mWh
07:51:38.232 > [BENCH] IDLE | t_inference_us=0 | heap=0.3kB/105.8kB (min=103.3kB, biggest=105.5kB) | arena=3.4kB | V_bus=4.916V I_bus=57.9mA P_bus=285.1mW E_total_accum=212.697mWh
07:51:40.258 > [BENCH] IDLE | t_inference_us=0 | heap=0.3kB/105.8kB (min=103.3kB, biggest=105.5kB) | arena=3.4kB | V_bus=4.928V I_bus=57.8mA P_bus=284.3mW E_total_accum=212.856mWh
07:51:42.280 > [BENCH] IDLE | t_inference_us=0 | heap=0.3kB/105.8kB (min=103.3kB, biggest=105.5kB) | arena=3.4kB | V_bus=4.920V I_bus=58.1mA P_bus=285.8mW E_total_accum=213.016mWh
07:51:44.288 > [BENCH] IDLE | t_inference_us=0 | heap=0.3kB/105.8kB (min=103.3kB, biggest=105.5kB) | arena=3.4kB | V_bus=4.920V I_bus=57.9mA P_bus=285.0mW E_total_accum=213.176mWh
07:51:46.323 > [BENCH] IDLE | t_inference_us=0 | heap=0.3kB/105.8kB (min=103.3kB, biggest=105.5kB) | arena=3.4kB | V_bus=4.924V I_bus=57.9mA P_bus=284.7mW E_total_accum=213.336mWh
07:51:48.343 > [BENCH] IDLE | t_inference_us=0 | heap=0.3kB/105.8kB (min=103.3kB, biggest=105.5kB) | arena=3.4kB | V_bus=4.920V I_bus=57.7mA P_bus=283.8mW E_total_accum=213.495mWh
07:51:50.371 > [BENCH] IDLE | t_inference_us=0 | heap=0.3kB/105.8kB (min=103.3kB, biggest=105.5kB) | arena=3.4kB | V_bus=4.916V I_bus=57.7mA P_bus=284.1mW E_total_accum=213.654mWh
07:51:52.392 > [BENCH] IDLE | t_inference_us=0 | heap=0.3kB/105.8kB (min=103.3kB, biggest=105.5kB) | arena=3.4kB | V_bus=4.920V I_bus=57.6mA P_bus=283.6mW E_total_accum=213.813mWh
07:51:54.398 > [BENCH] IDLE | t_inference_us=0 | heap=0.3kB/105.8kB (min=103.3kB, biggest=105.5kB) | arena=3.4kB | V_bus=4.924V I_bus=57.5mA P_bus=282.8mW E_total_accum=213.971mWh
07:51:56.420 > [BENCH] IDLE | t_inference_us=0 | heap=0.3kB/105.8kB (min=103.3kB, biggest=105.5kB) | arena=3.4kB | V_bus=4.920V I_bus=58.0mA P_bus=285.5mW E_total_accum=214.132mWh
07:51:58.444 > [BENCH] IDLE | t_inference_us=0 | heap=0.3kB/105.8kB (min=103.3kB, biggest=105.5kB) | arena=3.4kB | V_bus=4.928V I_bus=58.0mA P_bus=285.7mW E_total_accum=214.292mWh
07:52:00.478 > [BENCH] IDLE | t_inference_us=0 | heap=0.3kB/105.8kB (min=103.3kB, biggest=105.5kB) | arena=3.4kB | V_bus=4.920V I_bus=58.3mA P_bus=287.0mW E_total_accum=214.453mWh
07:52:02.498 > [BENCH] IDLE | t_inference_us=0 | heap=0.3kB/105.8kB (min=103.3kB, biggest=105.5kB) | arena=3.4kB | V_bus=4.928V I_bus=58.4mA P_bus=287.4mW E_total_accum=214.614mWh
07:52:04.521 > [BENCH] IDLE | t_inference_us=0 | heap=0.3kB/105.8kB (min=103.3kB, biggest=105.5kB) | arena=3.4kB | V_bus=4.920V I_bus=58.5mA P_bus=288.2mW E_total_accum=214.776mWh
07:52:06.551 > [BENCH] IDLE | t_inference_us=0 | heap=0.3kB/105.8kB (min=103.3kB, biggest=105.5kB) | arena=3.4kB | V_bus=4.932V I_bus=58.3mA P_bus=287.3mW E_total_accum=214.937mWh
07:52:08.572 > [BENCH] IDLE | t_inference_us=0 | heap=0.3kB/105.8kB (min=103.3kB, biggest=105.5kB) | arena=3.4kB | V_bus=4.920V I_bus=58.4mA P_bus=287.4mW E_total_accum=215.098mWh
07:52:10.596 > [BENCH] IDLE | t_inference_us=0 | heap=0.3kB/105.8kB (min=103.3kB, biggest=105.5kB) | arena=3.4kB | V_bus=4.924V I_bus=58.1mA P_bus=285.9mW E_total_accum=215.258mWh
07:52:12.621 > [BENCH] IDLE | t_inference_us=0 | heap=0.3kB/105.8kB (min=103.3kB, biggest=105.5kB) | arena=3.4kB | V_bus=4.912V I_bus=58.2mA P_bus=286.4mW E_total_accum=215.419mWh
07:52:14.630 > [BENCH] IDLE | t_inference_us=0 | heap=0.3kB/105.8kB (min=103.3kB, biggest=105.5kB) | arena=3.4kB | V_bus=4.948V I_bus=58.0mA P_bus=285.7mW E_total_accum=215.579mWh
07:52:16.660 > [BENCH] IDLE | t_inference_us=0 | heap=0.3kB/105.8kB (min=103.3kB, biggest=105.5kB) | arena=3.4kB | V_bus=4.928V I_bus=58.2mA P_bus=286.9mW E_total_accum=215.740mWh
07:52:18.674 > [BENCH] IDLE | t_inference_us=0 | heap=0.3kB/105.8kB (min=103.3kB, biggest=105.5kB) | arena=3.4kB | V_bus=4.928V I_bus=58.2mA P_bus=286.7mW E_total_accum=215.901mWh
07:52:20.693 > [BENCH] IDLE | t_inference_us=0 | heap=0.3kB/105.8kB (min=103.3kB, biggest=105.5kB) | arena=3.4kB | V_bus=4.928V I_bus=58.2mA P_bus=286.9mW E_total_accum=216.062mWh
07:52:22.725 > [BENCH] IDLE | t_inference_us=0 | heap=0.3kB/105.8kB (min=103.3kB, biggest=105.5kB) | arena=3.4kB | V_bus=4.916V I_bus=58.2mA P_bus=286.8mW E_total_accum=216.222mWh
07:52:24.737 > [BENCH] IDLE | t_inference_us=0 | heap=0.3kB/105.8kB (min=103.3kB, biggest=105.5kB) | arena=3.4kB | V_bus=4.924V I_bus=58.0mA P_bus=285.5mW E_total_accum=216.382mWh
07:52:26.771 > [BENCH] IDLE | t_inference_us=0 | heap=0.3kB/105.8kB (min=103.3kB, biggest=105.5kB) | arena=3.4kB | V_bus=4.924V I_bus=57.8mA P_bus=284.6mW E_total_accum=216.542mWh
07:52:28.785 > [BENCH] IDLE | t_inference_us=0 | heap=0.3kB/105.8kB (min=103.3kB, biggest=105.5kB) | arena=3.4kB | V_bus=4.932V I_bus=58.0mA P_bus=285.8mW E_total_accum=216.702mWh
07:52:30.806 > [BENCH] IDLE | t_inference_us=0 | heap=0.3kB/105.8kB (min=103.3kB, biggest=105.5kB) | arena=3.4kB | V_bus=4.932V I_bus=58.1mA P_bus=286.2mW E_total_accum=216.863mWh
07:52:32.839 > [BENCH] IDLE | t_inference_us=0 | heap=0.3kB/105.8kB (min=103.3kB, biggest=105.5kB) | arena=3.4kB | V_bus=4.932V I_bus=58.1mA P_bus=286.3mW E_total_accum=217.023mWh
07:52:34.203 > 
07:52:34.203 > [EVENT] type=HOUR  Tin=27.20 Hin=78.50 Tout=28.70 Hout=78.50
07:52:34.247 > [infer] REAL - Invoke executed (model ran)
07:52:34.251 > 
07:52:34.251 > [PWR] infer | E_inference_window(ΔE_total)=2.182µWh (E0=217.135361mWh E1=217.137543mWh) | E_inference_pipeline(ΔE_total)=2.472µWh (E0=217.135178mWh E1=217.137650mWh) | t_inference=25.485ms | t_inference_pipeline=30.416ms | E_total_accum=217.138mWh
07:52:34.273 > [BENCH] INFER_HOURLY | t_inference_us=25485 | heap=0.3kB/105.9kB (min=103.3kB, biggest=105.6kB) | arena=3.4kB | V_bus=4.928V I_bus=59.3mA P_bus=292.1mW E_total_accum=217.138mWh
07:52:34.289 > [HOUR] Tin=27.20 Hin=78.50 | Tp=26.74 Hp=78.72
07:52:34.293 > [HOUR] SAMPLES | N_ALL=21 N_T=21 N_H=21
07:52:34.296 > [HOUR] METRICS | MAE=nan RMSE=nan R2=NA | MAE_T=nan RMSE_T=nan R2_T=NA | MAE_H=nan RMSE_H=nan R2_H=NA
07:52:35.103 > [SENSORS] Health IN ok=1272 err=0 reinit=0 pwr=0 | OUT ok=1272 err=0 reinit=0 pwr=0
07:52:36.312 > [BENCH] IDLE | t_inference_us=0 | heap=0.3kB/105.8kB (min=103.3kB, biggest=105.5kB) | arena=3.4kB | V_bus=4.932V I_bus=58.8mA P_bus=289.8mW E_total_accum=217.304mWh
07:52:38.333 > [BENCH] IDLE | t_inference_us=0 | heap=0.3kB/105.8kB (min=103.3kB, biggest=105.5kB) | arena=3.4kB | V_bus=4.924V I_bus=58.9mA P_bus=290.6mW E_total_accum=217.467mWh
07:52:40.355 > [BENCH] IDLE | t_inference_us=0 | heap=0.3kB/105.8kB (min=103.3kB, biggest=105.5kB) | arena=3.4kB | V_bus=4.932V I_bus=58.7mA P_bus=289.6mW E_total_accum=217.629mWh
07:52:42.387 > [BENCH] IDLE | t_inference_us=0 | heap=0.3kB/105.8kB (min=103.3kB, biggest=105.5kB) | arena=3.4kB | V_bus=4.916V I_bus=58.9mA P_bus=290.1mW E_total_accum=217.792mWh
07:52:44.405 > [BENCH] IDLE | t_inference_us=0 | heap=0.3kB/105.8kB (min=103.3kB, biggest=105.5kB) | arena=3.4kB | V_bus=4.924V I_bus=58.5mA P_bus=288.3mW E_total_accum=217.953mWh
07:52:46.413 > [BENCH] IDLE | t_inference_us=0 | heap=0.3kB/105.8kB (min=103.3kB, biggest=105.5kB) | arena=3.4kB | V_bus=4.932V I_bus=58.6mA P_bus=288.5mW E_total_accum=218.115mWh
07:52:48.438 > [BENCH] IDLE | t_inference_us=0 | heap=0.3kB/105.8kB (min=103.3kB, biggest=105.5kB) | arena=3.4kB | V_bus=4.920V I_bus=58.9mA P_bus=290.2mW E_total_accum=218.277mWh
07:52:50.460 > [BENCH] IDLE | t_inference_us=0 | heap=0.3kB/105.8kB (min=103.3kB, biggest=105.5kB) | arena=3.4kB | V_bus=4.932V I_bus=58.7mA P_bus=289.1mW E_total_accum=218.440mWh
07:52:52.492 > [BENCH] IDLE | t_inference_us=0 | heap=0.3kB/105.8kB (min=103.3kB, biggest=105.5kB) | arena=3.4kB | V_bus=4.920V I_bus=58.9mA P_bus=289.9mW E_total_accum=218.602mWh
07:52:54.511 > [BENCH] IDLE | t_inference_us=0 | heap=0.3kB/105.8kB (min=103.3kB, biggest=105.5kB) | arena=3.4kB | V_bus=4.924V I_bus=58.5mA P_bus=288.0mW E_total_accum=218.764mWh
07:52:56.523 > [BENCH] IDLE | t_inference_us=0 | heap=0.3kB/105.8kB (min=103.3kB, biggest=105.5kB) | arena=3.4kB | V_bus=4.916V I_bus=58.5mA P_bus=288.1mW E_total_accum=218.925mWh
07:52:58.561 > [BENCH] IDLE | t_inference_us=0 | heap=0.3kB/105.8kB (min=103.3kB, biggest=105.5kB) | arena=3.4kB | V_bus=4.928V I_bus=58.2mA P_bus=286.5mW E_total_accum=219.086mWh
07:53:00.572 > [BENCH] IDLE | t_inference_us=0 | heap=0.3kB/105.8kB (min=103.3kB, biggest=105.5kB) | arena=3.4kB | V_bus=4.928V I_bus=58.3mA P_bus=287.1mW E_total_accum=219.247mWh
07:53:02.608 > [BENCH] IDLE | t_inference_us=0 | heap=0.3kB/105.8kB (min=103.3kB, biggest=105.5kB) | arena=3.4kB | V_bus=4.932V I_bus=58.4mA P_bus=287.5mW E_total_accum=219.408mWh
07:53:04.634 > [BENCH] IDLE | t_inference_us=0 | heap=0.3kB/105.8kB (min=103.3kB, biggest=105.5kB) | arena=3.4kB | V_bus=4.960V I_bus=58.6mA P_bus=289.1mW E_total_accum=219.571mWh
07:53:06.651 > [BENCH] IDLE | t_inference_us=0 | heap=0.3kB/105.8kB (min=103.3kB, biggest=105.5kB) | arena=3.4kB | V_bus=4.928V I_bus=58.3mA P_bus=287.4mW E_total_accum=219.732mWh
07:53:08.665 > [BENCH] IDLE | t_inference_us=0 | heap=0.3kB/105.8kB (min=103.3kB, biggest=105.5kB) | arena=3.4kB | V_bus=4.916V I_bus=58.3mA P_bus=287.1mW E_total_accum=219.893mWh
07:53:10.691 > [BENCH] IDLE | t_inference_us=0 | heap=0.3kB/105.8kB (min=103.3kB, biggest=105.5kB) | arena=3.4kB | V_bus=4.928V I_bus=58.0mA P_bus=285.9mW E_total_accum=220.053mWh
07:53:12.714 > [BENCH] IDLE | t_inference_us=0 | heap=0.3kB/105.8kB (min=103.3kB, biggest=105.5kB) | arena=3.4kB | V_bus=4.928V I_bus=58.1mA P_bus=286.2mW E_total_accum=220.213mWh
07:53:14.737 > [BENCH] IDLE | t_inference_us=0 | heap=0.3kB/105.8kB (min=103.3kB, biggest=105.5kB) | arena=3.4kB | V_bus=4.928V I_bus=58.4mA P_bus=287.7mW E_total_accum=220.375mWh
07:53:16.761 > [BENCH] IDLE | t_inference_us=0 | heap=0.3kB/105.8kB (min=103.3kB, biggest=105.5kB) | arena=3.4kB | V_bus=4.932V I_bus=58.3mA P_bus=287.3mW E_total_accum=220.536mWh
07:53:18.790 > [BENCH] IDLE | t_inference_us=0 | heap=0.3kB/105.8kB (min=103.3kB, biggest=105.5kB) | arena=3.4kB | V_bus=4.924V I_bus=58.4mA P_bus=287.8mW E_total_accum=220.697mWh
07:53:20.809 > [BENCH] IDLE | t_inference_us=0 | heap=0.3kB/105.8kB (min=103.3kB, biggest=105.5kB) | arena=3.4kB | V_bus=4.928V I_bus=58.3mA P_bus=287.2mW E_total_accum=220.858mWh
07:53:22.820 > [BENCH] IDLE | t_inference_us=0 | heap=0.3kB/105.8kB (min=103.3kB, biggest=105.5kB) | arena=3.4kB | V_bus=4.920V I_bus=58.3mA P_bus=287.0mW E_total_accum=221.019mWh
07:53:24.838 > [BENCH] IDLE | t_inference_us=0 | heap=0.3kB/105.8kB (min=103.3kB, biggest=105.5kB) | arena=3.4kB | V_bus=4.932V I_bus=58.3mA P_bus=287.2mW E_total_accum=221.180mWh
07:53:26.872 > [BENCH] IDLE | t_inference_us=0 | heap=0.3kB/105.8kB (min=103.3kB, biggest=105.5kB) | arena=3.4kB | V_bus=4.928V I_bus=58.4mA P_bus=287.8mW E_total_accum=221.341mWh
07:53:28.896 > [BENCH] IDLE | t_inference_us=0 | heap=0.3kB/105.8kB (min=103.3kB, biggest=105.5kB) | arena=3.4kB | V_bus=4.936V I_bus=58.4mA P_bus=288.0mW E_total_accum=221.503mWh
07:53:30.919 > [BENCH] IDLE | t_inference_us=0 | heap=0.3kB/105.8kB (min=103.3kB, biggest=105.5kB) | arena=3.4kB | V_bus=4.928V I_bus=58.4mA P_bus=288.0mW E_total_accum=221.664mWh
07:53:32.943 > [BENCH] IDLE | t_inference_us=0 | heap=0.3kB/105.8kB (min=103.3kB, biggest=105.5kB) | arena=3.4kB | V_bus=4.932V I_bus=58.4mA P_bus=287.8mW E_total_accum=221.826mWh
07:53:34.343 > 
07:53:34.343 > [EVENT] type=HOUR  Tin=27.30 Hin=78.10 Tout=28.60 Hout=78.60
07:53:34.387 > [infer] REAL - Invoke executed (model ran)
07:53:34.390 > 
07:53:34.390 > [PWR] infer | E_inference_window(ΔE_total)=2.167µWh (E0=221.939117mWh E1=221.941284mWh) | E_inference_pipeline(ΔE_total)=2.457µWh (E0=221.938934mWh E1=221.941391mWh) | t_inference=25.486ms | t_inference_pipeline=30.423ms | E_total_accum=221.941mWh
07:53:34.413 > [BENCH] INFER_HOURLY | t_inference_us=25486 | heap=0.3kB/105.9kB (min=103.3kB, biggest=105.6kB) | arena=3.4kB | V_bus=4.928V I_bus=59.0mA P_bus=290.5mW E_total_accum=221.941mWh
07:53:34.428 > [HOUR] Tin=27.30 Hin=78.10 | Tp=26.89 Hp=78.32
07:53:34.432 > [HOUR] SAMPLES | N_ALL=22 N_T=22 N_H=22
07:53:34.435 > [HOUR] METRICS | MAE=nan RMSE=nan R2=NA | MAE_T=nan RMSE_T=nan R2_T=NA | MAE_H=nan RMSE_H=nan R2_H=NA
07:53:35.240 > [SENSORS] Health IN ok=1300 err=0 reinit=0 pwr=0 | OUT ok=1300 err=0 reinit=0 pwr=0
07:53:36.454 > [BENCH] IDLE | t_inference_us=0 | heap=0.3kB/105.8kB (min=103.3kB, biggest=105.5kB) | arena=3.4kB | V_bus=4.920V I_bus=58.8mA P_bus=289.8mW E_total_accum=222.108mWh
07:53:38.484 > [BENCH] IDLE | t_inference_us=0 | heap=0.3kB/105.8kB (min=103.3kB, biggest=105.5kB) | arena=3.4kB | V_bus=4.924V I_bus=58.7mA P_bus=288.9mW E_total_accum=222.270mWh
07:53:40.494 > [BENCH] IDLE | t_inference_us=0 | heap=0.3kB/105.8kB (min=103.3kB, biggest=105.5kB) | arena=3.4kB | V_bus=4.928V I_bus=58.4mA P_bus=287.4mW E_total_accum=222.431mWh
07:53:42.532 > [BENCH] IDLE | t_inference_us=0 | heap=0.3kB/105.8kB (min=103.3kB, biggest=105.5kB) | arena=3.4kB | V_bus=4.924V I_bus=58.4mA P_bus=287.6mW E_total_accum=222.592mWh
07:53:44.540 > [BENCH] IDLE | t_inference_us=0 | heap=0.3kB/105.8kB (min=103.3kB, biggest=105.5kB) | arena=3.4kB | V_bus=4.936V I_bus=58.4mA P_bus=288.0mW E_total_accum=222.754mWh
07:53:46.567 > [BENCH] IDLE | t_inference_us=0 | heap=0.3kB/105.8kB (min=103.3kB, biggest=105.5kB) | arena=3.4kB | V_bus=4.928V I_bus=58.6mA P_bus=288.9mW E_total_accum=222.916mWh
07:53:48.592 > [BENCH] IDLE | t_inference_us=0 | heap=0.3kB/105.8kB (min=103.3kB, biggest=105.5kB) | arena=3.4kB | V_bus=4.936V I_bus=58.5mA P_bus=288.4mW E_total_accum=223.078mWh
07:53:50.612 > [BENCH] IDLE | t_inference_us=0 | heap=0.3kB/105.8kB (min=103.3kB, biggest=105.5kB) | arena=3.4kB | V_bus=4.924V I_bus=58.6mA P_bus=288.6mW E_total_accum=223.240mWh
07:53:52.642 > [BENCH] IDLE | t_inference_us=0 | heap=0.3kB/105.8kB (min=103.3kB, biggest=105.5kB) | arena=3.4kB | V_bus=4.932V I_bus=58.5mA P_bus=288.2mW E_total_accum=223.401mWh
07:53:54.662 > [BENCH] IDLE | t_inference_us=0 | heap=0.3kB/105.8kB (min=103.3kB, biggest=105.5kB) | arena=3.4kB | V_bus=4.952V I_bus=59.4mA P_bus=293.2mW E_total_accum=223.566mWh
07:53:56.685 > [BENCH] IDLE | t_inference_us=0 | heap=0.3kB/105.8kB (min=103.3kB, biggest=105.5kB) | arena=3.4kB | V_bus=4.924V I_bus=58.9mA P_bus=290.6mW E_total_accum=223.729mWh
07:53:58.707 > [BENCH] IDLE | t_inference_us=0 | heap=0.3kB/105.8kB (min=103.3kB, biggest=105.5kB) | arena=3.4kB | V_bus=4.920V I_bus=58.9mA P_bus=290.2mW E_total_accum=223.891mWh
07:54:00.736 > [BENCH] IDLE | t_inference_us=0 | heap=0.3kB/105.8kB (min=103.3kB, biggest=105.5kB) | arena=3.4kB | V_bus=4.936V I_bus=58.8mA P_bus=290.0mW E_total_accum=224.054mWh
07:54:02.745 > [BENCH] IDLE | t_inference_us=0 | heap=0.3kB/105.8kB (min=103.3kB, biggest=105.5kB) | arena=3.4kB | V_bus=4.928V I_bus=58.9mA P_bus=290.5mW E_total_accum=224.217mWh
07:54:04.769 > [BENCH] IDLE | t_inference_us=0 | heap=0.3kB/105.8kB (min=103.3kB, biggest=105.5kB) | arena=3.4kB | V_bus=4.932V I_bus=58.8mA P_bus=289.8mW E_total_accum=224.379mWh
07:54:06.800 > [BENCH] IDLE | t_inference_us=0 | heap=0.3kB/105.8kB (min=103.3kB, biggest=105.5kB) | arena=3.4kB | V_bus=4.928V I_bus=58.6mA P_bus=289.1mW E_total_accum=224.542mWh
07:54:08.826 > [BENCH] IDLE | t_inference_us=0 | heap=0.3kB/105.8kB (min=103.3kB, biggest=105.5kB) | arena=3.4kB | V_bus=4.932V I_bus=58.4mA P_bus=288.2mW E_total_accum=224.703mWh
07:54:10.851 > [BENCH] IDLE | t_inference_us=0 | heap=0.3kB/105.8kB (min=103.3kB, biggest=105.5kB) | arena=3.4kB | V_bus=4.924V I_bus=58.3mA P_bus=287.4mW E_total_accum=224.864mWh
07:54:12.860 > [BENCH] IDLE | t_inference_us=0 | heap=0.3kB/105.8kB (min=103.3kB, biggest=105.5kB) | arena=3.4kB | V_bus=4.924V I_bus=58.0mA P_bus=285.9mW E_total_accum=225.024mWh
07:54:14.893 > [BENCH] IDLE | t_inference_us=0 | heap=0.3kB/105.8kB (min=103.3kB, biggest=105.5kB) | arena=3.4kB | V_bus=4.920V I_bus=58.0mA P_bus=285.8mW E_total_accum=225.185mWh
07:54:16.909 > [BENCH] IDLE | t_inference_us=0 | heap=0.3kB/105.8kB (min=103.3kB, biggest=105.5kB) | arena=3.4kB | V_bus=4.928V I_bus=57.8mA P_bus=284.8mW E_total_accum=225.344mWh
07:54:18.936 > [BENCH] IDLE | t_inference_us=0 | heap=0.3kB/105.8kB (min=103.3kB, biggest=105.5kB) | arena=3.4kB | V_bus=4.928V I_bus=58.2mA P_bus=286.9mW E_total_accum=225.505mWh
07:54:20.951 > [BENCH] IDLE | t_inference_us=0 | heap=0.3kB/105.8kB (min=103.3kB, biggest=105.5kB) | arena=3.4kB | V_bus=4.932V I_bus=58.2mA P_bus=286.6mW E_total_accum=225.666mWh
07:54:22.982 > [BENCH] IDLE | t_inference_us=0 | heap=0.3kB/105.8kB (min=103.3kB, biggest=105.5kB) | arena=3.4kB | V_bus=4.928V I_bus=58.3mA P_bus=287.3mW E_total_accum=225.827mWh
07:54:25.005 > [BENCH] IDLE | t_inference_us=0 | heap=0.3kB/105.8kB (min=103.3kB, biggest=105.5kB) | arena=3.4kB | V_bus=4.936V I_bus=58.2mA P_bus=286.9mW E_total_accum=225.988mWh
07:54:27.025 > [BENCH] IDLE | t_inference_us=0 | heap=0.3kB/105.8kB (min=103.3kB, biggest=105.5kB) | arena=3.4kB | V_bus=4.924V I_bus=58.0mA P_bus=285.7mW E_total_accum=226.148mWh
07:54:29.043 > [BENCH] IDLE | t_inference_us=0 | heap=0.3kB/105.8kB (min=103.3kB, biggest=105.5kB) | arena=3.4kB | V_bus=4.920V I_bus=58.1mA P_bus=286.2mW E_total_accum=226.308mWh
07:54:31.060 > [BENCH] IDLE | t_inference_us=0 | heap=0.3kB/105.8kB (min=103.3kB, biggest=105.5kB) | arena=3.4kB | V_bus=4.924V I_bus=57.9mA P_bus=285.3mW E_total_accum=226.468mWh
07:54:33.081 > [BENCH] IDLE | t_inference_us=0 | heap=0.3kB/105.8kB (min=103.3kB, biggest=105.5kB) | arena=3.4kB | V_bus=4.920V I_bus=58.0mA P_bus=285.5mW E_total_accum=226.629mWh
07:54:34.455 > 
07:54:34.472 > [EVENT] type=HOUR  Tin=27.40 Hin=77.83 Tout=28.50 Hout=78.60
07:54:34.500 > [infer] REAL - Invoke executed (model ran)
07:54:34.505 > 
07:54:34.505 > [PWR] infer | E_inference_window(ΔE_total)=2.136µWh (E0=226.738419mWh E1=226.740555mWh) | E_inference_pipeline(ΔE_total)=2.411µWh (E0=226.738251mWh E1=226.740662mWh) | t_inference=25.489ms | t_inference_pipeline=30.420ms | E_total_accum=226.741mWh
07:54:34.527 > [BENCH] INFER_HOURLY | t_inference_us=25489 | heap=0.3kB/105.9kB (min=103.3kB, biggest=105.6kB) | arena=3.4kB | V_bus=4.916V I_bus=58.1mA P_bus=286.3mW E_total_accum=226.741mWh
07:54:34.543 > [HOUR] Tin=27.40 Hin=77.83 | Tp=27.03 Hp=77.93
07:54:34.546 > [HOUR] SAMPLES | N_ALL=23 N_T=23 N_H=23
07:54:34.549 > [HOUR] METRICS | MAE=nan RMSE=nan R2=NA | MAE_T=nan RMSE_T=nan R2_T=NA | MAE_H=nan RMSE_H=nan R2_H=NA
07:54:35.401 > [SENSORS] Health IN ok=1328 err=0 reinit=0 pwr=0 | OUT ok=1329 err=0 reinit=0 pwr=0
07:54:36.568 > [BENCH] IDLE | t_inference_us=0 | heap=0.3kB/105.8kB (min=103.3kB, biggest=105.5kB) | arena=3.4kB | V_bus=4.928V I_bus=58.3mA P_bus=287.0mW E_total_accum=226.905mWh
07:54:38.584 > [BENCH] IDLE | t_inference_us=0 | heap=0.3kB/105.8kB (min=103.3kB, biggest=105.5kB) | arena=3.4kB | V_bus=4.932V I_bus=58.2mA P_bus=286.7mW E_total_accum=227.066mWh
07:54:40.608 > [BENCH] IDLE | t_inference_us=0 | heap=0.3kB/105.8kB (min=103.3kB, biggest=105.5kB) | arena=3.4kB | V_bus=4.932V I_bus=58.1mA P_bus=286.4mW E_total_accum=227.227mWh
07:54:42.640 > [BENCH] IDLE | t_inference_us=0 | heap=0.3kB/105.8kB (min=103.3kB, biggest=105.5kB) | arena=3.4kB | V_bus=4.928V I_bus=57.9mA P_bus=285.5mW E_total_accum=227.387mWh
07:54:44.649 > [BENCH] IDLE | t_inference_us=0 | heap=0.3kB/105.8kB (min=103.3kB, biggest=105.5kB) | arena=3.4kB | V_bus=4.924V I_bus=57.8mA P_bus=284.9mW E_total_accum=227.547mWh
07:54:46.680 > [BENCH] IDLE | t_inference_us=0 | heap=0.3kB/105.8kB (min=103.3kB, biggest=105.5kB) | arena=3.4kB | V_bus=4.924V I_bus=57.7mA P_bus=284.2mW E_total_accum=227.706mWh
07:54:48.703 > [BENCH] IDLE | t_inference_us=0 | heap=0.3kB/105.8kB (min=103.3kB, biggest=105.5kB) | arena=3.4kB | V_bus=4.928V I_bus=57.8mA P_bus=284.6mW E_total_accum=227.865mWh
07:54:50.728 > [BENCH] IDLE | t_inference_us=0 | heap=0.3kB/105.8kB (min=103.3kB, biggest=105.5kB) | arena=3.4kB | V_bus=4.936V I_bus=58.0mA P_bus=285.6mW E_total_accum=228.026mWh
07:54:52.736 > [BENCH] IDLE | t_inference_us=0 | heap=0.3kB/105.8kB (min=103.3kB, biggest=105.5kB) | arena=3.4kB | V_bus=4.932V I_bus=58.3mA P_bus=287.2mW E_total_accum=228.187mWh
07:54:54.775 > [BENCH] IDLE | t_inference_us=0 | heap=0.3kB/105.8kB (min=103.3kB, biggest=105.5kB) | arena=3.4kB | V_bus=4.936V I_bus=58.2mA P_bus=286.8mW E_total_accum=228.348mWh
07:54:56.796 > [BENCH] IDLE | t_inference_us=0 | heap=0.3kB/105.8kB (min=103.3kB, biggest=105.5kB) | arena=3.4kB | V_bus=4.932V I_bus=58.1mA P_bus=286.5mW E_total_accum=228.508mWh
07:54:58.810 > [BENCH] IDLE | t_inference_us=0 | heap=0.3kB/105.8kB (min=103.3kB, biggest=105.5kB) | arena=3.4kB | V_bus=4.932V I_bus=58.0mA P_bus=285.8mW E_total_accum=228.668mWh
07:55:00.838 > [BENCH] IDLE | t_inference_us=0 | heap=0.3kB/105.8kB (min=103.3kB, biggest=105.5kB) | arena=3.4kB | V_bus=4.932V I_bus=58.0mA P_bus=286.1mW E_total_accum=228.829mWh
07:55:02.863 > [BENCH] IDLE | t_inference_us=0 | heap=0.3kB/105.8kB (min=103.3kB, biggest=105.5kB) | arena=3.4kB | V_bus=4.920V I_bus=58.1mA P_bus=286.3mW E_total_accum=228.989mWh
07:55:04.876 > [BENCH] IDLE | t_inference_us=0 | heap=0.3kB/105.8kB (min=103.3kB, biggest=105.5kB) | arena=3.4kB | V_bus=4.924V I_bus=57.9mA P_bus=285.6mW E_total_accum=229.150mWh
07:55:06.894 > [BENCH] IDLE | t_inference_us=0 | heap=0.3kB/105.8kB (min=103.3kB, biggest=105.5kB) | arena=3.4kB | V_bus=4.924V I_bus=58.0mA P_bus=286.0mW E_total_accum=229.310mWh
07:55:08.930 > [BENCH] IDLE | t_inference_us=0 | heap=0.3kB/105.8kB (min=103.3kB, biggest=105.5kB) | arena=3.4kB | V_bus=4.928V I_bus=57.9mA P_bus=285.3mW E_total_accum=229.470mWh
07:55:10.951 > [BENCH] IDLE | t_inference_us=0 | heap=0.3kB/105.8kB (min=103.3kB, biggest=105.5kB) | arena=3.4kB | V_bus=4.932V I_bus=58.0mA P_bus=285.7mW E_total_accum=229.630mWh
07:55:12.974 > [BENCH] IDLE | t_inference_us=0 | heap=0.3kB/105.8kB (min=103.3kB, biggest=105.5kB) | arena=3.4kB | V_bus=4.924V I_bus=58.4mA P_bus=287.8mW E_total_accum=229.791mWh
07:55:14.981 > [BENCH] IDLE | t_inference_us=0 | heap=0.3kB/105.8kB (min=103.3kB, biggest=105.5kB) | arena=3.4kB | V_bus=4.932V I_bus=58.2mA P_bus=286.6mW E_total_accum=229.952mWh
07:55:17.017 > [BENCH] IDLE | t_inference_us=0 | heap=0.3kB/105.8kB (min=103.3kB, biggest=105.5kB) | arena=3.4kB | V_bus=4.928V I_bus=58.3mA P_bus=287.5mW E_total_accum=230.113mWh
07:55:19.041 > [BENCH] IDLE | t_inference_us=0 | heap=0.3kB/105.8kB (min=103.3kB, biggest=105.5kB) | arena=3.4kB | V_bus=4.932V I_bus=58.1mA P_bus=286.3mW E_total_accum=230.274mWh
07:55:21.052 > [BENCH] IDLE | t_inference_us=0 | heap=0.3kB/105.8kB (min=103.3kB, biggest=105.5kB) | arena=3.4kB | V_bus=4.928V I_bus=58.3mA P_bus=287.1mW E_total_accum=230.435mWh
07:55:23.082 > [BENCH] IDLE | t_inference_us=0 | heap=0.3kB/105.8kB (min=103.3kB, biggest=105.5kB) | arena=3.4kB | V_bus=4.924V I_bus=58.2mA P_bus=286.8mW E_total_accum=230.596mWh
07:55:25.109 > [BENCH] IDLE | t_inference_us=0 | heap=0.3kB/105.8kB (min=103.3kB, biggest=105.5kB) | arena=3.4kB | V_bus=4.928V I_bus=58.0mA P_bus=285.9mW E_total_accum=230.756mWh
07:55:27.127 > [BENCH] IDLE | t_inference_us=0 | heap=0.3kB/105.8kB (min=103.3kB, biggest=105.5kB) | arena=3.4kB | V_bus=4.924V I_bus=58.1mA P_bus=286.1mW E_total_accum=230.916mWh
07:55:29.154 > [BENCH] IDLE | t_inference_us=0 | heap=0.3kB/105.8kB (min=103.3kB, biggest=105.5kB) | arena=3.4kB | V_bus=4.928V I_bus=57.9mA P_bus=285.1mW E_total_accum=231.076mWh
07:55:31.161 > [BENCH] IDLE | t_inference_us=0 | heap=0.3kB/105.8kB (min=103.3kB, biggest=105.5kB) | arena=3.4kB | V_bus=4.920V I_bus=58.1mA P_bus=286.0mW E_total_accum=231.236mWh
07:55:33.201 > [BENCH] IDLE | t_inference_us=0 | heap=0.3kB/105.8kB (min=103.3kB, biggest=105.5kB) | arena=3.4kB | V_bus=4.924V I_bus=57.8mA P_bus=284.9mW E_total_accum=231.396mWh
07:55:34.576 > 
07:55:34.576 > [EVENT] type=HOUR  Tin=27.50 Hin=77.61 Tout=28.40 Hout=79.00
07:55:34.605 > [infer] REAL - Invoke executed (model ran)
07:55:34.609 > 
07:55:34.609 > [PWR] infer | E_inference_window(ΔE_total)=2.106µWh (E0=231.505173mWh E1=231.507278mWh) | E_inference_pipeline(ΔE_total)=2.380µWh (E0=231.505005mWh E1=231.507385mWh) | t_inference=25.484ms | t_inference_pipeline=30.415ms | E_total_accum=231.507mWh
07:55:34.631 > [BENCH] INFER_HOURLY | t_inference_us=25484 | heap=0.3kB/105.9kB (min=103.3kB, biggest=105.6kB) | arena=3.4kB | V_bus=4.912V I_bus=57.3mA P_bus=282.3mW E_total_accum=231.507mWh
07:55:34.648 > [HOUR] Tin=27.50 Hin=77.61 | Tp=27.13 Hp=77.70
07:55:34.651 > [HOUR] SAMPLES | N_ALL=24 N_T=24 N_H=24
07:55:34.654 > [HOUR] METRICS | MAE=0.9813 RMSE=1.8487 R2=0.7563 | MAE_T=0.5139 RMSE_T=0.6087 R2_T=0.7462 | MAE_H=1.4486 RMSE_H=2.5426 R2_H=0.7665
07:55:35.546 > [SENSORS] Health IN ok=1356 err=0 reinit=0 pwr=0 | OUT ok=1357 err=0 reinit=0 pwr=0
07:55:36.678 > [BENCH] IDLE | t_inference_us=0 | heap=0.3kB/105.8kB (min=103.3kB, biggest=105.5kB) | arena=3.4kB | V_bus=4.936V I_bus=57.4mA P_bus=282.8mW E_total_accum=231.670mWh
07:55:38.700 > [BENCH] IDLE | t_inference_us=0 | heap=0.3kB/105.8kB (min=103.3kB, biggest=105.5kB) | arena=3.4kB | V_bus=4.928V I_bus=57.7mA P_bus=284.4mW E_total_accum=231.829mWh
07:55:40.714 > [BENCH] IDLE | t_inference_us=0 | heap=0.3kB/105.8kB (min=103.3kB, biggest=105.5kB) | arena=3.4kB | V_bus=4.932V I_bus=57.8mA P_bus=284.8mW E_total_accum=231.989mWh
07:55:42.741 > [BENCH] IDLE | t_inference_us=0 | heap=0.3kB/105.8kB (min=103.3kB, biggest=105.5kB) | arena=3.4kB | V_bus=4.916V I_bus=58.0mA P_bus=285.6mW E_total_accum=232.149mWh
07:55:44.769 > [BENCH] IDLE | t_inference_us=0 | heap=0.3kB/105.8kB (min=103.3kB, biggest=105.5kB) | arena=3.4kB | V_bus=4.928V I_bus=57.8mA P_bus=284.6mW E_total_accum=232.309mWh
07:55:46.785 > [BENCH] IDLE | t_inference_us=0 | heap=0.3kB/105.8kB (min=103.3kB, biggest=105.5kB) | arena=3.4kB | V_bus=4.920V I_bus=58.0mA P_bus=285.6mW E_total_accum=232.469mWh
07:55:48.806 > [BENCH] IDLE | t_inference_us=0 | heap=0.3kB/105.8kB (min=103.3kB, biggest=105.5kB) | arena=3.4kB | V_bus=4.928V I_bus=57.8mA P_bus=284.6mW E_total_accum=232.629mWh
07:55:50.829 > [BENCH] IDLE | t_inference_us=0 | heap=0.3kB/105.8kB (min=103.3kB, biggest=105.5kB) | arena=3.4kB | V_bus=4.924V I_bus=57.9mA P_bus=284.9mW E_total_accum=232.788mWh
07:55:52.849 > [BENCH] IDLE | t_inference_us=0 | heap=0.3kB/105.8kB (min=103.3kB, biggest=105.5kB) | arena=3.4kB | V_bus=4.936V I_bus=57.8mA P_bus=284.8mW E_total_accum=232.948mWh
07:55:54.874 > [BENCH] IDLE | t_inference_us=0 | heap=0.3kB/105.8kB (min=103.3kB, biggest=105.5kB) | arena=3.4kB | V_bus=4.932V I_bus=58.2mA P_bus=286.8mW E_total_accum=233.109mWh
07:55:56.897 > [BENCH] IDLE | t_inference_us=0 | heap=0.3kB/105.8kB (min=103.3kB, biggest=105.5kB) | arena=3.4kB | V_bus=4.924V I_bus=58.4mA P_bus=287.8mW E_total_accum=233.270mWh
07:55:58.928 > [BENCH] IDLE | t_inference_us=0 | heap=0.3kB/105.8kB (min=103.3kB, biggest=105.5kB) | arena=3.4kB | V_bus=4.932V I_bus=58.3mA P_bus=287.1mW E_total_accum=233.431mWh
07:56:00.946 > [BENCH] IDLE | t_inference_us=0 | heap=0.3kB/105.8kB (min=103.3kB, biggest=105.5kB) | arena=3.4kB | V_bus=4.928V I_bus=58.5mA P_bus=288.1mW E_total_accum=233.593mWh
07:56:02.963 > [BENCH] IDLE | t_inference_us=0 | heap=0.3kB/105.8kB (min=103.3kB, biggest=105.5kB) | arena=3.4kB | V_bus=4.920V I_bus=58.2mA P_bus=286.9mW E_total_accum=233.754mWh
07:56:04.984 > [BENCH] IDLE | t_inference_us=0 | heap=0.3kB/105.8kB (min=103.3kB, biggest=105.5kB) | arena=3.4kB | V_bus=4.928V I_bus=58.0mA P_bus=285.8mW E_total_accum=233.914mWh
07:56:07.009 > [BENCH] IDLE | t_inference_us=0 | heap=0.3kB/105.8kB (min=103.3kB, biggest=105.5kB) | arena=3.4kB | V_bus=4.924V I_bus=58.0mA P_bus=285.8mW E_total_accum=234.074mWh
07:56:09.038 > [BENCH] IDLE | t_inference_us=0 | heap=0.3kB/105.8kB (min=103.3kB, biggest=105.5kB) | arena=3.4kB | V_bus=4.928V I_bus=57.9mA P_bus=285.1mW E_total_accum=234.234mWh
07:56:11.061 > [BENCH] IDLE | t_inference_us=0 | heap=0.3kB/105.8kB (min=103.3kB, biggest=105.5kB) | arena=3.4kB | V_bus=4.924V I_bus=57.7mA P_bus=284.2mW E_total_accum=234.393mWh
07:56:13.079 > [BENCH] IDLE | t_inference_us=0 | heap=0.3kB/105.8kB (min=103.3kB, biggest=105.5kB) | arena=3.4kB | V_bus=4.920V I_bus=57.9mA P_bus=285.1mW E_total_accum=234.553mWh
07:56:15.095 > [BENCH] IDLE | t_inference_us=0 | heap=0.3kB/105.8kB (min=103.3kB, biggest=105.5kB) | arena=3.4kB | V_bus=4.932V I_bus=58.1mA P_bus=286.0mW E_total_accum=234.713mWh
07:56:17.120 > [BENCH] IDLE | t_inference_us=0 | heap=0.3kB/105.8kB (min=103.3kB, biggest=105.5kB) | arena=3.4kB | V_bus=4.932V I_bus=57.9mA P_bus=285.5mW E_total_accum=234.873mWh
07:56:19.142 > [BENCH] IDLE | t_inference_us=0 | heap=0.3kB/105.8kB (min=103.3kB, biggest=105.5kB) | arena=3.4kB | V_bus=4.932V I_bus=58.1mA P_bus=286.2mW E_total_accum=235.034mWh
07:56:21.172 > [BENCH] IDLE | t_inference_us=0 | heap=0.3kB/105.8kB (min=103.3kB, biggest=105.5kB) | arena=3.4kB | V_bus=4.924V I_bus=58.4mA P_bus=287.7mW E_total_accum=235.195mWh
07:56:23.197 > [BENCH] IDLE | t_inference_us=0 | heap=0.3kB/105.8kB (min=103.3kB, biggest=105.5kB) | arena=3.4kB | V_bus=4.932V I_bus=58.2mA P_bus=286.9mW E_total_accum=235.356mWh
07:56:25.206 > [BENCH] IDLE | t_inference_us=0 | heap=0.3kB/105.8kB (min=103.3kB, biggest=105.5kB) | arena=3.4kB | V_bus=4.924V I_bus=58.2mA P_bus=287.0mW E_total_accum=235.517mWh
07:56:27.238 > [BENCH] IDLE | t_inference_us=0 | heap=0.3kB/105.8kB (min=103.3kB, biggest=105.5kB) | arena=3.4kB | V_bus=4.928V I_bus=58.1mA P_bus=286.1mW E_total_accum=235.678mWh
07:56:29.263 > [BENCH] IDLE | t_inference_us=0 | heap=0.3kB/105.8kB (min=103.3kB, biggest=105.5kB) | arena=3.4kB | V_bus=4.924V I_bus=57.9mA P_bus=285.1mW E_total_accum=235.837mWh
07:56:31.277 > [BENCH] IDLE | t_inference_us=0 | heap=0.3kB/105.8kB (min=103.3kB, biggest=105.5kB) | arena=3.4kB | V_bus=4.920V I_bus=58.0mA P_bus=285.9mW E_total_accum=235.998mWh
07:56:33.310 > [BENCH] IDLE | t_inference_us=0 | heap=0.3kB/105.8kB (min=103.3kB, biggest=105.5kB) | arena=3.4kB | V_bus=4.924V I_bus=57.8mA P_bus=284.8mW E_total_accum=236.158mWh
07:56:34.684 > 
