14:29:52.759 > ts Jul 29 2===== BOOT START =====
14:29:57.985 > [PLATFORM] Lolin32 / ESP-WROOM-32
14:29:57.985 > [CPU_SET_MHz] freq=240 MHz
14:29:57.985 > [BOOT] LiteML-Edge starting...
14:29:57.992 > [MODE] LITEML_MODE=2 -> FIELD (evaluation contract)
14:29:57.997 > [OLED] disabled | mode=FIELD
14:29:58.116 > [SENSORS] DHT22 initialized successfully.
14:29:58.120 > [SENSORS] No NTP — using local millis-based clock.
14:29:58.125 > [SENSORS] Initialization complete. Acquisition layer ready; unified evaluation contract armed.
14:29:58.133 > [MODE] Shared post-acquisition contract: hourly rollover, lag snapshots, common feature packing, and lag-1 residual baseline.
14:29:58.142 > [TFLM] outputs_size=1 | out0_type=1 out1_type=-1 | out0_bytes=8 out1_bytes=-1
14:29:58.151 > [ARENA] reserved=16384B used=3504B (3.4kB/16.0kB)
14:29:58.155 > [MEM] Model=9.46kB (FLASH) | Arena=3.42kB (RAM) | Total≈12.88kB
14:29:58.159 > [quant] in: s=0.000000000 zp=0 | out0: s=0.000000000 zp=0 | out1: s=-1.000000000 zp=-999 | in_t=1 out0_t=1 out1_t=-1 | in_lastdim=12
14:29:58.169 > [MODEL] type=LSTM | arch=LSTM | io=float32->float32 | precision_io=FLOAT32_IO | quant_style=HYBRID_FLOAT_IO
14:29:58.176 > [SCALERS] crc32=0x2C3C93F3 K=12 | Y0=[-1.110,0.910] Y1=[-0.748,0.649]
14:29:58.188 > [SCALERS] ΔY=[-1.110,-0.748]..[0.910,0.649]
14:29:58.194 > [SCALERS] X0=[21.110001,35.000000] X1=[43.000000,100.000000]
14:29:58.194 > [SCALERS] X2=[24.360001,28.680000] X3=[60.620712,75.301254]
14:29:58.202 > [SELFTEST] OK? YES  y0=-1.064  y1=-0.512  (in_scale=0.000000 in_zp=0  out0_scale=0.000000 out0_zp=0)
14:29:58.210 > [SELFTEST] y0=-1.06 y1=-0.51
14:29:58.212 > [BENCH][INA219] calib=16V/400mA | assumed_shunt=0.100 ohm
14:29:58.217 > [BOOT] ready.
14:29:58.220 > [METRICS] mode=LIVE_FEATURES
14:29:58.222 > [SENSORS] invalid reading (waiting for stabilization)...
14:29:58.241 > [SENSORS] FIELD seed progress: current hour captured; waiting for lag1 and lag2.
14:29:58.246 > [WARMUP] waiting=stabilization+lag_history | snapshot=0 warmup=1/6  Tin=29.60 Hin=58.30 Tout=34.30 Hout=53.60
14:29:59.789 > [WARMUP] waiting=lag_history(lag1+lag2) | snapshot=0 warmup=6/6  Tin=29.60 Hin=58.30 Tout=34.30 Hout=53.60
14:30:01.305 > [WARMUP] waiting=lag_history(lag1+lag2) | snapshot=0 warmup=6/6  Tin=30.10 Hin=57.92 Tout=34.60 Hout=54.10
14:30:02.819 > [WARMUP] waiting=lag_history(lag1+lag2) | snapshot=0 warmup=6/6  Tin=30.10 Hin=57.73 Tout=34.70 Hout=54.00
14:30:04.321 > [WARMUP] waiting=lag_history(lag1+lag2) | snapshot=0 warmup=6/6  Tin=30.10 Hin=57.62 Tout=34.70 Hout=54.00
14:30:05.839 > [WARMUP] waiting=lag_history(lag1+lag2) | snapshot=0 warmup=6/6  Tin=30.10 Hin=57.43 Tout=34.60 Hout=54.00
14:30:07.355 > [WARMUP] waiting=lag_history(lag1+lag2) | snapshot=0 warmup=6/6  Tin=30.10 Hin=57.53 Tout=34.60 Hout=54.10
14:30:08.868 > [WARMUP] waiting=lag_history(lag1+lag2) | snapshot=0 warmup=6/6  Tin=30.10 Hin=57.79 Tout=34.60 Hout=54.10
14:30:10.355 > [WARMUP] waiting=lag_history(lag1+lag2) | snapshot=0 warmup=6/6  Tin=30.10 Hin=58.76 Tout=34.60 Hout=54.10
14:30:11.882 > [WARMUP] waiting=lag_history(lag1+lag2) | snapshot=0 warmup=6/6  Tin=30.10 Hin=59.03 Tout=34.70 Hout=53.80
14:30:13.389 > [WARMUP] waiting=lag_history(lag1+lag2) | snapshot=0 warmup=6/6  Tin=30.10 Hin=58.87 Tout=34.60 Hout=53.90
14:30:14.885 > [WARMUP] waiting=lag_history(lag1+lag2) | snapshot=0 warmup=6/6  Tin=30.10 Hin=58.63 Tout=34.60 Hout=53.90
14:30:16.400 > [WARMUP] waiting=lag_history(lag1+lag2) | snapshot=0 warmup=6/6  Tin=30.10 Hin=59.53 Tout=34.70 Hout=53.80
14:30:17.919 > [WARMUP] waiting=lag_history(lag1+lag2) | snapshot=0 warmup=6/6  Tin=30.10 Hin=59.99 Tout=34.60 Hout=53.80
14:30:19.435 > [WARMUP] waiting=lag_history(lag1+lag2) | snapshot=0 warmup=6/6  Tin=30.10 Hin=60.13 Tout=34.70 Hout=53.80
14:30:20.935 > [WARMUP] waiting=lag_history(lag1+lag2) | snapshot=0 warmup=6/6  Tin=30.10 Hin=59.93 Tout=34.70 Hout=53.80
14:30:22.435 > [WARMUP] waiting=lag_history(lag1+lag2) | snapshot=0 warmup=6/6  Tin=30.20 Hin=59.60 Tout=34.60 Hout=53.70
14:30:23.950 > [WARMUP] waiting=lag_history(lag1+lag2) | snapshot=0 warmup=6/6  Tin=30.10 Hin=60.13 Tout=34.50 Hout=53.40
14:30:25.451 > [WARMUP] waiting=lag_history(lag1+lag2) | snapshot=0 warmup=6/6  Tin=30.10 Hin=60.80 Tout=34.50 Hout=53.40
14:30:26.967 > [WARMUP] waiting=lag_history(lag1+lag2) | snapshot=0 warmup=6/6  Tin=30.10 Hin=60.97 Tout=34.50 Hout=53.50
14:30:28.483 > [WARMUP] waiting=lag_history(lag1+lag2) | snapshot=0 warmup=6/6  Tin=30.10 Hin=60.49 Tout=34.50 Hout=53.70
14:30:30.001 > [WARMUP] waiting=lag_history(lag1+lag2) | snapshot=0 warmup=6/6  Tin=30.10 Hin=60.17 Tout=34.50 Hout=53.70
14:30:31.500 > [WARMUP] waiting=lag_history(lag1+lag2) | snapshot=0 warmup=6/6  Tin=30.10 Hin=59.85 Tout=34.50 Hout=53.70
14:30:33.015 > [WARMUP] waiting=lag_history(lag1+lag2) | snapshot=0 warmup=6/6  Tin=30.10 Hin=59.73 Tout=34.60 Hout=53.90
14:30:34.522 > [WARMUP] waiting=lag_history(lag1+lag2) | snapshot=0 warmup=6/6  Tin=30.10 Hin=59.79 Tout=34.50 Hout=53.60
14:30:36.014 > [WARMUP] waiting=lag_history(lag1+lag2) | snapshot=0 warmup=6/6  Tin=30.10 Hin=59.89 Tout=34.50 Hout=53.60
14:30:37.530 > [WARMUP] waiting=lag_history(lag1+lag2) | snapshot=0 warmup=6/6  Tin=30.10 Hin=60.23 Tout=34.60 Hout=53.80
14:30:39.047 > [WARMUP] waiting=lag_history(lag1+lag2) | snapshot=0 warmup=6/6  Tin=30.10 Hin=60.80 Tout=34.60 Hout=53.70
14:30:40.568 > [WARMUP] waiting=lag_history(lag1+lag2) | snapshot=0 warmup=6/6  Tin=30.10 Hin=61.15 Tout=34.50 Hout=53.50
14:30:42.064 > [WARMUP] waiting=lag_history(lag1+lag2) | snapshot=0 warmup=6/6  Tin=30.10 Hin=61.63 Tout=34.50 Hout=53.50
14:30:43.579 > [WARMUP] waiting=lag_history(lag1+lag2) | snapshot=0 warmup=6/6  Tin=30.10 Hin=60.86 Tout=34.50 Hout=53.50
14:30:45.081 > [WARMUP] waiting=lag_history(lag1+lag2) | snapshot=0 warmup=6/6  Tin=30.10 Hin=60.41 Tout=34.50 Hout=53.60
14:30:46.594 > [WARMUP] waiting=lag_history(lag1+lag2) | snapshot=0 warmup=6/6  Tin=30.10 Hin=60.14 Tout=34.50 Hout=53.60
14:30:48.097 > [WARMUP] waiting=lag_history(lag1+lag2) | snapshot=0 warmup=6/6  Tin=30.00 Hin=59.94 Tout=34.50 Hout=53.60
14:30:49.613 > [WARMUP] waiting=lag_history(lag1+lag2) | snapshot=0 warmup=6/6  Tin=30.10 Hin=59.78 Tout=34.50 Hout=53.80
14:30:51.135 > [WARMUP] waiting=lag_history(lag1+lag2) | snapshot=0 warmup=6/6  Tin=30.10 Hin=59.79 Tout=34.50 Hout=54.00
14:30:52.625 > [WARMUP] waiting=lag_history(lag1+lag2) | snapshot=0 warmup=6/6  Tin=30.10 Hin=60.15 Tout=34.50 Hout=54.00
14:30:54.145 > [WARMUP] waiting=lag_history(lag1+lag2) | snapshot=0 warmup=6/6  Tin=30.10 Hin=60.27 Tout=34.50 Hout=54.20
14:30:55.660 > [WARMUP] waiting=lag_history(lag1+lag2) | snapshot=0 warmup=6/6  Tin=30.00 Hin=60.21 Tout=34.40 Hout=54.10
14:30:57.159 > [WARMUP] waiting=lag_history(lag1+lag2) | snapshot=0 warmup=6/6  Tin=30.00 Hin=60.11 Tout=34.40 Hout=54.10
14:30:58.127 > [SENSORS] Health IN ok=29 err=0 reinit=0 pwr=0 | OUT ok=29 err=0 reinit=0 pwr=0
14:30:58.127 > [SENSORS] FIELD seed progress: lag1 ready; waiting one more logical hour for lag2.
14:30:58.676 > [WARMUP] waiting=lag_history(lag1+lag2) | snapshot=0 warmup=6/6  Tin=30.10 Hin=60.02 Tout=34.40 Hout=54.10
14:31:00.178 > [WARMUP] waiting=lag_history(lag1+lag2) | snapshot=0 warmup=6/6  Tin=30.00 Hin=60.00 Tout=34.40 Hout=53.90
14:31:01.702 > [WARMUP] waiting=lag_history(lag1+lag2) | snapshot=0 warmup=6/6  Tin=30.10 Hin=59.98 Tout=34.40 Hout=53.90
14:31:03.190 > [WARMUP] waiting=lag_history(lag1+lag2) | snapshot=0 warmup=6/6  Tin=30.10 Hin=59.91 Tout=34.40 Hout=53.90
14:31:04.709 > [WARMUP] waiting=lag_history(lag1+lag2) | snapshot=0 warmup=6/6  Tin=30.00 Hin=59.60 Tout=34.40 Hout=53.90
14:31:06.226 > [WARMUP] waiting=lag_history(lag1+lag2) | snapshot=0 warmup=6/6  Tin=30.10 Hin=59.56 Tout=34.40 Hout=54.00
14:31:07.724 > [WARMUP] waiting=lag_history(lag1+lag2) | snapshot=0 warmup=6/6  Tin=30.10 Hin=59.59 Tout=34.40 Hout=54.00
14:31:09.243 > [WARMUP] waiting=lag_history(lag1+lag2) | snapshot=0 warmup=6/6  Tin=30.00 Hin=59.43 Tout=34.40 Hout=54.10
14:31:10.745 > [WARMUP] waiting=lag_history(lag1+lag2) | snapshot=0 warmup=6/6  Tin=30.00 Hin=59.28 Tout=34.40 Hout=53.90
14:31:12.258 > [WARMUP] waiting=lag_history(lag1+lag2) | snapshot=0 warmup=6/6  Tin=30.10 Hin=59.18 Tout=34.40 Hout=53.70
14:31:13.756 > [WARMUP] waiting=lag_history(lag1+lag2) | snapshot=0 warmup=6/6  Tin=30.10 Hin=59.02 Tout=34.40 Hout=53.70
14:31:15.273 > [WARMUP] waiting=lag_history(lag1+lag2) | snapshot=0 warmup=6/6  Tin=30.00 Hin=58.85 Tout=34.30 Hout=53.70
14:31:16.789 > [WARMUP] waiting=lag_history(lag1+lag2) | snapshot=0 warmup=6/6  Tin=30.00 Hin=58.67 Tout=34.30 Hout=53.80
14:31:18.290 > [WARMUP] waiting=lag_history(lag1+lag2) | snapshot=0 warmup=6/6  Tin=30.00 Hin=58.52 Tout=34.30 Hout=53.80
14:31:19.807 > [WARMUP] waiting=lag_history(lag1+lag2) | snapshot=0 warmup=6/6  Tin=30.00 Hin=58.17 Tout=34.30 Hout=53.90
14:31:21.321 > [WARMUP] waiting=lag_history(lag1+lag2) | snapshot=0 warmup=6/6  Tin=30.00 Hin=57.98 Tout=34.30 Hout=53.90
14:31:22.820 > [WARMUP] waiting=lag_history(lag1+lag2) | snapshot=0 warmup=6/6  Tin=30.00 Hin=57.89 Tout=34.20 Hout=54.10
14:31:24.323 > [WARMUP] waiting=lag_history(lag1+lag2) | snapshot=0 warmup=6/6  Tin=30.00 Hin=57.81 Tout=34.20 Hout=54.10
14:31:25.837 > [WARMUP] waiting=lag_history(lag1+lag2) | snapshot=0 warmup=6/6  Tin=30.00 Hin=57.73 Tout=34.20 Hout=54.10
14:31:27.355 > [WARMUP] waiting=lag_history(lag1+lag2) | snapshot=0 warmup=6/6  Tin=30.00 Hin=57.70 Tout=34.30 Hout=54.20
14:31:28.858 > [WARMUP] waiting=lag_history(lag1+lag2) | snapshot=0 warmup=6/6  Tin=30.00 Hin=57.70 Tout=34.30 Hout=54.20
14:31:30.372 > [WARMUP] waiting=lag_history(lag1+lag2) | snapshot=0 warmup=6/6  Tin=30.00 Hin=57.62 Tout=34.30 Hout=54.20
14:31:31.884 > [WARMUP] waiting=lag_history(lag1+lag2) | snapshot=0 warmup=6/6  Tin=30.00 Hin=57.67 Tout=34.20 Hout=54.10
14:31:33.386 > [WARMUP] waiting=lag_history(lag1+lag2) | snapshot=0 warmup=6/6  Tin=30.00 Hin=57.70 Tout=34.20 Hout=54.00
14:31:34.900 > [WARMUP] waiting=lag_history(lag1+lag2) | snapshot=0 warmup=6/6  Tin=30.00 Hin=57.70 Tout=34.20 Hout=54.00
14:31:36.404 > [WARMUP] waiting=lag_history(lag1+lag2) | snapshot=0 warmup=6/6  Tin=30.00 Hin=57.70 Tout=34.30 Hout=54.10
14:31:37.920 > [WARMUP] waiting=lag_history(lag1+lag2) | snapshot=0 warmup=6/6  Tin=30.00 Hin=57.66 Tout=34.20 Hout=54.20
14:31:39.420 > [WARMUP] waiting=lag_history(lag1+lag2) | snapshot=0 warmup=6/6  Tin=30.00 Hin=57.61 Tout=34.20 Hout=54.20
14:31:40.939 > [WARMUP] waiting=lag_history(lag1+lag2) | snapshot=0 warmup=6/6  Tin=30.00 Hin=57.60 Tout=34.30 Hout=54.20
14:31:42.448 > [WARMUP] waiting=lag_history(lag1+lag2) | snapshot=0 warmup=6/6  Tin=30.00 Hin=57.47 Tout=34.30 Hout=54.30
14:31:43.968 > [WARMUP] waiting=lag_history(lag1+lag2) | snapshot=0 warmup=6/6  Tin=30.00 Hin=57.42 Tout=34.30 Hout=54.20
14:31:45.468 > [WARMUP] waiting=lag_history(lag1+lag2) | snapshot=0 warmup=6/6  Tin=30.00 Hin=57.49 Tout=34.30 Hout=54.20
14:31:46.969 > [WARMUP] waiting=lag_history(lag1+lag2) | snapshot=0 warmup=6/6  Tin=30.00 Hin=57.42 Tout=34.30 Hout=54.00
14:31:48.484 > [WARMUP] waiting=lag_history(lag1+lag2) | snapshot=0 warmup=6/6  Tin=30.00 Hin=57.40 Tout=34.20 Hout=54.10
14:31:49.984 > [WARMUP] waiting=lag_history(lag1+lag2) | snapshot=0 warmup=6/6  Tin=30.00 Hin=57.40 Tout=34.20 Hout=54.10
14:31:51.497 > [WARMUP] waiting=lag_history(lag1+lag2) | snapshot=0 warmup=6/6  Tin=30.00 Hin=57.32 Tout=34.20 Hout=54.30
14:31:53.013 > [WARMUP] waiting=lag_history(lag1+lag2) | snapshot=0 warmup=6/6  Tin=30.00 Hin=57.18 Tout=34.30 Hout=54.50
14:31:54.532 > [WARMUP] waiting=lag_history(lag1+lag2) | snapshot=0 warmup=6/6  Tin=30.00 Hin=57.12 Tout=34.30 Hout=54.50
14:31:56.031 > [WARMUP] waiting=lag_history(lag1+lag2) | snapshot=0 warmup=6/6  Tin=30.00 Hin=57.19 Tout=34.30 Hout=54.50
14:31:57.548 > [WARMUP] waiting=lag_history(lag1+lag2) | snapshot=0 warmup=6/6  Tin=30.00 Hin=57.05 Tout=34.30 Hout=54.50
14:31:58.135 > [SENSORS] Health IN ok=57 err=0 reinit=0 pwr=0 | OUT ok=57 err=0 reinit=0 pwr=0
14:31:58.156 > [SENSORS] FIELD seed progress: lag1 + lag2 ready; snapshot gate released.
14:31:58.163 > 
14:31:58.163 > [EVENT] type=HOUR  Tin=30.00 Hin=57.02 Tout=34.30 Hout=54.50
14:31:58.168 > [infer] warmup: window 1/24 - (Invoke NOT executed)
14:31:59.663 > [BENCH] IDLE | t_inference_us=0 | heap=37.2kB/282.0kB (min=239.4kB, biggest=108.0kB) | arena=3.4kB | V_bus=5.124V I_bus=63.9mA P_bus=327.1mW E_total_accum=11.352mWh
14:32:01.675 > [BENCH] IDLE | t_inference_us=0 | heap=37.2kB/282.0kB (min=239.4kB, biggest=108.0kB) | arena=3.4kB | V_bus=5.124V I_bus=63.3mA P_bus=324.2mW E_total_accum=11.533mWh
14:32:03.680 > [BENCH] IDLE | t_inference_us=0 | heap=37.2kB/282.0kB (min=239.4kB, biggest=108.0kB) | arena=3.4kB | V_bus=5.124V I_bus=61.8mA P_bus=316.4mW E_total_accum=11.710mWh
14:32:05.695 > [BENCH] IDLE | t_inference_us=0 | heap=37.2kB/282.0kB (min=239.4kB, biggest=108.0kB) | arena=3.4kB | V_bus=5.128V I_bus=60.7mA P_bus=310.9mW E_total_accum=11.884mWh
14:32:07.711 > [BENCH] IDLE | t_inference_us=0 | heap=37.2kB/282.0kB (min=239.4kB, biggest=108.0kB) | arena=3.4kB | V_bus=5.128V I_bus=61.4mA P_bus=314.6mW E_total_accum=12.060mWh
14:32:09.729 > [BENCH] IDLE | t_inference_us=0 | heap=37.2kB/282.0kB (min=239.4kB, biggest=108.0kB) | arena=3.4kB | V_bus=5.124V I_bus=60.3mA P_bus=309.0mW E_total_accum=12.233mWh
14:32:11.748 > [BENCH] IDLE | t_inference_us=0 | heap=37.2kB/282.0kB (min=239.4kB, biggest=108.0kB) | arena=3.4kB | V_bus=5.124V I_bus=59.6mA P_bus=305.3mW E_total_accum=12.404mWh
14:32:13.762 > [BENCH] IDLE | t_inference_us=0 | heap=37.2kB/282.0kB (min=239.4kB, biggest=108.0kB) | arena=3.4kB | V_bus=5.128V I_bus=61.0mA P_bus=312.4mW E_total_accum=12.578mWh
14:32:15.775 > [BENCH] IDLE | t_inference_us=0 | heap=37.2kB/282.0kB (min=239.4kB, biggest=108.0kB) | arena=3.4kB | V_bus=5.096V I_bus=63.8mA P_bus=326.4mW E_total_accum=12.761mWh
14:32:17.778 > [BENCH] IDLE | t_inference_us=0 | heap=37.2kB/282.0kB (min=239.4kB, biggest=108.0kB) | arena=3.4kB | V_bus=5.128V I_bus=63.0mA P_bus=322.8mW E_total_accum=12.941mWh
14:32:19.777 > [BENCH] IDLE | t_inference_us=0 | heap=37.2kB/282.0kB (min=239.4kB, biggest=108.0kB) | arena=3.4kB | V_bus=5.128V I_bus=61.8mA P_bus=316.5mW E_total_accum=13.118mWh
14:32:21.806 > [BENCH] IDLE | t_inference_us=0 | heap=37.2kB/282.0kB (min=239.4kB, biggest=108.0kB) | arena=3.4kB | V_bus=5.128V I_bus=60.6mA P_bus=310.4mW E_total_accum=13.291mWh
14:32:23.817 > [BENCH] IDLE | t_inference_us=0 | heap=37.2kB/282.0kB (min=239.4kB, biggest=108.0kB) | arena=3.4kB | V_bus=5.128V I_bus=61.3mA P_bus=313.9mW E_total_accum=13.467mWh
14:32:25.833 > [BENCH] IDLE | t_inference_us=0 | heap=37.2kB/282.0kB (min=239.4kB, biggest=108.0kB) | arena=3.4kB | V_bus=5.128V I_bus=60.3mA P_bus=308.9mW E_total_accum=13.640mWh
14:32:27.842 > [BENCH] IDLE | t_inference_us=0 | heap=37.2kB/282.0kB (min=239.4kB, biggest=108.0kB) | arena=3.4kB | V_bus=5.128V I_bus=59.8mA P_bus=306.4mW E_total_accum=13.811mWh
14:32:29.861 > [BENCH] IDLE | t_inference_us=0 | heap=37.2kB/282.0kB (min=239.4kB, biggest=108.0kB) | arena=3.4kB | V_bus=5.132V I_bus=61.6mA P_bus=316.0mW E_total_accum=13.988mWh
14:32:31.866 > [BENCH] IDLE | t_inference_us=0 | heap=37.2kB/282.0kB (min=239.4kB, biggest=108.0kB) | arena=3.4kB | V_bus=5.132V I_bus=60.6mA P_bus=310.6mW E_total_accum=14.162mWh
14:32:33.884 > [BENCH] IDLE | t_inference_us=0 | heap=37.2kB/282.0kB (min=239.4kB, biggest=108.0kB) | arena=3.4kB | V_bus=5.128V I_bus=60.5mA P_bus=310.0mW E_total_accum=14.335mWh
14:32:35.889 > [BENCH] IDLE | t_inference_us=0 | heap=37.2kB/282.0kB (min=239.4kB, biggest=108.0kB) | arena=3.4kB | V_bus=5.132V I_bus=59.6mA P_bus=305.8mW E_total_accum=14.506mWh
14:32:37.906 > [BENCH] IDLE | t_inference_us=0 | heap=37.2kB/282.0kB (min=239.4kB, biggest=108.0kB) | arena=3.4kB | V_bus=5.128V I_bus=58.9mA P_bus=301.9mW E_total_accum=14.675mWh
14:32:39.923 > [BENCH] IDLE | t_inference_us=0 | heap=37.2kB/282.0kB (min=239.4kB, biggest=108.0kB) | arena=3.4kB | V_bus=5.132V I_bus=60.2mA P_bus=308.9mW E_total_accum=14.848mWh
14:32:41.941 > [BENCH] IDLE | t_inference_us=0 | heap=37.2kB/282.0kB (min=239.4kB, biggest=108.0kB) | arena=3.4kB | V_bus=5.128V I_bus=59.5mA P_bus=305.1mW E_total_accum=15.018mWh
14:32:43.954 > [BENCH] IDLE | t_inference_us=0 | heap=37.2kB/282.0kB (min=239.4kB, biggest=108.0kB) | arena=3.4kB | V_bus=5.132V I_bus=59.1mA P_bus=303.0mW E_total_accum=15.188mWh
14:32:45.970 > [BENCH] IDLE | t_inference_us=0 | heap=37.2kB/282.0kB (min=239.4kB, biggest=108.0kB) | arena=3.4kB | V_bus=5.132V I_bus=60.8mA P_bus=312.0mW E_total_accum=15.362mWh
14:32:47.986 > [BENCH] IDLE | t_inference_us=0 | heap=37.2kB/282.0kB (min=239.4kB, biggest=108.0kB) | arena=3.4kB | V_bus=5.128V I_bus=59.9mA P_bus=307.3mW E_total_accum=15.534mWh
14:32:49.989 > [BENCH] IDLE | t_inference_us=0 | heap=37.2kB/282.0kB (min=239.4kB, biggest=108.0kB) | arena=3.4kB | V_bus=5.132V I_bus=59.8mA P_bus=307.0mW E_total_accum=15.706mWh
14:32:52.008 > [BENCH] IDLE | t_inference_us=0 | heap=37.2kB/282.0kB (min=239.4kB, biggest=108.0kB) | arena=3.4kB | V_bus=5.112V I_bus=62.4mA P_bus=320.0mW E_total_accum=15.885mWh
14:32:54.001 > [BENCH] IDLE | t_inference_us=0 | heap=37.2kB/282.0kB (min=239.4kB, biggest=108.0kB) | arena=3.4kB | V_bus=5.132V I_bus=63.9mA P_bus=327.7mW E_total_accum=16.067mWh
14:32:56.018 > [BENCH] IDLE | t_inference_us=0 | heap=37.2kB/282.0kB (min=239.4kB, biggest=108.0kB) | arena=3.4kB | V_bus=5.132V I_bus=62.4mA P_bus=320.1mW E_total_accum=16.247mWh
14:32:58.042 > [BENCH] IDLE | t_inference_us=0 | heap=37.2kB/282.0kB (min=239.4kB, biggest=108.0kB) | arena=3.4kB | V_bus=5.132V I_bus=61.8mA P_bus=316.8mW E_total_accum=16.424mWh
14:32:58.124 > 
14:32:58.124 > [EVENT] type=HOUR  Tin=28.70 Hin=59.59 Tout=34.30 Hout=54.40
14:32:58.130 > [infer] warmup: window 2/24 - (Invoke NOT executed)
14:32:58.179 > [SENSORS] Health IN ok=85 err=0 reinit=0 pwr=0 | OUT ok=85 err=0 reinit=0 pwr=0
14:33:00.066 > [BENCH] IDLE | t_inference_us=0 | heap=37.2kB/282.0kB (min=239.4kB, biggest=108.0kB) | arena=3.4kB | V_bus=5.132V I_bus=61.1mA P_bus=313.2mW E_total_accum=16.601mWh
14:33:02.088 > [BENCH] IDLE | t_inference_us=0 | heap=37.2kB/282.0kB (min=239.4kB, biggest=108.0kB) | arena=3.4kB | V_bus=5.132V I_bus=60.2mA P_bus=308.6mW E_total_accum=16.773mWh
14:33:04.101 > [BENCH] IDLE | t_inference_us=0 | heap=37.2kB/282.0kB (min=239.4kB, biggest=108.0kB) | arena=3.4kB | V_bus=5.128V I_bus=59.3mA P_bus=303.9mW E_total_accum=16.943mWh
14:33:06.118 > [BENCH] IDLE | t_inference_us=0 | heap=37.2kB/282.0kB (min=239.4kB, biggest=108.0kB) | arena=3.4kB | V_bus=5.128V I_bus=59.4mA P_bus=304.7mW E_total_accum=17.114mWh
14:33:08.133 > [BENCH] IDLE | t_inference_us=0 | heap=37.2kB/282.0kB (min=239.4kB, biggest=108.0kB) | arena=3.4kB | V_bus=5.128V I_bus=58.8mA P_bus=301.3mW E_total_accum=17.282mWh
14:33:10.141 > [BENCH] IDLE | t_inference_us=0 | heap=37.2kB/282.0kB (min=239.4kB, biggest=108.0kB) | arena=3.4kB | V_bus=5.128V I_bus=58.1mA P_bus=298.2mW E_total_accum=17.449mWh
14:33:12.152 > [BENCH] IDLE | t_inference_us=0 | heap=37.2kB/282.0kB (min=239.4kB, biggest=108.0kB) | arena=3.4kB | V_bus=5.128V I_bus=58.4mA P_bus=299.7mW E_total_accum=17.617mWh
14:33:14.166 > [BENCH] IDLE | t_inference_us=0 | heap=37.2kB/282.0kB (min=239.4kB, biggest=108.0kB) | arena=3.4kB | V_bus=5.132V I_bus=60.7mA P_bus=311.4mW E_total_accum=17.791mWh
14:33:16.177 > [BENCH] IDLE | t_inference_us=0 | heap=37.2kB/282.0kB (min=239.4kB, biggest=108.0kB) | arena=3.4kB | V_bus=5.128V I_bus=59.9mA P_bus=307.1mW E_total_accum=17.963mWh
14:33:18.199 > [BENCH] IDLE | t_inference_us=0 | heap=37.2kB/282.0kB (min=239.4kB, biggest=108.0kB) | arena=3.4kB | V_bus=5.128V I_bus=59.5mA P_bus=305.0mW E_total_accum=18.134mWh
14:33:20.215 > [BENCH] IDLE | t_inference_us=0 | heap=37.2kB/282.0kB (min=239.4kB, biggest=108.0kB) | arena=3.4kB | V_bus=5.128V I_bus=60.9mA P_bus=312.3mW E_total_accum=18.308mWh
14:33:22.217 > [BENCH] IDLE | t_inference_us=0 | heap=37.2kB/282.0kB (min=239.4kB, biggest=108.0kB) | arena=3.4kB | V_bus=5.128V I_bus=59.9mA P_bus=307.2mW E_total_accum=18.480mWh
14:33:24.246 > [BENCH] IDLE | t_inference_us=0 | heap=37.2kB/282.0kB (min=239.4kB, biggest=108.0kB) | arena=3.4kB | V_bus=5.132V I_bus=59.0mA P_bus=302.6mW E_total_accum=18.649mWh
14:33:26.246 > [BENCH] IDLE | t_inference_us=0 | heap=37.2kB/282.0kB (min=239.4kB, biggest=108.0kB) | arena=3.4kB | V_bus=5.132V I_bus=59.1mA P_bus=303.3mW E_total_accum=18.819mWh
14:33:28.264 > [BENCH] IDLE | t_inference_us=0 | heap=37.2kB/282.0kB (min=239.4kB, biggest=108.0kB) | arena=3.4kB | V_bus=5.112V I_bus=61.8mA P_bus=316.6mW E_total_accum=18.996mWh
14:33:30.263 > [BENCH] IDLE | t_inference_us=0 | heap=37.2kB/282.0kB (min=239.4kB, biggest=108.0kB) | arena=3.4kB | V_bus=5.132V I_bus=62.4mA P_bus=319.8mW E_total_accum=19.174mWh
14:33:32.281 > [BENCH] IDLE | t_inference_us=0 | heap=37.2kB/282.0kB (min=239.4kB, biggest=108.0kB) | arena=3.4kB | V_bus=5.128V I_bus=61.1mA P_bus=313.1mW E_total_accum=19.349mWh
14:33:34.292 > [BENCH] IDLE | t_inference_us=0 | heap=37.2kB/282.0kB (min=239.4kB, biggest=108.0kB) | arena=3.4kB | V_bus=5.128V I_bus=60.0mA P_bus=307.7mW E_total_accum=19.521mWh
14:33:36.317 > [BENCH] IDLE | t_inference_us=0 | heap=37.2kB/282.0kB (min=239.4kB, biggest=108.0kB) | arena=3.4kB | V_bus=5.128V I_bus=59.3mA P_bus=304.1mW E_total_accum=19.692mWh
14:33:38.328 > [BENCH] IDLE | t_inference_us=0 | heap=37.2kB/282.0kB (min=239.4kB, biggest=108.0kB) | arena=3.4kB | V_bus=5.128V I_bus=59.8mA P_bus=306.8mW E_total_accum=19.863mWh
14:33:40.345 > [BENCH] IDLE | t_inference_us=0 | heap=37.2kB/282.0kB (min=239.4kB, biggest=108.0kB) | arena=3.4kB | V_bus=5.132V I_bus=61.8mA P_bus=317.2mW E_total_accum=20.041mWh
14:33:42.352 > [BENCH] IDLE | t_inference_us=0 | heap=37.2kB/282.0kB (min=239.4kB, biggest=108.0kB) | arena=3.4kB | V_bus=5.128V I_bus=60.7mA P_bus=311.3mW E_total_accum=20.215mWh
14:33:44.360 > [BENCH] IDLE | t_inference_us=0 | heap=37.2kB/282.0kB (min=239.4kB, biggest=108.0kB) | arena=3.4kB | V_bus=5.132V I_bus=59.7mA P_bus=306.2mW E_total_accum=20.386mWh
14:33:46.376 > [BENCH] IDLE | t_inference_us=0 | heap=37.2kB/282.0kB (min=239.4kB, biggest=108.0kB) | arena=3.4kB | V_bus=5.132V I_bus=59.5mA P_bus=305.1mW E_total_accum=20.557mWh
14:33:48.393 > [BENCH] IDLE | t_inference_us=0 | heap=37.2kB/282.0kB (min=239.4kB, biggest=108.0kB) | arena=3.4kB | V_bus=5.132V I_bus=60.7mA P_bus=311.3mW E_total_accum=20.731mWh
14:33:50.409 > [BENCH] IDLE | t_inference_us=0 | heap=37.2kB/282.0kB (min=239.4kB, biggest=108.0kB) | arena=3.4kB | V_bus=5.132V I_bus=59.9mA P_bus=307.1mW E_total_accum=20.903mWh
14:33:52.428 > [BENCH] IDLE | t_inference_us=0 | heap=37.2kB/282.0kB (min=239.4kB, biggest=108.0kB) | arena=3.4kB | V_bus=5.132V I_bus=59.1mA P_bus=303.1mW E_total_accum=21.072mWh
14:33:54.441 > [BENCH] IDLE | t_inference_us=0 | heap=37.2kB/282.0kB (min=239.4kB, biggest=108.0kB) | arena=3.4kB | V_bus=5.132V I_bus=58.3mA P_bus=299.1mW E_total_accum=21.240mWh
14:33:56.441 > [BENCH] IDLE | t_inference_us=0 | heap=37.2kB/282.0kB (min=239.4kB, biggest=108.0kB) | arena=3.4kB | V_bus=5.132V I_bus=58.1mA P_bus=298.0mW E_total_accum=21.406mWh
14:33:58.139 > 
14:33:58.139 > [EVENT] type=HOUR  Tin=27.00 Hin=62.70 Tout=34.20 Hout=53.70
14:33:58.139 > [infer] warmup: window 3/24 - (Invoke NOT executed)
14:33:58.195 > [SENSORS] Health IN ok=114 err=0 reinit=0 pwr=0 | OUT ok=114 err=0 reinit=0 pwr=0
14:33:59.643 > [BENCH] IDLE | t_inference_us=0 | heap=37.2kB/282.0kB (min=239.4kB, biggest=108.0kB) | arena=3.4kB | V_bus=5.132V I_bus=60.2mA P_bus=309.0mW E_total_accum=21.683mWh
14:34:01.657 > [BENCH] IDLE | t_inference_us=0 | heap=37.2kB/282.0kB (min=239.4kB, biggest=108.0kB) | arena=3.4kB | V_bus=5.128V I_bus=59.3mA P_bus=304.3mW E_total_accum=21.854mWh
14:34:03.674 > [BENCH] IDLE | t_inference_us=0 | heap=37.2kB/282.0kB (min=239.4kB, biggest=108.0kB) | arena=3.4kB | V_bus=5.132V I_bus=59.2mA P_bus=303.8mW E_total_accum=22.024mWh
14:34:05.691 > [BENCH] IDLE | t_inference_us=0 | heap=37.2kB/282.0kB (min=239.4kB, biggest=108.0kB) | arena=3.4kB | V_bus=5.132V I_bus=60.0mA P_bus=307.8mW E_total_accum=22.196mWh
14:34:07.704 > [BENCH] IDLE | t_inference_us=0 | heap=37.2kB/282.0kB (min=239.4kB, biggest=108.0kB) | arena=3.4kB | V_bus=5.128V I_bus=61.7mA P_bus=316.7mW E_total_accum=22.373mWh
14:34:09.722 > [BENCH] IDLE | t_inference_us=0 | heap=37.2kB/282.0kB (min=239.4kB, biggest=108.0kB) | arena=3.4kB | V_bus=5.128V I_bus=60.5mA P_bus=310.5mW E_total_accum=22.547mWh
14:34:11.722 > [BENCH] IDLE | t_inference_us=0 | heap=37.2kB/282.0kB (min=239.4kB, biggest=108.0kB) | arena=3.4kB | V_bus=5.132V I_bus=59.5mA P_bus=305.4mW E_total_accum=22.718mWh
14:34:13.738 > [BENCH] IDLE | t_inference_us=0 | heap=37.2kB/282.0kB (min=239.4kB, biggest=108.0kB) | arena=3.4kB | V_bus=5.132V I_bus=58.8mA P_bus=301.4mW E_total_accum=22.886mWh
14:34:15.755 > [BENCH] IDLE | t_inference_us=0 | heap=37.2kB/282.0kB (min=239.4kB, biggest=108.0kB) | arena=3.4kB | V_bus=5.132V I_bus=58.0mA P_bus=297.8mW E_total_accum=23.053mWh
14:34:17.768 > [BENCH] IDLE | t_inference_us=0 | heap=37.2kB/282.0kB (min=239.4kB, biggest=108.0kB) | arena=3.4kB | V_bus=5.132V I_bus=57.8mA P_bus=296.4mW E_total_accum=23.219mWh
14:34:19.785 > [BENCH] IDLE | t_inference_us=0 | heap=37.2kB/282.0kB (min=239.4kB, biggest=108.0kB) | arena=3.4kB | V_bus=5.132V I_bus=58.0mA P_bus=297.4mW E_total_accum=23.385mWh
14:34:21.802 > [BENCH] IDLE | t_inference_us=0 | heap=37.2kB/282.0kB (min=239.4kB, biggest=108.0kB) | arena=3.4kB | V_bus=5.132V I_bus=58.5mA P_bus=300.3mW E_total_accum=23.553mWh
14:34:23.806 > [BENCH] IDLE | t_inference_us=0 | heap=37.2kB/282.0kB (min=239.4kB, biggest=108.0kB) | arena=3.4kB | V_bus=5.128V I_bus=59.8mA P_bus=306.9mW E_total_accum=23.725mWh
14:34:25.818 > [BENCH] IDLE | t_inference_us=0 | heap=37.2kB/282.0kB (min=239.4kB, biggest=108.0kB) | arena=3.4kB | V_bus=5.128V I_bus=59.0mA P_bus=302.6mW E_total_accum=23.893mWh
14:34:27.826 > [BENCH] IDLE | t_inference_us=0 | heap=37.2kB/282.0kB (min=239.4kB, biggest=108.0kB) | arena=3.4kB | V_bus=5.132V I_bus=58.8mA P_bus=301.8mW E_total_accum=24.062mWh
14:34:29.847 > [BENCH] IDLE | t_inference_us=0 | heap=37.2kB/282.0kB (min=239.4kB, biggest=108.0kB) | arena=3.4kB | V_bus=5.128V I_bus=59.1mA P_bus=303.1mW E_total_accum=24.231mWh
14:34:31.861 > [BENCH] IDLE | t_inference_us=0 | heap=37.2kB/282.0kB (min=239.4kB, biggest=108.0kB) | arena=3.4kB | V_bus=5.128V I_bus=60.4mA P_bus=309.6mW E_total_accum=24.405mWh
14:34:33.861 > [BENCH] IDLE | t_inference_us=0 | heap=37.2kB/282.0kB (min=239.4kB, biggest=108.0kB) | arena=3.4kB | V_bus=5.128V I_bus=62.1mA P_bus=318.8mW E_total_accum=24.583mWh
14:34:35.889 > [BENCH] IDLE | t_inference_us=0 | heap=37.2kB/282.0kB (min=239.4kB, biggest=108.0kB) | arena=3.4kB | V_bus=5.120V I_bus=60.8mA P_bus=312.0mW E_total_accum=24.757mWh
14:34:37.902 > [BENCH] IDLE | t_inference_us=0 | heap=37.2kB/282.0kB (min=239.4kB, biggest=108.0kB) | arena=3.4kB | V_bus=5.124V I_bus=59.7mA P_bus=306.1mW E_total_accum=24.929mWh
14:34:39.917 > [BENCH] IDLE | t_inference_us=0 | heap=37.2kB/282.0kB (min=239.4kB, biggest=108.0kB) | arena=3.4kB | V_bus=5.128V I_bus=59.3mA P_bus=303.9mW E_total_accum=25.099mWh
14:34:41.930 > [BENCH] IDLE | t_inference_us=0 | heap=37.2kB/282.0kB (min=239.4kB, biggest=108.0kB) | arena=3.4kB | V_bus=5.124V I_bus=59.9mA P_bus=307.2mW E_total_accum=25.270mWh
14:34:43.932 > [BENCH] IDLE | t_inference_us=0 | heap=37.2kB/282.0kB (min=239.4kB, biggest=108.0kB) | arena=3.4kB | V_bus=5.128V I_bus=61.9mA P_bus=317.2mW E_total_accum=25.448mWh
14:34:45.960 > [BENCH] IDLE | t_inference_us=0 | heap=37.2kB/282.0kB (min=239.4kB, biggest=108.0kB) | arena=3.4kB | V_bus=5.124V I_bus=60.6mA P_bus=310.8mW E_total_accum=25.622mWh
14:34:47.965 > [BENCH] IDLE | t_inference_us=0 | heap=37.2kB/282.0kB (min=239.4kB, biggest=108.0kB) | arena=3.4kB | V_bus=5.128V I_bus=59.6mA P_bus=305.6mW E_total_accum=25.793mWh
14:34:49.979 > [BENCH] IDLE | t_inference_us=0 | heap=37.2kB/282.0kB (min=239.4kB, biggest=108.0kB) | arena=3.4kB | V_bus=5.124V I_bus=58.7mA P_bus=300.8mW E_total_accum=25.961mWh
14:34:51.997 > [BENCH] IDLE | t_inference_us=0 | heap=37.2kB/282.0kB (min=239.4kB, biggest=108.0kB) | arena=3.4kB | V_bus=5.128V I_bus=58.2mA P_bus=298.4mW E_total_accum=26.128mWh
14:34:54.013 > [BENCH] IDLE | t_inference_us=0 | heap=37.2kB/282.0kB (min=239.4kB, biggest=108.0kB) | arena=3.4kB | V_bus=5.128V I_bus=58.2mA P_bus=298.2mW E_total_accum=26.295mWh
14:34:56.016 > [BENCH] IDLE | t_inference_us=0 | heap=37.2kB/282.0kB (min=239.4kB, biggest=108.0kB) | arena=3.4kB | V_bus=5.128V I_bus=58.4mA P_bus=299.6mW E_total_accum=26.462mWh
14:34:58.041 > [BENCH] IDLE | t_inference_us=0 | heap=37.2kB/282.0kB (min=239.4kB, biggest=108.0kB) | arena=3.4kB | V_bus=5.128V I_bus=59.0mA P_bus=302.6mW E_total_accum=26.632mWh
14:34:58.123 > 
14:34:58.123 > [EVENT] type=HOUR  Tin=26.10 Hin=63.76 Tout=34.00 Hout=53.60
14:34:58.129 > [infer] warmup: window 4/24 - (Invoke NOT executed)
14:34:58.225 > [SENSORS] Health IN ok=142 err=0 reinit=0 pwr=0 | OUT ok=142 err=0 reinit=0 pwr=0
14:35:00.078 > [BENCH] IDLE | t_inference_us=0 | heap=37.2kB/282.0kB (min=239.4kB, biggest=108.0kB) | arena=3.4kB | V_bus=5.128V I_bus=58.3mA P_bus=298.7mW E_total_accum=26.801mWh
14:35:02.066 > [BENCH] IDLE | t_inference_us=0 | heap=37.2kB/282.0kB (min=239.4kB, biggest=108.0kB) | arena=3.4kB | V_bus=5.124V I_bus=57.8mA P_bus=296.4mW E_total_accum=26.966mWh
14:35:04.080 > [BENCH] IDLE | t_inference_us=0 | heap=37.2kB/282.0kB (min=239.4kB, biggest=108.0kB) | arena=3.4kB | V_bus=5.128V I_bus=57.4mA P_bus=294.3mW E_total_accum=27.130mWh
14:35:06.106 > [BENCH] IDLE | t_inference_us=0 | heap=37.2kB/282.0kB (min=239.4kB, biggest=108.0kB) | arena=3.4kB | V_bus=5.128V I_bus=57.1mA P_bus=292.8mW E_total_accum=27.294mWh
14:35:08.122 > [BENCH] IDLE | t_inference_us=0 | heap=37.2kB/282.0kB (min=239.4kB, biggest=108.0kB) | arena=3.4kB | V_bus=5.132V I_bus=56.9mA P_bus=291.6mW E_total_accum=27.457mWh
14:35:10.127 > [BENCH] IDLE | t_inference_us=0 | heap=37.2kB/282.0kB (min=239.4kB, biggest=108.0kB) | arena=3.4kB | V_bus=5.128V I_bus=56.6mA P_bus=290.2mW E_total_accum=27.620mWh
14:35:12.144 > [BENCH] IDLE | t_inference_us=0 | heap=37.2kB/282.0kB (min=239.4kB, biggest=108.0kB) | arena=3.4kB | V_bus=5.132V I_bus=56.4mA P_bus=289.0mW E_total_accum=27.781mWh
14:35:14.163 > [BENCH] IDLE | t_inference_us=0 | heap=37.2kB/282.0kB (min=239.4kB, biggest=108.0kB) | arena=3.4kB | V_bus=5.128V I_bus=56.2mA P_bus=288.3mW E_total_accum=27.942mWh
14:35:16.176 > [BENCH] IDLE | t_inference_us=0 | heap=37.2kB/282.0kB (min=239.4kB, biggest=108.0kB) | arena=3.4kB | V_bus=5.132V I_bus=56.1mA P_bus=287.9mW E_total_accum=28.104mWh
14:35:18.190 > [BENCH] IDLE | t_inference_us=0 | heap=37.2kB/282.0kB (min=239.4kB, biggest=108.0kB) | arena=3.4kB | V_bus=5.128V I_bus=56.1mA P_bus=287.5mW E_total_accum=28.264mWh
14:35:20.190 > [BENCH] IDLE | t_inference_us=0 | heap=37.2kB/282.0kB (min=239.4kB, biggest=108.0kB) | arena=3.4kB | V_bus=5.128V I_bus=56.0mA P_bus=287.3mW E_total_accum=28.425mWh
14:35:22.207 > [BENCH] IDLE | t_inference_us=0 | heap=37.2kB/282.0kB (min=239.4kB, biggest=108.0kB) | arena=3.4kB | V_bus=5.128V I_bus=55.9mA P_bus=286.9mW E_total_accum=28.586mWh
14:35:24.233 > [BENCH] IDLE | t_inference_us=0 | heap=37.2kB/282.0kB (min=239.4kB, biggest=108.0kB) | arena=3.4kB | V_bus=5.128V I_bus=55.8mA P_bus=286.4mW E_total_accum=28.746mWh
14:35:26.245 > [BENCH] IDLE | t_inference_us=0 | heap=37.2kB/282.0kB (min=239.4kB, biggest=108.0kB) | arena=3.4kB | V_bus=5.128V I_bus=58.5mA P_bus=300.2mW E_total_accum=28.914mWh
14:35:28.255 > [BENCH] IDLE | t_inference_us=0 | heap=37.2kB/282.0kB (min=239.4kB, biggest=108.0kB) | arena=3.4kB | V_bus=5.132V I_bus=60.5mA P_bus=310.5mW E_total_accum=29.087mWh
14:35:30.271 > [BENCH] IDLE | t_inference_us=0 | heap=37.2kB/282.0kB (min=239.4kB, biggest=108.0kB) | arena=3.4kB | V_bus=5.132V I_bus=61.5mA P_bus=315.4mW E_total_accum=29.264mWh
14:35:32.289 > [BENCH] IDLE | t_inference_us=0 | heap=37.2kB/282.0kB (min=239.4kB, biggest=108.0kB) | arena=3.4kB | V_bus=5.132V I_bus=61.5mA P_bus=315.3mW E_total_accum=29.440mWh
14:35:34.301 > [BENCH] IDLE | t_inference_us=0 | heap=37.2kB/282.0kB (min=239.4kB, biggest=108.0kB) | arena=3.4kB | V_bus=5.128V I_bus=60.7mA P_bus=311.4mW E_total_accum=29.615mWh
14:35:36.305 > [BENCH] IDLE | t_inference_us=0 | heap=37.2kB/282.0kB (min=239.4kB, biggest=108.0kB) | arena=3.4kB | V_bus=5.112V I_bus=62.6mA P_bus=321.1mW E_total_accum=29.794mWh
14:35:38.303 > [BENCH] IDLE | t_inference_us=0 | heap=37.2kB/282.0kB (min=239.4kB, biggest=108.0kB) | arena=3.4kB | V_bus=5.132V I_bus=63.9mA P_bus=327.5mW E_total_accum=29.976mWh
14:35:40.319 > [BENCH] IDLE | t_inference_us=0 | heap=37.2kB/282.0kB (min=239.4kB, biggest=108.0kB) | arena=3.4kB | V_bus=5.132V I_bus=64.1mA P_bus=328.5mW E_total_accum=30.160mWh
14:35:42.337 > [BENCH] IDLE | t_inference_us=0 | heap=37.2kB/282.0kB (min=239.4kB, biggest=108.0kB) | arena=3.4kB | V_bus=5.136V I_bus=63.1mA P_bus=323.7mW E_total_accum=30.341mWh
14:35:44.354 > [BENCH] IDLE | t_inference_us=0 | heap=37.2kB/282.0kB (min=239.4kB, biggest=108.0kB) | arena=3.4kB | V_bus=5.132V I_bus=61.8mA P_bus=317.3mW E_total_accum=30.519mWh
14:35:46.372 > [BENCH] IDLE | t_inference_us=0 | heap=37.2kB/282.0kB (min=239.4kB, biggest=108.0kB) | arena=3.4kB | V_bus=5.132V I_bus=60.6mA P_bus=310.8mW E_total_accum=30.693mWh
14:35:48.388 > [BENCH] IDLE | t_inference_us=0 | heap=37.2kB/282.0kB (min=239.4kB, biggest=108.0kB) | arena=3.4kB | V_bus=5.132V I_bus=59.5mA P_bus=305.5mW E_total_accum=30.863mWh
14:35:50.400 > [BENCH] IDLE | t_inference_us=0 | heap=37.2kB/282.0kB (min=239.4kB, biggest=108.0kB) | arena=3.4kB | V_bus=5.132V I_bus=58.7mA P_bus=301.2mW E_total_accum=31.032mWh
14:35:52.403 > [BENCH] IDLE | t_inference_us=0 | heap=37.2kB/282.0kB (min=239.4kB, biggest=108.0kB) | arena=3.4kB | V_bus=5.136V I_bus=60.6mA P_bus=311.1mW E_total_accum=31.206mWh
14:35:54.425 > [BENCH] IDLE | t_inference_us=0 | heap=37.2kB/282.0kB (min=239.4kB, biggest=108.0kB) | arena=3.4kB | V_bus=5.132V I_bus=60.9mA P_bus=312.7mW E_total_accum=31.381mWh
14:35:56.440 > [BENCH] IDLE | t_inference_us=0 | heap=37.2kB/282.0kB (min=239.4kB, biggest=108.0kB) | arena=3.4kB | V_bus=5.132V I_bus=60.3mA P_bus=309.3mW E_total_accum=31.554mWh
14:35:58.135 > 
14:35:58.135 > [EVENT] type=HOUR  Tin=25.60 Hin=63.87 Tout=33.90 Hout=54.10
14:35:58.141 > [infer] warmup: window 5/24 - (Invoke NOT executed)
14:35:58.237 > [SENSORS] Health IN ok=170 err=0 reinit=0 pwr=0 | OUT ok=170 err=0 reinit=0 pwr=0
14:35:59.636 > [BENCH] IDLE | t_inference_us=0 | heap=37.2kB/282.0kB (min=239.4kB, biggest=108.0kB) | arena=3.4kB | V_bus=5.132V I_bus=62.6mA P_bus=321.4mW E_total_accum=31.837mWh
14:36:01.647 > [BENCH] IDLE | t_inference_us=0 | heap=37.2kB/282.0kB (min=239.4kB, biggest=108.0kB) | arena=3.4kB | V_bus=5.132V I_bus=61.8mA P_bus=316.8mW E_total_accum=32.015mWh
14:36:03.666 > [BENCH] IDLE | t_inference_us=0 | heap=37.2kB/282.0kB (min=239.4kB, biggest=108.0kB) | arena=3.4kB | V_bus=5.132V I_bus=60.5mA P_bus=310.2mW E_total_accum=32.188mWh
14:36:05.682 > [BENCH] IDLE | t_inference_us=0 | heap=37.2kB/282.0kB (min=239.4kB, biggest=108.0kB) | arena=3.4kB | V_bus=5.128V I_bus=59.4mA P_bus=304.8mW E_total_accum=32.359mWh
14:36:07.695 > [BENCH] IDLE | t_inference_us=0 | heap=37.2kB/282.0kB (min=239.4kB, biggest=108.0kB) | arena=3.4kB | V_bus=5.128V I_bus=58.7mA P_bus=301.2mW E_total_accum=32.527mWh
14:36:09.701 > [BENCH] IDLE | t_inference_us=0 | heap=37.2kB/282.0kB (min=239.4kB, biggest=108.0kB) | arena=3.4kB | V_bus=5.132V I_bus=60.6mA P_bus=310.8mW E_total_accum=32.701mWh
14:36:11.714 > [BENCH] IDLE | t_inference_us=0 | heap=37.2kB/282.0kB (min=239.4kB, biggest=108.0kB) | arena=3.4kB | V_bus=5.132V I_bus=61.0mA P_bus=313.2mW E_total_accum=32.877mWh
14:36:13.730 > [BENCH] IDLE | t_inference_us=0 | heap=37.2kB/282.0kB (min=239.4kB, biggest=108.0kB) | arena=3.4kB | V_bus=5.136V I_bus=60.3mA P_bus=309.3mW E_total_accum=33.050mWh
14:36:15.753 > [BENCH] IDLE | t_inference_us=0 | heap=37.2kB/282.0kB (min=239.4kB, biggest=108.0kB) | arena=3.4kB | V_bus=5.132V I_bus=59.3mA P_bus=304.1mW E_total_accum=33.220mWh
14:36:17.765 > [BENCH] IDLE | t_inference_us=0 | heap=37.2kB/282.0kB (min=239.4kB, biggest=108.0kB) | arena=3.4kB | V_bus=5.128V I_bus=58.5mA P_bus=300.2mW E_total_accum=33.388mWh
14:36:19.781 > [BENCH] IDLE | t_inference_us=0 | heap=37.2kB/282.0kB (min=239.4kB, biggest=108.0kB) | arena=3.4kB | V_bus=5.132V I_bus=60.5mA P_bus=310.6mW E_total_accum=33.562mWh
14:36:21.795 > [BENCH] IDLE | t_inference_us=0 | heap=37.2kB/282.0kB (min=239.4kB, biggest=108.0kB) | arena=3.4kB | V_bus=5.128V I_bus=60.4mA P_bus=310.1mW E_total_accum=33.735mWh
14:36:23.796 > [BENCH] IDLE | t_inference_us=0 | heap=37.2kB/282.0kB (min=239.4kB, biggest=108.0kB) | arena=3.4kB | V_bus=5.132V I_bus=59.4mA P_bus=305.0mW E_total_accum=33.906mWh
14:36:25.812 > [BENCH] IDLE | t_inference_us=0 | heap=37.2kB/282.0kB (min=239.4kB, biggest=108.0kB) | arena=3.4kB | V_bus=5.132V I_bus=58.7mA P_bus=301.1mW E_total_accum=34.074mWh
14:36:27.829 > [BENCH] IDLE | t_inference_us=0 | heap=37.2kB/282.0kB (min=239.4kB, biggest=108.0kB) | arena=3.4kB | V_bus=5.132V I_bus=58.1mA P_bus=298.3mW E_total_accum=34.241mWh
14:36:29.846 > [BENCH] IDLE | t_inference_us=0 | heap=37.2kB/282.0kB (min=239.4kB, biggest=108.0kB) | arena=3.4kB | V_bus=5.132V I_bus=59.0mA P_bus=303.0mW E_total_accum=34.410mWh
14:36:31.863 > [BENCH] IDLE | t_inference_us=0 | heap=37.2kB/282.0kB (min=239.4kB, biggest=108.0kB) | arena=3.4kB | V_bus=5.128V I_bus=58.5mA P_bus=300.1mW E_total_accum=34.578mWh
14:36:33.859 > [BENCH] IDLE | t_inference_us=0 | heap=37.2kB/282.0kB (min=239.4kB, biggest=108.0kB) | arena=3.4kB | V_bus=5.116V I_bus=58.5mA P_bus=300.0mW E_total_accum=34.746mWh
14:36:35.877 > [BENCH] IDLE | t_inference_us=0 | heap=37.2kB/282.0kB (min=239.4kB, biggest=108.0kB) | arena=3.4kB | V_bus=5.128V I_bus=58.6mA P_bus=300.5mW E_total_accum=34.913mWh
14:36:37.893 > [BENCH] IDLE | t_inference_us=0 | heap=37.2kB/282.0kB (min=239.4kB, biggest=108.0kB) | arena=3.4kB | V_bus=5.132V I_bus=57.8mA P_bus=296.6mW E_total_accum=35.079mWh
14:36:39.894 > [BENCH] IDLE | t_inference_us=0 | heap=37.2kB/282.0kB (min=239.4kB, biggest=108.0kB) | arena=3.4kB | V_bus=5.128V I_bus=57.3mA P_bus=294.0mW E_total_accum=35.244mWh
14:36:41.908 > [BENCH] IDLE | t_inference_us=0 | heap=37.2kB/282.0kB (min=239.4kB, biggest=108.0kB) | arena=3.4kB | V_bus=5.132V I_bus=58.9mA P_bus=302.2mW E_total_accum=35.413mWh
14:36:43.923 > [BENCH] IDLE | t_inference_us=0 | heap=37.2kB/282.0kB (min=239.4kB, biggest=108.0kB) | arena=3.4kB | V_bus=5.132V I_bus=58.7mA P_bus=300.9mW E_total_accum=35.581mWh
14:36:45.941 > [BENCH] IDLE | t_inference_us=0 | heap=37.2kB/282.0kB (min=239.4kB, biggest=108.0kB) | arena=3.4kB | V_bus=5.132V I_bus=57.9mA P_bus=297.3mW E_total_accum=35.747mWh
14:36:47.958 > [BENCH] IDLE | t_inference_us=0 | heap=37.2kB/282.0kB (min=239.4kB, biggest=108.0kB) | arena=3.4kB | V_bus=5.128V I_bus=57.5mA P_bus=294.8mW E_total_accum=35.912mWh
14:36:49.976 > [BENCH] IDLE | t_inference_us=0 | heap=37.2kB/282.0kB (min=239.4kB, biggest=108.0kB) | arena=3.4kB | V_bus=5.132V I_bus=58.7mA P_bus=301.3mW E_total_accum=36.081mWh
14:36:51.989 > [BENCH] IDLE | t_inference_us=0 | heap=37.2kB/282.0kB (min=239.4kB, biggest=108.0kB) | arena=3.4kB | V_bus=5.132V I_bus=58.2mA P_bus=298.4mW E_total_accum=36.248mWh
14:36:54.004 > [BENCH] IDLE | t_inference_us=0 | heap=37.2kB/282.0kB (min=239.4kB, biggest=108.0kB) | arena=3.4kB | V_bus=5.132V I_bus=57.6mA P_bus=295.5mW E_total_accum=36.413mWh
14:36:56.007 > [BENCH] IDLE | t_inference_us=0 | heap=37.2kB/282.0kB (min=239.4kB, biggest=108.0kB) | arena=3.4kB | V_bus=5.132V I_bus=59.7mA P_bus=306.5mW E_total_accum=36.585mWh
14:36:58.023 > [BENCH] IDLE | t_inference_us=0 | heap=37.2kB/282.0kB (min=239.4kB, biggest=108.0kB) | arena=3.4kB | V_bus=5.128V I_bus=59.5mA P_bus=305.1mW E_total_accum=36.755mWh
14:36:58.115 > 
14:36:58.115 > [EVENT] type=HOUR  Tin=25.30 Hin=63.36 Tout=34.00 Hout=54.60
14:36:58.121 > [infer] warmup: window 6/24 - (Invoke NOT executed)
14:36:58.256 > [SENSORS] Health IN ok=198 err=0 reinit=0 pwr=0 | OUT ok=198 err=0 reinit=0 pwr=0
14:37:00.056 > [BENCH] IDLE | t_inference_us=0 | heap=37.2kB/282.0kB (min=239.4kB, biggest=108.0kB) | arena=3.4kB | V_bus=5.132V I_bus=58.0mA P_bus=297.5mW E_total_accum=36.924mWh
14:37:02.068 > [BENCH] IDLE | t_inference_us=0 | heap=37.2kB/282.0kB (min=239.4kB, biggest=108.0kB) | arena=3.4kB | V_bus=5.132V I_bus=58.8mA P_bus=301.5mW E_total_accum=37.092mWh
14:37:04.087 > [BENCH] IDLE | t_inference_us=0 | heap=37.2kB/282.0kB (min=239.4kB, biggest=108.0kB) | arena=3.4kB | V_bus=5.132V I_bus=58.0mA P_bus=297.4mW E_total_accum=37.259mWh
14:37:06.110 > [BENCH] IDLE | t_inference_us=0 | heap=37.2kB/282.0kB (min=239.4kB, biggest=108.0kB) | arena=3.4kB | V_bus=5.128V I_bus=57.5mA P_bus=294.9mW E_total_accum=37.424mWh
14:37:08.121 > [BENCH] IDLE | t_inference_us=0 | heap=37.2kB/282.0kB (min=239.4kB, biggest=108.0kB) | arena=3.4kB | V_bus=5.128V I_bus=59.4mA P_bus=304.9mW E_total_accum=37.594mWh
14:37:10.121 > [BENCH] IDLE | t_inference_us=0 | heap=37.2kB/282.0kB (min=239.4kB, biggest=108.0kB) | arena=3.4kB | V_bus=5.116V I_bus=59.4mA P_bus=304.7mW E_total_accum=37.764mWh
14:37:12.137 > [BENCH] IDLE | t_inference_us=0 | heap=37.2kB/282.0kB (min=239.4kB, biggest=108.0kB) | arena=3.4kB | V_bus=5.132V I_bus=60.7mA P_bus=311.1mW E_total_accum=37.938mWh
14:37:14.146 > [BENCH] IDLE | t_inference_us=0 | heap=37.2kB/282.0kB (min=239.4kB, biggest=108.0kB) | arena=3.4kB | V_bus=5.132V I_bus=59.8mA P_bus=306.8mW E_total_accum=38.109mWh
14:37:16.159 > [BENCH] IDLE | t_inference_us=0 | heap=37.2kB/282.0kB (min=239.4kB, biggest=108.0kB) | arena=3.4kB | V_bus=5.132V I_bus=59.0mA P_bus=302.6mW E_total_accum=38.278mWh
14:37:18.170 > [BENCH] IDLE | t_inference_us=0 | heap=37.2kB/282.0kB (min=239.4kB, biggest=108.0kB) | arena=3.4kB | V_bus=5.128V I_bus=60.6mA P_bus=311.0mW E_total_accum=38.452mWh
14:37:20.190 > [BENCH] IDLE | t_inference_us=0 | heap=37.2kB/282.0kB (min=239.4kB, biggest=108.0kB) | arena=3.4kB | V_bus=5.132V I_bus=60.1mA P_bus=308.1mW E_total_accum=38.625mWh
14:37:22.198 > [BENCH] IDLE | t_inference_us=0 | heap=37.2kB/282.0kB (min=239.4kB, biggest=108.0kB) | arena=3.4kB | V_bus=5.132V I_bus=59.1mA P_bus=303.1mW E_total_accum=38.794mWh
14:37:24.223 > [BENCH] IDLE | t_inference_us=0 | heap=37.2kB/282.0kB (min=239.4kB, biggest=108.0kB) | arena=3.4kB | V_bus=5.136V I_bus=60.9mA P_bus=312.5mW E_total_accum=38.969mWh
14:37:26.236 > [BENCH] IDLE | t_inference_us=0 | heap=37.2kB/282.0kB (min=239.4kB, biggest=108.0kB) | arena=3.4kB | V_bus=5.132V I_bus=60.2mA P_bus=309.0mW E_total_accum=39.142mWh
14:37:28.249 > [BENCH] IDLE | t_inference_us=0 | heap=37.2kB/282.0kB (min=239.4kB, biggest=108.0kB) | arena=3.4kB | V_bus=5.128V I_bus=59.3mA P_bus=304.2mW E_total_accum=39.312mWh
14:37:30.258 > [BENCH] IDLE | t_inference_us=0 | heap=37.2kB/282.0kB (min=239.4kB, biggest=108.0kB) | arena=3.4kB | V_bus=5.128V I_bus=60.9mA P_bus=312.3mW E_total_accum=39.487mWh
14:37:32.278 > [BENCH] IDLE | t_inference_us=0 | heap=37.2kB/282.0kB (min=239.4kB, biggest=108.0kB) | arena=3.4kB | V_bus=5.128V I_bus=60.1mA P_bus=308.2mW E_total_accum=39.659mWh
14:37:34.290 > [BENCH] IDLE | t_inference_us=0 | heap=37.2kB/282.0kB (min=239.4kB, biggest=108.0kB) | arena=3.4kB | V_bus=5.132V I_bus=59.1mA P_bus=303.2mW E_total_accum=39.829mWh
14:37:36.300 > [BENCH] IDLE | t_inference_us=0 | heap=37.2kB/282.0kB (min=239.4kB, biggest=108.0kB) | arena=3.4kB | V_bus=5.132V I_bus=60.6mA P_bus=310.8mW E_total_accum=40.003mWh
14:37:38.321 > [BENCH] IDLE | t_inference_us=0 | heap=37.2kB/282.0kB (min=239.4kB, biggest=108.0kB) | arena=3.4kB | V_bus=5.132V I_bus=59.8mA P_bus=307.0mW E_total_accum=40.175mWh
14:37:40.323 > [BENCH] IDLE | t_inference_us=0 | heap=37.2kB/282.0kB (min=239.4kB, biggest=108.0kB) | arena=3.4kB | V_bus=5.132V I_bus=59.0mA P_bus=302.5mW E_total_accum=40.344mWh
14:37:42.341 > [BENCH] IDLE | t_inference_us=0 | heap=37.2kB/282.0kB (min=239.4kB, biggest=108.0kB) | arena=3.4kB | V_bus=5.132V I_bus=60.2mA P_bus=308.7mW E_total_accum=40.517mWh
14:37:44.361 > [BENCH] IDLE | t_inference_us=0 | heap=37.2kB/282.0kB (min=239.4kB, biggest=108.0kB) | arena=3.4kB | V_bus=5.132V I_bus=59.1mA P_bus=303.3mW E_total_accum=40.686mWh
14:37:46.358 > [BENCH] IDLE | t_inference_us=0 | heap=37.2kB/282.0kB (min=239.4kB, biggest=108.0kB) | arena=3.4kB | V_bus=5.128V I_bus=59.2mA P_bus=303.8mW E_total_accum=40.855mWh
14:37:48.379 > [BENCH] IDLE | t_inference_us=0 | heap=37.2kB/282.0kB (min=239.4kB, biggest=108.0kB) | arena=3.4kB | V_bus=5.132V I_bus=58.3mA P_bus=299.2mW E_total_accum=41.023mWh
14:37:50.390 > [BENCH] IDLE | t_inference_us=0 | heap=37.2kB/282.0kB (min=239.4kB, biggest=108.0kB) | arena=3.4kB | V_bus=5.132V I_bus=60.3mA P_bus=309.5mW E_total_accum=41.196mWh
14:37:52.395 > [BENCH] IDLE | t_inference_us=0 | heap=37.2kB/282.0kB (min=239.4kB, biggest=108.0kB) | arena=3.4kB | V_bus=5.132V I_bus=59.6mA P_bus=306.1mW E_total_accum=41.367mWh
14:37:54.421 > [BENCH] IDLE | t_inference_us=0 | heap=37.2kB/282.0kB (min=239.4kB, biggest=108.0kB) | arena=3.4kB | V_bus=5.132V I_bus=58.8mA P_bus=301.8mW E_total_accum=41.536mWh
14:37:56.429 > [BENCH] IDLE | t_inference_us=0 | heap=37.2kB/282.0kB (min=239.4kB, biggest=108.0kB) | arena=3.4kB | V_bus=5.132V I_bus=59.9mA P_bus=307.6mW E_total_accum=41.708mWh
14:37:58.127 > 
14:37:58.127 > [EVENT] type=HOUR  Tin=25.00 Hin=62.91 Tout=33.70 Hout=55.60
14:37:58.130 > [infer] warmup: window 7/24 - (Invoke NOT executed)
14:37:58.269 > [SENSORS] Health IN ok=226 err=0 reinit=0 pwr=0 | OUT ok=226 err=0 reinit=0 pwr=0
14:37:59.634 > [BENCH] IDLE | t_inference_us=0 | heap=37.2kB/282.0kB (min=239.4kB, biggest=108.0kB) | arena=3.4kB | V_bus=5.132V I_bus=60.3mA P_bus=309.6mW E_total_accum=41.987mWh
14:38:01.655 > [BENCH] IDLE | t_inference_us=0 | heap=37.2kB/282.0kB (min=239.4kB, biggest=108.0kB) | arena=3.4kB | V_bus=5.132V I_bus=60.2mA P_bus=308.6mW E_total_accum=42.159mWh
14:38:03.666 > [BENCH] IDLE | t_inference_us=0 | heap=37.2kB/282.0kB (min=239.4kB, biggest=108.0kB) | arena=3.4kB | V_bus=5.132V I_bus=59.2mA P_bus=303.8mW E_total_accum=42.329mWh
14:38:05.676 > [BENCH] IDLE | t_inference_us=0 | heap=37.2kB/282.0kB (min=239.4kB, biggest=108.0kB) | arena=3.4kB | V_bus=5.132V I_bus=60.7mA P_bus=311.3mW E_total_accum=42.503mWh
14:38:07.676 > [BENCH] IDLE | t_inference_us=0 | heap=37.2kB/282.0kB (min=239.4kB, biggest=108.0kB) | arena=3.4kB | V_bus=5.132V I_bus=59.6mA P_bus=305.7mW E_total_accum=42.673mWh
14:38:09.688 > [BENCH] IDLE | t_inference_us=0 | heap=37.2kB/282.0kB (min=239.4kB, biggest=108.0kB) | arena=3.4kB | V_bus=5.132V I_bus=59.3mA P_bus=304.4mW E_total_accum=42.844mWh
14:38:11.708 > [BENCH] IDLE | t_inference_us=0 | heap=37.2kB/282.0kB (min=239.4kB, biggest=108.0kB) | arena=3.4kB | V_bus=5.132V I_bus=58.6mA P_bus=300.5mW E_total_accum=43.012mWh
14:38:13.725 > [BENCH] IDLE | t_inference_us=0 | heap=37.2kB/282.0kB (min=239.4kB, biggest=108.0kB) | arena=3.4kB | V_bus=5.128V I_bus=59.8mA P_bus=306.6mW E_total_accum=43.183mWh
14:38:15.730 > [BENCH] IDLE | t_inference_us=0 | heap=37.2kB/282.0kB (min=239.4kB, biggest=108.0kB) | arena=3.4kB | V_bus=5.128V I_bus=58.8mA P_bus=301.5mW E_total_accum=43.352mWh
14:38:17.756 > [BENCH] IDLE | t_inference_us=0 | heap=37.2kB/282.0kB (min=239.4kB, biggest=108.0kB) | arena=3.4kB | V_bus=5.136V I_bus=60.8mA P_bus=311.8mW E_total_accum=43.526mWh
14:38:19.762 > [BENCH] IDLE | t_inference_us=0 | heap=37.2kB/282.0kB (min=239.4kB, biggest=108.0kB) | arena=3.4kB | V_bus=5.132V I_bus=59.9mA P_bus=307.5mW E_total_accum=43.698mWh
14:38:21.769 > [BENCH] IDLE | t_inference_us=0 | heap=37.2kB/282.0kB (min=239.4kB, biggest=108.0kB) | arena=3.4kB | V_bus=5.132V I_bus=59.0mA P_bus=303.0mW E_total_accum=43.868mWh
14:38:23.791 > [BENCH] IDLE | t_inference_us=0 | heap=37.2kB/282.0kB (min=239.4kB, biggest=108.0kB) | arena=3.4kB | V_bus=5.132V I_bus=59.3mA P_bus=304.4mW E_total_accum=44.038mWh
14:38:25.803 > [BENCH] IDLE | t_inference_us=0 | heap=37.2kB/282.0kB (min=239.4kB, biggest=108.0kB) | arena=3.4kB | V_bus=5.132V I_bus=58.5mA P_bus=300.2mW E_total_accum=44.206mWh
14:38:27.820 > [BENCH] IDLE | t_inference_us=0 | heap=37.2kB/282.0kB (min=239.4kB, biggest=108.0kB) | arena=3.4kB | V_bus=5.132V I_bus=59.8mA P_bus=306.8mW E_total_accum=44.378mWh
14:38:29.833 > [BENCH] IDLE | t_inference_us=0 | heap=37.2kB/282.0kB (min=239.4kB, biggest=108.0kB) | arena=3.4kB | V_bus=5.132V I_bus=58.8mA P_bus=301.7mW E_total_accum=44.547mWh
14:38:31.850 > [BENCH] IDLE | t_inference_us=0 | heap=37.2kB/282.0kB (min=239.4kB, biggest=108.0kB) | arena=3.4kB | V_bus=5.132V I_bus=61.0mA P_bus=312.8mW E_total_accum=44.722mWh
14:38:33.867 > [BENCH] IDLE | t_inference_us=0 | heap=37.2kB/282.0kB (min=239.4kB, biggest=108.0kB) | arena=3.4kB | V_bus=5.132V I_bus=60.0mA P_bus=308.1mW E_total_accum=44.894mWh
14:38:35.881 > [BENCH] IDLE | t_inference_us=0 | heap=37.2kB/282.0kB (min=239.4kB, biggest=108.0kB) | arena=3.4kB | V_bus=5.132V I_bus=59.2mA P_bus=303.8mW E_total_accum=45.064mWh
14:38:37.894 > [BENCH] IDLE | t_inference_us=0 | heap=37.2kB/282.0kB (min=239.4kB, biggest=108.0kB) | arena=3.4kB | V_bus=5.132V I_bus=59.0mA P_bus=302.6mW E_total_accum=45.233mWh
14:38:39.900 > [BENCH] IDLE | t_inference_us=0 | heap=37.2kB/282.0kB (min=239.4kB, biggest=108.0kB) | arena=3.4kB | V_bus=5.132V I_bus=58.2mA P_bus=298.7mW E_total_accum=45.400mWh
14:38:41.923 > [BENCH] IDLE | t_inference_us=0 | heap=37.2kB/282.0kB (min=239.4kB, biggest=108.0kB) | arena=3.4kB | V_bus=5.116V I_bus=60.8mA P_bus=311.7mW E_total_accum=45.575mWh
14:38:43.924 > [BENCH] IDLE | t_inference_us=0 | heap=37.2kB/282.0kB (min=239.4kB, biggest=108.0kB) | arena=3.4kB | V_bus=5.132V I_bus=62.0mA P_bus=317.9mW E_total_accum=45.751mWh
14:38:45.935 > [BENCH] IDLE | t_inference_us=0 | heap=37.2kB/282.0kB (min=239.4kB, biggest=108.0kB) | arena=3.4kB | V_bus=5.132V I_bus=60.6mA P_bus=310.7mW E_total_accum=45.925mWh
14:38:47.938 > [BENCH] IDLE | t_inference_us=0 | heap=37.2kB/282.0kB (min=239.4kB, biggest=108.0kB) | arena=3.4kB | V_bus=5.136V I_bus=62.4mA P_bus=320.1mW E_total_accum=46.104mWh
14:38:49.956 > [BENCH] IDLE | t_inference_us=0 | heap=37.2kB/282.0kB (min=239.4kB, biggest=108.0kB) | arena=3.4kB | V_bus=5.132V I_bus=61.2mA P_bus=314.0mW E_total_accum=46.280mWh
14:38:51.969 > [BENCH] IDLE | t_inference_us=0 | heap=37.2kB/282.0kB (min=239.4kB, biggest=108.0kB) | arena=3.4kB | V_bus=5.132V I_bus=60.0mA P_bus=307.9mW E_total_accum=46.452mWh
14:38:53.994 > [BENCH] IDLE | t_inference_us=0 | heap=37.2kB/282.0kB (min=239.4kB, biggest=108.0kB) | arena=3.4kB | V_bus=5.132V I_bus=59.5mA P_bus=305.2mW E_total_accum=46.623mWh
14:38:55.999 > [BENCH] IDLE | t_inference_us=0 | heap=37.2kB/282.0kB (min=239.4kB, biggest=108.0kB) | arena=3.4kB | V_bus=5.128V I_bus=58.6mA P_bus=300.9mW E_total_accum=46.791mWh
14:38:58.022 > [BENCH] IDLE | t_inference_us=0 | heap=37.2kB/282.0kB (min=239.4kB, biggest=108.0kB) | arena=3.4kB | V_bus=5.132V I_bus=58.8mA P_bus=301.5mW E_total_accum=46.960mWh
14:38:58.102 > 
14:38:58.103 > [EVENT] type=HOUR  Tin=24.90 Hin=62.19 Tout=33.80 Hout=55.60
14:38:58.108 > [infer] warmup: window 8/24 - (Invoke NOT executed)
14:38:58.285 > [SENSORS] Health IN ok=254 err=0 reinit=0 pwr=0 | OUT ok=254 err=0 reinit=0 pwr=0
14:39:00.048 > [BENCH] IDLE | t_inference_us=0 | heap=37.2kB/282.0kB (min=239.4kB, biggest=108.0kB) | arena=3.4kB | V_bus=5.132V I_bus=57.6mA P_bus=295.6mW E_total_accum=47.127mWh
14:39:02.070 > [BENCH] IDLE | t_inference_us=0 | heap=37.2kB/282.0kB (min=239.4kB, biggest=108.0kB) | arena=3.4kB | V_bus=5.132V I_bus=57.3mA P_bus=294.1mW E_total_accum=47.292mWh
14:39:04.086 > [BENCH] IDLE | t_inference_us=0 | heap=37.2kB/282.0kB (min=239.4kB, biggest=108.0kB) | arena=3.4kB | V_bus=5.128V I_bus=57.0mA P_bus=292.5mW E_total_accum=47.455mWh
14:39:06.100 > [BENCH] IDLE | t_inference_us=0 | heap=37.2kB/282.0kB (min=239.4kB, biggest=108.0kB) | arena=3.4kB | V_bus=5.132V I_bus=56.9mA P_bus=292.0mW E_total_accum=47.619mWh
14:39:08.102 > [BENCH] IDLE | t_inference_us=0 | heap=37.2kB/282.0kB (min=239.4kB, biggest=108.0kB) | arena=3.4kB | V_bus=5.132V I_bus=56.6mA P_bus=290.3mW E_total_accum=47.781mWh
14:39:10.128 > [BENCH] IDLE | t_inference_us=0 | heap=37.2kB/282.0kB (min=239.4kB, biggest=108.0kB) | arena=3.4kB | V_bus=5.132V I_bus=56.7mA P_bus=291.0mW E_total_accum=47.944mWh
14:39:12.130 > [BENCH] IDLE | t_inference_us=0 | heap=37.2kB/282.0kB (min=239.4kB, biggest=108.0kB) | arena=3.4kB | V_bus=5.132V I_bus=56.5mA P_bus=289.8mW E_total_accum=48.106mWh
14:39:14.152 > [BENCH] IDLE | t_inference_us=0 | heap=37.2kB/282.0kB (min=239.4kB, biggest=108.0kB) | arena=3.4kB | V_bus=5.132V I_bus=56.7mA P_bus=290.7mW E_total_accum=48.269mWh
14:39:16.155 > [BENCH] IDLE | t_inference_us=0 | heap=37.2kB/282.0kB (min=239.4kB, biggest=108.0kB) | arena=3.4kB | V_bus=5.132V I_bus=56.3mA P_bus=289.1mW E_total_accum=48.430mWh
14:39:18.169 > [BENCH] IDLE | t_inference_us=0 | heap=37.2kB/282.0kB (min=239.4kB, biggest=108.0kB) | arena=3.4kB | V_bus=5.116V I_bus=60.2mA P_bus=308.5mW E_total_accum=48.603mWh
14:39:20.185 > [BENCH] IDLE | t_inference_us=0 | heap=37.2kB/282.0kB (min=239.4kB, biggest=108.0kB) | arena=3.4kB | V_bus=5.132V I_bus=60.4mA P_bus=309.7mW E_total_accum=48.775mWh
14:39:22.188 > [BENCH] IDLE | t_inference_us=0 | heap=37.2kB/282.0kB (min=239.4kB, biggest=108.0kB) | arena=3.4kB | V_bus=5.128V I_bus=59.4mA P_bus=304.8mW E_total_accum=48.946mWh
14:39:24.206 > [BENCH] IDLE | t_inference_us=0 | heap=37.2kB/282.0kB (min=239.4kB, biggest=108.0kB) | arena=3.4kB | V_bus=5.132V I_bus=59.8mA P_bus=306.5mW E_total_accum=49.117mWh
14:39:26.221 > [BENCH] IDLE | t_inference_us=0 | heap=37.2kB/282.0kB (min=239.4kB, biggest=108.0kB) | arena=3.4kB | V_bus=5.128V I_bus=58.9mA P_bus=301.9mW E_total_accum=49.286mWh
14:39:28.226 > [BENCH] IDLE | t_inference_us=0 | heap=37.2kB/282.0kB (min=239.4kB, biggest=108.0kB) | arena=3.4kB | V_bus=5.132V I_bus=59.1mA P_bus=303.2mW E_total_accum=49.456mWh
14:39:30.242 > [BENCH] IDLE | t_inference_us=0 | heap=37.2kB/282.0kB (min=239.4kB, biggest=108.0kB) | arena=3.4kB | V_bus=5.132V I_bus=58.3mA P_bus=299.2mW E_total_accum=49.623mWh
14:39:32.258 > [BENCH] IDLE | t_inference_us=0 | heap=37.2kB/282.0kB (min=239.4kB, biggest=108.0kB) | arena=3.4kB | V_bus=5.132V I_bus=58.5mA P_bus=300.2mW E_total_accum=49.791mWh
14:39:34.281 > [BENCH] IDLE | t_inference_us=0 | heap=37.2kB/282.0kB (min=239.4kB, biggest=108.0kB) | arena=3.4kB | V_bus=5.128V I_bus=57.9mA P_bus=297.1mW E_total_accum=49.957mWh
14:39:36.296 > [BENCH] IDLE | t_inference_us=0 | heap=37.2kB/282.0kB (min=239.4kB, biggest=108.0kB) | arena=3.4kB | V_bus=5.132V I_bus=58.0mA P_bus=297.7mW E_total_accum=50.124mWh
14:39:38.297 > [BENCH] IDLE | t_inference_us=0 | heap=37.2kB/282.0kB (min=239.4kB, biggest=108.0kB) | arena=3.4kB | V_bus=5.132V I_bus=57.4mA P_bus=294.6mW E_total_accum=50.289mWh
14:39:40.317 > [BENCH] IDLE | t_inference_us=0 | heap=37.2kB/282.0kB (min=239.4kB, biggest=108.0kB) | arena=3.4kB | V_bus=5.132V I_bus=57.3mA P_bus=294.1mW E_total_accum=50.453mWh
14:39:42.330 > [BENCH] IDLE | t_inference_us=0 | heap=37.2kB/282.0kB (min=239.4kB, biggest=108.0kB) | arena=3.4kB | V_bus=5.132V I_bus=57.0mA P_bus=292.3mW E_total_accum=50.617mWh
14:39:44.351 > [BENCH] IDLE | t_inference_us=0 | heap=37.2kB/282.0kB (min=239.4kB, biggest=108.0kB) | arena=3.4kB | V_bus=5.132V I_bus=56.8mA P_bus=291.7mW E_total_accum=50.780mWh
14:39:46.358 > [BENCH] IDLE | t_inference_us=0 | heap=37.2kB/282.0kB (min=239.4kB, biggest=108.0kB) | arena=3.4kB | V_bus=5.132V I_bus=59.3mA P_bus=304.2mW E_total_accum=50.950mWh
14:39:48.365 > [BENCH] IDLE | t_inference_us=0 | heap=37.2kB/282.0kB (min=239.4kB, biggest=108.0kB) | arena=3.4kB | V_bus=5.128V I_bus=58.4mA P_bus=299.4mW E_total_accum=51.118mWh
14:39:50.385 > [BENCH] IDLE | t_inference_us=0 | heap=37.2kB/282.0kB (min=239.4kB, biggest=108.0kB) | arena=3.4kB | V_bus=5.132V I_bus=60.0mA P_bus=307.9mW E_total_accum=51.290mWh
14:39:52.407 > [BENCH] IDLE | t_inference_us=0 | heap=37.2kB/282.0kB (min=239.4kB, biggest=108.0kB) | arena=3.4kB | V_bus=5.132V I_bus=59.0mA P_bus=302.6mW E_total_accum=51.459mWh
14:39:54.411 > [BENCH] IDLE | t_inference_us=0 | heap=37.2kB/282.0kB (min=239.4kB, biggest=108.0kB) | arena=3.4kB | V_bus=5.116V I_bus=61.4mA P_bus=315.0mW E_total_accum=51.635mWh
14:39:56.423 > [BENCH] IDLE | t_inference_us=0 | heap=37.2kB/282.0kB (min=239.4kB, biggest=108.0kB) | arena=3.4kB | V_bus=5.136V I_bus=62.2mA P_bus=318.8mW E_total_accum=51.813mWh
14:39:58.116 > 
14:39:58.116 > [EVENT] type=HOUR  Tin=24.70 Hin=61.32 Tout=34.00 Hout=54.90
14:39:58.122 > [infer] warmup: window 9/24 - (Invoke NOT executed)
14:39:58.297 > [SENSORS] Health IN ok=282 err=0 reinit=0 pwr=0 | OUT ok=282 err=0 reinit=0 pwr=0
14:39:59.631 > [BENCH] IDLE | t_inference_us=0 | heap=37.2kB/282.0kB (min=239.4kB, biggest=108.0kB) | arena=3.4kB | V_bus=5.132V I_bus=63.7mA P_bus=326.9mW E_total_accum=52.102mWh
14:40:01.645 > [BENCH] IDLE | t_inference_us=0 | heap=37.2kB/282.0kB (min=239.4kB, biggest=108.0kB) | arena=3.4kB | V_bus=5.136V I_bus=62.0mA P_bus=318.2mW E_total_accum=52.280mWh
14:40:03.655 > [BENCH] IDLE | t_inference_us=0 | heap=37.2kB/282.0kB (min=239.4kB, biggest=108.0kB) | arena=3.4kB | V_bus=5.132V I_bus=62.2mA P_bus=318.9mW E_total_accum=52.459mWh
14:40:05.669 > [BENCH] IDLE | t_inference_us=0 | heap=37.2kB/282.0kB (min=239.4kB, biggest=108.0kB) | arena=3.4kB | V_bus=5.132V I_bus=60.7mA P_bus=311.6mW E_total_accum=52.633mWh
14:40:07.687 > [BENCH] IDLE | t_inference_us=0 | heap=37.2kB/282.0kB (min=239.4kB, biggest=108.0kB) | arena=3.4kB | V_bus=5.136V I_bus=60.1mA P_bus=308.7mW E_total_accum=52.806mWh
14:40:09.695 > [BENCH] IDLE | t_inference_us=0 | heap=37.2kB/282.0kB (min=239.4kB, biggest=108.0kB) | arena=3.4kB | V_bus=5.132V I_bus=59.2mA P_bus=304.0mW E_total_accum=52.976mWh
14:40:11.705 > [BENCH] IDLE | t_inference_us=0 | heap=37.2kB/282.0kB (min=239.4kB, biggest=108.0kB) | arena=3.4kB | V_bus=5.132V I_bus=58.4mA P_bus=299.9mW E_total_accum=53.144mWh
14:40:13.723 > [BENCH] IDLE | t_inference_us=0 | heap=37.2kB/282.0kB (min=239.4kB, biggest=108.0kB) | arena=3.4kB | V_bus=5.132V I_bus=60.2mA P_bus=309.1mW E_total_accum=53.316mWh
14:40:15.730 > [BENCH] IDLE | t_inference_us=0 | heap=37.2kB/282.0kB (min=239.4kB, biggest=108.0kB) | arena=3.4kB | V_bus=5.120V I_bus=60.2mA P_bus=308.9mW E_total_accum=53.489mWh
14:40:17.739 > [BENCH] IDLE | t_inference_us=0 | heap=37.2kB/282.0kB (min=239.4kB, biggest=108.0kB) | arena=3.4kB | V_bus=5.128V I_bus=59.1mA P_bus=303.1mW E_total_accum=53.658mWh
14:40:19.759 > [BENCH] IDLE | t_inference_us=0 | heap=37.2kB/282.0kB (min=239.4kB, biggest=108.0kB) | arena=3.4kB | V_bus=5.136V I_bus=60.1mA P_bus=308.2mW E_total_accum=53.830mWh
14:40:21.773 > [BENCH] IDLE | t_inference_us=0 | heap=37.2kB/282.0kB (min=239.4kB, biggest=108.0kB) | arena=3.4kB | V_bus=5.132V I_bus=59.1mA P_bus=303.5mW E_total_accum=54.000mWh
14:40:23.787 > [BENCH] IDLE | t_inference_us=0 | heap=37.2kB/282.0kB (min=239.4kB, biggest=108.0kB) | arena=3.4kB | V_bus=5.132V I_bus=59.0mA P_bus=302.6mW E_total_accum=54.169mWh
14:40:25.787 > [BENCH] IDLE | t_inference_us=0 | heap=37.2kB/282.0kB (min=239.4kB, biggest=108.0kB) | arena=3.4kB | V_bus=5.132V I_bus=58.3mA P_bus=299.3mW E_total_accum=54.337mWh
14:40:27.815 > [BENCH] IDLE | t_inference_us=0 | heap=37.2kB/282.0kB (min=239.4kB, biggest=108.0kB) | arena=3.4kB | V_bus=5.132V I_bus=57.6mA P_bus=295.4mW E_total_accum=54.502mWh
14:40:29.828 > [BENCH] IDLE | t_inference_us=0 | heap=37.2kB/282.0kB (min=239.4kB, biggest=108.0kB) | arena=3.4kB | V_bus=5.132V I_bus=59.1mA P_bus=303.1mW E_total_accum=54.672mWh
14:40:31.837 > [BENCH] IDLE | t_inference_us=0 | heap=37.2kB/282.0kB (min=239.4kB, biggest=108.0kB) | arena=3.4kB | V_bus=5.132V I_bus=58.3mA P_bus=299.3mW E_total_accum=54.839mWh
14:40:33.853 > [BENCH] IDLE | t_inference_us=0 | heap=37.2kB/282.0kB (min=239.4kB, biggest=108.0kB) | arena=3.4kB | V_bus=5.132V I_bus=58.4mA P_bus=299.8mW E_total_accum=55.007mWh
14:40:35.867 > [BENCH] IDLE | t_inference_us=0 | heap=37.2kB/282.0kB (min=239.4kB, biggest=108.0kB) | arena=3.4kB | V_bus=5.132V I_bus=57.9mA P_bus=297.0mW E_total_accum=55.173mWh
14:40:37.882 > [BENCH] IDLE | t_inference_us=0 | heap=37.2kB/282.0kB (min=239.4kB, biggest=108.0kB) | arena=3.4kB | V_bus=5.136V I_bus=57.3mA P_bus=294.0mW E_total_accum=55.337mWh
14:40:39.894 > [BENCH] IDLE | t_inference_us=0 | heap=37.2kB/282.0kB (min=239.4kB, biggest=108.0kB) | arena=3.4kB | V_bus=5.132V I_bus=59.1mA P_bus=303.3mW E_total_accum=55.507mWh
14:40:41.910 > [BENCH] IDLE | t_inference_us=0 | heap=37.2kB/282.0kB (min=239.4kB, biggest=108.0kB) | arena=3.4kB | V_bus=5.132V I_bus=58.3mA P_bus=299.3mW E_total_accum=55.675mWh
14:40:43.921 > [BENCH] IDLE | t_inference_us=0 | heap=37.2kB/282.0kB (min=239.4kB, biggest=108.0kB) | arena=3.4kB | V_bus=5.132V I_bus=58.4mA P_bus=299.9mW E_total_accum=55.842mWh
14:40:45.933 > [BENCH] IDLE | t_inference_us=0 | heap=37.2kB/282.0kB (min=239.4kB, biggest=108.0kB) | arena=3.4kB | V_bus=5.132V I_bus=57.8mA P_bus=296.8mW E_total_accum=56.008mWh
14:40:47.952 > [BENCH] IDLE | t_inference_us=0 | heap=37.2kB/282.0kB (min=239.4kB, biggest=108.0kB) | arena=3.4kB | V_bus=5.132V I_bus=57.3mA P_bus=293.9mW E_total_accum=56.173mWh
14:40:49.962 > [BENCH] IDLE | t_inference_us=0 | heap=37.2kB/282.0kB (min=239.4kB, biggest=108.0kB) | arena=3.4kB | V_bus=5.132V I_bus=58.7mA P_bus=301.4mW E_total_accum=56.341mWh
14:40:51.970 > [BENCH] IDLE | t_inference_us=0 | heap=37.2kB/282.0kB (min=239.4kB, biggest=108.0kB) | arena=3.4kB | V_bus=5.132V I_bus=59.9mA P_bus=307.3mW E_total_accum=56.512mWh
14:40:53.978 > [BENCH] IDLE | t_inference_us=0 | heap=37.2kB/282.0kB (min=239.4kB, biggest=108.0kB) | arena=3.4kB | V_bus=5.132V I_bus=58.9mA P_bus=302.3mW E_total_accum=56.681mWh
14:40:55.987 > [BENCH] IDLE | t_inference_us=0 | heap=37.2kB/282.0kB (min=239.4kB, biggest=108.0kB) | arena=3.4kB | V_bus=5.132V I_bus=58.4mA P_bus=299.7mW E_total_accum=56.849mWh
14:40:58.011 > [BENCH] IDLE | t_inference_us=0 | heap=37.2kB/282.0kB (min=239.4kB, biggest=108.0kB) | arena=3.4kB | V_bus=5.132V I_bus=60.2mA P_bus=309.2mW E_total_accum=57.022mWh
14:40:58.091 > 
14:40:58.091 > [EVENT] type=HOUR  Tin=24.60 Hin=60.70 Tout=34.00 Hout=55.20
14:40:58.097 > [infer] warmup: window 10/24 - (Invoke NOT executed)
14:40:58.312 > [SENSORS] Health IN ok=310 err=0 reinit=0 pwr=0 | OUT ok=310 err=0 reinit=0 pwr=0
14:41:00.042 > [BENCH] IDLE | t_inference_us=0 | heap=37.2kB/282.0kB (min=239.4kB, biggest=108.0kB) | arena=3.4kB | V_bus=5.132V I_bus=59.2mA P_bus=303.9mW E_total_accum=57.194mWh
14:41:02.059 > [BENCH] IDLE | t_inference_us=0 | heap=37.2kB/282.0kB (min=239.4kB, biggest=108.0kB) | arena=3.4kB | V_bus=5.132V I_bus=58.3mA P_bus=299.4mW E_total_accum=57.361mWh
14:41:04.066 > [BENCH] IDLE | t_inference_us=0 | heap=37.2kB/282.0kB (min=239.4kB, biggest=108.0kB) | arena=3.4kB | V_bus=5.132V I_bus=59.1mA P_bus=303.6mW E_total_accum=57.531mWh
14:41:06.088 > [BENCH] IDLE | t_inference_us=0 | heap=37.2kB/282.0kB (min=239.4kB, biggest=108.0kB) | arena=3.4kB | V_bus=5.132V I_bus=58.4mA P_bus=299.7mW E_total_accum=57.699mWh
14:41:08.095 > [BENCH] IDLE | t_inference_us=0 | heap=37.2kB/282.0kB (min=239.4kB, biggest=108.0kB) | arena=3.4kB | V_bus=5.132V I_bus=57.7mA P_bus=296.2mW E_total_accum=57.865mWh
14:41:10.101 > [BENCH] IDLE | t_inference_us=0 | heap=37.2kB/282.0kB (min=239.4kB, biggest=108.0kB) | arena=3.4kB | V_bus=5.132V I_bus=59.1mA P_bus=303.4mW E_total_accum=58.034mWh
14:41:12.127 > [BENCH] IDLE | t_inference_us=0 | heap=37.2kB/282.0kB (min=239.4kB, biggest=108.0kB) | arena=3.4kB | V_bus=5.128V I_bus=58.4mA P_bus=299.5mW E_total_accum=58.202mWh
14:41:14.144 > [BENCH] IDLE | t_inference_us=0 | heap=37.2kB/282.0kB (min=239.4kB, biggest=108.0kB) | arena=3.4kB | V_bus=5.136V I_bus=58.1mA P_bus=298.3mW E_total_accum=58.369mWh
14:41:16.147 > [BENCH] IDLE | t_inference_us=0 | heap=37.2kB/282.0kB (min=239.4kB, biggest=108.0kB) | arena=3.4kB | V_bus=5.132V I_bus=60.2mA P_bus=308.7mW E_total_accum=58.542mWh
14:41:18.172 > [BENCH] IDLE | t_inference_us=0 | heap=37.2kB/282.0kB (min=239.4kB, biggest=108.0kB) | arena=3.4kB | V_bus=5.132V I_bus=59.1mA P_bus=303.3mW E_total_accum=58.711mWh
14:41:20.184 > [BENCH] IDLE | t_inference_us=0 | heap=37.2kB/282.0kB (min=239.4kB, biggest=108.0kB) | arena=3.4kB | V_bus=5.132V I_bus=59.0mA P_bus=302.7mW E_total_accum=58.881mWh
14:41:22.188 > [BENCH] IDLE | t_inference_us=0 | heap=37.2kB/282.0kB (min=239.4kB, biggest=108.0kB) | arena=3.4kB | V_bus=5.132V I_bus=61.0mA P_bus=313.2mW E_total_accum=59.056mWh
14:41:24.202 > [BENCH] IDLE | t_inference_us=0 | heap=37.2kB/282.0kB (min=239.4kB, biggest=108.0kB) | arena=3.4kB | V_bus=5.132V I_bus=59.7mA P_bus=306.5mW E_total_accum=59.227mWh
14:41:26.226 > [BENCH] IDLE | t_inference_us=0 | heap=37.2kB/282.0kB (min=239.4kB, biggest=108.0kB) | arena=3.4kB | V_bus=5.132V I_bus=59.6mA P_bus=305.8mW E_total_accum=59.398mWh
14:41:28.223 > [BENCH] IDLE | t_inference_us=0 | heap=37.2kB/282.0kB (min=239.4kB, biggest=108.0kB) | arena=3.4kB | V_bus=5.132V I_bus=59.2mA P_bus=304.0mW E_total_accum=59.567mWh
14:41:30.237 > [BENCH] IDLE | t_inference_us=0 | heap=37.2kB/282.0kB (min=239.4kB, biggest=108.0kB) | arena=3.4kB | V_bus=5.136V I_bus=61.2mA P_bus=313.9mW E_total_accum=59.743mWh
14:41:32.248 > [BENCH] IDLE | t_inference_us=0 | heap=37.2kB/282.0kB (min=239.4kB, biggest=108.0kB) | arena=3.4kB | V_bus=5.132V I_bus=59.9mA P_bus=307.5mW E_total_accum=59.915mWh
14:41:34.264 > [BENCH] IDLE | t_inference_us=0 | heap=37.2kB/282.0kB (min=239.4kB, biggest=108.0kB) | arena=3.4kB | V_bus=5.132V I_bus=59.6mA P_bus=305.9mW E_total_accum=60.086mWh
14:41:36.280 > [BENCH] IDLE | t_inference_us=0 | heap=37.2kB/282.0kB (min=239.4kB, biggest=108.0kB) | arena=3.4kB | V_bus=5.132V I_bus=58.7mA P_bus=301.3mW E_total_accum=60.255mWh
14:41:38.289 > [BENCH] IDLE | t_inference_us=0 | heap=37.2kB/282.0kB (min=239.4kB, biggest=108.0kB) | arena=3.4kB | V_bus=5.136V I_bus=57.9mA P_bus=297.3mW E_total_accum=60.421mWh
14:41:40.304 > [BENCH] IDLE | t_inference_us=0 | heap=37.2kB/282.0kB (min=239.4kB, biggest=108.0kB) | arena=3.4kB | V_bus=5.132V I_bus=58.2mA P_bus=298.5mW E_total_accum=60.588mWh
14:41:42.313 > [BENCH] IDLE | t_inference_us=0 | heap=37.2kB/282.0kB (min=239.4kB, biggest=108.0kB) | arena=3.4kB | V_bus=5.132V I_bus=60.3mA P_bus=309.6mW E_total_accum=60.761mWh
14:41:44.326 > [BENCH] IDLE | t_inference_us=0 | heap=37.2kB/282.0kB (min=239.4kB, biggest=108.0kB) | arena=3.4kB | V_bus=5.136V I_bus=59.1mA P_bus=303.6mW E_total_accum=60.931mWh
14:41:46.352 > [BENCH] IDLE | t_inference_us=0 | heap=37.2kB/282.0kB (min=239.4kB, biggest=108.0kB) | arena=3.4kB | V_bus=5.136V I_bus=59.1mA P_bus=303.2mW E_total_accum=61.101mWh
14:41:48.360 > [BENCH] IDLE | t_inference_us=0 | heap=37.2kB/282.0kB (min=239.4kB, biggest=108.0kB) | arena=3.4kB | V_bus=5.132V I_bus=58.3mA P_bus=299.4mW E_total_accum=61.268mWh
14:41:50.381 > [BENCH] IDLE | t_inference_us=0 | heap=37.2kB/282.0kB (min=239.4kB, biggest=108.0kB) | arena=3.4kB | V_bus=5.136V I_bus=57.6mA P_bus=295.7mW E_total_accum=61.434mWh
14:41:52.391 > [BENCH] IDLE | t_inference_us=0 | heap=37.2kB/282.0kB (min=239.4kB, biggest=108.0kB) | arena=3.4kB | V_bus=5.132V I_bus=57.8mA P_bus=296.5mW E_total_accum=61.599mWh
14:41:54.406 > [BENCH] IDLE | t_inference_us=0 | heap=37.2kB/282.0kB (min=239.4kB, biggest=108.0kB) | arena=3.4kB | V_bus=5.132V I_bus=59.9mA P_bus=307.7mW E_total_accum=61.772mWh
14:41:56.418 > [BENCH] IDLE | t_inference_us=0 | heap=37.2kB/282.0kB (min=239.4kB, biggest=108.0kB) | arena=3.4kB | V_bus=5.132V I_bus=58.9mA P_bus=302.5mW E_total_accum=61.941mWh
14:41:58.098 > 
14:41:58.098 > [EVENT] type=HOUR  Tin=24.50 Hin=60.30 Tout=34.20 Hout=54.10
14:41:58.098 > [infer] warmup: window 11/24 - (Invoke NOT executed)
14:41:58.336 > [SENSORS] Health IN ok=339 err=0 reinit=0 pwr=0 | OUT ok=339 err=0 reinit=0 pwr=0
14:41:59.620 > [BENCH] IDLE | t_inference_us=0 | heap=37.2kB/282.0kB (min=239.4kB, biggest=108.0kB) | arena=3.4kB | V_bus=5.136V I_bus=60.9mA P_bus=312.6mW E_total_accum=62.218mWh
14:42:01.634 > [BENCH] IDLE | t_inference_us=0 | heap=37.2kB/282.0kB (min=239.4kB, biggest=108.0kB) | arena=3.4kB | V_bus=5.136V I_bus=59.7mA P_bus=306.6mW E_total_accum=62.389mWh
14:42:03.645 > [BENCH] IDLE | t_inference_us=0 | heap=37.2kB/282.0kB (min=239.4kB, biggest=108.0kB) | arena=3.4kB | V_bus=5.132V I_bus=58.7mA P_bus=301.2mW E_total_accum=62.558mWh
14:42:05.652 > [BENCH] IDLE | t_inference_us=0 | heap=37.2kB/282.0kB (min=239.4kB, biggest=108.0kB) | arena=3.4kB | V_bus=5.136V I_bus=58.6mA P_bus=300.8mW E_total_accum=62.726mWh
14:42:07.661 > [BENCH] IDLE | t_inference_us=0 | heap=37.2kB/282.0kB (min=239.4kB, biggest=108.0kB) | arena=3.4kB | V_bus=5.136V I_bus=60.6mA P_bus=311.0mW E_total_accum=62.900mWh
14:42:09.681 > [BENCH] IDLE | t_inference_us=0 | heap=37.2kB/282.0kB (min=239.4kB, biggest=108.0kB) | arena=3.4kB | V_bus=5.136V I_bus=59.5mA P_bus=305.5mW E_total_accum=63.071mWh
14:42:11.703 > [BENCH] IDLE | t_inference_us=0 | heap=37.2kB/282.0kB (min=239.4kB, biggest=108.0kB) | arena=3.4kB | V_bus=5.136V I_bus=58.9mA P_bus=302.2mW E_total_accum=63.240mWh
14:42:13.705 > [BENCH] IDLE | t_inference_us=0 | heap=37.2kB/282.0kB (min=239.4kB, biggest=108.0kB) | arena=3.4kB | V_bus=5.132V I_bus=60.0mA P_bus=308.3mW E_total_accum=63.413mWh
14:42:15.719 > [BENCH] IDLE | t_inference_us=0 | heap=37.2kB/282.0kB (min=239.4kB, biggest=108.0kB) | arena=3.4kB | V_bus=5.128V I_bus=59.1mA P_bus=303.3mW E_total_accum=63.582mWh
14:42:17.743 > [BENCH] IDLE | t_inference_us=0 | heap=37.2kB/282.0kB (min=239.4kB, biggest=108.0kB) | arena=3.4kB | V_bus=5.132V I_bus=58.3mA P_bus=299.1mW E_total_accum=63.750mWh
14:42:19.753 > [BENCH] IDLE | t_inference_us=0 | heap=37.2kB/282.0kB (min=239.4kB, biggest=108.0kB) | arena=3.4kB | V_bus=5.132V I_bus=59.2mA P_bus=304.1mW E_total_accum=63.920mWh
14:42:21.773 > [BENCH] IDLE | t_inference_us=0 | heap=37.2kB/282.0kB (min=239.4kB, biggest=108.0kB) | arena=3.4kB | V_bus=5.128V I_bus=58.4mA P_bus=299.8mW E_total_accum=64.087mWh
14:42:23.786 > [BENCH] IDLE | t_inference_us=0 | heap=37.2kB/282.0kB (min=239.4kB, biggest=108.0kB) | arena=3.4kB | V_bus=5.116V I_bus=58.4mA P_bus=299.6mW E_total_accum=64.255mWh
14:42:25.787 > [BENCH] IDLE | t_inference_us=0 | heap=37.2kB/282.0kB (min=239.4kB, biggest=108.0kB) | arena=3.4kB | V_bus=5.136V I_bus=57.8mA P_bus=296.4mW E_total_accum=64.420mWh
14:42:27.792 > [BENCH] IDLE | t_inference_us=0 | heap=37.2kB/282.0kB (min=239.4kB, biggest=108.0kB) | arena=3.4kB | V_bus=5.132V I_bus=57.6mA P_bus=295.3mW E_total_accum=64.585mWh
14:42:29.811 > [BENCH] IDLE | t_inference_us=0 | heap=37.2kB/282.0kB (min=239.4kB, biggest=108.0kB) | arena=3.4kB | V_bus=5.132V I_bus=59.0mA P_bus=302.6mW E_total_accum=64.754mWh
14:42:31.824 > [BENCH] IDLE | t_inference_us=0 | heap=37.2kB/282.0kB (min=239.4kB, biggest=108.0kB) | arena=3.4kB | V_bus=5.132V I_bus=58.2mA P_bus=298.7mW E_total_accum=64.921mWh
14:42:33.835 > [BENCH] IDLE | t_inference_us=0 | heap=37.2kB/282.0kB (min=239.4kB, biggest=108.0kB) | arena=3.4kB | V_bus=5.132V I_bus=57.5mA P_bus=295.3mW E_total_accum=65.087mWh
14:42:35.854 > [BENCH] IDLE | t_inference_us=0 | heap=37.2kB/282.0kB (min=239.4kB, biggest=108.0kB) | arena=3.4kB | V_bus=5.132V I_bus=58.4mA P_bus=299.8mW E_total_accum=65.254mWh
14:42:37.871 > [BENCH] IDLE | t_inference_us=0 | heap=37.2kB/282.0kB (min=239.4kB, biggest=108.0kB) | arena=3.4kB | V_bus=5.132V I_bus=57.7mA P_bus=296.2mW E_total_accum=65.420mWh
14:42:39.883 > [BENCH] IDLE | t_inference_us=0 | heap=37.2kB/282.0kB (min=239.4kB, biggest=108.0kB) | arena=3.4kB | V_bus=5.132V I_bus=57.1mA P_bus=293.1mW E_total_accum=65.584mWh
14:42:41.894 > [BENCH] IDLE | t_inference_us=0 | heap=37.2kB/282.0kB (min=239.4kB, biggest=108.0kB) | arena=3.4kB | V_bus=5.132V I_bus=57.2mA P_bus=293.7mW E_total_accum=65.748mWh
14:42:43.903 > [BENCH] IDLE | t_inference_us=0 | heap=37.2kB/282.0kB (min=239.4kB, biggest=108.0kB) | arena=3.4kB | V_bus=5.132V I_bus=59.2mA P_bus=304.0mW E_total_accum=65.918mWh
14:42:45.925 > [BENCH] IDLE | t_inference_us=0 | heap=37.2kB/282.0kB (min=239.4kB, biggest=108.0kB) | arena=3.4kB | V_bus=5.132V I_bus=58.4mA P_bus=299.7mW E_total_accum=66.086mWh
14:42:47.932 > [BENCH] IDLE | t_inference_us=0 | heap=37.2kB/282.0kB (min=239.4kB, biggest=108.0kB) | arena=3.4kB | V_bus=5.132V I_bus=57.6mA P_bus=295.8mW E_total_accum=66.251mWh
14:42:49.954 > [BENCH] IDLE | t_inference_us=0 | heap=37.2kB/282.0kB (min=239.4kB, biggest=108.0kB) | arena=3.4kB | V_bus=5.132V I_bus=58.2mA P_bus=298.5mW E_total_accum=66.418mWh
14:42:51.969 > [BENCH] IDLE | t_inference_us=0 | heap=37.2kB/282.0kB (min=239.4kB, biggest=108.0kB) | arena=3.4kB | V_bus=5.132V I_bus=57.7mA P_bus=296.0mW E_total_accum=66.584mWh
14:42:53.974 > [BENCH] IDLE | t_inference_us=0 | heap=37.2kB/282.0kB (min=239.4kB, biggest=108.0kB) | arena=3.4kB | V_bus=5.136V I_bus=57.1mA P_bus=293.3mW E_total_accum=66.748mWh
14:42:55.992 > [BENCH] IDLE | t_inference_us=0 | heap=37.2kB/282.0kB (min=239.4kB, biggest=108.0kB) | arena=3.4kB | V_bus=5.132V I_bus=57.0mA P_bus=292.4mW E_total_accum=66.912mWh
14:42:58.011 > [BENCH] IDLE | t_inference_us=0 | heap=37.2kB/282.0kB (min=239.4kB, biggest=108.0kB) | arena=3.4kB | V_bus=5.132V I_bus=58.5mA P_bus=300.0mW E_total_accum=67.080mWh
14:42:58.091 > 
14:42:58.092 > [EVENT] type=HOUR  Tin=24.40 Hin=59.80 Tout=33.90 Hout=55.90
14:42:58.096 > [infer] warmup: window 12/24 - (Invoke NOT executed)
14:42:58.352 > [SENSORS] Health IN ok=367 err=0 reinit=0 pwr=0 | OUT ok=367 err=0 reinit=0 pwr=0
14:43:00.046 > [BENCH] IDLE | t_inference_us=0 | heap=37.2kB/282.0kB (min=239.4kB, biggest=108.0kB) | arena=3.4kB | V_bus=5.116V I_bus=61.1mA P_bus=313.3mW E_total_accum=67.256mWh
14:43:02.044 > [BENCH] IDLE | t_inference_us=0 | heap=37.2kB/282.0kB (min=239.4kB, biggest=108.0kB) | arena=3.4kB | V_bus=5.132V I_bus=60.5mA P_bus=310.6mW E_total_accum=67.429mWh
14:43:04.058 > [BENCH] IDLE | t_inference_us=0 | heap=37.2kB/282.0kB (min=239.4kB, biggest=108.0kB) | arena=3.4kB | V_bus=5.132V I_bus=62.0mA P_bus=318.0mW E_total_accum=67.607mWh
14:43:06.074 > [BENCH] IDLE | t_inference_us=0 | heap=37.2kB/282.0kB (min=239.4kB, biggest=108.0kB) | arena=3.4kB | V_bus=5.128V I_bus=60.6mA P_bus=310.7mW E_total_accum=67.781mWh
14:43:08.089 > [BENCH] IDLE | t_inference_us=0 | heap=37.2kB/282.0kB (min=239.4kB, biggest=108.0kB) | arena=3.4kB | V_bus=5.132V I_bus=59.3mA P_bus=304.4mW E_total_accum=67.951mWh
14:43:10.100 > [BENCH] IDLE | t_inference_us=0 | heap=37.2kB/282.0kB (min=239.4kB, biggest=108.0kB) | arena=3.4kB | V_bus=5.132V I_bus=59.6mA P_bus=305.5mW E_total_accum=68.122mWh
14:43:12.117 > [BENCH] IDLE | t_inference_us=0 | heap=37.2kB/282.0kB (min=239.4kB, biggest=108.0kB) | arena=3.4kB | V_bus=5.132V I_bus=61.5mA P_bus=315.5mW E_total_accum=68.299mWh
14:43:14.130 > [BENCH] IDLE | t_inference_us=0 | heap=37.2kB/282.0kB (min=239.4kB, biggest=108.0kB) | arena=3.4kB | V_bus=5.136V I_bus=60.2mA P_bus=308.9mW E_total_accum=68.471mWh
14:43:16.129 > [BENCH] IDLE | t_inference_us=0 | heap=37.2kB/282.0kB (min=239.4kB, biggest=108.0kB) | arena=3.4kB | V_bus=5.136V I_bus=59.3mA P_bus=304.2mW E_total_accum=68.642mWh
14:43:18.158 > [BENCH] IDLE | t_inference_us=0 | heap=37.2kB/282.0kB (min=239.4kB, biggest=108.0kB) | arena=3.4kB | V_bus=5.132V I_bus=59.9mA P_bus=307.4mW E_total_accum=68.814mWh
14:43:20.173 > [BENCH] IDLE | t_inference_us=0 | heap=37.2kB/282.0kB (min=239.4kB, biggest=108.0kB) | arena=3.4kB | V_bus=5.132V I_bus=59.0mA P_bus=302.7mW E_total_accum=68.983mWh
14:43:22.181 > [BENCH] IDLE | t_inference_us=0 | heap=37.2kB/282.0kB (min=239.4kB, biggest=108.0kB) | arena=3.4kB | V_bus=5.136V I_bus=58.2mA P_bus=298.6mW E_total_accum=69.150mWh
14:43:24.187 > [BENCH] IDLE | t_inference_us=0 | heap=37.2kB/282.0kB (min=239.4kB, biggest=108.0kB) | arena=3.4kB | V_bus=5.136V I_bus=57.7mA P_bus=296.4mW E_total_accum=69.316mWh
14:43:26.209 > [BENCH] IDLE | t_inference_us=0 | heap=37.2kB/282.0kB (min=239.4kB, biggest=108.0kB) | arena=3.4kB | V_bus=5.136V I_bus=58.7mA P_bus=301.5mW E_total_accum=69.484mWh
14:43:28.229 > [BENCH] IDLE | t_inference_us=0 | heap=37.2kB/282.0kB (min=239.4kB, biggest=108.0kB) | arena=3.4kB | V_bus=5.132V I_bus=58.1mA P_bus=298.0mW E_total_accum=69.651mWh
14:43:30.231 > [BENCH] IDLE | t_inference_us=0 | heap=37.2kB/282.0kB (min=239.4kB, biggest=108.0kB) | arena=3.4kB | V_bus=5.136V I_bus=57.5mA P_bus=295.2mW E_total_accum=69.816mWh
14:43:32.256 > [BENCH] IDLE | t_inference_us=0 | heap=37.2kB/282.0kB (min=239.4kB, biggest=108.0kB) | arena=3.4kB | V_bus=5.136V I_bus=57.0mA P_bus=292.7mW E_total_accum=69.980mWh
14:43:34.270 > [BENCH] IDLE | t_inference_us=0 | heap=37.2kB/282.0kB (min=239.4kB, biggest=108.0kB) | arena=3.4kB | V_bus=5.136V I_bus=57.5mA P_bus=295.1mW E_total_accum=70.145mWh
14:43:36.278 > [BENCH] IDLE | t_inference_us=0 | heap=37.2kB/282.0kB (min=239.4kB, biggest=108.0kB) | arena=3.4kB | V_bus=5.116V I_bus=60.1mA P_bus=308.6mW E_total_accum=70.317mWh
14:43:38.285 > [BENCH] IDLE | t_inference_us=0 | heap=37.2kB/282.0kB (min=239.4kB, biggest=108.0kB) | arena=3.4kB | V_bus=5.136V I_bus=60.6mA P_bus=311.1mW E_total_accum=70.491mWh
14:43:40.295 > [BENCH] IDLE | t_inference_us=0 | heap=37.2kB/282.0kB (min=239.4kB, biggest=108.0kB) | arena=3.4kB | V_bus=5.132V I_bus=59.6mA P_bus=305.7mW E_total_accum=70.662mWh
14:43:42.314 > [BENCH] IDLE | t_inference_us=0 | heap=37.2kB/282.0kB (min=239.4kB, biggest=108.0kB) | arena=3.4kB | V_bus=5.132V I_bus=58.7mA P_bus=301.4mW E_total_accum=70.830mWh
14:43:44.319 > [BENCH] IDLE | t_inference_us=0 | heap=37.2kB/282.0kB (min=239.4kB, biggest=108.0kB) | arena=3.4kB | V_bus=5.136V I_bus=58.0mA P_bus=297.4mW E_total_accum=70.997mWh
14:43:46.330 > [BENCH] IDLE | t_inference_us=0 | heap=37.2kB/282.0kB (min=239.4kB, biggest=108.0kB) | arena=3.4kB | V_bus=5.132V I_bus=58.2mA P_bus=298.5mW E_total_accum=71.164mWh
14:43:48.355 > [BENCH] IDLE | t_inference_us=0 | heap=37.2kB/282.0kB (min=239.4kB, biggest=108.0kB) | arena=3.4kB | V_bus=5.132V I_bus=60.1mA P_bus=308.3mW E_total_accum=71.336mWh
14:43:50.368 > [BENCH] IDLE | t_inference_us=0 | heap=37.2kB/282.0kB (min=239.4kB, biggest=108.0kB) | arena=3.4kB | V_bus=5.132V I_bus=59.1mA P_bus=303.4mW E_total_accum=71.506mWh
14:43:52.378 > [BENCH] IDLE | t_inference_us=0 | heap=37.2kB/282.0kB (min=239.4kB, biggest=108.0kB) | arena=3.4kB | V_bus=5.132V I_bus=58.2mA P_bus=298.9mW E_total_accum=71.673mWh
14:43:54.396 > [BENCH] IDLE | t_inference_us=0 | heap=37.2kB/282.0kB (min=239.4kB, biggest=108.0kB) | arena=3.4kB | V_bus=5.132V I_bus=58.1mA P_bus=298.4mW E_total_accum=71.840mWh
14:43:56.403 > [BENCH] IDLE | t_inference_us=0 | heap=37.2kB/282.0kB (min=239.4kB, biggest=108.0kB) | arena=3.4kB | V_bus=5.132V I_bus=59.4mA P_bus=304.8mW E_total_accum=72.011mWh
14:43:58.100 > 
14:43:58.100 > [EVENT] type=HOUR  Tin=24.20 Hin=59.23 Tout=34.00 Hout=55.40
14:43:58.100 > [infer] warmup: window 13/24 - (Invoke NOT executed)
14:43:58.365 > [SENSORS] Health IN ok=395 err=0 reinit=0 pwr=0 | OUT ok=395 err=0 reinit=0 pwr=0
14:43:59.602 > [BENCH] IDLE | t_inference_us=0 | heap=37.2kB/282.0kB (min=239.4kB, biggest=108.0kB) | arena=3.4kB | V_bus=5.128V I_bus=59.6mA P_bus=305.8mW E_total_accum=72.285mWh
14:44:01.607 > [BENCH] IDLE | t_inference_us=0 | heap=37.2kB/282.0kB (min=239.4kB, biggest=108.0kB) | arena=3.4kB | V_bus=5.136V I_bus=58.7mA P_bus=301.5mW E_total_accum=72.454mWh
14:44:03.622 > [BENCH] IDLE | t_inference_us=0 | heap=37.2kB/282.0kB (min=239.4kB, biggest=108.0kB) | arena=3.4kB | V_bus=5.132V I_bus=58.0mA P_bus=297.8mW E_total_accum=72.620mWh
14:44:05.642 > [BENCH] IDLE | t_inference_us=0 | heap=37.2kB/282.0kB (min=239.4kB, biggest=108.0kB) | arena=3.4kB | V_bus=5.136V I_bus=58.3mA P_bus=299.2mW E_total_accum=72.788mWh
14:44:07.654 > [BENCH] IDLE | t_inference_us=0 | heap=37.2kB/282.0kB (min=239.4kB, biggest=108.0kB) | arena=3.4kB | V_bus=5.124V I_bus=57.7mA P_bus=296.0mW E_total_accum=72.953mWh
14:44:09.677 > [BENCH] IDLE | t_inference_us=0 | heap=37.2kB/282.0kB (min=239.4kB, biggest=108.0kB) | arena=3.4kB | V_bus=5.128V I_bus=57.1mA P_bus=293.0mW E_total_accum=73.117mWh
14:44:11.685 > [BENCH] IDLE | t_inference_us=0 | heap=37.2kB/282.0kB (min=239.4kB, biggest=108.0kB) | arena=3.4kB | V_bus=5.128V I_bus=57.3mA P_bus=293.9mW E_total_accum=73.281mWh
14:44:13.701 > [BENCH] IDLE | t_inference_us=0 | heap=37.2kB/282.0kB (min=239.4kB, biggest=108.0kB) | arena=3.4kB | V_bus=5.132V I_bus=59.1mA P_bus=303.4mW E_total_accum=73.451mWh
14:44:15.717 > [BENCH] IDLE | t_inference_us=0 | heap=37.2kB/282.0kB (min=239.4kB, biggest=108.0kB) | arena=3.4kB | V_bus=5.128V I_bus=58.4mA P_bus=299.5mW E_total_accum=73.619mWh
14:44:17.730 > [BENCH] IDLE | t_inference_us=0 | heap=37.2kB/282.0kB (min=239.4kB, biggest=108.0kB) | arena=3.4kB | V_bus=5.132V I_bus=57.7mA P_bus=295.9mW E_total_accum=73.784mWh
14:44:19.731 > [BENCH] IDLE | t_inference_us=0 | heap=37.2kB/282.0kB (min=239.4kB, biggest=108.0kB) | arena=3.4kB | V_bus=5.132V I_bus=58.0mA P_bus=297.6mW E_total_accum=73.951mWh
14:44:21.749 > [BENCH] IDLE | t_inference_us=0 | heap=37.2kB/282.0kB (min=239.4kB, biggest=108.0kB) | arena=3.4kB | V_bus=5.132V I_bus=59.8mA P_bus=306.9mW E_total_accum=74.122mWh
14:44:23.770 > [BENCH] IDLE | t_inference_us=0 | heap=37.2kB/282.0kB (min=239.4kB, biggest=108.0kB) | arena=3.4kB | V_bus=5.128V I_bus=58.9mA P_bus=302.1mW E_total_accum=74.291mWh
14:44:25.788 > [BENCH] IDLE | t_inference_us=0 | heap=37.2kB/282.0kB (min=239.4kB, biggest=108.0kB) | arena=3.4kB | V_bus=5.136V I_bus=58.1mA P_bus=298.1mW E_total_accum=74.458mWh
14:44:27.801 > [BENCH] IDLE | t_inference_us=0 | heap=37.2kB/282.0kB (min=239.4kB, biggest=108.0kB) | arena=3.4kB | V_bus=5.132V I_bus=58.5mA P_bus=300.0mW E_total_accum=74.626mWh
14:44:29.815 > [BENCH] IDLE | t_inference_us=0 | heap=37.2kB/282.0kB (min=239.4kB, biggest=108.0kB) | arena=3.4kB | V_bus=5.132V I_bus=60.4mA P_bus=310.0mW E_total_accum=74.799mWh
14:44:31.814 > [BENCH] IDLE | t_inference_us=0 | heap=37.2kB/282.0kB (min=239.4kB, biggest=108.0kB) | arena=3.4kB | V_bus=5.132V I_bus=59.4mA P_bus=304.7mW E_total_accum=74.970mWh
14:44:33.830 > [BENCH] IDLE | t_inference_us=0 | heap=37.2kB/282.0kB (min=239.4kB, biggest=108.0kB) | arena=3.4kB | V_bus=5.132V I_bus=58.6mA P_bus=300.7mW E_total_accum=75.137mWh
14:44:35.841 > [BENCH] IDLE | t_inference_us=0 | heap=37.2kB/282.0kB (min=239.4kB, biggest=108.0kB) | arena=3.4kB | V_bus=5.132V I_bus=57.8mA P_bus=296.7mW E_total_accum=75.303mWh
14:44:37.859 > [BENCH] IDLE | t_inference_us=0 | heap=37.2kB/282.0kB (min=239.4kB, biggest=108.0kB) | arena=3.4kB | V_bus=5.132V I_bus=57.8mA P_bus=296.5mW E_total_accum=75.469mWh
14:44:39.866 > [BENCH] IDLE | t_inference_us=0 | heap=37.2kB/282.0kB (min=239.4kB, biggest=108.0kB) | arena=3.4kB | V_bus=5.132V I_bus=59.6mA P_bus=305.9mW E_total_accum=75.640mWh
14:44:41.878 > [BENCH] IDLE | t_inference_us=0 | heap=37.2kB/282.0kB (min=239.4kB, biggest=108.0kB) | arena=3.4kB | V_bus=5.132V I_bus=58.8mA P_bus=301.7mW E_total_accum=75.809mWh
14:44:43.895 > [BENCH] IDLE | t_inference_us=0 | heap=37.2kB/282.0kB (min=239.4kB, biggest=108.0kB) | arena=3.4kB | V_bus=5.132V I_bus=58.1mA P_bus=298.0mW E_total_accum=75.976mWh
14:44:45.912 > [BENCH] IDLE | t_inference_us=0 | heap=37.2kB/282.0kB (min=239.4kB, biggest=108.0kB) | arena=3.4kB | V_bus=5.132V I_bus=58.7mA P_bus=301.2mW E_total_accum=76.144mWh
14:44:47.924 > [BENCH] IDLE | t_inference_us=0 | heap=37.2kB/282.0kB (min=239.4kB, biggest=108.0kB) | arena=3.4kB | V_bus=5.132V I_bus=58.1mA P_bus=298.0mW E_total_accum=76.311mWh
14:44:49.942 > [BENCH] IDLE | t_inference_us=0 | heap=37.2kB/282.0kB (min=239.4kB, biggest=108.0kB) | arena=3.4kB | V_bus=5.132V I_bus=57.4mA P_bus=294.6mW E_total_accum=76.476mWh
14:44:51.944 > [BENCH] IDLE | t_inference_us=0 | heap=37.2kB/282.0kB (min=239.4kB, biggest=108.0kB) | arena=3.4kB | V_bus=5.132V I_bus=57.6mA P_bus=295.7mW E_total_accum=76.641mWh
14:44:53.971 > [BENCH] IDLE | t_inference_us=0 | heap=37.2kB/282.0kB (min=239.4kB, biggest=108.0kB) | arena=3.4kB | V_bus=5.132V I_bus=59.8mA P_bus=306.8mW E_total_accum=76.813mWh
14:44:55.977 > [BENCH] IDLE | t_inference_us=0 | heap=37.2kB/282.0kB (min=239.4kB, biggest=108.0kB) | arena=3.4kB | V_bus=5.132V I_bus=58.9mA P_bus=302.3mW E_total_accum=76.982mWh
14:44:57.994 > [BENCH] IDLE | t_inference_us=0 | heap=37.2kB/282.0kB (min=239.4kB, biggest=108.0kB) | arena=3.4kB | V_bus=5.132V I_bus=58.5mA P_bus=300.4mW E_total_accum=77.150mWh
14:44:58.078 > 
14:44:58.079 > [EVENT] type=HOUR  Tin=24.80 Hin=60.00 Tout=33.80 Hout=55.50
14:44:58.083 > [infer] warmup: window 14/24 - (Invoke NOT executed)
14:44:58.378 > [SENSORS] Health IN ok=423 err=0 reinit=0 pwr=0 | OUT ok=423 err=0 reinit=0 pwr=0
14:45:00.024 > [BENCH] IDLE | t_inference_us=0 | heap=37.2kB/282.0kB (min=239.4kB, biggest=108.0kB) | arena=3.4kB | V_bus=5.132V I_bus=59.9mA P_bus=307.4mW E_total_accum=77.324mWh
14:45:02.042 > [BENCH] IDLE | t_inference_us=0 | heap=37.2kB/282.0kB (min=239.4kB, biggest=108.0kB) | arena=3.4kB | V_bus=5.132V I_bus=61.3mA P_bus=314.7mW E_total_accum=77.500mWh
14:45:04.058 > [BENCH] IDLE | t_inference_us=0 | heap=37.2kB/282.0kB (min=239.4kB, biggest=108.0kB) | arena=3.4kB | V_bus=5.132V I_bus=60.1mA P_bus=308.3mW E_total_accum=77.672mWh
14:45:06.075 > [BENCH] IDLE | t_inference_us=0 | heap=37.2kB/282.0kB (min=239.4kB, biggest=108.0kB) | arena=3.4kB | V_bus=5.132V I_bus=59.4mA P_bus=305.0mW E_total_accum=77.843mWh
14:45:08.088 > [BENCH] IDLE | t_inference_us=0 | heap=37.2kB/282.0kB (min=239.4kB, biggest=108.0kB) | arena=3.4kB | V_bus=5.132V I_bus=61.0mA P_bus=313.0mW E_total_accum=78.018mWh
14:45:10.090 > [BENCH] IDLE | t_inference_us=0 | heap=37.2kB/282.0kB (min=239.4kB, biggest=108.0kB) | arena=3.4kB | V_bus=5.132V I_bus=61.8mA P_bus=317.0mW E_total_accum=78.194mWh
14:45:12.105 > [BENCH] IDLE | t_inference_us=0 | heap=37.2kB/282.0kB (min=239.4kB, biggest=108.0kB) | arena=3.4kB | V_bus=5.128V I_bus=60.5mA P_bus=310.4mW E_total_accum=78.368mWh
14:45:14.105 > [BENCH] IDLE | t_inference_us=0 | heap=37.2kB/282.0kB (min=239.4kB, biggest=108.0kB) | arena=3.4kB | V_bus=5.132V I_bus=59.6mA P_bus=305.7mW E_total_accum=78.539mWh
14:45:16.123 > [BENCH] IDLE | t_inference_us=0 | heap=37.2kB/282.0kB (min=239.4kB, biggest=108.0kB) | arena=3.4kB | V_bus=5.132V I_bus=60.8mA P_bus=311.9mW E_total_accum=78.714mWh
14:45:18.140 > [BENCH] IDLE | t_inference_us=0 | heap=37.2kB/282.0kB (min=239.4kB, biggest=108.0kB) | arena=3.4kB | V_bus=5.132V I_bus=59.7mA P_bus=306.6mW E_total_accum=78.885mWh
14:45:20.154 > [BENCH] IDLE | t_inference_us=0 | heap=37.2kB/282.0kB (min=239.4kB, biggest=108.0kB) | arena=3.4kB | V_bus=5.132V I_bus=59.2mA P_bus=304.0mW E_total_accum=79.055mWh
14:45:22.170 > [BENCH] IDLE | t_inference_us=0 | heap=37.2kB/282.0kB (min=239.4kB, biggest=108.0kB) | arena=3.4kB | V_bus=5.132V I_bus=61.0mA P_bus=313.1mW E_total_accum=79.230mWh
14:45:24.187 > [BENCH] IDLE | t_inference_us=0 | heap=37.2kB/282.0kB (min=239.4kB, biggest=108.0kB) | arena=3.4kB | V_bus=5.132V I_bus=60.0mA P_bus=307.7mW E_total_accum=79.402mWh
14:45:26.188 > [BENCH] IDLE | t_inference_us=0 | heap=37.2kB/282.0kB (min=239.4kB, biggest=108.0kB) | arena=3.4kB | V_bus=5.132V I_bus=59.6mA P_bus=306.0mW E_total_accum=79.574mWh
14:45:28.200 > [BENCH] IDLE | t_inference_us=0 | heap=37.2kB/282.0kB (min=239.4kB, biggest=108.0kB) | arena=3.4kB | V_bus=5.132V I_bus=58.7mA P_bus=301.5mW E_total_accum=79.742mWh
14:45:30.219 > [BENCH] IDLE | t_inference_us=0 | heap=37.2kB/282.0kB (min=239.4kB, biggest=108.0kB) | arena=3.4kB | V_bus=5.132V I_bus=58.0mA P_bus=297.5mW E_total_accum=79.909mWh
14:45:32.234 > [BENCH] IDLE | t_inference_us=0 | heap=37.2kB/282.0kB (min=239.4kB, biggest=108.0kB) | arena=3.4kB | V_bus=5.132V I_bus=59.0mA P_bus=302.9mW E_total_accum=80.078mWh
14:45:34.246 > [BENCH] IDLE | t_inference_us=0 | heap=37.2kB/282.0kB (min=239.4kB, biggest=108.0kB) | arena=3.4kB | V_bus=5.128V I_bus=58.3mA P_bus=299.2mW E_total_accum=80.246mWh
14:45:36.270 > [BENCH] IDLE | t_inference_us=0 | heap=37.2kB/282.0kB (min=239.4kB, biggest=108.0kB) | arena=3.4kB | V_bus=5.132V I_bus=58.0mA P_bus=297.4mW E_total_accum=80.412mWh
14:45:38.284 > [BENCH] IDLE | t_inference_us=0 | heap=37.2kB/282.0kB (min=239.4kB, biggest=108.0kB) | arena=3.4kB | V_bus=5.132V I_bus=59.8mA P_bus=307.0mW E_total_accum=80.584mWh
14:45:40.299 > [BENCH] IDLE | t_inference_us=0 | heap=37.2kB/282.0kB (min=239.4kB, biggest=108.0kB) | arena=3.4kB | V_bus=5.132V I_bus=58.9mA P_bus=302.1mW E_total_accum=80.753mWh
14:45:42.300 > [BENCH] IDLE | t_inference_us=0 | heap=37.2kB/282.0kB (min=239.4kB, biggest=108.0kB) | arena=3.4kB | V_bus=5.132V I_bus=58.9mA P_bus=302.5mW E_total_accum=80.922mWh
14:45:44.317 > [BENCH] IDLE | t_inference_us=0 | heap=37.2kB/282.0kB (min=239.4kB, biggest=108.0kB) | arena=3.4kB | V_bus=5.112V I_bus=58.9mA P_bus=302.2mW E_total_accum=81.091mWh
14:45:46.317 > [BENCH] IDLE | t_inference_us=0 | heap=37.2kB/282.0kB (min=239.4kB, biggest=108.0kB) | arena=3.4kB | V_bus=5.132V I_bus=58.3mA P_bus=298.9mW E_total_accum=81.257mWh
14:45:48.329 > [BENCH] IDLE | t_inference_us=0 | heap=37.2kB/282.0kB (min=239.4kB, biggest=108.0kB) | arena=3.4kB | V_bus=5.132V I_bus=57.7mA P_bus=296.2mW E_total_accum=81.423mWh
14:45:50.348 > [BENCH] IDLE | t_inference_us=0 | heap=37.2kB/282.0kB (min=239.4kB, biggest=108.0kB) | arena=3.4kB | V_bus=5.132V I_bus=59.5mA P_bus=305.4mW E_total_accum=81.594mWh
14:45:52.365 > [BENCH] IDLE | t_inference_us=0 | heap=37.2kB/282.0kB (min=239.4kB, biggest=108.0kB) | arena=3.4kB | V_bus=5.132V I_bus=58.6mA P_bus=300.8mW E_total_accum=81.762mWh
14:45:54.382 > [BENCH] IDLE | t_inference_us=0 | heap=37.2kB/282.0kB (min=239.4kB, biggest=108.0kB) | arena=3.4kB | V_bus=5.132V I_bus=59.0mA P_bus=302.6mW E_total_accum=81.931mWh
14:45:56.398 > [BENCH] IDLE | t_inference_us=0 | heap=37.2kB/282.0kB (min=239.4kB, biggest=108.0kB) | arena=3.4kB | V_bus=5.128V I_bus=58.3mA P_bus=299.1mW E_total_accum=82.099mWh
14:45:58.080 > 
14:45:58.080 > [EVENT] type=HOUR  Tin=25.90 Hin=65.72 Tout=33.70 Hout=55.90
14:45:58.096 > [infer] warmup: window 15/24 - (Invoke NOT executed)
14:45:58.393 > [SENSORS] Health IN ok=451 err=0 reinit=0 pwr=0 | OUT ok=451 err=0 reinit=0 pwr=0
14:45:59.606 > [BENCH] IDLE | t_inference_us=0 | heap=37.2kB/282.0kB (min=239.4kB, biggest=108.0kB) | arena=3.4kB | V_bus=5.132V I_bus=58.0mA P_bus=297.3mW E_total_accum=82.365mWh
14:46:01.614 > [BENCH] IDLE | t_inference_us=0 | heap=37.2kB/282.0kB (min=239.4kB, biggest=108.0kB) | arena=3.4kB | V_bus=5.128V I_bus=57.9mA P_bus=296.9mW E_total_accum=82.531mWh
14:46:03.632 > [BENCH] IDLE | t_inference_us=0 | heap=37.2kB/282.0kB (min=239.4kB, biggest=108.0kB) | arena=3.4kB | V_bus=5.132V I_bus=57.5mA P_bus=294.8mW E_total_accum=82.696mWh
14:46:05.644 > [BENCH] IDLE | t_inference_us=0 | heap=37.2kB/282.0kB (min=239.4kB, biggest=108.0kB) | arena=3.4kB | V_bus=5.112V I_bus=60.9mA P_bus=312.1mW E_total_accum=82.871mWh
14:46:07.644 > [BENCH] IDLE | t_inference_us=0 | heap=37.2kB/282.0kB (min=239.4kB, biggest=108.0kB) | arena=3.4kB | V_bus=5.128V I_bus=60.0mA P_bus=307.4mW E_total_accum=83.042mWh
14:46:09.663 > [BENCH] IDLE | t_inference_us=0 | heap=37.2kB/282.0kB (min=239.4kB, biggest=108.0kB) | arena=3.4kB | V_bus=5.136V I_bus=61.7mA P_bus=316.4mW E_total_accum=83.219mWh
14:46:11.675 > [BENCH] IDLE | t_inference_us=0 | heap=37.2kB/282.0kB (min=239.4kB, biggest=108.0kB) | arena=3.4kB | V_bus=5.132V I_bus=60.4mA P_bus=309.6mW E_total_accum=83.392mWh
14:46:13.688 > [BENCH] IDLE | t_inference_us=0 | heap=37.2kB/282.0kB (min=239.4kB, biggest=108.0kB) | arena=3.4kB | V_bus=5.132V I_bus=61.5mA P_bus=315.3mW E_total_accum=83.568mWh
14:46:15.704 > [BENCH] IDLE | t_inference_us=0 | heap=37.2kB/282.0kB (min=239.4kB, biggest=108.0kB) | arena=3.4kB | V_bus=5.132V I_bus=60.2mA P_bus=308.9mW E_total_accum=83.741mWh
14:46:17.720 > [BENCH] IDLE | t_inference_us=0 | heap=37.2kB/282.0kB (min=239.4kB, biggest=108.0kB) | arena=3.4kB | V_bus=5.132V I_bus=61.0mA P_bus=313.0mW E_total_accum=83.916mWh
14:46:19.727 > [BENCH] IDLE | t_inference_us=0 | heap=37.2kB/282.0kB (min=239.4kB, biggest=108.0kB) | arena=3.4kB | V_bus=5.132V I_bus=59.9mA P_bus=307.3mW E_total_accum=84.088mWh
14:46:21.747 > [BENCH] IDLE | t_inference_us=0 | heap=37.2kB/282.0kB (min=239.4kB, biggest=108.0kB) | arena=3.4kB | V_bus=5.132V I_bus=60.2mA P_bus=308.8mW E_total_accum=84.261mWh
14:46:23.757 > [BENCH] IDLE | t_inference_us=0 | heap=37.2kB/282.0kB (min=239.4kB, biggest=108.0kB) | arena=3.4kB | V_bus=5.132V I_bus=59.3mA P_bus=304.3mW E_total_accum=84.431mWh
14:46:25.775 > [BENCH] IDLE | t_inference_us=0 | heap=37.2kB/282.0kB (min=239.4kB, biggest=108.0kB) | arena=3.4kB | V_bus=5.132V I_bus=59.4mA P_bus=304.8mW E_total_accum=84.602mWh
14:46:27.775 > [BENCH] IDLE | t_inference_us=0 | heap=37.2kB/282.0kB (min=239.4kB, biggest=108.0kB) | arena=3.4kB | V_bus=5.128V I_bus=58.6mA P_bus=300.6mW E_total_accum=84.770mWh
14:46:29.795 > [BENCH] IDLE | t_inference_us=0 | heap=37.2kB/282.0kB (min=239.4kB, biggest=108.0kB) | arena=3.4kB | V_bus=5.132V I_bus=58.7mA P_bus=301.0mW E_total_accum=84.938mWh
14:46:31.802 > [BENCH] IDLE | t_inference_us=0 | heap=37.2kB/282.0kB (min=239.4kB, biggest=108.0kB) | arena=3.4kB | V_bus=5.132V I_bus=58.1mA P_bus=297.9mW E_total_accum=85.105mWh
14:46:33.821 > [BENCH] IDLE | t_inference_us=0 | heap=37.2kB/282.0kB (min=239.4kB, biggest=108.0kB) | arena=3.4kB | V_bus=5.132V I_bus=58.3mA P_bus=299.0mW E_total_accum=85.272mWh
14:46:35.839 > [BENCH] IDLE | t_inference_us=0 | heap=37.2kB/282.0kB (min=239.4kB, biggest=108.0kB) | arena=3.4kB | V_bus=5.132V I_bus=57.7mA P_bus=296.2mW E_total_accum=85.438mWh
14:46:37.856 > [BENCH] IDLE | t_inference_us=0 | heap=37.2kB/282.0kB (min=239.4kB, biggest=108.0kB) | arena=3.4kB | V_bus=5.132V I_bus=58.1mA P_bus=297.9mW E_total_accum=85.605mWh
14:46:39.873 > [BENCH] IDLE | t_inference_us=0 | heap=37.2kB/282.0kB (min=239.4kB, biggest=108.0kB) | arena=3.4kB | V_bus=5.132V I_bus=57.6mA P_bus=295.6mW E_total_accum=85.770mWh
14:46:41.871 > [BENCH] IDLE | t_inference_us=0 | heap=37.2kB/282.0kB (min=239.4kB, biggest=108.0kB) | arena=3.4kB | V_bus=5.116V I_bus=61.1mA P_bus=313.3mW E_total_accum=85.945mWh
14:46:43.880 > [BENCH] IDLE | t_inference_us=0 | heap=37.2kB/282.0kB (min=239.4kB, biggest=108.0kB) | arena=3.4kB | V_bus=5.128V I_bus=61.9mA P_bus=317.3mW E_total_accum=86.122mWh
14:46:45.893 > [BENCH] IDLE | t_inference_us=0 | heap=37.2kB/282.0kB (min=239.4kB, biggest=108.0kB) | arena=3.4kB | V_bus=5.128V I_bus=60.5mA P_bus=310.3mW E_total_accum=86.295mWh
14:46:47.905 > [BENCH] IDLE | t_inference_us=0 | heap=37.2kB/282.0kB (min=239.4kB, biggest=108.0kB) | arena=3.4kB | V_bus=5.132V I_bus=62.0mA P_bus=318.1mW E_total_accum=86.473mWh
14:46:49.922 > [BENCH] IDLE | t_inference_us=0 | heap=37.2kB/282.0kB (min=239.4kB, biggest=108.0kB) | arena=3.4kB | V_bus=5.128V I_bus=60.7mA P_bus=311.3mW E_total_accum=86.647mWh
14:46:51.934 > [BENCH] IDLE | t_inference_us=0 | heap=37.2kB/282.0kB (min=239.4kB, biggest=108.0kB) | arena=3.4kB | V_bus=5.132V I_bus=59.8mA P_bus=306.7mW E_total_accum=86.819mWh
14:46:53.952 > [BENCH] IDLE | t_inference_us=0 | heap=37.2kB/282.0kB (min=239.4kB, biggest=108.0kB) | arena=3.4kB | V_bus=5.132V I_bus=59.3mA P_bus=304.3mW E_total_accum=86.989mWh
14:46:55.971 > [BENCH] IDLE | t_inference_us=0 | heap=37.2kB/282.0kB (min=239.4kB, biggest=108.0kB) | arena=3.4kB | V_bus=5.132V I_bus=58.6mA P_bus=300.6mW E_total_accum=87.157mWh
14:46:57.986 > [BENCH] IDLE | t_inference_us=0 | heap=37.2kB/282.0kB (min=239.4kB, biggest=108.0kB) | arena=3.4kB | V_bus=5.128V I_bus=59.7mA P_bus=306.2mW E_total_accum=87.329mWh
14:46:58.106 > 
14:46:58.106 > [EVENT] type=HOUR  Tin=26.90 Hin=75.81 Tout=33.60 Hout=56.50
14:46:58.112 > [infer] warmup: window 16/24 - (Invoke NOT executed)
14:46:58.406 > [SENSORS] Health IN ok=479 err=0 reinit=0 pwr=0 | OUT ok=479 err=0 reinit=0 pwr=0
14:47:00.019 > [BENCH] IDLE | t_inference_us=0 | heap=37.2kB/282.0kB (min=239.4kB, biggest=108.0kB) | arena=3.4kB | V_bus=5.124V I_bus=60.3mA P_bus=309.0mW E_total_accum=87.504mWh
14:47:02.031 > [BENCH] IDLE | t_inference_us=0 | heap=37.2kB/282.0kB (min=239.4kB, biggest=108.0kB) | arena=3.4kB | V_bus=5.128V I_bus=61.2mA P_bus=313.8mW E_total_accum=87.679mWh
14:47:04.048 > [BENCH] IDLE | t_inference_us=0 | heap=37.2kB/282.0kB (min=239.4kB, biggest=108.0kB) | arena=3.4kB | V_bus=5.128V I_bus=59.9mA P_bus=307.3mW E_total_accum=87.851mWh
14:47:06.052 > [BENCH] IDLE | t_inference_us=0 | heap=37.2kB/282.0kB (min=239.4kB, biggest=108.0kB) | arena=3.4kB | V_bus=5.124V I_bus=59.1mA P_bus=302.9mW E_total_accum=88.021mWh
14:47:08.072 > [BENCH] IDLE | t_inference_us=0 | heap=37.2kB/282.0kB (min=239.4kB, biggest=108.0kB) | arena=3.4kB | V_bus=5.132V I_bus=59.5mA P_bus=305.2mW E_total_accum=88.191mWh
14:47:10.086 > [BENCH] IDLE | t_inference_us=0 | heap=37.2kB/282.0kB (min=239.4kB, biggest=108.0kB) | arena=3.4kB | V_bus=5.128V I_bus=58.7mA P_bus=301.2mW E_total_accum=88.360mWh
14:47:12.093 > [BENCH] IDLE | t_inference_us=0 | heap=37.2kB/282.0kB (min=239.4kB, biggest=108.0kB) | arena=3.4kB | V_bus=5.132V I_bus=58.1mA P_bus=297.8mW E_total_accum=88.526mWh
14:47:14.117 > [BENCH] IDLE | t_inference_us=0 | heap=37.2kB/282.0kB (min=239.4kB, biggest=108.0kB) | arena=3.4kB | V_bus=5.132V I_bus=58.3mA P_bus=298.9mW E_total_accum=88.694mWh
14:47:16.131 > [BENCH] IDLE | t_inference_us=0 | heap=37.2kB/282.0kB (min=239.4kB, biggest=108.0kB) | arena=3.4kB | V_bus=5.128V I_bus=57.7mA P_bus=296.0mW E_total_accum=88.859mWh
14:47:18.135 > [BENCH] IDLE | t_inference_us=0 | heap=37.2kB/282.0kB (min=239.4kB, biggest=108.0kB) | arena=3.4kB | V_bus=5.116V I_bus=57.7mA P_bus=295.9mW E_total_accum=89.024mWh
14:47:20.133 > [BENCH] IDLE | t_inference_us=0 | heap=37.2kB/282.0kB (min=239.4kB, biggest=108.0kB) | arena=3.4kB | V_bus=5.128V I_bus=57.3mA P_bus=293.5mW E_total_accum=89.188mWh
14:47:22.148 > [BENCH] IDLE | t_inference_us=0 | heap=37.2kB/282.0kB (min=239.4kB, biggest=108.0kB) | arena=3.4kB | V_bus=5.136V I_bus=57.0mA P_bus=292.4mW E_total_accum=89.352mWh
14:47:24.165 > [BENCH] IDLE | t_inference_us=0 | heap=37.2kB/282.0kB (min=239.4kB, biggest=108.0kB) | arena=3.4kB | V_bus=5.132V I_bus=57.4mA P_bus=294.3mW E_total_accum=89.516mWh
14:47:26.180 > [BENCH] IDLE | t_inference_us=0 | heap=37.2kB/282.0kB (min=239.4kB, biggest=108.0kB) | arena=3.4kB | V_bus=5.132V I_bus=57.0mA P_bus=292.4mW E_total_accum=89.680mWh
14:47:28.196 > [BENCH] IDLE | t_inference_us=0 | heap=37.2kB/282.0kB (min=239.4kB, biggest=108.0kB) | arena=3.4kB | V_bus=5.132V I_bus=59.6mA P_bus=305.7mW E_total_accum=89.851mWh
14:47:30.217 > [BENCH] IDLE | t_inference_us=0 | heap=37.2kB/282.0kB (min=239.4kB, biggest=108.0kB) | arena=3.4kB | V_bus=5.128V I_bus=59.4mA P_bus=304.9mW E_total_accum=90.021mWh
14:47:32.230 > [BENCH] IDLE | t_inference_us=0 | heap=37.2kB/282.0kB (min=239.4kB, biggest=108.0kB) | arena=3.4kB | V_bus=5.128V I_bus=58.6mA P_bus=300.6mW E_total_accum=90.190mWh
14:47:34.229 > [BENCH] IDLE | t_inference_us=0 | heap=37.2kB/282.0kB (min=239.4kB, biggest=108.0kB) | arena=3.4kB | V_bus=5.128V I_bus=58.1mA P_bus=298.1mW E_total_accum=90.356mWh
14:47:36.248 > [BENCH] IDLE | t_inference_us=0 | heap=37.2kB/282.0kB (min=239.4kB, biggest=108.0kB) | arena=3.4kB | V_bus=5.124V I_bus=59.5mA P_bus=305.2mW E_total_accum=90.527mWh
14:47:38.273 > [BENCH] IDLE | t_inference_us=0 | heap=37.2kB/282.0kB (min=239.4kB, biggest=108.0kB) | arena=3.4kB | V_bus=5.128V I_bus=59.1mA P_bus=303.1mW E_total_accum=90.697mWh
14:47:40.273 > [BENCH] IDLE | t_inference_us=0 | heap=37.2kB/282.0kB (min=239.4kB, biggest=108.0kB) | arena=3.4kB | V_bus=5.128V I_bus=58.4mA P_bus=299.4mW E_total_accum=90.864mWh
14:47:42.301 > [BENCH] IDLE | t_inference_us=0 | heap=37.2kB/282.0kB (min=239.4kB, biggest=108.0kB) | arena=3.4kB | V_bus=5.128V I_bus=57.9mA P_bus=297.0mW E_total_accum=91.030mWh
14:47:44.312 > [BENCH] IDLE | t_inference_us=0 | heap=37.2kB/282.0kB (min=239.4kB, biggest=108.0kB) | arena=3.4kB | V_bus=5.128V I_bus=59.2mA P_bus=303.5mW E_total_accum=91.200mWh
14:47:46.328 > [BENCH] IDLE | t_inference_us=0 | heap=37.2kB/282.0kB (min=239.4kB, biggest=108.0kB) | arena=3.4kB | V_bus=5.128V I_bus=58.9mA P_bus=301.9mW E_total_accum=91.369mWh
14:47:48.342 > [BENCH] IDLE | t_inference_us=0 | heap=37.2kB/282.0kB (min=239.4kB, biggest=108.0kB) | arena=3.4kB | V_bus=5.132V I_bus=58.2mA P_bus=298.3mW E_total_accum=91.536mWh
14:47:50.356 > [BENCH] IDLE | t_inference_us=0 | heap=37.2kB/282.0kB (min=239.4kB, biggest=108.0kB) | arena=3.4kB | V_bus=5.128V I_bus=57.8mA P_bus=296.4mW E_total_accum=91.702mWh
14:47:52.356 > [BENCH] IDLE | t_inference_us=0 | heap=37.2kB/282.0kB (min=239.4kB, biggest=108.0kB) | arena=3.4kB | V_bus=5.132V I_bus=59.6mA P_bus=305.5mW E_total_accum=91.873mWh
14:47:54.372 > [BENCH] IDLE | t_inference_us=0 | heap=37.2kB/282.0kB (min=239.4kB, biggest=108.0kB) | arena=3.4kB | V_bus=5.132V I_bus=58.9mA P_bus=302.0mW E_total_accum=92.041mWh
14:47:56.386 > [BENCH] IDLE | t_inference_us=0 | heap=37.2kB/282.0kB (min=239.4kB, biggest=108.0kB) | arena=3.4kB | V_bus=5.128V I_bus=61.1mA P_bus=313.5mW E_total_accum=92.216mWh
14:47:58.072 > 
14:47:58.072 > [EVENT] type=HOUR  Tin=27.90 Hin=73.90 Tout=33.50 Hout=56.50
14:47:58.072 > [infer] warmup: window 17/24 - (Invoke NOT executed)
14:47:58.408 > [SENSORS] Health IN ok=507 err=0 reinit=0 pwr=0 | OUT ok=507 err=0 reinit=0 pwr=0
14:47:59.591 > [BENCH] IDLE | t_inference_us=0 | heap=37.2kB/282.0kB (min=239.4kB, biggest=108.0kB) | arena=3.4kB | V_bus=5.132V I_bus=60.6mA P_bus=310.9mW E_total_accum=92.495mWh
14:48:01.607 > [BENCH] IDLE | t_inference_us=0 | heap=37.2kB/282.0kB (min=239.4kB, biggest=108.0kB) | arena=3.4kB | V_bus=5.132V I_bus=59.7mA P_bus=306.3mW E_total_accum=92.666mWh
14:48:03.606 > [BENCH] IDLE | t_inference_us=0 | heap=37.2kB/282.0kB (min=239.4kB, biggest=108.0kB) | arena=3.4kB | V_bus=5.132V I_bus=61.8mA P_bus=316.9mW E_total_accum=92.844mWh
14:48:05.636 > [BENCH] IDLE | t_inference_us=0 | heap=37.2kB/282.0kB (min=239.4kB, biggest=108.0kB) | arena=3.4kB | V_bus=5.132V I_bus=61.3mA P_bus=314.4mW E_total_accum=93.020mWh
14:48:07.637 > [BENCH] IDLE | t_inference_us=0 | heap=37.2kB/282.0kB (min=239.4kB, biggest=108.0kB) | arena=3.4kB | V_bus=5.132V I_bus=60.1mA P_bus=308.5mW E_total_accum=93.192mWh
14:48:09.653 > [BENCH] IDLE | t_inference_us=0 | heap=37.2kB/282.0kB (min=239.4kB, biggest=108.0kB) | arena=3.4kB | V_bus=5.128V I_bus=59.3mA P_bus=304.3mW E_total_accum=93.362mWh
14:48:11.672 > [BENCH] IDLE | t_inference_us=0 | heap=37.2kB/282.0kB (min=239.4kB, biggest=108.0kB) | arena=3.4kB | V_bus=5.132V I_bus=61.0mA P_bus=313.2mW E_total_accum=93.538mWh
14:48:13.688 > [BENCH] IDLE | t_inference_us=0 | heap=37.2kB/282.0kB (min=239.4kB, biggest=108.0kB) | arena=3.4kB | V_bus=5.132V I_bus=60.6mA P_bus=311.1mW E_total_accum=93.712mWh
14:48:15.691 > [BENCH] IDLE | t_inference_us=0 | heap=37.2kB/282.0kB (min=239.4kB, biggest=108.0kB) | arena=3.4kB | V_bus=5.128V I_bus=59.7mA P_bus=306.5mW E_total_accum=93.882mWh
14:48:17.702 > [BENCH] IDLE | t_inference_us=0 | heap=37.2kB/282.0kB (min=239.4kB, biggest=108.0kB) | arena=3.4kB | V_bus=5.132V I_bus=60.1mA P_bus=308.2mW E_total_accum=94.055mWh
14:48:19.721 > [BENCH] IDLE | t_inference_us=0 | heap=37.2kB/282.0kB (min=239.4kB, biggest=108.0kB) | arena=3.4kB | V_bus=5.128V I_bus=59.4mA P_bus=304.5mW E_total_accum=94.225mWh
14:48:21.719 > [BENCH] IDLE | t_inference_us=0 | heap=37.2kB/282.0kB (min=239.4kB, biggest=108.0kB) | arena=3.4kB | V_bus=5.132V I_bus=58.7mA P_bus=301.4mW E_total_accum=94.394mWh
14:48:23.740 > [BENCH] IDLE | t_inference_us=0 | heap=37.2kB/282.0kB (min=239.4kB, biggest=108.0kB) | arena=3.4kB | V_bus=5.132V I_bus=58.3mA P_bus=299.0mW E_total_accum=94.561mWh
14:48:25.749 > [BENCH] IDLE | t_inference_us=0 | heap=37.2kB/282.0kB (min=239.4kB, biggest=108.0kB) | arena=3.4kB | V_bus=5.132V I_bus=59.5mA P_bus=305.5mW E_total_accum=94.732mWh
14:48:27.766 > [BENCH] IDLE | t_inference_us=0 | heap=37.2kB/282.0kB (min=239.4kB, biggest=108.0kB) | arena=3.4kB | V_bus=5.132V I_bus=59.2mA P_bus=303.5mW E_total_accum=94.901mWh
14:48:29.783 > [BENCH] IDLE | t_inference_us=0 | heap=37.2kB/282.0kB (min=239.4kB, biggest=108.0kB) | arena=3.4kB | V_bus=5.132V I_bus=58.5mA P_bus=300.0mW E_total_accum=95.069mWh
14:48:31.800 > [BENCH] IDLE | t_inference_us=0 | heap=37.2kB/282.0kB (min=239.4kB, biggest=108.0kB) | arena=3.4kB | V_bus=5.128V I_bus=58.0mA P_bus=297.6mW E_total_accum=95.236mWh
14:48:33.817 > [BENCH] IDLE | t_inference_us=0 | heap=37.2kB/282.0kB (min=239.4kB, biggest=108.0kB) | arena=3.4kB | V_bus=5.132V I_bus=60.2mA P_bus=308.8mW E_total_accum=95.409mWh
14:48:35.830 > [BENCH] IDLE | t_inference_us=0 | heap=37.2kB/282.0kB (min=239.4kB, biggest=108.0kB) | arena=3.4kB | V_bus=5.132V I_bus=60.4mA P_bus=310.1mW E_total_accum=95.582mWh
14:48:37.832 > [BENCH] IDLE | t_inference_us=0 | heap=37.2kB/282.0kB (min=239.4kB, biggest=108.0kB) | arena=3.4kB | V_bus=5.132V I_bus=59.7mA P_bus=306.4mW E_total_accum=95.753mWh
14:48:39.848 > [BENCH] IDLE | t_inference_us=0 | heap=37.2kB/282.0kB (min=239.4kB, biggest=108.0kB) | arena=3.4kB | V_bus=5.132V I_bus=58.9mA P_bus=302.4mW E_total_accum=95.923mWh
14:48:41.866 > [BENCH] IDLE | t_inference_us=0 | heap=37.2kB/282.0kB (min=239.4kB, biggest=108.0kB) | arena=3.4kB | V_bus=5.132V I_bus=58.4mA P_bus=299.5mW E_total_accum=96.090mWh
14:48:43.888 > [BENCH] IDLE | t_inference_us=0 | heap=37.2kB/282.0kB (min=239.4kB, biggest=108.0kB) | arena=3.4kB | V_bus=5.132V I_bus=60.4mA P_bus=309.9mW E_total_accum=96.263mWh
14:48:45.895 > [BENCH] IDLE | t_inference_us=0 | heap=37.2kB/282.0kB (min=239.4kB, biggest=108.0kB) | arena=3.4kB | V_bus=5.128V I_bus=60.6mA P_bus=311.0mW E_total_accum=96.437mWh
14:48:47.912 > [BENCH] IDLE | t_inference_us=0 | heap=37.2kB/282.0kB (min=239.4kB, biggest=108.0kB) | arena=3.4kB | V_bus=5.128V I_bus=60.0mA P_bus=307.8mW E_total_accum=96.610mWh
14:48:49.929 > [BENCH] IDLE | t_inference_us=0 | heap=37.2kB/282.0kB (min=239.4kB, biggest=108.0kB) | arena=3.4kB | V_bus=5.116V I_bus=60.0mA P_bus=307.6mW E_total_accum=96.782mWh
14:48:51.928 > [BENCH] IDLE | t_inference_us=0 | heap=37.2kB/282.0kB (min=239.4kB, biggest=108.0kB) | arena=3.4kB | V_bus=5.132V I_bus=60.9mA P_bus=312.6mW E_total_accum=96.956mWh
14:48:53.930 > [BENCH] IDLE | t_inference_us=0 | heap=37.2kB/282.0kB (min=239.4kB, biggest=108.0kB) | arena=3.4kB | V_bus=5.132V I_bus=60.4mA P_bus=309.7mW E_total_accum=97.129mWh
14:48:55.959 > [BENCH] IDLE | t_inference_us=0 | heap=37.2kB/282.0kB (min=239.4kB, biggest=108.0kB) | arena=3.4kB | V_bus=5.128V I_bus=59.5mA P_bus=305.0mW E_total_accum=97.299mWh
14:48:57.960 > [BENCH] IDLE | t_inference_us=0 | heap=37.2kB/282.0kB (min=239.4kB, biggest=108.0kB) | arena=3.4kB | V_bus=5.132V I_bus=58.8mA P_bus=301.8mW E_total_accum=97.468mWh
14:48:58.082 > 
14:48:58.082 > [EVENT] type=HOUR  Tin=28.40 Hin=72.30 Tout=33.50 Hout=56.50
14:48:58.114 > [infer] warmup: window 18/24 - (Invoke NOT executed)
14:48:58.435 > [SENSORS] Health IN ok=536 err=0 reinit=0 pwr=0 | OUT ok=536 err=0 reinit=0 pwr=0
14:48:59.994 > [BENCH] IDLE | t_inference_us=0 | heap=37.2kB/282.0kB (min=239.4kB, biggest=108.0kB) | arena=3.4kB | V_bus=5.132V I_bus=59.8mA P_bus=306.7mW E_total_accum=97.641mWh
14:49:02.022 > [BENCH] IDLE | t_inference_us=0 | heap=37.2kB/282.0kB (min=239.4kB, biggest=108.0kB) | arena=3.4kB | V_bus=5.136V I_bus=59.7mA P_bus=306.1mW E_total_accum=97.813mWh
14:49:04.028 > [BENCH] IDLE | t_inference_us=0 | heap=37.2kB/282.0kB (min=239.4kB, biggest=108.0kB) | arena=3.4kB | V_bus=5.132V I_bus=59.0mA P_bus=302.9mW E_total_accum=97.982mWh
14:49:06.042 > [BENCH] IDLE | t_inference_us=0 | heap=37.2kB/282.0kB (min=239.4kB, biggest=108.0kB) | arena=3.4kB | V_bus=5.132V I_bus=58.4mA P_bus=299.6mW E_total_accum=98.150mWh
14:49:08.058 > [BENCH] IDLE | t_inference_us=0 | heap=37.2kB/282.0kB (min=239.4kB, biggest=108.0kB) | arena=3.4kB | V_bus=5.128V I_bus=58.0mA P_bus=297.7mW E_total_accum=98.316mWh
14:49:10.077 > [BENCH] IDLE | t_inference_us=0 | heap=37.2kB/282.0kB (min=239.4kB, biggest=108.0kB) | arena=3.4kB | V_bus=5.136V I_bus=57.6mA P_bus=295.6mW E_total_accum=98.482mWh
14:49:12.091 > [BENCH] IDLE | t_inference_us=0 | heap=37.2kB/282.0kB (min=239.4kB, biggest=108.0kB) | arena=3.4kB | V_bus=5.132V I_bus=59.7mA P_bus=306.3mW E_total_accum=98.653mWh
14:49:14.093 > [BENCH] IDLE | t_inference_us=0 | heap=37.2kB/282.0kB (min=239.4kB, biggest=108.0kB) | arena=3.4kB | V_bus=5.132V I_bus=60.3mA P_bus=309.4mW E_total_accum=98.826mWh
14:49:16.108 > [BENCH] IDLE | t_inference_us=0 | heap=37.2kB/282.0kB (min=239.4kB, biggest=108.0kB) | arena=3.4kB | V_bus=5.132V I_bus=60.1mA P_bus=308.3mW E_total_accum=98.998mWh
14:49:18.120 > [BENCH] IDLE | t_inference_us=0 | heap=37.2kB/282.0kB (min=239.4kB, biggest=108.0kB) | arena=3.4kB | V_bus=5.132V I_bus=59.2mA P_bus=303.9mW E_total_accum=99.168mWh
14:49:20.140 > [BENCH] IDLE | t_inference_us=0 | heap=37.2kB/282.0kB (min=239.4kB, biggest=108.0kB) | arena=3.4kB | V_bus=5.128V I_bus=58.6mA P_bus=300.4mW E_total_accum=99.337mWh
14:49:22.157 > [BENCH] IDLE | t_inference_us=0 | heap=37.2kB/282.0kB (min=239.4kB, biggest=108.0kB) | arena=3.4kB | V_bus=5.132V I_bus=58.1mA P_bus=298.2mW E_total_accum=99.503mWh
14:49:24.174 > [BENCH] IDLE | t_inference_us=0 | heap=37.2kB/282.0kB (min=239.4kB, biggest=108.0kB) | arena=3.4kB | V_bus=5.128V I_bus=57.7mA P_bus=296.1mW E_total_accum=99.669mWh
14:49:26.185 > [BENCH] IDLE | t_inference_us=0 | heap=37.2kB/282.0kB (min=239.4kB, biggest=108.0kB) | arena=3.4kB | V_bus=5.116V I_bus=60.0mA P_bus=307.7mW E_total_accum=99.841mWh
14:49:28.187 > [BENCH] IDLE | t_inference_us=0 | heap=37.2kB/282.0kB (min=239.4kB, biggest=108.0kB) | arena=3.4kB | V_bus=5.132V I_bus=59.1mA P_bus=303.1mW E_total_accum=100.010mWh
14:49:30.204 > [BENCH] IDLE | t_inference_us=0 | heap=37.2kB/282.0kB (min=239.4kB, biggest=108.0kB) | arena=3.4kB | V_bus=5.132V I_bus=58.5mA P_bus=300.0mW E_total_accum=100.178mWh
14:49:32.205 > [BENCH] IDLE | t_inference_us=0 | heap=37.2kB/282.0kB (min=239.4kB, biggest=108.0kB) | arena=3.4kB | V_bus=5.132V I_bus=58.1mA P_bus=297.8mW E_total_accum=100.344mWh
14:49:34.233 > [BENCH] IDLE | t_inference_us=0 | heap=37.2kB/282.0kB (min=239.4kB, biggest=108.0kB) | arena=3.4kB | V_bus=5.132V I_bus=57.7mA P_bus=295.9mW E_total_accum=100.510mWh
14:49:36.245 > [BENCH] IDLE | t_inference_us=0 | heap=37.2kB/282.0kB (min=239.4kB, biggest=108.0kB) | arena=3.4kB | V_bus=5.132V I_bus=57.4mA P_bus=294.5mW E_total_accum=100.674mWh
14:49:38.259 > [BENCH] IDLE | t_inference_us=0 | heap=37.2kB/282.0kB (min=239.4kB, biggest=108.0kB) | arena=3.4kB | V_bus=5.132V I_bus=59.3mA P_bus=304.4mW E_total_accum=100.845mWh
14:49:40.270 > [BENCH] IDLE | t_inference_us=0 | heap=37.2kB/282.0kB (min=239.4kB, biggest=108.0kB) | arena=3.4kB | V_bus=5.132V I_bus=60.4mA P_bus=310.0mW E_total_accum=101.018mWh
14:49:42.288 > [BENCH] IDLE | t_inference_us=0 | heap=37.2kB/282.0kB (min=239.4kB, biggest=108.0kB) | arena=3.4kB | V_bus=5.132V I_bus=60.3mA P_bus=309.6mW E_total_accum=101.191mWh
14:49:44.292 > [BENCH] IDLE | t_inference_us=0 | heap=37.2kB/282.0kB (min=239.4kB, biggest=108.0kB) | arena=3.4kB | V_bus=5.128V I_bus=60.2mA P_bus=308.7mW E_total_accum=101.364mWh
14:49:46.311 > [BENCH] IDLE | t_inference_us=0 | heap=37.2kB/282.0kB (min=239.4kB, biggest=108.0kB) | arena=3.4kB | V_bus=5.132V I_bus=59.9mA P_bus=307.4mW E_total_accum=101.536mWh
14:49:48.320 > [BENCH] IDLE | t_inference_us=0 | heap=37.2kB/282.0kB (min=239.4kB, biggest=108.0kB) | arena=3.4kB | V_bus=5.128V I_bus=59.7mA P_bus=306.3mW E_total_accum=101.707mWh
14:49:50.330 > [BENCH] IDLE | t_inference_us=0 | heap=37.2kB/282.0kB (min=239.4kB, biggest=108.0kB) | arena=3.4kB | V_bus=5.132V I_bus=59.5mA P_bus=305.5mW E_total_accum=101.878mWh
14:49:52.352 > [BENCH] IDLE | t_inference_us=0 | heap=37.2kB/282.0kB (min=239.4kB, biggest=108.0kB) | arena=3.4kB | V_bus=5.132V I_bus=59.1mA P_bus=303.2mW E_total_accum=102.048mWh
14:49:54.368 > [BENCH] IDLE | t_inference_us=0 | heap=37.2kB/282.0kB (min=239.4kB, biggest=108.0kB) | arena=3.4kB | V_bus=5.132V I_bus=58.5mA P_bus=300.2mW E_total_accum=102.216mWh
14:49:56.382 > [BENCH] IDLE | t_inference_us=0 | heap=37.2kB/282.0kB (min=239.4kB, biggest=108.0kB) | arena=3.4kB | V_bus=5.128V I_bus=58.0mA P_bus=297.4mW E_total_accum=102.382mWh
14:49:58.051 > 
14:49:58.051 > [EVENT] type=HOUR  Tin=28.80 Hin=72.31 Tout=33.80 Hout=55.90
14:49:58.067 > [infer] warmup: window 19/24 - (Invoke NOT executed)
14:49:58.458 > [SENSORS] Health IN ok=564 err=0 reinit=0 pwr=0 | OUT ok=564 err=0 reinit=0 pwr=0
14:49:59.567 > [BENCH] IDLE | t_inference_us=0 | heap=37.2kB/282.0kB (min=239.4kB, biggest=108.0kB) | arena=3.4kB | V_bus=5.132V I_bus=61.1mA P_bus=313.6mW E_total_accum=102.658mWh
14:50:01.585 > [BENCH] IDLE | t_inference_us=0 | heap=37.2kB/282.0kB (min=239.4kB, biggest=108.0kB) | arena=3.4kB | V_bus=5.128V I_bus=61.2mA P_bus=313.9mW E_total_accum=102.834mWh
14:50:03.601 > [BENCH] IDLE | t_inference_us=0 | heap=37.2kB/282.0kB (min=239.4kB, biggest=108.0kB) | arena=3.4kB | V_bus=5.132V I_bus=61.1mA P_bus=313.5mW E_total_accum=103.009mWh
14:50:05.616 > [BENCH] IDLE | t_inference_us=0 | heap=37.2kB/282.0kB (min=239.4kB, biggest=108.0kB) | arena=3.4kB | V_bus=5.132V I_bus=60.7mA P_bus=311.6mW E_total_accum=103.184mWh
14:50:07.635 > [BENCH] IDLE | t_inference_us=0 | heap=37.2kB/282.0kB (min=239.4kB, biggest=108.0kB) | arena=3.4kB | V_bus=5.128V I_bus=60.2mA P_bus=308.7mW E_total_accum=103.356mWh
14:50:09.646 > [BENCH] IDLE | t_inference_us=0 | heap=37.2kB/282.0kB (min=239.4kB, biggest=108.0kB) | arena=3.4kB | V_bus=5.128V I_bus=59.5mA P_bus=305.4mW E_total_accum=103.527mWh
14:50:11.661 > [BENCH] IDLE | t_inference_us=0 | heap=37.2kB/282.0kB (min=239.4kB, biggest=108.0kB) | arena=3.4kB | V_bus=5.128V I_bus=58.8mA P_bus=301.6mW E_total_accum=103.696mWh
14:50:13.679 > [BENCH] IDLE | t_inference_us=0 | heap=37.2kB/282.0kB (min=239.4kB, biggest=108.0kB) | arena=3.4kB | V_bus=5.132V I_bus=58.3mA P_bus=298.9mW E_total_accum=103.863mWh
14:50:15.690 > [BENCH] IDLE | t_inference_us=0 | heap=37.2kB/282.0kB (min=239.4kB, biggest=108.0kB) | arena=3.4kB | V_bus=5.136V I_bus=57.7mA P_bus=296.1mW E_total_accum=104.029mWh
14:50:17.697 > [BENCH] IDLE | t_inference_us=0 | heap=37.2kB/282.0kB (min=239.4kB, biggest=108.0kB) | arena=3.4kB | V_bus=5.132V I_bus=57.4mA P_bus=294.7mW E_total_accum=104.194mWh
14:50:19.710 > [BENCH] IDLE | t_inference_us=0 | heap=37.2kB/282.0kB (min=239.4kB, biggest=108.0kB) | arena=3.4kB | V_bus=5.132V I_bus=57.2mA P_bus=293.7mW E_total_accum=104.358mWh
14:50:21.727 > [BENCH] IDLE | t_inference_us=0 | heap=37.2kB/282.0kB (min=239.4kB, biggest=108.0kB) | arena=3.4kB | V_bus=5.128V I_bus=59.8mA P_bus=306.9mW E_total_accum=104.530mWh
14:50:23.727 > [BENCH] IDLE | t_inference_us=0 | heap=37.2kB/282.0kB (min=239.4kB, biggest=108.0kB) | arena=3.4kB | V_bus=5.112V I_bus=62.3mA P_bus=319.5mW E_total_accum=104.708mWh
14:50:25.744 > [BENCH] IDLE | t_inference_us=0 | heap=37.2kB/282.0kB (min=239.4kB, biggest=108.0kB) | arena=3.4kB | V_bus=5.128V I_bus=61.1mA P_bus=313.4mW E_total_accum=104.883mWh
14:50:27.762 > [BENCH] IDLE | t_inference_us=0 | heap=37.2kB/282.0kB (min=239.4kB, biggest=108.0kB) | arena=3.4kB | V_bus=5.132V I_bus=62.9mA P_bus=322.6mW E_total_accum=105.063mWh
14:50:29.775 > [BENCH] IDLE | t_inference_us=0 | heap=37.2kB/282.0kB (min=239.4kB, biggest=108.0kB) | arena=3.4kB | V_bus=5.132V I_bus=62.5mA P_bus=320.6mW E_total_accum=105.242mWh
14:50:31.791 > [BENCH] IDLE | t_inference_us=0 | heap=37.2kB/282.0kB (min=239.4kB, biggest=108.0kB) | arena=3.4kB | V_bus=5.132V I_bus=61.2mA P_bus=314.0mW E_total_accum=105.418mWh
14:50:33.795 > [BENCH] IDLE | t_inference_us=0 | heap=37.2kB/282.0kB (min=239.4kB, biggest=108.0kB) | arena=3.4kB | V_bus=5.128V I_bus=60.3mA P_bus=309.1mW E_total_accum=105.591mWh
14:50:35.819 > [BENCH] IDLE | t_inference_us=0 | heap=37.2kB/282.0kB (min=239.4kB, biggest=108.0kB) | arena=3.4kB | V_bus=5.132V I_bus=60.9mA P_bus=312.6mW E_total_accum=105.766mWh
14:50:37.830 > [BENCH] IDLE | t_inference_us=0 | heap=37.2kB/282.0kB (min=239.4kB, biggest=108.0kB) | arena=3.4kB | V_bus=5.132V I_bus=59.9mA P_bus=307.1mW E_total_accum=105.938mWh
14:50:39.843 > [BENCH] IDLE | t_inference_us=0 | heap=37.2kB/282.0kB (min=239.4kB, biggest=108.0kB) | arena=3.4kB | V_bus=5.132V I_bus=61.6mA P_bus=315.8mW E_total_accum=106.114mWh
14:50:41.859 > [BENCH] IDLE | t_inference_us=0 | heap=37.2kB/282.0kB (min=239.4kB, biggest=108.0kB) | arena=3.4kB | V_bus=5.128V I_bus=60.4mA P_bus=310.0mW E_total_accum=106.288mWh
14:50:43.874 > [BENCH] IDLE | t_inference_us=0 | heap=37.2kB/282.0kB (min=239.4kB, biggest=108.0kB) | arena=3.4kB | V_bus=5.132V I_bus=62.4mA P_bus=320.1mW E_total_accum=106.467mWh
14:50:45.885 > [BENCH] IDLE | t_inference_us=0 | heap=37.2kB/282.0kB (min=239.4kB, biggest=108.0kB) | arena=3.4kB | V_bus=5.128V I_bus=61.1mA P_bus=313.2mW E_total_accum=106.642mWh
14:50:47.895 > [BENCH] IDLE | t_inference_us=0 | heap=37.2kB/282.0kB (min=239.4kB, biggest=108.0kB) | arena=3.4kB | V_bus=5.128V I_bus=62.4mA P_bus=320.2mW E_total_accum=106.821mWh
14:50:49.902 > [BENCH] IDLE | t_inference_us=0 | heap=37.2kB/282.0kB (min=239.4kB, biggest=108.0kB) | arena=3.4kB | V_bus=5.132V I_bus=61.3mA P_bus=314.3mW E_total_accum=106.997mWh
14:50:51.920 > [BENCH] IDLE | t_inference_us=0 | heap=37.2kB/282.0kB (min=239.4kB, biggest=108.0kB) | arena=3.4kB | V_bus=5.128V I_bus=61.2mA P_bus=314.2mW E_total_accum=107.173mWh
14:50:53.938 > [BENCH] IDLE | t_inference_us=0 | heap=37.2kB/282.0kB (min=239.4kB, biggest=108.0kB) | arena=3.4kB | V_bus=5.128V I_bus=60.2mA P_bus=309.0mW E_total_accum=107.346mWh
14:50:55.955 > [BENCH] IDLE | t_inference_us=0 | heap=37.2kB/282.0kB (min=239.4kB, biggest=108.0kB) | arena=3.4kB | V_bus=5.128V I_bus=59.4mA P_bus=304.4mW E_total_accum=107.516mWh
14:50:57.972 > [BENCH] IDLE | t_inference_us=0 | heap=37.2kB/282.0kB (min=239.4kB, biggest=108.0kB) | arena=3.4kB | V_bus=5.132V I_bus=60.5mA P_bus=310.1mW E_total_accum=107.690mWh
14:50:58.093 > 
14:50:58.093 > [EVENT] type=HOUR  Tin=29.10 Hin=71.30 Tout=34.00 Hout=55.60
14:50:58.099 > [infer] warmup: window 20/24 - (Invoke NOT executed)
14:50:58.473 > [SENSORS] Health IN ok=592 err=0 reinit=0 pwr=0 | OUT ok=592 err=0 reinit=0 pwr=0
14:51:00.000 > [BENCH] IDLE | t_inference_us=0 | heap=37.2kB/282.0kB (min=239.4kB, biggest=108.0kB) | arena=3.4kB | V_bus=5.116V I_bus=64.0mA P_bus=327.9mW E_total_accum=107.874mWh
14:51:02.001 > [BENCH] IDLE | t_inference_us=0 | heap=37.2kB/282.0kB (min=239.4kB, biggest=108.0kB) | arena=3.4kB | V_bus=5.132V I_bus=64.1mA P_bus=328.6mW E_total_accum=108.057mWh
14:51:04.021 > [BENCH] IDLE | t_inference_us=0 | heap=37.2kB/282.0kB (min=239.4kB, biggest=108.0kB) | arena=3.4kB | V_bus=5.128V I_bus=62.6mA P_bus=320.9mW E_total_accum=108.237mWh
14:51:06.037 > [BENCH] IDLE | t_inference_us=0 | heap=37.2kB/282.0kB (min=239.4kB, biggest=108.0kB) | arena=3.4kB | V_bus=5.132V I_bus=61.3mA P_bus=314.2mW E_total_accum=108.413mWh
14:51:08.039 > [BENCH] IDLE | t_inference_us=0 | heap=37.2kB/282.0kB (min=239.4kB, biggest=108.0kB) | arena=3.4kB | V_bus=5.132V I_bus=62.0mA P_bus=317.8mW E_total_accum=108.590mWh
14:51:10.054 > [BENCH] IDLE | t_inference_us=0 | heap=37.2kB/282.0kB (min=239.4kB, biggest=108.0kB) | arena=3.4kB | V_bus=5.128V I_bus=60.8mA P_bus=312.1mW E_total_accum=108.765mWh
14:51:12.070 > [BENCH] IDLE | t_inference_us=0 | heap=37.2kB/282.0kB (min=239.4kB, biggest=108.0kB) | arena=3.4kB | V_bus=5.128V I_bus=59.9mA P_bus=307.2mW E_total_accum=108.937mWh
14:51:14.093 > [BENCH] IDLE | t_inference_us=0 | heap=37.2kB/282.0kB (min=239.4kB, biggest=108.0kB) | arena=3.4kB | V_bus=5.132V I_bus=60.6mA P_bus=311.0mW E_total_accum=109.111mWh
14:51:16.107 > [BENCH] IDLE | t_inference_us=0 | heap=37.2kB/282.0kB (min=239.4kB, biggest=108.0kB) | arena=3.4kB | V_bus=5.128V I_bus=59.8mA P_bus=306.7mW E_total_accum=109.283mWh
14:51:18.119 > [BENCH] IDLE | t_inference_us=0 | heap=37.2kB/282.0kB (min=239.4kB, biggest=108.0kB) | arena=3.4kB | V_bus=5.132V I_bus=59.0mA P_bus=302.6mW E_total_accum=109.452mWh
14:51:20.133 > [BENCH] IDLE | t_inference_us=0 | heap=37.2kB/282.0kB (min=239.4kB, biggest=108.0kB) | arena=3.4kB | V_bus=5.132V I_bus=59.9mA P_bus=307.4mW E_total_accum=109.624mWh
14:51:22.146 > [BENCH] IDLE | t_inference_us=0 | heap=37.2kB/282.0kB (min=239.4kB, biggest=108.0kB) | arena=3.4kB | V_bus=5.128V I_bus=59.3mA P_bus=303.9mW E_total_accum=109.794mWh
14:51:24.150 > [BENCH] IDLE | t_inference_us=0 | heap=37.2kB/282.0kB (min=239.4kB, biggest=108.0kB) | arena=3.4kB | V_bus=5.132V I_bus=58.6mA P_bus=300.6mW E_total_accum=109.962mWh
14:51:26.166 > [BENCH] IDLE | t_inference_us=0 | heap=37.2kB/282.0kB (min=239.4kB, biggest=108.0kB) | arena=3.4kB | V_bus=5.132V I_bus=59.0mA P_bus=302.8mW E_total_accum=110.131mWh
14:51:28.184 > [BENCH] IDLE | t_inference_us=0 | heap=37.2kB/282.0kB (min=239.4kB, biggest=108.0kB) | arena=3.4kB | V_bus=5.132V I_bus=58.5mA P_bus=300.0mW E_total_accum=110.299mWh
14:51:30.198 > [BENCH] IDLE | t_inference_us=0 | heap=37.2kB/282.0kB (min=239.4kB, biggest=108.0kB) | arena=3.4kB | V_bus=5.132V I_bus=58.0mA P_bus=297.6mW E_total_accum=110.466mWh
14:51:32.214 > [BENCH] IDLE | t_inference_us=0 | heap=37.2kB/282.0kB (min=239.4kB, biggest=108.0kB) | arena=3.4kB | V_bus=5.128V I_bus=58.4mA P_bus=299.6mW E_total_accum=110.633mWh
14:51:34.232 > [BENCH] IDLE | t_inference_us=0 | heap=37.2kB/282.0kB (min=239.4kB, biggest=108.0kB) | arena=3.4kB | V_bus=5.132V I_bus=60.7mA P_bus=311.5mW E_total_accum=110.808mWh
14:51:36.232 > [BENCH] IDLE | t_inference_us=0 | heap=37.2kB/282.0kB (min=239.4kB, biggest=108.0kB) | arena=3.4kB | V_bus=5.128V I_bus=62.3mA P_bus=319.7mW E_total_accum=110.985mWh
14:51:38.248 > [BENCH] IDLE | t_inference_us=0 | heap=37.2kB/282.0kB (min=239.4kB, biggest=108.0kB) | arena=3.4kB | V_bus=5.128V I_bus=61.2mA P_bus=314.0mW E_total_accum=111.161mWh
14:51:40.262 > [BENCH] IDLE | t_inference_us=0 | heap=37.2kB/282.0kB (min=239.4kB, biggest=108.0kB) | arena=3.4kB | V_bus=5.128V I_bus=60.5mA P_bus=310.4mW E_total_accum=111.335mWh
14:51:42.262 > [BENCH] IDLE | t_inference_us=0 | heap=37.2kB/282.0kB (min=239.4kB, biggest=108.0kB) | arena=3.4kB | V_bus=5.132V I_bus=61.8mA P_bus=317.1mW E_total_accum=111.512mWh
14:51:44.278 > [BENCH] IDLE | t_inference_us=0 | heap=37.2kB/282.0kB (min=239.4kB, biggest=108.0kB) | arena=3.4kB | V_bus=5.132V I_bus=60.7mA P_bus=311.4mW E_total_accum=111.686mWh
14:51:46.295 > [BENCH] IDLE | t_inference_us=0 | heap=37.2kB/282.0kB (min=239.4kB, biggest=108.0kB) | arena=3.4kB | V_bus=5.132V I_bus=60.2mA P_bus=308.7mW E_total_accum=111.859mWh
14:51:48.313 > [BENCH] IDLE | t_inference_us=0 | heap=37.2kB/282.0kB (min=239.4kB, biggest=108.0kB) | arena=3.4kB | V_bus=5.132V I_bus=61.9mA P_bus=317.7mW E_total_accum=112.037mWh
14:51:50.325 > [BENCH] IDLE | t_inference_us=0 | heap=37.2kB/282.0kB (min=239.4kB, biggest=108.0kB) | arena=3.4kB | V_bus=5.128V I_bus=60.9mA P_bus=312.3mW E_total_accum=112.212mWh
14:51:52.345 > [BENCH] IDLE | t_inference_us=0 | heap=37.2kB/282.0kB (min=239.4kB, biggest=108.0kB) | arena=3.4kB | V_bus=5.128V I_bus=60.5mA P_bus=310.4mW E_total_accum=112.385mWh
14:51:54.359 > [BENCH] IDLE | t_inference_us=0 | heap=37.2kB/282.0kB (min=239.4kB, biggest=108.0kB) | arena=3.4kB | V_bus=5.132V I_bus=62.3mA P_bus=319.5mW E_total_accum=112.564mWh
14:51:56.366 > [BENCH] IDLE | t_inference_us=0 | heap=37.2kB/282.0kB (min=239.4kB, biggest=108.0kB) | arena=3.4kB | V_bus=5.132V I_bus=61.1mA P_bus=313.4mW E_total_accum=112.739mWh
14:51:58.059 > 
14:51:58.059 > [EVENT] type=HOUR  Tin=29.20 Hin=69.34 Tout=33.80 Hout=56.00
14:51:58.059 > [infer] warmup: window 21/24 - (Invoke NOT executed)
14:51:58.488 > [SENSORS] Health IN ok=620 err=0 reinit=0 pwr=0 | OUT ok=620 err=0 reinit=0 pwr=0
14:51:59.561 > [BENCH] IDLE | t_inference_us=0 | heap=37.2kB/282.0kB (min=239.4kB, biggest=108.0kB) | arena=3.4kB | V_bus=5.132V I_bus=62.1mA P_bus=318.7mW E_total_accum=113.021mWh
14:52:01.583 > [BENCH] IDLE | t_inference_us=0 | heap=37.2kB/282.0kB (min=239.4kB, biggest=108.0kB) | arena=3.4kB | V_bus=5.132V I_bus=61.0mA P_bus=313.1mW E_total_accum=113.196mWh
14:52:03.590 > [BENCH] IDLE | t_inference_us=0 | heap=37.2kB/282.0kB (min=239.4kB, biggest=108.0kB) | arena=3.4kB | V_bus=5.128V I_bus=60.2mA P_bus=308.7mW E_total_accum=113.368mWh
14:52:05.607 > [BENCH] IDLE | t_inference_us=0 | heap=37.2kB/282.0kB (min=239.4kB, biggest=108.0kB) | arena=3.4kB | V_bus=5.128V I_bus=61.6mA P_bus=316.0mW E_total_accum=113.545mWh
14:52:07.623 > [BENCH] IDLE | t_inference_us=0 | heap=37.2kB/282.0kB (min=239.4kB, biggest=108.0kB) | arena=3.4kB | V_bus=5.132V I_bus=60.5mA P_bus=310.6mW E_total_accum=113.719mWh
14:52:09.638 > [BENCH] IDLE | t_inference_us=0 | heap=37.2kB/282.0kB (min=239.4kB, biggest=108.0kB) | arena=3.4kB | V_bus=5.128V I_bus=60.3mA P_bus=309.2mW E_total_accum=113.892mWh
14:52:11.652 > [BENCH] IDLE | t_inference_us=0 | heap=37.2kB/282.0kB (min=239.4kB, biggest=108.0kB) | arena=3.4kB | V_bus=5.124V I_bus=59.5mA P_bus=305.0mW E_total_accum=114.062mWh
14:52:13.656 > [BENCH] IDLE | t_inference_us=0 | heap=37.2kB/282.0kB (min=239.4kB, biggest=108.0kB) | arena=3.4kB | V_bus=5.132V I_bus=59.3mA P_bus=304.0mW E_total_accum=114.233mWh
14:52:15.666 > [BENCH] IDLE | t_inference_us=0 | heap=37.2kB/282.0kB (min=239.4kB, biggest=108.0kB) | arena=3.4kB | V_bus=5.132V I_bus=61.5mA P_bus=315.7mW E_total_accum=114.409mWh
14:52:17.688 > [BENCH] IDLE | t_inference_us=0 | heap=37.2kB/282.0kB (min=239.4kB, biggest=108.0kB) | arena=3.4kB | V_bus=5.132V I_bus=60.5mA P_bus=310.5mW E_total_accum=114.583mWh
14:52:19.708 > [BENCH] IDLE | t_inference_us=0 | heap=37.2kB/282.0kB (min=239.4kB, biggest=108.0kB) | arena=3.4kB | V_bus=5.132V I_bus=61.5mA P_bus=315.5mW E_total_accum=114.759mWh
14:52:21.707 > [BENCH] IDLE | t_inference_us=0 | heap=37.2kB/282.0kB (min=239.4kB, biggest=108.0kB) | arena=3.4kB | V_bus=5.132V I_bus=60.5mA P_bus=310.2mW E_total_accum=114.933mWh
14:52:23.735 > [BENCH] IDLE | t_inference_us=0 | heap=37.2kB/282.0kB (min=239.4kB, biggest=108.0kB) | arena=3.4kB | V_bus=5.132V I_bus=60.2mA P_bus=308.9mW E_total_accum=115.106mWh
14:52:25.736 > [BENCH] IDLE | t_inference_us=0 | heap=37.2kB/282.0kB (min=239.4kB, biggest=108.0kB) | arena=3.4kB | V_bus=5.132V I_bus=59.5mA P_bus=305.3mW E_total_accum=115.277mWh
14:52:27.755 > [BENCH] IDLE | t_inference_us=0 | heap=37.2kB/282.0kB (min=239.4kB, biggest=108.0kB) | arena=3.4kB | V_bus=5.132V I_bus=58.8mA P_bus=301.8mW E_total_accum=115.445mWh
14:52:29.770 > [BENCH] IDLE | t_inference_us=0 | heap=37.2kB/282.0kB (min=239.4kB, biggest=108.0kB) | arena=3.4kB | V_bus=5.132V I_bus=60.7mA P_bus=311.5mW E_total_accum=115.620mWh
14:52:31.787 > [BENCH] IDLE | t_inference_us=0 | heap=37.2kB/282.0kB (min=239.4kB, biggest=108.0kB) | arena=3.4kB | V_bus=5.112V I_bus=60.7mA P_bus=311.2mW E_total_accum=115.794mWh
14:52:33.787 > [BENCH] IDLE | t_inference_us=0 | heap=37.2kB/282.0kB (min=239.4kB, biggest=108.0kB) | arena=3.4kB | V_bus=5.132V I_bus=59.8mA P_bus=306.7mW E_total_accum=115.964mWh
14:52:35.798 > [BENCH] IDLE | t_inference_us=0 | heap=37.2kB/282.0kB (min=239.4kB, biggest=108.0kB) | arena=3.4kB | V_bus=5.128V I_bus=60.9mA P_bus=312.3mW E_total_accum=116.139mWh
14:52:37.816 > [BENCH] IDLE | t_inference_us=0 | heap=37.2kB/282.0kB (min=239.4kB, biggest=108.0kB) | arena=3.4kB | V_bus=5.132V I_bus=60.1mA P_bus=308.1mW E_total_accum=116.311mWh
14:52:39.834 > [BENCH] IDLE | t_inference_us=0 | heap=37.2kB/282.0kB (min=239.4kB, biggest=108.0kB) | arena=3.4kB | V_bus=5.132V I_bus=60.1mA P_bus=308.3mW E_total_accum=116.484mWh
14:52:41.834 > [BENCH] IDLE | t_inference_us=0 | heap=37.2kB/282.0kB (min=239.4kB, biggest=108.0kB) | arena=3.4kB | V_bus=5.132V I_bus=59.3mA P_bus=304.4mW E_total_accum=116.654mWh
14:52:43.850 > [BENCH] IDLE | t_inference_us=0 | heap=37.2kB/282.0kB (min=239.4kB, biggest=108.0kB) | arena=3.4kB | V_bus=5.132V I_bus=58.9mA P_bus=302.4mW E_total_accum=116.823mWh
14:52:45.865 > [BENCH] IDLE | t_inference_us=0 | heap=37.2kB/282.0kB (min=239.4kB, biggest=108.0kB) | arena=3.4kB | V_bus=5.132V I_bus=61.0mA P_bus=313.2mW E_total_accum=116.999mWh
14:52:47.884 > [BENCH] IDLE | t_inference_us=0 | heap=37.2kB/282.0kB (min=239.4kB, biggest=108.0kB) | arena=3.4kB | V_bus=5.132V I_bus=60.0mA P_bus=308.1mW E_total_accum=117.171mWh
14:52:49.899 > [BENCH] IDLE | t_inference_us=0 | heap=37.2kB/282.0kB (min=239.4kB, biggest=108.0kB) | arena=3.4kB | V_bus=5.132V I_bus=61.0mA P_bus=313.1mW E_total_accum=117.346mWh
14:52:51.918 > [BENCH] IDLE | t_inference_us=0 | heap=37.2kB/282.0kB (min=239.4kB, biggest=108.0kB) | arena=3.4kB | V_bus=5.132V I_bus=60.1mA P_bus=308.5mW E_total_accum=117.519mWh
14:52:53.928 > [BENCH] IDLE | t_inference_us=0 | heap=37.2kB/282.0kB (min=239.4kB, biggest=108.0kB) | arena=3.4kB | V_bus=5.132V I_bus=59.9mA P_bus=307.4mW E_total_accum=117.691mWh
14:52:55.946 > [BENCH] IDLE | t_inference_us=0 | heap=37.2kB/282.0kB (min=239.4kB, biggest=108.0kB) | arena=3.4kB | V_bus=5.132V I_bus=59.3mA P_bus=304.2mW E_total_accum=117.861mWh
14:52:57.947 > [BENCH] IDLE | t_inference_us=0 | heap=37.2kB/282.0kB (min=239.4kB, biggest=108.0kB) | arena=3.4kB | V_bus=5.132V I_bus=58.7mA P_bus=301.1mW E_total_accum=118.029mWh
14:52:58.067 > 
14:52:58.067 > [EVENT] type=HOUR  Tin=29.30 Hin=70.12 Tout=33.80 Hout=56.00
14:52:58.083 > [infer] warmup: window 22/24 - (Invoke NOT executed)
14:52:58.500 > [SENSORS] Health IN ok=648 err=0 reinit=0 pwr=0 | OUT ok=648 err=0 reinit=0 pwr=0
14:52:59.982 > [BENCH] IDLE | t_inference_us=0 | heap=37.2kB/282.0kB (min=239.4kB, biggest=108.0kB) | arena=3.4kB | V_bus=5.132V I_bus=58.4mA P_bus=299.7mW E_total_accum=118.199mWh
14:53:02.000 > [BENCH] IDLE | t_inference_us=0 | heap=37.2kB/282.0kB (min=239.4kB, biggest=108.0kB) | arena=3.4kB | V_bus=5.132V I_bus=60.4mA P_bus=309.9mW E_total_accum=118.372mWh
14:53:04.010 > [BENCH] IDLE | t_inference_us=0 | heap=37.2kB/282.0kB (min=239.4kB, biggest=108.0kB) | arena=3.4kB | V_bus=5.132V I_bus=59.6mA P_bus=306.0mW E_total_accum=118.543mWh
14:53:06.026 > [BENCH] IDLE | t_inference_us=0 | heap=37.2kB/282.0kB (min=239.4kB, biggest=108.0kB) | arena=3.4kB | V_bus=5.132V I_bus=59.8mA P_bus=307.0mW E_total_accum=118.715mWh
14:53:08.046 > [BENCH] IDLE | t_inference_us=0 | heap=37.2kB/282.0kB (min=239.4kB, biggest=108.0kB) | arena=3.4kB | V_bus=5.116V I_bus=59.8mA P_bus=306.8mW E_total_accum=118.887mWh
14:53:10.046 > [BENCH] IDLE | t_inference_us=0 | heap=37.2kB/282.0kB (min=239.4kB, biggest=108.0kB) | arena=3.4kB | V_bus=5.128V I_bus=59.2mA P_bus=303.6mW E_total_accum=119.056mWh
14:53:12.063 > [BENCH] IDLE | t_inference_us=0 | heap=37.2kB/282.0kB (min=239.4kB, biggest=108.0kB) | arena=3.4kB | V_bus=5.124V I_bus=58.6mA P_bus=300.5mW E_total_accum=119.224mWh
14:53:14.080 > [BENCH] IDLE | t_inference_us=0 | heap=37.2kB/282.0kB (min=239.4kB, biggest=108.0kB) | arena=3.4kB | V_bus=5.124V I_bus=60.0mA P_bus=307.8mW E_total_accum=119.396mWh
14:53:16.089 > [BENCH] IDLE | t_inference_us=0 | heap=37.2kB/282.0kB (min=239.4kB, biggest=108.0kB) | arena=3.4kB | V_bus=5.128V I_bus=59.4mA P_bus=304.3mW E_total_accum=119.566mWh
14:53:18.093 > [BENCH] IDLE | t_inference_us=0 | heap=37.2kB/282.0kB (min=239.4kB, biggest=108.0kB) | arena=3.4kB | V_bus=5.128V I_bus=59.6mA P_bus=305.4mW E_total_accum=119.737mWh
14:53:20.111 > [BENCH] IDLE | t_inference_us=0 | heap=37.2kB/282.0kB (min=239.4kB, biggest=108.0kB) | arena=3.4kB | V_bus=5.132V I_bus=58.9mA P_bus=302.2mW E_total_accum=119.906mWh
14:53:22.135 > [BENCH] IDLE | t_inference_us=0 | heap=37.2kB/282.0kB (min=239.4kB, biggest=108.0kB) | arena=3.4kB | V_bus=5.132V I_bus=58.3mA P_bus=299.0mW E_total_accum=120.073mWh
14:53:24.145 > [BENCH] IDLE | t_inference_us=0 | heap=37.2kB/282.0kB (min=239.4kB, biggest=108.0kB) | arena=3.4kB | V_bus=5.132V I_bus=59.8mA P_bus=306.8mW E_total_accum=120.245mWh
14:53:26.160 > [BENCH] IDLE | t_inference_us=0 | heap=37.2kB/282.0kB (min=239.4kB, biggest=108.0kB) | arena=3.4kB | V_bus=5.128V I_bus=59.1mA P_bus=303.2mW E_total_accum=120.414mWh
14:53:28.175 > [BENCH] IDLE | t_inference_us=0 | heap=37.2kB/282.0kB (min=239.4kB, biggest=108.0kB) | arena=3.4kB | V_bus=5.132V I_bus=59.3mA P_bus=304.2mW E_total_accum=120.585mWh
14:53:30.192 > [BENCH] IDLE | t_inference_us=0 | heap=37.2kB/282.0kB (min=239.4kB, biggest=108.0kB) | arena=3.4kB | V_bus=5.132V I_bus=58.7mA P_bus=301.4mW E_total_accum=120.753mWh
14:53:32.193 > [BENCH] IDLE | t_inference_us=0 | heap=37.2kB/282.0kB (min=239.4kB, biggest=108.0kB) | arena=3.4kB | V_bus=5.132V I_bus=58.2mA P_bus=298.8mW E_total_accum=120.920mWh
14:53:34.205 > [BENCH] IDLE | t_inference_us=0 | heap=37.2kB/282.0kB (min=239.4kB, biggest=108.0kB) | arena=3.4kB | V_bus=5.132V I_bus=59.8mA P_bus=306.7mW E_total_accum=121.092mWh
14:53:36.223 > [BENCH] IDLE | t_inference_us=0 | heap=37.2kB/282.0kB (min=239.4kB, biggest=108.0kB) | arena=3.4kB | V_bus=5.132V I_bus=59.2mA P_bus=303.5mW E_total_accum=121.262mWh
14:53:38.240 > [BENCH] IDLE | t_inference_us=0 | heap=37.2kB/282.0kB (min=239.4kB, biggest=108.0kB) | arena=3.4kB | V_bus=5.136V I_bus=59.1mA P_bus=303.1mW E_total_accum=121.431mWh
14:53:40.257 > [BENCH] IDLE | t_inference_us=0 | heap=37.2kB/282.0kB (min=239.4kB, biggest=108.0kB) | arena=3.4kB | V_bus=5.132V I_bus=61.4mA P_bus=315.1mW E_total_accum=121.608mWh
14:53:42.274 > [BENCH] IDLE | t_inference_us=0 | heap=37.2kB/282.0kB (min=239.4kB, biggest=108.0kB) | arena=3.4kB | V_bus=5.132V I_bus=60.3mA P_bus=309.6mW E_total_accum=121.781mWh
14:53:44.272 > [BENCH] IDLE | t_inference_us=0 | heap=37.2kB/282.0kB (min=239.4kB, biggest=108.0kB) | arena=3.4kB | V_bus=5.116V I_bus=62.8mA P_bus=322.1mW E_total_accum=121.960mWh
14:53:46.287 > [BENCH] IDLE | t_inference_us=0 | heap=37.2kB/282.0kB (min=239.4kB, biggest=108.0kB) | arena=3.4kB | V_bus=5.132V I_bus=62.8mA P_bus=322.3mW E_total_accum=122.140mWh
14:53:48.304 > [BENCH] IDLE | t_inference_us=0 | heap=37.2kB/282.0kB (min=239.4kB, biggest=108.0kB) | arena=3.4kB | V_bus=5.132V I_bus=61.6mA P_bus=316.2mW E_total_accum=122.317mWh
14:53:50.305 > [BENCH] IDLE | t_inference_us=0 | heap=37.2kB/282.0kB (min=239.4kB, biggest=108.0kB) | arena=3.4kB | V_bus=5.132V I_bus=60.9mA P_bus=312.7mW E_total_accum=122.492mWh
14:53:52.322 > [BENCH] IDLE | t_inference_us=0 | heap=37.2kB/282.0kB (min=239.4kB, biggest=108.0kB) | arena=3.4kB | V_bus=5.128V I_bus=62.9mA P_bus=322.6mW E_total_accum=122.673mWh
14:53:54.333 > [BENCH] IDLE | t_inference_us=0 | heap=37.2kB/282.0kB (min=239.4kB, biggest=108.0kB) | arena=3.4kB | V_bus=5.128V I_bus=61.6mA P_bus=315.9mW E_total_accum=122.849mWh
14:53:56.352 > [BENCH] IDLE | t_inference_us=0 | heap=37.2kB/282.0kB (min=239.4kB, biggest=108.0kB) | arena=3.4kB | V_bus=5.132V I_bus=62.5mA P_bus=320.5mW E_total_accum=123.029mWh
14:53:58.050 > 
14:53:58.050 > [EVENT] type=HOUR  Tin=29.50 Hin=70.69 Tout=33.90 Hout=55.70
14:53:58.059 > [infer] warmup: window 23/24 - (Invoke NOT executed)
14:53:58.504 > [SENSORS] Health IN ok=676 err=0 reinit=0 pwr=0 | OUT ok=676 err=0 reinit=0 pwr=0
14:53:59.554 > [BENCH] IDLE | t_inference_us=0 | heap=37.2kB/282.0kB (min=239.4kB, biggest=108.0kB) | arena=3.4kB | V_bus=5.132V I_bus=64.4mA P_bus=330.6mW E_total_accum=123.322mWh
14:54:01.568 > [BENCH] IDLE | t_inference_us=0 | heap=37.2kB/282.0kB (min=239.4kB, biggest=108.0kB) | arena=3.4kB | V_bus=5.132V I_bus=62.9mA P_bus=322.7mW E_total_accum=123.502mWh
14:54:03.586 > [BENCH] IDLE | t_inference_us=0 | heap=37.2kB/282.0kB (min=239.4kB, biggest=108.0kB) | arena=3.4kB | V_bus=5.132V I_bus=62.4mA P_bus=320.0mW E_total_accum=123.681mWh
14:54:05.604 > [BENCH] IDLE | t_inference_us=0 | heap=37.2kB/282.0kB (min=239.4kB, biggest=108.0kB) | arena=3.4kB | V_bus=5.116V I_bus=64.1mA P_bus=328.8mW E_total_accum=123.865mWh
14:54:07.612 > [BENCH] IDLE | t_inference_us=0 | heap=37.2kB/282.0kB (min=239.4kB, biggest=108.0kB) | arena=3.4kB | V_bus=5.124V I_bus=62.7mA P_bus=321.3mW E_total_accum=124.044mWh
14:54:09.616 > [BENCH] IDLE | t_inference_us=0 | heap=37.2kB/282.0kB (min=239.4kB, biggest=108.0kB) | arena=3.4kB | V_bus=5.132V I_bus=62.1mA P_bus=318.3mW E_total_accum=124.222mWh
14:54:11.633 > [BENCH] IDLE | t_inference_us=0 | heap=37.2kB/282.0kB (min=239.4kB, biggest=108.0kB) | arena=3.4kB | V_bus=5.128V I_bus=61.0mA P_bus=312.9mW E_total_accum=124.397mWh
14:54:13.650 > [BENCH] IDLE | t_inference_us=0 | heap=37.2kB/282.0kB (min=239.4kB, biggest=108.0kB) | arena=3.4kB | V_bus=5.132V I_bus=60.7mA P_bus=311.1mW E_total_accum=124.571mWh
14:54:15.665 > [BENCH] IDLE | t_inference_us=0 | heap=37.2kB/282.0kB (min=239.4kB, biggest=108.0kB) | arena=3.4kB | V_bus=5.128V I_bus=59.9mA P_bus=307.1mW E_total_accum=124.743mWh
14:54:17.682 > [BENCH] IDLE | t_inference_us=0 | heap=37.2kB/282.0kB (min=239.4kB, biggest=108.0kB) | arena=3.4kB | V_bus=5.132V I_bus=59.8mA P_bus=306.6mW E_total_accum=124.915mWh
14:54:19.682 > [BENCH] IDLE | t_inference_us=0 | heap=37.2kB/282.0kB (min=239.4kB, biggest=108.0kB) | arena=3.4kB | V_bus=5.128V I_bus=59.2mA P_bus=303.4mW E_total_accum=125.084mWh
14:54:21.698 > [BENCH] IDLE | t_inference_us=0 | heap=37.2kB/282.0kB (min=239.4kB, biggest=108.0kB) | arena=3.4kB | V_bus=5.132V I_bus=59.2mA P_bus=303.7mW E_total_accum=125.254mWh
14:54:23.714 > [BENCH] IDLE | t_inference_us=0 | heap=37.2kB/282.0kB (min=239.4kB, biggest=108.0kB) | arena=3.4kB | V_bus=5.128V I_bus=58.7mA P_bus=301.2mW E_total_accum=125.423mWh
14:54:25.737 > [BENCH] IDLE | t_inference_us=0 | heap=37.2kB/282.0kB (min=239.4kB, biggest=108.0kB) | arena=3.4kB | V_bus=5.132V I_bus=58.9mA P_bus=302.1mW E_total_accum=125.592mWh
14:54:27.746 > [BENCH] IDLE | t_inference_us=0 | heap=37.2kB/282.0kB (min=239.4kB, biggest=108.0kB) | arena=3.4kB | V_bus=5.128V I_bus=58.5mA P_bus=300.0mW E_total_accum=125.760mWh
14:54:29.760 > [BENCH] IDLE | t_inference_us=0 | heap=37.2kB/282.0kB (min=239.4kB, biggest=108.0kB) | arena=3.4kB | V_bus=5.128V I_bus=58.9mA P_bus=301.9mW E_total_accum=125.928mWh
14:54:31.779 > [BENCH] IDLE | t_inference_us=0 | heap=37.2kB/282.0kB (min=239.4kB, biggest=108.0kB) | arena=3.4kB | V_bus=5.128V I_bus=58.5mA P_bus=299.8mW E_total_accum=126.096mWh
14:54:33.778 > [BENCH] IDLE | t_inference_us=0 | heap=37.2kB/282.0kB (min=239.4kB, biggest=108.0kB) | arena=3.4kB | V_bus=5.132V I_bus=59.6mA P_bus=305.9mW E_total_accum=126.267mWh
14:54:35.796 > [BENCH] IDLE | t_inference_us=0 | heap=37.2kB/282.0kB (min=239.4kB, biggest=108.0kB) | arena=3.4kB | V_bus=5.128V I_bus=59.0mA P_bus=302.4mW E_total_accum=126.437mWh
14:54:37.813 > [BENCH] IDLE | t_inference_us=0 | heap=37.2kB/282.0kB (min=239.4kB, biggest=108.0kB) | arena=3.4kB | V_bus=5.132V I_bus=60.8mA P_bus=311.8mW E_total_accum=126.611mWh
14:54:39.827 > [BENCH] IDLE | t_inference_us=0 | heap=37.2kB/282.0kB (min=239.4kB, biggest=108.0kB) | arena=3.4kB | V_bus=5.128V I_bus=59.9mA P_bus=307.1mW E_total_accum=126.783mWh
14:54:41.826 > [BENCH] IDLE | t_inference_us=0 | heap=37.2kB/282.0kB (min=239.4kB, biggest=108.0kB) | arena=3.4kB | V_bus=5.128V I_bus=59.8mA P_bus=306.7mW E_total_accum=126.953mWh
14:54:43.842 > [BENCH] IDLE | t_inference_us=0 | heap=37.2kB/282.0kB (min=239.4kB, biggest=108.0kB) | arena=3.4kB | V_bus=5.132V I_bus=59.2mA P_bus=303.7mW E_total_accum=127.123mWh
14:54:45.865 > [BENCH] IDLE | t_inference_us=0 | heap=37.2kB/282.0kB (min=239.4kB, biggest=108.0kB) | arena=3.4kB | V_bus=5.128V I_bus=60.2mA P_bus=308.8mW E_total_accum=127.296mWh
14:54:47.876 > [BENCH] IDLE | t_inference_us=0 | heap=37.2kB/282.0kB (min=239.4kB, biggest=108.0kB) | arena=3.4kB | V_bus=5.128V I_bus=59.4mA P_bus=304.7mW E_total_accum=127.466mWh
14:54:49.892 > [BENCH] IDLE | t_inference_us=0 | heap=37.2kB/282.0kB (min=239.4kB, biggest=108.0kB) | arena=3.4kB | V_bus=5.132V I_bus=61.5mA P_bus=315.5mW E_total_accum=127.643mWh
14:54:51.903 > [BENCH] IDLE | t_inference_us=0 | heap=37.2kB/282.0kB (min=239.4kB, biggest=108.0kB) | arena=3.4kB | V_bus=5.132V I_bus=60.8mA P_bus=311.7mW E_total_accum=127.817mWh
14:54:53.909 > [BENCH] IDLE | t_inference_us=0 | heap=37.2kB/282.0kB (min=239.4kB, biggest=108.0kB) | arena=3.4kB | V_bus=5.128V I_bus=59.9mA P_bus=307.4mW E_total_accum=127.989mWh
14:54:55.926 > [BENCH] IDLE | t_inference_us=0 | heap=37.2kB/282.0kB (min=239.4kB, biggest=108.0kB) | arena=3.4kB | V_bus=5.128V I_bus=60.5mA P_bus=310.3mW E_total_accum=128.163mWh
14:54:57.939 > [BENCH] IDLE | t_inference_us=0 | heap=37.2kB/282.0kB (min=239.4kB, biggest=108.0kB) | arena=3.4kB | V_bus=5.132V I_bus=59.6mA P_bus=305.7mW E_total_accum=128.334mWh
14:54:58.061 > 
14:54:58.061 > [EVENT] type=HOUR  Tin=29.40 Hin=71.23 Tout=34.00 Hout=55.30
14:54:58.085 > [infer] REAL - Invoke executed (model ran)
14:54:58.089 > 
14:54:58.089 > [PWR] infer | E_inference_window(ΔE_total)=1.282µWh (E0=128.344269mWh E1=128.345551mWh) | E_inference_pipeline(ΔE_total)=1.511µWh (E0=128.344131mWh E1=128.345642mWh) | t_inference=13.873ms | t_inference_pipeline=17.075ms | E_total_accum=128.346mWh
14:54:58.112 > [BENCH] INFER_HOURLY | t_inference_us=13873 | heap=37.2kB/282.0kB (min=239.3kB, biggest=108.0kB) | arena=3.4kB | V_bus=5.116V I_bus=63.8mA P_bus=326.5mW E_total_accum=128.346mWh
14:54:58.131 > [HOUR] Tin=29.40 Hin=71.23 | Tp=29.23 Hp=70.60
14:54:58.131 > [HOUR] SAMPLES | N_ALL=1 N_T=1 N_H=1
14:54:58.135 > [HOUR] METRICS | MAE=nan RMSE=nan R2=NA | MAE_T=nan RMSE_T=nan R2_T=NA | MAE_H=nan RMSE_H=nan R2_H=NA
14:54:58.526 > [SENSORS] Health IN ok=704 err=0 reinit=0 pwr=0 | OUT ok=704 err=0 reinit=0 pwr=0
14:55:00.104 > [BENCH] IDLE | t_inference_us=0 | heap=37.2kB/282.0kB (min=239.3kB, biggest=108.0kB) | arena=3.4kB | V_bus=5.132V I_bus=63.7mA P_bus=326.5mW E_total_accum=128.529mWh
14:55:02.107 > [BENCH] IDLE | t_inference_us=0 | heap=37.2kB/282.0kB (min=239.3kB, biggest=108.0kB) | arena=3.4kB | V_bus=5.132V I_bus=62.2mA P_bus=319.0mW E_total_accum=128.707mWh
14:55:04.130 > [BENCH] IDLE | t_inference_us=0 | heap=37.2kB/282.0kB (min=239.3kB, biggest=108.0kB) | arena=3.4kB | V_bus=5.132V I_bus=63.8mA P_bus=327.3mW E_total_accum=128.890mWh
14:55:06.140 > [BENCH] IDLE | t_inference_us=0 | heap=37.2kB/282.0kB (min=239.3kB, biggest=108.0kB) | arena=3.4kB | V_bus=5.128V I_bus=62.9mA P_bus=322.5mW E_total_accum=129.071mWh
14:55:08.157 > [BENCH] IDLE | t_inference_us=0 | heap=37.2kB/282.0kB (min=239.3kB, biggest=108.0kB) | arena=3.4kB | V_bus=5.124V I_bus=61.8mA P_bus=316.6mW E_total_accum=129.248mWh
14:55:10.174 > [BENCH] IDLE | t_inference_us=0 | heap=37.2kB/282.0kB (min=239.3kB, biggest=108.0kB) | arena=3.4kB | V_bus=5.128V I_bus=62.0mA P_bus=317.8mW E_total_accum=129.426mWh
14:55:12.188 > [BENCH] IDLE | t_inference_us=0 | heap=37.2kB/282.0kB (min=239.3kB, biggest=108.0kB) | arena=3.4kB | V_bus=5.132V I_bus=61.0mA P_bus=312.5mW E_total_accum=129.600mWh
14:55:14.188 > [BENCH] IDLE | t_inference_us=0 | heap=37.2kB/282.0kB (min=239.3kB, biggest=108.0kB) | arena=3.4kB | V_bus=5.132V I_bus=62.0mA P_bus=317.9mW E_total_accum=129.778mWh
14:55:16.205 > [BENCH] IDLE | t_inference_us=0 | heap=37.2kB/282.0kB (min=239.3kB, biggest=108.0kB) | arena=3.4kB | V_bus=5.128V I_bus=60.8mA P_bus=311.7mW E_total_accum=129.953mWh
14:55:18.221 > [BENCH] IDLE | t_inference_us=0 | heap=37.2kB/282.0kB (min=239.3kB, biggest=108.0kB) | arena=3.4kB | V_bus=5.132V I_bus=62.1mA P_bus=318.8mW E_total_accum=130.131mWh
14:55:20.218 > [BENCH] IDLE | t_inference_us=0 | heap=37.2kB/282.0kB (min=239.3kB, biggest=108.0kB) | arena=3.4kB | V_bus=5.132V I_bus=63.7mA P_bus=327.0mW E_total_accum=130.313mWh
14:55:22.235 > [BENCH] IDLE | t_inference_us=0 | heap=37.2kB/282.0kB (min=239.3kB, biggest=108.0kB) | arena=3.4kB | V_bus=5.132V I_bus=62.2mA P_bus=319.2mW E_total_accum=130.491mWh
14:55:24.256 > [BENCH] IDLE | t_inference_us=0 | heap=37.2kB/282.0kB (min=239.3kB, biggest=108.0kB) | arena=3.4kB | V_bus=5.132V I_bus=63.6mA P_bus=326.6mW E_total_accum=130.674mWh
14:55:26.269 > [BENCH] IDLE | t_inference_us=0 | heap=37.2kB/282.0kB (min=239.3kB, biggest=108.0kB) | arena=3.4kB | V_bus=5.128V I_bus=62.1mA P_bus=318.6mW E_total_accum=130.852mWh
14:55:28.286 > [BENCH] IDLE | t_inference_us=0 | heap=37.2kB/282.0kB (min=239.3kB, biggest=108.0kB) | arena=3.4kB | V_bus=5.132V I_bus=63.1mA P_bus=323.7mW E_total_accum=131.033mWh
14:55:30.299 > [BENCH] IDLE | t_inference_us=0 | heap=37.2kB/282.0kB (min=239.3kB, biggest=108.0kB) | arena=3.4kB | V_bus=5.132V I_bus=61.7mA P_bus=316.4mW E_total_accum=131.210mWh
14:55:32.316 > [BENCH] IDLE | t_inference_us=0 | heap=37.2kB/282.0kB (min=239.3kB, biggest=108.0kB) | arena=3.4kB | V_bus=5.132V I_bus=62.4mA P_bus=320.1mW E_total_accum=131.389mWh
14:55:34.324 > [BENCH] IDLE | t_inference_us=0 | heap=37.2kB/282.0kB (min=239.3kB, biggest=108.0kB) | arena=3.4kB | V_bus=5.132V I_bus=61.2mA P_bus=314.1mW E_total_accum=131.565mWh
14:55:36.329 > [BENCH] IDLE | t_inference_us=0 | heap=37.2kB/282.0kB (min=239.3kB, biggest=108.0kB) | arena=3.4kB | V_bus=5.128V I_bus=61.4mA P_bus=314.9mW E_total_accum=131.741mWh
14:55:38.351 > [BENCH] IDLE | t_inference_us=0 | heap=37.2kB/282.0kB (min=239.3kB, biggest=108.0kB) | arena=3.4kB | V_bus=5.128V I_bus=60.4mA P_bus=309.8mW E_total_accum=131.915mWh
14:55:40.365 > [BENCH] IDLE | t_inference_us=0 | heap=37.2kB/282.0kB (min=239.3kB, biggest=108.0kB) | arena=3.4kB | V_bus=5.128V I_bus=60.4mA P_bus=309.8mW E_total_accum=132.088mWh
14:55:42.382 > [BENCH] IDLE | t_inference_us=0 | heap=37.2kB/282.0kB (min=239.3kB, biggest=108.0kB) | arena=3.4kB | V_bus=5.128V I_bus=59.6mA P_bus=305.6mW E_total_accum=132.259mWh
14:55:44.399 > [BENCH] IDLE | t_inference_us=0 | heap=37.2kB/282.0kB (min=239.3kB, biggest=108.0kB) | arena=3.4kB | V_bus=5.132V I_bus=59.7mA P_bus=306.1mW E_total_accum=132.430mWh
14:55:46.403 > [BENCH] IDLE | t_inference_us=0 | heap=37.2kB/282.0kB (min=239.3kB, biggest=108.0kB) | arena=3.4kB | V_bus=5.128V I_bus=58.9mA P_bus=302.4mW E_total_accum=132.599mWh
14:55:48.421 > [BENCH] IDLE | t_inference_us=0 | heap=37.2kB/282.0kB (min=239.3kB, biggest=108.0kB) | arena=3.4kB | V_bus=5.132V I_bus=59.6mA P_bus=305.7mW E_total_accum=132.770mWh
14:55:50.428 > [BENCH] IDLE | t_inference_us=0 | heap=37.2kB/282.0kB (min=239.3kB, biggest=108.0kB) | arena=3.4kB | V_bus=5.128V I_bus=58.9mA P_bus=302.0mW E_total_accum=132.939mWh
14:55:52.447 > [BENCH] IDLE | t_inference_us=0 | heap=37.2kB/282.0kB (min=239.3kB, biggest=108.0kB) | arena=3.4kB | V_bus=5.132V I_bus=60.3mA P_bus=309.5mW E_total_accum=133.112mWh
14:55:54.463 > [BENCH] IDLE | t_inference_us=0 | heap=37.2kB/282.0kB (min=239.3kB, biggest=108.0kB) | arena=3.4kB | V_bus=5.112V I_bus=60.3mA P_bus=309.3mW E_total_accum=133.285mWh
14:55:56.463 > [BENCH] IDLE | t_inference_us=0 | heap=37.2kB/282.0kB (min=239.3kB, biggest=108.0kB) | arena=3.4kB | V_bus=5.128V I_bus=60.6mA P_bus=310.7mW E_total_accum=133.458mWh
14:55:58.080 > 
14:55:58.080 > [EVENT] type=HOUR  Tin=28.00 Hin=70.80 Tout=34.40 Hout=54.60
14:55:58.099 > [infer] REAL - Invoke executed (model ran)
14:55:58.104 > 
14:55:58.104 > [PWR] infer | E_inference_window(ΔE_total)=1.328µWh (E0=133.598434mWh E1=133.599762mWh) | E_inference_pipeline(ΔE_total)=1.587µWh (E0=133.598282mWh E1=133.599869mWh) | t_inference=13.848ms | t_inference_pipeline=17.139ms | E_total_accum=133.600mWh
14:55:58.126 > [BENCH] INFER_HOURLY | t_inference_us=13848 | heap=37.2kB/282.0kB (min=239.3kB, biggest=108.0kB) | arena=3.4kB | V_bus=5.116V I_bus=65.6mA P_bus=335.8mW E_total_accum=133.600mWh
14:55:58.142 > [HOUR] Tin=28.00 Hin=70.80 | Tp=29.18 Hp=71.16
14:55:58.145 > [HOUR] SAMPLES | N_ALL=2 N_T=2 N_H=2
14:55:58.149 > [HOUR] METRICS | MAE=nan RMSE=nan R2=NA | MAE_T=nan RMSE_T=nan R2_T=NA | MAE_H=nan RMSE_H=nan R2_H=NA
14:55:58.546 > [SENSORS] Health IN ok=732 err=0 reinit=0 pwr=0 | OUT ok=732 err=0 reinit=0 pwr=0
14:56:00.111 > [BENCH] IDLE | t_inference_us=0 | heap=37.2kB/282.0kB (min=239.3kB, biggest=108.0kB) | arena=3.4kB | V_bus=5.132V I_bus=63.7mA P_bus=326.2mW E_total_accum=133.783mWh
14:56:02.130 > [BENCH] IDLE | t_inference_us=0 | heap=37.2kB/282.0kB (min=239.3kB, biggest=108.0kB) | arena=3.4kB | V_bus=5.132V I_bus=62.2mA P_bus=318.5mW E_total_accum=133.961mWh
14:56:04.143 > [BENCH] IDLE | t_inference_us=0 | heap=37.2kB/282.0kB (min=239.3kB, biggest=108.0kB) | arena=3.4kB | V_bus=5.128V I_bus=60.9mA P_bus=312.2mW E_total_accum=134.136mWh
14:56:06.161 > [BENCH] IDLE | t_inference_us=0 | heap=37.2kB/282.0kB (min=239.3kB, biggest=108.0kB) | arena=3.4kB | V_bus=5.132V I_bus=59.9mA P_bus=307.2mW E_total_accum=134.307mWh
14:56:08.169 > [BENCH] IDLE | t_inference_us=0 | heap=37.2kB/282.0kB (min=239.3kB, biggest=108.0kB) | arena=3.4kB | V_bus=5.132V I_bus=59.1mA P_bus=302.9mW E_total_accum=134.477mWh
14:56:10.178 > [BENCH] IDLE | t_inference_us=0 | heap=37.2kB/282.0kB (min=239.3kB, biggest=108.0kB) | arena=3.4kB | V_bus=5.132V I_bus=58.4mA P_bus=299.5mW E_total_accum=134.644mWh
14:56:12.203 > [BENCH] IDLE | t_inference_us=0 | heap=37.2kB/282.0kB (min=239.3kB, biggest=108.0kB) | arena=3.4kB | V_bus=5.132V I_bus=58.6mA P_bus=300.6mW E_total_accum=134.813mWh
14:56:14.205 > [BENCH] IDLE | t_inference_us=0 | heap=37.2kB/282.0kB (min=239.3kB, biggest=108.0kB) | arena=3.4kB | V_bus=5.132V I_bus=60.1mA P_bus=308.3mW E_total_accum=134.985mWh
14:56:16.222 > [BENCH] IDLE | t_inference_us=0 | heap=37.2kB/282.0kB (min=239.3kB, biggest=108.0kB) | arena=3.4kB | V_bus=5.128V I_bus=59.3mA P_bus=304.4mW E_total_accum=135.155mWh
14:56:18.241 > [BENCH] IDLE | t_inference_us=0 | heap=37.2kB/282.0kB (min=239.3kB, biggest=108.0kB) | arena=3.4kB | V_bus=5.132V I_bus=58.7mA P_bus=301.0mW E_total_accum=135.324mWh
14:56:20.258 > [BENCH] IDLE | t_inference_us=0 | heap=37.2kB/282.0kB (min=239.3kB, biggest=108.0kB) | arena=3.4kB | V_bus=5.132V I_bus=58.0mA P_bus=297.7mW E_total_accum=135.490mWh
14:56:22.272 > [BENCH] IDLE | t_inference_us=0 | heap=37.2kB/282.0kB (min=239.3kB, biggest=108.0kB) | arena=3.4kB | V_bus=5.132V I_bus=58.2mA P_bus=298.4mW E_total_accum=135.657mWh
14:56:24.272 > [BENCH] IDLE | t_inference_us=0 | heap=37.2kB/282.0kB (min=239.3kB, biggest=108.0kB) | arena=3.4kB | V_bus=5.116V I_bus=60.9mA P_bus=312.4mW E_total_accum=135.831mWh
14:56:26.274 > [BENCH] IDLE | t_inference_us=0 | heap=37.2kB/282.0kB (min=239.3kB, biggest=108.0kB) | arena=3.4kB | V_bus=5.132V I_bus=60.3mA P_bus=309.1mW E_total_accum=136.004mWh
14:56:28.295 > [BENCH] IDLE | t_inference_us=0 | heap=37.2kB/282.0kB (min=239.3kB, biggest=108.0kB) | arena=3.4kB | V_bus=5.132V I_bus=60.7mA P_bus=311.3mW E_total_accum=136.178mWh
14:56:30.307 > [BENCH] IDLE | t_inference_us=0 | heap=37.2kB/282.0kB (min=239.3kB, biggest=108.0kB) | arena=3.4kB | V_bus=5.132V I_bus=62.2mA P_bus=319.3mW E_total_accum=136.357mWh
14:56:32.329 > [BENCH] IDLE | t_inference_us=0 | heap=37.2kB/282.0kB (min=239.3kB, biggest=108.0kB) | arena=3.4kB | V_bus=5.132V I_bus=61.0mA P_bus=313.1mW E_total_accum=136.532mWh
14:56:34.340 > [BENCH] IDLE | t_inference_us=0 | heap=37.2kB/282.0kB (min=239.3kB, biggest=108.0kB) | arena=3.4kB | V_bus=5.132V I_bus=60.0mA P_bus=308.1mW E_total_accum=136.704mWh
14:56:36.354 > [BENCH] IDLE | t_inference_us=0 | heap=37.2kB/282.0kB (min=239.3kB, biggest=108.0kB) | arena=3.4kB | V_bus=5.128V I_bus=59.2mA P_bus=303.6mW E_total_accum=136.874mWh
14:56:38.372 > [BENCH] IDLE | t_inference_us=0 | heap=37.2kB/282.0kB (min=239.3kB, biggest=108.0kB) | arena=3.4kB | V_bus=5.132V I_bus=59.0mA P_bus=302.6mW E_total_accum=137.043mWh
14:56:40.371 > [BENCH] IDLE | t_inference_us=0 | heap=37.2kB/282.0kB (min=239.3kB, biggest=108.0kB) | arena=3.4kB | V_bus=5.132V I_bus=59.8mA P_bus=306.6mW E_total_accum=137.215mWh
14:56:42.387 > [BENCH] IDLE | t_inference_us=0 | heap=37.2kB/282.0kB (min=239.3kB, biggest=108.0kB) | arena=3.4kB | V_bus=5.132V I_bus=61.5mA P_bus=315.5mW E_total_accum=137.391mWh
14:56:44.402 > [BENCH] IDLE | t_inference_us=0 | heap=37.2kB/282.0kB (min=239.3kB, biggest=108.0kB) | arena=3.4kB | V_bus=5.132V I_bus=60.4mA P_bus=309.7mW E_total_accum=137.565mWh
14:56:46.419 > [BENCH] IDLE | t_inference_us=0 | heap=37.2kB/282.0kB (min=239.3kB, biggest=108.0kB) | arena=3.4kB | V_bus=5.132V I_bus=59.4mA P_bus=305.0mW E_total_accum=137.735mWh
14:56:48.434 > [BENCH] IDLE | t_inference_us=0 | heap=37.2kB/282.0kB (min=239.3kB, biggest=108.0kB) | arena=3.4kB | V_bus=5.132V I_bus=58.6mA P_bus=300.8mW E_total_accum=137.904mWh
14:56:50.454 > [BENCH] IDLE | t_inference_us=0 | heap=37.2kB/282.0kB (min=239.3kB, biggest=108.0kB) | arena=3.4kB | V_bus=5.136V I_bus=58.2mA P_bus=298.7mW E_total_accum=138.071mWh
14:56:52.467 > [BENCH] IDLE | t_inference_us=0 | heap=37.2kB/282.0kB (min=239.3kB, biggest=108.0kB) | arena=3.4kB | V_bus=5.132V I_bus=58.3mA P_bus=299.3mW E_total_accum=138.238mWh
14:56:54.483 > [BENCH] IDLE | t_inference_us=0 | heap=37.2kB/282.0kB (min=239.3kB, biggest=108.0kB) | arena=3.4kB | V_bus=5.132V I_bus=59.4mA P_bus=304.7mW E_total_accum=138.409mWh
14:56:56.484 > [BENCH] IDLE | t_inference_us=0 | heap=37.2kB/282.0kB (min=239.3kB, biggest=108.0kB) | arena=3.4kB | V_bus=5.136V I_bus=60.9mA P_bus=312.7mW E_total_accum=138.583mWh
14:56:58.050 > 
14:56:58.050 > [EVENT] type=HOUR  Tin=26.80 Hin=71.60 Tout=34.30 Hout=55.10
14:56:58.074 > [infer] REAL - Invoke executed (model ran)
14:56:58.074 > 
14:56:58.074 > [PWR] infer | E_inference_window(ΔE_total)=1.297µWh (E0=138.717163mWh E1=138.718460mWh) | E_inference_pipeline(ΔE_total)=1.556µWh (E0=138.717010mWh E1=138.718567mWh) | t_inference=13.836ms | t_inference_pipeline=17.114ms | E_total_accum=138.719mWh
14:56:58.100 > [BENCH] INFER_HOURLY | t_inference_us=13836 | heap=37.2kB/282.0kB (min=239.3kB, biggest=108.0kB) | arena=3.4kB | V_bus=5.116V I_bus=63.7mA P_bus=326.3mW E_total_accum=138.719mWh
14:56:58.115 > [HOUR] Tin=26.80 Hin=71.60 | Tp=27.78 Hp=70.76
14:56:58.120 > [HOUR] SAMPLES | N_ALL=3 N_T=3 N_H=3
14:56:58.123 > [HOUR] METRICS | MAE=nan RMSE=nan R2=NA | MAE_T=nan RMSE_T=nan R2_T=NA | MAE_H=nan RMSE_H=nan R2_H=NA
14:56:58.569 > [SENSORS] Health IN ok=761 err=0 reinit=0 pwr=0 | OUT ok=761 err=0 reinit=0 pwr=0
14:57:00.085 > [BENCH] IDLE | t_inference_us=0 | heap=37.2kB/282.0kB (min=239.3kB, biggest=108.0kB) | arena=3.4kB | V_bus=5.132V I_bus=62.0mA P_bus=317.7mW E_total_accum=138.897mWh
14:57:02.102 > [BENCH] IDLE | t_inference_us=0 | heap=37.2kB/282.0kB (min=239.3kB, biggest=108.0kB) | arena=3.4kB | V_bus=5.132V I_bus=61.0mA P_bus=312.7mW E_total_accum=139.072mWh
14:57:04.113 > [BENCH] IDLE | t_inference_us=0 | heap=37.2kB/282.0kB (min=239.3kB, biggest=108.0kB) | arena=3.4kB | V_bus=5.132V I_bus=60.6mA P_bus=310.7mW E_total_accum=139.245mWh
14:57:06.130 > [BENCH] IDLE | t_inference_us=0 | heap=37.2kB/282.0kB (min=239.3kB, biggest=108.0kB) | arena=3.4kB | V_bus=5.132V I_bus=61.3mA P_bus=314.2mW E_total_accum=139.421mWh
14:57:08.148 > [BENCH] IDLE | t_inference_us=0 | heap=37.2kB/282.0kB (min=239.3kB, biggest=108.0kB) | arena=3.4kB | V_bus=5.132V I_bus=62.4mA P_bus=320.1mW E_total_accum=139.600mWh
14:57:10.164 > [BENCH] IDLE | t_inference_us=0 | heap=37.2kB/282.0kB (min=239.3kB, biggest=108.0kB) | arena=3.4kB | V_bus=5.132V I_bus=63.9mA P_bus=327.6mW E_total_accum=139.784mWh
14:57:12.166 > [BENCH] IDLE | t_inference_us=0 | heap=37.2kB/282.0kB (min=239.3kB, biggest=108.0kB) | arena=3.4kB | V_bus=5.128V I_bus=62.3mA P_bus=319.5mW E_total_accum=139.962mWh
14:57:14.176 > [BENCH] IDLE | t_inference_us=0 | heap=37.2kB/282.0kB (min=239.3kB, biggest=108.0kB) | arena=3.4kB | V_bus=5.132V I_bus=61.1mA P_bus=313.3mW E_total_accum=140.138mWh
14:57:16.193 > [BENCH] IDLE | t_inference_us=0 | heap=37.2kB/282.0kB (min=239.3kB, biggest=108.0kB) | arena=3.4kB | V_bus=5.132V I_bus=60.0mA P_bus=307.7mW E_total_accum=140.310mWh
14:57:18.213 > [BENCH] IDLE | t_inference_us=0 | heap=37.2kB/282.0kB (min=239.3kB, biggest=108.0kB) | arena=3.4kB | V_bus=5.132V I_bus=59.1mA P_bus=303.1mW E_total_accum=140.479mWh
14:57:20.233 > [BENCH] IDLE | t_inference_us=0 | heap=37.2kB/282.0kB (min=239.3kB, biggest=108.0kB) | arena=3.4kB | V_bus=5.128V I_bus=58.7mA P_bus=301.1mW E_total_accum=140.648mWh
14:57:22.247 > [BENCH] IDLE | t_inference_us=0 | heap=37.2kB/282.0kB (min=239.3kB, biggest=108.0kB) | arena=3.4kB | V_bus=5.132V I_bus=58.7mA P_bus=301.2mW E_total_accum=140.816mWh
14:57:24.261 > [BENCH] IDLE | t_inference_us=0 | heap=37.2kB/282.0kB (min=239.3kB, biggest=108.0kB) | arena=3.4kB | V_bus=5.132V I_bus=59.2mA P_bus=303.9mW E_total_accum=140.986mWh
14:57:26.275 > [BENCH] IDLE | t_inference_us=0 | heap=37.2kB/282.0kB (min=239.3kB, biggest=108.0kB) | arena=3.4kB | V_bus=5.132V I_bus=60.4mA P_bus=309.8mW E_total_accum=141.160mWh
14:57:28.278 > [BENCH] IDLE | t_inference_us=0 | heap=37.2kB/282.0kB (min=239.3kB, biggest=108.0kB) | arena=3.4kB | V_bus=5.112V I_bus=62.2mA P_bus=318.7mW E_total_accum=141.337mWh
14:57:30.278 > [BENCH] IDLE | t_inference_us=0 | heap=37.2kB/282.0kB (min=239.3kB, biggest=108.0kB) | arena=3.4kB | V_bus=5.132V I_bus=61.1mA P_bus=313.5mW E_total_accum=141.512mWh
14:57:32.289 > [BENCH] IDLE | t_inference_us=0 | heap=37.2kB/282.0kB (min=239.3kB, biggest=108.0kB) | arena=3.4kB | V_bus=5.132V I_bus=60.6mA P_bus=310.7mW E_total_accum=141.686mWh
14:57:34.312 > [BENCH] IDLE | t_inference_us=0 | heap=37.2kB/282.0kB (min=239.3kB, biggest=108.0kB) | arena=3.4kB | V_bus=5.132V I_bus=60.4mA P_bus=310.0mW E_total_accum=141.859mWh
14:57:36.326 > [BENCH] IDLE | t_inference_us=0 | heap=37.2kB/282.0kB (min=239.3kB, biggest=108.0kB) | arena=3.4kB | V_bus=5.132V I_bus=60.8mA P_bus=312.1mW E_total_accum=142.034mWh
14:57:38.343 > [BENCH] IDLE | t_inference_us=0 | heap=37.2kB/282.0kB (min=239.3kB, biggest=108.0kB) | arena=3.4kB | V_bus=5.132V I_bus=61.7mA P_bus=316.5mW E_total_accum=142.211mWh
14:57:40.360 > [BENCH] IDLE | t_inference_us=0 | heap=37.2kB/282.0kB (min=239.3kB, biggest=108.0kB) | arena=3.4kB | V_bus=5.132V I_bus=62.6mA P_bus=321.1mW E_total_accum=142.391mWh
14:57:42.364 > [BENCH] IDLE | t_inference_us=0 | heap=37.2kB/282.0kB (min=239.3kB, biggest=108.0kB) | arena=3.4kB | V_bus=5.132V I_bus=63.7mA P_bus=327.0mW E_total_accum=142.574mWh
14:57:44.388 > [BENCH] IDLE | t_inference_us=0 | heap=37.2kB/282.0kB (min=239.3kB, biggest=108.0kB) | arena=3.4kB | V_bus=5.132V I_bus=64.8mA P_bus=332.3mW E_total_accum=142.760mWh
14:57:46.391 > [BENCH] IDLE | t_inference_us=0 | heap=37.2kB/282.0kB (min=239.3kB, biggest=108.0kB) | arena=3.4kB | V_bus=5.132V I_bus=62.9mA P_bus=323.0mW E_total_accum=142.940mWh
14:57:48.408 > [BENCH] IDLE | t_inference_us=0 | heap=37.2kB/282.0kB (min=239.3kB, biggest=108.0kB) | arena=3.4kB | V_bus=5.132V I_bus=61.5mA P_bus=315.5mW E_total_accum=143.117mWh
14:57:50.424 > [BENCH] IDLE | t_inference_us=0 | heap=37.2kB/282.0kB (min=239.3kB, biggest=108.0kB) | arena=3.4kB | V_bus=5.132V I_bus=60.3mA P_bus=309.5mW E_total_accum=143.290mWh
14:57:52.442 > [BENCH] IDLE | t_inference_us=0 | heap=37.2kB/282.0kB (min=239.3kB, biggest=108.0kB) | arena=3.4kB | V_bus=5.128V I_bus=59.4mA P_bus=304.6mW E_total_accum=143.460mWh
14:57:54.454 > [BENCH] IDLE | t_inference_us=0 | heap=37.2kB/282.0kB (min=239.3kB, biggest=108.0kB) | arena=3.4kB | V_bus=5.132V I_bus=58.6mA P_bus=300.7mW E_total_accum=143.629mWh
14:57:56.471 > [BENCH] IDLE | t_inference_us=0 | heap=37.2kB/282.0kB (min=239.3kB, biggest=108.0kB) | arena=3.4kB | V_bus=5.132V I_bus=58.0mA P_bus=297.5mW E_total_accum=143.795mWh
14:57:58.072 > 
14:57:58.072 > [EVENT] type=HOUR  Tin=26.20 Hin=71.10 Tout=34.20 Hout=55.50
14:57:58.089 > [infer] REAL - Invoke executed (model ran)
14:57:58.092 > 
14:57:58.092 > [PWR] infer | E_inference_window(ΔE_total)=1.312µWh (E0=143.932587mWh E1=143.933899mWh) | E_inference_pipeline(ΔE_total)=1.556µWh (E0=143.932449mWh E1=143.934006mWh) | t_inference=13.847ms | t_inference_pipeline=17.120ms | E_total_accum=143.934mWh
14:57:58.118 > [BENCH] INFER_HOURLY | t_inference_us=13847 | heap=37.2kB/282.0kB (min=239.3kB, biggest=108.0kB) | arena=3.4kB | V_bus=5.120V I_bus=65.1mA P_bus=333.3mW E_total_accum=143.934mWh
14:57:58.133 > [HOUR] Tin=26.20 Hin=71.10 | Tp=26.60 Hp=71.56
14:57:58.135 > [HOUR] SAMPLES | N_ALL=4 N_T=4 N_H=4
14:57:58.138 > [HOUR] METRICS | MAE=nan RMSE=nan R2=NA | MAE_T=nan RMSE_T=nan R2_T=NA | MAE_H=nan RMSE_H=nan R2_H=NA
14:57:58.574 > [SENSORS] Health IN ok=789 err=0 reinit=0 pwr=0 | OUT ok=789 err=0 reinit=0 pwr=0
14:58:00.104 > [BENCH] IDLE | t_inference_us=0 | heap=37.2kB/282.0kB (min=239.3kB, biggest=108.0kB) | arena=3.4kB | V_bus=5.132V I_bus=65.4mA P_bus=335.4mW E_total_accum=144.122mWh
14:58:02.121 > [BENCH] IDLE | t_inference_us=0 | heap=37.2kB/282.0kB (min=239.3kB, biggest=108.0kB) | arena=3.4kB | V_bus=5.132V I_bus=66.2mA P_bus=339.3mW E_total_accum=144.312mWh
14:58:04.128 > [BENCH] IDLE | t_inference_us=0 | heap=37.2kB/282.0kB (min=239.3kB, biggest=108.0kB) | arena=3.4kB | V_bus=5.132V I_bus=66.8mA P_bus=342.4mW E_total_accum=144.503mWh
14:58:06.151 > [BENCH] IDLE | t_inference_us=0 | heap=37.2kB/282.0kB (min=239.3kB, biggest=108.0kB) | arena=3.4kB | V_bus=5.136V I_bus=67.3mA P_bus=345.2mW E_total_accum=144.697mWh
14:58:08.153 > [BENCH] IDLE | t_inference_us=0 | heap=37.2kB/282.0kB (min=239.3kB, biggest=108.0kB) | arena=3.4kB | V_bus=5.132V I_bus=67.7mA P_bus=347.5mW E_total_accum=144.891mWh
14:58:10.169 > [BENCH] IDLE | t_inference_us=0 | heap=37.2kB/282.0kB (min=239.3kB, biggest=108.0kB) | arena=3.4kB | V_bus=5.132V I_bus=65.4mA P_bus=335.6mW E_total_accum=145.079mWh
14:58:12.187 > [BENCH] IDLE | t_inference_us=0 | heap=37.2kB/282.0kB (min=239.3kB, biggest=108.0kB) | arena=3.4kB | V_bus=5.132V I_bus=63.5mA P_bus=325.9mW E_total_accum=145.261mWh
14:58:14.203 > [BENCH] IDLE | t_inference_us=0 | heap=37.2kB/282.0kB (min=239.3kB, biggest=108.0kB) | arena=3.4kB | V_bus=5.132V I_bus=62.0mA P_bus=318.2mW E_total_accum=145.439mWh
14:58:16.219 > [BENCH] IDLE | t_inference_us=0 | heap=37.2kB/282.0kB (min=239.3kB, biggest=108.0kB) | arena=3.4kB | V_bus=5.132V I_bus=60.8mA P_bus=312.1mW E_total_accum=145.614mWh
14:58:18.234 > [BENCH] IDLE | t_inference_us=0 | heap=37.2kB/282.0kB (min=239.3kB, biggest=108.0kB) | arena=3.4kB | V_bus=5.132V I_bus=59.9mA P_bus=307.1mW E_total_accum=145.786mWh
14:58:20.234 > [BENCH] IDLE | t_inference_us=0 | heap=37.2kB/282.0kB (min=239.3kB, biggest=108.0kB) | arena=3.4kB | V_bus=5.132V I_bus=59.1mA P_bus=303.3mW E_total_accum=145.955mWh
14:58:22.252 > [BENCH] IDLE | t_inference_us=0 | heap=37.2kB/282.0kB (min=239.3kB, biggest=108.0kB) | arena=3.4kB | V_bus=5.132V I_bus=61.2mA P_bus=314.3mW E_total_accum=146.131mWh
14:58:24.269 > [BENCH] IDLE | t_inference_us=0 | heap=37.2kB/282.0kB (min=239.3kB, biggest=108.0kB) | arena=3.4kB | V_bus=5.132V I_bus=62.8mA P_bus=322.3mW E_total_accum=146.311mWh
14:58:26.291 > [BENCH] IDLE | t_inference_us=0 | heap=37.2kB/282.0kB (min=239.3kB, biggest=108.0kB) | arena=3.4kB | V_bus=5.132V I_bus=64.1mA P_bus=328.7mW E_total_accum=146.495mWh
14:58:28.297 > [BENCH] IDLE | t_inference_us=0 | heap=37.2kB/282.0kB (min=239.3kB, biggest=108.0kB) | arena=3.4kB | V_bus=5.132V I_bus=65.0mA P_bus=333.6mW E_total_accum=146.682mWh
14:58:30.315 > [BENCH] IDLE | t_inference_us=0 | heap=37.2kB/282.0kB (min=239.3kB, biggest=108.0kB) | arena=3.4kB | V_bus=5.132V I_bus=65.6mA P_bus=336.9mW E_total_accum=146.870mWh
14:58:32.332 > [BENCH] IDLE | t_inference_us=0 | heap=37.2kB/282.0kB (min=239.3kB, biggest=108.0kB) | arena=3.4kB | V_bus=5.116V I_bus=66.4mA P_bus=340.6mW E_total_accum=147.061mWh
14:58:34.333 > [BENCH] IDLE | t_inference_us=0 | heap=37.2kB/282.0kB (min=239.3kB, biggest=108.0kB) | arena=3.4kB | V_bus=5.132V I_bus=64.1mA P_bus=328.9mW E_total_accum=147.244mWh
14:58:36.343 > [BENCH] IDLE | t_inference_us=0 | heap=37.2kB/282.0kB (min=239.3kB, biggest=108.0kB) | arena=3.4kB | V_bus=5.132V I_bus=62.3mA P_bus=319.6mW E_total_accum=147.423mWh
14:58:38.348 > [BENCH] IDLE | t_inference_us=0 | heap=37.2kB/282.0kB (min=239.3kB, biggest=108.0kB) | arena=3.4kB | V_bus=5.132V I_bus=60.8mA P_bus=312.0mW E_total_accum=147.597mWh
14:58:40.368 > [BENCH] IDLE | t_inference_us=0 | heap=37.2kB/282.0kB (min=239.3kB, biggest=108.0kB) | arena=3.4kB | V_bus=5.132V I_bus=59.7mA P_bus=306.1mW E_total_accum=147.768mWh
14:58:42.380 > [BENCH] IDLE | t_inference_us=0 | heap=37.2kB/282.0kB (min=239.3kB, biggest=108.0kB) | arena=3.4kB | V_bus=5.132V I_bus=58.8mA P_bus=301.7mW E_total_accum=147.937mWh
14:58:44.397 > [BENCH] IDLE | t_inference_us=0 | heap=37.2kB/282.0kB (min=239.3kB, biggest=108.0kB) | arena=3.4kB | V_bus=5.132V I_bus=58.1mA P_bus=298.2mW E_total_accum=148.104mWh
14:58:46.417 > [BENCH] IDLE | t_inference_us=0 | heap=37.2kB/282.0kB (min=239.3kB, biggest=108.0kB) | arena=3.4kB | V_bus=5.128V I_bus=57.6mA P_bus=295.4mW E_total_accum=148.269mWh
14:58:48.431 > [BENCH] IDLE | t_inference_us=0 | heap=37.2kB/282.0kB (min=239.3kB, biggest=108.0kB) | arena=3.4kB | V_bus=5.128V I_bus=57.2mA P_bus=293.5mW E_total_accum=148.433mWh
14:58:50.443 > [BENCH] IDLE | t_inference_us=0 | heap=37.2kB/282.0kB (min=239.3kB, biggest=108.0kB) | arena=3.4kB | V_bus=5.132V I_bus=56.9mA P_bus=291.7mW E_total_accum=148.597mWh
14:58:52.446 > [BENCH] IDLE | t_inference_us=0 | heap=37.2kB/282.0kB (min=239.3kB, biggest=108.0kB) | arena=3.4kB | V_bus=5.132V I_bus=59.4mA P_bus=304.5mW E_total_accum=148.767mWh
14:58:54.464 > [BENCH] IDLE | t_inference_us=0 | heap=37.2kB/282.0kB (min=239.3kB, biggest=108.0kB) | arena=3.4kB | V_bus=5.132V I_bus=61.2mA P_bus=314.1mW E_total_accum=148.943mWh
14:58:56.477 > [BENCH] IDLE | t_inference_us=0 | heap=37.2kB/282.0kB (min=239.3kB, biggest=108.0kB) | arena=3.4kB | V_bus=5.136V I_bus=62.3mA P_bus=319.8mW E_total_accum=149.122mWh
14:58:58.044 > 
14:58:58.060 > [EVENT] type=HOUR  Tin=25.80 Hin=70.33 Tout=34.00 Hout=55.40
14:58:58.077 > [infer] REAL - Invoke executed (model ran)
14:58:58.080 > 
14:58:58.081 > [PWR] infer | E_inference_window(ΔE_total)=1.343µWh (E0=149.261581mWh E1=149.262924mWh) | E_inference_pipeline(ΔE_total)=1.602µWh (E0=149.261429mWh E1=149.263031mWh) | t_inference=13.836ms | t_inference_pipeline=17.133ms | E_total_accum=149.263mWh
14:58:58.107 > [BENCH] INFER_HOURLY | t_inference_us=13836 | heap=37.2kB/282.0kB (min=239.3kB, biggest=108.0kB) | arena=3.4kB | V_bus=5.120V I_bus=65.9mA P_bus=337.8mW E_total_accum=149.263mWh
14:58:58.118 > [HOUR] Tin=25.80 Hin=70.33 | Tp=25.98 Hp=71.06
14:58:58.124 > [HOUR] SAMPLES | N_ALL=5 N_T=5 N_H=5
14:58:58.124 > [HOUR] METRICS | MAE=nan RMSE=nan R2=NA | MAE_T=nan RMSE_T=nan R2_T=NA | MAE_H=nan RMSE_H=nan R2_H=NA
14:58:58.600 > [SENSORS] Health IN ok=817 err=0 reinit=0 pwr=0 | OUT ok=817 err=0 reinit=0 pwr=0
14:59:00.092 > [BENCH] IDLE | t_inference_us=0 | heap=37.2kB/282.0kB (min=239.3kB, biggest=108.0kB) | arena=3.4kB | V_bus=5.132V I_bus=63.8mA P_bus=327.0mW E_total_accum=149.446mWh
14:59:02.092 > [BENCH] IDLE | t_inference_us=0 | heap=37.2kB/282.0kB (min=239.3kB, biggest=108.0kB) | arena=3.4kB | V_bus=5.132V I_bus=64.9mA P_bus=332.8mW E_total_accum=149.631mWh
14:59:04.108 > [BENCH] IDLE | t_inference_us=0 | heap=37.2kB/282.0kB (min=239.3kB, biggest=108.0kB) | arena=3.4kB | V_bus=5.128V I_bus=65.2mA P_bus=334.3mW E_total_accum=149.818mWh
14:59:06.114 > [BENCH] IDLE | t_inference_us=0 | heap=37.2kB/282.0kB (min=239.3kB, biggest=108.0kB) | arena=3.4kB | V_bus=5.132V I_bus=65.1mA P_bus=333.9mW E_total_accum=150.005mWh
14:59:08.139 > [BENCH] IDLE | t_inference_us=0 | heap=37.2kB/282.0kB (min=239.3kB, biggest=108.0kB) | arena=3.4kB | V_bus=5.132V I_bus=64.3mA P_bus=329.9mW E_total_accum=150.190mWh
14:59:10.151 > [BENCH] IDLE | t_inference_us=0 | heap=37.2kB/282.0kB (min=239.3kB, biggest=108.0kB) | arena=3.4kB | V_bus=5.128V I_bus=63.3mA P_bus=324.5mW E_total_accum=150.371mWh
14:59:12.167 > [BENCH] IDLE | t_inference_us=0 | heap=37.2kB/282.0kB (min=239.3kB, biggest=108.0kB) | arena=3.4kB | V_bus=5.132V I_bus=62.2mA P_bus=318.8mW E_total_accum=150.550mWh
14:59:14.172 > [BENCH] IDLE | t_inference_us=0 | heap=37.2kB/282.0kB (min=239.3kB, biggest=108.0kB) | arena=3.4kB | V_bus=5.132V I_bus=60.9mA P_bus=312.6mW E_total_accum=150.725mWh
14:59:16.190 > [BENCH] IDLE | t_inference_us=0 | heap=37.2kB/282.0kB (min=239.3kB, biggest=108.0kB) | arena=3.4kB | V_bus=5.132V I_bus=59.8mA P_bus=306.7mW E_total_accum=150.896mWh
14:59:18.206 > [BENCH] IDLE | t_inference_us=0 | heap=37.2kB/282.0kB (min=239.3kB, biggest=108.0kB) | arena=3.4kB | V_bus=5.132V I_bus=58.9mA P_bus=302.2mW E_total_accum=151.065mWh
14:59:20.220 > [BENCH] IDLE | t_inference_us=0 | heap=37.2kB/282.0kB (min=239.3kB, biggest=108.0kB) | arena=3.4kB | V_bus=5.128V I_bus=58.2mA P_bus=298.6mW E_total_accum=151.232mWh
14:59:22.224 > [BENCH] IDLE | t_inference_us=0 | heap=37.2kB/282.0kB (min=239.3kB, biggest=108.0kB) | arena=3.4kB | V_bus=5.132V I_bus=57.6mA P_bus=295.6mW E_total_accum=151.398mWh
14:59:24.240 > [BENCH] IDLE | t_inference_us=0 | heap=37.2kB/282.0kB (min=239.3kB, biggest=108.0kB) | arena=3.4kB | V_bus=5.132V I_bus=59.8mA P_bus=306.8mW E_total_accum=151.569mWh
14:59:26.263 > [BENCH] IDLE | t_inference_us=0 | heap=37.2kB/282.0kB (min=239.3kB, biggest=108.0kB) | arena=3.4kB | V_bus=5.132V I_bus=60.9mA P_bus=312.5mW E_total_accum=151.744mWh
14:59:28.279 > [BENCH] IDLE | t_inference_us=0 | heap=37.2kB/282.0kB (min=239.3kB, biggest=108.0kB) | arena=3.4kB | V_bus=5.132V I_bus=60.9mA P_bus=312.6mW E_total_accum=151.919mWh
14:59:30.291 > [BENCH] IDLE | t_inference_us=0 | heap=37.2kB/282.0kB (min=239.3kB, biggest=108.0kB) | arena=3.4kB | V_bus=5.132V I_bus=60.3mA P_bus=309.4mW E_total_accum=152.092mWh
14:59:32.307 > [BENCH] IDLE | t_inference_us=0 | heap=37.2kB/282.0kB (min=239.3kB, biggest=108.0kB) | arena=3.4kB | V_bus=5.132V I_bus=59.4mA P_bus=304.6mW E_total_accum=152.262mWh
14:59:34.309 > [BENCH] IDLE | t_inference_us=0 | heap=37.2kB/282.0kB (min=239.3kB, biggest=108.0kB) | arena=3.4kB | V_bus=5.132V I_bus=58.5mA P_bus=300.4mW E_total_accum=152.430mWh
14:59:36.335 > [BENCH] IDLE | t_inference_us=0 | heap=37.2kB/282.0kB (min=239.3kB, biggest=108.0kB) | arena=3.4kB | V_bus=5.116V I_bus=60.9mA P_bus=312.2mW E_total_accum=152.605mWh
14:59:38.333 > [BENCH] IDLE | t_inference_us=0 | heap=37.2kB/282.0kB (min=239.3kB, biggest=108.0kB) | arena=3.4kB | V_bus=5.132V I_bus=60.6mA P_bus=310.9mW E_total_accum=152.778mWh
14:59:40.350 > [BENCH] IDLE | t_inference_us=0 | heap=37.2kB/282.0kB (min=239.3kB, biggest=108.0kB) | arena=3.4kB | V_bus=5.136V I_bus=59.9mA P_bus=307.4mW E_total_accum=152.950mWh
14:59:42.348 > [BENCH] IDLE | t_inference_us=0 | heap=37.2kB/282.0kB (min=239.3kB, biggest=108.0kB) | arena=3.4kB | V_bus=5.132V I_bus=59.0mA P_bus=302.7mW E_total_accum=153.119mWh
14:59:44.369 > [BENCH] IDLE | t_inference_us=0 | heap=37.2kB/282.0kB (min=239.3kB, biggest=108.0kB) | arena=3.4kB | V_bus=5.132V I_bus=58.3mA P_bus=299.2mW E_total_accum=153.287mWh
14:59:46.388 > [BENCH] IDLE | t_inference_us=0 | heap=37.2kB/282.0kB (min=239.3kB, biggest=108.0kB) | arena=3.4kB | V_bus=5.132V I_bus=57.8mA P_bus=296.5mW E_total_accum=153.453mWh
14:59:48.406 > [BENCH] IDLE | t_inference_us=0 | heap=37.2kB/282.0kB (min=239.3kB, biggest=108.0kB) | arena=3.4kB | V_bus=5.136V I_bus=60.0mA P_bus=308.1mW E_total_accum=153.625mWh
14:59:50.412 > [BENCH] IDLE | t_inference_us=0 | heap=37.2kB/282.0kB (min=239.3kB, biggest=108.0kB) | arena=3.4kB | V_bus=5.132V I_bus=61.0mA P_bus=313.0mW E_total_accum=153.800mWh
14:59:52.424 > [BENCH] IDLE | t_inference_us=0 | heap=37.2kB/282.0kB (min=239.3kB, biggest=108.0kB) | arena=3.4kB | V_bus=5.136V I_bus=60.5mA P_bus=310.5mW E_total_accum=153.974mWh
14:59:54.443 > [BENCH] IDLE | t_inference_us=0 | heap=37.2kB/282.0kB (min=239.3kB, biggest=108.0kB) | arena=3.4kB | V_bus=5.132V I_bus=59.5mA P_bus=305.5mW E_total_accum=154.145mWh
14:59:56.462 > [BENCH] IDLE | t_inference_us=0 | heap=37.2kB/282.0kB (min=239.3kB, biggest=108.0kB) | arena=3.4kB | V_bus=5.136V I_bus=58.6mA P_bus=300.8mW E_total_accum=154.313mWh
14:59:58.023 > 
14:59:58.023 > [EVENT] type=HOUR  Tin=25.50 Hin=69.24 Tout=33.90 Hout=55.10
14:59:58.051 > [infer] REAL - Invoke executed (model ran)
14:59:58.055 > 
14:59:58.055 > [PWR] infer | E_inference_window(ΔE_total)=1.328µWh (E0=154.447784mWh E1=154.449112mWh) | E_inference_pipeline(ΔE_total)=1.587µWh (E0=154.447632mWh E1=154.449219mWh) | t_inference=13.848ms | t_inference_pipeline=17.135ms | E_total_accum=154.449mWh
14:59:58.078 > [BENCH] INFER_HOURLY | t_inference_us=13848 | heap=37.2kB/282.0kB (min=239.3kB, biggest=108.0kB) | arena=3.4kB | V_bus=5.120V I_bus=66.1mA P_bus=338.9mW E_total_accum=154.449mWh
14:59:58.094 > [HOUR] Tin=25.50 Hin=69.24 | Tp=25.58 Hp=70.29
14:59:58.123 > [HOUR] SAMPLES | N_ALL=6 N_T=6 N_H=6
14:59:58.123 > [HOUR] METRICS | MAE=nan RMSE=nan R2=NA | MAE_T=nan RMSE_T=nan R2_T=NA | MAE_H=nan RMSE_H=nan R2_H=NA
14:59:58.616 > [SENSORS] Health IN ok=845 err=0 reinit=0 pwr=0 | OUT ok=845 err=0 reinit=0 pwr=0
15:00:00.067 > [BENCH] IDLE | t_inference_us=0 | heap=37.2kB/282.0kB (min=239.3kB, biggest=108.0kB) | arena=3.4kB | V_bus=5.132V I_bus=64.8mA P_bus=332.1mW E_total_accum=154.635mWh
15:00:02.068 > [BENCH] IDLE | t_inference_us=0 | heap=37.2kB/282.0kB (min=239.3kB, biggest=108.0kB) | arena=3.4kB | V_bus=5.132V I_bus=63.2mA P_bus=324.1mW E_total_accum=154.817mWh
15:00:04.086 > [BENCH] IDLE | t_inference_us=0 | heap=37.2kB/282.0kB (min=239.3kB, biggest=108.0kB) | arena=3.4kB | V_bus=5.132V I_bus=61.6mA P_bus=316.0mW E_total_accum=154.993mWh
15:00:06.098 > [BENCH] IDLE | t_inference_us=0 | heap=37.2kB/282.0kB (min=239.3kB, biggest=108.0kB) | arena=3.4kB | V_bus=5.132V I_bus=62.2mA P_bus=319.1mW E_total_accum=155.171mWh
15:00:08.100 > [BENCH] IDLE | t_inference_us=0 | heap=37.2kB/282.0kB (min=239.3kB, biggest=108.0kB) | arena=3.4kB | V_bus=5.132V I_bus=61.5mA P_bus=315.2mW E_total_accum=155.347mWh
15:00:10.122 > [BENCH] IDLE | t_inference_us=0 | heap=37.2kB/282.0kB (min=239.3kB, biggest=108.0kB) | arena=3.4kB | V_bus=5.132V I_bus=60.2mA P_bus=308.7mW E_total_accum=155.520mWh
15:00:12.141 > [BENCH] IDLE | t_inference_us=0 | heap=37.2kB/282.0kB (min=239.3kB, biggest=108.0kB) | arena=3.4kB | V_bus=5.132V I_bus=59.3mA P_bus=304.3mW E_total_accum=155.690mWh
15:00:14.156 > [BENCH] IDLE | t_inference_us=0 | heap=37.2kB/282.0kB (min=239.3kB, biggest=108.0kB) | arena=3.4kB | V_bus=5.132V I_bus=58.5mA P_bus=300.3mW E_total_accum=155.858mWh
15:00:16.169 > [BENCH] IDLE | t_inference_us=0 | heap=37.2kB/282.0kB (min=239.3kB, biggest=108.0kB) | arena=3.4kB | V_bus=5.132V I_bus=60.0mA P_bus=307.9mW E_total_accum=156.030mWh
15:00:18.173 > [BENCH] IDLE | t_inference_us=0 | heap=37.2kB/282.0kB (min=239.3kB, biggest=108.0kB) | arena=3.4kB | V_bus=5.132V I_bus=60.0mA P_bus=307.8mW E_total_accum=156.203mWh
15:00:20.197 > [BENCH] IDLE | t_inference_us=0 | heap=37.2kB/282.0kB (min=239.3kB, biggest=108.0kB) | arena=3.4kB | V_bus=5.132V I_bus=59.3mA P_bus=304.1mW E_total_accum=156.373mWh
15:00:22.205 > [BENCH] IDLE | t_inference_us=0 | heap=37.2kB/282.0kB (min=239.3kB, biggest=108.0kB) | arena=3.4kB | V_bus=5.132V I_bus=58.5mA P_bus=300.0mW E_total_accum=156.541mWh
15:00:24.214 > [BENCH] IDLE | t_inference_us=0 | heap=37.2kB/282.0kB (min=239.3kB, biggest=108.0kB) | arena=3.4kB | V_bus=5.132V I_bus=57.9mA P_bus=297.1mW E_total_accum=156.707mWh
15:00:26.236 > [BENCH] IDLE | t_inference_us=0 | heap=37.2kB/282.0kB (min=239.3kB, biggest=108.0kB) | arena=3.4kB | V_bus=5.132V I_bus=59.8mA P_bus=306.8mW E_total_accum=156.878mWh
15:00:28.239 > [BENCH] IDLE | t_inference_us=0 | heap=37.2kB/282.0kB (min=239.3kB, biggest=108.0kB) | arena=3.4kB | V_bus=5.132V I_bus=59.8mA P_bus=306.7mW E_total_accum=157.050mWh
15:00:30.261 > [BENCH] IDLE | t_inference_us=0 | heap=37.2kB/282.0kB (min=239.3kB, biggest=108.0kB) | arena=3.4kB | V_bus=5.132V I_bus=58.9mA P_bus=302.2mW E_total_accum=157.219mWh
15:00:32.275 > [BENCH] IDLE | t_inference_us=0 | heap=37.2kB/282.0kB (min=239.3kB, biggest=108.0kB) | arena=3.4kB | V_bus=5.136V I_bus=58.2mA P_bus=298.6mW E_total_accum=157.386mWh
15:00:34.293 > [BENCH] IDLE | t_inference_us=0 | heap=37.2kB/282.0kB (min=239.3kB, biggest=108.0kB) | arena=3.4kB | V_bus=5.132V I_bus=57.6mA P_bus=295.8mW E_total_accum=157.552mWh
15:00:36.305 > [BENCH] IDLE | t_inference_us=0 | heap=37.2kB/282.0kB (min=239.3kB, biggest=108.0kB) | arena=3.4kB | V_bus=5.128V I_bus=59.2mA P_bus=304.0mW E_total_accum=157.722mWh
15:00:38.322 > [BENCH] IDLE | t_inference_us=0 | heap=37.2kB/282.0kB (min=239.3kB, biggest=108.0kB) | arena=3.4kB | V_bus=5.132V I_bus=59.2mA P_bus=303.6mW E_total_accum=157.891mWh
15:00:40.323 > [BENCH] IDLE | t_inference_us=0 | heap=37.2kB/282.0kB (min=239.3kB, biggest=108.0kB) | arena=3.4kB | V_bus=5.116V I_bus=59.2mA P_bus=303.4mW E_total_accum=158.061mWh
15:00:42.332 > [BENCH] IDLE | t_inference_us=0 | heap=37.2kB/282.0kB (min=239.3kB, biggest=108.0kB) | arena=3.4kB | V_bus=5.136V I_bus=60.2mA P_bus=308.8mW E_total_accum=158.233mWh
15:00:44.338 > [BENCH] IDLE | t_inference_us=0 | heap=37.2kB/282.0kB (min=239.3kB, biggest=108.0kB) | arena=3.4kB | V_bus=5.132V I_bus=59.6mA P_bus=305.7mW E_total_accum=158.404mWh
15:00:46.366 > [BENCH] IDLE | t_inference_us=0 | heap=37.2kB/282.0kB (min=239.3kB, biggest=108.0kB) | arena=3.4kB | V_bus=5.132V I_bus=58.6mA P_bus=300.8mW E_total_accum=158.572mWh
15:00:48.371 > [BENCH] IDLE | t_inference_us=0 | heap=37.2kB/282.0kB (min=239.3kB, biggest=108.0kB) | arena=3.4kB | V_bus=5.132V I_bus=58.0mA P_bus=297.6mW E_total_accum=158.739mWh
15:00:50.391 > [BENCH] IDLE | t_inference_us=0 | heap=37.2kB/282.0kB (min=239.3kB, biggest=108.0kB) | arena=3.4kB | V_bus=5.132V I_bus=59.8mA P_bus=307.0mW E_total_accum=158.911mWh
15:00:52.397 > [BENCH] IDLE | t_inference_us=0 | heap=37.2kB/282.0kB (min=239.3kB, biggest=108.0kB) | arena=3.4kB | V_bus=5.132V I_bus=59.6mA P_bus=305.9mW E_total_accum=159.082mWh
15:00:54.421 > [BENCH] IDLE | t_inference_us=0 | heap=37.2kB/282.0kB (min=239.3kB, biggest=108.0kB) | arena=3.4kB | V_bus=5.132V I_bus=58.7mA P_bus=301.3mW E_total_accum=159.250mWh
15:00:56.435 > [BENCH] IDLE | t_inference_us=0 | heap=37.2kB/282.0kB (min=239.3kB, biggest=108.0kB) | arena=3.4kB | V_bus=5.128V I_bus=58.1mA P_bus=298.1mW E_total_accum=159.417mWh
15:00:58.041 > 
15:00:58.041 > [EVENT] type=HOUR  Tin=25.30 Hin=68.13 Tout=33.60 Hout=55.60
15:00:58.065 > [infer] REAL - Invoke executed (model ran)
15:00:58.070 > 
15:00:58.070 > [PWR] infer | E_inference_window(ΔE_total)=1.312µWh (E0=159.555069mWh E1=159.556381mWh) | E_inference_pipeline(ΔE_total)=1.572µWh (E0=159.554916mWh E1=159.556488mWh) | t_inference=13.832ms | t_inference_pipeline=17.121ms | E_total_accum=159.556mWh
15:00:58.126 > [BENCH] INFER_HOURLY | t_inference_us=13832 | heap=37.2kB/282.0kB (min=239.3kB, biggest=108.0kB) | arena=3.4kB | V_bus=5.124V I_bus=65.2mA P_bus=334.1mW E_total_accum=159.556mWh
15:00:58.126 > [HOUR] Tin=25.30 Hin=68.13 | Tp=25.26 Hp=69.20
15:00:58.126 > [HOUR] SAMPLES | N_ALL=7 N_T=7 N_H=7
15:00:58.126 > [HOUR] METRICS | MAE=nan RMSE=nan R2=NA | MAE_T=nan RMSE_T=nan R2_T=NA | MAE_H=nan RMSE_H=nan R2_H=NA
15:00:58.629 > [SENSORS] Health IN ok=873 err=0 reinit=0 pwr=0 | OUT ok=873 err=0 reinit=0 pwr=0
15:01:00.085 > [BENCH] IDLE | t_inference_us=0 | heap=37.2kB/282.0kB (min=239.3kB, biggest=108.0kB) | arena=3.4kB | V_bus=5.132V I_bus=64.3mA P_bus=329.6mW E_total_accum=159.741mWh
15:01:02.089 > [BENCH] IDLE | t_inference_us=0 | heap=37.2kB/282.0kB (min=239.3kB, biggest=108.0kB) | arena=3.4kB | V_bus=5.132V I_bus=62.8mA P_bus=322.1mW E_total_accum=159.921mWh
15:01:04.112 > [BENCH] IDLE | t_inference_us=0 | heap=37.2kB/282.0kB (min=239.3kB, biggest=108.0kB) | arena=3.4kB | V_bus=5.132V I_bus=61.3mA P_bus=314.4mW E_total_accum=160.097mWh
15:01:06.125 > [BENCH] IDLE | t_inference_us=0 | heap=37.2kB/282.0kB (min=239.3kB, biggest=108.0kB) | arena=3.4kB | V_bus=5.132V I_bus=60.1mA P_bus=308.1mW E_total_accum=160.270mWh
15:01:08.128 > [BENCH] IDLE | t_inference_us=0 | heap=37.2kB/282.0kB (min=239.3kB, biggest=108.0kB) | arena=3.4kB | V_bus=5.132V I_bus=60.9mA P_bus=312.3mW E_total_accum=160.444mWh
15:01:10.140 > [BENCH] IDLE | t_inference_us=0 | heap=37.2kB/282.0kB (min=239.3kB, biggest=108.0kB) | arena=3.4kB | V_bus=5.116V I_bus=63.6mA P_bus=326.3mW E_total_accum=160.626mWh
15:01:12.146 > [BENCH] IDLE | t_inference_us=0 | heap=37.2kB/282.0kB (min=239.3kB, biggest=108.0kB) | arena=3.4kB | V_bus=5.136V I_bus=64.0mA P_bus=328.2mW E_total_accum=160.809mWh
15:01:14.170 > [BENCH] IDLE | t_inference_us=0 | heap=37.2kB/282.0kB (min=239.3kB, biggest=108.0kB) | arena=3.4kB | V_bus=5.132V I_bus=62.7mA P_bus=321.6mW E_total_accum=160.989mWh
15:01:16.183 > [BENCH] IDLE | t_inference_us=0 | heap=37.2kB/282.0kB (min=239.3kB, biggest=108.0kB) | arena=3.4kB | V_bus=5.132V I_bus=61.2mA P_bus=313.8mW E_total_accum=161.165mWh
15:01:18.190 > [BENCH] IDLE | t_inference_us=0 | heap=37.2kB/282.0kB (min=239.3kB, biggest=108.0kB) | arena=3.4kB | V_bus=5.132V I_bus=60.1mA P_bus=308.1mW E_total_accum=161.337mWh
15:01:20.203 > [BENCH] IDLE | t_inference_us=0 | heap=37.2kB/282.0kB (min=239.3kB, biggest=108.0kB) | arena=3.4kB | V_bus=5.136V I_bus=60.5mA P_bus=310.4mW E_total_accum=161.511mWh
15:01:22.220 > [BENCH] IDLE | t_inference_us=0 | heap=37.2kB/282.0kB (min=239.3kB, biggest=108.0kB) | arena=3.4kB | V_bus=5.136V I_bus=59.4mA P_bus=304.9mW E_total_accum=161.682mWh
15:01:24.237 > [BENCH] IDLE | t_inference_us=0 | heap=37.2kB/282.0kB (min=239.3kB, biggest=108.0kB) | arena=3.4kB | V_bus=5.132V I_bus=58.7mA P_bus=301.4mW E_total_accum=161.850mWh
15:01:26.240 > [BENCH] IDLE | t_inference_us=0 | heap=37.2kB/282.0kB (min=239.3kB, biggest=108.0kB) | arena=3.4kB | V_bus=5.128V I_bus=58.0mA P_bus=297.8mW E_total_accum=162.017mWh
15:01:28.265 > [BENCH] IDLE | t_inference_us=0 | heap=37.2kB/282.0kB (min=239.3kB, biggest=108.0kB) | arena=3.4kB | V_bus=5.128V I_bus=59.5mA P_bus=305.4mW E_total_accum=162.188mWh
15:01:30.280 > [BENCH] IDLE | t_inference_us=0 | heap=37.2kB/282.0kB (min=239.3kB, biggest=108.0kB) | arena=3.4kB | V_bus=5.128V I_bus=59.1mA P_bus=303.4mW E_total_accum=162.357mWh
15:01:32.288 > [BENCH] IDLE | t_inference_us=0 | heap=37.2kB/282.0kB (min=239.3kB, biggest=108.0kB) | arena=3.4kB | V_bus=5.136V I_bus=58.3mA P_bus=298.9mW E_total_accum=162.525mWh
15:01:34.301 > [BENCH] IDLE | t_inference_us=0 | heap=37.2kB/282.0kB (min=239.3kB, biggest=108.0kB) | arena=3.4kB | V_bus=5.132V I_bus=57.6mA P_bus=295.8mW E_total_accum=162.690mWh
15:01:36.317 > [BENCH] IDLE | t_inference_us=0 | heap=37.2kB/282.0kB (min=239.3kB, biggest=108.0kB) | arena=3.4kB | V_bus=5.132V I_bus=58.9mA P_bus=302.0mW E_total_accum=162.859mWh
15:01:38.334 > [BENCH] IDLE | t_inference_us=0 | heap=37.2kB/282.0kB (min=239.3kB, biggest=108.0kB) | arena=3.4kB | V_bus=5.132V I_bus=58.2mA P_bus=298.9mW E_total_accum=163.026mWh
15:01:40.351 > [BENCH] IDLE | t_inference_us=0 | heap=37.2kB/282.0kB (min=239.3kB, biggest=108.0kB) | arena=3.4kB | V_bus=5.128V I_bus=57.7mA P_bus=296.2mW E_total_accum=163.192mWh
15:01:42.350 > [BENCH] IDLE | t_inference_us=0 | heap=37.2kB/282.0kB (min=239.3kB, biggest=108.0kB) | arena=3.4kB | V_bus=5.132V I_bus=59.5mA P_bus=305.4mW E_total_accum=163.363mWh
15:01:44.365 > [BENCH] IDLE | t_inference_us=0 | heap=37.2kB/282.0kB (min=239.3kB, biggest=108.0kB) | arena=3.4kB | V_bus=5.132V I_bus=59.1mA P_bus=303.4mW E_total_accum=163.533mWh
15:01:46.366 > [BENCH] IDLE | t_inference_us=0 | heap=37.2kB/282.0kB (min=239.3kB, biggest=108.0kB) | arena=3.4kB | V_bus=5.136V I_bus=60.5mA P_bus=310.7mW E_total_accum=163.705mWh
15:01:48.382 > [BENCH] IDLE | t_inference_us=0 | heap=37.2kB/282.0kB (min=239.3kB, biggest=108.0kB) | arena=3.4kB | V_bus=5.136V I_bus=60.0mA P_bus=307.7mW E_total_accum=163.878mWh
15:01:50.408 > [BENCH] IDLE | t_inference_us=0 | heap=37.2kB/282.0kB (min=239.3kB, biggest=108.0kB) | arena=3.4kB | V_bus=5.132V I_bus=59.1mA P_bus=303.3mW E_total_accum=164.047mWh
15:01:52.411 > [BENCH] IDLE | t_inference_us=0 | heap=37.2kB/282.0kB (min=239.3kB, biggest=108.0kB) | arena=3.4kB | V_bus=5.132V I_bus=61.0mA P_bus=313.1mW E_total_accum=164.222mWh
15:01:54.428 > [BENCH] IDLE | t_inference_us=0 | heap=37.2kB/282.0kB (min=239.3kB, biggest=108.0kB) | arena=3.4kB | V_bus=5.132V I_bus=60.6mA P_bus=311.0mW E_total_accum=164.396mWh
15:01:56.445 > [BENCH] IDLE | t_inference_us=0 | heap=37.2kB/282.0kB (min=239.3kB, biggest=108.0kB) | arena=3.4kB | V_bus=5.132V I_bus=59.5mA P_bus=305.4mW E_total_accum=164.567mWh
15:01:58.059 > 
15:01:58.059 > [EVENT] type=HOUR  Tin=25.20 Hin=67.09 Tout=33.60 Hout=55.70
15:01:58.079 > [infer] REAL - Invoke executed (model ran)
15:01:58.083 > 
15:01:58.083 > [PWR] infer | E_inference_window(ΔE_total)=1.312µWh (E0=164.707672mWh E1=164.708984mWh) | E_inference_pipeline(ΔE_total)=1.572µWh (E0=164.707520mWh E1=164.709091mWh) | t_inference=13.854ms | t_inference_pipeline=17.153ms | E_total_accum=164.709mWh
15:01:58.106 > [BENCH] INFER_HOURLY | t_inference_us=13854 | heap=37.2kB/282.0kB (min=239.3kB, biggest=108.0kB) | arena=3.4kB | V_bus=5.120V I_bus=64.8mA P_bus=332.2mW E_total_accum=164.709mWh
15:01:58.126 > [HOUR] Tin=25.20 Hin=67.09 | Tp=25.03 Hp=68.07
15:01:58.126 > [HOUR] SAMPLES | N_ALL=8 N_T=8 N_H=8
15:01:58.128 > [HOUR] METRICS | MAE=nan RMSE=nan R2=NA | MAE_T=nan RMSE_T=nan R2_T=NA | MAE_H=nan RMSE_H=nan R2_H=NA
15:01:58.638 > [SENSORS] Health IN ok=901 err=0 reinit=0 pwr=0 | OUT ok=901 err=0 reinit=0 pwr=0
15:02:00.096 > [BENCH] IDLE | t_inference_us=0 | heap=37.2kB/282.0kB (min=239.3kB, biggest=108.0kB) | arena=3.4kB | V_bus=5.136V I_bus=64.3mA P_bus=329.8mW E_total_accum=164.894mWh
15:02:02.111 > [BENCH] IDLE | t_inference_us=0 | heap=37.2kB/282.0kB (min=239.3kB, biggest=108.0kB) | arena=3.4kB | V_bus=5.136V I_bus=62.8mA P_bus=321.8mW E_total_accum=165.074mWh
15:02:04.127 > [BENCH] IDLE | t_inference_us=0 | heap=37.2kB/282.0kB (min=239.3kB, biggest=108.0kB) | arena=3.4kB | V_bus=5.132V I_bus=61.3mA P_bus=314.2mW E_total_accum=165.250mWh
15:02:06.126 > [BENCH] IDLE | t_inference_us=0 | heap=37.2kB/282.0kB (min=239.3kB, biggest=108.0kB) | arena=3.4kB | V_bus=5.132V I_bus=62.1mA P_bus=318.4mW E_total_accum=165.428mWh
15:02:08.145 > [BENCH] IDLE | t_inference_us=0 | heap=37.2kB/282.0kB (min=239.3kB, biggest=108.0kB) | arena=3.4kB | V_bus=5.136V I_bus=61.0mA P_bus=312.7mW E_total_accum=165.603mWh
15:02:10.159 > [BENCH] IDLE | t_inference_us=0 | heap=37.2kB/282.0kB (min=239.3kB, biggest=108.0kB) | arena=3.4kB | V_bus=5.132V I_bus=59.8mA P_bus=307.1mW E_total_accum=165.775mWh
15:02:12.179 > [BENCH] IDLE | t_inference_us=0 | heap=37.2kB/282.0kB (min=239.3kB, biggest=108.0kB) | arena=3.4kB | V_bus=5.132V I_bus=61.2mA P_bus=313.9mW E_total_accum=165.950mWh
15:02:14.195 > [BENCH] IDLE | t_inference_us=0 | heap=37.2kB/282.0kB (min=239.3kB, biggest=108.0kB) | arena=3.4kB | V_bus=5.116V I_bus=64.2mA P_bus=329.3mW E_total_accum=166.134mWh
15:02:16.187 > [BENCH] IDLE | t_inference_us=0 | heap=37.2kB/282.0kB (min=239.3kB, biggest=108.0kB) | arena=3.4kB | V_bus=5.132V I_bus=64.4mA P_bus=330.2mW E_total_accum=166.318mWh
15:02:18.210 > [BENCH] IDLE | t_inference_us=0 | heap=37.2kB/282.0kB (min=239.3kB, biggest=108.0kB) | arena=3.4kB | V_bus=5.132V I_bus=62.7mA P_bus=321.8mW E_total_accum=166.498mWh
15:02:20.224 > [BENCH] IDLE | t_inference_us=0 | heap=37.2kB/282.0kB (min=239.3kB, biggest=108.0kB) | arena=3.4kB | V_bus=5.132V I_bus=61.3mA P_bus=314.6mW E_total_accum=166.674mWh
15:02:22.226 > [BENCH] IDLE | t_inference_us=0 | heap=37.2kB/282.0kB (min=239.3kB, biggest=108.0kB) | arena=3.4kB | V_bus=5.132V I_bus=62.1mA P_bus=318.5mW E_total_accum=166.852mWh
15:02:24.239 > [BENCH] IDLE | t_inference_us=0 | heap=37.2kB/282.0kB (min=239.3kB, biggest=108.0kB) | arena=3.4kB | V_bus=5.132V I_bus=60.8mA P_bus=312.1mW E_total_accum=167.027mWh
15:02:26.256 > [BENCH] IDLE | t_inference_us=0 | heap=37.2kB/282.0kB (min=239.3kB, biggest=108.0kB) | arena=3.4kB | V_bus=5.128V I_bus=59.8mA P_bus=306.7mW E_total_accum=167.198mWh
15:02:28.274 > [BENCH] IDLE | t_inference_us=0 | heap=37.2kB/282.0kB (min=239.3kB, biggest=108.0kB) | arena=3.4kB | V_bus=5.132V I_bus=60.8mA P_bus=312.0mW E_total_accum=167.373mWh
15:02:30.290 > [BENCH] IDLE | t_inference_us=0 | heap=37.2kB/282.0kB (min=239.3kB, biggest=108.0kB) | arena=3.4kB | V_bus=5.132V I_bus=59.8mA P_bus=306.7mW E_total_accum=167.545mWh
15:02:32.308 > [BENCH] IDLE | t_inference_us=0 | heap=37.2kB/282.0kB (min=239.3kB, biggest=108.0kB) | arena=3.4kB | V_bus=5.132V I_bus=58.9mA P_bus=302.1mW E_total_accum=167.714mWh
15:02:34.321 > [BENCH] IDLE | t_inference_us=0 | heap=37.2kB/282.0kB (min=239.3kB, biggest=108.0kB) | arena=3.4kB | V_bus=5.136V I_bus=59.9mA P_bus=307.5mW E_total_accum=167.886mWh
15:02:36.337 > [BENCH] IDLE | t_inference_us=0 | heap=37.2kB/282.0kB (min=239.3kB, biggest=108.0kB) | arena=3.4kB | V_bus=5.132V I_bus=58.9mA P_bus=302.1mW E_total_accum=168.055mWh
15:02:38.349 > [BENCH] IDLE | t_inference_us=0 | heap=37.2kB/282.0kB (min=239.3kB, biggest=108.0kB) | arena=3.4kB | V_bus=5.132V I_bus=58.2mA P_bus=298.9mW E_total_accum=168.222mWh
15:02:40.355 > [BENCH] IDLE | t_inference_us=0 | heap=37.2kB/282.0kB (min=239.3kB, biggest=108.0kB) | arena=3.4kB | V_bus=5.132V I_bus=59.1mA P_bus=303.6mW E_total_accum=168.392mWh
15:02:42.372 > [BENCH] IDLE | t_inference_us=0 | heap=37.2kB/282.0kB (min=239.3kB, biggest=108.0kB) | arena=3.4kB | V_bus=5.132V I_bus=58.3mA P_bus=299.3mW E_total_accum=168.559mWh
15:02:44.393 > [BENCH] IDLE | t_inference_us=0 | heap=37.2kB/282.0kB (min=239.3kB, biggest=108.0kB) | arena=3.4kB | V_bus=5.132V I_bus=57.7mA P_bus=296.2mW E_total_accum=168.725mWh
15:02:46.402 > [BENCH] IDLE | t_inference_us=0 | heap=37.2kB/282.0kB (min=239.3kB, biggest=108.0kB) | arena=3.4kB | V_bus=5.132V I_bus=58.3mA P_bus=299.0mW E_total_accum=168.892mWh
15:02:48.419 > [BENCH] IDLE | t_inference_us=0 | heap=37.2kB/282.0kB (min=239.3kB, biggest=108.0kB) | arena=3.4kB | V_bus=5.132V I_bus=57.6mA P_bus=295.4mW E_total_accum=169.057mWh
15:02:50.420 > [BENCH] IDLE | t_inference_us=0 | heap=37.2kB/282.0kB (min=239.3kB, biggest=108.0kB) | arena=3.4kB | V_bus=5.112V I_bus=60.1mA P_bus=308.4mW E_total_accum=169.229mWh
15:02:52.436 > [BENCH] IDLE | t_inference_us=0 | heap=37.2kB/282.0kB (min=239.3kB, biggest=108.0kB) | arena=3.4kB | V_bus=5.136V I_bus=59.2mA P_bus=303.5mW E_total_accum=169.399mWh
15:02:54.437 > [BENCH] IDLE | t_inference_us=0 | heap=37.2kB/282.0kB (min=239.3kB, biggest=108.0kB) | arena=3.4kB | V_bus=5.136V I_bus=60.6mA P_bus=310.7mW E_total_accum=169.572mWh
15:02:56.458 > [BENCH] IDLE | t_inference_us=0 | heap=37.2kB/282.0kB (min=239.3kB, biggest=108.0kB) | arena=3.4kB | V_bus=5.132V I_bus=59.7mA P_bus=306.4mW E_total_accum=169.744mWh
15:02:58.035 > 
15:02:58.035 > [EVENT] type=HOUR  Tin=25.00 Hin=66.10 Tout=33.90 Hout=55.60
15:02:58.053 > [infer] REAL - Invoke executed (model ran)
15:02:58.057 > 
15:02:58.058 > [PWR] infer | E_inference_window(ΔE_total)=1.282µWh (E0=169.880539mWh E1=169.881821mWh) | E_inference_pipeline(ΔE_total)=1.541µWh (E0=169.880386mWh E1=169.881927mWh) | t_inference=13.836ms | t_inference_pipeline=17.132ms | E_total_accum=169.882mWh
15:02:58.079 > [BENCH] INFER_HOURLY | t_inference_us=13836 | heap=37.2kB/282.0kB (min=239.3kB, biggest=108.0kB) | arena=3.4kB | V_bus=5.124V I_bus=64.2mA P_bus=329.0mW E_total_accum=169.882mWh
15:02:58.095 > [HOUR] Tin=25.00 Hin=66.10 | Tp=24.91 Hp=67.03
15:02:58.097 > [HOUR] SAMPLES | N_ALL=9 N_T=9 N_H=9
15:02:58.101 > [HOUR] METRICS | MAE=nan RMSE=nan R2=NA | MAE_T=nan RMSE_T=nan R2_T=NA | MAE_H=nan RMSE_H=nan R2_H=NA
15:02:58.652 > [SENSORS] Health IN ok=929 err=0 reinit=0 pwr=0 | OUT ok=929 err=0 reinit=0 pwr=0
15:03:00.073 > [BENCH] IDLE | t_inference_us=0 | heap=37.2kB/282.0kB (min=239.3kB, biggest=108.0kB) | arena=3.4kB | V_bus=5.132V I_bus=62.6mA P_bus=321.1mW E_total_accum=170.062mWh
15:03:02.085 > [BENCH] IDLE | t_inference_us=0 | heap=37.2kB/282.0kB (min=239.3kB, biggest=108.0kB) | arena=3.4kB | V_bus=5.132V I_bus=61.1mA P_bus=313.5mW E_total_accum=170.237mWh
15:03:04.085 > [BENCH] IDLE | t_inference_us=0 | heap=37.2kB/282.0kB (min=239.3kB, biggest=108.0kB) | arena=3.4kB | V_bus=5.132V I_bus=61.7mA P_bus=316.7mW E_total_accum=170.414mWh
15:03:06.114 > [BENCH] IDLE | t_inference_us=0 | heap=37.2kB/282.0kB (min=239.3kB, biggest=108.0kB) | arena=3.4kB | V_bus=5.132V I_bus=60.4mA P_bus=309.6mW E_total_accum=170.588mWh
15:03:08.126 > [BENCH] IDLE | t_inference_us=0 | heap=37.2kB/282.0kB (min=239.3kB, biggest=108.0kB) | arena=3.4kB | V_bus=5.132V I_bus=59.4mA P_bus=304.7mW E_total_accum=170.758mWh
15:03:10.133 > [BENCH] IDLE | t_inference_us=0 | heap=37.2kB/282.0kB (min=239.3kB, biggest=108.0kB) | arena=3.4kB | V_bus=5.132V I_bus=59.5mA P_bus=305.1mW E_total_accum=170.929mWh
15:03:12.148 > [BENCH] IDLE | t_inference_us=0 | heap=37.2kB/282.0kB (min=239.3kB, biggest=108.0kB) | arena=3.4kB | V_bus=5.132V I_bus=58.6mA P_bus=300.6mW E_total_accum=171.097mWh
15:03:14.168 > [BENCH] IDLE | t_inference_us=0 | heap=37.2kB/282.0kB (min=239.3kB, biggest=108.0kB) | arena=3.4kB | V_bus=5.136V I_bus=60.6mA P_bus=310.7mW E_total_accum=171.271mWh
15:03:16.170 > [BENCH] IDLE | t_inference_us=0 | heap=37.2kB/282.0kB (min=239.3kB, biggest=108.0kB) | arena=3.4kB | V_bus=5.132V I_bus=59.9mA P_bus=307.3mW E_total_accum=171.443mWh
15:03:18.195 > [BENCH] IDLE | t_inference_us=0 | heap=37.2kB/282.0kB (min=239.3kB, biggest=108.0kB) | arena=3.4kB | V_bus=5.116V I_bus=59.9mA P_bus=307.1mW E_total_accum=171.614mWh
15:03:20.197 > [BENCH] IDLE | t_inference_us=0 | heap=37.2kB/282.0kB (min=239.3kB, biggest=108.0kB) | arena=3.4kB | V_bus=5.132V I_bus=58.9mA P_bus=302.2mW E_total_accum=171.783mWh
15:03:22.213 > [BENCH] IDLE | t_inference_us=0 | heap=37.2kB/282.0kB (min=239.3kB, biggest=108.0kB) | arena=3.4kB | V_bus=5.132V I_bus=60.9mA P_bus=312.5mW E_total_accum=171.957mWh
15:03:24.218 > [BENCH] IDLE | t_inference_us=0 | heap=37.2kB/282.0kB (min=239.3kB, biggest=108.0kB) | arena=3.4kB | V_bus=5.132V I_bus=60.4mA P_bus=309.7mW E_total_accum=172.131mWh
15:03:26.227 > [BENCH] IDLE | t_inference_us=0 | heap=37.2kB/282.0kB (min=239.3kB, biggest=108.0kB) | arena=3.4kB | V_bus=5.132V I_bus=59.3mA P_bus=304.5mW E_total_accum=172.301mWh
15:03:28.255 > [BENCH] IDLE | t_inference_us=0 | heap=37.2kB/282.0kB (min=239.3kB, biggest=108.0kB) | arena=3.4kB | V_bus=5.132V I_bus=60.4mA P_bus=309.8mW E_total_accum=172.474mWh
15:03:30.261 > [BENCH] IDLE | t_inference_us=0 | heap=37.2kB/282.0kB (min=239.3kB, biggest=108.0kB) | arena=3.4kB | V_bus=5.132V I_bus=59.2mA P_bus=303.9mW E_total_accum=172.644mWh
15:03:32.279 > [BENCH] IDLE | t_inference_us=0 | heap=37.2kB/282.0kB (min=239.3kB, biggest=108.0kB) | arena=3.4kB | V_bus=5.132V I_bus=58.4mA P_bus=299.7mW E_total_accum=172.812mWh
15:03:34.295 > [BENCH] IDLE | t_inference_us=0 | heap=37.2kB/282.0kB (min=239.3kB, biggest=108.0kB) | arena=3.4kB | V_bus=5.132V I_bus=58.4mA P_bus=299.4mW E_total_accum=172.979mWh
15:03:36.309 > [BENCH] IDLE | t_inference_us=0 | heap=37.2kB/282.0kB (min=239.3kB, biggest=108.0kB) | arena=3.4kB | V_bus=5.132V I_bus=57.8mA P_bus=296.5mW E_total_accum=173.145mWh
15:03:38.325 > [BENCH] IDLE | t_inference_us=0 | heap=37.2kB/282.0kB (min=239.3kB, biggest=108.0kB) | arena=3.4kB | V_bus=5.132V I_bus=59.2mA P_bus=303.8mW E_total_accum=173.315mWh
15:03:40.332 > [BENCH] IDLE | t_inference_us=0 | heap=37.2kB/282.0kB (min=239.3kB, biggest=108.0kB) | arena=3.4kB | V_bus=5.136V I_bus=58.4mA P_bus=299.6mW E_total_accum=173.483mWh
15:03:42.343 > [BENCH] IDLE | t_inference_us=0 | heap=37.2kB/282.0kB (min=239.3kB, biggest=108.0kB) | arena=3.4kB | V_bus=5.132V I_bus=60.5mA P_bus=310.7mW E_total_accum=173.657mWh
15:03:44.360 > [BENCH] IDLE | t_inference_us=0 | heap=37.2kB/282.0kB (min=239.3kB, biggest=108.0kB) | arena=3.4kB | V_bus=5.136V I_bus=59.9mA P_bus=307.4mW E_total_accum=173.829mWh
15:03:46.373 > [BENCH] IDLE | t_inference_us=0 | heap=37.2kB/282.0kB (min=239.3kB, biggest=108.0kB) | arena=3.4kB | V_bus=5.132V I_bus=58.9mA P_bus=302.6mW E_total_accum=173.998mWh
15:03:48.389 > [BENCH] IDLE | t_inference_us=0 | heap=37.2kB/282.0kB (min=239.3kB, biggest=108.0kB) | arena=3.4kB | V_bus=5.132V I_bus=59.6mA P_bus=306.1mW E_total_accum=174.169mWh
15:03:50.407 > [BENCH] IDLE | t_inference_us=0 | heap=37.2kB/282.0kB (min=239.3kB, biggest=108.0kB) | arena=3.4kB | V_bus=5.136V I_bus=58.7mA P_bus=301.3mW E_total_accum=174.338mWh
15:03:52.420 > [BENCH] IDLE | t_inference_us=0 | heap=37.2kB/282.0kB (min=239.3kB, biggest=108.0kB) | arena=3.4kB | V_bus=5.132V I_bus=60.5mA P_bus=310.3mW E_total_accum=174.511mWh
15:03:54.425 > [BENCH] IDLE | t_inference_us=0 | heap=37.2kB/282.0kB (min=239.3kB, biggest=108.0kB) | arena=3.4kB | V_bus=5.116V I_bus=60.5mA P_bus=310.1mW E_total_accum=174.684mWh
15:03:56.438 > [BENCH] IDLE | t_inference_us=0 | heap=37.2kB/282.0kB (min=239.3kB, biggest=108.0kB) | arena=3.4kB | V_bus=5.132V I_bus=60.1mA P_bus=308.4mW E_total_accum=174.856mWh
15:03:58.039 > 
15:03:58.039 > [EVENT] type=HOUR  Tin=24.80 Hin=65.30 Tout=34.00 Hout=54.70
15:03:58.068 > [infer] REAL - Invoke executed (model ran)
15:03:58.072 > 
15:03:58.072 > [PWR] infer | E_inference_window(ΔE_total)=1.282µWh (E0=174.994293mWh E1=174.995575mWh) | E_inference_pipeline(ΔE_total)=1.541µWh (E0=174.994141mWh E1=174.995682mWh) | t_inference=13.853ms | t_inference_pipeline=17.169ms | E_total_accum=174.996mWh
15:03:58.093 > [BENCH] INFER_HOURLY | t_inference_us=13853 | heap=37.2kB/282.0kB (min=239.3kB, biggest=108.0kB) | arena=3.4kB | V_bus=5.116V I_bus=63.4mA P_bus=324.7mW E_total_accum=174.996mWh
15:03:58.109 > [HOUR] Tin=24.80 Hin=65.30 | Tp=24.66 Hp=66.03
15:03:58.113 > [HOUR] SAMPLES | N_ALL=10 N_T=10 N_H=10
15:03:58.117 > [HOUR] METRICS | MAE=nan RMSE=nan R2=NA | MAE_T=nan RMSE_T=nan R2_T=NA | MAE_H=nan RMSE_H=nan R2_H=NA
15:03:58.680 > [SENSORS] Health IN ok=957 err=0 reinit=0 pwr=0 | OUT ok=958 err=0 reinit=0 pwr=0
15:04:00.088 > [BENCH] IDLE | t_inference_us=0 | heap=37.2kB/282.0kB (min=239.3kB, biggest=108.0kB) | arena=3.4kB | V_bus=5.132V I_bus=63.9mA P_bus=327.7mW E_total_accum=175.179mWh
15:04:02.093 > [BENCH] IDLE | t_inference_us=0 | heap=37.2kB/282.0kB (min=239.3kB, biggest=108.0kB) | arena=3.4kB | V_bus=5.132V I_bus=62.5mA P_bus=320.3mW E_total_accum=175.359mWh
15:04:04.106 > [BENCH] IDLE | t_inference_us=0 | heap=37.2kB/282.0kB (min=239.3kB, biggest=108.0kB) | arena=3.4kB | V_bus=5.132V I_bus=61.0mA P_bus=312.9mW E_total_accum=175.534mWh
15:04:06.123 > [BENCH] IDLE | t_inference_us=0 | heap=37.2kB/282.0kB (min=239.3kB, biggest=108.0kB) | arena=3.4kB | V_bus=5.136V I_bus=60.6mA P_bus=310.7mW E_total_accum=175.708mWh
15:04:08.144 > [BENCH] IDLE | t_inference_us=0 | heap=37.2kB/282.0kB (min=239.3kB, biggest=108.0kB) | arena=3.4kB | V_bus=5.132V I_bus=59.5mA P_bus=305.2mW E_total_accum=175.878mWh
15:04:10.153 > [BENCH] IDLE | t_inference_us=0 | heap=37.2kB/282.0kB (min=239.3kB, biggest=108.0kB) | arena=3.4kB | V_bus=5.132V I_bus=60.6mA P_bus=311.0mW E_total_accum=176.052mWh
15:04:12.170 > [BENCH] IDLE | t_inference_us=0 | heap=37.2kB/282.0kB (min=239.3kB, biggest=108.0kB) | arena=3.4kB | V_bus=5.132V I_bus=59.5mA P_bus=305.3mW E_total_accum=176.223mWh
15:04:14.171 > [BENCH] IDLE | t_inference_us=0 | heap=37.2kB/282.0kB (min=239.3kB, biggest=108.0kB) | arena=3.4kB | V_bus=5.132V I_bus=61.4mA P_bus=314.9mW E_total_accum=176.399mWh
15:04:16.187 > [BENCH] IDLE | t_inference_us=0 | heap=37.2kB/282.0kB (min=239.3kB, biggest=108.0kB) | arena=3.4kB | V_bus=5.136V I_bus=60.3mA P_bus=309.4mW E_total_accum=176.572mWh
15:04:18.213 > [BENCH] IDLE | t_inference_us=0 | heap=37.2kB/282.0kB (min=239.3kB, biggest=108.0kB) | arena=3.4kB | V_bus=5.132V I_bus=59.3mA P_bus=304.2mW E_total_accum=176.742mWh
15:04:20.217 > [BENCH] IDLE | t_inference_us=0 | heap=37.2kB/282.0kB (min=239.3kB, biggest=108.0kB) | arena=3.4kB | V_bus=5.132V I_bus=59.1mA P_bus=303.3mW E_total_accum=176.912mWh
15:04:22.241 > [BENCH] IDLE | t_inference_us=0 | heap=37.2kB/282.0kB (min=239.3kB, biggest=108.0kB) | arena=3.4kB | V_bus=5.132V I_bus=58.4mA P_bus=299.5mW E_total_accum=177.080mWh
15:04:24.233 > [BENCH] IDLE | t_inference_us=0 | heap=37.2kB/282.0kB (min=239.3kB, biggest=108.0kB) | arena=3.4kB | V_bus=5.132V I_bus=57.7mA P_bus=295.9mW E_total_accum=177.244mWh
15:04:26.252 > [BENCH] IDLE | t_inference_us=0 | heap=37.2kB/282.0kB (min=239.3kB, biggest=108.0kB) | arena=3.4kB | V_bus=5.132V I_bus=59.3mA P_bus=304.1mW E_total_accum=177.414mWh
15:04:28.271 > [BENCH] IDLE | t_inference_us=0 | heap=37.2kB/282.0kB (min=239.3kB, biggest=108.0kB) | arena=3.4kB | V_bus=5.132V I_bus=58.4mA P_bus=299.5mW E_total_accum=177.582mWh
15:04:30.283 > [BENCH] IDLE | t_inference_us=0 | heap=37.2kB/282.0kB (min=239.3kB, biggest=108.0kB) | arena=3.4kB | V_bus=5.136V I_bus=60.3mA P_bus=309.8mW E_total_accum=177.755mWh
15:04:32.299 > [BENCH] IDLE | t_inference_us=0 | heap=37.2kB/282.0kB (min=239.3kB, biggest=108.0kB) | arena=3.4kB | V_bus=5.136V I_bus=59.4mA P_bus=305.0mW E_total_accum=177.926mWh
15:04:34.300 > [BENCH] IDLE | t_inference_us=0 | heap=37.2kB/282.0kB (min=239.3kB, biggest=108.0kB) | arena=3.4kB | V_bus=5.136V I_bus=58.6mA P_bus=300.8mW E_total_accum=178.094mWh
15:04:36.317 > [BENCH] IDLE | t_inference_us=0 | heap=37.2kB/282.0kB (min=239.3kB, biggest=108.0kB) | arena=3.4kB | V_bus=5.132V I_bus=58.4mA P_bus=299.7mW E_total_accum=178.262mWh
15:04:38.340 > [BENCH] IDLE | t_inference_us=0 | heap=37.2kB/282.0kB (min=239.3kB, biggest=108.0kB) | arena=3.4kB | V_bus=5.132V I_bus=57.8mA P_bus=296.7mW E_total_accum=178.428mWh
15:04:40.347 > [BENCH] IDLE | t_inference_us=0 | heap=37.2kB/282.0kB (min=239.3kB, biggest=108.0kB) | arena=3.4kB | V_bus=5.132V I_bus=58.0mA P_bus=297.5mW E_total_accum=178.594mWh
15:04:42.364 > [BENCH] IDLE | t_inference_us=0 | heap=37.2kB/282.0kB (min=239.3kB, biggest=108.0kB) | arena=3.4kB | V_bus=5.128V I_bus=57.5mA P_bus=295.0mW E_total_accum=178.759mWh
15:04:44.381 > [BENCH] IDLE | t_inference_us=0 | heap=37.2kB/282.0kB (min=239.3kB, biggest=108.0kB) | arena=3.4kB | V_bus=5.132V I_bus=58.0mA P_bus=297.7mW E_total_accum=178.926mWh
15:04:46.382 > [BENCH] IDLE | t_inference_us=0 | heap=37.2kB/282.0kB (min=239.3kB, biggest=108.0kB) | arena=3.4kB | V_bus=5.136V I_bus=57.4mA P_bus=294.8mW E_total_accum=179.091mWh
15:04:48.395 > [BENCH] IDLE | t_inference_us=0 | heap=37.2kB/282.0kB (min=239.3kB, biggest=108.0kB) | arena=3.4kB | V_bus=5.136V I_bus=58.4mA P_bus=300.0mW E_total_accum=179.259mWh
15:04:50.412 > [BENCH] IDLE | t_inference_us=0 | heap=37.2kB/282.0kB (min=239.3kB, biggest=108.0kB) | arena=3.4kB | V_bus=5.132V I_bus=57.8mA P_bus=296.9mW E_total_accum=179.425mWh
15:04:52.428 > [BENCH] IDLE | t_inference_us=0 | heap=37.2kB/282.0kB (min=239.3kB, biggest=108.0kB) | arena=3.4kB | V_bus=5.136V I_bus=59.2mA P_bus=303.8mW E_total_accum=179.595mWh
15:04:54.445 > [BENCH] IDLE | t_inference_us=0 | heap=37.2kB/282.0kB (min=239.3kB, biggest=108.0kB) | arena=3.4kB | V_bus=5.136V I_bus=58.3mA P_bus=299.2mW E_total_accum=179.762mWh
15:04:56.463 > [BENCH] IDLE | t_inference_us=0 | heap=37.2kB/282.0kB (min=239.3kB, biggest=108.0kB) | arena=3.4kB | V_bus=5.132V I_bus=59.6mA P_bus=305.8mW E_total_accum=179.933mWh
15:04:58.012 > 
15:04:58.012 > [EVENT] type=HOUR  Tin=24.70 Hin=64.30 Tout=34.10 Hout=54.20
15:04:58.043 > [infer] REAL - Invoke executed (model ran)
15:04:58.047 > 
15:04:58.047 > [PWR] infer | E_inference_window(ΔE_total)=1.282µWh (E0=180.069305mWh E1=180.070587mWh) | E_inference_pipeline(ΔE_total)=1.541µWh (E0=180.069153mWh E1=180.070694mWh) | t_inference=13.836ms | t_inference_pipeline=17.127ms | E_total_accum=180.071mWh
15:04:58.073 > [BENCH] INFER_HOURLY | t_inference_us=13836 | heap=37.2kB/282.0kB (min=239.3kB, biggest=108.0kB) | arena=3.4kB | V_bus=5.120V I_bus=64.3mA P_bus=329.6mW E_total_accum=180.071mWh
15:04:58.084 > [HOUR] Tin=24.70 Hin=64.30 | Tp=24.44 Hp=65.22
15:04:58.089 > [HOUR] SAMPLES | N_ALL=11 N_T=11 N_H=11
15:04:58.092 > [HOUR] METRICS | MAE=nan RMSE=nan R2=NA | MAE_T=nan RMSE_T=nan R2_T=NA | MAE_H=nan RMSE_H=nan R2_H=NA
15:04:58.701 > [SENSORS] Health IN ok=986 err=0 reinit=0 pwr=0 | OUT ok=986 err=0 reinit=0 pwr=0
15:05:00.058 > [BENCH] IDLE | t_inference_us=0 | heap=37.2kB/282.0kB (min=239.3kB, biggest=108.0kB) | arena=3.4kB | V_bus=5.128V I_bus=62.5mA P_bus=320.4mW E_total_accum=180.250mWh
15:05:02.074 > [BENCH] IDLE | t_inference_us=0 | heap=37.2kB/282.0kB (min=239.3kB, biggest=108.0kB) | arena=3.4kB | V_bus=5.132V I_bus=62.6mA P_bus=320.9mW E_total_accum=180.430mWh
15:05:04.077 > [BENCH] IDLE | t_inference_us=0 | heap=37.2kB/282.0kB (min=239.3kB, biggest=108.0kB) | arena=3.4kB | V_bus=5.132V I_bus=61.2mA P_bus=313.6mW E_total_accum=180.605mWh
15:05:06.094 > [BENCH] IDLE | t_inference_us=0 | heap=37.2kB/282.0kB (min=239.3kB, biggest=108.0kB) | arena=3.4kB | V_bus=5.136V I_bus=61.7mA P_bus=316.5mW E_total_accum=180.782mWh
15:05:08.119 > [BENCH] IDLE | t_inference_us=0 | heap=37.2kB/282.0kB (min=239.3kB, biggest=108.0kB) | arena=3.4kB | V_bus=5.136V I_bus=60.3mA P_bus=309.7mW E_total_accum=180.956mWh
15:05:10.124 > [BENCH] IDLE | t_inference_us=0 | heap=37.2kB/282.0kB (min=239.3kB, biggest=108.0kB) | arena=3.4kB | V_bus=5.132V I_bus=61.1mA P_bus=313.3mW E_total_accum=181.131mWh
15:05:12.143 > [BENCH] IDLE | t_inference_us=0 | heap=37.2kB/282.0kB (min=239.3kB, biggest=108.0kB) | arena=3.4kB | V_bus=5.132V I_bus=59.9mA P_bus=307.2mW E_total_accum=181.303mWh
15:05:14.159 > [BENCH] IDLE | t_inference_us=0 | heap=37.2kB/282.0kB (min=239.3kB, biggest=108.0kB) | arena=3.4kB | V_bus=5.132V I_bus=60.8mA P_bus=311.9mW E_total_accum=181.477mWh
15:05:16.159 > [BENCH] IDLE | t_inference_us=0 | heap=37.2kB/282.0kB (min=239.3kB, biggest=108.0kB) | arena=3.4kB | V_bus=5.132V I_bus=59.7mA P_bus=306.3mW E_total_accum=181.648mWh
15:05:18.176 > [BENCH] IDLE | t_inference_us=0 | heap=37.2kB/282.0kB (min=239.3kB, biggest=108.0kB) | arena=3.4kB | V_bus=5.136V I_bus=60.6mA P_bus=310.8mW E_total_accum=181.822mWh
15:05:20.190 > [BENCH] IDLE | t_inference_us=0 | heap=37.2kB/282.0kB (min=239.3kB, biggest=108.0kB) | arena=3.4kB | V_bus=5.132V I_bus=59.4mA P_bus=304.8mW E_total_accum=181.993mWh
15:05:22.208 > [BENCH] IDLE | t_inference_us=0 | heap=37.2kB/282.0kB (min=239.3kB, biggest=108.0kB) | arena=3.4kB | V_bus=5.136V I_bus=60.4mA P_bus=309.8mW E_total_accum=182.166mWh
15:05:24.228 > [BENCH] IDLE | t_inference_us=0 | heap=37.2kB/282.0kB (min=239.3kB, biggest=108.0kB) | arena=3.4kB | V_bus=5.132V I_bus=59.4mA P_bus=304.7mW E_total_accum=182.337mWh
15:05:26.240 > [BENCH] IDLE | t_inference_us=0 | heap=37.2kB/282.0kB (min=239.3kB, biggest=108.0kB) | arena=3.4kB | V_bus=5.132V I_bus=60.2mA P_bus=308.9mW E_total_accum=182.510mWh
15:05:28.240 > [BENCH] IDLE | t_inference_us=0 | heap=37.2kB/282.0kB (min=239.3kB, biggest=108.0kB) | arena=3.4kB | V_bus=5.132V I_bus=61.3mA P_bus=314.4mW E_total_accum=182.684mWh
15:05:30.253 > [BENCH] IDLE | t_inference_us=0 | heap=37.2kB/282.0kB (min=239.3kB, biggest=108.0kB) | arena=3.4kB | V_bus=5.132V I_bus=59.9mA P_bus=307.5mW E_total_accum=182.856mWh
15:05:32.268 > [BENCH] IDLE | t_inference_us=0 | heap=37.2kB/282.0kB (min=239.3kB, biggest=108.0kB) | arena=3.4kB | V_bus=5.132V I_bus=60.9mA P_bus=312.3mW E_total_accum=183.031mWh
15:05:34.280 > [BENCH] IDLE | t_inference_us=0 | heap=37.2kB/282.0kB (min=239.3kB, biggest=108.0kB) | arena=3.4kB | V_bus=5.132V I_bus=59.7mA P_bus=306.2mW E_total_accum=183.202mWh
15:05:36.299 > [BENCH] IDLE | t_inference_us=0 | heap=37.2kB/282.0kB (min=239.3kB, biggest=108.0kB) | arena=3.4kB | V_bus=5.132V I_bus=60.6mA P_bus=310.9mW E_total_accum=183.376mWh
15:05:38.305 > [BENCH] IDLE | t_inference_us=0 | heap=37.2kB/282.0kB (min=239.3kB, biggest=108.0kB) | arena=3.4kB | V_bus=5.136V I_bus=59.5mA P_bus=305.2mW E_total_accum=183.547mWh
15:05:40.319 > [BENCH] IDLE | t_inference_us=0 | heap=37.2kB/282.0kB (min=239.3kB, biggest=108.0kB) | arena=3.4kB | V_bus=5.132V I_bus=60.0mA P_bus=308.0mW E_total_accum=183.719mWh
15:05:42.334 > [BENCH] IDLE | t_inference_us=0 | heap=37.2kB/282.0kB (min=239.3kB, biggest=108.0kB) | arena=3.4kB | V_bus=5.132V I_bus=59.1mA P_bus=303.3mW E_total_accum=183.889mWh
15:05:44.352 > [BENCH] IDLE | t_inference_us=0 | heap=37.2kB/282.0kB (min=239.3kB, biggest=108.0kB) | arena=3.4kB | V_bus=5.132V I_bus=59.4mA P_bus=304.7mW E_total_accum=184.060mWh
15:05:46.371 > [BENCH] IDLE | t_inference_us=0 | heap=37.2kB/282.0kB (min=239.3kB, biggest=108.0kB) | arena=3.4kB | V_bus=5.132V I_bus=58.5mA P_bus=300.2mW E_total_accum=184.228mWh
15:05:48.385 > [BENCH] IDLE | t_inference_us=0 | heap=37.2kB/282.0kB (min=239.3kB, biggest=108.0kB) | arena=3.4kB | V_bus=5.128V I_bus=59.4mA P_bus=304.9mW E_total_accum=184.398mWh
15:05:50.399 > [BENCH] IDLE | t_inference_us=0 | heap=37.2kB/282.0kB (min=239.3kB, biggest=108.0kB) | arena=3.4kB | V_bus=5.128V I_bus=58.5mA P_bus=300.2mW E_total_accum=184.566mWh
15:05:52.401 > [BENCH] IDLE | t_inference_us=0 | heap=37.2kB/282.0kB (min=239.3kB, biggest=108.0kB) | arena=3.4kB | V_bus=5.136V I_bus=59.7mA P_bus=306.2mW E_total_accum=184.737mWh
15:05:54.417 > [BENCH] IDLE | t_inference_us=0 | heap=37.2kB/282.0kB (min=239.3kB, biggest=108.0kB) | arena=3.4kB | V_bus=5.132V I_bus=58.8mA P_bus=301.8mW E_total_accum=184.906mWh
15:05:56.434 > [BENCH] IDLE | t_inference_us=0 | heap=37.2kB/282.0kB (min=239.3kB, biggest=108.0kB) | arena=3.4kB | V_bus=5.132V I_bus=59.3mA P_bus=304.1mW E_total_accum=185.076mWh
15:05:58.033 > 
15:05:58.033 > [EVENT] type=HOUR  Tin=24.70 Hin=64.41 Tout=34.00 Hout=54.70
15:05:58.053 > [infer] REAL - Invoke executed (model ran)
15:05:58.053 > 
15:05:58.053 > [PWR] infer | E_inference_window(ΔE_total)=1.312µWh (E0=185.216156mWh E1=185.217468mWh) | E_inference_pipeline(ΔE_total)=1.572µWh (E0=185.216003mWh E1=185.217575mWh) | t_inference=13.851ms | t_inference_pipeline=17.140ms | E_total_accum=185.218mWh
15:05:58.121 > [BENCH] INFER_HOURLY | t_inference_us=13851 | heap=37.2kB/282.0kB (min=239.3kB, biggest=108.0kB) | arena=3.4kB | V_bus=5.120V I_bus=65.1mA P_bus=333.7mW E_total_accum=185.218mWh
15:05:58.121 > [HOUR] Tin=24.70 Hin=64.41 | Tp=24.30 Hp=64.20
15:05:58.121 > [HOUR] SAMPLES | N_ALL=12 N_T=12 N_H=12
15:05:58.121 > [HOUR] METRICS | MAE=nan RMSE=nan R2=NA | MAE_T=nan RMSE_T=nan R2_T=NA | MAE_H=nan RMSE_H=nan R2_H=NA
15:05:58.701 > [SENSORS] Health IN ok=1014 err=0 reinit=0 pwr=0 | OUT ok=1014 err=0 reinit=0 pwr=0
15:06:00.077 > [BENCH] IDLE | t_inference_us=0 | heap=37.2kB/282.0kB (min=239.3kB, biggest=108.0kB) | arena=3.4kB | V_bus=5.132V I_bus=63.1mA P_bus=323.3mW E_total_accum=185.399mWh
15:06:02.092 > [BENCH] IDLE | t_inference_us=0 | heap=37.2kB/282.0kB (min=239.3kB, biggest=108.0kB) | arena=3.4kB | V_bus=5.132V I_bus=63.7mA P_bus=326.6mW E_total_accum=185.582mWh
15:06:04.098 > [BENCH] IDLE | t_inference_us=0 | heap=37.2kB/282.0kB (min=239.3kB, biggest=108.0kB) | arena=3.4kB | V_bus=5.132V I_bus=61.9mA P_bus=317.3mW E_total_accum=185.759mWh
15:06:06.113 > [BENCH] IDLE | t_inference_us=0 | heap=37.2kB/282.0kB (min=239.3kB, biggest=108.0kB) | arena=3.4kB | V_bus=5.132V I_bus=62.4mA P_bus=320.1mW E_total_accum=185.938mWh
15:06:08.132 > [BENCH] IDLE | t_inference_us=0 | heap=37.2kB/282.0kB (min=239.3kB, biggest=108.0kB) | arena=3.4kB | V_bus=5.136V I_bus=61.0mA P_bus=313.0mW E_total_accum=186.113mWh
15:06:10.148 > [BENCH] IDLE | t_inference_us=0 | heap=37.2kB/282.0kB (min=239.3kB, biggest=108.0kB) | arena=3.4kB | V_bus=5.132V I_bus=61.2mA P_bus=314.2mW E_total_accum=186.289mWh
15:06:12.162 > [BENCH] IDLE | t_inference_us=0 | heap=37.2kB/282.0kB (min=239.3kB, biggest=108.0kB) | arena=3.4kB | V_bus=5.132V I_bus=60.0mA P_bus=307.8mW E_total_accum=186.461mWh
15:06:14.176 > [BENCH] IDLE | t_inference_us=0 | heap=37.2kB/282.0kB (min=239.3kB, biggest=108.0kB) | arena=3.4kB | V_bus=5.132V I_bus=59.7mA P_bus=306.3mW E_total_accum=186.633mWh
15:06:16.178 > [BENCH] IDLE | t_inference_us=0 | heap=37.2kB/282.0kB (min=239.3kB, biggest=108.0kB) | arena=3.4kB | V_bus=5.132V I_bus=58.9mA P_bus=302.0mW E_total_accum=186.801mWh
15:06:18.197 > [BENCH] IDLE | t_inference_us=0 | heap=37.2kB/282.0kB (min=239.3kB, biggest=108.0kB) | arena=3.4kB | V_bus=5.132V I_bus=58.5mA P_bus=300.3mW E_total_accum=186.969mWh
15:06:20.213 > [BENCH] IDLE | t_inference_us=0 | heap=37.2kB/282.0kB (min=239.3kB, biggest=108.0kB) | arena=3.4kB | V_bus=5.136V I_bus=57.8mA P_bus=296.8mW E_total_accum=187.136mWh
15:06:22.231 > [BENCH] IDLE | t_inference_us=0 | heap=37.2kB/282.0kB (min=239.3kB, biggest=108.0kB) | arena=3.4kB | V_bus=5.132V I_bus=57.3mA P_bus=294.3mW E_total_accum=187.300mWh
15:06:24.243 > [BENCH] IDLE | t_inference_us=0 | heap=37.2kB/282.0kB (min=239.3kB, biggest=108.0kB) | arena=3.4kB | V_bus=5.132V I_bus=59.5mA P_bus=305.3mW E_total_accum=187.471mWh
15:06:26.258 > [BENCH] IDLE | t_inference_us=0 | heap=37.2kB/282.0kB (min=239.3kB, biggest=108.0kB) | arena=3.4kB | V_bus=5.136V I_bus=58.6mA P_bus=300.7mW E_total_accum=187.639mWh
15:06:28.262 > [BENCH] IDLE | t_inference_us=0 | heap=37.2kB/282.0kB (min=239.3kB, biggest=108.0kB) | arena=3.4kB | V_bus=5.132V I_bus=59.8mA P_bus=307.0mW E_total_accum=187.811mWh
15:06:30.278 > [BENCH] IDLE | t_inference_us=0 | heap=37.2kB/282.0kB (min=239.3kB, biggest=108.0kB) | arena=3.4kB | V_bus=5.132V I_bus=58.9mA P_bus=302.1mW E_total_accum=187.980mWh
15:06:32.293 > [BENCH] IDLE | t_inference_us=0 | heap=37.2kB/282.0kB (min=239.3kB, biggest=108.0kB) | arena=3.4kB | V_bus=5.116V I_bus=62.2mA P_bus=319.1mW E_total_accum=188.158mWh
15:06:34.290 > [BENCH] IDLE | t_inference_us=0 | heap=37.2kB/282.0kB (min=239.3kB, biggest=108.0kB) | arena=3.4kB | V_bus=5.132V I_bus=61.7mA P_bus=316.6mW E_total_accum=188.335mWh
15:06:36.308 > [BENCH] IDLE | t_inference_us=0 | heap=37.2kB/282.0kB (min=239.3kB, biggest=108.0kB) | arena=3.4kB | V_bus=5.132V I_bus=60.4mA P_bus=310.1mW E_total_accum=188.508mWh
15:06:38.325 > [BENCH] IDLE | t_inference_us=0 | heap=37.2kB/282.0kB (min=239.3kB, biggest=108.0kB) | arena=3.4kB | V_bus=5.132V I_bus=59.8mA P_bus=306.7mW E_total_accum=188.680mWh
15:06:40.343 > [BENCH] IDLE | t_inference_us=0 | heap=37.2kB/282.0kB (min=239.3kB, biggest=108.0kB) | arena=3.4kB | V_bus=5.132V I_bus=61.6mA P_bus=316.1mW E_total_accum=188.856mWh
15:06:42.358 > [BENCH] IDLE | t_inference_us=0 | heap=37.2kB/282.0kB (min=239.3kB, biggest=108.0kB) | arena=3.4kB | V_bus=5.136V I_bus=60.3mA P_bus=309.4mW E_total_accum=189.030mWh
15:06:44.357 > [BENCH] IDLE | t_inference_us=0 | heap=37.2kB/282.0kB (min=239.3kB, biggest=108.0kB) | arena=3.4kB | V_bus=5.132V I_bus=61.4mA P_bus=315.2mW E_total_accum=189.206mWh
15:06:46.376 > [BENCH] IDLE | t_inference_us=0 | heap=37.2kB/282.0kB (min=239.3kB, biggest=108.0kB) | arena=3.4kB | V_bus=5.136V I_bus=60.1mA P_bus=308.4mW E_total_accum=189.378mWh
15:06:48.391 > [BENCH] IDLE | t_inference_us=0 | heap=37.2kB/282.0kB (min=239.3kB, biggest=108.0kB) | arena=3.4kB | V_bus=5.132V I_bus=60.5mA P_bus=310.7mW E_total_accum=189.552mWh
15:06:50.414 > [BENCH] IDLE | t_inference_us=0 | heap=37.2kB/282.0kB (min=239.3kB, biggest=108.0kB) | arena=3.4kB | V_bus=5.136V I_bus=59.5mA P_bus=305.4mW E_total_accum=189.723mWh
15:06:52.419 > [BENCH] IDLE | t_inference_us=0 | heap=37.2kB/282.0kB (min=239.3kB, biggest=108.0kB) | arena=3.4kB | V_bus=5.132V I_bus=59.3mA P_bus=304.5mW E_total_accum=189.893mWh
15:06:54.438 > [BENCH] IDLE | t_inference_us=0 | heap=37.2kB/282.0kB (min=239.3kB, biggest=108.0kB) | arena=3.4kB | V_bus=5.132V I_bus=58.6mA P_bus=300.6mW E_total_accum=190.062mWh
15:06:56.456 > [BENCH] IDLE | t_inference_us=0 | heap=37.2kB/282.0kB (min=239.3kB, biggest=108.0kB) | arena=3.4kB | V_bus=5.132V I_bus=58.2mA P_bus=298.9mW E_total_accum=190.229mWh
15:06:58.028 > 
15:06:58.028 > [EVENT] type=HOUR  Tin=25.20 Hin=64.22 Tout=34.10 Hout=54.80
15:06:58.039 > [infer] REAL - Invoke executed (model ran)
15:06:58.049 > 
15:06:58.049 > [PWR] infer | E_inference_window(ΔE_total)=1.266µWh (E0=190.363083mWh E1=190.364349mWh) | E_inference_pipeline(ΔE_total)=1.526µWh (E0=190.362930mWh E1=190.364456mWh) | t_inference=13.839ms | t_inference_pipeline=17.144ms | E_total_accum=190.364mWh
15:06:58.071 > [BENCH] INFER_HOURLY | t_inference_us=13839 | heap=37.2kB/282.0kB (min=239.3kB, biggest=108.0kB) | arena=3.4kB | V_bus=5.124V I_bus=63.5mA P_bus=325.4mW E_total_accum=190.364mWh
15:06:58.087 > [HOUR] Tin=25.20 Hin=64.22 | Tp=24.27 Hp=64.29
15:06:58.092 > [HOUR] SAMPLES | N_ALL=13 N_T=13 N_H=13
15:06:58.094 > [HOUR] METRICS | MAE=nan RMSE=nan R2=NA | MAE_T=nan RMSE_T=nan R2_T=NA | MAE_H=nan RMSE_H=nan R2_H=NA
15:06:58.722 > [SENSORS] Health IN ok=1042 err=0 reinit=0 pwr=0 | OUT ok=1042 err=0 reinit=0 pwr=0
15:07:00.053 > [BENCH] IDLE | t_inference_us=0 | heap=37.2kB/282.0kB (min=239.3kB, biggest=108.0kB) | arena=3.4kB | V_bus=5.112V I_bus=63.5mA P_bus=325.2mW E_total_accum=190.547mWh
15:07:02.056 > [BENCH] IDLE | t_inference_us=0 | heap=37.2kB/282.0kB (min=239.3kB, biggest=108.0kB) | arena=3.4kB | V_bus=5.132V I_bus=61.8mA P_bus=316.9mW E_total_accum=190.723mWh
15:07:04.073 > [BENCH] IDLE | t_inference_us=0 | heap=37.2kB/282.0kB (min=239.3kB, biggest=108.0kB) | arena=3.4kB | V_bus=5.132V I_bus=61.8mA P_bus=316.8mW E_total_accum=190.900mWh
15:07:06.084 > [BENCH] IDLE | t_inference_us=0 | heap=37.2kB/282.0kB (min=239.3kB, biggest=108.0kB) | arena=3.4kB | V_bus=5.132V I_bus=60.5mA P_bus=310.5mW E_total_accum=191.074mWh
15:07:08.109 > [BENCH] IDLE | t_inference_us=0 | heap=37.2kB/282.0kB (min=239.3kB, biggest=108.0kB) | arena=3.4kB | V_bus=5.132V I_bus=60.2mA P_bus=308.6mW E_total_accum=191.246mWh
15:07:10.119 > [BENCH] IDLE | t_inference_us=0 | heap=37.2kB/282.0kB (min=239.3kB, biggest=108.0kB) | arena=3.4kB | V_bus=5.128V I_bus=59.3mA P_bus=303.9mW E_total_accum=191.416mWh
15:07:12.136 > [BENCH] IDLE | t_inference_us=0 | heap=37.2kB/282.0kB (min=239.3kB, biggest=108.0kB) | arena=3.4kB | V_bus=5.132V I_bus=59.0mA P_bus=302.5mW E_total_accum=191.586mWh
15:07:14.150 > [BENCH] IDLE | t_inference_us=0 | heap=37.2kB/282.0kB (min=239.3kB, biggest=108.0kB) | arena=3.4kB | V_bus=5.132V I_bus=58.3mA P_bus=299.0mW E_total_accum=191.753mWh
15:07:16.164 > [BENCH] IDLE | t_inference_us=0 | heap=37.2kB/282.0kB (min=239.3kB, biggest=108.0kB) | arena=3.4kB | V_bus=5.132V I_bus=58.1mA P_bus=298.1mW E_total_accum=191.920mWh
15:07:18.169 > [BENCH] IDLE | t_inference_us=0 | heap=37.2kB/282.0kB (min=239.3kB, biggest=108.0kB) | arena=3.4kB | V_bus=5.132V I_bus=57.5mA P_bus=295.2mW E_total_accum=192.085mWh
15:07:20.190 > [BENCH] IDLE | t_inference_us=0 | heap=37.2kB/282.0kB (min=239.3kB, biggest=108.0kB) | arena=3.4kB | V_bus=5.136V I_bus=57.4mA P_bus=294.4mW E_total_accum=192.250mWh
15:07:22.206 > [BENCH] IDLE | t_inference_us=0 | heap=37.2kB/282.0kB (min=239.3kB, biggest=108.0kB) | arena=3.4kB | V_bus=5.132V I_bus=57.0mA P_bus=292.7mW E_total_accum=192.413mWh
15:07:24.213 > [BENCH] IDLE | t_inference_us=0 | heap=37.2kB/282.0kB (min=239.3kB, biggest=108.0kB) | arena=3.4kB | V_bus=5.132V I_bus=56.9mA P_bus=292.1mW E_total_accum=192.577mWh
15:07:26.230 > [BENCH] IDLE | t_inference_us=0 | heap=37.2kB/282.0kB (min=239.3kB, biggest=108.0kB) | arena=3.4kB | V_bus=5.132V I_bus=59.4mA P_bus=304.6mW E_total_accum=192.747mWh
15:07:28.248 > [BENCH] IDLE | t_inference_us=0 | heap=37.2kB/282.0kB (min=239.3kB, biggest=108.0kB) | arena=3.4kB | V_bus=5.136V I_bus=58.8mA P_bus=301.6mW E_total_accum=192.916mWh
15:07:30.247 > [BENCH] IDLE | t_inference_us=0 | heap=37.2kB/282.0kB (min=239.3kB, biggest=108.0kB) | arena=3.4kB | V_bus=5.136V I_bus=60.7mA P_bus=311.7mW E_total_accum=193.090mWh
15:07:32.272 > [BENCH] IDLE | t_inference_us=0 | heap=37.2kB/282.0kB (min=239.3kB, biggest=108.0kB) | arena=3.4kB | V_bus=5.132V I_bus=59.7mA P_bus=306.6mW E_total_accum=193.262mWh
15:07:34.281 > [BENCH] IDLE | t_inference_us=0 | heap=37.2kB/282.0kB (min=239.3kB, biggest=108.0kB) | arena=3.4kB | V_bus=5.136V I_bus=61.6mA P_bus=316.2mW E_total_accum=193.439mWh
15:07:36.298 > [BENCH] IDLE | t_inference_us=0 | heap=37.2kB/282.0kB (min=239.3kB, biggest=108.0kB) | arena=3.4kB | V_bus=5.116V I_bus=61.6mA P_bus=315.9mW E_total_accum=193.615mWh
15:07:38.297 > [BENCH] IDLE | t_inference_us=0 | heap=37.2kB/282.0kB (min=239.3kB, biggest=108.0kB) | arena=3.4kB | V_bus=5.132V I_bus=60.9mA P_bus=312.6mW E_total_accum=193.789mWh
15:07:40.314 > [BENCH] IDLE | t_inference_us=0 | heap=37.2kB/282.0kB (min=239.3kB, biggest=108.0kB) | arena=3.4kB | V_bus=5.132V I_bus=59.9mA P_bus=307.4mW E_total_accum=193.961mWh
15:07:42.334 > [BENCH] IDLE | t_inference_us=0 | heap=37.2kB/282.0kB (min=239.3kB, biggest=108.0kB) | arena=3.4kB | V_bus=5.132V I_bus=59.6mA P_bus=305.9mW E_total_accum=194.133mWh
15:07:44.345 > [BENCH] IDLE | t_inference_us=0 | heap=37.2kB/282.0kB (min=239.3kB, biggest=108.0kB) | arena=3.4kB | V_bus=5.128V I_bus=58.8mA P_bus=301.7mW E_total_accum=194.301mWh
15:07:46.358 > [BENCH] IDLE | t_inference_us=0 | heap=37.2kB/282.0kB (min=239.3kB, biggest=108.0kB) | arena=3.4kB | V_bus=5.132V I_bus=58.8mA P_bus=301.5mW E_total_accum=194.470mWh
15:07:48.361 > [BENCH] IDLE | t_inference_us=0 | heap=37.2kB/282.0kB (min=239.3kB, biggest=108.0kB) | arena=3.4kB | V_bus=5.132V I_bus=58.2mA P_bus=298.7mW E_total_accum=194.637mWh
15:07:50.389 > [BENCH] IDLE | t_inference_us=0 | heap=37.2kB/282.0kB (min=239.3kB, biggest=108.0kB) | arena=3.4kB | V_bus=5.132V I_bus=58.6mA P_bus=300.6mW E_total_accum=194.805mWh
15:07:52.403 > [BENCH] IDLE | t_inference_us=0 | heap=37.2kB/282.0kB (min=239.3kB, biggest=108.0kB) | arena=3.4kB | V_bus=5.136V I_bus=58.0mA P_bus=297.9mW E_total_accum=194.972mWh
15:07:54.410 > [BENCH] IDLE | t_inference_us=0 | heap=37.2kB/282.0kB (min=239.3kB, biggest=108.0kB) | arena=3.4kB | V_bus=5.132V I_bus=58.8mA P_bus=301.6mW E_total_accum=195.141mWh
15:07:56.424 > [BENCH] IDLE | t_inference_us=0 | heap=37.2kB/282.0kB (min=239.3kB, biggest=108.0kB) | arena=3.4kB | V_bus=5.132V I_bus=58.1mA P_bus=298.3mW E_total_accum=195.307mWh
15:07:58.041 > 
15:07:58.041 > [EVENT] type=HOUR  Tin=26.20 Hin=67.21 Tout=34.30 Hout=53.70
15:07:58.055 > [infer] REAL - Invoke executed (model ran)
15:07:58.064 > 
15:07:58.065 > [PWR] infer | E_inference_window(ΔE_total)=1.328µWh (E0=195.444946mWh E1=195.446274mWh) | E_inference_pipeline(ΔE_total)=1.587µWh (E0=195.444794mWh E1=195.446381mWh) | t_inference=13.857ms | t_inference_pipeline=17.167ms | E_total_accum=195.446mWh
15:07:58.088 > [BENCH] INFER_HOURLY | t_inference_us=13857 | heap=37.2kB/282.0kB (min=239.3kB, biggest=108.0kB) | arena=3.4kB | V_bus=5.124V I_bus=66.0mA P_bus=338.4mW E_total_accum=195.446mWh
15:07:58.105 > [HOUR] Tin=26.20 Hin=67.21 | Tp=24.73 Hp=64.09
15:07:58.106 > [HOUR] SAMPLES | N_ALL=14 N_T=14 N_H=14
15:07:58.110 > [HOUR] METRICS | MAE=nan RMSE=nan R2=NA | MAE_T=nan RMSE_T=nan R2_T=NA | MAE_H=nan RMSE_H=nan R2_H=NA
15:07:58.744 > [SENSORS] Health IN ok=1070 err=0 reinit=0 pwr=0 | OUT ok=1070 err=0 reinit=0 pwr=0
15:08:00.073 > [BENCH] IDLE | t_inference_us=0 | heap=37.2kB/282.0kB (min=239.3kB, biggest=108.0kB) | arena=3.4kB | V_bus=5.132V I_bus=63.9mA P_bus=327.5mW E_total_accum=195.630mWh
15:08:02.092 > [BENCH] IDLE | t_inference_us=0 | heap=37.2kB/282.0kB (min=239.3kB, biggest=108.0kB) | arena=3.4kB | V_bus=5.132V I_bus=65.0mA P_bus=333.4mW E_total_accum=195.816mWh
15:08:04.093 > [BENCH] IDLE | t_inference_us=0 | heap=37.2kB/282.0kB (min=239.3kB, biggest=108.0kB) | arena=3.4kB | V_bus=5.132V I_bus=63.4mA P_bus=325.0mW E_total_accum=195.998mWh
15:08:06.107 > [BENCH] IDLE | t_inference_us=0 | heap=37.2kB/282.0kB (min=239.3kB, biggest=108.0kB) | arena=3.4kB | V_bus=5.132V I_bus=62.6mA P_bus=321.1mW E_total_accum=196.177mWh
15:08:08.121 > [BENCH] IDLE | t_inference_us=0 | heap=37.2kB/282.0kB (min=239.3kB, biggest=108.0kB) | arena=3.4kB | V_bus=5.136V I_bus=61.2mA P_bus=314.0mW E_total_accum=196.353mWh
15:08:10.130 > [BENCH] IDLE | t_inference_us=0 | heap=37.2kB/282.0kB (min=239.3kB, biggest=108.0kB) | arena=3.4kB | V_bus=5.132V I_bus=61.8mA P_bus=317.0mW E_total_accum=196.530mWh
15:08:12.140 > [BENCH] IDLE | t_inference_us=0 | heap=37.2kB/282.0kB (min=239.3kB, biggest=108.0kB) | arena=3.4kB | V_bus=5.132V I_bus=60.5mA P_bus=310.7mW E_total_accum=196.704mWh
15:08:14.158 > [BENCH] IDLE | t_inference_us=0 | heap=37.2kB/282.0kB (min=239.3kB, biggest=108.0kB) | arena=3.4kB | V_bus=5.136V I_bus=61.9mA P_bus=317.6mW E_total_accum=196.881mWh
15:08:16.175 > [BENCH] IDLE | t_inference_us=0 | heap=37.2kB/282.0kB (min=239.3kB, biggest=108.0kB) | arena=3.4kB | V_bus=5.132V I_bus=60.6mA P_bus=311.0mW E_total_accum=197.055mWh
15:08:18.189 > [BENCH] IDLE | t_inference_us=0 | heap=37.2kB/282.0kB (min=239.3kB, biggest=108.0kB) | arena=3.4kB | V_bus=5.132V I_bus=59.7mA P_bus=306.2mW E_total_accum=197.227mWh
15:08:20.205 > [BENCH] IDLE | t_inference_us=0 | heap=37.2kB/282.0kB (min=239.3kB, biggest=108.0kB) | arena=3.4kB | V_bus=5.132V I_bus=59.5mA P_bus=305.3mW E_total_accum=197.397mWh
15:08:22.221 > [BENCH] IDLE | t_inference_us=0 | heap=37.2kB/282.0kB (min=239.3kB, biggest=108.0kB) | arena=3.4kB | V_bus=5.132V I_bus=58.7mA P_bus=301.2mW E_total_accum=197.566mWh
15:08:24.222 > [BENCH] IDLE | t_inference_us=0 | heap=37.2kB/282.0kB (min=239.3kB, biggest=108.0kB) | arena=3.4kB | V_bus=5.132V I_bus=59.6mA P_bus=305.8mW E_total_accum=197.737mWh
15:08:26.249 > [BENCH] IDLE | t_inference_us=0 | heap=37.2kB/282.0kB (min=239.3kB, biggest=108.0kB) | arena=3.4kB | V_bus=5.136V I_bus=58.8mA P_bus=301.6mW E_total_accum=197.906mWh
15:08:28.252 > [BENCH] IDLE | t_inference_us=0 | heap=37.2kB/282.0kB (min=239.3kB, biggest=108.0kB) | arena=3.4kB | V_bus=5.136V I_bus=60.8mA P_bus=312.0mW E_total_accum=198.080mWh
15:08:30.268 > [BENCH] IDLE | t_inference_us=0 | heap=37.2kB/282.0kB (min=239.3kB, biggest=108.0kB) | arena=3.4kB | V_bus=5.132V I_bus=60.0mA P_bus=308.1mW E_total_accum=198.253mWh
15:08:32.287 > [BENCH] IDLE | t_inference_us=0 | heap=37.2kB/282.0kB (min=239.3kB, biggest=108.0kB) | arena=3.4kB | V_bus=5.128V I_bus=59.2mA P_bus=303.9mW E_total_accum=198.423mWh
15:08:34.304 > [BENCH] IDLE | t_inference_us=0 | heap=37.2kB/282.0kB (min=239.3kB, biggest=108.0kB) | arena=3.4kB | V_bus=5.132V I_bus=59.9mA P_bus=307.2mW E_total_accum=198.595mWh
15:08:36.318 > [BENCH] IDLE | t_inference_us=0 | heap=37.2kB/282.0kB (min=239.3kB, biggest=108.0kB) | arena=3.4kB | V_bus=5.136V I_bus=58.9mA P_bus=302.5mW E_total_accum=198.764mWh
15:08:38.320 > [BENCH] IDLE | t_inference_us=0 | heap=37.2kB/282.0kB (min=239.3kB, biggest=108.0kB) | arena=3.4kB | V_bus=5.136V I_bus=60.9mA P_bus=312.5mW E_total_accum=198.939mWh
15:08:40.333 > [BENCH] IDLE | t_inference_us=0 | heap=37.2kB/282.0kB (min=239.3kB, biggest=108.0kB) | arena=3.4kB | V_bus=5.116V I_bus=63.6mA P_bus=326.1mW E_total_accum=199.121mWh
15:08:42.335 > [BENCH] IDLE | t_inference_us=0 | heap=37.2kB/282.0kB (min=239.3kB, biggest=108.0kB) | arena=3.4kB | V_bus=5.132V I_bus=63.5mA P_bus=325.6mW E_total_accum=199.302mWh
15:08:44.361 > [BENCH] IDLE | t_inference_us=0 | heap=37.2kB/282.0kB (min=239.3kB, biggest=108.0kB) | arena=3.4kB | V_bus=5.132V I_bus=61.9mA P_bus=317.3mW E_total_accum=199.480mWh
15:08:46.368 > [BENCH] IDLE | t_inference_us=0 | heap=37.2kB/282.0kB (min=239.3kB, biggest=108.0kB) | arena=3.4kB | V_bus=5.132V I_bus=63.3mA P_bus=324.9mW E_total_accum=199.661mWh
15:08:48.390 > [BENCH] IDLE | t_inference_us=0 | heap=37.2kB/282.0kB (min=239.3kB, biggest=108.0kB) | arena=3.4kB | V_bus=5.132V I_bus=62.3mA P_bus=319.5mW E_total_accum=199.840mWh
15:08:50.394 > [BENCH] IDLE | t_inference_us=0 | heap=37.2kB/282.0kB (min=239.3kB, biggest=108.0kB) | arena=3.4kB | V_bus=5.132V I_bus=60.9mA P_bus=312.7mW E_total_accum=200.015mWh
15:08:52.414 > [BENCH] IDLE | t_inference_us=0 | heap=37.2kB/282.0kB (min=239.3kB, biggest=108.0kB) | arena=3.4kB | V_bus=5.136V I_bus=62.0mA P_bus=318.0mW E_total_accum=200.193mWh
15:08:54.431 > [BENCH] IDLE | t_inference_us=0 | heap=37.2kB/282.0kB (min=239.3kB, biggest=108.0kB) | arena=3.4kB | V_bus=5.132V I_bus=60.8mA P_bus=312.0mW E_total_accum=200.368mWh
15:08:56.430 > [BENCH] IDLE | t_inference_us=0 | heap=37.2kB/282.0kB (min=239.3kB, biggest=108.0kB) | arena=3.4kB | V_bus=5.132V I_bus=59.9mA P_bus=307.4mW E_total_accum=200.539mWh
15:08:58.012 > 
15:08:58.012 > [EVENT] type=HOUR  Tin=27.10 Hin=72.37 Tout=34.50 Hout=53.20
15:08:58.034 > [infer] REAL - Invoke executed (model ran)
15:08:58.039 > 
15:08:58.039 > [PWR] infer | E_inference_window(ΔE_total)=1.312µWh (E0=200.674728mWh E1=200.676041mWh) | E_inference_pipeline(ΔE_total)=1.572µWh (E0=200.674576mWh E1=200.676147mWh) | t_inference=13.840ms | t_inference_pipeline=17.115ms | E_total_accum=200.676mWh
15:08:58.061 > [BENCH] INFER_HOURLY | t_inference_us=13840 | heap=37.2kB/282.0kB (min=239.3kB, biggest=108.0kB) | arena=3.4kB | V_bus=5.120V I_bus=64.6mA P_bus=331.2mW E_total_accum=200.676mWh
15:08:58.076 > [HOUR] Tin=27.10 Hin=72.37 | Tp=25.68 Hp=67.06
15:08:58.117 > [HOUR] SAMPLES | N_ALL=15 N_T=15 N_H=15
15:08:58.117 > [HOUR] METRICS | MAE=nan RMSE=nan R2=NA | MAE_T=nan RMSE_T=nan R2_T=NA | MAE_H=nan RMSE_H=nan R2_H=NA
15:08:58.749 > [SENSORS] Health IN ok=1098 err=0 reinit=0 pwr=0 | OUT ok=1098 err=0 reinit=0 pwr=0
15:09:00.045 > [BENCH] IDLE | t_inference_us=0 | heap=37.2kB/282.0kB (min=239.3kB, biggest=108.0kB) | arena=3.4kB | V_bus=5.132V I_bus=62.9mA P_bus=322.5mW E_total_accum=200.857mWh
15:09:02.068 > [BENCH] IDLE | t_inference_us=0 | heap=37.2kB/282.0kB (min=239.3kB, biggest=108.0kB) | arena=3.4kB | V_bus=5.132V I_bus=63.1mA P_bus=323.5mW E_total_accum=201.038mWh
15:09:04.080 > [BENCH] IDLE | t_inference_us=0 | heap=37.2kB/282.0kB (min=239.3kB, biggest=108.0kB) | arena=3.4kB | V_bus=5.132V I_bus=61.6mA P_bus=316.1mW E_total_accum=201.215mWh
15:09:06.090 > [BENCH] IDLE | t_inference_us=0 | heap=37.2kB/282.0kB (min=239.3kB, biggest=108.0kB) | arena=3.4kB | V_bus=5.132V I_bus=60.5mA P_bus=310.0mW E_total_accum=201.388mWh
15:09:08.109 > [BENCH] IDLE | t_inference_us=0 | heap=37.2kB/282.0kB (min=239.3kB, biggest=108.0kB) | arena=3.4kB | V_bus=5.136V I_bus=60.6mA P_bus=310.9mW E_total_accum=201.562mWh
15:09:10.111 > [BENCH] IDLE | t_inference_us=0 | heap=37.2kB/282.0kB (min=239.3kB, biggest=108.0kB) | arena=3.4kB | V_bus=5.132V I_bus=62.3mA P_bus=319.7mW E_total_accum=201.740mWh
15:09:12.111 > [BENCH] IDLE | t_inference_us=0 | heap=37.2kB/282.0kB (min=239.3kB, biggest=108.0kB) | arena=3.4kB | V_bus=5.136V I_bus=61.6mA P_bus=316.2mW E_total_accum=201.917mWh
15:09:14.127 > [BENCH] IDLE | t_inference_us=0 | heap=37.2kB/282.0kB (min=239.3kB, biggest=108.0kB) | arena=3.4kB | V_bus=5.132V I_bus=60.6mA P_bus=310.8mW E_total_accum=202.091mWh
15:09:16.146 > [BENCH] IDLE | t_inference_us=0 | heap=37.2kB/282.0kB (min=239.3kB, biggest=108.0kB) | arena=3.4kB | V_bus=5.136V I_bus=62.2mA P_bus=319.3mW E_total_accum=202.269mWh
15:09:18.153 > [BENCH] IDLE | t_inference_us=0 | heap=37.2kB/282.0kB (min=239.3kB, biggest=108.0kB) | arena=3.4kB | V_bus=5.132V I_bus=61.5mA P_bus=315.8mW E_total_accum=202.446mWh
15:09:20.175 > [BENCH] IDLE | t_inference_us=0 | heap=37.2kB/282.0kB (min=239.3kB, biggest=108.0kB) | arena=3.4kB | V_bus=5.128V I_bus=60.4mA P_bus=309.9mW E_total_accum=202.619mWh
15:09:22.193 > [BENCH] IDLE | t_inference_us=0 | heap=37.2kB/282.0kB (min=239.3kB, biggest=108.0kB) | arena=3.4kB | V_bus=5.132V I_bus=62.2mA P_bus=318.9mW E_total_accum=202.798mWh
15:09:24.209 > [BENCH] IDLE | t_inference_us=0 | heap=37.2kB/282.0kB (min=239.3kB, biggest=108.0kB) | arena=3.4kB | V_bus=5.132V I_bus=61.5mA P_bus=315.8mW E_total_accum=202.975mWh
15:09:26.210 > [BENCH] IDLE | t_inference_us=0 | heap=37.2kB/282.0kB (min=239.3kB, biggest=108.0kB) | arena=3.4kB | V_bus=5.136V I_bus=60.3mA P_bus=309.6mW E_total_accum=203.148mWh
15:09:28.222 > [BENCH] IDLE | t_inference_us=0 | heap=37.2kB/282.0kB (min=239.3kB, biggest=108.0kB) | arena=3.4kB | V_bus=5.136V I_bus=59.5mA P_bus=305.3mW E_total_accum=203.318mWh
15:09:30.237 > [BENCH] IDLE | t_inference_us=0 | heap=37.2kB/282.0kB (min=239.3kB, biggest=108.0kB) | arena=3.4kB | V_bus=5.132V I_bus=59.9mA P_bus=307.2mW E_total_accum=203.490mWh
15:09:32.257 > [BENCH] IDLE | t_inference_us=0 | heap=37.2kB/282.0kB (min=239.3kB, biggest=108.0kB) | arena=3.4kB | V_bus=5.132V I_bus=58.9mA P_bus=302.4mW E_total_accum=203.660mWh
15:09:34.278 > [BENCH] IDLE | t_inference_us=0 | heap=37.2kB/282.0kB (min=239.3kB, biggest=108.0kB) | arena=3.4kB | V_bus=5.128V I_bus=58.3mA P_bus=299.4mW E_total_accum=203.827mWh
15:09:36.292 > [BENCH] IDLE | t_inference_us=0 | heap=37.2kB/282.0kB (min=239.3kB, biggest=108.0kB) | arena=3.4kB | V_bus=5.132V I_bus=59.7mA P_bus=306.4mW E_total_accum=203.998mWh
15:09:38.303 > [BENCH] IDLE | t_inference_us=0 | heap=37.2kB/282.0kB (min=239.3kB, biggest=108.0kB) | arena=3.4kB | V_bus=5.132V I_bus=59.1mA P_bus=303.5mW E_total_accum=204.168mWh
15:09:40.305 > [BENCH] IDLE | t_inference_us=0 | heap=37.2kB/282.0kB (min=239.3kB, biggest=108.0kB) | arena=3.4kB | V_bus=5.132V I_bus=58.5mA P_bus=300.2mW E_total_accum=204.336mWh
15:09:42.323 > [BENCH] IDLE | t_inference_us=0 | heap=37.2kB/282.0kB (min=239.3kB, biggest=108.0kB) | arena=3.4kB | V_bus=5.132V I_bus=60.4mA P_bus=310.2mW E_total_accum=204.510mWh
15:09:44.340 > [BENCH] IDLE | t_inference_us=0 | heap=37.2kB/282.0kB (min=239.3kB, biggest=108.0kB) | arena=3.4kB | V_bus=5.116V I_bus=63.3mA P_bus=324.5mW E_total_accum=204.691mWh
15:09:46.339 > [BENCH] IDLE | t_inference_us=0 | heap=37.2kB/282.0kB (min=239.3kB, biggest=108.0kB) | arena=3.4kB | V_bus=5.132V I_bus=64.5mA P_bus=330.9mW E_total_accum=204.875mWh
15:09:48.353 > [BENCH] IDLE | t_inference_us=0 | heap=37.2kB/282.0kB (min=239.3kB, biggest=108.0kB) | arena=3.4kB | V_bus=5.136V I_bus=63.5mA P_bus=325.8mW E_total_accum=205.058mWh
15:09:50.369 > [BENCH] IDLE | t_inference_us=0 | heap=37.2kB/282.0kB (min=239.3kB, biggest=108.0kB) | arena=3.4kB | V_bus=5.132V I_bus=61.9mA P_bus=317.4mW E_total_accum=205.235mWh
15:09:52.388 > [BENCH] IDLE | t_inference_us=0 | heap=37.2kB/282.0kB (min=239.3kB, biggest=108.0kB) | arena=3.4kB | V_bus=5.128V I_bus=60.7mA P_bus=311.4mW E_total_accum=205.409mWh
15:09:54.404 > [BENCH] IDLE | t_inference_us=0 | heap=37.2kB/282.0kB (min=239.3kB, biggest=108.0kB) | arena=3.4kB | V_bus=5.132V I_bus=61.8mA P_bus=316.8mW E_total_accum=205.587mWh
15:09:56.415 > [BENCH] IDLE | t_inference_us=0 | heap=37.2kB/282.0kB (min=239.3kB, biggest=108.0kB) | arena=3.4kB | V_bus=5.132V I_bus=61.0mA P_bus=313.0mW E_total_accum=205.762mWh
15:09:58.021 > 
15:09:58.021 > [EVENT] type=HOUR  Tin=27.80 Hin=72.60 Tout=34.50 Hout=53.80
15:09:58.049 > [infer] REAL - Invoke executed (model ran)
15:09:58.052 > 
15:09:58.052 > [PWR] infer | E_inference_window(ΔE_total)=1.312µWh (E0=205.901672mWh E1=205.902985mWh) | E_inference_pipeline(ΔE_total)=1.556µWh (E0=205.901535mWh E1=205.903091mWh) | t_inference=13.856ms | t_inference_pipeline=17.059ms | E_total_accum=205.903mWh
15:09:58.075 > [BENCH] INFER_HOURLY | t_inference_us=13856 | heap=37.2kB/282.0kB (min=239.3kB, biggest=108.0kB) | arena=3.4kB | V_bus=5.120V I_bus=64.8mA P_bus=332.3mW E_total_accum=205.903mWh
15:09:58.089 > [HOUR] Tin=27.80 Hin=72.60 | Tp=26.60 Hp=72.22
15:09:58.096 > [HOUR] SAMPLES | N_ALL=16 N_T=16 N_H=16
15:09:58.098 > [HOUR] METRICS | MAE=nan RMSE=nan R2=NA | MAE_T=nan RMSE_T=nan R2_T=NA | MAE_H=nan RMSE_H=nan R2_H=NA
15:09:58.771 > [SENSORS] Health IN ok=1126 err=0 reinit=0 pwr=0 | OUT ok=1126 err=0 reinit=0 pwr=0
15:10:00.069 > [BENCH] IDLE | t_inference_us=0 | heap=37.2kB/282.0kB (min=239.3kB, biggest=108.0kB) | arena=3.4kB | V_bus=5.132V I_bus=63.1mA P_bus=323.3mW E_total_accum=206.084mWh
15:10:02.068 > [BENCH] IDLE | t_inference_us=0 | heap=37.2kB/282.0kB (min=239.3kB, biggest=108.0kB) | arena=3.4kB | V_bus=5.132V I_bus=63.7mA P_bus=326.5mW E_total_accum=206.267mWh
15:10:04.087 > [BENCH] IDLE | t_inference_us=0 | heap=37.2kB/282.0kB (min=239.3kB, biggest=108.0kB) | arena=3.4kB | V_bus=5.136V I_bus=62.6mA P_bus=321.3mW E_total_accum=206.447mWh
15:10:06.103 > [BENCH] IDLE | t_inference_us=0 | heap=37.2kB/282.0kB (min=239.3kB, biggest=108.0kB) | arena=3.4kB | V_bus=5.132V I_bus=61.3mA P_bus=314.2mW E_total_accum=206.622mWh
15:10:08.114 > [BENCH] IDLE | t_inference_us=0 | heap=37.2kB/282.0kB (min=239.3kB, biggest=108.0kB) | arena=3.4kB | V_bus=5.132V I_bus=60.2mA P_bus=309.0mW E_total_accum=206.795mWh
15:10:10.137 > [BENCH] IDLE | t_inference_us=0 | heap=37.2kB/282.0kB (min=239.3kB, biggest=108.0kB) | arena=3.4kB | V_bus=5.132V I_bus=61.5mA P_bus=315.7mW E_total_accum=206.972mWh
15:10:12.146 > [BENCH] IDLE | t_inference_us=0 | heap=37.2kB/282.0kB (min=239.3kB, biggest=108.0kB) | arena=3.4kB | V_bus=5.132V I_bus=61.0mA P_bus=313.2mW E_total_accum=207.147mWh
15:10:14.150 > [BENCH] IDLE | t_inference_us=0 | heap=37.2kB/282.0kB (min=239.3kB, biggest=108.0kB) | arena=3.4kB | V_bus=5.120V I_bus=61.0mA P_bus=313.1mW E_total_accum=207.322mWh
15:10:16.166 > [BENCH] IDLE | t_inference_us=0 | heap=37.2kB/282.0kB (min=239.3kB, biggest=108.0kB) | arena=3.4kB | V_bus=5.132V I_bus=61.6mA P_bus=315.9mW E_total_accum=207.498mWh
15:10:18.166 > [BENCH] IDLE | t_inference_us=0 | heap=37.2kB/282.0kB (min=239.3kB, biggest=108.0kB) | arena=3.4kB | V_bus=5.132V I_bus=60.7mA P_bus=311.6mW E_total_accum=207.672mWh
15:10:20.195 > [BENCH] IDLE | t_inference_us=0 | heap=37.2kB/282.0kB (min=239.3kB, biggest=108.0kB) | arena=3.4kB | V_bus=5.128V I_bus=59.8mA P_bus=306.6mW E_total_accum=207.844mWh
15:10:22.196 > [BENCH] IDLE | t_inference_us=0 | heap=37.2kB/282.0kB (min=239.3kB, biggest=108.0kB) | arena=3.4kB | V_bus=5.132V I_bus=59.1mA P_bus=303.1mW E_total_accum=208.013mWh
15:10:24.214 > [BENCH] IDLE | t_inference_us=0 | heap=37.2kB/282.0kB (min=239.3kB, biggest=108.0kB) | arena=3.4kB | V_bus=5.136V I_bus=60.7mA P_bus=311.3mW E_total_accum=208.188mWh
15:10:26.230 > [BENCH] IDLE | t_inference_us=0 | heap=37.2kB/282.0kB (min=239.3kB, biggest=108.0kB) | arena=3.4kB | V_bus=5.132V I_bus=60.6mA P_bus=310.9mW E_total_accum=208.362mWh
15:10:28.248 > [BENCH] IDLE | t_inference_us=0 | heap=37.2kB/282.0kB (min=239.3kB, biggest=108.0kB) | arena=3.4kB | V_bus=5.132V I_bus=59.6mA P_bus=305.6mW E_total_accum=208.532mWh
15:10:30.263 > [BENCH] IDLE | t_inference_us=0 | heap=37.2kB/282.0kB (min=239.3kB, biggest=108.0kB) | arena=3.4kB | V_bus=5.132V I_bus=58.8mA P_bus=301.9mW E_total_accum=208.701mWh
15:10:32.268 > [BENCH] IDLE | t_inference_us=0 | heap=37.2kB/282.0kB (min=239.3kB, biggest=108.0kB) | arena=3.4kB | V_bus=5.132V I_bus=58.3mA P_bus=299.4mW E_total_accum=208.869mWh
15:10:34.287 > [BENCH] IDLE | t_inference_us=0 | heap=37.2kB/282.0kB (min=239.3kB, biggest=108.0kB) | arena=3.4kB | V_bus=5.132V I_bus=60.1mA P_bus=308.3mW E_total_accum=209.041mWh
15:10:36.305 > [BENCH] IDLE | t_inference_us=0 | heap=37.2kB/282.0kB (min=239.3kB, biggest=108.0kB) | arena=3.4kB | V_bus=5.132V I_bus=60.3mA P_bus=309.2mW E_total_accum=209.214mWh
15:10:38.313 > [BENCH] IDLE | t_inference_us=0 | heap=37.2kB/282.0kB (min=239.3kB, biggest=108.0kB) | arena=3.4kB | V_bus=5.132V I_bus=59.6mA P_bus=305.7mW E_total_accum=209.385mWh
15:10:40.335 > [BENCH] IDLE | t_inference_us=0 | heap=37.2kB/282.0kB (min=239.3kB, biggest=108.0kB) | arena=3.4kB | V_bus=5.132V I_bus=58.8mA P_bus=301.5mW E_total_accum=209.554mWh
15:10:42.345 > [BENCH] IDLE | t_inference_us=0 | heap=37.2kB/282.0kB (min=239.3kB, biggest=108.0kB) | arena=3.4kB | V_bus=5.128V I_bus=58.3mA P_bus=299.0mW E_total_accum=209.721mWh
15:10:44.360 > [BENCH] IDLE | t_inference_us=0 | heap=37.2kB/282.0kB (min=239.3kB, biggest=108.0kB) | arena=3.4kB | V_bus=5.132V I_bus=60.5mA P_bus=310.3mW E_total_accum=209.895mWh
15:10:46.371 > [BENCH] IDLE | t_inference_us=0 | heap=37.2kB/282.0kB (min=239.3kB, biggest=108.0kB) | arena=3.4kB | V_bus=5.132V I_bus=61.1mA P_bus=313.3mW E_total_accum=210.070mWh
15:10:48.387 > [BENCH] IDLE | t_inference_us=0 | heap=37.2kB/282.0kB (min=239.3kB, biggest=108.0kB) | arena=3.4kB | V_bus=5.132V I_bus=60.4mA P_bus=310.0mW E_total_accum=210.243mWh
15:10:50.382 > [BENCH] IDLE | t_inference_us=0 | heap=37.2kB/282.0kB (min=239.3kB, biggest=108.0kB) | arena=3.4kB | V_bus=5.132V I_bus=62.2mA P_bus=319.3mW E_total_accum=210.421mWh
15:10:52.397 > [BENCH] IDLE | t_inference_us=0 | heap=37.2kB/282.0kB (min=239.3kB, biggest=108.0kB) | arena=3.4kB | V_bus=5.132V I_bus=62.7mA P_bus=321.6mW E_total_accum=210.601mWh
15:10:54.420 > [BENCH] IDLE | t_inference_us=0 | heap=37.2kB/282.0kB (min=239.3kB, biggest=108.0kB) | arena=3.4kB | V_bus=5.108V I_bus=62.0mA P_bus=317.9mW E_total_accum=210.779mWh
15:10:56.426 > [BENCH] IDLE | t_inference_us=0 | heap=37.2kB/282.0kB (min=239.3kB, biggest=108.0kB) | arena=3.4kB | V_bus=5.104V I_bus=60.9mA P_bus=311.8mW E_total_accum=210.953mWh
15:10:57.995 > 
15:10:57.995 > [EVENT] type=HOUR  Tin=28.30 Hin=73.20 Tout=34.30 Hout=54.60
15:10:58.024 > [infer] REAL - Invoke executed (model ran)
15:10:58.027 > 
15:10:58.027 > [PWR] infer | E_inference_window(ΔE_total)=1.297µWh (E0=211.092453mWh E1=211.093750mWh) | E_inference_pipeline(ΔE_total)=1.541µWh (E0=211.092316mWh E1=211.093857mWh) | t_inference=13.836ms | t_inference_pipeline=16.976ms | E_total_accum=211.094mWh
15:10:58.049 > [BENCH] INFER_HOURLY | t_inference_us=13836 | heap=37.2kB/282.0kB (min=239.3kB, biggest=108.0kB) | arena=3.4kB | V_bus=5.092V I_bus=64.3mA P_bus=328.2mW E_total_accum=211.094mWh
15:10:58.066 > [HOUR] Tin=28.30 Hin=73.20 | Tp=27.33 Hp=72.47
15:10:58.070 > [HOUR] SAMPLES | N_ALL=17 N_T=17 N_H=17
15:10:58.072 > [HOUR] METRICS | MAE=nan RMSE=nan R2=NA | MAE_T=nan RMSE_T=nan R2_T=NA | MAE_H=nan RMSE_H=nan R2_H=NA
15:10:58.787 > [SENSORS] Health IN ok=1154 err=0 reinit=0 pwr=0 | OUT ok=1154 err=0 reinit=0 pwr=0
15:11:00.033 > [BENCH] IDLE | t_inference_us=0 | heap=37.2kB/282.0kB (min=239.3kB, biggest=108.0kB) | arena=3.4kB | V_bus=5.104V I_bus=63.9mA P_bus=326.1mW E_total_accum=211.277mWh
15:11:02.056 > [BENCH] IDLE | t_inference_us=0 | heap=37.2kB/282.0kB (min=239.3kB, biggest=108.0kB) | arena=3.4kB | V_bus=5.104V I_bus=62.3mA P_bus=317.8mW E_total_accum=211.454mWh
15:11:04.067 > [BENCH] IDLE | t_inference_us=0 | heap=37.2kB/282.0kB (min=239.3kB, biggest=108.0kB) | arena=3.4kB | V_bus=5.104V I_bus=63.7mA P_bus=325.1mW E_total_accum=211.636mWh
15:11:06.072 > [BENCH] IDLE | t_inference_us=0 | heap=37.2kB/282.0kB (min=239.3kB, biggest=108.0kB) | arena=3.4kB | V_bus=5.104V I_bus=62.4mA P_bus=318.7mW E_total_accum=211.815mWh
15:11:08.090 > [BENCH] IDLE | t_inference_us=0 | heap=37.2kB/282.0kB (min=239.3kB, biggest=108.0kB) | arena=3.4kB | V_bus=5.124V I_bus=63.0mA P_bus=322.1mW E_total_accum=211.995mWh
15:11:10.101 > [BENCH] IDLE | t_inference_us=0 | heap=37.2kB/282.0kB (min=239.3kB, biggest=108.0kB) | arena=3.4kB | V_bus=5.104V I_bus=61.6mA P_bus=314.6mW E_total_accum=212.171mWh
15:11:12.126 > [BENCH] IDLE | t_inference_us=0 | heap=37.2kB/282.0kB (min=239.3kB, biggest=108.0kB) | arena=3.4kB | V_bus=5.132V I_bus=62.3mA P_bus=318.7mW E_total_accum=212.349mWh
15:11:14.139 > [BENCH] IDLE | t_inference_us=0 | heap=37.2kB/282.0kB (min=239.3kB, biggest=108.0kB) | arena=3.4kB | V_bus=5.132V I_bus=61.8mA P_bus=316.0mW E_total_accum=212.526mWh
15:11:16.139 > [BENCH] IDLE | t_inference_us=0 | heap=37.2kB/282.0kB (min=239.3kB, biggest=108.0kB) | arena=3.4kB | V_bus=5.132V I_bus=60.8mA P_bus=311.1mW E_total_accum=212.700mWh
15:11:18.151 > [BENCH] IDLE | t_inference_us=0 | heap=37.2kB/282.0kB (min=239.3kB, biggest=108.0kB) | arena=3.4kB | V_bus=5.116V I_bus=60.8mA P_bus=311.1mW E_total_accum=212.873mWh
15:11:20.171 > [BENCH] IDLE | t_inference_us=0 | heap=37.2kB/282.0kB (min=239.3kB, biggest=108.0kB) | arena=3.4kB | V_bus=5.132V I_bus=61.8mA P_bus=316.4mW E_total_accum=213.050mWh
15:11:22.178 > [BENCH] IDLE | t_inference_us=0 | heap=37.2kB/282.0kB (min=239.3kB, biggest=108.0kB) | arena=3.4kB | V_bus=5.132V I_bus=61.5mA P_bus=315.0mW E_total_accum=213.226mWh
15:11:24.199 > [BENCH] IDLE | t_inference_us=0 | heap=37.2kB/282.0kB (min=239.3kB, biggest=108.0kB) | arena=3.4kB | V_bus=5.132V I_bus=60.8mA P_bus=311.6mW E_total_accum=213.401mWh
15:11:26.198 > [BENCH] IDLE | t_inference_us=0 | heap=37.2kB/282.0kB (min=239.3kB, biggest=108.0kB) | arena=3.4kB | V_bus=5.132V I_bus=59.8mA P_bus=306.8mW E_total_accum=213.572mWh
15:11:28.216 > [BENCH] IDLE | t_inference_us=0 | heap=37.2kB/282.0kB (min=239.3kB, biggest=108.0kB) | arena=3.4kB | V_bus=5.132V I_bus=59.2mA P_bus=303.6mW E_total_accum=213.742mWh
15:11:30.229 > [BENCH] IDLE | t_inference_us=0 | heap=37.2kB/282.0kB (min=239.3kB, biggest=108.0kB) | arena=3.4kB | V_bus=5.132V I_bus=58.6mA P_bus=300.5mW E_total_accum=213.910mWh
15:11:32.252 > [BENCH] IDLE | t_inference_us=0 | heap=37.2kB/282.0kB (min=239.3kB, biggest=108.0kB) | arena=3.4kB | V_bus=5.132V I_bus=58.1mA P_bus=298.0mW E_total_accum=214.077mWh
15:11:34.266 > [BENCH] IDLE | t_inference_us=0 | heap=37.2kB/282.0kB (min=239.3kB, biggest=108.0kB) | arena=3.4kB | V_bus=5.132V I_bus=60.0mA P_bus=307.9mW E_total_accum=214.249mWh
15:11:36.278 > [BENCH] IDLE | t_inference_us=0 | heap=37.2kB/282.0kB (min=239.3kB, biggest=108.0kB) | arena=3.4kB | V_bus=5.132V I_bus=60.9mA P_bus=312.2mW E_total_accum=214.424mWh
15:11:38.294 > [BENCH] IDLE | t_inference_us=0 | heap=37.2kB/282.0kB (min=239.3kB, biggest=108.0kB) | arena=3.4kB | V_bus=5.128V I_bus=60.7mA P_bus=311.6mW E_total_accum=214.598mWh
15:11:40.309 > [BENCH] IDLE | t_inference_us=0 | heap=37.2kB/282.0kB (min=239.3kB, biggest=108.0kB) | arena=3.4kB | V_bus=5.128V I_bus=60.4mA P_bus=309.8mW E_total_accum=214.771mWh
15:11:42.323 > [BENCH] IDLE | t_inference_us=0 | heap=37.2kB/282.0kB (min=239.3kB, biggest=108.0kB) | arena=3.4kB | V_bus=5.128V I_bus=59.7mA P_bus=306.3mW E_total_accum=214.943mWh
15:11:44.334 > [BENCH] IDLE | t_inference_us=0 | heap=37.2kB/282.0kB (min=239.3kB, biggest=108.0kB) | arena=3.4kB | V_bus=5.128V I_bus=58.9mA P_bus=302.2mW E_total_accum=215.112mWh
15:11:46.350 > [BENCH] IDLE | t_inference_us=0 | heap=37.2kB/282.0kB (min=239.3kB, biggest=108.0kB) | arena=3.4kB | V_bus=5.132V I_bus=58.4mA P_bus=299.8mW E_total_accum=215.279mWh
15:11:48.352 > [BENCH] IDLE | t_inference_us=0 | heap=37.2kB/282.0kB (min=239.3kB, biggest=108.0kB) | arena=3.4kB | V_bus=5.132V I_bus=60.8mA P_bus=311.9mW E_total_accum=215.454mWh
15:11:50.372 > [BENCH] IDLE | t_inference_us=0 | heap=37.2kB/282.0kB (min=239.3kB, biggest=108.0kB) | arena=3.4kB | V_bus=5.132V I_bus=61.8mA P_bus=317.2mW E_total_accum=215.631mWh
15:11:52.380 > [BENCH] IDLE | t_inference_us=0 | heap=37.2kB/282.0kB (min=239.3kB, biggest=108.0kB) | arena=3.4kB | V_bus=5.128V I_bus=61.3mA P_bus=314.6mW E_total_accum=215.807mWh
15:11:54.394 > [BENCH] IDLE | t_inference_us=0 | heap=37.2kB/282.0kB (min=239.3kB, biggest=108.0kB) | arena=3.4kB | V_bus=5.132V I_bus=60.3mA P_bus=309.3mW E_total_accum=215.979mWh
15:11:56.408 > [BENCH] IDLE | t_inference_us=0 | heap=37.2kB/282.0kB (min=239.3kB, biggest=108.0kB) | arena=3.4kB | V_bus=5.132V I_bus=61.5mA P_bus=315.5mW E_total_accum=216.156mWh
15:11:58.014 > 
15:11:58.014 > [EVENT] type=HOUR  Tin=28.60 Hin=74.63 Tout=34.40 Hout=54.50
15:11:58.039 > [infer] REAL - Invoke executed (model ran)
15:11:58.043 > 
15:11:58.043 > [PWR] infer | E_inference_window(ΔE_total)=1.358µWh (E0=216.300262mWh E1=216.301620mWh) | E_inference_pipeline(ΔE_total)=1.602µWh (E0=216.300125mWh E1=216.301727mWh) | t_inference=13.849ms | t_inference_pipeline=16.942ms | E_total_accum=216.302mWh
15:11:58.065 > [BENCH] INFER_HOURLY | t_inference_us=13849 | heap=37.2kB/282.0kB (min=239.3kB, biggest=108.0kB) | arena=3.4kB | V_bus=5.120V I_bus=67.5mA P_bus=346.1mW E_total_accum=216.302mWh
15:11:58.081 > [HOUR] Tin=28.60 Hin=74.63 | Tp=27.87 Hp=73.07
15:11:58.086 > [HOUR] SAMPLES | N_ALL=18 N_T=18 N_H=18
15:11:58.087 > [HOUR] METRICS | MAE=nan RMSE=nan R2=NA | MAE_T=nan RMSE_T=nan R2_T=NA | MAE_H=nan RMSE_H=nan R2_H=NA
15:11:58.817 > [SENSORS] Health IN ok=1183 err=0 reinit=0 pwr=0 | OUT ok=1183 err=0 reinit=0 pwr=0
15:12:00.047 > [BENCH] IDLE | t_inference_us=0 | heap=37.2kB/282.0kB (min=239.3kB, biggest=108.0kB) | arena=3.4kB | V_bus=5.132V I_bus=65.8mA P_bus=337.1mW E_total_accum=216.491mWh
15:12:02.065 > [BENCH] IDLE | t_inference_us=0 | heap=37.2kB/282.0kB (min=239.3kB, biggest=108.0kB) | arena=3.4kB | V_bus=5.132V I_bus=63.8mA P_bus=327.2mW E_total_accum=216.674mWh
15:12:04.082 > [BENCH] IDLE | t_inference_us=0 | heap=37.2kB/282.0kB (min=239.3kB, biggest=108.0kB) | arena=3.4kB | V_bus=5.132V I_bus=62.4mA P_bus=319.7mW E_total_accum=216.853mWh
15:12:06.094 > [BENCH] IDLE | t_inference_us=0 | heap=37.2kB/282.0kB (min=239.3kB, biggest=108.0kB) | arena=3.4kB | V_bus=5.128V I_bus=61.2mA P_bus=313.6mW E_total_accum=217.028mWh
15:12:08.110 > [BENCH] IDLE | t_inference_us=0 | heap=37.2kB/282.0kB (min=239.3kB, biggest=108.0kB) | arena=3.4kB | V_bus=5.132V I_bus=62.7mA P_bus=321.6mW E_total_accum=217.208mWh
15:12:10.113 > [BENCH] IDLE | t_inference_us=0 | heap=37.2kB/282.0kB (min=239.3kB, biggest=108.0kB) | arena=3.4kB | V_bus=5.136V I_bus=62.9mA P_bus=322.7mW E_total_accum=217.389mWh
15:12:12.130 > [BENCH] IDLE | t_inference_us=0 | heap=37.2kB/282.0kB (min=239.3kB, biggest=108.0kB) | arena=3.4kB | V_bus=5.132V I_bus=62.1mA P_bus=318.5mW E_total_accum=217.567mWh
15:12:14.157 > [BENCH] IDLE | t_inference_us=0 | heap=37.2kB/282.0kB (min=239.3kB, biggest=108.0kB) | arena=3.4kB | V_bus=5.132V I_bus=60.9mA P_bus=312.3mW E_total_accum=217.741mWh
15:12:16.170 > [BENCH] IDLE | t_inference_us=0 | heap=37.2kB/282.0kB (min=239.3kB, biggest=108.0kB) | arena=3.4kB | V_bus=5.132V I_bus=60.0mA P_bus=307.7mW E_total_accum=217.914mWh
15:12:18.179 > [BENCH] IDLE | t_inference_us=0 | heap=37.2kB/282.0kB (min=239.3kB, biggest=108.0kB) | arena=3.4kB | V_bus=5.132V I_bus=59.3mA P_bus=304.1mW E_total_accum=218.084mWh
15:12:20.194 > [BENCH] IDLE | t_inference_us=0 | heap=37.2kB/282.0kB (min=239.3kB, biggest=108.0kB) | arena=3.4kB | V_bus=5.132V I_bus=61.2mA P_bus=313.9mW E_total_accum=218.259mWh
15:12:22.211 > [BENCH] IDLE | t_inference_us=0 | heap=37.2kB/282.0kB (min=239.3kB, biggest=108.0kB) | arena=3.4kB | V_bus=5.116V I_bus=63.2mA P_bus=324.3mW E_total_accum=218.441mWh
15:12:24.214 > [BENCH] IDLE | t_inference_us=0 | heap=37.2kB/282.0kB (min=239.3kB, biggest=108.0kB) | arena=3.4kB | V_bus=5.132V I_bus=61.8mA P_bus=317.2mW E_total_accum=218.617mWh
15:12:26.224 > [BENCH] IDLE | t_inference_us=0 | heap=37.2kB/282.0kB (min=239.3kB, biggest=108.0kB) | arena=3.4kB | V_bus=5.132V I_bus=60.7mA P_bus=311.4mW E_total_accum=218.791mWh
15:12:28.240 > [BENCH] IDLE | t_inference_us=0 | heap=37.2kB/282.0kB (min=239.3kB, biggest=108.0kB) | arena=3.4kB | V_bus=5.132V I_bus=61.9mA P_bus=317.3mW E_total_accum=218.969mWh
15:12:30.245 > [BENCH] IDLE | t_inference_us=0 | heap=37.2kB/282.0kB (min=239.3kB, biggest=108.0kB) | arena=3.4kB | V_bus=5.132V I_bus=61.7mA P_bus=316.4mW E_total_accum=219.146mWh
15:12:32.267 > [BENCH] IDLE | t_inference_us=0 | heap=37.2kB/282.0kB (min=239.3kB, biggest=108.0kB) | arena=3.4kB | V_bus=5.132V I_bus=60.9mA P_bus=312.2mW E_total_accum=219.320mWh
15:12:34.284 > [BENCH] IDLE | t_inference_us=0 | heap=37.2kB/282.0kB (min=239.3kB, biggest=108.0kB) | arena=3.4kB | V_bus=5.132V I_bus=60.0mA P_bus=307.6mW E_total_accum=219.493mWh
15:12:36.290 > [BENCH] IDLE | t_inference_us=0 | heap=37.2kB/282.0kB (min=239.3kB, biggest=108.0kB) | arena=3.4kB | V_bus=5.128V I_bus=59.2mA P_bus=303.9mW E_total_accum=219.663mWh
15:12:38.306 > [BENCH] IDLE | t_inference_us=0 | heap=37.2kB/282.0kB (min=239.3kB, biggest=108.0kB) | arena=3.4kB | V_bus=5.128V I_bus=58.6mA P_bus=300.7mW E_total_accum=219.831mWh
15:12:40.323 > [BENCH] IDLE | t_inference_us=0 | heap=37.2kB/282.0kB (min=239.3kB, biggest=108.0kB) | arena=3.4kB | V_bus=5.132V I_bus=60.4mA P_bus=309.8mW E_total_accum=220.004mWh
15:12:42.339 > [BENCH] IDLE | t_inference_us=0 | heap=37.2kB/282.0kB (min=239.3kB, biggest=108.0kB) | arena=3.4kB | V_bus=5.132V I_bus=60.9mA P_bus=312.4mW E_total_accum=220.179mWh
15:12:44.353 > [BENCH] IDLE | t_inference_us=0 | heap=37.2kB/282.0kB (min=239.3kB, biggest=108.0kB) | arena=3.4kB | V_bus=5.132V I_bus=60.4mA P_bus=310.0mW E_total_accum=220.352mWh
15:12:46.355 > [BENCH] IDLE | t_inference_us=0 | heap=37.2kB/282.0kB (min=239.3kB, biggest=108.0kB) | arena=3.4kB | V_bus=5.132V I_bus=59.5mA P_bus=305.2mW E_total_accum=220.523mWh
15:12:48.372 > [BENCH] IDLE | t_inference_us=0 | heap=37.2kB/282.0kB (min=239.3kB, biggest=108.0kB) | arena=3.4kB | V_bus=5.132V I_bus=58.9mA P_bus=302.2mW E_total_accum=220.692mWh
15:12:50.390 > [BENCH] IDLE | t_inference_us=0 | heap=37.2kB/282.0kB (min=239.3kB, biggest=108.0kB) | arena=3.4kB | V_bus=5.128V I_bus=58.4mA P_bus=299.9mW E_total_accum=220.860mWh
15:12:52.406 > [BENCH] IDLE | t_inference_us=0 | heap=37.2kB/282.0kB (min=239.3kB, biggest=108.0kB) | arena=3.4kB | V_bus=5.132V I_bus=60.7mA P_bus=311.2mW E_total_accum=221.034mWh
15:12:54.422 > [BENCH] IDLE | t_inference_us=0 | heap=37.2kB/282.0kB (min=239.3kB, biggest=108.0kB) | arena=3.4kB | V_bus=5.132V I_bus=61.7mA P_bus=316.5mW E_total_accum=221.211mWh
15:12:56.434 > [BENCH] IDLE | t_inference_us=0 | heap=37.2kB/282.0kB (min=239.3kB, biggest=108.0kB) | arena=3.4kB | V_bus=5.132V I_bus=61.4mA P_bus=315.0mW E_total_accum=221.387mWh
15:12:58.035 > 
15:12:58.035 > [EVENT] type=HOUR  Tin=28.90 Hin=72.40 Tout=34.70 Hout=53.90
15:12:58.054 > [infer] REAL - Invoke executed (model ran)
15:12:58.057 > 
15:12:58.057 > [PWR] infer | E_inference_window(ΔE_total)=1.297µWh (E0=221.525055mWh E1=221.526352mWh) | E_inference_pipeline(ΔE_total)=1.526µWh (E0=221.524933mWh E1=221.526459mWh) | t_inference=13.836ms | t_inference_pipeline=16.854ms | E_total_accum=221.526mWh
15:12:58.079 > [BENCH] INFER_HOURLY | t_inference_us=13836 | heap=37.2kB/282.0kB (min=239.3kB, biggest=108.0kB) | arena=3.4kB | V_bus=5.124V I_bus=64.7mA P_bus=331.4mW E_total_accum=221.526mWh
15:12:58.098 > [HOUR] Tin=28.90 Hin=72.40 | Tp=28.24 Hp=74.49
15:12:58.098 > [HOUR] SAMPLES | N_ALL=19 N_T=19 N_H=19
15:12:58.102 > [HOUR] METRICS | MAE=nan RMSE=nan R2=NA | MAE_T=nan RMSE_T=nan R2_T=NA | MAE_H=nan RMSE_H=nan R2_H=NA
15:12:58.821 > [SENSORS] Health IN ok=1211 err=0 reinit=0 pwr=0 | OUT ok=1211 err=0 reinit=0 pwr=0
15:13:00.068 > [BENCH] IDLE | t_inference_us=0 | heap=37.2kB/282.0kB (min=239.3kB, biggest=108.0kB) | arena=3.4kB | V_bus=5.132V I_bus=65.5mA P_bus=335.6mW E_total_accum=221.715mWh
15:13:02.085 > [BENCH] IDLE | t_inference_us=0 | heap=37.2kB/282.0kB (min=239.3kB, biggest=108.0kB) | arena=3.4kB | V_bus=5.132V I_bus=66.2mA P_bus=339.6mW E_total_accum=221.905mWh
15:13:04.087 > [BENCH] IDLE | t_inference_us=0 | heap=37.2kB/282.0kB (min=239.3kB, biggest=108.0kB) | arena=3.4kB | V_bus=5.132V I_bus=66.1mA P_bus=339.0mW E_total_accum=222.094mWh
15:13:06.103 > [BENCH] IDLE | t_inference_us=0 | heap=37.2kB/282.0kB (min=239.3kB, biggest=108.0kB) | arena=3.4kB | V_bus=5.132V I_bus=64.9mA P_bus=332.8mW E_total_accum=222.280mWh
15:13:08.115 > [BENCH] IDLE | t_inference_us=0 | heap=37.2kB/282.0kB (min=239.3kB, biggest=108.0kB) | arena=3.4kB | V_bus=5.132V I_bus=63.5mA P_bus=325.8mW E_total_accum=222.463mWh
15:13:10.135 > [BENCH] IDLE | t_inference_us=0 | heap=37.2kB/282.0kB (min=239.3kB, biggest=108.0kB) | arena=3.4kB | V_bus=5.132V I_bus=62.0mA P_bus=318.1mW E_total_accum=222.641mWh
15:13:12.151 > [BENCH] IDLE | t_inference_us=0 | heap=37.2kB/282.0kB (min=239.3kB, biggest=108.0kB) | arena=3.4kB | V_bus=5.132V I_bus=60.9mA P_bus=312.3mW E_total_accum=222.815mWh
15:13:14.167 > [BENCH] IDLE | t_inference_us=0 | heap=37.2kB/282.0kB (min=239.3kB, biggest=108.0kB) | arena=3.4kB | V_bus=5.128V I_bus=60.0mA P_bus=308.0mW E_total_accum=222.987mWh
15:13:16.184 > [BENCH] IDLE | t_inference_us=0 | heap=37.2kB/282.0kB (min=239.3kB, biggest=108.0kB) | arena=3.4kB | V_bus=5.132V I_bus=59.3mA P_bus=304.4mW E_total_accum=223.158mWh
15:13:18.196 > [BENCH] IDLE | t_inference_us=0 | heap=37.2kB/282.0kB (min=239.3kB, biggest=108.0kB) | arena=3.4kB | V_bus=5.132V I_bus=58.8mA P_bus=301.7mW E_total_accum=223.327mWh
15:13:20.213 > [BENCH] IDLE | t_inference_us=0 | heap=37.2kB/282.0kB (min=239.3kB, biggest=108.0kB) | arena=3.4kB | V_bus=5.132V I_bus=58.3mA P_bus=299.3mW E_total_accum=223.494mWh
15:13:22.215 > [BENCH] IDLE | t_inference_us=0 | heap=37.2kB/282.0kB (min=239.3kB, biggest=108.0kB) | arena=3.4kB | V_bus=5.132V I_bus=60.5mA P_bus=310.6mW E_total_accum=223.668mWh
15:13:24.233 > [BENCH] IDLE | t_inference_us=0 | heap=37.2kB/282.0kB (min=239.3kB, biggest=108.0kB) | arena=3.4kB | V_bus=5.132V I_bus=61.9mA P_bus=317.9mW E_total_accum=223.846mWh
15:13:26.249 > [BENCH] IDLE | t_inference_us=0 | heap=37.2kB/282.0kB (min=239.3kB, biggest=108.0kB) | arena=3.4kB | V_bus=5.132V I_bus=62.8mA P_bus=322.3mW E_total_accum=224.026mWh
15:13:28.246 > [BENCH] IDLE | t_inference_us=0 | heap=37.2kB/282.0kB (min=239.3kB, biggest=108.0kB) | arena=3.4kB | V_bus=5.132V I_bus=61.5mA P_bus=315.5mW E_total_accum=224.201mWh
15:13:30.270 > [BENCH] IDLE | t_inference_us=0 | heap=37.2kB/282.0kB (min=239.3kB, biggest=108.0kB) | arena=3.4kB | V_bus=5.132V I_bus=60.5mA P_bus=310.7mW E_total_accum=224.375mWh
15:13:32.280 > [BENCH] IDLE | t_inference_us=0 | heap=37.2kB/282.0kB (min=239.3kB, biggest=108.0kB) | arena=3.4kB | V_bus=5.128V I_bus=59.7mA P_bus=306.2mW E_total_accum=224.546mWh
15:13:34.297 > [BENCH] IDLE | t_inference_us=0 | heap=37.2kB/282.0kB (min=239.3kB, biggest=108.0kB) | arena=3.4kB | V_bus=5.132V I_bus=59.1mA P_bus=303.1mW E_total_accum=224.716mWh
15:13:36.311 > [BENCH] IDLE | t_inference_us=0 | heap=37.2kB/282.0kB (min=239.3kB, biggest=108.0kB) | arena=3.4kB | V_bus=5.132V I_bus=61.3mA P_bus=314.6mW E_total_accum=224.892mWh
15:13:38.326 > [BENCH] IDLE | t_inference_us=0 | heap=37.2kB/282.0kB (min=239.3kB, biggest=108.0kB) | arena=3.4kB | V_bus=5.136V I_bus=62.7mA P_bus=321.6mW E_total_accum=225.072mWh
15:13:40.328 > [BENCH] IDLE | t_inference_us=0 | heap=37.2kB/282.0kB (min=239.3kB, biggest=108.0kB) | arena=3.4kB | V_bus=5.132V I_bus=63.1mA P_bus=324.1mW E_total_accum=225.253mWh
15:13:42.344 > [BENCH] IDLE | t_inference_us=0 | heap=37.2kB/282.0kB (min=239.3kB, biggest=108.0kB) | arena=3.4kB | V_bus=5.132V I_bus=62.7mA P_bus=321.6mW E_total_accum=225.433mWh
15:13:44.368 > [BENCH] IDLE | t_inference_us=0 | heap=37.2kB/282.0kB (min=239.3kB, biggest=108.0kB) | arena=3.4kB | V_bus=5.132V I_bus=61.8mA P_bus=317.4mW E_total_accum=225.611mWh
15:13:46.381 > [BENCH] IDLE | t_inference_us=0 | heap=37.2kB/282.0kB (min=239.3kB, biggest=108.0kB) | arena=3.4kB | V_bus=5.132V I_bus=60.8mA P_bus=311.9mW E_total_accum=225.785mWh
15:13:48.392 > [BENCH] IDLE | t_inference_us=0 | heap=37.2kB/282.0kB (min=239.3kB, biggest=108.0kB) | arena=3.4kB | V_bus=5.132V I_bus=59.8mA P_bus=306.8mW E_total_accum=225.957mWh
15:13:50.408 > [BENCH] IDLE | t_inference_us=0 | heap=37.2kB/282.0kB (min=239.3kB, biggest=108.0kB) | arena=3.4kB | V_bus=5.128V I_bus=59.1mA P_bus=303.2mW E_total_accum=226.126mWh
15:13:52.423 > [BENCH] IDLE | t_inference_us=0 | heap=37.2kB/282.0kB (min=239.3kB, biggest=108.0kB) | arena=3.4kB | V_bus=5.132V I_bus=58.6mA P_bus=300.9mW E_total_accum=226.295mWh
15:13:54.437 > [BENCH] IDLE | t_inference_us=0 | heap=37.2kB/282.0kB (min=239.3kB, biggest=108.0kB) | arena=3.4kB | V_bus=5.132V I_bus=60.5mA P_bus=310.3mW E_total_accum=226.468mWh
15:13:56.450 > [BENCH] IDLE | t_inference_us=0 | heap=37.2kB/282.0kB (min=239.3kB, biggest=108.0kB) | arena=3.4kB | V_bus=5.132V I_bus=61.0mA P_bus=313.1mW E_total_accum=226.644mWh
15:13:58.007 > 
15:13:58.007 > [EVENT] type=HOUR  Tin=29.10 Hin=71.10 Tout=34.70 Hout=53.20
15:13:58.027 > [infer] REAL - Invoke executed (model ran)
15:13:58.032 > 
15:13:58.033 > [PWR] infer | E_inference_window(ΔE_total)=1.312µWh (E0=226.783066mWh E1=226.784378mWh) | E_inference_pipeline(ΔE_total)=1.541µWh (E0=226.782944mWh E1=226.784485mWh) | t_inference=13.848ms | t_inference_pipeline=16.858ms | E_total_accum=226.784mWh
15:13:58.054 > [BENCH] INFER_HOURLY | t_inference_us=13848 | heap=37.2kB/282.0kB (min=239.3kB, biggest=108.0kB) | arena=3.4kB | V_bus=5.120V I_bus=64.6mA P_bus=331.0mW E_total_accum=226.784mWh
15:13:58.070 > [HOUR] Tin=29.10 Hin=71.10 | Tp=28.61 Hp=72.28
15:13:58.074 > [HOUR] SAMPLES | N_ALL=20 N_T=20 N_H=20
15:13:58.076 > [HOUR] METRICS | MAE=nan RMSE=nan R2=NA | MAE_T=nan RMSE_T=nan R2_T=NA | MAE_H=nan RMSE_H=nan R2_H=NA
15:13:58.842 > [SENSORS] Health IN ok=1239 err=0 reinit=0 pwr=0 | OUT ok=1239 err=0 reinit=0 pwr=0
15:14:00.037 > [BENCH] IDLE | t_inference_us=0 | heap=37.2kB/282.0kB (min=239.3kB, biggest=108.0kB) | arena=3.4kB | V_bus=5.132V I_bus=63.7mA P_bus=326.4mW E_total_accum=226.967mWh
15:14:02.059 > [BENCH] IDLE | t_inference_us=0 | heap=37.2kB/282.0kB (min=239.3kB, biggest=108.0kB) | arena=3.4kB | V_bus=5.132V I_bus=62.5mA P_bus=320.6mW E_total_accum=227.147mWh
15:14:04.073 > [BENCH] IDLE | t_inference_us=0 | heap=37.2kB/282.0kB (min=239.3kB, biggest=108.0kB) | arena=3.4kB | V_bus=5.132V I_bus=61.3mA P_bus=314.2mW E_total_accum=227.323mWh
15:14:06.075 > [BENCH] IDLE | t_inference_us=0 | heap=37.2kB/282.0kB (min=239.3kB, biggest=108.0kB) | arena=3.4kB | V_bus=5.132V I_bus=60.4mA P_bus=309.6mW E_total_accum=227.496mWh
15:14:08.103 > [BENCH] IDLE | t_inference_us=0 | heap=37.2kB/282.0kB (min=239.3kB, biggest=108.0kB) | arena=3.4kB | V_bus=5.132V I_bus=59.6mA P_bus=305.9mW E_total_accum=227.667mWh
15:14:10.105 > [BENCH] IDLE | t_inference_us=0 | heap=37.2kB/282.0kB (min=239.3kB, biggest=108.0kB) | arena=3.4kB | V_bus=5.136V I_bus=61.0mA P_bus=313.2mW E_total_accum=227.842mWh
15:14:12.119 > [BENCH] IDLE | t_inference_us=0 | heap=37.2kB/282.0kB (min=239.3kB, biggest=108.0kB) | arena=3.4kB | V_bus=5.132V I_bus=60.8mA P_bus=311.9mW E_total_accum=228.017mWh
15:14:14.140 > [BENCH] IDLE | t_inference_us=0 | heap=37.2kB/282.0kB (min=239.3kB, biggest=108.0kB) | arena=3.4kB | V_bus=5.132V I_bus=59.9mA P_bus=307.2mW E_total_accum=228.188mWh
15:14:16.156 > [BENCH] IDLE | t_inference_us=0 | heap=37.2kB/282.0kB (min=239.3kB, biggest=108.0kB) | arena=3.4kB | V_bus=5.124V I_bus=59.2mA P_bus=303.8mW E_total_accum=228.358mWh
15:14:18.173 > [BENCH] IDLE | t_inference_us=0 | heap=37.2kB/282.0kB (min=239.3kB, biggest=108.0kB) | arena=3.4kB | V_bus=5.132V I_bus=61.4mA P_bus=314.9mW E_total_accum=228.535mWh
15:14:20.187 > [BENCH] IDLE | t_inference_us=0 | heap=37.2kB/282.0kB (min=239.3kB, biggest=108.0kB) | arena=3.4kB | V_bus=5.136V I_bus=61.5mA P_bus=315.4mW E_total_accum=228.711mWh
15:14:22.188 > [BENCH] IDLE | t_inference_us=0 | heap=37.2kB/282.0kB (min=239.3kB, biggest=108.0kB) | arena=3.4kB | V_bus=5.132V I_bus=60.4mA P_bus=310.2mW E_total_accum=228.885mWh
15:14:24.203 > [BENCH] IDLE | t_inference_us=0 | heap=37.2kB/282.0kB (min=239.3kB, biggest=108.0kB) | arena=3.4kB | V_bus=5.132V I_bus=59.7mA P_bus=306.4mW E_total_accum=229.056mWh
15:14:26.228 > [BENCH] IDLE | t_inference_us=0 | heap=37.2kB/282.0kB (min=239.3kB, biggest=108.0kB) | arena=3.4kB | V_bus=5.132V I_bus=61.7mA P_bus=316.8mW E_total_accum=229.233mWh
15:14:28.242 > [BENCH] IDLE | t_inference_us=0 | heap=37.2kB/282.0kB (min=239.3kB, biggest=108.0kB) | arena=3.4kB | V_bus=5.132V I_bus=61.5mA P_bus=315.6mW E_total_accum=229.410mWh
15:14:30.251 > [BENCH] IDLE | t_inference_us=0 | heap=37.2kB/282.0kB (min=239.3kB, biggest=108.0kB) | arena=3.4kB | V_bus=5.128V I_bus=60.4mA P_bus=309.8mW E_total_accum=229.583mWh
15:14:32.264 > [BENCH] IDLE | t_inference_us=0 | heap=37.2kB/282.0kB (min=239.3kB, biggest=108.0kB) | arena=3.4kB | V_bus=5.128V I_bus=61.2mA P_bus=313.8mW E_total_accum=229.758mWh
15:14:34.272 > [BENCH] IDLE | t_inference_us=0 | heap=37.2kB/282.0kB (min=239.3kB, biggest=108.0kB) | arena=3.4kB | V_bus=5.128V I_bus=60.6mA P_bus=311.0mW E_total_accum=229.932mWh
15:14:36.285 > [BENCH] IDLE | t_inference_us=0 | heap=37.2kB/282.0kB (min=239.3kB, biggest=108.0kB) | arena=3.4kB | V_bus=5.128V I_bus=59.7mA P_bus=306.4mW E_total_accum=230.103mWh
15:14:38.299 > [BENCH] IDLE | t_inference_us=0 | heap=37.2kB/282.0kB (min=239.3kB, biggest=108.0kB) | arena=3.4kB | V_bus=5.132V I_bus=59.1mA P_bus=303.2mW E_total_accum=230.273mWh
15:14:40.313 > [BENCH] IDLE | t_inference_us=0 | heap=37.2kB/282.0kB (min=239.3kB, biggest=108.0kB) | arena=3.4kB | V_bus=5.132V I_bus=59.4mA P_bus=304.5mW E_total_accum=230.443mWh
15:14:42.321 > [BENCH] IDLE | t_inference_us=0 | heap=37.2kB/282.0kB (min=239.3kB, biggest=108.0kB) | arena=3.4kB | V_bus=5.132V I_bus=58.7mA P_bus=301.4mW E_total_accum=230.612mWh
15:14:44.333 > [BENCH] IDLE | t_inference_us=0 | heap=37.2kB/282.0kB (min=239.3kB, biggest=108.0kB) | arena=3.4kB | V_bus=5.128V I_bus=58.4mA P_bus=299.4mW E_total_accum=230.779mWh
15:14:46.350 > [BENCH] IDLE | t_inference_us=0 | heap=37.2kB/282.0kB (min=239.3kB, biggest=108.0kB) | arena=3.4kB | V_bus=5.128V I_bus=58.9mA P_bus=302.3mW E_total_accum=230.948mWh
15:14:48.369 > [BENCH] IDLE | t_inference_us=0 | heap=37.2kB/282.0kB (min=239.3kB, biggest=108.0kB) | arena=3.4kB | V_bus=5.132V I_bus=58.3mA P_bus=299.2mW E_total_accum=231.116mWh
15:14:50.380 > [BENCH] IDLE | t_inference_us=0 | heap=37.2kB/282.0kB (min=239.3kB, biggest=108.0kB) | arena=3.4kB | V_bus=5.128V I_bus=58.0mA P_bus=297.6mW E_total_accum=231.282mWh
15:14:52.397 > [BENCH] IDLE | t_inference_us=0 | heap=37.2kB/282.0kB (min=239.3kB, biggest=108.0kB) | arena=3.4kB | V_bus=5.132V I_bus=58.7mA P_bus=301.3mW E_total_accum=231.451mWh
15:14:54.399 > [BENCH] IDLE | t_inference_us=0 | heap=37.2kB/282.0kB (min=239.3kB, biggest=108.0kB) | arena=3.4kB | V_bus=5.132V I_bus=58.3mA P_bus=299.0mW E_total_accum=231.618mWh
15:14:56.414 > [BENCH] IDLE | t_inference_us=0 | heap=37.2kB/282.0kB (min=239.3kB, biggest=108.0kB) | arena=3.4kB | V_bus=5.132V I_bus=57.9mA P_bus=297.1mW E_total_accum=231.784mWh
15:14:57.997 > 
15:14:57.997 > [EVENT] type=HOUR  Tin=29.20 Hin=70.33 Tout=34.10 Hout=54.10
15:14:58.014 > [infer] REAL - Invoke executed (model ran)
15:14:58.018 > 
15:14:58.018 > [PWR] infer | E_inference_window(ΔE_total)=1.282µWh (E0=231.915649mWh E1=231.916931mWh) | E_inference_pipeline(ΔE_total)=1.511µWh (E0=231.915527mWh E1=231.917038mWh) | t_inference=13.830ms | t_inference_pipeline=16.872ms | E_total_accum=231.917mWh
15:14:58.042 > [BENCH] INFER_HOURLY | t_inference_us=13830 | heap=37.2kB/282.0kB (min=239.3kB, biggest=108.0kB) | arena=3.4kB | V_bus=5.116V I_bus=63.9mA P_bus=327.1mW E_total_accum=231.917mWh
15:14:58.057 > [HOUR] Tin=29.20 Hin=70.33 | Tp=28.86 Hp=71.00
15:14:58.061 > [HOUR] SAMPLES | N_ALL=21 N_T=21 N_H=21
15:14:58.063 > [HOUR] METRICS | MAE=nan RMSE=nan R2=NA | MAE_T=nan RMSE_T=nan R2_T=NA | MAE_H=nan RMSE_H=nan R2_H=NA
15:14:58.852 > [SENSORS] Health IN ok=1267 err=0 reinit=0 pwr=0 | OUT ok=1267 err=0 reinit=0 pwr=0
15:15:00.021 > [BENCH] IDLE | t_inference_us=0 | heap=37.2kB/282.0kB (min=239.3kB, biggest=108.0kB) | arena=3.4kB | V_bus=5.112V I_bus=64.9mA P_bus=332.3mW E_total_accum=232.103mWh
15:15:02.027 > [BENCH] IDLE | t_inference_us=0 | heap=37.2kB/282.0kB (min=239.3kB, biggest=108.0kB) | arena=3.4kB | V_bus=5.132V I_bus=63.1mA P_bus=323.5mW E_total_accum=232.283mWh
15:15:04.043 > [BENCH] IDLE | t_inference_us=0 | heap=37.2kB/282.0kB (min=239.3kB, biggest=108.0kB) | arena=3.4kB | V_bus=5.128V I_bus=64.7mA P_bus=331.3mW E_total_accum=232.468mWh
15:15:06.061 > [BENCH] IDLE | t_inference_us=0 | heap=37.2kB/282.0kB (min=239.3kB, biggest=108.0kB) | arena=3.4kB | V_bus=5.128V I_bus=63.7mA P_bus=326.5mW E_total_accum=232.651mWh
15:15:08.076 > [BENCH] IDLE | t_inference_us=0 | heap=37.2kB/282.0kB (min=239.3kB, biggest=108.0kB) | arena=3.4kB | V_bus=5.132V I_bus=62.2mA P_bus=318.9mW E_total_accum=232.830mWh
15:15:10.077 > [BENCH] IDLE | t_inference_us=0 | heap=37.2kB/282.0kB (min=239.3kB, biggest=108.0kB) | arena=3.4kB | V_bus=5.132V I_bus=61.1mA P_bus=313.3mW E_total_accum=233.005mWh
15:15:12.093 > [BENCH] IDLE | t_inference_us=0 | heap=37.2kB/282.0kB (min=239.3kB, biggest=108.0kB) | arena=3.4kB | V_bus=5.132V I_bus=61.1mA P_bus=313.1mW E_total_accum=233.180mWh
15:15:14.110 > [BENCH] IDLE | t_inference_us=0 | heap=37.2kB/282.0kB (min=239.3kB, biggest=108.0kB) | arena=3.4kB | V_bus=5.132V I_bus=60.0mA P_bus=307.9mW E_total_accum=233.352mWh
15:15:16.124 > [BENCH] IDLE | t_inference_us=0 | heap=37.2kB/282.0kB (min=239.3kB, biggest=108.0kB) | arena=3.4kB | V_bus=5.128V I_bus=62.1mA P_bus=318.6mW E_total_accum=233.530mWh
15:15:18.144 > [BENCH] IDLE | t_inference_us=0 | heap=37.2kB/282.0kB (min=239.3kB, biggest=108.0kB) | arena=3.4kB | V_bus=5.128V I_bus=61.8mA P_bus=316.9mW E_total_accum=233.708mWh
15:15:20.156 > [BENCH] IDLE | t_inference_us=0 | heap=37.2kB/282.0kB (min=239.3kB, biggest=108.0kB) | arena=3.4kB | V_bus=5.128V I_bus=60.7mA P_bus=311.5mW E_total_accum=233.882mWh
15:15:22.173 > [BENCH] IDLE | t_inference_us=0 | heap=37.2kB/282.0kB (min=239.3kB, biggest=108.0kB) | arena=3.4kB | V_bus=5.132V I_bus=62.5mA P_bus=320.5mW E_total_accum=234.061mWh
15:15:24.174 > [BENCH] IDLE | t_inference_us=0 | heap=37.2kB/282.0kB (min=239.3kB, biggest=108.0kB) | arena=3.4kB | V_bus=5.132V I_bus=61.9mA P_bus=317.3mW E_total_accum=234.239mWh
15:15:26.191 > [BENCH] IDLE | t_inference_us=0 | heap=37.2kB/282.0kB (min=239.3kB, biggest=108.0kB) | arena=3.4kB | V_bus=5.132V I_bus=60.9mA P_bus=312.2mW E_total_accum=234.414mWh
15:15:28.208 > [BENCH] IDLE | t_inference_us=0 | heap=37.2kB/282.0kB (min=239.3kB, biggest=108.0kB) | arena=3.4kB | V_bus=5.132V I_bus=62.4mA P_bus=320.3mW E_total_accum=234.593mWh
15:15:30.220 > [BENCH] IDLE | t_inference_us=0 | heap=37.2kB/282.0kB (min=239.3kB, biggest=108.0kB) | arena=3.4kB | V_bus=5.132V I_bus=61.6mA P_bus=316.3mW E_total_accum=234.770mWh
15:15:32.238 > [BENCH] IDLE | t_inference_us=0 | heap=37.2kB/282.0kB (min=239.3kB, biggest=108.0kB) | arena=3.4kB | V_bus=5.128V I_bus=60.6mA P_bus=311.0mW E_total_accum=234.944mWh
15:15:34.248 > [BENCH] IDLE | t_inference_us=0 | heap=37.2kB/282.0kB (min=239.3kB, biggest=108.0kB) | arena=3.4kB | V_bus=5.132V I_bus=61.7mA P_bus=316.5mW E_total_accum=235.121mWh
15:15:36.258 > [BENCH] IDLE | t_inference_us=0 | heap=37.2kB/282.0kB (min=239.3kB, biggest=108.0kB) | arena=3.4kB | V_bus=5.128V I_bus=60.6mA P_bus=311.1mW E_total_accum=235.294mWh
15:15:38.269 > [BENCH] IDLE | t_inference_us=0 | heap=37.2kB/282.0kB (min=239.3kB, biggest=108.0kB) | arena=3.4kB | V_bus=5.128V I_bus=60.6mA P_bus=311.0mW E_total_accum=235.468mWh
15:15:40.285 > [BENCH] IDLE | t_inference_us=0 | heap=37.2kB/282.0kB (min=239.3kB, biggest=108.0kB) | arena=3.4kB | V_bus=5.132V I_bus=59.8mA P_bus=306.7mW E_total_accum=235.639mWh
15:15:42.291 > [BENCH] IDLE | t_inference_us=0 | heap=37.2kB/282.0kB (min=239.3kB, biggest=108.0kB) | arena=3.4kB | V_bus=5.132V I_bus=61.5mA P_bus=315.8mW E_total_accum=235.816mWh
15:15:44.303 > [BENCH] IDLE | t_inference_us=0 | heap=37.2kB/282.0kB (min=239.3kB, biggest=108.0kB) | arena=3.4kB | V_bus=5.132V I_bus=60.8mA P_bus=311.8mW E_total_accum=235.990mWh
15:15:46.320 > [BENCH] IDLE | t_inference_us=0 | heap=37.2kB/282.0kB (min=239.3kB, biggest=108.0kB) | arena=3.4kB | V_bus=5.128V I_bus=60.0mA P_bus=307.7mW E_total_accum=236.163mWh
15:15:48.338 > [BENCH] IDLE | t_inference_us=0 | heap=37.2kB/282.0kB (min=239.3kB, biggest=108.0kB) | arena=3.4kB | V_bus=5.132V I_bus=60.8mA P_bus=311.8mW E_total_accum=236.337mWh
15:15:50.351 > [BENCH] IDLE | t_inference_us=0 | heap=37.2kB/282.0kB (min=239.3kB, biggest=108.0kB) | arena=3.4kB | V_bus=5.132V I_bus=59.8mA P_bus=306.8mW E_total_accum=236.509mWh
15:15:52.367 > [BENCH] IDLE | t_inference_us=0 | heap=37.2kB/282.0kB (min=239.3kB, biggest=108.0kB) | arena=3.4kB | V_bus=5.132V I_bus=61.8mA P_bus=317.0mW E_total_accum=236.686mWh
15:15:54.384 > [BENCH] IDLE | t_inference_us=0 | heap=37.2kB/282.0kB (min=239.3kB, biggest=108.0kB) | arena=3.4kB | V_bus=5.132V I_bus=61.3mA P_bus=314.3mW E_total_accum=236.862mWh
15:15:56.385 > [BENCH] IDLE | t_inference_us=0 | heap=37.2kB/282.0kB (min=239.3kB, biggest=108.0kB) | arena=3.4kB | V_bus=5.132V I_bus=60.3mA P_bus=309.5mW E_total_accum=237.035mWh
15:15:58.002 > 
15:15:58.002 > [EVENT] type=HOUR  Tin=29.30 Hin=69.95 Tout=34.10 Hout=55.10
15:15:58.029 > [infer] REAL - Invoke executed (model ran)
15:15:58.033 > 
15:15:58.033 > [PWR] infer | E_inference_window(ΔE_total)=1.312µWh (E0=237.176697mWh E1=237.178009mWh) | E_inference_pipeline(ΔE_total)=1.541µWh (E0=237.176575mWh E1=237.178116mWh) | t_inference=13.848ms | t_inference_pipeline=16.880ms | E_total_accum=237.178mWh
15:15:58.053 > [BENCH] INFER_HOURLY | t_inference_us=13848 | heap=37.2kB/282.0kB (min=239.3kB, biggest=108.0kB) | arena=3.4kB | V_bus=5.116V I_bus=65.3mA P_bus=334.2mW E_total_accum=237.178mWh
15:15:58.071 > [HOUR] Tin=29.30 Hin=69.95 | Tp=28.98 Hp=70.23
15:15:58.073 > [HOUR] SAMPLES | N_ALL=22 N_T=22 N_H=22
15:15:58.075 > [HOUR] METRICS | MAE=nan RMSE=nan R2=NA | MAE_T=nan RMSE_T=nan R2_T=NA | MAE_H=nan RMSE_H=nan R2_H=NA
15:15:58.869 > [SENSORS] Health IN ok=1295 err=0 reinit=0 pwr=0 | OUT ok=1295 err=0 reinit=0 pwr=0
15:16:00.034 > [BENCH] IDLE | t_inference_us=0 | heap=37.2kB/282.0kB (min=239.3kB, biggest=108.0kB) | arena=3.4kB | V_bus=5.132V I_bus=63.8mA P_bus=326.7mW E_total_accum=237.361mWh
15:16:02.062 > [BENCH] IDLE | t_inference_us=0 | heap=37.2kB/282.0kB (min=239.3kB, biggest=108.0kB) | arena=3.4kB | V_bus=5.128V I_bus=62.4mA P_bus=319.6mW E_total_accum=237.540mWh
15:16:04.064 > [BENCH] IDLE | t_inference_us=0 | heap=37.2kB/282.0kB (min=239.3kB, biggest=108.0kB) | arena=3.4kB | V_bus=5.112V I_bus=64.9mA P_bus=332.4mW E_total_accum=237.726mWh
15:16:06.068 > [BENCH] IDLE | t_inference_us=0 | heap=37.2kB/282.0kB (min=239.3kB, biggest=108.0kB) | arena=3.4kB | V_bus=5.132V I_bus=66.0mA P_bus=338.0mW E_total_accum=237.914mWh
15:16:08.082 > [BENCH] IDLE | t_inference_us=0 | heap=37.2kB/282.0kB (min=239.3kB, biggest=108.0kB) | arena=3.4kB | V_bus=5.132V I_bus=64.5mA P_bus=330.5mW E_total_accum=238.099mWh
15:16:10.106 > [BENCH] IDLE | t_inference_us=0 | heap=37.2kB/282.0kB (min=239.3kB, biggest=108.0kB) | arena=3.4kB | V_bus=5.128V I_bus=62.9mA P_bus=322.5mW E_total_accum=238.279mWh
15:16:12.120 > [BENCH] IDLE | t_inference_us=0 | heap=37.2kB/282.0kB (min=239.3kB, biggest=108.0kB) | arena=3.4kB | V_bus=5.132V I_bus=63.0mA P_bus=323.2mW E_total_accum=238.460mWh
15:16:14.130 > [BENCH] IDLE | t_inference_us=0 | heap=37.2kB/282.0kB (min=239.3kB, biggest=108.0kB) | arena=3.4kB | V_bus=5.132V I_bus=61.7mA P_bus=316.4mW E_total_accum=238.637mWh
15:16:16.144 > [BENCH] IDLE | t_inference_us=0 | heap=37.2kB/282.0kB (min=239.3kB, biggest=108.0kB) | arena=3.4kB | V_bus=5.128V I_bus=63.3mA P_bus=324.6mW E_total_accum=238.819mWh
15:16:18.149 > [BENCH] IDLE | t_inference_us=0 | heap=37.2kB/282.0kB (min=239.3kB, biggest=108.0kB) | arena=3.4kB | V_bus=5.132V I_bus=62.3mA P_bus=319.7mW E_total_accum=238.997mWh
15:16:20.164 > [BENCH] IDLE | t_inference_us=0 | heap=37.2kB/282.0kB (min=239.3kB, biggest=108.0kB) | arena=3.4kB | V_bus=5.128V I_bus=61.2mA P_bus=313.7mW E_total_accum=239.173mWh
15:16:22.189 > [BENCH] IDLE | t_inference_us=0 | heap=37.2kB/282.0kB (min=239.3kB, biggest=108.0kB) | arena=3.4kB | V_bus=5.132V I_bus=62.0mA P_bus=318.0mW E_total_accum=239.351mWh
15:16:24.193 > [BENCH] IDLE | t_inference_us=0 | heap=37.2kB/282.0kB (min=239.3kB, biggest=108.0kB) | arena=3.4kB | V_bus=5.132V I_bus=60.9mA P_bus=312.2mW E_total_accum=239.526mWh
15:16:26.209 > [BENCH] IDLE | t_inference_us=0 | heap=37.2kB/282.0kB (min=239.3kB, biggest=108.0kB) | arena=3.4kB | V_bus=5.132V I_bus=62.8mA P_bus=322.0mW E_total_accum=239.706mWh
15:16:28.228 > [BENCH] IDLE | t_inference_us=0 | heap=37.2kB/282.0kB (min=239.3kB, biggest=108.0kB) | arena=3.4kB | V_bus=5.132V I_bus=61.9mA P_bus=317.6mW E_total_accum=239.883mWh
15:16:30.245 > [BENCH] IDLE | t_inference_us=0 | heap=37.2kB/282.0kB (min=239.3kB, biggest=108.0kB) | arena=3.4kB | V_bus=5.128V I_bus=60.9mA P_bus=312.5mW E_total_accum=240.058mWh
15:16:32.259 > [BENCH] IDLE | t_inference_us=0 | heap=37.2kB/282.0kB (min=239.3kB, biggest=108.0kB) | arena=3.4kB | V_bus=5.132V I_bus=61.8mA P_bus=317.0mW E_total_accum=240.236mWh
15:16:34.268 > [BENCH] IDLE | t_inference_us=0 | heap=37.2kB/282.0kB (min=239.3kB, biggest=108.0kB) | arena=3.4kB | V_bus=5.132V I_bus=60.7mA P_bus=311.2mW E_total_accum=240.410mWh
15:16:36.277 > [BENCH] IDLE | t_inference_us=0 | heap=37.2kB/282.0kB (min=239.3kB, biggest=108.0kB) | arena=3.4kB | V_bus=5.132V I_bus=62.4mA P_bus=320.2mW E_total_accum=240.589mWh
15:16:38.295 > [BENCH] IDLE | t_inference_us=0 | heap=37.2kB/282.0kB (min=239.3kB, biggest=108.0kB) | arena=3.4kB | V_bus=5.132V I_bus=61.7mA P_bus=316.6mW E_total_accum=240.766mWh
15:16:40.295 > [BENCH] IDLE | t_inference_us=0 | heap=37.2kB/282.0kB (min=239.3kB, biggest=108.0kB) | arena=3.4kB | V_bus=5.116V I_bus=63.3mA P_bus=324.5mW E_total_accum=240.947mWh
15:16:42.308 > [BENCH] IDLE | t_inference_us=0 | heap=37.2kB/282.0kB (min=239.3kB, biggest=108.0kB) | arena=3.4kB | V_bus=5.128V I_bus=61.9mA P_bus=317.3mW E_total_accum=241.124mWh
15:16:44.325 > [BENCH] IDLE | t_inference_us=0 | heap=37.2kB/282.0kB (min=239.3kB, biggest=108.0kB) | arena=3.4kB | V_bus=5.128V I_bus=63.5mA P_bus=325.6mW E_total_accum=241.306mWh
15:16:46.344 > [BENCH] IDLE | t_inference_us=0 | heap=37.2kB/282.0kB (min=239.3kB, biggest=108.0kB) | arena=3.4kB | V_bus=5.132V I_bus=62.5mA P_bus=320.7mW E_total_accum=241.486mWh
15:16:48.358 > [BENCH] IDLE | t_inference_us=0 | heap=37.2kB/282.0kB (min=239.3kB, biggest=108.0kB) | arena=3.4kB | V_bus=5.128V I_bus=61.4mA P_bus=315.0mW E_total_accum=241.662mWh
15:16:50.369 > [BENCH] IDLE | t_inference_us=0 | heap=37.2kB/282.0kB (min=239.3kB, biggest=108.0kB) | arena=3.4kB | V_bus=5.132V I_bus=62.3mA P_bus=319.3mW E_total_accum=241.840mWh
15:16:52.371 > [BENCH] IDLE | t_inference_us=0 | heap=37.2kB/282.0kB (min=239.3kB, biggest=108.0kB) | arena=3.4kB | V_bus=5.132V I_bus=61.1mA P_bus=313.6mW E_total_accum=242.016mWh
15:16:54.388 > [BENCH] IDLE | t_inference_us=0 | heap=37.2kB/282.0kB (min=239.3kB, biggest=108.0kB) | arena=3.4kB | V_bus=5.132V I_bus=63.0mA P_bus=323.0mW E_total_accum=242.197mWh
15:16:56.406 > [BENCH] IDLE | t_inference_us=0 | heap=37.2kB/282.0kB (min=239.3kB, biggest=108.0kB) | arena=3.4kB | V_bus=5.132V I_bus=62.1mA P_bus=318.6mW E_total_accum=242.375mWh
15:16:57.977 > 
15:16:57.987 > [EVENT] type=HOUR  Tin=29.30 Hin=69.30 Tout=34.00 Hout=53.70
15:16:58.004 > [infer] REAL - Invoke executed (model ran)
15:16:58.008 > 
15:16:58.008 > [PWR] infer | E_inference_window(ΔE_total)=1.343µWh (E0=242.516632mWh E1=242.517975mWh) | E_inference_pipeline(ΔE_total)=1.572µWh (E0=242.516510mWh E1=242.518082mWh) | t_inference=13.831ms | t_inference_pipeline=16.872ms | E_total_accum=242.518mWh
15:16:58.034 > [BENCH] INFER_HOURLY | t_inference_us=13831 | heap=37.2kB/282.0kB (min=239.3kB, biggest=108.0kB) | arena=3.4kB | V_bus=5.120V I_bus=66.3mA P_bus=339.7mW E_total_accum=242.518mWh
15:16:58.045 > [HOUR] Tin=29.30 Hin=69.30 | Tp=29.10 Hp=69.86
15:16:58.050 > [HOUR] SAMPLES | N_ALL=23 N_T=23 N_H=23
15:16:58.053 > [HOUR] METRICS | MAE=nan RMSE=nan R2=NA | MAE_T=nan RMSE_T=nan R2_T=NA | MAE_H=nan RMSE_H=nan R2_H=NA
15:16:58.880 > [SENSORS] Health IN ok=1323 err=0 reinit=0 pwr=0 | OUT ok=1323 err=0 reinit=0 pwr=0
15:17:00.022 > [BENCH] IDLE | t_inference_us=0 | heap=37.2kB/282.0kB (min=239.3kB, biggest=108.0kB) | arena=3.4kB | V_bus=5.132V I_bus=64.7mA P_bus=331.4mW E_total_accum=242.704mWh
15:17:02.024 > [BENCH] IDLE | t_inference_us=0 | heap=37.2kB/282.0kB (min=239.3kB, biggest=108.0kB) | arena=3.4kB | V_bus=5.128V I_bus=63.0mA P_bus=323.1mW E_total_accum=242.885mWh
15:17:04.036 > [BENCH] IDLE | t_inference_us=0 | heap=37.2kB/282.0kB (min=239.3kB, biggest=108.0kB) | arena=3.4kB | V_bus=5.128V I_bus=62.9mA P_bus=322.5mW E_total_accum=243.065mWh
15:17:06.053 > [BENCH] IDLE | t_inference_us=0 | heap=37.2kB/282.0kB (min=239.3kB, biggest=108.0kB) | arena=3.4kB | V_bus=5.128V I_bus=61.6mA P_bus=315.8mW E_total_accum=243.242mWh
15:17:08.072 > [BENCH] IDLE | t_inference_us=0 | heap=37.2kB/282.0kB (min=239.3kB, biggest=108.0kB) | arena=3.4kB | V_bus=5.116V I_bus=63.3mA P_bus=324.2mW E_total_accum=243.423mWh
15:17:10.071 > [BENCH] IDLE | t_inference_us=0 | heap=37.2kB/282.0kB (min=239.3kB, biggest=108.0kB) | arena=3.4kB | V_bus=5.132V I_bus=62.0mA P_bus=317.8mW E_total_accum=243.600mWh
15:17:12.090 > [BENCH] IDLE | t_inference_us=0 | heap=37.2kB/282.0kB (min=239.3kB, biggest=108.0kB) | arena=3.4kB | V_bus=5.132V I_bus=62.3mA P_bus=319.3mW E_total_accum=243.778mWh
15:17:14.109 > [BENCH] IDLE | t_inference_us=0 | heap=37.2kB/282.0kB (min=239.3kB, biggest=108.0kB) | arena=3.4kB | V_bus=5.132V I_bus=61.0mA P_bus=312.9mW E_total_accum=243.953mWh
15:17:16.109 > [BENCH] IDLE | t_inference_us=0 | heap=37.2kB/282.0kB (min=239.3kB, biggest=108.0kB) | arena=3.4kB | V_bus=5.132V I_bus=62.8mA P_bus=322.0mW E_total_accum=244.134mWh
15:17:18.134 > [BENCH] IDLE | t_inference_us=0 | heap=37.2kB/282.0kB (min=239.3kB, biggest=108.0kB) | arena=3.4kB | V_bus=5.132V I_bus=62.1mA P_bus=318.8mW E_total_accum=244.312mWh
15:17:20.150 > [BENCH] IDLE | t_inference_us=0 | heap=37.2kB/282.0kB (min=239.3kB, biggest=108.0kB) | arena=3.4kB | V_bus=5.132V I_bus=61.0mA P_bus=313.1mW E_total_accum=244.487mWh
15:17:22.153 > [BENCH] IDLE | t_inference_us=0 | heap=37.2kB/282.0kB (min=239.3kB, biggest=108.0kB) | arena=3.4kB | V_bus=5.128V I_bus=62.2mA P_bus=319.0mW E_total_accum=244.666mWh
15:17:24.166 > [BENCH] IDLE | t_inference_us=0 | heap=37.2kB/282.0kB (min=239.3kB, biggest=108.0kB) | arena=3.4kB | V_bus=5.132V I_bus=61.0mA P_bus=313.0mW E_total_accum=244.841mWh
15:17:26.181 > [BENCH] IDLE | t_inference_us=0 | heap=37.2kB/282.0kB (min=239.3kB, biggest=108.0kB) | arena=3.4kB | V_bus=5.132V I_bus=60.1mA P_bus=308.4mW E_total_accum=245.013mWh
15:17:28.199 > [BENCH] IDLE | t_inference_us=0 | heap=37.2kB/282.0kB (min=239.3kB, biggest=108.0kB) | arena=3.4kB | V_bus=5.128V I_bus=60.3mA P_bus=309.6mW E_total_accum=245.186mWh
15:17:30.217 > [BENCH] IDLE | t_inference_us=0 | heap=37.2kB/282.0kB (min=239.3kB, biggest=108.0kB) | arena=3.4kB | V_bus=5.132V I_bus=59.5mA P_bus=305.4mW E_total_accum=245.357mWh
15:17:32.233 > [BENCH] IDLE | t_inference_us=0 | heap=37.2kB/282.0kB (min=239.3kB, biggest=108.0kB) | arena=3.4kB | V_bus=5.128V I_bus=61.6mA P_bus=316.1mW E_total_accum=245.534mWh
15:17:34.248 > [BENCH] IDLE | t_inference_us=0 | heap=37.2kB/282.0kB (min=239.3kB, biggest=108.0kB) | arena=3.4kB | V_bus=5.132V I_bus=61.1mA P_bus=313.6mW E_total_accum=245.710mWh
15:17:36.246 > [BENCH] IDLE | t_inference_us=0 | heap=37.2kB/282.0kB (min=239.3kB, biggest=108.0kB) | arena=3.4kB | V_bus=5.132V I_bus=60.2mA P_bus=309.0mW E_total_accum=245.882mWh
15:17:38.267 > [BENCH] IDLE | t_inference_us=0 | heap=37.2kB/282.0kB (min=239.3kB, biggest=108.0kB) | arena=3.4kB | V_bus=5.128V I_bus=61.7mA P_bus=316.6mW E_total_accum=246.059mWh
15:17:40.283 > [BENCH] IDLE | t_inference_us=0 | heap=37.2kB/282.0kB (min=239.3kB, biggest=108.0kB) | arena=3.4kB | V_bus=5.128V I_bus=61.0mA P_bus=313.1mW E_total_accum=246.235mWh
15:17:42.299 > [BENCH] IDLE | t_inference_us=0 | heap=37.2kB/282.0kB (min=239.3kB, biggest=108.0kB) | arena=3.4kB | V_bus=5.128V I_bus=60.1mA P_bus=308.5mW E_total_accum=246.407mWh
15:17:44.311 > [BENCH] IDLE | t_inference_us=0 | heap=37.2kB/282.0kB (min=239.3kB, biggest=108.0kB) | arena=3.4kB | V_bus=5.116V I_bus=62.9mA P_bus=322.4mW E_total_accum=246.587mWh
15:17:46.312 > [BENCH] IDLE | t_inference_us=0 | heap=37.2kB/282.0kB (min=239.3kB, biggest=108.0kB) | arena=3.4kB | V_bus=5.128V I_bus=61.6mA P_bus=316.0mW E_total_accum=246.763mWh
15:17:48.333 > [BENCH] IDLE | t_inference_us=0 | heap=37.2kB/282.0kB (min=239.3kB, biggest=108.0kB) | arena=3.4kB | V_bus=5.128V I_bus=62.3mA P_bus=319.3mW E_total_accum=246.942mWh
15:17:50.346 > [BENCH] IDLE | t_inference_us=0 | heap=37.2kB/282.0kB (min=239.3kB, biggest=108.0kB) | arena=3.4kB | V_bus=5.132V I_bus=61.1mA P_bus=313.4mW E_total_accum=247.117mWh
15:17:52.358 > [BENCH] IDLE | t_inference_us=0 | heap=37.2kB/282.0kB (min=239.3kB, biggest=108.0kB) | arena=3.4kB | V_bus=5.128V I_bus=60.2mA P_bus=308.6mW E_total_accum=247.290mWh
15:17:54.359 > [BENCH] IDLE | t_inference_us=0 | heap=37.2kB/282.0kB (min=239.3kB, biggest=108.0kB) | arena=3.4kB | V_bus=5.132V I_bus=61.3mA P_bus=314.2mW E_total_accum=247.466mWh
15:17:56.376 > [BENCH] IDLE | t_inference_us=0 | heap=37.2kB/282.0kB (min=239.3kB, biggest=108.0kB) | arena=3.4kB | V_bus=5.132V I_bus=60.5mA P_bus=310.1mW E_total_accum=247.639mWh
15:17:57.994 > 
15:17:57.994 > [EVENT] type=HOUR  Tin=29.40 Hin=69.57 Tout=34.00 Hout=54.30
15:17:58.016 > [infer] REAL - Invoke executed (model ran)
15:17:58.023 > 
15:17:58.023 > [PWR] infer | E_inference_window(ΔE_total)=1.328µWh (E0=247.782578mWh E1=247.783905mWh) | E_inference_pipeline(ΔE_total)=1.556µWh (E0=247.782455mWh E1=247.784012mWh) | t_inference=13.851ms | t_inference_pipeline=16.874ms | E_total_accum=247.784mWh
15:17:58.044 > [BENCH] INFER_HOURLY | t_inference_us=13851 | heap=37.2kB/282.0kB (min=239.3kB, biggest=108.0kB) | arena=3.4kB | V_bus=5.116V I_bus=66.1mA P_bus=338.5mW E_total_accum=247.784mWh
15:17:58.059 > [HOUR] Tin=29.40 Hin=69.57 | Tp=29.10 Hp=69.23
15:17:58.064 > [HOUR] SAMPLES | N_ALL=24 N_T=24 N_H=24
15:17:58.067 > [HOUR] METRICS | MAE=0.7980 RMSE=1.1823 R2=0.7858 | MAE_T=0.5462 RMSE_T=0.7019 R2_T=0.8413 | MAE_H=1.0498 RMSE_H=1.5176 R2_H=0.7303
15:17:58.896 > [SENSORS] Health IN ok=1351 err=0 reinit=0 pwr=0 | OUT ok=1351 err=0 reinit=0 pwr=0
15:18:00.036 > [BENCH] IDLE | t_inference_us=0 | heap=37.2kB/282.0kB (min=239.3kB, biggest=108.0kB) | arena=3.4kB | V_bus=5.128V I_bus=66.5mA P_bus=340.5mW E_total_accum=247.975mWh
15:18:02.042 > [BENCH] IDLE | t_inference_us=0 | heap=37.2kB/282.0kB (min=239.3kB, biggest=108.0kB) | arena=3.4kB | V_bus=5.132V I_bus=65.1mA P_bus=333.6mW E_total_accum=248.161mWh
15:18:04.066 > [BENCH] IDLE | t_inference_us=0 | heap=37.2kB/282.0kB (min=239.3kB, biggest=108.0kB) | arena=3.4kB | V_bus=5.132V I_bus=63.4mA P_bus=324.8mW E_total_accum=248.343mWh
15:18:06.078 > [BENCH] IDLE | t_inference_us=0 | heap=37.2kB/282.0kB (min=239.3kB, biggest=108.0kB) | arena=3.4kB | V_bus=5.132V I_bus=62.1mA P_bus=318.5mW E_total_accum=248.521mWh
15:18:08.090 > [BENCH] IDLE | t_inference_us=0 | heap=37.2kB/282.0kB (min=239.3kB, biggest=108.0kB) | arena=3.4kB | V_bus=5.132V I_bus=62.0mA P_bus=317.7mW E_total_accum=248.699mWh
15:18:10.107 > [BENCH] IDLE | t_inference_us=0 | heap=37.2kB/282.0kB (min=239.3kB, biggest=108.0kB) | arena=3.4kB | V_bus=5.132V I_bus=60.9mA P_bus=312.2mW E_total_accum=248.874mWh
15:18:12.108 > [BENCH] IDLE | t_inference_us=0 | heap=37.2kB/282.0kB (min=239.3kB, biggest=108.0kB) | arena=3.4kB | V_bus=5.132V I_bus=60.1mA P_bus=308.1mW E_total_accum=249.046mWh
15:18:14.116 > [BENCH] IDLE | t_inference_us=0 | heap=37.2kB/282.0kB (min=239.3kB, biggest=108.0kB) | arena=3.4kB | V_bus=5.132V I_bus=59.3mA P_bus=304.4mW E_total_accum=249.215mWh
15:18:16.137 > [BENCH] IDLE | t_inference_us=0 | heap=37.2kB/282.0kB (min=239.3kB, biggest=108.0kB) | arena=3.4kB | V_bus=5.128V I_bus=58.8mA P_bus=301.6mW E_total_accum=249.384mWh
15:18:18.137 > [BENCH] IDLE | t_inference_us=0 | heap=37.2kB/282.0kB (min=239.3kB, biggest=108.0kB) | arena=3.4kB | V_bus=5.132V I_bus=59.8mA P_bus=306.6mW E_total_accum=249.556mWh
15:18:20.160 > [BENCH] IDLE | t_inference_us=0 | heap=37.2kB/282.0kB (min=239.3kB, biggest=108.0kB) | arena=3.4kB | V_bus=5.128V I_bus=59.2mA P_bus=303.7mW E_total_accum=249.726mWh
15:18:22.179 > [BENCH] IDLE | t_inference_us=0 | heap=37.2kB/282.0kB (min=239.3kB, biggest=108.0kB) | arena=3.4kB | V_bus=5.128V I_bus=58.6mA P_bus=300.6mW E_total_accum=249.894mWh
15:18:24.192 > [BENCH] IDLE | t_inference_us=0 | heap=37.2kB/282.0kB (min=239.3kB, biggest=108.0kB) | arena=3.4kB | V_bus=5.124V I_bus=58.2mA P_bus=298.3mW E_total_accum=250.061mWh
15:18:26.202 > [BENCH] IDLE | t_inference_us=0 | heap=37.2kB/282.0kB (min=239.3kB, biggest=108.0kB) | arena=3.4kB | V_bus=5.128V I_bus=60.0mA P_bus=307.6mW E_total_accum=250.233mWh
15:18:28.220 > [BENCH] IDLE | t_inference_us=0 | heap=37.2kB/282.0kB (min=239.3kB, biggest=108.0kB) | arena=3.4kB | V_bus=5.132V I_bus=59.8mA P_bus=306.6mW E_total_accum=250.404mWh
15:18:30.235 > [BENCH] IDLE | t_inference_us=0 | heap=37.2kB/282.0kB (min=239.3kB, biggest=108.0kB) | arena=3.4kB | V_bus=5.128V I_bus=59.0mA P_bus=302.7mW E_total_accum=250.574mWh
15:18:32.248 > [BENCH] IDLE | t_inference_us=0 | heap=37.2kB/282.0kB (min=239.3kB, biggest=108.0kB) | arena=3.4kB | V_bus=5.128V I_bus=58.6mA P_bus=300.7mW E_total_accum=250.742mWh
15:18:34.261 > [BENCH] IDLE | t_inference_us=0 | heap=37.2kB/282.0kB (min=239.3kB, biggest=108.0kB) | arena=3.4kB | V_bus=5.128V I_bus=60.4mA P_bus=309.8mW E_total_accum=250.915mWh
15:18:36.276 > [BENCH] IDLE | t_inference_us=0 | heap=37.2kB/282.0kB (min=239.3kB, biggest=108.0kB) | arena=3.4kB | V_bus=5.124V I_bus=60.3mA P_bus=309.1mW E_total_accum=251.088mWh
15:18:38.290 > [BENCH] IDLE | t_inference_us=0 | heap=37.2kB/282.0kB (min=239.3kB, biggest=108.0kB) | arena=3.4kB | V_bus=5.128V I_bus=59.5mA P_bus=304.9mW E_total_accum=251.259mWh
15:18:40.304 > [BENCH] IDLE | t_inference_us=0 | heap=37.2kB/282.0kB (min=239.3kB, biggest=108.0kB) | arena=3.4kB | V_bus=5.132V I_bus=58.9mA P_bus=302.2mW E_total_accum=251.428mWh
15:18:42.303 > [BENCH] IDLE | t_inference_us=0 | heap=37.2kB/282.0kB (min=239.3kB, biggest=108.0kB) | arena=3.4kB | V_bus=5.132V I_bus=58.6mA P_bus=300.7mW E_total_accum=251.596mWh
15:18:44.332 > [BENCH] IDLE | t_inference_us=0 | heap=37.2kB/282.0kB (min=239.3kB, biggest=108.0kB) | arena=3.4kB | V_bus=5.132V I_bus=59.4mA P_bus=304.8mW E_total_accum=251.766mWh
15:18:46.340 > [BENCH] IDLE | t_inference_us=0 | heap=37.2kB/282.0kB (min=239.3kB, biggest=108.0kB) | arena=3.4kB | V_bus=5.124V I_bus=58.8mA P_bus=301.7mW E_total_accum=251.935mWh
15:18:48.360 > [BENCH] IDLE | t_inference_us=0 | heap=37.2kB/282.0kB (min=239.3kB, biggest=108.0kB) | arena=3.4kB | V_bus=5.108V I_bus=58.8mA P_bus=301.4mW E_total_accum=252.104mWh
15:18:50.351 > [BENCH] IDLE | t_inference_us=0 | heap=37.2kB/282.0kB (min=239.3kB, biggest=108.0kB) | arena=3.4kB | V_bus=5.132V I_bus=58.9mA P_bus=301.7mW E_total_accum=252.272mWh
15:18:52.368 > [BENCH] IDLE | t_inference_us=0 | heap=37.2kB/282.0kB (min=239.3kB, biggest=108.0kB) | arena=3.4kB | V_bus=5.128V I_bus=58.4mA P_bus=299.5mW E_total_accum=252.439mWh
15:18:54.388 > [BENCH] IDLE | t_inference_us=0 | heap=37.2kB/282.0kB (min=239.3kB, biggest=108.0kB) | arena=3.4kB | V_bus=5.132V I_bus=60.8mA P_bus=311.6mW E_total_accum=252.613mWh
15:18:56.398 > [BENCH] IDLE | t_inference_us=0 | heap=37.2kB/282.0kB (min=239.3kB, biggest=108.0kB) | arena=3.4kB | V_bus=5.128V I_bus=60.9mA P_bus=312.1mW E_total_accum=252.788mWh
15:18:58.015 > 
