window_start,window_end,datetime_end,N,MAE,RMSE,R2,MAE_T,RMSE_T,R2_T,MAE_H,RMSE_H,R2_H
0,23,2018-10-14 14:00:00,24,0.0752,0.1015,0.6781,0.0687,0.0896,0.5565,0.0818,0.1121,0.7997
1,24,2018-10-14 15:00:00,24,0.0765,0.1022,0.6627,0.0685,0.0894,0.5302,0.0845,0.1135,0.7952
2,25,2018-10-14 16:00:00,24,0.0749,0.1009,0.6771,0.0667,0.0871,0.5599,0.0832,0.113,0.7943
3,26,2018-10-14 17:00:00,24,0.0708,0.0955,0.738,0.0584,0.074,0.6817,0.0831,0.113,0.7943
4,27,2018-10-14 18:00:00,24,0.075,0.0999,0.7013,0.0623,0.0794,0.6231,0.0876,0.1168,0.7795
5,28,2018-10-14 19:00:00,24,0.0806,0.1108,0.6563,0.064,0.0801,0.5935,0.0972,0.1347,0.7191
6,29,2018-10-14 20:00:00,24,0.0818,0.1125,0.6453,0.0638,0.08,0.5778,0.0998,0.1375,0.7128
7,30,2018-10-14 21:00:00,24,0.0845,0.1152,0.634,0.0617,0.079,0.5466,0.1073,0.1424,0.7215
8,31,2018-10-14 22:00:00,24,0.0861,0.1186,0.6517,0.0586,0.0768,0.5691,0.1136,0.1491,0.7342
9,32,2018-10-14 23:00:00,24,0.0873,0.1189,0.6499,0.0598,0.0775,0.5488,0.1148,0.1492,0.7509
10,33,2018-10-15 00:00:00,24,0.0826,0.1121,0.6903,0.057,0.073,0.5627,0.1081,0.1407,0.8179
11,34,2018-10-15 01:00:00,24,0.0787,0.1058,0.7083,0.0588,0.0742,0.5401,0.0986,0.1299,0.8766
12,35,2018-10-15 02:00:00,24,0.0773,0.1038,0.7065,0.0569,0.0703,0.5168,0.0977,0.1289,0.8961
13,36,2018-10-15 03:00:00,24,0.0782,0.1043,0.6232,0.0623,0.0758,0.3312,0.0942,0.1266,0.9153
14,37,2018-10-15 04:00:00,24,0.0768,0.1026,0.5749,0.063,0.0759,0.2212,0.0905,0.1236,0.9286
15,38,2018-10-15 05:00:00,24,0.0836,0.1089,0.3871,0.0687,0.0826,-0.1527,0.0985,0.13,0.9269
16,39,2018-10-15 06:00:00,24,0.0833,0.1086,0.369,0.0674,0.0814,-0.192,0.0991,0.1303,0.93
17,40,2018-10-15 07:00:00,24,0.0802,0.1072,0.4014,0.0644,0.0796,-0.1319,0.0959,0.1291,0.9348
18,41,2018-10-15 08:00:00,24,0.0887,0.1218,0.275,0.0808,0.1138,-0.3873,0.0967,0.1292,0.9373
19,42,2018-10-15 09:00:00,24,0.0959,0.129,0.0961,0.0924,0.1276,-0.7462,0.0993,0.1304,0.9384
20,43,2018-10-15 10:00:00,24,0.0943,0.1281,0.1767,0.0894,0.1258,-0.5861,0.0991,0.1303,0.9395
21,44,2018-10-15 11:00:00,24,0.0995,0.1347,0.0323,0.099,0.1384,-0.8733,0.1,0.131,0.9379
22,45,2018-10-15 12:00:00,24,0.0985,0.1333,0.057,0.1014,0.1401,-0.8241,0.0956,0.1262,0.9381
23,46,2018-10-15 13:00:00,24,0.1056,0.1386,0.172,0.1069,0.1431,-0.5795,0.1043,0.1339,0.9236
24,47,2018-10-15 14:00:00,24,0.1221,0.1716,0.4779,0.1298,0.1924,0.0538,0.1145,0.1479,0.9021
25,48,2018-10-15 15:00:00,24,0.1287,0.1782,0.6717,0.1342,0.1955,0.4552,0.1232,0.159,0.8882
26,49,2018-10-15 16:00:00,24,0.1368,0.1849,0.6926,0.1412,0.2015,0.4959,0.1325,0.1667,0.8892
27,50,2018-10-15 17:00:00,24,0.1422,0.1875,0.7179,0.1452,0.203,0.5307,0.1392,0.1706,0.9051
28,51,2018-10-15 18:00:00,24,0.1483,0.1961,0.7408,0.1561,0.2176,0.5526,0.1406,0.1719,0.929
29,52,2018-10-15 19:00:00,24,0.1444,0.1906,0.7663,0.1577,0.2182,0.5767,0.131,0.1582,0.956
30,53,2018-10-15 20:00:00,24,0.1419,0.189,0.7758,0.1584,0.2183,0.5839,0.1253,0.1542,0.9677
31,54,2018-10-15 21:00:00,24,0.1446,0.1907,0.7814,0.1617,0.2191,0.5892,0.1275,0.1573,0.9736
32,55,2018-10-15 22:00:00,24,0.1465,0.1922,0.7868,0.1636,0.2194,0.5957,0.1295,0.1603,0.978
33,56,2018-10-15 23:00:00,24,0.1497,0.195,0.7881,0.1614,0.2191,0.5959,0.138,0.1674,0.9804
34,57,2018-10-16 00:00:00,24,0.1528,0.1984,0.7836,0.16,0.2186,0.5853,0.1455,0.1759,0.9818
35,58,2018-10-16 01:00:00,24,0.1593,0.2038,0.7795,0.1617,0.2193,0.5764,0.1569,0.1869,0.9825
36,59,2018-10-16 02:00:00,24,0.1576,0.203,0.7787,0.1589,0.2181,0.5728,0.1563,0.1865,0.9846
37,60,2018-10-16 03:00:00,24,0.1554,0.202,0.7743,0.1543,0.2164,0.5629,0.1564,0.1866,0.9858
38,61,2018-10-16 04:00:00,24,0.1553,0.202,0.7678,0.1539,0.2163,0.549,0.1567,0.1866,0.9865
39,62,2018-10-16 05:00:00,24,0.1511,0.1996,0.7621,0.1482,0.2139,0.537,0.1539,0.1842,0.9872
40,63,2018-10-16 06:00:00,24,0.1512,0.1996,0.7485,0.1484,0.2139,0.5098,0.154,0.1842,0.9872
41,64,2018-10-16 07:00:00,24,0.1538,0.2002,0.7327,0.1501,0.2142,0.4786,0.1575,0.1852,0.9869
42,65,2018-10-16 08:00:00,24,0.153,0.1989,0.6767,0.1488,0.2118,0.3672,0.1571,0.1852,0.9862
43,66,2018-10-16 09:00:00,24,0.1482,0.1949,0.6543,0.1411,0.2048,0.3236,0.1552,0.1845,0.9851
44,67,2018-10-16 10:00:00,24,0.1539,0.1976,0.5649,0.1467,0.2077,0.1473,0.1611,0.1869,0.9826
45,68,2018-10-16 11:00:00,24,0.1535,0.1998,0.4975,0.1501,0.213,0.0152,0.1569,0.1857,0.9798
46,69,2018-10-16 12:00:00,24,0.1532,0.1997,0.4578,0.1483,0.2121,-0.0594,0.158,0.1864,0.9751
47,70,2018-10-16 13:00:00,24,0.1519,0.1985,0.4519,0.1476,0.2117,-0.0655,0.1562,0.1844,0.9693
48,71,2018-10-16 14:00:00,24,0.1371,0.1718,0.5945,0.1259,0.1688,0.2238,0.1484,0.1747,0.9652
49,72,2018-10-16 15:00:00,24,0.1316,0.1656,0.4853,0.123,0.1661,0.0104,0.1402,0.165,0.9602
50,73,2018-10-16 16:00:00,24,0.1258,0.1596,0.5491,0.1146,0.1582,0.1485,0.1371,0.161,0.9497
51,74,2018-10-16 17:00:00,24,0.1234,0.1577,0.5529,0.1134,0.1573,0.172,0.1335,0.158,0.9338
52,75,2018-10-16 18:00:00,24,0.121,0.1523,0.4723,0.1091,0.1472,0.0347,0.1328,0.1573,0.91
53,76,2018-10-16 19:00:00,24,0.1239,0.155,0.3721,0.1125,0.1502,-0.1236,0.1353,0.1596,0.8679
54,77,2018-10-16 20:00:00,24,0.1248,0.1554,0.33,0.112,0.1501,-0.1318,0.1375,0.1605,0.7917
55,78,2018-10-16 21:00:00,24,0.1244,0.1544,0.2369,0.1159,0.1537,-0.2314,0.1328,0.1551,0.7053
56,79,2018-10-16 22:00:00,24,0.1217,0.1508,0.2245,0.1154,0.1535,-0.2481,0.1279,0.1482,0.6972
57,80,2018-10-16 23:00:00,24,0.1202,0.1481,0.27,0.1173,0.1539,-0.2208,0.123,0.1421,0.7608
58,81,2018-10-17 00:00:00,24,0.1161,0.1431,0.3459,0.1162,0.1536,-0.1476,0.1159,0.1318,0.8394
59,82,2018-10-17 01:00:00,24,0.11,0.1356,0.384,0.1137,0.1523,-0.128,0.1063,0.1165,0.8959
60,83,2018-10-17 02:00:00,24,0.1111,0.1376,0.3921,0.1121,0.1519,-0.1195,0.1102,0.1216,0.9037
61,84,2018-10-17 03:00:00,24,0.1118,0.1379,0.3967,0.1123,0.152,-0.1212,0.1113,0.1222,0.9146
62,85,2018-10-17 04:00:00,24,0.1119,0.1378,0.4037,0.1138,0.1523,-0.113,0.1099,0.1217,0.9203
63,86,2018-10-17 05:00:00,24,0.1123,0.1377,0.4033,0.1158,0.1529,-0.1187,0.1088,0.1206,0.9252
64,87,2018-10-17 06:00:00,24,0.1127,0.1379,0.4013,0.1165,0.1532,-0.1231,0.109,0.1207,0.9258
65,88,2018-10-17 07:00:00,24,0.1124,0.1378,0.4002,0.116,0.1531,-0.125,0.1089,0.1207,0.9254
66,89,2018-10-17 08:00:00,24,0.1126,0.1334,0.4132,0.1092,0.1399,-0.0937,0.1159,0.1265,0.9201
67,90,2018-10-17 09:00:00,24,0.1186,0.1416,0.4054,0.1092,0.1398,-0.0969,0.128,0.1434,0.9078
68,91,2018-10-17 10:00:00,24,0.1174,0.1404,0.4843,0.1069,0.1374,0.0499,0.1279,0.1433,0.9186
69,92,2018-10-17 11:00:00,24,0.1182,0.1364,0.5786,0.1004,0.1229,0.2335,0.1361,0.1487,0.9237
70,93,2018-10-17 12:00:00,24,0.1227,0.1428,0.4732,0.1098,0.137,0.016,0.1356,0.1483,0.9305
71,94,2018-10-17 13:00:00,24,0.1222,0.1426,0.414,0.1125,0.1401,-0.1071,0.1318,0.145,0.935
72,95,2018-10-17 14:00:00,24,0.1213,0.1431,0.3816,0.1158,0.1436,-0.1701,0.1269,0.1426,0.9333
73,96,2018-10-17 15:00:00,24,0.1206,0.1426,0.395,0.1143,0.1426,-0.1372,0.127,0.1427,0.9272
74,97,2018-10-17 16:00:00,24,0.1226,0.145,0.2625,0.1221,0.1505,-0.3982,0.123,0.1392,0.9232
75,98,2018-10-17 17:00:00,24,0.1238,0.1476,0.1968,0.128,0.1568,-0.5186,0.1195,0.1379,0.9121
76,99,2018-10-17 18:00:00,24,0.1168,0.1394,0.3093,0.1175,0.1439,-0.2831,0.1161,0.1348,0.9017
77,100,2018-10-17 19:00:00,24,0.1121,0.1355,0.3223,0.1145,0.141,-0.252,0.1097,0.1298,0.8965
78,101,2018-10-17 20:00:00,24,0.114,0.1377,0.3122,0.1142,0.1409,-0.2534,0.1139,0.1344,0.8778
79,102,2018-10-17 21:00:00,24,0.1146,0.1388,0.2777,0.116,0.1435,-0.3118,0.1133,0.1339,0.8672
80,103,2018-10-17 22:00:00,24,0.1197,0.1442,0.2385,0.1226,0.1493,-0.3768,0.1167,0.1389,0.8538
81,104,2018-10-17 23:00:00,24,0.1257,0.1548,0.1667,0.1372,0.1704,-0.5156,0.1143,0.1373,0.849
82,105,2018-10-18 00:00:00,24,0.1341,0.167,-0.0399,0.1545,0.1924,-0.9257,0.1138,0.1369,0.8459
83,106,2018-10-18 01:00:00,24,0.1382,0.1709,-0.02,0.1553,0.1927,-0.8711,0.1211,0.1458,0.8311
84,107,2018-10-18 02:00:00,24,0.1379,0.1697,0.0658,0.1578,0.1933,-0.7192,0.118,0.1421,0.8507
85,108,2018-10-18 03:00:00,24,0.1409,0.1726,0.0116,0.1661,0.199,-0.835,0.1157,0.1414,0.8582
86,109,2018-10-18 04:00:00,24,0.1461,0.1762,0.0224,0.1738,0.2045,-0.8074,0.1183,0.1425,0.8522
87,110,2018-10-18 05:00:00,24,0.1444,0.1756,0.0978,0.1731,0.2043,-0.6422,0.1158,0.1412,0.8378
88,111,2018-10-18 06:00:00,24,0.1443,0.1755,0.137,0.1731,0.2043,-0.5217,0.1154,0.141,0.7956
89,112,2018-10-18 07:00:00,24,0.1454,0.1761,0.1548,0.1738,0.2045,-0.4194,0.117,0.1422,0.729
90,113,2018-10-18 08:00:00,24,0.1482,0.1809,0.3386,0.1805,0.2136,-0.0061,0.1158,0.1408,0.6834
91,114,2018-10-18 09:00:00,24,0.1464,0.1774,0.4227,0.1843,0.2161,0.0936,0.1085,0.1275,0.7518
92,115,2018-10-18 10:00:00,24,0.1479,0.1789,0.5171,0.1883,0.2191,0.2531,0.1075,0.1264,0.7811
93,116,2018-10-18 11:00:00,24,0.1513,0.1862,0.4855,0.1977,0.2329,0.1659,0.1048,0.1229,0.8051
94,117,2018-10-18 12:00:00,24,0.1508,0.1852,0.486,0.1898,0.2255,0.2079,0.1118,0.1331,0.7641
95,118,2018-10-18 13:00:00,24,0.1516,0.1862,0.4587,0.1852,0.2227,0.1967,0.118,0.1404,0.7207
96,119,2018-10-18 14:00:00,24,0.1524,0.1857,0.4605,0.1827,0.2208,0.2114,0.122,0.142,0.7095
97,120,2018-10-18 15:00:00,24,0.1606,0.198,0.4953,0.1994,0.2413,0.2684,0.1219,0.1419,0.7222
98,121,2018-10-18 16:00:00,24,0.1675,0.2128,0.4361,0.214,0.2656,0.1169,0.1209,0.1415,0.7553
99,122,2018-10-18 17:00:00,24,0.1765,0.2255,0.3671,0.2274,0.2847,-0.0599,0.1256,0.1437,0.7941
100,123,2018-10-18 18:00:00,24,0.1782,0.2264,0.3944,0.2314,0.2862,-0.0543,0.1251,0.1434,0.8432
101,124,2018-10-18 19:00:00,24,0.1773,0.2262,0.4129,0.2305,0.2859,-0.049,0.1242,0.1433,0.8748
102,125,2018-10-18 20:00:00,24,0.1774,0.2255,0.4234,0.2337,0.2866,-0.0596,0.1211,0.1399,0.9064
103,126,2018-10-18 21:00:00,24,0.177,0.2252,0.4272,0.2332,0.2862,-0.0723,0.1209,0.1397,0.9268
104,127,2018-10-18 22:00:00,24,0.1713,0.2216,0.4231,0.2308,0.2847,-0.1016,0.1118,0.1308,0.9477
105,128,2018-10-18 23:00:00,24,0.1636,0.2137,0.4889,0.2161,0.2726,0.0215,0.1111,0.1306,0.9564
106,129,2018-10-19 00:00:00,24,0.1663,0.2173,0.4641,0.2185,0.2766,-0.0334,0.1142,0.1338,0.9616
107,130,2018-10-19 01:00:00,24,0.1636,0.2148,0.4416,0.2188,0.2767,-0.0865,0.1084,0.1253,0.9697
108,131,2018-10-19 02:00:00,24,0.1662,0.2172,0.3539,0.2264,0.2813,-0.2652,0.1059,0.1233,0.973
109,132,2018-10-19 03:00:00,24,0.167,0.2183,0.3497,0.2283,0.283,-0.2753,0.1057,0.1233,0.9747
110,133,2018-10-19 04:00:00,24,0.1656,0.2169,0.4155,0.2232,0.2799,-0.1433,0.1079,0.1254,0.9743
111,134,2018-10-19 05:00:00,24,0.1689,0.2189,0.4177,0.2299,0.2831,-0.1388,0.108,0.1254,0.9743
112,135,2018-10-19 06:00:00,24,0.1692,0.2192,0.4216,0.2314,0.2837,-0.1309,0.1069,0.1249,0.9742
113,136,2018-10-19 07:00:00,24,0.1713,0.2206,0.417,0.2324,0.2839,-0.137,0.1103,0.1294,0.9711
114,137,2018-10-19 08:00:00,24,0.17,0.221,0.3665,0.234,0.2861,-0.2374,0.106,0.1257,0.9704
115,138,2018-10-19 09:00:00,24,0.1688,0.2201,0.3628,0.2319,0.2849,-0.2399,0.1058,0.1255,0.9656
116,139,2018-10-19 10:00:00,24,0.1661,0.2186,0.2908,0.2248,0.2817,-0.3737,0.1074,0.1273,0.9553
117,140,2018-10-19 11:00:00,24,0.1595,0.2109,0.3341,0.216,0.271,-0.2757,0.103,0.1246,0.944
118,141,2018-10-19 12:00:00,24,0.161,0.2155,0.3245,0.2287,0.2834,-0.2927,0.0932,0.112,0.9417
119,142,2018-10-19 13:00:00,24,0.1665,0.2209,0.2907,0.2348,0.2867,-0.328,0.0981,0.1241,0.9094
120,143,2018-10-19 14:00:00,24,0.1743,0.2289,0.308,0.2454,0.2961,-0.2574,0.1032,0.1308,0.8734
121,144,2018-10-19 15:00:00,24,0.1756,0.2295,0.3526,0.2451,0.2957,-0.1446,0.106,0.1337,0.8497
122,145,2018-10-19 16:00:00,24,0.1671,0.2147,0.5246,0.222,0.2698,0.2156,0.1122,0.1393,0.8336
123,146,2018-10-19 17:00:00,24,0.1576,0.1999,0.6507,0.2019,0.2453,0.4412,0.1134,0.1405,0.8601
124,147,2018-10-19 18:00:00,24,0.1564,0.1992,0.6929,0.1977,0.2435,0.496,0.1151,0.1417,0.8899
125,148,2018-10-19 19:00:00,24,0.1558,0.1989,0.7163,0.1953,0.243,0.5203,0.1162,0.1418,0.9123
126,149,2018-10-19 20:00:00,24,0.1539,0.1982,0.7274,0.1921,0.2421,0.5277,0.1157,0.1413,0.927
127,150,2018-10-19 21:00:00,24,0.1492,0.1956,0.7442,0.1866,0.2388,0.5487,0.1118,0.1397,0.9397
128,151,2018-10-19 22:00:00,24,0.1508,0.1964,0.7556,0.1835,0.2372,0.5644,0.1182,0.1443,0.9467
129,152,2018-10-19 23:00:00,24,0.1527,0.1973,0.765,0.1873,0.2389,0.5756,0.1181,0.1443,0.9544
130,153,2018-10-20 00:00:00,24,0.1433,0.1836,0.7994,0.1701,0.2171,0.639,0.1166,0.1426,0.9599
131,154,2018-10-20 01:00:00,24,0.1407,0.1826,0.7928,0.1687,0.2166,0.6216,0.1126,0.1406,0.9639
132,155,2018-10-20 02:00:00,24,0.1355,0.1788,0.8064,0.1611,0.2106,0.646,0.1098,0.1399,0.9668
133,156,2018-10-20 03:00:00,24,0.1306,0.1743,0.8256,0.1505,0.2028,0.6828,0.1108,0.1401,0.9684
134,157,2018-10-20 04:00:00,24,0.1256,0.1722,0.8347,0.1458,0.2015,0.6986,0.1055,0.1369,0.9709
135,158,2018-10-20 05:00:00,24,0.1229,0.1699,0.8431,0.1384,0.1967,0.7153,0.1074,0.1378,0.9709
136,159,2018-10-20 06:00:00,24,0.1204,0.1689,0.8436,0.1349,0.1954,0.7162,0.106,0.1375,0.9709
137,160,2018-10-20 07:00:00,24,0.1165,0.1663,0.8393,0.1319,0.1946,0.7067,0.1011,0.1321,0.972
138,161,2018-10-20 08:00:00,24,0.1209,0.17,0.7976,0.1301,0.1911,0.6322,0.1116,0.1458,0.9631
139,162,2018-10-20 09:00:00,24,0.1263,0.1796,0.7376,0.129,0.1904,0.5295,0.1235,0.1681,0.9457
140,163,2018-10-20 10:00:00,24,0.1275,0.18,0.5967,0.1326,0.192,0.2559,0.1224,0.1672,0.9376
141,164,2018-10-20 11:00:00,24,0.1304,0.1824,0.4799,0.1273,0.1873,0.0405,0.1335,0.1773,0.9193
142,165,2018-10-20 12:00:00,24,0.1304,0.1791,0.4924,0.1232,0.179,0.0764,0.1377,0.1793,0.9083
143,166,2018-10-20 13:00:00,24,0.1233,0.1713,0.3487,0.1225,0.1781,-0.2228,0.1242,0.1643,0.9202
144,167,2018-10-20 14:00:00,24,0.1177,0.1629,0.4849,0.116,0.1665,0.0455,0.1194,0.1593,0.9243
145,168,2018-10-20 15:00:00,24,0.1114,0.151,0.6559,0.1071,0.1454,0.3849,0.1157,0.1564,0.9269
146,169,2018-10-20 16:00:00,24,0.1089,0.1486,0.6781,0.108,0.1456,0.4245,0.1098,0.1515,0.9316
147,170,2018-10-20 17:00:00,24,0.1087,0.1484,0.6965,0.1108,0.1477,0.459,0.1067,0.149,0.9341
148,171,2018-10-20 18:00:00,24,0.1127,0.153,0.7109,0.1199,0.1576,0.4873,0.1054,0.1482,0.9345
149,172,2018-10-20 19:00:00,24,0.1145,0.1538,0.7318,0.1237,0.1592,0.5297,0.1052,0.1482,0.934
150,173,2018-10-20 20:00:00,24,0.1192,0.1575,0.7411,0.1286,0.1617,0.552,0.1099,0.1531,0.9302
151,174,2018-10-20 21:00:00,24,0.1213,0.1583,0.7492,0.13,0.1626,0.5669,0.1125,0.1539,0.9315
152,175,2018-10-20 22:00:00,24,0.1208,0.1576,0.758,0.131,0.1631,0.5833,0.1105,0.1519,0.9327
153,176,2018-10-20 23:00:00,24,0.1198,0.157,0.7744,0.126,0.1604,0.617,0.1136,0.1534,0.9318
154,177,2018-10-21 00:00:00,24,0.117,0.1557,0.7863,0.1262,0.1606,0.6361,0.1078,0.1507,0.9366
155,178,2018-10-21 01:00:00,24,0.1189,0.1566,0.794,0.1261,0.1605,0.6513,0.1118,0.1526,0.9366
156,179,2018-10-21 02:00:00,24,0.1219,0.1583,0.798,0.1253,0.1602,0.6617,0.1186,0.1563,0.9342
157,180,2018-10-21 03:00:00,24,0.127,0.1617,0.7983,0.1281,0.1612,0.6673,0.1259,0.1622,0.9292
158,181,2018-10-21 04:00:00,24,0.1287,0.1621,0.7988,0.129,0.1613,0.6694,0.1283,0.1629,0.9282
159,182,2018-10-21 05:00:00,24,0.1314,0.1642,0.7937,0.13,0.1616,0.6636,0.1327,0.1667,0.9238
160,183,2018-10-21 06:00:00,24,0.132,0.1643,0.7909,0.13,0.1616,0.6591,0.1339,0.1669,0.9227
161,184,2018-10-21 07:00:00,24,0.1327,0.1643,0.7855,0.1318,0.162,0.649,0.1336,0.1667,0.9221
162,185,2018-10-21 08:00:00,24,0.126,0.1539,0.7873,0.1218,0.1463,0.6472,0.1302,0.1612,0.9274
163,186,2018-10-21 09:00:00,24,0.1239,0.1473,0.7111,0.1291,0.1559,0.4772,0.1187,0.1382,0.9451
164,187,2018-10-21 10:00:00,24,0.129,0.1546,0.6779,0.131,0.1577,0.4254,0.1269,0.1513,0.9305
165,188,2018-10-21 11:00:00,24,0.1329,0.1599,0.6479,0.1367,0.1639,0.3792,0.1291,0.1559,0.9167
166,189,2018-10-21 12:00:00,24,0.1375,0.1678,0.7527,0.1336,0.1583,0.6286,0.1415,0.1769,0.8768
167,190,2018-10-21 13:00:00,24,0.1435,0.1744,0.801,0.1319,0.1562,0.7504,0.155,0.1909,0.8515
168,191,2018-10-21 14:00:00,24,0.148,0.1809,0.8377,0.13,0.1537,0.8214,0.166,0.2046,0.8539
169,192,2018-10-21 15:00:00,24,0.1527,0.1919,0.8198,0.1407,0.1789,0.7601,0.1647,0.2042,0.8796
170,193,2018-10-21 16:00:00,24,0.1535,0.1922,0.8257,0.1419,0.1794,0.7531,0.1651,0.2043,0.8982
171,194,2018-10-21 17:00:00,24,0.1528,0.1918,0.8297,0.1411,0.1788,0.7469,0.1645,0.2041,0.9125
172,195,2018-10-21 18:00:00,24,0.1675,0.2253,0.7911,0.1645,0.241,0.6573,0.1704,0.2084,0.9249
173,196,2018-10-21 19:00:00,24,0.1741,0.2314,0.7993,0.1754,0.2517,0.6642,0.1729,0.2091,0.9343
174,197,2018-10-21 20:00:00,24,0.1773,0.2345,0.7998,0.1821,0.2576,0.6595,0.1726,0.2088,0.9402
175,198,2018-10-21 21:00:00,24,0.1779,0.2348,0.8075,0.1803,0.2569,0.6725,0.1756,0.2104,0.9425
176,199,2018-10-21 22:00:00,24,0.1869,0.2488,0.8063,0.2007,0.2829,0.667,0.1731,0.2092,0.9457
177,200,2018-10-21 23:00:00,24,0.1938,0.2538,0.8062,0.2138,0.2914,0.6642,0.1738,0.2096,0.9481
178,201,2018-10-22 00:00:00,24,0.1961,0.2548,0.8135,0.211,0.2908,0.6774,0.1812,0.2128,0.9495
179,202,2018-10-22 01:00:00,24,0.194,0.2543,0.8186,0.2117,0.291,0.6856,0.1762,0.2114,0.9517
180,203,2018-10-22 02:00:00,24,0.1974,0.2564,0.8206,0.2151,0.2921,0.6898,0.1797,0.2148,0.9514
181,204,2018-10-22 03:00:00,24,0.2005,0.2592,0.8229,0.2249,0.2991,0.6928,0.1761,0.2119,0.9531
182,205,2018-10-22 04:00:00,24,0.205,0.261,0.8307,0.2311,0.3012,0.7092,0.1788,0.2133,0.9522
183,206,2018-10-22 05:00:00,24,0.2013,0.2595,0.8371,0.2314,0.3012,0.7227,0.1712,0.2096,0.9515
184,207,2018-10-22 06:00:00,24,0.2025,0.26,0.8389,0.2305,0.3012,0.7307,0.1746,0.2109,0.947
185,208,2018-10-22 07:00:00,24,0.2065,0.2618,0.8371,0.2352,0.3029,0.7356,0.1779,0.2128,0.9386
186,209,2018-10-22 08:00:00,24,0.2115,0.2665,0.829,0.2459,0.3115,0.7386,0.1771,0.2121,0.9193
187,210,2018-10-22 09:00:00,24,0.2077,0.2643,0.8167,0.2355,0.3061,0.755,0.1799,0.2146,0.8784
188,211,2018-10-22 10:00:00,24,0.1992,0.2591,0.7906,0.2284,0.304,0.7557,0.1699,0.2046,0.8254
189,212,2018-10-22 11:00:00,24,0.191,0.2529,0.7352,0.2242,0.3014,0.7389,0.1579,0.1926,0.7315
190,213,2018-10-22 12:00:00,24,0.1831,0.2445,0.6606,0.222,0.2997,0.6875,0.1441,0.1725,0.6337
191,214,2018-10-22 13:00:00,24,0.1779,0.2397,0.5456,0.2189,0.2984,0.5724,0.1368,0.1608,0.5188
192,215,2018-10-22 14:00:00,24,0.1731,0.2355,0.3998,0.2229,0.3015,0.2161,0.1233,0.1415,0.5834
193,216,2018-10-22 15:00:00,24,0.1745,0.2344,0.3528,0.2208,0.2979,0.1207,0.1282,0.1453,0.585
194,217,2018-10-22 16:00:00,24,0.1754,0.2348,0.2656,0.2222,0.2984,-0.1136,0.1286,0.1455,0.6447
195,218,2018-10-22 17:00:00,24,0.1794,0.2398,0.292,0.2324,0.3067,-0.1318,0.1265,0.1449,0.7159
196,219,2018-10-22 18:00:00,24,0.1645,0.2086,0.5523,0.2089,0.2605,0.3206,0.1201,0.1384,0.7841
197,220,2018-10-22 19:00:00,24,0.1646,0.2069,0.588,0.2007,0.2518,0.41,0.1284,0.149,0.7661
198,221,2018-10-22 20:00:00,24,0.1582,0.201,0.6221,0.1928,0.2451,0.4528,0.1236,0.1439,0.7914
199,222,2018-10-22 21:00:00,24,0.1552,0.1998,0.6392,0.1924,0.245,0.4746,0.1179,0.1408,0.8038
200,223,2018-10-22 22:00:00,24,0.1426,0.1807,0.6932,0.1699,0.2137,0.5778,0.1152,0.1401,0.8086
201,224,2018-10-22 23:00:00,24,0.1379,0.1747,0.7203,0.1603,0.2032,0.6208,0.1156,0.1404,0.8199
202,225,2018-10-23 00:00:00,24,0.1391,0.1747,0.734,0.1652,0.2051,0.625,0.113,0.1377,0.8429
203,226,2018-10-23 01:00:00,24,0.1454,0.1818,0.7175,0.1774,0.2171,0.5802,0.1134,0.1377,0.8549
204,227,2018-10-23 02:00:00,24,0.1432,0.1815,0.719,0.1719,0.2152,0.587,0.1145,0.1399,0.851
205,228,2018-10-23 03:00:00,24,0.1407,0.1797,0.7205,0.1597,0.2046,0.6131,0.1218,0.1507,0.8279
206,229,2018-10-23 04:00:00,24,0.1401,0.1808,0.7076,0.1533,0.2016,0.5944,0.1269,0.1574,0.8207
207,230,2018-10-23 05:00:00,24,0.1494,0.1893,0.6894,0.1579,0.2044,0.5594,0.1409,0.1728,0.8193
208,231,2018-10-23 06:00:00,24,0.1538,0.1938,0.6949,0.1589,0.2045,0.5435,0.1487,0.1824,0.8463
209,232,2018-10-23 07:00:00,24,0.1532,0.1939,0.707,0.1548,0.2021,0.5319,0.1516,0.1854,0.8821
210,233,2018-10-23 08:00:00,24,0.1497,0.1886,0.7045,0.1477,0.1916,0.4969,0.1517,0.1855,0.9121
211,234,2018-10-23 09:00:00,24,0.1494,0.1874,0.6562,0.1523,0.1938,0.3779,0.1464,0.1808,0.9345
212,235,2018-10-23 10:00:00,24,0.1559,0.1916,0.5774,0.162,0.1997,0.2126,0.1498,0.1832,0.9422
213,236,2018-10-23 11:00:00,24,0.1645,0.2002,0.5594,0.169,0.2074,0.1778,0.16,0.1927,0.941
214,237,2018-10-23 12:00:00,24,0.1654,0.2012,0.537,0.1708,0.2093,0.1296,0.1601,0.1927,0.9444
215,238,2018-10-23 13:00:00,24,0.1668,0.2021,0.5353,0.1745,0.2117,0.1226,0.1592,0.192,0.9481
216,239,2018-10-23 14:00:00,24,0.1635,0.1988,0.5654,0.1645,0.2039,0.1809,0.1624,0.1935,0.9499
217,240,2018-10-23 15:00:00,24,0.1618,0.1963,0.617,0.163,0.2004,0.2819,0.1606,0.1921,0.9521
218,241,2018-10-23 16:00:00,24,0.1625,0.1979,0.6905,0.1582,0.1988,0.4308,0.1668,0.1969,0.9503
219,242,2018-10-23 17:00:00,24,0.1601,0.1927,0.7487,0.1467,0.1852,0.549,0.1735,0.2,0.9483
220,243,2018-10-23 18:00:00,24,0.1624,0.194,0.7288,0.1449,0.1827,0.5127,0.1799,0.2047,0.9449
221,244,2018-10-23 19:00:00,24,0.161,0.1923,0.7536,0.1442,0.1821,0.5604,0.1778,0.2021,0.9468
222,245,2018-10-23 20:00:00,24,0.1633,0.1941,0.7852,0.144,0.1819,0.6245,0.1826,0.2057,0.9458
223,246,2018-10-23 21:00:00,24,0.165,0.1951,0.7893,0.1474,0.1839,0.6332,0.1826,0.2057,0.9455
224,247,2018-10-23 22:00:00,24,0.1673,0.1957,0.789,0.1491,0.1845,0.6349,0.1855,0.2062,0.943
225,248,2018-10-23 23:00:00,24,0.1664,0.1952,0.7914,0.1477,0.1838,0.6447,0.1851,0.206,0.9382
226,249,2018-10-24 00:00:00,24,0.1674,0.196,0.779,0.1469,0.1833,0.6312,0.1879,0.208,0.9269
227,250,2018-10-24 01:00:00,24,0.1672,0.1933,0.8032,0.1364,0.1697,0.7011,0.1981,0.2142,0.9053
228,251,2018-10-24 02:00:00,24,0.1695,0.1948,0.7985,0.1395,0.1706,0.7086,0.1995,0.2163,0.8884
229,252,2018-10-24 03:00:00,24,0.1674,0.1926,0.801,0.1383,0.1704,0.7191,0.1965,0.2125,0.883
230,253,2018-10-24 04:00:00,24,0.1707,0.1951,0.806,0.1426,0.1722,0.7281,0.1987,0.2155,0.884
231,254,2018-10-24 05:00:00,24,0.1659,0.1898,0.8258,0.1382,0.169,0.7449,0.1936,0.2085,0.9066
232,255,2018-10-24 06:00:00,24,0.1632,0.1857,0.8377,0.1421,0.1709,0.747,0.1842,0.1994,0.9283
233,256,2018-10-24 07:00:00,24,0.1589,0.1827,0.8485,0.141,0.1705,0.7546,0.1768,0.194,0.9424
234,257,2018-10-24 08:00:00,24,0.1544,0.179,0.8651,0.1381,0.1676,0.7789,0.1707,0.1896,0.9514
235,258,2018-10-24 09:00:00,24,0.1545,0.1799,0.863,0.1409,0.1707,0.7695,0.1681,0.1887,0.9566
236,259,2018-10-24 10:00:00,24,0.1494,0.1757,0.8632,0.1345,0.1647,0.7662,0.1642,0.1861,0.9601
237,260,2018-10-24 11:00:00,24,0.1472,0.1759,0.7908,0.1394,0.1752,0.6178,0.1549,0.1765,0.9639
238,261,2018-10-24 12:00:00,24,0.151,0.1808,0.7294,0.1437,0.1822,0.4984,0.1583,0.1793,0.9604
239,262,2018-10-24 13:00:00,24,0.1559,0.1886,0.6485,0.1533,0.1973,0.3402,0.1584,0.1794,0.9568
240,263,2018-10-24 14:00:00,24,0.1546,0.1879,0.6396,0.1533,0.1973,0.3268,0.1559,0.1779,0.9525
241,264,2018-10-24 15:00:00,24,0.1475,0.1785,0.7557,0.143,0.1807,0.5648,0.1519,0.1762,0.9466
242,265,2018-10-24 16:00:00,24,0.1474,0.1772,0.7692,0.146,0.1814,0.5977,0.1487,0.1728,0.9407
243,266,2018-10-24 17:00:00,24,0.1451,0.1757,0.7715,0.1443,0.1807,0.6088,0.146,0.1706,0.9341
244,267,2018-10-24 18:00:00,24,0.1394,0.1708,0.7853,0.1364,0.1747,0.6386,0.1423,0.1667,0.9319
245,268,2018-10-24 19:00:00,24,0.1316,0.1658,0.792,0.1298,0.1716,0.6486,0.1335,0.1597,0.9353
246,269,2018-10-24 20:00:00,24,0.1304,0.1657,0.7864,0.1264,0.1704,0.6397,0.1343,0.1609,0.933
247,270,2018-10-24 21:00:00,24,0.1287,0.1646,0.79,0.1208,0.1677,0.6477,0.1365,0.1614,0.9324
248,271,2018-10-24 22:00:00,24,0.1294,0.1658,0.7834,0.1246,0.1707,0.6332,0.1342,0.1608,0.9336
249,272,2018-10-24 23:00:00,24,0.1259,0.1645,0.7864,0.1228,0.1701,0.636,0.129,0.1586,0.9368
250,273,2018-10-25 00:00:00,24,0.1225,0.1621,0.7934,0.1199,0.1687,0.6438,0.1251,0.1552,0.943
251,274,2018-10-25 01:00:00,24,0.123,0.1628,0.7808,0.127,0.1763,0.6105,0.119,0.148,0.9511
252,275,2018-10-25 02:00:00,24,0.119,0.1581,0.7905,0.1246,0.1756,0.6218,0.1135,0.1384,0.9591
253,276,2018-10-25 03:00:00,24,0.1195,0.1588,0.7936,0.1246,0.1756,0.6286,0.1145,0.1401,0.9586
254,277,2018-10-25 04:00:00,24,0.1153,0.1547,0.7979,0.1199,0.1738,0.634,0.1108,0.1328,0.9619
255,278,2018-10-25 05:00:00,24,0.1141,0.1528,0.8042,0.1223,0.1752,0.6454,0.1059,0.1265,0.9631
256,279,2018-10-25 06:00:00,24,0.1139,0.1528,0.8083,0.1193,0.1735,0.6587,0.1085,0.1288,0.9579
257,280,2018-10-25 07:00:00,24,0.1235,0.1656,0.7995,0.1229,0.1754,0.6641,0.124,0.1552,0.9348
258,281,2018-10-25 08:00:00,24,0.1221,0.1653,0.7953,0.1175,0.1733,0.6575,0.1268,0.1568,0.9331
259,282,2018-10-25 09:00:00,24,0.1197,0.1631,0.8007,0.1133,0.1692,0.6678,0.126,0.1567,0.9337
260,283,2018-10-25 10:00:00,24,0.1203,0.1639,0.7947,0.1166,0.1715,0.6525,0.124,0.156,0.9369
261,284,2018-10-25 11:00:00,24,0.1156,0.1554,0.8278,0.1086,0.1553,0.7149,0.1226,0.1555,0.9407
262,285,2018-10-25 12:00:00,24,0.1098,0.1472,0.8493,0.1007,0.1421,0.7521,0.1189,0.1521,0.9465
263,286,2018-10-25 13:00:00,24,0.1025,0.1356,0.8679,0.0916,0.1211,0.7842,0.1135,0.1487,0.9516
264,287,2018-10-25 14:00:00,24,0.1066,0.1388,0.8485,0.097,0.1259,0.7438,0.1161,0.1506,0.9532
265,288,2018-10-25 15:00:00,24,0.1064,0.138,0.8182,0.0955,0.1239,0.681,0.1172,0.1509,0.9554
266,289,2018-10-25 16:00:00,24,0.1079,0.1399,0.7608,0.101,0.1301,0.5641,0.1149,0.149,0.9575
267,290,2018-10-25 17:00:00,24,0.1092,0.1414,0.7336,0.1004,0.1299,0.5119,0.118,0.1519,0.9552
268,291,2018-10-25 18:00:00,24,0.1063,0.14,0.7051,0.1003,0.1299,0.4553,0.1123,0.1494,0.9549
269,292,2018-10-25 19:00:00,24,0.112,0.1444,0.6502,0.1102,0.1387,0.349,0.1138,0.1498,0.9515
270,293,2018-10-25 20:00:00,24,0.1118,0.1444,0.6405,0.1096,0.1386,0.3316,0.1139,0.1499,0.9494
271,294,2018-10-25 21:00:00,24,0.1128,0.1447,0.6384,0.1127,0.1398,0.3313,0.113,0.1496,0.9454
272,295,2018-10-25 22:00:00,24,0.1091,0.1424,0.6304,0.1054,0.1348,0.3217,0.1127,0.1495,0.9391
273,296,2018-10-25 23:00:00,24,0.1133,0.1444,0.5764,0.108,0.136,0.2261,0.1186,0.1524,0.9266
274,297,2018-10-26 00:00:00,24,0.1143,0.1462,0.4869,0.106,0.1356,0.0691,0.1226,0.1561,0.9048
275,298,2018-10-26 01:00:00,24,0.1131,0.146,0.5256,0.1065,0.1368,0.1715,0.1197,0.1547,0.8796
276,299,2018-10-26 02:00:00,24,0.1142,0.1479,0.5425,0.1062,0.1367,0.2525,0.1223,0.1583,0.8325
277,300,2018-10-26 03:00:00,24,0.1168,0.1503,0.519,0.1092,0.1377,0.2692,0.1243,0.1619,0.7689
278,301,2018-10-26 04:00:00,24,0.1167,0.1486,0.5175,0.1128,0.139,0.3013,0.1206,0.1576,0.7337
279,302,2018-10-26 05:00:00,24,0.1179,0.1499,0.5196,0.1121,0.1385,0.3398,0.1238,0.1606,0.6995
280,303,2018-10-26 06:00:00,24,0.1191,0.1518,0.5464,0.1112,0.1381,0.3717,0.127,0.1643,0.7212
281,304,2018-10-26 07:00:00,24,0.1167,0.1463,0.6194,0.1106,0.1376,0.4094,0.1229,0.1546,0.8294
282,305,2018-10-26 08:00:00,24,0.1207,0.1488,0.6307,0.1164,0.1406,0.3864,0.1249,0.1566,0.8749
283,306,2018-10-26 09:00:00,24,0.1201,0.1483,0.6432,0.115,0.1395,0.3836,0.1253,0.1566,0.9027
284,307,2018-10-26 10:00:00,24,0.1169,0.1465,0.6678,0.1089,0.1358,0.4162,0.1249,0.1566,0.9194
285,308,2018-10-26 11:00:00,24,0.124,0.1565,0.6542,0.1149,0.1486,0.3884,0.1332,0.164,0.9199
286,309,2018-10-26 12:00:00,24,0.1279,0.1606,0.7013,0.1166,0.1505,0.4853,0.1392,0.17,0.9174
287,310,2018-10-26 13:00:00,24,0.1342,0.1673,0.7738,0.1169,0.151,0.6422,0.1514,0.1822,0.9055
288,311,2018-10-26 14:00:00,24,0.1342,0.1691,0.8039,0.1111,0.1469,0.7094,0.1573,0.1887,0.8984
289,312,2018-10-26 15:00:00,24,0.1368,0.1712,0.8233,0.1142,0.1507,0.7481,0.1593,0.1896,0.8986
290,313,2018-10-26 16:00:00,24,0.152,0.1992,0.7398,0.1308,0.1906,0.5937,0.1731,0.2074,0.886
291,314,2018-10-26 17:00:00,24,0.1575,0.2088,0.7051,0.1489,0.2134,0.5142,0.166,0.2041,0.896
292,315,2018-10-26 18:00:00,24,0.1594,0.2096,0.7145,0.1528,0.215,0.5259,0.166,0.2041,0.9031
293,316,2018-10-26 19:00:00,24,0.1562,0.2073,0.7355,0.1437,0.2094,0.564,0.1686,0.2052,0.9071
294,317,2018-10-26 20:00:00,24,0.1547,0.2055,0.7404,0.1456,0.2097,0.5657,0.1639,0.2011,0.9151
295,318,2018-10-26 21:00:00,24,0.154,0.2052,0.7443,0.1438,0.2091,0.5695,0.1643,0.2012,0.9191
296,319,2018-10-26 22:00:00,24,0.155,0.2054,0.7466,0.1458,0.2094,0.5706,0.1642,0.2012,0.9226
297,320,2018-10-26 23:00:00,24,0.1532,0.2047,0.7513,0.1428,0.2086,0.5755,0.1636,0.2008,0.927
298,321,2018-10-27 00:00:00,24,0.1522,0.2034,0.7537,0.1454,0.209,0.5744,0.1589,0.1977,0.933
299,322,2018-10-27 01:00:00,24,0.1543,0.2041,0.7441,0.1448,0.2082,0.5551,0.1638,0.1999,0.9332
300,323,2018-10-27 02:00:00,24,0.1593,0.2116,0.7288,0.1458,0.2084,0.5346,0.1727,0.2149,0.923
301,324,2018-10-27 03:00:00,24,0.1567,0.2084,0.7185,0.1476,0.2092,0.5087,0.1658,0.2077,0.9283
302,325,2018-10-27 04:00:00,24,0.1567,0.2092,0.701,0.1448,0.2084,0.4754,0.1686,0.21,0.9267
303,326,2018-10-27 05:00:00,24,0.1513,0.2068,0.6784,0.1413,0.2072,0.4285,0.1613,0.2065,0.9284
304,327,2018-10-27 06:00:00,24,0.1522,0.2065,0.6394,0.1462,0.2094,0.3506,0.1581,0.2035,0.9281
305,328,2018-10-27 07:00:00,24,0.1452,0.2006,0.5878,0.1438,0.2084,0.2462,0.1466,0.1924,0.9294
306,329,2018-10-27 08:00:00,24,0.1518,0.2083,0.5698,0.1522,0.218,0.2257,0.1513,0.1981,0.9139
307,330,2018-10-27 09:00:00,24,0.1561,0.2109,0.5746,0.1527,0.2182,0.2547,0.1594,0.2033,0.8944
308,331,2018-10-27 10:00:00,24,0.1634,0.2148,0.528,0.1627,0.2242,0.1821,0.1642,0.2051,0.8739
309,332,2018-10-27 11:00:00,24,0.1543,0.2058,0.5653,0.1523,0.2122,0.2603,0.1563,0.1993,0.8703
310,333,2018-10-27 12:00:00,24,0.1542,0.2093,0.5592,0.1611,0.2242,0.2415,0.1472,0.1932,0.877
311,334,2018-10-27 13:00:00,24,0.1503,0.2054,0.6019,0.1626,0.2257,0.3112,0.138,0.1829,0.8925
312,335,2018-10-27 14:00:00,24,0.1492,0.2032,0.6051,0.1679,0.228,0.3051,0.1305,0.175,0.9052
313,336,2018-10-27 15:00:00,24,0.1496,0.2032,0.5632,0.1654,0.2259,0.2187,0.1337,0.1776,0.9076
314,337,2018-10-27 16:00:00,24,0.1325,0.1741,0.6853,0.1439,0.1895,0.4413,0.1212,0.1572,0.9293
315,338,2018-10-27 17:00:00,24,0.1287,0.1633,0.7463,0.1291,0.165,0.5661,0.1284,0.1616,0.9264
316,339,2018-10-27 18:00:00,24,0.1319,0.1648,0.7356,0.1292,0.1651,0.5477,0.1346,0.1645,0.9234
317,340,2018-10-27 19:00:00,24,0.1376,0.173,0.6936,0.1443,0.1826,0.4648,0.1309,0.1628,0.9224
318,341,2018-10-27 20:00:00,24,0.1412,0.1766,0.6901,0.1453,0.183,0.4706,0.1372,0.17,0.9096
319,342,2018-10-27 21:00:00,24,0.1552,0.1938,0.6516,0.1556,0.1921,0.4298,0.1548,0.1954,0.8734
320,343,2018-10-27 22:00:00,24,0.1617,0.1985,0.6452,0.1571,0.1926,0.4308,0.1664,0.2043,0.8596
321,344,2018-10-27 23:00:00,24,0.1625,0.1989,0.6428,0.1577,0.1927,0.4315,0.1673,0.2049,0.8541
322,345,2018-10-28 00:00:00,24,0.1633,0.1993,0.6362,0.1597,0.1937,0.4253,0.1669,0.2048,0.8471
323,346,2018-10-28 01:00:00,24,0.157,0.1946,0.6481,0.1503,0.1859,0.4497,0.1637,0.203,0.8465
324,347,2018-10-28 02:00:00,24,0.1478,0.1832,0.6508,0.1492,0.1857,0.412,0.1465,0.1806,0.8897
325,348,2018-10-28 03:00:00,24,0.1454,0.1818,0.6542,0.1475,0.1848,0.4068,0.1432,0.1788,0.9015
326,349,2018-10-28 04:00:00,24,0.1421,0.1796,0.6565,0.1472,0.1848,0.3998,0.137,0.1743,0.9131
327,350,2018-10-28 05:00:00,24,0.1419,0.1796,0.6573,0.1462,0.1847,0.3965,0.1376,0.1743,0.9182
328,351,2018-10-28 06:00:00,24,0.1396,0.1781,0.6612,0.1452,0.184,0.3981,0.134,0.1721,0.9244
329,352,2018-10-28 07:00:00,24,0.1411,0.1792,0.6552,0.1491,0.1862,0.383,0.1331,0.1719,0.9274
330,353,2018-10-28 08:00:00,24,0.1307,0.1676,0.6543,0.1369,0.1727,0.3731,0.1245,0.1623,0.9355
331,354,2018-10-28 09:00:00,24,0.1276,0.1652,0.6158,0.1339,0.1716,0.2945,0.1213,0.1585,0.9371
332,355,2018-10-28 10:00:00,24,0.1266,0.1637,0.6348,0.1306,0.1675,0.3368,0.1225,0.1597,0.9328
333,356,2018-10-28 11:00:00,24,0.1256,0.1631,0.6569,0.127,0.1656,0.387,0.1243,0.1606,0.9269
334,357,2018-10-28 12:00:00,24,0.122,0.1545,0.7274,0.1141,0.1449,0.5381,0.1299,0.1636,0.9167
335,358,2018-10-28 13:00:00,24,0.1214,0.1533,0.7496,0.1108,0.1402,0.5895,0.1321,0.1653,0.9098
336,359,2018-10-28 14:00:00,24,0.1238,0.1556,0.7535,0.111,0.1405,0.6033,0.1366,0.1694,0.9037
337,360,2018-10-28 15:00:00,24,0.1245,0.1595,0.7141,0.1184,0.1533,0.5246,0.1307,0.1655,0.9035
338,361,2018-10-28 16:00:00,24,0.1267,0.1614,0.7054,0.12,0.1544,0.5221,0.1334,0.1681,0.8886
339,362,2018-10-28 17:00:00,24,0.1233,0.159,0.7088,0.1188,0.1536,0.547,0.1278,0.1642,0.8706
340,363,2018-10-28 18:00:00,24,0.1179,0.1563,0.6946,0.1137,0.1512,0.5696,0.1221,0.1613,0.8196
341,364,2018-10-28 19:00:00,24,0.1106,0.1464,0.6819,0.0981,0.1294,0.6743,0.123,0.1615,0.6895
342,365,2018-10-28 20:00:00,24,0.109,0.144,0.5864,0.098,0.1294,0.6728,0.12,0.1572,0.5
343,366,2018-10-28 21:00:00,24,0.0951,0.1201,0.6727,0.0893,0.1162,0.7247,0.1009,0.1238,0.6206
344,367,2018-10-28 22:00:00,24,0.0874,0.1117,0.714,0.0858,0.1147,0.7233,0.089,0.1086,0.7047
345,368,2018-10-28 23:00:00,24,0.0845,0.1096,0.7247,0.0857,0.1147,0.7186,0.0832,0.1043,0.7309
346,369,2018-10-29 00:00:00,24,0.0827,0.1084,0.7297,0.0836,0.1131,0.7245,0.0817,0.1035,0.735
347,370,2018-10-29 01:00:00,24,0.0823,0.1085,0.7307,0.0857,0.1143,0.7183,0.0789,0.1024,0.743
348,371,2018-10-29 02:00:00,24,0.083,0.109,0.7296,0.0884,0.1154,0.712,0.0775,0.1021,0.7472
349,372,2018-10-29 03:00:00,24,0.0838,0.1096,0.7215,0.0897,0.1165,0.7005,0.0779,0.1023,0.7424
350,373,2018-10-29 04:00:00,24,0.0874,0.1125,0.7063,0.0955,0.121,0.6778,0.0793,0.1033,0.7349
351,374,2018-10-29 05:00:00,24,0.0958,0.1215,0.6639,0.1068,0.1336,0.6162,0.0847,0.1081,0.7117
352,375,2018-10-29 06:00:00,24,0.0986,0.1251,0.648,0.111,0.1391,0.5937,0.0863,0.1092,0.7023
353,376,2018-10-29 07:00:00,24,0.0992,0.1266,0.654,0.1132,0.142,0.5915,0.0852,0.109,0.7166
354,377,2018-10-29 08:00:00,24,0.1067,0.1404,0.6296,0.1288,0.1661,0.5617,0.0847,0.1087,0.6974
355,378,2018-10-29 09:00:00,24,0.1074,0.1409,0.6807,0.1291,0.1661,0.6221,0.0856,0.11,0.7393
356,379,2018-10-29 10:00:00,24,0.1072,0.1418,0.7423,0.1251,0.1631,0.6797,0.0892,0.1167,0.8049
357,380,2018-10-29 11:00:00,24,0.1137,0.1508,0.7336,0.1382,0.1784,0.6001,0.0893,0.1167,0.8671
358,381,2018-10-29 12:00:00,24,0.1152,0.1538,0.6995,0.1457,0.186,0.497,0.0847,0.1127,0.9021
359,382,2018-10-29 13:00:00,24,0.1117,0.1518,0.5888,0.1448,0.1853,0.253,0.0786,0.1084,0.9246
360,383,2018-10-29 14:00:00,24,0.1104,0.1508,0.4807,0.1468,0.1874,0.0238,0.074,0.1017,0.9376
361,384,2018-10-29 15:00:00,24,0.107,0.1442,0.5243,0.1382,0.1761,0.1122,0.0758,0.1027,0.9363
362,385,2018-10-29 16:00:00,24,0.1033,0.1411,0.5454,0.1353,0.1745,0.1459,0.0714,0.0968,0.9448
363,386,2018-10-29 17:00:00,24,0.107,0.1447,0.5266,0.1412,0.1797,0.1096,0.0728,0.0977,0.9435
364,387,2018-10-29 18:00:00,24,0.1103,0.1468,0.5444,0.1412,0.1797,0.1515,0.0794,0.1039,0.9374
365,388,2018-10-29 19:00:00,24,0.119,0.1568,0.5723,0.1455,0.1812,0.2308,0.0925,0.1277,0.9139
366,389,2018-10-29 20:00:00,24,0.1171,0.155,0.6164,0.1448,0.1809,0.3073,0.0895,0.1238,0.9255
367,390,2018-10-29 21:00:00,24,0.1172,0.155,0.6352,0.1421,0.1802,0.3423,0.0922,0.1249,0.9281
368,391,2018-10-29 22:00:00,24,0.1218,0.1572,0.6381,0.1449,0.1809,0.3526,0.0987,0.1292,0.9235
369,392,2018-10-29 23:00:00,24,0.1261,0.1596,0.6365,0.1465,0.1813,0.3599,0.1058,0.1343,0.9131
370,393,2018-10-30 00:00:00,24,0.1264,0.1599,0.6134,0.1479,0.182,0.3188,0.105,0.1342,0.9079
371,394,2018-10-30 01:00:00,24,0.1263,0.1596,0.5957,0.1464,0.1814,0.2918,0.1061,0.1343,0.8996
372,395,2018-10-30 02:00:00,24,0.1258,0.1593,0.573,0.1447,0.1808,0.2544,0.1068,0.1344,0.8916
373,396,2018-10-30 03:00:00,24,0.1234,0.1584,0.554,0.1402,0.1794,0.2272,0.1065,0.1343,0.8809
374,397,2018-10-30 04:00:00,24,0.1229,0.1588,0.5406,0.1348,0.1764,0.2219,0.1111,0.139,0.8593
375,398,2018-10-30 05:00:00,24,0.1142,0.152,0.5708,0.1236,0.1671,0.2937,0.1047,0.1352,0.8478
376,399,2018-10-30 06:00:00,24,0.1088,0.1479,0.586,0.1169,0.1609,0.3447,0.1007,0.1337,0.8273
377,400,2018-10-30 07:00:00,24,0.1052,0.1449,0.601,0.1089,0.1553,0.3926,0.1016,0.1338,0.8095
378,401,2018-10-30 08:00:00,24,0.1046,0.1453,0.616,0.1094,0.1566,0.4491,0.0998,0.1331,0.7829
379,402,2018-10-30 09:00:00,24,0.1103,0.1513,0.5924,0.1175,0.1632,0.3989,0.1032,0.1383,0.7858
380,403,2018-10-30 10:00:00,24,0.1055,0.1469,0.6156,0.115,0.1625,0.3869,0.096,0.1295,0.8443
381,404,2018-10-30 11:00:00,24,0.1068,0.1534,0.593,0.1201,0.1749,0.3218,0.0936,0.1282,0.8642
382,405,2018-10-30 12:00:00,24,0.111,0.1578,0.6177,0.1221,0.1785,0.382,0.0998,0.1339,0.8533
383,406,2018-10-30 13:00:00,24,0.1128,0.1585,0.6402,0.1194,0.1768,0.4418,0.1062,0.1377,0.8386
384,407,2018-10-30 14:00:00,24,0.1216,0.1742,0.6483,0.1314,0.1998,0.4904,0.1118,0.1441,0.8061
385,408,2018-10-30 15:00:00,24,0.1346,0.1969,0.514,0.1515,0.2346,0.2763,0.1176,0.1501,0.7517
386,409,2018-10-30 16:00:00,24,0.1373,0.1993,0.4585,0.1509,0.2345,0.2392,0.1238,0.1564,0.6778
387,410,2018-10-30 17:00:00,24,0.137,0.1991,0.4239,0.1444,0.2303,0.2736,0.1297,0.1621,0.5742
388,411,2018-10-30 18:00:00,24,0.1472,0.2098,0.3484,0.1615,0.2458,0.1965,0.1329,0.1662,0.5002
389,412,2018-10-30 19:00:00,24,0.1458,0.2068,0.3956,0.1668,0.2496,0.1559,0.1248,0.1524,0.6354
390,413,2018-10-30 20:00:00,24,0.1463,0.2076,0.421,0.1653,0.2494,0.1387,0.1273,0.155,0.7033
391,414,2018-10-30 21:00:00,24,0.1538,0.2124,0.4214,0.174,0.2535,0.1397,0.1335,0.1611,0.703
392,415,2018-10-30 22:00:00,24,0.1546,0.214,0.4229,0.172,0.2531,0.1685,0.1373,0.166,0.6772
393,416,2018-10-30 23:00:00,24,0.1539,0.2133,0.4121,0.1735,0.2537,0.165,0.1343,0.1633,0.6592
394,417,2018-10-31 00:00:00,24,0.1534,0.2132,0.4028,0.1695,0.2529,0.1779,0.1372,0.1642,0.6276
395,418,2018-10-31 01:00:00,24,0.152,0.213,0.3909,0.1673,0.2526,0.1885,0.1368,0.1641,0.5932
396,419,2018-10-31 02:00:00,24,0.1518,0.213,0.3707,0.1661,0.2525,0.1946,0.1375,0.1643,0.5468
397,420,2018-10-31 03:00:00,24,0.1515,0.2129,0.3507,0.1674,0.2526,0.1962,0.1356,0.1638,0.5052
398,421,2018-10-31 04:00:00,24,0.1486,0.2112,0.3667,0.1687,0.2528,0.202,0.1285,0.1589,0.5314
399,422,2018-10-31 05:00:00,24,0.151,0.2116,0.3702,0.1708,0.2531,0.2129,0.1312,0.1595,0.5275
400,423,2018-10-31 06:00:00,24,0.1516,0.2116,0.3725,0.1696,0.2529,0.2231,0.1336,0.16,0.5218
401,424,2018-10-31 07:00:00,24,0.1536,0.212,0.3784,0.1721,0.2533,0.2353,0.1351,0.1604,0.5215
402,425,2018-10-31 08:00:00,24,0.1491,0.2053,0.4101,0.164,0.2421,0.3013,0.1343,0.1603,0.519
403,426,2018-10-31 09:00:00,24,0.1439,0.2008,0.4429,0.1586,0.2385,0.347,0.1292,0.1542,0.5388
404,427,2018-10-31 10:00:00,24,0.1463,0.2017,0.4486,0.1613,0.2391,0.387,0.1312,0.1555,0.5103
405,428,2018-10-31 11:00:00,24,0.1444,0.1958,0.4587,0.1551,0.2284,0.4207,0.1336,0.1566,0.4967
406,429,2018-10-31 12:00:00,24,0.1403,0.193,0.4208,0.1542,0.2272,0.3177,0.1263,0.1514,0.5238
407,430,2018-10-31 13:00:00,24,0.1367,0.1915,0.3771,0.1525,0.2267,0.2146,0.121,0.1481,0.5395
408,431,2018-10-31 14:00:00,24,0.1339,0.1915,0.1343,0.1545,0.2313,-0.2162,0.1133,0.1409,0.4848
409,432,2018-10-31 15:00:00,24,0.1242,0.1708,0.4451,0.1362,0.1974,0.3674,0.1122,0.1391,0.5229
410,433,2018-10-31 16:00:00,24,0.1243,0.1703,0.5934,0.1375,0.1978,0.5085,0.111,0.1373,0.6784
411,434,2018-10-31 17:00:00,24,0.1221,0.168,0.6765,0.1387,0.1983,0.5465,0.1055,0.1308,0.8065
412,435,2018-10-31 18:00:00,24,0.1084,0.1524,0.757,0.1213,0.1787,0.6363,0.0956,0.1204,0.8778
413,436,2018-10-31 19:00:00,24,0.1005,0.1463,0.7896,0.1116,0.1718,0.6711,0.0894,0.1153,0.9081
414,437,2018-10-31 20:00:00,24,0.1,0.1458,0.7923,0.1114,0.1717,0.6727,0.0886,0.114,0.912
415,438,2018-10-31 21:00:00,24,0.0965,0.1413,0.8024,0.1076,0.1677,0.6822,0.0854,0.1085,0.9227
416,439,2018-10-31 22:00:00,24,0.0936,0.1373,0.8087,0.1082,0.1679,0.6746,0.079,0.0975,0.9429
417,440,2018-10-31 23:00:00,24,0.091,0.136,0.8148,0.1043,0.1665,0.6797,0.0777,0.0963,0.95
418,441,2018-11-01 00:00:00,24,0.0914,0.1359,0.818,0.107,0.167,0.6804,0.0757,0.0951,0.9557
419,442,2018-11-01 01:00:00,24,0.0933,0.1364,0.8168,0.1097,0.1676,0.6747,0.0769,0.0955,0.959
420,443,2018-11-01 02:00:00,24,0.0969,0.1382,0.8141,0.1131,0.1686,0.6702,0.0806,0.0988,0.958
421,444,2018-11-01 03:00:00,24,0.0963,0.1381,0.813,0.1126,0.1685,0.6665,0.08,0.0987,0.9596
422,445,2018-11-01 04:00:00,24,0.0949,0.1378,0.8092,0.1109,0.1681,0.6575,0.079,0.0986,0.9609
423,446,2018-11-01 05:00:00,24,0.094,0.1376,0.8021,0.1115,0.1683,0.6416,0.0766,0.0976,0.9625
424,447,2018-11-01 06:00:00,24,0.0964,0.1402,0.7901,0.1105,0.1681,0.6248,0.0824,0.105,0.9554
425,448,2018-11-01 07:00:00,24,0.0961,0.1403,0.7768,0.1079,0.1675,0.6023,0.0843,0.1065,0.9514
426,449,2018-11-01 08:00:00,24,0.1027,0.1514,0.7024,0.1164,0.1841,0.4595,0.089,0.1094,0.9453
427,450,2018-11-01 09:00:00,24,0.1041,0.1534,0.6603,0.1151,0.1835,0.3917,0.0931,0.1158,0.929
428,451,2018-11-01 10:00:00,24,0.1036,0.1541,0.5773,0.1192,0.1864,0.2393,0.0881,0.1129,0.9152
429,452,2018-11-01 11:00:00,24,0.0994,0.1492,0.5694,0.1145,0.1794,0.2432,0.0843,0.1111,0.8956
430,453,2018-11-01 12:00:00,24,0.0927,0.1426,0.6046,0.1021,0.1684,0.3469,0.0834,0.111,0.8623
431,454,2018-11-01 13:00:00,24,0.0947,0.1435,0.5741,0.1029,0.1686,0.3554,0.0865,0.1128,0.7928
432,455,2018-11-01 14:00:00,24,0.0823,0.1191,0.6337,0.08,0.1254,0.603,0.0846,0.1125,0.6645
433,456,2018-11-01 15:00:00,24,0.0769,0.1137,0.5803,0.0737,0.1201,0.5536,0.0801,0.1068,0.607
434,457,2018-11-01 16:00:00,24,0.0735,0.1099,0.5551,0.0725,0.1195,0.4706,0.0746,0.0995,0.6396
435,458,2018-11-01 17:00:00,24,0.0718,0.1088,0.576,0.0697,0.1179,0.5013,0.0738,0.0989,0.6508
436,459,2018-11-01 18:00:00,24,0.0732,0.1094,0.6174,0.073,0.1191,0.5807,0.0733,0.0988,0.6541
437,460,2018-11-01 19:00:00,24,0.0734,0.1096,0.6462,0.0726,0.1191,0.6549,0.0742,0.0991,0.6375
438,461,2018-11-01 20:00:00,24,0.0767,0.1161,0.6518,0.0732,0.1192,0.7096,0.0803,0.1129,0.594
439,462,2018-11-01 21:00:00,24,0.0798,0.1212,0.6728,0.0788,0.1283,0.6653,0.0808,0.1136,0.6803
440,463,2018-11-01 22:00:00,24,0.0809,0.1228,0.6685,0.0779,0.128,0.6663,0.0839,0.1173,0.6706
441,464,2018-11-01 23:00:00,24,0.0869,0.1314,0.6035,0.0793,0.1284,0.6622,0.0944,0.1343,0.5449
442,465,2018-11-02 00:00:00,24,0.0901,0.135,0.5692,0.0781,0.1279,0.6444,0.1022,0.1417,0.4941
443,466,2018-11-02 01:00:00,24,0.0916,0.1366,0.5771,0.0762,0.1272,0.6328,0.107,0.1454,0.5213
444,467,2018-11-02 02:00:00,24,0.089,0.1353,0.6106,0.0726,0.1259,0.5979,0.1053,0.1441,0.6234
445,468,2018-11-02 03:00:00,24,0.0909,0.136,0.6266,0.0728,0.1259,0.5558,0.109,0.1453,0.6974
446,469,2018-11-02 04:00:00,24,0.0942,0.1372,0.6314,0.0749,0.1267,0.5077,0.1134,0.1469,0.755
447,470,2018-11-02 05:00:00,24,0.0944,0.1371,0.6393,0.074,0.1263,0.4852,0.1147,0.1472,0.7933
448,471,2018-11-02 06:00:00,24,0.0925,0.1352,0.6108,0.0736,0.1263,0.4033,0.1114,0.1436,0.8182
449,472,2018-11-02 07:00:00,24,0.0932,0.1353,0.5287,0.0771,0.1278,0.2296,0.1093,0.1424,0.8278
450,473,2018-11-02 08:00:00,24,0.0906,0.1294,0.6723,0.0737,0.1165,0.5076,0.1074,0.141,0.837
451,474,2018-11-02 09:00:00,24,0.0868,0.1257,0.699,0.0712,0.1157,0.5497,0.1023,0.135,0.8483
452,475,2018-11-02 10:00:00,24,0.0873,0.1249,0.7084,0.0689,0.1126,0.5786,0.1057,0.1362,0.8382
453,476,2018-11-02 11:00:00,24,0.0902,0.1266,0.678,0.0668,0.109,0.5417,0.1137,0.142,0.8144
454,477,2018-11-02 12:00:00,24,0.0932,0.1281,0.6347,0.067,0.109,0.471,0.1194,0.1448,0.7985
455,478,2018-11-02 13:00:00,24,0.0931,0.128,0.5809,0.0682,0.1097,0.3646,0.118,0.1439,0.7972
456,479,2018-11-02 14:00:00,24,0.1021,0.1358,0.5764,0.0755,0.1155,0.3757,0.1288,0.1534,0.777
457,480,2018-11-02 15:00:00,24,0.1021,0.1359,0.5994,0.0782,0.117,0.4185,0.126,0.1524,0.7804
458,481,2018-11-02 16:00:00,24,0.1098,0.1516,0.4167,0.096,0.1514,0.0565,0.1235,0.1518,0.7769
459,482,2018-11-02 17:00:00,24,0.1113,0.1531,0.3916,0.1016,0.1551,0.0119,0.1209,0.1511,0.7714
460,483,2018-11-02 18:00:00,24,0.1116,0.153,0.3871,0.1007,0.1547,0.0081,0.1224,0.1513,0.7661
461,484,2018-11-02 19:00:00,24,0.1119,0.153,0.3771,0.1025,0.1549,-0.0034,0.1213,0.1511,0.7576
462,485,2018-11-02 20:00:00,24,0.1092,0.1477,0.3376,0.1053,0.1561,-0.0695,0.113,0.1388,0.7447
463,486,2018-11-02 21:00:00,24,0.1041,0.1424,0.3231,0.0958,0.1465,0.0563,0.1124,0.1382,0.5899
464,487,2018-11-02 22:00:00,24,0.1012,0.1403,0.2082,0.0964,0.1466,0.0606,0.1059,0.1337,0.3557
465,488,2018-11-02 23:00:00,24,0.0965,0.1331,0.2315,0.0997,0.1486,0.0713,0.0934,0.1156,0.3917
466,489,2018-11-03 00:00:00,24,0.0977,0.1329,0.291,0.1045,0.1516,0.1205,0.0908,0.1111,0.4616
467,490,2018-11-03 01:00:00,24,0.0958,0.1311,0.3547,0.1061,0.1521,0.1531,0.0854,0.1061,0.5563
468,491,2018-11-03 02:00:00,24,0.0972,0.1321,0.3895,0.1067,0.1521,0.1762,0.0877,0.1086,0.6029
469,492,2018-11-03 03:00:00,24,0.1011,0.1357,0.4239,0.1092,0.153,0.1991,0.0929,0.1157,0.6488
470,493,2018-11-03 04:00:00,24,0.0986,0.1346,0.4579,0.1086,0.1528,0.2134,0.0885,0.1136,0.7023
471,494,2018-11-03 05:00:00,24,0.0977,0.1345,0.4722,0.1085,0.1527,0.2061,0.0868,0.1133,0.7383
472,495,2018-11-03 06:00:00,24,0.0976,0.134,0.501,0.1098,0.1529,0.2065,0.0854,0.112,0.7956
473,496,2018-11-03 07:00:00,24,0.0977,0.1342,0.5151,0.1103,0.1533,0.1873,0.0851,0.1118,0.8428
474,497,2018-11-03 08:00:00,24,0.0977,0.1311,0.478,0.1025,0.1388,0.0933,0.0928,0.1229,0.8627
475,498,2018-11-03 09:00:00,24,0.1041,0.1375,0.2708,0.1086,0.1423,-0.3501,0.0995,0.1326,0.8918
476,499,2018-11-03 10:00:00,24,0.1035,0.1372,0.1852,0.1058,0.1405,-0.5495,0.1011,0.1339,0.9199
477,500,2018-11-03 11:00:00,24,0.101,0.1361,0.239,0.0996,0.1364,-0.4602,0.1023,0.1358,0.9382
478,501,2018-11-03 12:00:00,24,0.1049,0.1396,0.3087,0.109,0.1446,-0.334,0.1007,0.1344,0.9514
479,502,2018-11-03 13:00:00,24,0.111,0.1461,0.2667,0.1142,0.1498,-0.4215,0.1078,0.1423,0.955
480,503,2018-11-03 14:00:00,24,0.1098,0.1441,0.1827,0.1154,0.1513,-0.5985,0.1041,0.1365,0.9639
481,504,2018-11-03 15:00:00,24,0.1113,0.1448,0.1466,0.1143,0.1507,-0.6734,0.1083,0.1386,0.9665
482,505,2018-11-03 16:00:00,24,0.1089,0.134,0.2451,0.0993,0.118,-0.4752,0.1186,0.1483,0.9654
483,506,2018-11-03 17:00:00,24,0.1133,0.1385,0.2102,0.0969,0.1151,-0.544,0.1297,0.1585,0.9644
484,507,2018-11-03 18:00:00,24,0.1158,0.1402,0.2395,0.1004,0.1182,-0.4877,0.1313,0.1591,0.9667
485,508,2018-11-03 19:00:00,24,0.1238,0.1489,0.1971,0.103,0.1198,-0.5694,0.1445,0.1731,0.9635
486,509,2018-11-03 20:00:00,24,0.1241,0.1502,0.1266,0.0997,0.1182,-0.7117,0.1484,0.1765,0.965
487,510,2018-11-03 21:00:00,24,0.1252,0.1507,0.0219,0.1021,0.1195,-0.9239,0.1482,0.1765,0.9676
488,511,2018-11-03 22:00:00,24,0.1303,0.1538,-0.0633,0.1051,0.1212,-1.0946,0.1555,0.1807,0.968
489,512,2018-11-03 23:00:00,24,0.1281,0.1527,-0.0187,0.1006,0.1184,-1.0059,0.1555,0.1807,0.9685
490,513,2018-11-04 00:00:00,24,0.1292,0.156,0.0112,0.0969,0.1149,-0.9444,0.1616,0.1883,0.9668
491,514,2018-11-04 01:00:00,24,0.1309,0.1568,0.024,0.0972,0.1151,-0.9185,0.1647,0.1896,0.9664
492,515,2018-11-04 02:00:00,24,0.1292,0.1557,0.0407,0.097,0.1151,-0.8851,0.1614,0.1877,0.9665
493,516,2018-11-04 03:00:00,24,0.1298,0.1559,0.0061,0.0989,0.1169,-0.9541,0.1606,0.1868,0.9663
494,517,2018-11-04 04:00:00,24,0.1305,0.1559,0.0401,0.0986,0.1167,-0.8845,0.1625,0.1871,0.9648
495,518,2018-11-04 05:00:00,24,0.1297,0.1558,0.065,0.0967,0.1163,-0.8321,0.1627,0.1871,0.9621
496,519,2018-11-04 06:00:00,24,0.131,0.1573,0.0994,0.0955,0.1161,-0.7591,0.1665,0.1898,0.9579
497,520,2018-11-04 07:00:00,24,0.1291,0.1565,0.1853,0.0924,0.1141,-0.5828,0.1658,0.1897,0.9534
498,521,2018-11-04 08:00:00,24,0.1223,0.1502,0.0681,0.0866,0.1086,-0.8163,0.1581,0.1826,0.9525
499,522,2018-11-04 09:00:00,24,0.1172,0.1457,0.0479,0.0874,0.1097,-0.8569,0.1471,0.1745,0.9527
500,523,2018-11-04 10:00:00,24,0.1208,0.1488,0.1359,0.0923,0.1147,-0.6733,0.1494,0.1765,0.9452
501,524,2018-11-04 11:00:00,24,0.1253,0.1535,0.3434,0.1046,0.1312,-0.2522,0.1461,0.173,0.939
502,525,2018-11-04 12:00:00,24,0.1306,0.1607,0.5814,0.1069,0.1359,0.2437,0.1543,0.1822,0.9191
503,526,2018-11-04 13:00:00,24,0.1294,0.1593,0.7196,0.1045,0.1327,0.5337,0.1542,0.182,0.9054
504,527,2018-11-04 14:00:00,24,0.1294,0.1593,0.7869,0.1044,0.1326,0.6797,0.1544,0.1822,0.894
505,528,2018-11-04 15:00:00,24,0.132,0.1613,0.8125,0.1087,0.1364,0.7357,0.1552,0.1828,0.8893
506,529,2018-11-04 16:00:00,24,0.13,0.1596,0.8355,0.1134,0.142,0.7694,0.1466,0.1754,0.9015
507,530,2018-11-04 17:00:00,24,0.1239,0.154,0.8614,0.1112,0.1407,0.8026,0.1367,0.1663,0.9203
508,531,2018-11-04 19:00:00,24,0.1247,0.1547,0.871,0.1093,0.139,0.8171,0.1402,0.1689,0.9248
509,532,2018-11-04 20:00:00,24,0.1208,0.1498,0.8787,0.1059,0.1374,0.821,0.1358,0.1613,0.9364
510,533,2018-11-04 21:00:00,24,0.1221,0.1511,0.877,0.1068,0.1376,0.8165,0.1374,0.1635,0.9375
511,534,2018-11-04 22:00:00,24,0.1224,0.1516,0.8767,0.1061,0.1371,0.8152,0.1387,0.1649,0.9382
512,535,2018-11-04 23:00:00,24,0.1204,0.1497,0.8768,0.1061,0.1372,0.8118,0.1346,0.1613,0.9418
513,536,2018-11-05 00:00:00,24,0.1239,0.1528,0.8729,0.1055,0.1371,0.8083,0.1422,0.167,0.9376
514,537,2018-11-05 01:00:00,24,0.1172,0.1461,0.875,0.1042,0.1367,0.8047,0.1303,0.1549,0.9453
515,538,2018-11-05 02:00:00,24,0.1186,0.1471,0.8671,0.1078,0.1395,0.7898,0.1294,0.1543,0.9444
516,539,2018-11-05 03:00:00,24,0.1218,0.1489,0.8581,0.1107,0.1406,0.775,0.1329,0.1567,0.9412
517,540,2018-11-05 04:00:00,24,0.1167,0.1451,0.8583,0.1074,0.1384,0.7737,0.1259,0.1516,0.943
518,541,2018-11-05 05:00:00,24,0.1192,0.1467,0.8449,0.1111,0.1409,0.75,0.1273,0.1522,0.9398
519,542,2018-11-05 06:00:00,24,0.1215,0.1472,0.8323,0.1138,0.1416,0.7272,0.1292,0.1526,0.9373
520,543,2018-11-05 07:00:00,24,0.1211,0.1464,0.816,0.1195,0.1447,0.6949,0.1227,0.1482,0.937
521,544,2018-11-05 08:00:00,24,0.1262,0.1522,0.7904,0.1302,0.1562,0.6483,0.1221,0.1481,0.9325
522,545,2018-11-05 09:00:00,24,0.1277,0.1529,0.7861,0.1318,0.1568,0.6463,0.1236,0.149,0.9259
523,546,2018-11-05 10:00:00,24,0.128,0.1524,0.805,0.1268,0.1532,0.6903,0.1292,0.1516,0.9197
524,547,2018-11-05 11:00:00,24,0.1284,0.1551,0.7884,0.1328,0.1624,0.6535,0.124,0.1474,0.9232
525,548,2018-11-05 12:00:00,24,0.1232,0.1499,0.8219,0.1284,0.1552,0.7157,0.118,0.1443,0.9281
526,549,2018-11-05 13:00:00,24,0.1244,0.1562,0.7824,0.1367,0.1751,0.6259,0.1121,0.1348,0.9389
527,550,2018-11-05 14:00:00,24,0.1184,0.1514,0.7829,0.1311,0.1725,0.62,0.1058,0.127,0.9459
528,551,2018-11-05 15:00:00,24,0.1236,0.1603,0.7294,0.1384,0.1844,0.5191,0.1089,0.132,0.9397
529,552,2018-11-05 16:00:00,24,0.1222,0.1607,0.6956,0.1409,0.1872,0.4537,0.1035,0.1289,0.9376
530,553,2018-11-05 17:00:00,24,0.1231,0.161,0.643,0.1406,0.1867,0.357,0.1057,0.1302,0.929
531,554,2018-11-05 18:00:00,24,0.1303,0.1673,0.567,0.1497,0.1949,0.2206,0.1109,0.1341,0.9133
532,555,2018-11-05 19:00:00,24,0.1316,0.1696,0.5321,0.1478,0.1941,0.1777,0.1153,0.141,0.8865
533,556,2018-11-05 20:00:00,24,0.1328,0.1713,0.4984,0.1481,0.1942,0.138,0.1175,0.1449,0.8588
534,557,2018-11-05 21:00:00,24,0.1273,0.1676,0.4918,0.1467,0.194,0.1221,0.1079,0.1361,0.8615
535,558,2018-11-05 22:00:00,24,0.1251,0.1663,0.4798,0.1444,0.1934,0.1018,0.1058,0.1338,0.8577
536,559,2018-11-05 23:00:00,24,0.1362,0.1829,0.4862,0.1606,0.2169,0.1267,0.1118,0.1409,0.8457
537,560,2018-11-06 00:00:00,24,0.1451,0.2006,0.352,0.1856,0.25,-0.1666,0.1046,0.1342,0.8707
538,561,2018-11-06 01:00:00,24,0.1474,0.2012,0.3525,0.1883,0.2506,-0.1731,0.1065,0.1348,0.878
539,562,2018-11-06 02:00:00,24,0.1462,0.2009,0.362,0.1829,0.2487,-0.1537,0.1094,0.1375,0.8777
540,563,2018-11-06 03:00:00,24,0.1414,0.1994,0.3709,0.1795,0.2481,-0.145,0.1032,0.134,0.8869
541,564,2018-11-06 04:00:00,24,0.1405,0.1993,0.3745,0.1786,0.2479,-0.1402,0.1024,0.1339,0.8892
542,565,2018-11-06 05:00:00,24,0.1411,0.2005,0.3745,0.1739,0.2464,-0.1281,0.1083,0.1404,0.8771
543,566,2018-11-06 06:00:00,24,0.1438,0.2018,0.3671,0.1764,0.2474,-0.1358,0.1112,0.1422,0.8701
544,567,2018-11-06 07:00:00,24,0.1416,0.2008,0.3639,0.1728,0.2459,-0.1343,0.1104,0.1421,0.862
545,568,2018-11-06 08:00:00,24,0.1412,0.1997,0.3577,0.171,0.244,-0.1324,0.1113,0.1423,0.8479
546,569,2018-11-06 09:00:00,24,0.141,0.1997,0.3269,0.1726,0.2446,-0.1734,0.1094,0.1411,0.8272
547,570,2018-11-06 10:00:00,24,0.1403,0.1995,0.2321,0.1759,0.2458,-0.3151,0.1046,0.1384,0.7794
548,571,2018-11-06 11:00:00,24,0.136,0.1949,0.226,0.1677,0.2384,-0.2394,0.1044,0.1383,0.6914
549,572,2018-11-06 12:00:00,24,0.1397,0.1969,0.072,0.1693,0.2399,-0.3253,0.1102,0.1413,0.4693
550,573,2018-11-06 13:00:00,24,0.1367,0.1894,0.1178,0.1604,0.2252,0.0499,0.113,0.145,0.1856
551,574,2018-11-06 14:00:00,24,0.1557,0.2155,0.0565,0.1829,0.252,-0.1755,0.1284,0.1713,0.2885
552,575,2018-11-06 15:00:00,24,0.1568,0.2273,0.1526,0.1953,0.2767,-0.3096,0.1184,0.1636,0.6147
553,576,2018-11-06 16:00:00,24,0.1593,0.2279,0.2007,0.1949,0.2763,-0.3663,0.1237,0.166,0.7676
554,577,2018-11-06 17:00:00,24,0.1542,0.2255,0.2543,0.1886,0.2731,-0.3431,0.1199,0.1647,0.8517
555,578,2018-11-06 18:00:00,24,0.1588,0.231,0.1483,0.1931,0.2786,-0.5757,0.1246,0.1707,0.8723
556,579,2018-11-06 19:00:00,24,0.1607,0.2322,0.1467,0.1956,0.2794,-0.5889,0.1257,0.1727,0.8824
557,580,2018-11-06 20:00:00,24,0.1628,0.2328,0.1423,0.2002,0.2808,-0.6013,0.1253,0.172,0.8858
558,581,2018-11-06 21:00:00,24,0.1699,0.2358,0.1822,0.2082,0.2838,-0.517,0.1317,0.1752,0.8814
559,582,2018-11-06 22:00:00,24,0.1699,0.2356,0.2057,0.211,0.2844,-0.4694,0.1289,0.1736,0.8809
560,583,2018-11-06 23:00:00,24,0.1581,0.2226,0.1421,0.1942,0.2666,-0.6051,0.122,0.1674,0.8893
561,584,2018-11-07 00:00:00,24,0.1454,0.2045,0.3181,0.17,0.2359,-0.2529,0.1209,0.1672,0.8892
562,585,2018-11-07 01:00:00,24,0.1435,0.204,0.3208,0.1676,0.2353,-0.2482,0.1195,0.1669,0.8899
563,586,2018-11-07 02:00:00,24,0.1411,0.2028,0.3134,0.1692,0.2356,-0.266,0.1129,0.1636,0.8929
564,587,2018-11-07 03:00:00,24,0.1444,0.2035,0.3032,0.1731,0.2364,-0.2843,0.1157,0.1642,0.8906
565,588,2018-11-07 04:00:00,24,0.146,0.2039,0.3048,0.1738,0.2365,-0.2787,0.1181,0.1648,0.8883
566,589,2018-11-07 05:00:00,24,0.1418,0.2014,0.3119,0.1746,0.2366,-0.2677,0.1091,0.1584,0.8915
567,590,2018-11-07 06:00:00,24,0.1398,0.2006,0.3105,0.1703,0.2352,-0.2613,0.1093,0.1586,0.8824
568,591,2018-11-07 07:00:00,24,0.1405,0.2007,0.3094,0.1689,0.235,-0.252,0.1122,0.1593,0.8707
569,592,2018-11-07 08:00:00,24,0.1372,0.1978,0.3027,0.1614,0.2299,-0.2507,0.1129,0.1595,0.8561
570,593,2018-11-07 09:00:00,24,0.1368,0.1981,0.2944,0.1574,0.2287,-0.2422,0.1163,0.1617,0.831
571,594,2018-11-07 10:00:00,24,0.1343,0.1972,0.3046,0.1527,0.2271,-0.1875,0.1159,0.1617,0.7967
572,595,2018-11-07 11:00:00,24,0.1418,0.2055,0.2067,0.1645,0.2402,-0.3231,0.1192,0.1636,0.7365
573,596,2018-11-07 12:00:00,24,0.1414,0.2057,0.1299,0.1658,0.2416,-0.4168,0.117,0.162,0.6765
574,597,2018-11-07 13:00:00,24,0.1328,0.1993,-0.2398,0.1562,0.2349,-1.1434,0.1094,0.1557,0.6638
575,598,2018-11-07 14:00:00,24,0.1176,0.1732,0.1482,0.1415,0.21,-0.4947,0.0937,0.126,0.791
576,599,2018-11-07 15:00:00,24,0.11,0.1467,0.3745,0.1204,0.162,-0.058,0.0996,0.1296,0.807
577,600,2018-11-07 16:00:00,24,0.1096,0.1473,0.5109,0.1222,0.1647,0.1806,0.097,0.1274,0.8413
578,601,2018-11-07 17:00:00,24,0.1121,0.1486,0.5839,0.1221,0.1647,0.3047,0.1022,0.1305,0.863
579,602,2018-11-07 18:00:00,24,0.1047,0.1361,0.7354,0.115,0.1511,0.557,0.0944,0.1193,0.9138
580,603,2018-11-07 19:00:00,24,0.0998,0.1296,0.7863,0.1125,0.1497,0.627,0.0871,0.1058,0.9456
581,604,2018-11-07 20:00:00,24,0.0953,0.1236,0.8053,0.1114,0.1488,0.645,0.0792,0.0917,0.9655
582,605,2018-11-07 21:00:00,24,0.0927,0.1219,0.8086,0.1039,0.143,0.6474,0.0815,0.0963,0.9698
583,606,2018-11-07 22:00:00,24,0.0936,0.1225,0.8022,0.1044,0.1433,0.6298,0.0829,0.0975,0.9747
584,607,2018-11-07 23:00:00,24,0.0951,0.1238,0.7977,0.1045,0.1433,0.618,0.0858,0.1005,0.9775
585,608,2018-11-08 00:00:00,24,0.1035,0.1328,0.7875,0.1089,0.1458,0.6042,0.098,0.1185,0.9709
586,609,2018-11-08 01:00:00,24,0.103,0.1328,0.7891,0.1076,0.1456,0.606,0.0985,0.1186,0.9723
587,610,2018-11-08 02:00:00,24,0.1046,0.1333,0.7942,0.108,0.1458,0.6155,0.1012,0.1194,0.9728
588,611,2018-11-08 03:00:00,24,0.1063,0.1354,0.8004,0.1062,0.1449,0.6308,0.1064,0.1251,0.97
589,612,2018-11-08 04:00:00,24,0.1112,0.14,0.8026,0.1095,0.1469,0.64,0.113,0.1327,0.9652
590,613,2018-11-08 05:00:00,24,0.1117,0.1402,0.8086,0.1079,0.1466,0.654,0.1156,0.1334,0.9633
591,614,2018-11-08 06:00:00,24,0.1127,0.1411,0.8132,0.108,0.1467,0.6674,0.1174,0.1353,0.9589
592,615,2018-11-08 07:00:00,24,0.1153,0.1426,0.8171,0.1119,0.1485,0.6794,0.1188,0.1364,0.9548
593,616,2018-11-08 08:00:00,24,0.119,0.1453,0.8255,0.1147,0.1505,0.7033,0.1233,0.14,0.9478
594,617,2018-11-08 09:00:00,24,0.1234,0.1487,0.8147,0.1213,0.1547,0.6903,0.1254,0.1425,0.9391
595,618,2018-11-08 10:00:00,24,0.1267,0.1502,0.7995,0.1264,0.1573,0.6673,0.127,0.1428,0.9317
596,619,2018-11-08 11:00:00,24,0.1165,0.1375,0.8445,0.1109,0.1346,0.758,0.1222,0.1403,0.9309
597,620,2018-11-08 12:00:00,24,0.113,0.1326,0.8592,0.1045,0.1247,0.7882,0.1215,0.1399,0.9301
598,621,2018-11-08 13:00:00,24,0.1237,0.1496,0.8088,0.1217,0.1563,0.693,0.1258,0.1427,0.9246
599,622,2018-11-08 14:00:00,24,0.1265,0.1528,0.8181,0.1245,0.1604,0.7165,0.1285,0.1448,0.9197
600,623,2018-11-08 15:00:00,24,0.1276,0.1547,0.8335,0.1282,0.1652,0.747,0.127,0.1434,0.92
601,624,2018-11-08 16:00:00,24,0.1274,0.1533,0.8552,0.1233,0.1589,0.7943,0.1315,0.1474,0.9161
602,625,2018-11-08 17:00:00,24,0.1294,0.1575,0.8597,0.1208,0.1584,0.8085,0.138,0.1566,0.9109
603,626,2018-11-08 18:00:00,24,0.1303,0.1583,0.8692,0.1168,0.154,0.8229,0.1439,0.1624,0.9155
604,627,2018-11-08 19:00:00,24,0.1294,0.1577,0.8728,0.1168,0.154,0.8193,0.142,0.1612,0.9263
605,628,2018-11-08 20:00:00,24,0.1286,0.1573,0.8762,0.1165,0.1538,0.8179,0.1408,0.1607,0.9346
606,629,2018-11-08 21:00:00,24,0.129,0.158,0.8738,0.1256,0.1615,0.8027,0.1324,0.1545,0.9448
607,630,2018-11-08 22:00:00,24,0.1266,0.157,0.8788,0.1225,0.1603,0.8078,0.1307,0.1536,0.9499
608,631,2018-11-08 23:00:00,24,0.1373,0.1753,0.8433,0.1402,0.1911,0.7341,0.1343,0.1578,0.9525
609,632,2018-11-09 00:00:00,24,0.1399,0.1839,0.8128,0.1559,0.2158,0.6612,0.1238,0.1452,0.9645
610,633,2018-11-09 01:00:00,24,0.1432,0.1851,0.8132,0.1603,0.2169,0.6594,0.1262,0.1464,0.967
611,634,2018-11-09 02:00:00,24,0.1417,0.1846,0.8136,0.1584,0.2165,0.6577,0.125,0.146,0.9695
612,635,2018-11-09 03:00:00,24,0.141,0.1837,0.8101,0.1593,0.2167,0.6481,0.1227,0.1434,0.9721
613,636,2018-11-09 04:00:00,24,0.1364,0.1803,0.8021,0.1573,0.2157,0.6285,0.1156,0.1361,0.9756
614,637,2018-11-09 05:00:00,24,0.1394,0.1815,0.7881,0.1605,0.2164,0.601,0.1182,0.138,0.9752
615,638,2018-11-09 06:00:00,24,0.1377,0.1806,0.7691,0.1641,0.2176,0.5617,0.1113,0.1337,0.9765
616,639,2018-11-09 07:00:00,24,0.1345,0.1792,0.7376,0.1611,0.2165,0.4988,0.108,0.1319,0.9764
617,640,2018-11-09 08:00:00,24,0.1389,0.1902,0.6172,0.1757,0.2367,0.258,0.1021,0.1276,0.9763
618,641,2018-11-09 09:00:00,24,0.1333,0.1867,0.5663,0.1689,0.234,0.1574,0.0976,0.1225,0.9753
619,642,2018-11-09 10:00:00,24,0.1351,0.1877,0.5495,0.1701,0.2347,0.1292,0.1001,0.1241,0.9698
620,643,2018-11-09 11:00:00,24,0.1403,0.1901,0.5632,0.1756,0.2369,0.1661,0.1051,0.1272,0.9603
621,644,2018-11-09 12:00:00,24,0.1391,0.19,0.6013,0.1704,0.2356,0.2555,0.1077,0.1293,0.9472
622,645,2018-11-09 13:00:00,24,0.1287,0.1772,0.6731,0.1553,0.2167,0.4097,0.1022,0.126,0.9365
623,646,2018-11-09 14:00:00,24,0.1247,0.1738,0.6678,0.1519,0.213,0.4092,0.0976,0.1228,0.9264
624,647,2018-11-09 15:00:00,24,0.1198,0.1698,0.6405,0.1426,0.2066,0.3677,0.097,0.1223,0.9133
625,648,2018-11-09 16:00:00,24,0.1158,0.1672,0.5929,0.1374,0.2044,0.2716,0.0943,0.1189,0.9143
626,649,2018-11-09 17:00:00,24,0.1136,0.163,0.5507,0.1419,0.2057,0.1632,0.0853,0.1039,0.9383
627,650,2018-11-09 18:00:00,24,0.1097,0.1603,0.4843,0.1435,0.2067,0.0148,0.076,0.0929,0.9537
628,651,2018-11-09 19:00:00,24,0.1101,0.1605,0.4591,0.1451,0.2073,-0.0385,0.0751,0.0923,0.9567
629,652,2018-11-09 20:00:00,24,0.1125,0.164,0.4653,0.141,0.2061,-0.0169,0.0839,0.1063,0.9475
630,653,2018-11-09 21:00:00,24,0.1174,0.1696,0.459,0.1365,0.202,-0.0157,0.0983,0.1293,0.9336
631,654,2018-11-09 22:00:00,24,0.1179,0.1697,0.4448,0.1381,0.2023,-0.051,0.0978,0.129,0.9406
632,655,2018-11-09 23:00:00,24,0.1032,0.1489,0.5403,0.1174,0.1725,0.132,0.0889,0.1207,0.9486
633,656,2018-11-11 00:00:00,24,0.0946,0.1303,0.684,0.1002,0.1392,0.4204,0.089,0.1207,0.9476
634,657,2018-11-11 01:00:00,24,0.0908,0.1286,0.6676,0.0966,0.1375,0.3881,0.085,0.1189,0.9471
635,658,2018-11-11 02:00:00,24,0.0898,0.1284,0.624,0.0955,0.1373,0.304,0.0841,0.1187,0.944
636,659,2018-11-11 03:00:00,24,0.086,0.1264,0.5966,0.0935,0.1367,0.2492,0.0784,0.1152,0.944
637,660,2018-11-11 04:00:00,24,0.0844,0.1258,0.5745,0.0919,0.1359,0.2084,0.0768,0.1147,0.9406
638,661,2018-11-11 05:00:00,24,0.0816,0.124,0.5094,0.0901,0.1351,0.079,0.0732,0.1119,0.9398
639,662,2018-11-11 06:00:00,24,0.081,0.1235,0.4521,0.0856,0.1331,-0.0311,0.0763,0.113,0.9353
640,663,2018-11-11 07:00:00,24,0.0856,0.1273,0.2989,0.0879,0.1343,-0.3284,0.0832,0.1198,0.9262
641,664,2018-11-11 08:00:00,24,0.0798,0.1106,0.649,0.068,0.0898,0.3801,0.0915,0.1281,0.9179
642,665,2018-11-11 09:00:00,24,0.0797,0.1104,0.6552,0.0704,0.091,0.3879,0.0889,0.1269,0.9224
643,666,2018-11-11 10:00:00,24,0.0762,0.1074,0.7009,0.0643,0.0844,0.4764,0.088,0.1263,0.9255
644,667,2018-11-11 11:00:00,24,0.0752,0.1061,0.726,0.0632,0.0825,0.5242,0.0871,0.1253,0.9277
645,668,2018-11-11 12:00:00,24,0.0805,0.1117,0.7521,0.0716,0.0922,0.5808,0.0894,0.1283,0.9234
646,669,2018-11-11 13:00:00,24,0.0848,0.1164,0.8075,0.0709,0.0914,0.7073,0.0988,0.1369,0.9078
647,670,2018-11-11 14:00:00,24,0.0851,0.1167,0.8557,0.0648,0.0835,0.8189,0.1054,0.1424,0.8924
648,671,2018-11-11 15:00:00,24,0.0887,0.1216,0.8158,0.0739,0.098,0.7531,0.1034,0.1413,0.8784
649,672,2018-11-11 16:00:00,24,0.0911,0.1232,0.7874,0.079,0.1023,0.7136,0.1032,0.1411,0.8612
650,673,2018-11-11 17:00:00,24,0.0896,0.1224,0.7798,0.0757,0.0999,0.7239,0.1035,0.1413,0.8358
651,674,2018-11-11 18:00:00,24,0.0924,0.1271,0.7629,0.0695,0.0946,0.7617,0.1153,0.1529,0.764
652,675,2018-11-11 19:00:00,24,0.0956,0.1314,0.7238,0.068,0.0934,0.777,0.1232,0.1607,0.6706
653,676,2018-11-11 20:00:00,24,0.0951,0.1296,0.7262,0.0691,0.0936,0.7881,0.1212,0.1576,0.6642
654,677,2018-11-11 21:00:00,24,0.0916,0.1221,0.79,0.0685,0.0929,0.818,0.1147,0.1455,0.762
655,678,2018-11-11 22:00:00,24,0.0936,0.1251,0.8204,0.0659,0.0919,0.8403,0.1213,0.1511,0.8004
656,679,2018-11-11 23:00:00,24,0.0946,0.1253,0.8453,0.0666,0.0922,0.8552,0.1225,0.1513,0.8354
657,680,2018-11-12 00:00:00,24,0.0927,0.1244,0.8674,0.0635,0.0901,0.8732,0.1218,0.1511,0.8617
658,681,2018-11-12 01:00:00,24,0.0948,0.1251,0.8812,0.0652,0.0909,0.8815,0.1244,0.1517,0.881
659,682,2018-11-12 02:00:00,24,0.0977,0.1264,0.8902,0.07,0.0943,0.8816,0.1253,0.1519,0.8987
660,683,2018-11-12 03:00:00,24,0.1013,0.1282,0.8999,0.072,0.0954,0.8885,0.1306,0.1543,0.9114
661,684,2018-11-12 04:00:00,24,0.1055,0.1322,0.9087,0.0717,0.0952,0.8978,0.1393,0.1608,0.9195
662,685,2018-11-12 05:00:00,24,0.1074,0.1332,0.915,0.0745,0.0973,0.9009,0.1404,0.1613,0.9292
663,686,2018-11-12 06:00:00,24,0.1104,0.1353,0.9171,0.0815,0.1036,0.8972,0.1394,0.1608,0.937
664,687,2018-11-12 07:00:00,24,0.1097,0.1341,0.9239,0.0829,0.1051,0.9032,0.1364,0.1579,0.9447
665,688,2018-11-12 08:00:00,24,0.1171,0.146,0.9085,0.1001,0.1366,0.8665,0.134,0.1548,0.9506
666,689,2018-11-12 09:00:00,24,0.1206,0.1481,0.9127,0.1032,0.139,0.8739,0.1379,0.1566,0.9515
667,690,2018-11-12 10:00:00,24,0.126,0.1523,0.9085,0.1101,0.1441,0.8668,0.1419,0.16,0.9502
668,691,2018-11-12 11:00:00,24,0.1257,0.1521,0.9055,0.1092,0.1433,0.8611,0.1422,0.1603,0.9498
669,692,2018-11-12 12:00:00,24,0.1252,0.1515,0.8904,0.1099,0.1444,0.8315,0.1404,0.1584,0.9493
670,693,2018-11-12 13:00:00,24,0.1351,0.1719,0.8033,0.1305,0.1854,0.6605,0.1397,0.1573,0.9461
671,694,2018-11-12 14:00:00,24,0.1336,0.1704,0.7389,0.1327,0.1862,0.5349,0.1345,0.1528,0.943
672,695,2018-11-12 15:00:00,24,0.135,0.1735,0.7255,0.1365,0.1921,0.5152,0.1336,0.1526,0.9359
673,696,2018-11-12 16:00:00,24,0.136,0.1756,0.7561,0.1411,0.197,0.5822,0.1309,0.1512,0.9299
674,697,2018-11-12 17:00:00,24,0.1386,0.177,0.7636,0.1433,0.1976,0.6086,0.1339,0.1536,0.9186
675,698,2018-11-12 18:00:00,24,0.1415,0.1788,0.7546,0.148,0.1992,0.5995,0.135,0.1557,0.9097
676,699,2018-11-12 19:00:00,24,0.1437,0.1814,0.7461,0.1493,0.1996,0.5943,0.138,0.161,0.8979
677,700,2018-11-12 20:00:00,24,0.145,0.1829,0.7423,0.1499,0.1998,0.5955,0.1402,0.1643,0.8891
678,701,2018-11-12 21:00:00,24,0.1467,0.1844,0.7371,0.1528,0.202,0.5876,0.1407,0.1649,0.8866
679,702,2018-11-12 22:00:00,24,0.1462,0.1836,0.7379,0.1597,0.2049,0.5823,0.1327,0.1595,0.8935
680,703,2018-11-12 23:00:00,24,0.1461,0.1836,0.7405,0.1599,0.205,0.5871,0.1323,0.1595,0.8938
681,704,2018-11-13 00:00:00,24,0.1477,0.1843,0.7382,0.1639,0.2064,0.5822,0.1315,0.1593,0.8941
682,705,2018-11-13 01:00:00,24,0.1492,0.185,0.7365,0.1649,0.2067,0.5809,0.1335,0.1604,0.8921
683,706,2018-11-13 02:00:00,24,0.1472,0.1843,0.7408,0.1621,0.2055,0.5906,0.1323,0.1602,0.8911
684,707,2018-11-13 03:00:00,24,0.1437,0.183,0.7451,0.1596,0.205,0.5996,0.1278,0.158,0.8905
685,708,2018-11-13 04:00:00,24,0.1412,0.1809,0.7468,0.1589,0.2049,0.6056,0.1235,0.1533,0.8881
686,709,2018-11-13 05:00:00,24,0.1392,0.1803,0.7472,0.1574,0.2042,0.6169,0.1209,0.1526,0.8774
687,710,2018-11-13 06:00:00,24,0.1353,0.1784,0.7481,0.1519,0.2013,0.6361,0.1188,0.1522,0.8601
688,711,2018-11-13 07:00:00,24,0.1346,0.1782,0.7453,0.149,0.1999,0.6513,0.1201,0.1534,0.8394
689,712,2018-11-13 08:00:00,24,0.1296,0.1713,0.7621,0.1439,0.1902,0.69,0.1153,0.15,0.8341
690,713,2018-11-13 09:00:00,24,0.1275,0.1707,0.7747,0.1379,0.1879,0.7126,0.1171,0.1517,0.8368
691,714,2018-11-13 10:00:00,24,0.1234,0.168,0.8073,0.1366,0.1867,0.753,0.1101,0.147,0.8617
692,715,2018-11-13 11:00:00,24,0.123,0.1689,0.8205,0.1405,0.19,0.7637,0.1054,0.1448,0.8774
693,716,2018-11-13 12:00:00,24,0.126,0.1788,0.8018,0.1515,0.2094,0.7142,0.1004,0.1417,0.8895
694,717,2018-11-13 13:00:00,24,0.1107,0.1553,0.8462,0.1285,0.1733,0.7915,0.0929,0.1349,0.9008
695,718,2018-11-13 14:00:00,24,0.1164,0.1633,0.8195,0.1396,0.1873,0.7439,0.0932,0.1351,0.895
696,719,2018-11-13 15:00:00,24,0.1125,0.1568,0.8084,0.1302,0.1754,0.7394,0.0947,0.1356,0.8774
697,720,2018-11-13 16:00:00,24,0.116,0.16,0.7466,0.1314,0.1772,0.6593,0.1006,0.1408,0.834
698,721,2018-11-13 17:00:00,24,0.1173,0.1611,0.7021,0.1332,0.1783,0.6069,0.1015,0.1418,0.7973
699,722,2018-11-13 18:00:00,24,0.1167,0.1591,0.7216,0.1372,0.1821,0.6139,0.0962,0.1322,0.8294
700,723,2018-11-13 19:00:00,24,0.1109,0.1523,0.7644,0.1357,0.1815,0.633,0.0861,0.1161,0.8958
701,724,2018-11-13 20:00:00,24,0.1078,0.1482,0.7874,0.1361,0.1816,0.6425,0.0795,0.1047,0.9324
702,725,2018-11-13 21:00:00,24,0.1048,0.1467,0.8021,0.1384,0.1844,0.6483,0.0712,0.095,0.9559
703,726,2018-11-13 22:00:00,24,0.1062,0.1481,0.812,0.1325,0.1812,0.6654,0.0798,0.1051,0.9586
704,727,2018-11-13 23:00:00,24,0.1097,0.1516,0.8149,0.1314,0.181,0.6674,0.088,0.1148,0.9625
705,728,2018-11-14 00:00:00,24,0.1083,0.1508,0.8252,0.1292,0.1799,0.6808,0.0875,0.1147,0.9696
706,729,2018-11-14 01:00:00,24,0.1108,0.1534,0.833,0.1299,0.1803,0.6958,0.0917,0.1207,0.9701
707,730,2018-11-14 02:00:00,24,0.1104,0.1533,0.8392,0.1283,0.1799,0.7056,0.0925,0.1208,0.9729
708,731,2018-11-14 03:00:00,24,0.112,0.1538,0.8387,0.1314,0.1808,0.7025,0.0926,0.1208,0.975
709,732,2018-11-14 04:00:00,24,0.1157,0.1561,0.8319,0.1376,0.1839,0.6885,0.0938,0.1221,0.9754
710,733,2018-11-14 05:00:00,24,0.1153,0.1559,0.8296,0.1365,0.1836,0.6831,0.094,0.1221,0.976
711,734,2018-11-14 06:00:00,24,0.1162,0.1561,0.8246,0.1357,0.1835,0.6732,0.0966,0.1228,0.9759
712,735,2018-11-14 07:00:00,24,0.1147,0.1555,0.8163,0.1335,0.183,0.6569,0.0959,0.1219,0.9756
713,736,2018-11-14 08:00:00,24,0.1201,0.1643,0.7696,0.1398,0.1954,0.5669,0.1005,0.1258,0.9724
714,737,2018-11-14 09:00:00,24,0.1221,0.1662,0.7382,0.1408,0.1955,0.5097,0.1035,0.1304,0.9667
715,738,2018-11-14 10:00:00,24,0.1272,0.1722,0.6708,0.1375,0.1935,0.39,0.1169,0.1477,0.9516
716,739,2018-11-14 11:00:00,24,0.133,0.177,0.5542,0.1404,0.197,0.1666,0.1257,0.1544,0.9419
717,740,2018-11-14 12:00:00,24,0.1231,0.1626,0.6414,0.1205,0.1704,0.3439,0.1257,0.1544,0.9388
718,741,2018-11-14 13:00:00,24,0.1278,0.1654,0.6125,0.1274,0.1747,0.2874,0.1282,0.1554,0.9376
719,742,2018-11-14 14:00:00,24,0.1283,0.1635,0.6458,0.1225,0.166,0.3558,0.134,0.1608,0.9359
720,743,2018-11-14 15:00:00,24,0.1336,0.1703,0.6209,0.132,0.1787,0.3015,0.1353,0.1615,0.9402
721,744,2018-11-14 16:00:00,24,0.1303,0.168,0.6623,0.1319,0.1785,0.3764,0.1287,0.1568,0.9482
722,745,2018-11-14 17:00:00,24,0.1326,0.1704,0.645,0.1356,0.182,0.3402,0.1296,0.1579,0.9498
723,746,2018-11-14 18:00:00,24,0.1344,0.1729,0.618,0.1381,0.1854,0.2863,0.1307,0.1593,0.9497
724,747,2018-11-14 19:00:00,24,0.1349,0.1732,0.6156,0.1378,0.1854,0.2821,0.132,0.1601,0.9491
725,748,2018-11-14 20:00:00,24,0.1326,0.1725,0.6171,0.1354,0.185,0.2846,0.1298,0.159,0.9495
726,749,2018-11-14 21:00:00,24,0.1323,0.171,0.6126,0.1327,0.1818,0.2765,0.1318,0.1595,0.9487
727,750,2018-11-14 22:00:00,24,0.1288,0.1683,0.5992,0.1323,0.1818,0.2472,0.1253,0.1536,0.9513
728,751,2018-11-14 23:00:00,24,0.126,0.1655,0.5903,0.1326,0.1818,0.2284,0.1195,0.1475,0.9521
729,752,2018-11-15 00:00:00,24,0.1304,0.168,0.5568,0.1374,0.185,0.1666,0.1234,0.149,0.947
730,753,2018-11-15 01:00:00,24,0.1272,0.1652,0.5337,0.1367,0.1847,0.1197,0.1176,0.1431,0.9477
731,754,2018-11-15 02:00:00,24,0.1295,0.166,0.5162,0.1402,0.1858,0.0888,0.1187,0.1435,0.9435
732,755,2018-11-15 03:00:00,24,0.1308,0.1665,0.5185,0.1396,0.1856,0.1001,0.1221,0.1451,0.9369
733,756,2018-11-15 04:00:00,24,0.1268,0.1639,0.5291,0.1345,0.1826,0.1234,0.1191,0.1428,0.9348
734,757,2018-11-15 05:00:00,24,0.1297,0.1651,0.5217,0.1359,0.1831,0.1154,0.1234,0.1448,0.928
735,758,2018-11-15 06:00:00,24,0.1296,0.1651,0.5166,0.1353,0.1831,0.1107,0.1238,0.1449,0.9225
736,759,2018-11-15 07:00:00,24,0.1297,0.165,0.5161,0.1358,0.1831,0.1133,0.1235,0.1447,0.9189
737,760,2018-11-15 08:00:00,24,0.1271,0.1579,0.5448,0.1269,0.1654,0.1798,0.1274,0.1501,0.9098
738,761,2018-11-15 09:00:00,24,0.129,0.1587,0.4602,0.1309,0.1672,0.0093,0.1272,0.1498,0.911
739,762,2018-11-15 10:00:00,24,0.1234,0.1513,0.2833,0.1303,0.1669,-0.3634,0.1165,0.1339,0.93
740,763,2018-11-15 11:00:00,24,0.121,0.148,0.3361,0.129,0.1649,-0.2645,0.1129,0.129,0.9367
741,764,2018-11-15 12:00:00,24,0.1353,0.1727,0.4909,0.1539,0.2061,0.0447,0.1167,0.1312,0.9371
742,765,2018-11-15 13:00:00,24,0.1315,0.1705,0.6395,0.1497,0.2032,0.3402,0.1134,0.1298,0.9388
743,766,2018-11-15 14:00:00,24,0.1243,0.1644,0.7221,0.1433,0.1979,0.5012,0.1053,0.1221,0.943
744,767,2018-11-15 15:00:00,24,0.123,0.1614,0.7627,0.134,0.1867,0.5915,0.1119,0.1314,0.9338
745,768,2018-11-15 16:00:00,24,0.1302,0.1718,0.7001,0.1409,0.1997,0.4693,0.1196,0.1384,0.9309
746,769,2018-11-15 17:00:00,24,0.1281,0.1697,0.7098,0.1367,0.1961,0.4792,0.1196,0.1384,0.9404
747,770,2018-11-15 18:00:00,24,0.1219,0.1632,0.7223,0.1286,0.1885,0.4915,0.1152,0.1332,0.9532
748,771,2018-11-15 19:00:00,24,0.1206,0.1627,0.723,0.1272,0.1883,0.4866,0.114,0.1324,0.9594
749,772,2018-11-15 20:00:00,24,0.1238,0.1644,0.7314,0.1291,0.1885,0.5013,0.1186,0.1361,0.9615
750,773,2018-11-15 21:00:00,24,0.1219,0.1628,0.7423,0.1243,0.1853,0.522,0.1195,0.1366,0.9626
751,774,2018-11-15 22:00:00,24,0.1253,0.1663,0.7493,0.1237,0.1853,0.5422,0.1269,0.1447,0.9564
752,775,2018-11-15 23:00:00,24,0.1287,0.1696,0.7619,0.1238,0.1853,0.5757,0.1336,0.1523,0.9481
753,776,2018-11-16 00:00:00,24,0.1286,0.1694,0.7621,0.123,0.1846,0.5807,0.1342,0.1528,0.9435
754,777,2018-11-16 01:00:00,24,0.1289,0.1696,0.7508,0.124,0.1851,0.5631,0.1338,0.1526,0.9384
755,778,2018-11-16 02:00:00,24,0.1276,0.1692,0.7317,0.123,0.1846,0.5311,0.1322,0.1522,0.9322
756,779,2018-11-16 03:00:00,24,0.1252,0.1683,0.7051,0.1212,0.1841,0.4843,0.1293,0.1508,0.926
757,780,2018-11-16 04:00:00,24,0.1249,0.1681,0.6652,0.1214,0.1842,0.4141,0.1284,0.1504,0.9164
758,781,2018-11-16 05:00:00,24,0.1255,0.1688,0.6122,0.1206,0.1839,0.3248,0.1304,0.1523,0.8996
759,782,2018-11-16 06:00:00,24,0.1292,0.1715,0.5414,0.122,0.1841,0.2136,0.1365,0.158,0.8693
760,783,2018-11-16 07:00:00,24,0.132,0.1739,0.4572,0.1232,0.1843,0.0832,0.1407,0.1628,0.8312
761,784,2018-11-16 08:00:00,24,0.132,0.1745,0.4746,0.1208,0.1815,0.1446,0.1432,0.1671,0.8046
762,785,2018-11-16 09:00:00,24,0.1331,0.1755,0.3959,0.1226,0.183,-0.0227,0.1437,0.1678,0.8146
763,786,2018-11-16 10:00:00,24,0.1335,0.1762,0.1581,0.1204,0.1825,-0.5159,0.1465,0.1697,0.832
764,787,2018-11-16 11:00:00,24,0.1303,0.1743,0.0439,0.119,0.1808,-0.7665,0.1415,0.1676,0.8544
765,788,2018-11-16 12:00:00,24,0.1224,0.1544,0.5356,0.1035,0.1402,0.2051,0.1413,0.1674,0.8662
766,789,2018-11-16 13:00:00,24,0.1259,0.1563,0.665,0.1057,0.142,0.461,0.1461,0.1694,0.869
767,790,2018-11-16 14:00:00,24,0.1313,0.1603,0.751,0.1105,0.1469,0.6366,0.1521,0.1728,0.8655
768,791,2018-11-16 15:00:00,24,0.1387,0.1723,0.7964,0.1224,0.167,0.7347,0.1549,0.1774,0.8582
769,792,2018-11-16 16:00:00,24,0.1283,0.1582,0.8624,0.1044,0.1399,0.86,0.1522,0.1745,0.8648
770,793,2018-11-16 17:00:00,24,0.1238,0.1552,0.8791,0.1001,0.1379,0.8843,0.1475,0.1707,0.8739
771,794,2018-11-16 18:00:00,24,0.1248,0.156,0.8881,0.103,0.1405,0.8968,0.1466,0.1701,0.8793
772,795,2018-11-16 19:00:00,24,0.1252,0.1561,0.8936,0.1035,0.1405,0.9047,0.147,0.1703,0.8824
773,796,2018-11-16 20:00:00,24,0.1251,0.1561,0.894,0.1031,0.1404,0.9087,0.1471,0.1704,0.8792
774,797,2018-11-16 21:00:00,24,0.1271,0.1577,0.8936,0.1072,0.1439,0.908,0.1471,0.1704,0.8792
775,798,2018-11-16 22:00:00,24,0.1351,0.1673,0.8826,0.1232,0.1642,0.8763,0.147,0.1703,0.8888
776,799,2018-11-16 23:00:00,24,0.1371,0.17,0.8781,0.1357,0.1769,0.8507,0.1386,0.1628,0.9055
777,800,2018-11-17 00:00:00,24,0.1375,0.1703,0.8772,0.1359,0.1771,0.8463,0.1391,0.1632,0.9082
778,801,2018-11-17 01:00:00,24,0.1393,0.1721,0.8726,0.1335,0.176,0.8431,0.145,0.1682,0.9021
779,802,2018-11-17 02:00:00,24,0.143,0.1749,0.8654,0.1324,0.1756,0.8384,0.1536,0.1742,0.8924
780,803,2018-11-17 03:00:00,24,0.1464,0.1775,0.8557,0.1319,0.1755,0.8301,0.161,0.1795,0.8813
781,804,2018-11-17 04:00:00,24,0.1482,0.1787,0.8467,0.1311,0.1753,0.8202,0.1653,0.182,0.8732
782,805,2018-11-17 05:00:00,24,0.1467,0.1776,0.8404,0.1318,0.1756,0.8057,0.1616,0.1796,0.8751
783,806,2018-11-17 06:00:00,24,0.1429,0.1749,0.8325,0.1308,0.1754,0.7821,0.1551,0.1744,0.883
784,807,2018-11-17 07:00:00,24,0.1393,0.1719,0.8212,0.1311,0.1756,0.7514,0.1474,0.1681,0.891
785,808,2018-11-17 08:00:00,24,0.1465,0.201,0.7032,0.1573,0.2379,0.5023,0.1356,0.1555,0.9042
786,809,2018-11-17 09:00:00,24,0.1419,0.1978,0.7096,0.1519,0.2356,0.5142,0.132,0.1509,0.905
787,810,2018-11-17 10:00:00,24,0.1453,0.2017,0.6992,0.152,0.2356,0.5118,0.1387,0.161,0.8865
788,811,2018-11-17 11:00:00,24,0.1464,0.2014,0.7064,0.1489,0.2333,0.5316,0.1438,0.1633,0.8813
789,812,2018-11-17 12:00:00,24,0.1443,0.1996,0.721,0.1458,0.2307,0.5544,0.1428,0.1627,0.8877
790,813,2018-11-17 13:00:00,24,0.1403,0.198,0.7336,0.1428,0.2293,0.5685,0.1379,0.1605,0.8987
791,814,2018-11-17 14:00:00,24,0.1416,0.1997,0.7284,0.1461,0.2328,0.5512,0.1371,0.1598,0.9056
792,815,2018-11-17 15:00:00,24,0.131,0.1867,0.7423,0.1316,0.2177,0.5631,0.1304,0.1493,0.9216
793,816,2018-11-17 16:00:00,24,0.1346,0.1887,0.7201,0.1364,0.2193,0.5211,0.1328,0.1521,0.9192
794,817,2018-11-17 17:00:00,24,0.1405,0.1925,0.6999,0.1457,0.2244,0.484,0.1353,0.154,0.9158
795,818,2018-11-17 18:00:00,24,0.1406,0.1928,0.6758,0.1468,0.2253,0.4381,0.1344,0.1536,0.9136
796,819,2018-11-17 19:00:00,24,0.1482,0.1995,0.636,0.1602,0.2359,0.3633,0.1362,0.1548,0.9088
797,820,2018-11-17 20:00:00,24,0.1561,0.2069,0.6127,0.1726,0.2454,0.3254,0.1396,0.1594,0.8999
798,821,2018-11-17 21:00:00,24,0.1568,0.2072,0.6171,0.1725,0.2454,0.3399,0.141,0.1603,0.8942
799,822,2018-11-17 22:00:00,24,0.1462,0.1971,0.6533,0.157,0.2323,0.416,0.1354,0.1541,0.8906
800,823,2018-11-17 23:00:00,24,0.14,0.1916,0.6747,0.1442,0.2227,0.4729,0.1358,0.1542,0.8764
801,824,2018-11-18 00:00:00,24,0.1355,0.1893,0.677,0.1385,0.2202,0.4863,0.1324,0.1523,0.8676
802,825,2018-11-18 01:00:00,24,0.1324,0.1874,0.6801,0.1365,0.2199,0.4846,0.1283,0.1478,0.8756
803,826,2018-11-18 02:00:00,24,0.1301,0.1853,0.684,0.1367,0.22,0.4787,0.1236,0.1425,0.8892
804,827,2018-11-18 03:00:00,24,0.1292,0.1836,0.6883,0.1401,0.2208,0.4713,0.1183,0.1366,0.9053
805,828,2018-11-18 04:00:00,24,0.1266,0.1823,0.6921,0.1408,0.2209,0.4672,0.1125,0.1328,0.917
806,829,2018-11-18 05:00:00,24,0.1239,0.1816,0.6921,0.1381,0.2204,0.459,0.1098,0.1319,0.9252
807,830,2018-11-18 06:00:00,24,0.1249,0.1821,0.6907,0.1378,0.2204,0.451,0.1119,0.1332,0.9304
808,831,2018-11-18 07:00:00,24,0.1246,0.1821,0.691,0.1359,0.22,0.4482,0.1132,0.1339,0.9339
809,832,2018-11-18 08:00:00,24,0.1116,0.1421,0.8108,0.1088,0.1495,0.6848,0.1145,0.1343,0.9368
810,833,2018-11-18 09:00:00,24,0.1138,0.1453,0.7423,0.1181,0.1585,0.5433,0.1094,0.1308,0.9414
811,834,2018-11-18 10:00:00,24,0.1094,0.1389,0.6586,0.1181,0.1585,0.366,0.1008,0.1161,0.9511
812,835,2018-11-18 11:00:00,24,0.1074,0.1373,0.5552,0.1164,0.1573,0.1637,0.0984,0.1138,0.9467
813,836,2018-11-18 12:00:00,24,0.1058,0.1366,0.4668,0.1163,0.1571,-0.0017,0.0953,0.1123,0.9352
814,837,2018-11-18 13:00:00,24,0.1076,0.1377,0.3716,0.1191,0.159,-0.1646,0.0961,0.1125,0.9079
815,838,2018-11-18 14:00:00,24,0.1029,0.132,0.4169,0.114,0.1517,-0.0343,0.0917,0.1087,0.8682
816,839,2018-11-18 15:00:00,24,0.1033,0.133,0.4183,0.1199,0.1568,0.0293,0.0867,0.1039,0.8072
817,840,2018-11-18 16:00:00,24,0.0999,0.13,0.4643,0.1205,0.1573,0.1695,0.0793,0.0951,0.7591
818,841,2018-11-18 17:00:00,24,0.0969,0.126,0.5206,0.116,0.1521,0.3272,0.0778,0.0929,0.714
819,842,2018-11-18 18:00:00,24,0.0933,0.1233,0.5311,0.1088,0.1474,0.3788,0.0779,0.093,0.6834
820,843,2018-11-18 19:00:00,24,0.085,0.1116,0.613,0.0962,0.13,0.5317,0.0739,0.0895,0.6942
821,844,2018-11-18 20:00:00,24,0.0753,0.0955,0.711,0.0823,0.1107,0.6544,0.0684,0.0774,0.7676
822,845,2018-11-18 21:00:00,24,0.0739,0.0939,0.7366,0.0782,0.1062,0.664,0.0697,0.0796,0.8093
823,846,2018-11-18 22:00:00,24,0.0751,0.0955,0.768,0.0783,0.1063,0.6599,0.0719,0.0833,0.8762
824,847,2018-11-18 23:00:00,24,0.0741,0.0952,0.7885,0.0778,0.1062,0.6643,0.0703,0.0826,0.9127
825,848,2018-11-19 00:00:00,24,0.0768,0.0978,0.7884,0.0785,0.1065,0.6636,0.075,0.0883,0.9133
826,849,2018-11-19 01:00:00,24,0.076,0.0971,0.7936,0.0813,0.1075,0.661,0.0707,0.0853,0.9262
827,850,2018-11-19 02:00:00,24,0.0742,0.0959,0.7963,0.0812,0.1075,0.6602,0.0673,0.0826,0.9325
828,851,2018-11-19 03:00:00,24,0.073,0.0951,0.798,0.0814,0.1077,0.661,0.0646,0.0807,0.935
829,852,2018-11-19 04:00:00,24,0.0729,0.0951,0.7987,0.0812,0.1076,0.6631,0.0645,0.0807,0.9342
830,853,2018-11-19 05:00:00,24,0.0759,0.0968,0.7925,0.0854,0.1099,0.6529,0.0663,0.0816,0.9321
831,854,2018-11-19 06:00:00,24,0.0754,0.0962,0.7941,0.0855,0.1099,0.6542,0.0652,0.0802,0.934
832,855,2018-11-19 07:00:00,24,0.0755,0.0962,0.7944,0.0874,0.1107,0.6534,0.0636,0.079,0.9353
833,856,2018-11-19 08:00:00,24,0.0814,0.1138,0.7503,0.0997,0.1403,0.565,0.0632,0.0787,0.9355
834,857,2018-11-19 09:00:00,24,0.0814,0.1125,0.796,0.0915,0.1305,0.6754,0.0713,0.091,0.9165
835,858,2018-11-19 10:00:00,24,0.0825,0.1129,0.8184,0.0955,0.1323,0.7135,0.0696,0.0893,0.9232
836,859,2018-11-19 11:00:00,24,0.0846,0.1175,0.8015,0.1022,0.1411,0.6726,0.067,0.0879,0.9304
837,860,2018-11-19 12:00:00,24,0.0854,0.1178,0.8056,0.0978,0.1379,0.688,0.0729,0.0936,0.9231
838,861,2018-11-19 13:00:00,24,0.0864,0.1182,0.8063,0.0955,0.136,0.6959,0.0772,0.0973,0.9168
839,862,2018-11-19 14:00:00,24,0.0852,0.1173,0.8083,0.0896,0.1321,0.7077,0.0808,0.1004,0.9089
840,863,2018-11-19 15:00:00,24,0.0854,0.1165,0.8033,0.0868,0.1285,0.7038,0.0841,0.103,0.9027
841,864,2018-11-19 16:00:00,24,0.0848,0.1157,0.7869,0.0851,0.1269,0.6726,0.0846,0.1032,0.9012
842,865,2018-11-19 17:00:00,24,0.0834,0.1156,0.7635,0.0798,0.1242,0.6336,0.0869,0.1064,0.8933
843,866,2018-11-19 18:00:00,24,0.0923,0.1274,0.7033,0.0863,0.1286,0.5579,0.0982,0.1262,0.8487
844,867,2018-11-19 19:00:00,24,0.0958,0.1313,0.6818,0.0854,0.1284,0.5292,0.1062,0.1341,0.8343
845,868,2018-11-19 20:00:00,24,0.0992,0.1351,0.6846,0.0867,0.1285,0.5367,0.1117,0.1413,0.8326
846,869,2018-11-19 21:00:00,24,0.1002,0.1358,0.6755,0.0895,0.1307,0.5068,0.111,0.1407,0.8443
847,870,2018-11-19 22:00:00,24,0.0979,0.1339,0.6726,0.09,0.1308,0.5031,0.1059,0.137,0.8422
848,871,2018-11-19 23:00:00,24,0.0988,0.1341,0.6579,0.0916,0.1311,0.4949,0.1059,0.137,0.8209
849,872,2018-11-20 00:00:00,24,0.096,0.1321,0.6497,0.0912,0.1309,0.4832,0.1007,0.1332,0.8162
850,873,2018-11-20 01:00:00,24,0.097,0.1323,0.6306,0.0908,0.1307,0.4702,0.1033,0.1339,0.791
851,874,2018-11-20 02:00:00,24,0.1008,0.1348,0.5929,0.0933,0.1323,0.4159,0.1084,0.1373,0.7699
852,875,2018-11-20 03:00:00,24,0.1056,0.1389,0.5562,0.0957,0.1346,0.3637,0.1155,0.143,0.7487
853,876,2018-11-20 04:00:00,24,0.1074,0.1397,0.5406,0.0956,0.1346,0.3385,0.1193,0.1445,0.7427
854,877,2018-11-20 05:00:00,24,0.1048,0.1385,0.5423,0.0921,0.1328,0.3421,0.1175,0.1441,0.7424
855,878,2018-11-20 06:00:00,24,0.1054,0.1391,0.533,0.0917,0.1328,0.3128,0.119,0.1452,0.7532
856,879,2018-11-20 07:00:00,24,0.1076,0.141,0.5306,0.0907,0.1323,0.2915,0.1246,0.1492,0.7697
857,880,2018-11-20 08:00:00,24,0.1062,0.1357,0.6303,0.0868,0.12,0.4712,0.1256,0.1497,0.7894
858,881,2018-11-20 09:00:00,24,0.1062,0.1347,0.6355,0.0896,0.1222,0.4346,0.1228,0.1461,0.8363
859,882,2018-11-20 10:00:00,24,0.1058,0.1345,0.6711,0.0871,0.1207,0.4825,0.1244,0.147,0.8596
860,883,2018-11-20 11:00:00,24,0.108,0.1359,0.6916,0.0876,0.1217,0.5088,0.1284,0.1487,0.8744
861,884,2018-11-20 12:00:00,24,0.1075,0.1351,0.7027,0.0897,0.123,0.5218,0.1253,0.1462,0.8837
862,885,2018-11-20 13:00:00,24,0.1136,0.1442,0.5857,0.1008,0.141,0.2916,0.1264,0.1473,0.8798
863,886,2018-11-20 14:00:00,24,0.1228,0.156,0.4874,0.1159,0.1607,0.1092,0.1297,0.1511,0.8656
864,887,2018-11-20 15:00:00,24,0.1271,0.161,0.4738,0.1184,0.1633,0.1052,0.1358,0.1587,0.8425
865,888,2018-11-20 16:00:00,24,0.1321,0.165,0.5356,0.1214,0.1658,0.233,0.1429,0.1642,0.8383
866,889,2018-11-20 17:00:00,24,0.1326,0.1653,0.583,0.1218,0.1659,0.3045,0.1434,0.1648,0.8615
867,890,2018-11-20 18:00:00,24,0.1271,0.1584,0.6215,0.1175,0.1629,0.3328,0.1366,0.1537,0.9102
868,891,2018-11-20 19:00:00,24,0.1317,0.163,0.6023,0.1298,0.1751,0.2658,0.1335,0.1499,0.9388
869,892,2018-11-20 20:00:00,24,0.1294,0.16,0.5951,0.1306,0.1753,0.2308,0.1281,0.1431,0.9593
870,893,2018-11-20 21:00:00,24,0.128,0.1595,0.6017,0.1268,0.1734,0.2347,0.1292,0.1442,0.9687
871,894,2018-11-20 22:00:00,24,0.1362,0.1687,0.5967,0.1291,0.1741,0.2235,0.1432,0.1631,0.97
872,895,2018-11-20 23:00:00,24,0.1414,0.1718,0.5935,0.1322,0.1755,0.212,0.1507,0.168,0.9751
873,896,2018-11-21 00:00:00,24,0.1453,0.1739,0.5956,0.1344,0.1764,0.2123,0.1562,0.1714,0.9789
874,897,2018-11-21 01:00:00,24,0.1494,0.1771,0.6076,0.1359,0.1771,0.234,0.1629,0.177,0.9813
875,898,2018-11-21 02:00:00,24,0.1448,0.1751,0.6327,0.1312,0.1756,0.2813,0.1584,0.1746,0.984
876,899,2018-11-21 03:00:00,24,0.1386,0.1713,0.663,0.1252,0.1726,0.3396,0.1519,0.1701,0.9863
877,900,2018-11-21 04:00:00,24,0.1392,0.1716,0.6708,0.1261,0.1728,0.3543,0.1522,0.1702,0.9873
878,901,2018-11-21 05:00:00,24,0.1407,0.1722,0.6813,0.1255,0.1728,0.3747,0.1559,0.1715,0.9879
879,902,2018-11-21 06:00:00,24,0.1425,0.1729,0.6705,0.1316,0.1755,0.3525,0.1535,0.1703,0.9884
880,903,2018-11-21 07:00:00,24,0.1405,0.1714,0.6691,0.1316,0.1755,0.3493,0.1495,0.1672,0.9888
881,904,2018-11-21 08:00:00,24,0.1436,0.1825,0.6188,0.1403,0.1971,0.249,0.1469,0.1665,0.9886
882,905,2018-11-21 09:00:00,24,0.142,0.1816,0.6695,0.137,0.1956,0.3514,0.1469,0.1665,0.9877
883,906,2018-11-21 10:00:00,24,0.1442,0.1836,0.6925,0.1439,0.2002,0.3988,0.1445,0.1654,0.9863
884,907,2018-11-21 11:00:00,24,0.1385,0.1791,0.7432,0.1347,0.1928,0.5025,0.1422,0.1642,0.9839
885,908,2018-11-21 12:00:00,24,0.1366,0.1784,0.7442,0.1335,0.1923,0.5079,0.1396,0.1634,0.9805
886,909,2018-11-21 13:00:00,24,0.1266,0.1696,0.7853,0.1195,0.1787,0.5943,0.1336,0.1601,0.9762
887,910,2018-11-21 14:00:00,24,0.1182,0.1589,0.8248,0.1072,0.162,0.6791,0.1293,0.1558,0.9706
888,911,2018-11-21 15:00:00,24,0.1186,0.1601,0.7947,0.1122,0.1699,0.6253,0.1249,0.1496,0.9642
889,912,2018-11-21 16:00:00,24,0.1172,0.1585,0.7777,0.1124,0.1701,0.6008,0.1219,0.146,0.9545
890,913,2018-11-21 17:00:00,24,0.1195,0.1612,0.742,0.1232,0.1787,0.5429,0.1158,0.1415,0.941
891,914,2018-11-21 18:00:00,24,0.118,0.1603,0.7255,0.1267,0.1807,0.5295,0.1094,0.137,0.9214
892,915,2018-11-21 19:00:00,24,0.1137,0.1547,0.7239,0.1208,0.1725,0.5606,0.1067,0.1346,0.8871
893,916,2018-11-21 20:00:00,24,0.1127,0.1541,0.7037,0.1206,0.1725,0.5777,0.1049,0.1333,0.8297
894,917,2018-11-21 21:00:00,24,0.115,0.1568,0.6619,0.1213,0.1727,0.6013,0.1087,0.1391,0.7224
895,918,2018-11-21 22:00:00,24,0.1081,0.1472,0.694,0.1207,0.1724,0.6107,0.0955,0.1167,0.7772
896,919,2018-11-21 23:00:00,24,0.1032,0.1437,0.7005,0.1169,0.1709,0.6106,0.0896,0.11,0.7903
897,920,2018-11-22 00:00:00,24,0.1012,0.142,0.7014,0.1172,0.171,0.5984,0.0851,0.1052,0.8044
898,921,2018-11-22 01:00:00,24,0.0958,0.1376,0.7055,0.1145,0.17,0.5713,0.0771,0.0947,0.8397
899,922,2018-11-22 02:00:00,24,0.0961,0.1376,0.6786,0.1148,0.17,0.5153,0.0775,0.0949,0.8419
900,923,2018-11-22 03:00:00,24,0.0971,0.138,0.6318,0.1153,0.17,0.4264,0.0789,0.0957,0.8372
901,924,2018-11-22 04:00:00,24,0.0987,0.1397,0.5683,0.1203,0.1736,0.2971,0.0771,0.0941,0.8394
902,925,2018-11-22 05:00:00,24,0.102,0.1423,0.4632,0.1228,0.1742,0.1132,0.0813,0.1006,0.8132
903,926,2018-11-22 06:00:00,24,0.0995,0.1406,0.4131,0.1184,0.1717,0.0066,0.0806,0.1003,0.8197
904,927,2018-11-22 07:00:00,24,0.1019,0.142,0.2889,0.1219,0.1734,-0.2314,0.0819,0.1014,0.8093
905,928,2018-11-22 08:00:00,24,0.1007,0.1314,0.5148,0.1154,0.1539,0.2425,0.086,0.104,0.7872
906,929,2018-11-22 09:00:00,24,0.1013,0.1331,0.4949,0.1226,0.1602,0.1727,0.08,0.099,0.8171
907,930,2018-11-22 10:00:00,24,0.1014,0.1346,0.5076,0.1244,0.1629,0.1842,0.0783,0.0985,0.831
908,931,2018-11-22 11:00:00,24,0.1023,0.1353,0.5649,0.127,0.1642,0.2926,0.0776,0.0981,0.8373
909,932,2018-11-22 12:00:00,24,0.1049,0.1373,0.5606,0.1313,0.1673,0.2846,0.0786,0.0985,0.8366
910,933,2018-11-22 13:00:00,24,0.108,0.1387,0.5743,0.1364,0.1695,0.3185,0.0796,0.0988,0.8301
911,934,2018-11-22 14:00:00,24,0.1086,0.1395,0.5929,0.1355,0.1692,0.3511,0.0818,0.1016,0.8348
912,935,2018-11-22 15:00:00,24,0.1031,0.1316,0.6123,0.1279,0.1586,0.3626,0.0783,0.0974,0.862
913,936,2018-11-22 16:00:00,24,0.1009,0.1309,0.5195,0.1207,0.1544,0.1688,0.081,0.1022,0.8701
914,937,2018-11-22 17:00:00,24,0.1006,0.1285,0.5308,0.1162,0.1481,0.1807,0.085,0.1053,0.8809
915,938,2018-11-22 18:00:00,24,0.0982,0.1268,0.4566,0.1115,0.1452,0.0214,0.0849,0.1053,0.8917
916,939,2018-11-22 19:00:00,24,0.0984,0.1285,0.4365,0.1142,0.1491,-0.0284,0.0825,0.104,0.9013
917,940,2018-11-22 20:00:00,24,0.1018,0.1315,0.4246,0.1165,0.1502,-0.0512,0.0871,0.1096,0.9005
918,941,2018-11-22 21:00:00,24,0.0998,0.1282,0.4482,0.1171,0.1505,-0.0114,0.0825,0.1011,0.9079
919,942,2018-11-22 22:00:00,24,0.1032,0.1324,0.4596,0.1162,0.1502,0.0598,0.0901,0.1118,0.8595
920,943,2018-11-22 23:00:00,24,0.1039,0.1328,0.441,0.116,0.1501,0.0608,0.0918,0.1129,0.8211
921,944,2018-11-23 00:00:00,24,0.1041,0.1335,0.4454,0.113,0.1488,0.1189,0.0953,0.1162,0.7719
922,945,2018-11-23 01:00:00,24,0.104,0.1335,0.4568,0.1133,0.1489,0.182,0.0946,0.116,0.7317
923,946,2018-11-23 02:00:00,24,0.105,0.1338,0.4398,0.1162,0.1497,0.1857,0.0939,0.1158,0.694
924,947,2018-11-23 03:00:00,24,0.1036,0.1334,0.4275,0.1153,0.1496,0.1785,0.0919,0.1149,0.6765
925,948,2018-11-23 04:00:00,24,0.1029,0.1323,0.4194,0.1109,0.1457,0.2421,0.0948,0.1175,0.5968
926,949,2018-11-23 05:00:00,24,0.0998,0.1293,0.4423,0.1103,0.1454,0.2602,0.0894,0.1109,0.6244
927,950,2018-11-23 06:00:00,24,0.1018,0.1304,0.4387,0.113,0.1469,0.2539,0.0906,0.1116,0.6235
928,951,2018-11-23 07:00:00,24,0.103,0.1316,0.4213,0.1139,0.1477,0.2439,0.092,0.1132,0.5987
929,952,2018-11-23 08:00:00,24,0.1037,0.1305,0.4311,0.1113,0.1408,0.2594,0.0962,0.1192,0.6029
930,953,2018-11-23 09:00:00,24,0.1041,0.1291,0.4958,0.1079,0.1364,0.3116,0.1004,0.1214,0.68
931,954,2018-11-23 10:00:00,24,0.1042,0.1289,0.5362,0.1077,0.1359,0.3257,0.1007,0.1215,0.7467
932,955,2018-11-23 11:00:00,24,0.1079,0.1353,0.435,0.1158,0.1481,0.0738,0.1,0.1213,0.7962
933,956,2018-11-23 12:00:00,24,0.1073,0.135,0.4828,0.1097,0.1439,0.1626,0.1049,0.1255,0.8031
934,957,2018-11-23 13:00:00,24,0.1145,0.1438,0.4989,0.1136,0.1488,0.245,0.1154,0.1387,0.7529
935,958,2018-11-23 14:00:00,24,0.1179,0.1485,0.5563,0.1147,0.1493,0.3932,0.1211,0.1477,0.7195
936,959,2018-11-23 15:00:00,24,0.1183,0.1487,0.5846,0.1133,0.1481,0.4476,0.1233,0.1492,0.7217
937,960,2018-11-23 16:00:00,24,0.1207,0.1518,0.5243,0.1253,0.1598,0.2974,0.1161,0.1434,0.7513
938,961,2018-11-23 17:00:00,24,0.119,0.1505,0.5429,0.1216,0.1571,0.3169,0.1164,0.1436,0.7689
939,962,2018-11-23 18:00:00,24,0.1207,0.1513,0.5304,0.125,0.1586,0.275,0.1164,0.1436,0.7859
940,963,2018-11-23 19:00:00,24,0.119,0.1485,0.5633,0.118,0.1516,0.3382,0.12,0.1454,0.7883
941,964,2018-11-23 20:00:00,24,0.1223,0.1527,0.5478,0.1207,0.1539,0.337,0.1239,0.1515,0.7586
942,965,2018-11-23 21:00:00,24,0.1248,0.1548,0.5319,0.125,0.1573,0.3086,0.1246,0.1523,0.7551
943,966,2018-11-23 22:00:00,24,0.1264,0.1568,0.5232,0.1262,0.1578,0.3019,0.1267,0.1559,0.7446
944,967,2018-11-23 23:00:00,24,0.1279,0.1575,0.5183,0.1279,0.1582,0.294,0.1278,0.1567,0.7427
945,968,2018-11-24 00:00:00,24,0.1289,0.1576,0.5126,0.1308,0.1594,0.2855,0.1269,0.1559,0.7397
946,969,2018-11-24 01:00:00,24,0.1303,0.1581,0.512,0.1312,0.1595,0.2961,0.1293,0.1566,0.7279
947,970,2018-11-24 02:00:00,24,0.1289,0.1577,0.5223,0.1294,0.1589,0.3282,0.1285,0.1564,0.7164
948,971,2018-11-24 03:00:00,24,0.13,0.1579,0.5185,0.1301,0.159,0.3401,0.1299,0.1569,0.6969
949,972,2018-11-24 04:00:00,24,0.1282,0.1569,0.53,0.1285,0.1584,0.362,0.128,0.1554,0.698
950,973,2018-11-24 05:00:00,24,0.1293,0.1577,0.5337,0.1281,0.1583,0.3776,0.1306,0.1572,0.6898
951,974,2018-11-24 06:00:00,24,0.129,0.1575,0.5361,0.1264,0.1573,0.3926,0.1316,0.1577,0.6796
952,975,2018-11-24 07:00:00,24,0.128,0.1567,0.5349,0.1254,0.1565,0.3895,0.1307,0.157,0.6803
953,976,2018-11-24 08:00:00,24,0.13,0.1625,0.4476,0.1305,0.1692,0.2155,0.1295,0.1555,0.6796
954,977,2018-11-24 09:00:00,24,0.1264,0.1606,0.4446,0.1253,0.1667,0.2434,0.1276,0.1543,0.6457
955,978,2018-11-24 10:00:00,24,0.1278,0.1602,0.3946,0.1197,0.1603,0.25,0.1359,0.1602,0.5391
956,979,2018-11-24 11:00:00,24,0.1263,0.1576,0.3119,0.1165,0.1549,0.311,0.136,0.1602,0.3127
957,980,2018-11-24 12:00:00,24,0.1306,0.163,0.0433,0.129,0.1684,0.2057,0.1322,0.1574,-0.119
958,981,2018-11-24 13:00:00,24,0.1237,0.1552,-0.0272,0.1222,0.1624,0.1884,0.1251,0.1477,-0.2429
959,982,2018-11-24 14:00:00,24,0.1235,0.1541,0.0648,0.1289,0.169,0.0762,0.1182,0.1375,0.0534
960,983,2018-11-24 15:00:00,24,0.1223,0.1534,0.2039,0.1269,0.1681,0.1631,0.1178,0.1372,0.2448
961,984,2018-11-24 16:00:00,24,0.1204,0.1495,0.4085,0.1177,0.1577,0.4009,0.123,0.1407,0.416
962,985,2018-11-24 17:00:00,24,0.1192,0.1491,0.5253,0.1153,0.1571,0.458,0.1231,0.1407,0.5926
963,986,2018-11-24 18:00:00,24,0.1245,0.1535,0.6294,0.118,0.1595,0.5426,0.1311,0.1473,0.7161
964,987,2018-11-24 19:00:00,24,0.1277,0.1565,0.717,0.1199,0.1607,0.6223,0.1355,0.1522,0.8117
965,988,2018-11-24 20:00:00,24,0.1327,0.1716,0.7448,0.1176,0.1587,0.6331,0.1479,0.1836,0.8564
966,989,2018-11-24 21:00:00,24,0.14,0.1882,0.7675,0.1149,0.1563,0.6464,0.1651,0.2155,0.8887
967,990,2018-11-24 22:00:00,24,0.1502,0.209,0.7657,0.1193,0.1599,0.6169,0.181,0.2486,0.9144
968,991,2018-11-24 23:00:00,24,0.1558,0.2147,0.7708,0.1211,0.1608,0.6033,0.1906,0.2575,0.9383
969,992,2018-11-25 00:00:00,24,0.1538,0.2138,0.7786,0.1194,0.16,0.6048,0.1882,0.2566,0.9523
970,993,2018-11-25 01:00:00,24,0.1554,0.2147,0.7828,0.1192,0.1599,0.6054,0.1915,0.2581,0.9603
971,994,2018-11-25 02:00:00,24,0.1579,0.2155,0.7851,0.1198,0.16,0.6048,0.1961,0.2593,0.9654
972,995,2018-11-25 03:00:00,24,0.1585,0.2156,0.7868,0.1207,0.1602,0.6048,0.1963,0.2594,0.9687
973,996,2018-11-25 04:00:00,24,0.1597,0.2159,0.7846,0.1232,0.1613,0.5985,0.1961,0.2593,0.9706
974,997,2018-11-25 05:00:00,24,0.1602,0.216,0.7795,0.1269,0.1633,0.5872,0.1935,0.2582,0.9718
975,998,2018-11-25 06:00:00,24,0.1598,0.2161,0.7807,0.1253,0.1628,0.5898,0.1943,0.2586,0.9716
976,999,2018-11-25 07:00:00,24,0.1614,0.2174,0.7674,0.1294,0.167,0.5636,0.1933,0.2582,0.9711
977,1000,2018-11-25 08:00:00,24,0.1527,0.2067,0.7963,0.1175,0.1418,0.6217,0.188,0.2556,0.9708
978,1001,2018-11-25 09:00:00,24,0.1551,0.2074,0.7545,0.1206,0.143,0.54,0.1896,0.2562,0.9691
979,1002,2018-11-25 10:00:00,24,0.1532,0.2067,0.6571,0.1171,0.1411,0.3483,0.1894,0.256,0.966
980,1003,2018-11-25 11:00:00,24,0.1528,0.2063,0.629,0.1085,0.133,0.2974,0.1972,0.2597,0.9607
981,1004,2018-11-25 12:00:00,24,0.1479,0.2015,0.7471,0.1003,0.1182,0.5391,0.1954,0.2594,0.9551
982,1005,2018-11-25 13:00:00,24,0.1624,0.22,0.5959,0.1155,0.1468,0.2502,0.2093,0.2744,0.9415
983,1006,2018-11-25 14:00:00,24,0.1622,0.2196,0.6127,0.1127,0.1426,0.2957,0.2117,0.2758,0.9296
984,1007,2018-11-25 15:00:00,24,0.166,0.2218,0.5822,0.1188,0.148,0.252,0.2132,0.2766,0.9125
985,1008,2018-11-25 16:00:00,24,0.1662,0.2218,0.5794,0.1211,0.1496,0.2711,0.2113,0.2756,0.8876
986,1009,2018-11-25 17:00:00,24,0.1647,0.2211,0.5697,0.1211,0.1496,0.2919,0.2082,0.2745,0.8474
987,1010,2018-11-25 18:00:00,24,0.1605,0.2186,0.5438,0.1151,0.1453,0.3073,0.2058,0.2729,0.7803
988,1011,2018-11-25 19:00:00,24,0.1587,0.2173,0.4037,0.1171,0.1473,0.1379,0.2003,0.2697,0.6695
989,1012,2018-11-25 20:00:00,24,0.1501,0.2036,0.3983,0.1132,0.1456,0.1192,0.187,0.2485,0.6774
990,1013,2018-11-25 21:00:00,24,0.1396,0.1861,0.4454,0.1128,0.1453,0.1187,0.1664,0.2195,0.7721
991,1014,2018-11-25 22:00:00,24,0.1263,0.1591,0.4995,0.1059,0.1404,0.1341,0.1467,0.1759,0.865
992,1015,2018-11-25 23:00:00,24,0.1246,0.159,0.4361,0.1019,0.1388,0.0143,0.1472,0.177,0.8579
993,1016,2018-11-26 00:00:00,24,0.1302,0.1658,0.3824,0.1023,0.139,-0.0607,0.1581,0.1888,0.8254
994,1017,2018-11-26 01:00:00,24,0.1276,0.1645,0.373,0.1006,0.1386,-0.0592,0.1547,0.1868,0.8052
995,1018,2018-11-26 02:00:00,24,0.1282,0.1652,0.3064,0.1055,0.1423,-0.1536,0.1509,0.1852,0.7664
996,1019,2018-11-26 03:00:00,24,0.1322,0.1677,0.23,0.1112,0.1468,-0.2305,0.1531,0.1863,0.6905
997,1020,2018-11-26 04:00:00,24,0.1318,0.1675,0.1701,0.1099,0.1461,-0.2592,0.1536,0.1865,0.5995
998,1021,2018-11-26 05:00:00,24,0.1418,0.1812,-0.0332,0.1224,0.1683,-0.5419,0.1611,0.1932,0.4755
999,1022,2018-11-26 06:00:00,24,0.1395,0.1803,-0.0395,0.1224,0.1683,-0.489,0.1566,0.1916,0.4099
1000,1023,2018-11-26 07:00:00,24,0.1362,0.1781,-0.045,0.1189,0.1646,-0.4234,0.1534,0.1906,0.3335
1001,1024,2018-11-26 08:00:00,24,0.1452,0.1905,0.0166,0.1303,0.1855,-0.2595,0.1601,0.1954,0.2927
1002,1025,2018-11-26 09:00:00,24,0.1461,0.191,0.1211,0.1309,0.1858,-0.1629,0.1613,0.1961,0.4051
1003,1026,2018-11-26 10:00:00,24,0.1457,0.1902,0.1628,0.136,0.1884,-0.2002,0.1553,0.1919,0.5257
1004,1027,2018-11-26 11:00:00,24,0.1485,0.1942,0.1961,0.1493,0.2012,-0.2454,0.1478,0.1869,0.6375
1005,1028,2018-11-26 12:00:00,24,0.1567,0.2057,0.0448,0.1642,0.2226,-0.6044,0.1493,0.1874,0.694
1006,1029,2018-11-26 13:00:00,24,0.1412,0.1854,0.3573,0.1479,0.2046,-0.0884,0.1346,0.1639,0.8031
1007,1030,2018-11-26 14:00:00,24,0.1408,0.1854,0.3654,0.1502,0.2069,-0.1011,0.1313,0.161,0.832
1008,1031,2018-11-26 15:00:00,24,0.1387,0.1849,0.4287,0.1517,0.2085,0.0046,0.1257,0.1578,0.8529
1009,1032,2018-11-26 16:00:00,24,0.1369,0.1839,0.4807,0.1502,0.2077,0.0993,0.1236,0.1567,0.862
1010,1033,2018-11-26 17:00:00,24,0.1384,0.1845,0.5138,0.1543,0.209,0.1633,0.1225,0.1563,0.8642
1011,1034,2018-11-26 18:00:00,24,0.1444,0.1955,0.5543,0.1728,0.2302,0.2385,0.116,0.1531,0.87
1012,1035,2018-11-26 19:00:00,24,0.1432,0.1948,0.6052,0.1713,0.2293,0.3395,0.1151,0.1526,0.8709
1013,1036,2018-11-26 20:00:00,24,0.146,0.1959,0.6028,0.1812,0.2351,0.322,0.1108,0.1467,0.8837
1014,1037,2018-11-26 21:00:00,24,0.1447,0.1955,0.6088,0.1781,0.2342,0.3334,0.1112,0.147,0.8842
1015,1038,2018-11-26 22:00:00,24,0.1464,0.1959,0.621,0.185,0.2371,0.3515,0.1078,0.1432,0.8904
1016,1039,2018-11-26 23:00:00,24,0.1441,0.1912,0.6473,0.1869,0.2373,0.3864,0.1013,0.1295,0.9082
1017,1040,2018-11-27 00:00:00,24,0.1373,0.1851,0.6726,0.1847,0.237,0.4192,0.0899,0.1113,0.9259
1018,1041,2018-11-27 01:00:00,24,0.1373,0.185,0.6781,0.1867,0.2372,0.4361,0.0879,0.1103,0.92
1019,1042,2018-11-27 02:00:00,24,0.1352,0.1837,0.6879,0.1817,0.235,0.4631,0.0887,0.1106,0.9127
1020,1043,2018-11-27 03:00:00,24,0.1316,0.1815,0.6929,0.1757,0.2322,0.4788,0.0875,0.1094,0.907
1021,1044,2018-11-27 04:00:00,24,0.1302,0.181,0.6913,0.1749,0.232,0.4839,0.0855,0.1081,0.8987
1022,1045,2018-11-27 05:00:00,24,0.1189,0.1668,0.7131,0.1617,0.216,0.519,0.0761,0.0948,0.9071
1023,1046,2018-11-27 06:00:00,24,0.1272,0.1731,0.6656,0.1718,0.223,0.4498,0.0827,0.1009,0.8815
1024,1047,2018-11-27 07:00:00,24,0.1283,0.1733,0.6424,0.1705,0.2223,0.4107,0.0862,0.103,0.874
1025,1048,2018-11-27 08:00:00,24,0.1217,0.1647,0.6266,0.1658,0.2136,0.3468,0.0776,0.0929,0.9063
1026,1049,2018-11-27 09:00:00,24,0.12,0.1639,0.5718,0.1663,0.2139,0.2267,0.0738,0.0892,0.917
1027,1050,2018-11-27 10:00:00,24,0.1242,0.1715,0.6029,0.1759,0.2259,0.2857,0.0725,0.0885,0.9201
1028,1051,2018-11-27 11:00:00,24,0.1278,0.1735,0.5381,0.1722,0.2208,0.1878,0.0834,0.1069,0.8883
1029,1052,2018-11-27 12:00:00,24,0.1311,0.1752,0.6173,0.1702,0.2166,0.3646,0.0921,0.1202,0.87
1030,1053,2018-11-27 13:00:00,24,0.1336,0.1771,0.6402,0.1709,0.2167,0.4167,0.0964,0.1257,0.8637
1031,1054,2018-11-27 14:00:00,24,0.1312,0.1747,0.6554,0.1653,0.2124,0.452,0.0971,0.1263,0.8587
1032,1055,2018-11-27 15:00:00,24,0.1271,0.1716,0.6642,0.1581,0.2073,0.4799,0.0962,0.1262,0.8485
1033,1056,2018-11-27 16:00:00,24,0.1327,0.1763,0.6603,0.1613,0.2093,0.4854,0.104,0.1355,0.8351
1034,1057,2018-11-27 17:00:00,24,0.1332,0.1771,0.6786,0.1635,0.2108,0.5154,0.1028,0.1353,0.8417
1035,1058,2018-11-27 18:00:00,24,0.132,0.1727,0.6649,0.1599,0.2033,0.4837,0.1041,0.1355,0.8461
1036,1059,2018-11-27 19:00:00,24,0.1306,0.172,0.6496,0.1575,0.2021,0.4499,0.1038,0.1353,0.8492
1037,1060,2018-11-27 20:00:00,24,0.1281,0.17,0.6445,0.1492,0.1956,0.4794,0.1069,0.1398,0.8096
1038,1061,2018-11-27 21:00:00,24,0.1325,0.1759,0.6095,0.1482,0.1955,0.4723,0.1168,0.1539,0.7467
1039,1062,2018-11-27 22:00:00,24,0.1362,0.1821,0.5809,0.1448,0.193,0.4516,0.1277,0.1706,0.7103
1040,1063,2018-11-27 23:00:00,24,0.1371,0.1825,0.5682,0.151,0.1971,0.3797,0.1233,0.1666,0.7567
1041,1064,2018-11-28 00:00:00,24,0.1404,0.1849,0.5381,0.1509,0.1971,0.2974,0.1299,0.1719,0.7788
1042,1065,2018-11-28 01:00:00,24,0.1418,0.1854,0.5009,0.151,0.1971,0.2078,0.1326,0.1728,0.7939
1043,1066,2018-11-28 02:00:00,24,0.1451,0.1869,0.4185,0.1542,0.1984,0.0519,0.136,0.1746,0.785
1044,1067,2018-11-28 03:00:00,24,0.1444,0.1866,0.3142,0.1546,0.1985,-0.1545,0.1341,0.1739,0.783
1045,1068,2018-11-28 04:00:00,24,0.1464,0.1877,0.0963,0.1586,0.2005,-0.5757,0.1342,0.1739,0.7683
1046,1069,2018-11-28 05:00:00,24,0.1471,0.1881,-0.2474,0.1597,0.2012,-1.2329,0.1344,0.1739,0.7381
1047,1070,2018-11-28 06:00:00,24,0.1414,0.1831,-0.3038,0.1526,0.1944,-1.3303,0.1301,0.171,0.7226
1048,1071,2018-11-28 07:00:00,24,0.14,0.1828,-0.3762,0.1535,0.195,-1.4619,0.1266,0.1697,0.7095
1049,1072,2018-11-28 08:00:00,24,0.1433,0.1876,-0.276,0.1578,0.2034,-1.2578,0.1288,0.1702,0.7059
1050,1073,2018-11-28 09:00:00,24,0.1454,0.1886,-0.2734,0.1585,0.2039,-1.2501,0.1323,0.172,0.7033
1051,1074,2018-11-28 10:00:00,24,0.1428,0.1826,-0.3441,0.1474,0.1895,-1.4129,0.1381,0.1754,0.7248
1052,1075,2018-11-28 11:00:00,24,0.1364,0.1756,-0.2332,0.1405,0.1831,-1.2754,0.1323,0.1677,0.8091
1053,1076,2018-11-28 12:00:00,24,0.1295,0.1668,0.1399,0.137,0.1752,-0.5916,0.1221,0.158,0.8713
1054,1077,2018-11-28 13:00:00,24,0.1257,0.1643,0.4617,0.1377,0.1755,0.0169,0.1138,0.1523,0.9065
1055,1078,2018-11-28 14:00:00,24,0.1293,0.1676,0.546,0.1414,0.1785,0.1771,0.1173,0.156,0.9149
1056,1079,2018-11-28 15:00:00,24,0.1406,0.1824,0.4202,0.1591,0.2041,-0.0803,0.1221,0.1578,0.9207
1057,1080,2018-11-28 16:00:00,24,0.1405,0.1838,0.4551,0.1656,0.2119,-0.0228,0.1155,0.1505,0.9329
1058,1081,2018-11-28 17:00:00,24,0.1456,0.1872,0.4171,0.1687,0.215,-0.1014,0.1224,0.1546,0.9356
1059,1082,2018-11-28 18:00:00,24,0.1404,0.1795,0.4866,0.1554,0.2004,0.0331,0.1255,0.1559,0.9401
1060,1083,2018-11-28 19:00:00,24,0.1418,0.1803,0.4953,0.158,0.2017,0.0469,0.1256,0.156,0.9437
1061,1084,2018-11-28 20:00:00,24,0.1414,0.1791,0.5182,0.1609,0.203,0.087,0.1219,0.1514,0.9494
1062,1085,2018-11-28 21:00:00,24,0.1472,0.1937,0.5163,0.1609,0.203,0.1094,0.1335,0.1839,0.9232
1063,1086,2018-11-28 22:00:00,24,0.1544,0.2116,0.5186,0.1619,0.2035,0.1526,0.1468,0.2194,0.8846
1064,1087,2018-11-28 23:00:00,24,0.1632,0.227,0.5509,0.1586,0.2008,0.2473,0.1677,0.2505,0.8545
1065,1088,2018-11-29 00:00:00,24,0.1679,0.232,0.5866,0.1608,0.2013,0.3163,0.1749,0.259,0.8569
1066,1089,2018-11-29 01:00:00,24,0.1712,0.2353,0.6175,0.1591,0.201,0.3633,0.1833,0.2652,0.8718
1067,1090,2018-11-29 02:00:00,24,0.1719,0.2357,0.6579,0.1606,0.202,0.4236,0.1832,0.2651,0.8922
1068,1091,2018-11-29 03:00:00,24,0.1733,0.2365,0.6839,0.159,0.2017,0.4603,0.1877,0.2668,0.9075
1069,1092,2018-11-29 04:00:00,24,0.1767,0.239,0.708,0.1568,0.2004,0.4965,0.1966,0.2721,0.9194
1070,1093,2018-11-29 05:00:00,24,0.1766,0.2387,0.7265,0.1554,0.1996,0.5232,0.1979,0.2723,0.9298
1071,1094,2018-11-29 06:00:00,24,0.1786,0.2404,0.7344,0.1605,0.2038,0.5324,0.1967,0.2721,0.9364
1072,1095,2018-11-29 07:00:00,24,0.1878,0.248,0.7419,0.1632,0.2059,0.5462,0.2125,0.2839,0.9376
1073,1096,2018-11-29 08:00:00,24,0.1887,0.2472,0.7836,0.1613,0.2019,0.6251,0.2161,0.2853,0.9421
1074,1097,2018-11-29 09:00:00,24,0.1856,0.246,0.8009,0.1575,0.2002,0.6559,0.2137,0.2845,0.9458
1075,1098,2018-11-29 10:00:00,24,0.1883,0.2492,0.7994,0.1559,0.1994,0.6552,0.2207,0.2907,0.9437
1076,1099,2018-11-29 11:00:00,24,0.1885,0.2501,0.7913,0.1616,0.2039,0.6395,0.2154,0.289,0.943
1077,1100,2018-11-29 12:00:00,24,0.188,0.2477,0.7706,0.1563,0.1962,0.6012,0.2198,0.2902,0.9401
1078,1101,2018-11-29 13:00:00,24,0.1912,0.2491,0.6948,0.161,0.1994,0.4539,0.2213,0.2904,0.9356
1079,1102,2018-11-29 14:00:00,24,0.1907,0.2494,0.5551,0.1648,0.2037,0.1785,0.2167,0.288,0.9317
1080,1103,2018-11-29 15:00:00,24,0.1899,0.2456,0.5904,0.1548,0.1847,0.2582,0.2251,0.2942,0.9227
1081,1104,2018-11-29 16:00:00,24,0.1924,0.2476,0.6359,0.1563,0.1876,0.3579,0.2285,0.2957,0.9138
1082,1105,2018-11-29 17:00:00,24,0.1935,0.2489,0.6456,0.1534,0.1843,0.392,0.2337,0.2998,0.8992
1083,1106,2018-11-29 18:00:00,24,0.1976,0.2511,0.6605,0.1566,0.1862,0.4395,0.2385,0.3024,0.8815
1084,1107,2018-11-29 19:00:00,24,0.1995,0.2526,0.6482,0.1609,0.1904,0.4339,0.2381,0.3024,0.8626
1085,1108,2018-11-29 20:00:00,24,0.2011,0.2536,0.6401,0.1624,0.1915,0.4333,0.2397,0.3032,0.8469
1086,1109,2018-11-29 21:00:00,24,0.1963,0.2429,0.654,0.1644,0.1918,0.448,0.2282,0.2849,0.8599
1087,1110,2018-11-29 22:00:00,24,0.1906,0.2273,0.6461,0.1722,0.2003,0.3981,0.2091,0.2514,0.8942
1088,1111,2018-11-29 23:00:00,24,0.1788,0.2104,0.6642,0.1678,0.1987,0.4066,0.1899,0.2214,0.9218
1089,1112,2018-11-30 00:00:00,24,0.1754,0.2066,0.6549,0.1768,0.2066,0.3749,0.1739,0.2067,0.9349
1090,1113,2018-11-30 01:00:00,24,0.17,0.2023,0.6635,0.1767,0.2065,0.3857,0.1633,0.1981,0.9414
1091,1114,2018-11-30 02:00:00,24,0.1657,0.2005,0.6671,0.1704,0.2041,0.3914,0.1609,0.1968,0.9429
1092,1115,2018-11-30 03:00:00,24,0.165,0.1998,0.6628,0.1718,0.2043,0.3814,0.1583,0.1952,0.9442
1093,1116,2018-11-30 04:00:00,24,0.1592,0.1959,0.6628,0.168,0.2034,0.3794,0.1504,0.1881,0.9462
1094,1117,2018-11-30 05:00:00,24,0.1564,0.1951,0.6655,0.1645,0.2023,0.3868,0.1483,0.1877,0.9442
1095,1118,2018-11-30 06:00:00,24,0.1559,0.1942,0.656,0.1626,0.2004,0.3699,0.1491,0.1878,0.9421
1096,1119,2018-11-30 07:00:00,24,0.1446,0.1836,0.6532,0.1548,0.1966,0.3592,0.1345,0.1697,0.9472
1097,1120,2018-11-30 08:00:00,24,0.1387,0.1752,0.6161,0.1422,0.1799,0.2959,0.1353,0.1704,0.9363
1098,1121,2018-11-30 09:00:00,24,0.1479,0.187,0.4727,0.1589,0.2014,0.026,0.1369,0.1713,0.9194
1099,1122,2018-11-30 10:00:00,24,0.1411,0.1803,0.477,0.1566,0.2007,0.0322,0.1255,0.1573,0.9217
1100,1123,2018-11-30 11:00:00,24,0.1441,0.1846,0.4982,0.1619,0.2083,0.0887,0.1262,0.1575,0.9078
1101,1124,2018-11-30 12:00:00,24,0.1422,0.1834,0.4995,0.1613,0.2077,0.111,0.123,0.1554,0.888
1102,1125,2018-11-30 13:00:00,24,0.14,0.1821,0.4479,0.1584,0.2055,0.0389,0.1215,0.1552,0.8569
1103,1126,2018-11-30 14:00:00,24,0.1357,0.178,0.4406,0.1515,0.1988,0.0688,0.1199,0.1544,0.8125
1104,1127,2018-11-30 15:00:00,24,0.1305,0.1714,0.478,0.149,0.1961,0.1495,0.112,0.1425,0.8064
1105,1128,2018-11-30 16:00:00,24,0.1255,0.1652,0.445,0.144,0.1882,0.1014,0.1069,0.1385,0.7886
1106,1129,2018-11-30 17:00:00,24,0.1243,0.1651,0.4716,0.1506,0.1968,0.1282,0.098,0.1256,0.8151
1107,1130,2018-11-30 18:00:00,24,0.1194,0.1612,0.4733,0.1467,0.1948,0.1047,0.092,0.1184,0.842
1108,1131,2018-11-30 19:00:00,24,0.121,0.1625,0.4506,0.1477,0.196,0.0535,0.0943,0.1198,0.8477
1109,1132,2018-11-30 20:00:00,24,0.1145,0.1586,0.4713,0.1417,0.1933,0.0708,0.0872,0.1139,0.8719
1110,1133,2018-11-30 21:00:00,24,0.1104,0.153,0.468,0.1405,0.193,0.0315,0.0803,0.0977,0.9045
1111,1134,2018-11-30 22:00:00,24,0.1031,0.1441,0.519,0.1296,0.1828,0.1284,0.0767,0.0901,0.9097
1112,1135,2018-11-30 23:00:00,24,0.1047,0.1452,0.5032,0.1311,0.1831,0.1251,0.0784,0.0931,0.8814
1113,1136,2018-12-01 00:00:00,24,0.0994,0.1394,0.5041,0.1202,0.1737,0.155,0.0787,0.0931,0.8531
1114,1137,2018-12-01 01:00:00,24,0.1009,0.1398,0.4494,0.1231,0.1745,0.0979,0.0787,0.0931,0.8009
1115,1138,2018-12-01 02:00:00,24,0.1009,0.1397,0.4017,0.1242,0.1746,0.0775,0.0776,0.0924,0.7259
1116,1139,2018-12-01 03:00:00,24,0.1009,0.1396,0.3926,0.125,0.1748,0.0942,0.0767,0.0916,0.6909
1117,1140,2018-12-01 04:00:00,24,0.1035,0.1415,0.3992,0.1262,0.1749,0.1371,0.0809,0.0971,0.6613
1118,1141,2018-12-01 05:00:00,24,0.1068,0.144,0.4056,0.1332,0.1791,0.0957,0.0805,0.0971,0.7155
1119,1142,2018-12-01 06:00:00,24,0.1051,0.1423,0.4543,0.1292,0.176,0.1341,0.081,0.0974,0.7744
1120,1143,2018-12-01 07:00:00,24,0.107,0.143,0.4721,0.1332,0.1772,0.126,0.0808,0.0973,0.8182
1121,1144,2018-12-01 08:00:00,24,0.1108,0.1543,0.4242,0.1477,0.1984,-0.0198,0.074,0.0909,0.8681
1122,1145,2018-12-01 09:00:00,24,0.1066,0.144,0.5278,0.1371,0.1805,0.1531,0.0762,0.0943,0.9025
1123,1146,2018-12-01 10:00:00,24,0.1068,0.144,0.5448,0.1381,0.1807,0.1581,0.0754,0.0938,0.9315
1124,1147,2018-12-01 11:00:00,24,0.1025,0.1368,0.5264,0.1306,0.1693,0.1043,0.0745,0.0935,0.9484
1125,1148,2018-12-01 12:00:00,24,0.0986,0.1334,0.5454,0.1241,0.1643,0.131,0.0732,0.0928,0.9597
1126,1149,2018-12-01 13:00:00,24,0.1035,0.1377,0.4948,0.1287,0.1691,0.0271,0.0782,0.0966,0.9625
1127,1150,2018-12-01 14:00:00,24,0.1073,0.1412,0.558,0.1309,0.1708,0.1554,0.0837,0.1033,0.9607
1128,1151,2018-12-01 15:00:00,24,0.1156,0.1595,0.405,0.1451,0.1985,-0.149,0.0862,0.107,0.959
1129,1152,2018-12-01 16:00:00,24,0.1206,0.167,0.3826,0.1517,0.2091,-0.1916,0.0895,0.1098,0.9568
1130,1153,2018-12-01 17:00:00,24,0.1193,0.1636,0.3692,0.1444,0.2004,-0.2136,0.0942,0.1157,0.952
1131,1154,2018-12-01 18:00:00,24,0.1264,0.1707,0.2978,0.1487,0.2026,-0.3458,0.1041,0.1312,0.9415
1132,1155,2018-12-01 19:00:00,24,0.1203,0.166,0.3608,0.1393,0.1957,-0.2231,0.1014,0.1297,0.9447
1133,1156,2018-12-01 20:00:00,24,0.1207,0.1661,0.3649,0.1401,0.1958,-0.216,0.1012,0.1297,0.9458
1134,1157,2018-12-01 21:00:00,24,0.1292,0.1766,0.3686,0.1472,0.1998,-0.1858,0.1112,0.1499,0.9229
1135,1158,2018-12-01 22:00:00,24,0.1393,0.1901,0.4146,0.1546,0.2047,-0.0555,0.124,0.1743,0.8847
1136,1159,2018-12-01 23:00:00,24,0.1491,0.2066,0.4631,0.1577,0.206,0.1004,0.1406,0.2073,0.8259
1137,1160,2018-12-02 00:00:00,24,0.1531,0.2087,0.4899,0.1576,0.206,0.1621,0.1485,0.2113,0.8176
1138,1161,2018-12-02 01:00:00,24,0.1531,0.2087,0.4997,0.1557,0.2055,0.1863,0.1506,0.2119,0.8131
1139,1162,2018-12-02 02:00:00,24,0.1527,0.2087,0.4996,0.1565,0.2056,0.1882,0.1489,0.2117,0.811
1140,1163,2018-12-02 03:00:00,24,0.1507,0.2083,0.4946,0.1545,0.2053,0.1755,0.147,0.2113,0.8137
1141,1164,2018-12-02 04:00:00,24,0.1481,0.2069,0.4708,0.1556,0.2055,0.1186,0.1406,0.2083,0.823
1142,1165,2018-12-02 05:00:00,24,0.1484,0.2062,0.4736,0.1522,0.2031,0.1249,0.1445,0.2093,0.8224
1143,1166,2018-12-02 06:00:00,24,0.1469,0.2058,0.458,0.1498,0.2024,0.0929,0.1439,0.2091,0.8231
1144,1167,2018-12-02 07:00:00,24,0.1497,0.2074,0.4235,0.1534,0.2049,0.0245,0.146,0.2098,0.8226
1145,1168,2018-12-02 08:00:00,24,0.1453,0.1987,0.5134,0.1385,0.1842,0.2081,0.1522,0.2122,0.8187
1146,1169,2018-12-02 09:00:00,24,0.1431,0.1971,0.5167,0.1343,0.181,0.2169,0.152,0.2121,0.8165
1147,1170,2018-12-02 10:00:00,24,0.1453,0.1985,0.5116,0.1332,0.1807,0.2174,0.1574,0.2148,0.8057
1148,1171,2018-12-02 11:00:00,24,0.145,0.1981,0.5189,0.1274,0.1774,0.2485,0.1627,0.2169,0.7894
1149,1172,2018-12-02 12:00:00,24,0.1547,0.2074,0.4876,0.1309,0.1792,0.2322,0.1784,0.2321,0.7429
1150,1173,2018-12-02 13:00:00,24,0.1511,0.2056,0.4715,0.1216,0.1731,0.2172,0.1807,0.2337,0.7257
1151,1174,2018-12-02 14:00:00,24,0.1476,0.2035,0.3331,0.1165,0.17,-0.0592,0.1786,0.2323,0.7254
1152,1175,2018-12-02 15:00:00,24,0.136,0.1879,0.5641,0.0948,0.1311,0.4074,0.1772,0.2312,0.7208
1153,1176,2018-12-02 16:00:00,24,0.1307,0.1808,0.5572,0.0874,0.1118,0.3942,0.1739,0.2299,0.7201
1154,1177,2018-12-02 17:00:00,24,0.1307,0.1809,0.5294,0.087,0.1112,0.3579,0.1745,0.2304,0.7008
1155,1178,2018-12-02 18:00:00,24,0.1269,0.1776,0.5355,0.0816,0.1067,0.4163,0.1721,0.2274,0.6547
1156,1179,2018-12-02 19:00:00,24,0.1306,0.1805,0.5021,0.0813,0.1066,0.4187,0.1799,0.232,0.5854
1157,1180,2018-12-02 20:00:00,24,0.1386,0.1864,0.4705,0.0855,0.1101,0.3926,0.1918,0.2396,0.5484
1158,1181,2018-12-02 21:00:00,24,0.1369,0.1895,0.5873,0.0776,0.1025,0.4873,0.1961,0.2477,0.6872
1159,1182,2018-12-02 22:00:00,24,0.1282,0.1767,0.6904,0.0739,0.0959,0.5626,0.1826,0.2308,0.8182
1160,1183,2018-12-02 23:00:00,24,0.1184,0.1581,0.7314,0.0687,0.0922,0.565,0.1681,0.2037,0.8978
1161,1184,2018-12-03 00:00:00,24,0.1217,0.1612,0.7326,0.0723,0.0947,0.5441,0.1712,0.2073,0.921
1162,1185,2018-12-03 01:00:00,24,0.1221,0.1612,0.7388,0.0735,0.0953,0.5389,0.1707,0.2072,0.9386
1163,1186,2018-12-03 02:00:00,24,0.132,0.1701,0.6903,0.0809,0.1055,0.4387,0.1831,0.2162,0.9419
1164,1187,2018-12-03 03:00:00,24,0.136,0.1726,0.6883,0.0816,0.1057,0.4317,0.1904,0.22,0.9449
1165,1188,2018-12-03 04:00:00,24,0.1363,0.1728,0.6875,0.0829,0.1065,0.4263,0.1897,0.22,0.9486
1166,1189,2018-12-03 05:00:00,24,0.1363,0.1732,0.6974,0.0804,0.1047,0.4442,0.1922,0.2215,0.9506
1167,1190,2018-12-03 06:00:00,24,0.1387,0.1742,0.6894,0.0832,0.1064,0.4267,0.1943,0.2222,0.9522
1168,1191,2018-12-03 07:00:00,24,0.1364,0.1725,0.7188,0.0796,0.1015,0.4839,0.1931,0.2218,0.9536
1169,1192,2018-12-03 08:00:00,24,0.1384,0.1755,0.6914,0.0876,0.1151,0.427,0.1892,0.2199,0.9558
1170,1193,2018-12-03 09:00:00,24,0.139,0.1758,0.6829,0.0904,0.1181,0.4084,0.1875,0.2188,0.9574
1171,1194,2018-12-03 10:00:00,24,0.1434,0.1794,0.6725,0.0998,0.129,0.3864,0.1871,0.2185,0.9586
1172,1195,2018-12-03 11:00:00,24,0.149,0.1868,0.5072,0.1145,0.1512,0.0552,0.1835,0.2167,0.9593
1173,1196,2018-12-03 12:00:00,24,0.1432,0.179,0.4744,0.1174,0.1545,-0.0145,0.169,0.2006,0.9633
1174,1197,2018-12-03 13:00:00,24,0.1473,0.1814,0.3321,0.1264,0.1608,-0.2951,0.1681,0.1998,0.9594
1175,1198,2018-12-03 14:00:00,24,0.1467,0.1812,0.0691,0.1256,0.1607,-0.814,0.1678,0.1996,0.9522
1176,1199,2018-12-03 15:00:00,24,0.145,0.18,-0.4101,0.1266,0.1608,-1.7629,0.1634,0.1973,0.9428
1177,1200,2018-12-03 16:00:00,24,0.1422,0.1775,-0.3402,0.1207,0.155,-1.6045,0.1636,0.1974,0.924
1178,1201,2018-12-03 17:00:00,24,0.1457,0.1825,-0.3702,0.122,0.1564,-1.624,0.1694,0.2054,0.8836
1179,1202,2018-12-03 18:00:00,24,0.1561,0.196,-0.5043,0.139,0.1797,-1.826,0.1732,0.211,0.8174
1180,1203,2018-12-03 19:00:00,24,0.1606,0.2033,-0.3957,0.1391,0.1797,-1.4756,0.1821,0.2245,0.6841
1181,1204,2018-12-03 20:00:00,24,0.1654,0.2165,-0.3702,0.1357,0.1778,-1.3107,0.1951,0.2493,0.5704
1182,1205,2018-12-03 21:00:00,24,0.1644,0.2095,-0.3958,0.1431,0.1818,-1.4213,0.1857,0.2339,0.6297
1183,1206,2018-12-03 22:00:00,24,0.162,0.2085,-0.3142,0.1429,0.1817,-1.2775,0.1811,0.2323,0.649
1184,1207,2018-12-03 23:00:00,24,0.1588,0.206,-0.248,0.1448,0.182,-1.186,0.1728,0.2276,0.69
1185,1208,2018-12-04 00:00:00,24,0.1549,0.2027,-0.1111,0.1426,0.181,-0.9509,0.1671,0.2223,0.7286
1186,1209,2018-12-04 01:00:00,24,0.1585,0.2055,-0.0809,0.143,0.1811,-0.8852,0.1741,0.2274,0.7235
1187,1210,2018-12-04 02:00:00,24,0.149,0.1983,-0.0133,0.1357,0.1754,-0.7767,0.1622,0.2188,0.7501
1188,1211,2018-12-04 03:00:00,24,0.1478,0.1976,-0.0108,0.1349,0.1753,-0.7689,0.1608,0.2176,0.7474
1189,1212,2018-12-04 04:00:00,24,0.1483,0.1976,0.0005,0.1322,0.1745,-0.7405,0.1643,0.2184,0.7415
1190,1213,2018-12-04 05:00:00,24,0.147,0.1968,-0.019,0.1342,0.1753,-0.7774,0.1598,0.2161,0.7394
1191,1214,2018-12-04 06:00:00,24,0.1493,0.1987,-0.0307,0.134,0.1752,-0.7795,0.1646,0.2198,0.7181
1192,1215,2018-12-04 07:00:00,24,0.1472,0.1981,-0.0212,0.131,0.1741,-0.7448,0.1634,0.2195,0.7023
1193,1216,2018-12-04 08:00:00,24,0.15,0.2,-0.0448,0.1311,0.1742,-0.7665,0.169,0.2228,0.6769
1194,1217,2018-12-04 09:00:00,24,0.1515,0.2011,-0.0599,0.1314,0.1746,-0.7873,0.1716,0.2245,0.6675
1195,1218,2018-12-04 10:00:00,24,0.1501,0.2002,-0.1178,0.1248,0.1677,-0.9117,0.1755,0.2282,0.6762
1196,1219,2018-12-04 11:00:00,24,0.1514,0.2026,-0.0128,0.1271,0.1733,-0.7076,0.1757,0.2282,0.6819
1197,1220,2018-12-04 12:00:00,24,0.1544,0.2047,0.2341,0.1287,0.1754,-0.2019,0.1802,0.2304,0.67
1198,1221,2018-12-04 13:00:00,24,0.1531,0.2042,0.4201,0.1227,0.1702,0.2093,0.1835,0.2333,0.631
1199,1222,2018-12-04 14:00:00,24,0.1563,0.2058,0.444,0.1269,0.172,0.2916,0.1857,0.2348,0.5963
1200,1223,2018-12-04 15:00:00,24,0.1633,0.2118,0.41,0.1286,0.1726,0.2725,0.198,0.2448,0.5475
1201,1224,2018-12-04 16:00:00,24,0.1701,0.2169,0.4213,0.1368,0.181,0.303,0.2034,0.2475,0.5396
1202,1225,2018-12-04 17:00:00,24,0.1685,0.2144,0.4403,0.1402,0.1852,0.2354,0.1967,0.2402,0.6452
1203,1226,2018-12-04 18:00:00,24,0.1577,0.2019,0.5865,0.1232,0.1627,0.4191,0.1922,0.2346,0.7538
1204,1227,2018-12-04 19:00:00,24,0.1533,0.1934,0.6136,0.1282,0.1654,0.4004,0.1783,0.2178,0.8269
1205,1228,2018-12-04 20:00:00,24,0.1427,0.1732,0.6434,0.1272,0.1651,0.4024,0.1581,0.181,0.8844
1206,1229,2018-12-04 21:00:00,24,0.139,0.1694,0.6608,0.1229,0.1615,0.4218,0.1552,0.1769,0.8998
1207,1230,2018-12-04 22:00:00,24,0.1402,0.1698,0.664,0.123,0.1616,0.4218,0.1575,0.1777,0.9062
1208,1231,2018-12-04 23:00:00,24,0.1483,0.1792,0.6586,0.124,0.162,0.4157,0.1725,0.1948,0.9015
1209,1232,2018-12-05 00:00:00,24,0.1504,0.1816,0.6648,0.1237,0.1619,0.4175,0.1772,0.1994,0.9121
1210,1233,2018-12-05 01:00:00,24,0.149,0.1805,0.6754,0.1224,0.1615,0.423,0.1756,0.1976,0.9278
1211,1234,2018-12-05 02:00:00,24,0.1516,0.1824,0.6782,0.1202,0.1611,0.4205,0.183,0.2015,0.9358
1212,1235,2018-12-05 03:00:00,24,0.1495,0.181,0.6854,0.1221,0.1615,0.4264,0.1768,0.1986,0.9444
1213,1236,2018-12-05 04:00:00,24,0.1525,0.1825,0.6736,0.1275,0.1644,0.3981,0.1775,0.199,0.9492
1214,1237,2018-12-05 05:00:00,24,0.1517,0.1822,0.6663,0.126,0.1637,0.3807,0.1773,0.1989,0.9519
1215,1238,2018-12-05 06:00:00,24,0.1514,0.1815,0.6406,0.1292,0.1662,0.3254,0.1737,0.1956,0.9557
1216,1239,2018-12-05 07:00:00,24,0.1548,0.1828,0.6226,0.1331,0.168,0.2897,0.1766,0.1966,0.9556
1217,1240,2018-12-05 08:00:00,24,0.1568,0.1876,0.5251,0.139,0.1799,0.0958,0.1746,0.1949,0.9543
1218,1241,2018-12-05 09:00:00,24,0.151,0.1843,0.5116,0.1345,0.1771,0.0717,0.1675,0.1913,0.9516
1219,1242,2018-12-05 10:00:00,24,0.1514,0.184,0.4155,0.1374,0.1793,-0.1134,0.1654,0.1886,0.9444
1220,1243,2018-12-05 11:00:00,24,0.151,0.1801,0.5252,0.1262,0.1588,0.1259,0.1758,0.1991,0.9245
1221,1244,2018-12-05 12:00:00,24,0.1508,0.1796,0.5018,0.1243,0.1561,0.0977,0.1772,0.2004,0.9059
1222,1245,2018-12-05 13:00:00,24,0.1524,0.1814,0.3625,0.1332,0.1662,-0.1652,0.1717,0.1954,0.8902
1223,1246,2018-12-05 14:00:00,24,0.1515,0.1821,0.3505,0.1288,0.1643,-0.1629,0.1742,0.1982,0.8639
1224,1247,2018-12-05 15:00:00,24,0.1448,0.1752,0.3564,0.1279,0.164,-0.1524,0.1617,0.1857,0.8652
1225,1248,2018-12-05 16:00:00,24,0.1364,0.1684,0.2478,0.1173,0.1537,-0.362,0.1555,0.1819,0.8576
1226,1249,2018-12-05 17:00:00,24,0.1362,0.1691,0.3041,0.1115,0.1464,-0.2165,0.1609,0.1891,0.8247
1227,1250,2018-12-05 18:00:00,24,0.1447,0.183,0.2424,0.1169,0.1497,-0.2744,0.1724,0.2111,0.7592
1228,1251,2018-12-05 19:00:00,24,0.1491,0.1904,0.2225,0.1134,0.1472,-0.2551,0.1848,0.2254,0.7001
1229,1252,2018-12-05 20:00:00,24,0.155,0.1952,0.1867,0.1182,0.1502,-0.2971,0.1917,0.2316,0.6705
1230,1253,2018-12-05 21:00:00,24,0.1525,0.1933,0.1314,0.1189,0.1505,-0.448,0.1861,0.2281,0.7107
1231,1254,2018-12-05 22:00:00,24,0.1541,0.1955,0.1451,0.1151,0.1484,-0.4156,0.1931,0.2332,0.7059
1232,1255,2018-12-05 23:00:00,24,0.1514,0.1907,0.1306,0.1154,0.1485,-0.479,0.1874,0.2252,0.7402
1233,1256,2018-12-06 00:00:00,24,0.1498,0.1888,0.1367,0.1159,0.1487,-0.4842,0.1838,0.2218,0.7575
1234,1257,2018-12-06 01:00:00,24,0.1497,0.1883,0.1393,0.1169,0.149,-0.484,0.1826,0.2208,0.7626
1235,1258,2018-12-06 02:00:00,24,0.1494,0.1874,0.1358,0.1184,0.1493,-0.4897,0.1803,0.219,0.7612
1236,1259,2018-12-06 03:00:00,24,0.1508,0.1881,0.119,0.1212,0.1509,-0.5191,0.1803,0.219,0.7572
1237,1260,2018-12-06 04:00:00,24,0.1488,0.1869,0.1188,0.1187,0.1488,-0.5141,0.1789,0.2185,0.7517
1238,1261,2018-12-06 05:00:00,24,0.1508,0.1877,0.0978,0.1205,0.1498,-0.547,0.1811,0.2192,0.7426
1239,1262,2018-12-06 06:00:00,24,0.1463,0.1854,0.1308,0.1165,0.1465,-0.4757,0.1761,0.2174,0.7373
1240,1263,2018-12-06 07:00:00,24,0.1421,0.184,0.1476,0.1116,0.1444,-0.4437,0.1727,0.2165,0.7389
1241,1264,2018-12-06 08:00:00,24,0.1443,0.1863,0.2229,0.1115,0.1441,-0.2919,0.1771,0.2205,0.7376
1242,1265,2018-12-06 09:00:00,24,0.1437,0.1862,0.3411,0.1107,0.1439,-0.0651,0.1767,0.2205,0.7474
1243,1266,2018-12-06 10:00:00,24,0.1381,0.1826,0.396,0.1047,0.1399,0.0297,0.1714,0.2171,0.7622
1244,1267,2018-12-06 11:00:00,24,0.1339,0.1778,0.4891,0.1059,0.1414,0.194,0.1619,0.2079,0.7842
1245,1268,2018-12-06 12:00:00,24,0.135,0.1818,0.3971,0.1134,0.156,0.0092,0.1567,0.2044,0.785
1246,1269,2018-12-06 13:00:00,24,0.134,0.1801,0.3965,0.1108,0.1516,0.0245,0.1573,0.2047,0.7684
1247,1270,2018-12-06 14:00:00,24,0.1356,0.181,0.3845,0.1212,0.1611,0.0343,0.15,0.199,0.7347
1248,1271,2018-12-06 15:00:00,24,0.1349,0.181,0.373,0.1215,0.1612,0.0958,0.1483,0.1988,0.6501
1249,1272,2018-12-06 16:00:00,24,0.1377,0.1831,0.2266,0.1286,0.1661,-0.0084,0.1468,0.1986,0.4616
1250,1273,2018-12-06 17:00:00,24,0.1334,0.1783,0.0775,0.1304,0.1676,-0.1356,0.1364,0.1884,0.2907
1251,1274,2018-12-06 18:00:00,24,0.1229,0.1614,0.1951,0.1256,0.1647,-0.1049,0.1202,0.158,0.495
1252,1275,2018-12-06 19:00:00,24,0.1194,0.1535,0.2372,0.1281,0.1662,-0.1575,0.1107,0.1397,0.6319
1253,1276,2018-12-06 20:00:00,24,0.1164,0.1501,0.2425,0.1313,0.1698,-0.1795,0.1015,0.1274,0.6645
1254,1277,2018-12-06 21:00:00,24,0.1172,0.1508,0.1775,0.1301,0.1692,-0.2236,0.1043,0.1298,0.5786
1255,1278,2018-12-06 22:00:00,24,0.1172,0.1511,0.1772,0.1296,0.1691,-0.2886,0.1047,0.1307,0.6431
1256,1279,2018-12-06 23:00:00,24,0.119,0.153,0.185,0.1323,0.1709,-0.3804,0.1058,0.1328,0.7505
1257,1280,2018-12-07 00:00:00,24,0.1281,0.1696,0.1687,0.1358,0.173,-0.4469,0.1205,0.1662,0.7843
1258,1281,2018-12-07 01:00:00,24,0.1249,0.1677,0.1683,0.1337,0.1725,-0.5197,0.1161,0.1627,0.8562
1259,1282,2018-12-07 02:00:00,24,0.1254,0.1679,0.1613,0.1347,0.1728,-0.57,0.1162,0.1628,0.8927
1260,1283,2018-12-07 03:00:00,24,0.1256,0.1681,0.1689,0.1304,0.1711,-0.5744,0.1209,0.165,0.9123
1261,1284,2018-12-07 04:00:00,24,0.1283,0.1699,0.1037,0.1315,0.1718,-0.7171,0.125,0.1681,0.9245
1262,1285,2018-12-07 05:00:00,24,0.1296,0.1709,0.0526,0.1319,0.172,-0.8284,0.1273,0.1698,0.9337
1263,1286,2018-12-07 06:00:00,24,0.1311,0.1716,-0.0014,0.1339,0.1731,-0.9417,0.1283,0.17,0.9389
1264,1287,2018-12-07 07:00:00,24,0.1364,0.174,-0.167,0.1385,0.1747,-1.2753,0.1344,0.1733,0.9413
1265,1288,2018-12-07 08:00:00,24,0.1318,0.1667,0.1023,0.1345,0.1659,-0.7403,0.1291,0.1674,0.9449
1266,1289,2018-12-07 09:00:00,24,0.1369,0.1716,0.1218,0.1331,0.1657,-0.6907,0.1407,0.1773,0.9342
1267,1290,2018-12-07 10:00:00,24,0.1389,0.1729,0.1561,0.139,0.169,-0.6167,0.1389,0.1767,0.9289
1268,1291,2018-12-07 11:00:00,24,0.1436,0.179,0.157,0.1453,0.179,-0.606,0.1419,0.1789,0.9201
1269,1292,2018-12-07 12:00:00,24,0.1393,0.1724,0.3543,0.1321,0.1621,-0.2002,0.1465,0.1822,0.9088
1270,1293,2018-12-07 13:00:00,24,0.137,0.1701,0.4604,0.1269,0.1566,0.0205,0.1471,0.1827,0.9003
1271,1294,2018-12-07 14:00:00,24,0.1328,0.1661,0.4932,0.1196,0.1481,0.0959,0.1459,0.1823,0.8905
1272,1295,2018-12-07 15:00:00,24,0.137,0.1681,0.4257,0.1237,0.1511,-0.0235,0.1503,0.1836,0.875
1273,1296,2018-12-07 16:00:00,24,0.1374,0.1677,0.4581,0.1175,0.1459,0.0653,0.1574,0.187,0.8509
1274,1297,2018-12-07 17:00:00,24,0.139,0.17,0.497,0.1214,0.1514,0.1662,0.1565,0.1867,0.8278
1275,1298,2018-12-07 18:00:00,24,0.1362,0.1689,0.5487,0.1203,0.1512,0.2897,0.1521,0.1849,0.8077
1276,1299,2018-12-07 19:00:00,24,0.1383,0.1711,0.5269,0.124,0.1553,0.2622,0.1527,0.1855,0.7916
1277,1300,2018-12-07 20:00:00,24,0.1374,0.1697,0.5287,0.1214,0.1521,0.2869,0.1533,0.1857,0.7705
1278,1301,2018-12-07 21:00:00,24,0.1434,0.1765,0.5025,0.1323,0.1657,0.2351,0.1545,0.1867,0.77
1279,1302,2018-12-07 22:00:00,24,0.141,0.1733,0.5291,0.1351,0.1667,0.2594,0.1469,0.1796,0.7987
1280,1303,2018-12-07 23:00:00,24,0.1371,0.1696,0.5639,0.1312,0.1644,0.2915,0.1431,0.1746,0.8362
1281,1304,2018-12-08 00:00:00,24,0.1272,0.152,0.5926,0.129,0.1628,0.2836,0.1253,0.1405,0.9015
1282,1305,2018-12-08 01:00:00,24,0.1291,0.1537,0.5818,0.1287,0.1628,0.2661,0.1295,0.1441,0.8974
1283,1306,2018-12-08 02:00:00,24,0.1258,0.1522,0.5695,0.1264,0.1622,0.2415,0.1252,0.1414,0.8975
1284,1307,2018-12-08 03:00:00,24,0.1251,0.1516,0.5551,0.1266,0.1623,0.2201,0.1237,0.1401,0.8901
1285,1308,2018-12-08 04:00:00,24,0.1221,0.1498,0.5502,0.1221,0.1604,0.2205,0.122,0.1383,0.88
1286,1309,2018-12-08 05:00:00,24,0.122,0.1497,0.5208,0.1237,0.1617,0.1836,0.1202,0.1365,0.858
1287,1310,2018-12-08 06:00:00,24,0.1256,0.1527,0.4851,0.124,0.162,0.1598,0.1273,0.1428,0.8103
1288,1311,2018-12-08 07:00:00,24,0.1245,0.1516,0.4349,0.1239,0.1619,0.1266,0.125,0.1406,0.7431
1289,1312,2018-12-08 08:00:00,24,0.1241,0.154,0.3681,0.1267,0.168,0.0715,0.1215,0.1385,0.6647
1290,1313,2018-12-08 09:00:00,24,0.1258,0.1532,0.3494,0.1328,0.1708,-0.0114,0.1187,0.1332,0.7102
1291,1314,2018-12-08 10:00:00,24,0.1284,0.1569,0.2964,0.1275,0.1677,-0.151,0.1293,0.1453,0.7438
1292,1315,2018-12-08 11:00:00,24,0.1211,0.1478,0.4187,0.1182,0.1537,0.0272,0.1241,0.1416,0.8103
1293,1316,2018-12-08 12:00:00,24,0.1209,0.1473,0.4378,0.1222,0.1565,0.0357,0.1196,0.1374,0.84
1294,1317,2018-12-08 13:00:00,24,0.1188,0.1459,0.4977,0.1207,0.1558,0.1506,0.1169,0.1353,0.8448
1295,1318,2018-12-08 14:00:00,24,0.1198,0.1463,0.5134,0.1213,0.1561,0.1833,0.1182,0.1359,0.8435
1296,1319,2018-12-08 15:00:00,24,0.1177,0.1447,0.5545,0.1182,0.1537,0.2592,0.1171,0.1351,0.8498
1297,1320,2018-12-08 16:00:00,24,0.1184,0.1449,0.5476,0.1229,0.1569,0.2283,0.1139,0.1318,0.8668
1298,1321,2018-12-08 17:00:00,24,0.1197,0.1473,0.5363,0.1253,0.1613,0.1994,0.114,0.1319,0.8733
1299,1322,2018-12-08 18:00:00,24,0.1276,0.1534,0.4813,0.1323,0.1654,0.0936,0.1229,0.1404,0.8691
1300,1323,2018-12-08 19:00:00,24,0.1302,0.1626,0.4853,0.126,0.1601,0.1529,0.1344,0.165,0.8177
1301,1324,2018-12-08 20:00:00,24,0.131,0.1636,0.4841,0.1221,0.1571,0.1744,0.14,0.1699,0.7939
1302,1325,2018-12-08 21:00:00,24,0.124,0.1556,0.5435,0.1107,0.1425,0.2913,0.1373,0.1677,0.7958
1303,1326,2018-12-08 22:00:00,24,0.1257,0.1587,0.5343,0.1071,0.1412,0.2936,0.1443,0.1744,0.775
1304,1327,2018-12-08 23:00:00,24,0.122,0.1562,0.5361,0.1065,0.141,0.2811,0.1375,0.1701,0.7911
1305,1328,2018-12-09 00:00:00,24,0.1219,0.1562,0.5448,0.1069,0.1413,0.2938,0.1368,0.1698,0.7958
1306,1329,2018-12-09 01:00:00,24,0.1241,0.1571,0.539,0.111,0.1429,0.2746,0.1372,0.1701,0.8033
1307,1330,2018-12-09 02:00:00,24,0.1246,0.1573,0.5404,0.1111,0.143,0.2723,0.138,0.1704,0.8085
1308,1331,2018-12-09 03:00:00,24,0.1246,0.1576,0.5382,0.1102,0.1429,0.2725,0.139,0.1711,0.8039
1309,1332,2018-12-09 04:00:00,24,0.126,0.1579,0.5324,0.1138,0.1442,0.2535,0.1382,0.1705,0.8113
1310,1333,2018-12-09 05:00:00,24,0.1213,0.1556,0.5516,0.1079,0.1409,0.2862,0.1347,0.169,0.817
1311,1334,2018-12-09 06:00:00,24,0.1198,0.154,0.5575,0.1071,0.1403,0.2933,0.1326,0.1667,0.8216
1312,1335,2018-12-09 07:00:00,24,0.1199,0.1541,0.5555,0.108,0.1411,0.2814,0.1317,0.1662,0.8297
1313,1336,2018-12-09 08:00:00,24,0.1147,0.1445,0.5912,0.0958,0.1178,0.3533,0.1337,0.167,0.8291
1314,1337,2018-12-09 09:00:00,24,0.1089,0.1397,0.5817,0.092,0.1143,0.3202,0.1258,0.161,0.8432
1315,1338,2018-12-09 10:00:00,24,0.1096,0.1392,0.5812,0.0944,0.1157,0.3126,0.1247,0.1592,0.8498
1316,1339,2018-12-09 11:00:00,24,0.1069,0.1379,0.6302,0.0903,0.1128,0.4152,0.1235,0.159,0.8452
1317,1340,2018-12-09 12:00:00,24,0.1048,0.1363,0.6759,0.0856,0.1085,0.5122,0.124,0.1593,0.8396
1318,1341,2018-12-09 13:00:00,24,0.1074,0.1402,0.7117,0.0931,0.1189,0.5876,0.1217,0.1586,0.8358
1319,1342,2018-12-09 14:00:00,24,0.1091,0.1416,0.774,0.095,0.1209,0.7209,0.1233,0.1596,0.8272
1320,1343,2018-12-09 15:00:00,24,0.1116,0.1457,0.7948,0.0923,0.1197,0.7826,0.131,0.1677,0.8069
1321,1344,2018-12-09 16:00:00,24,0.1089,0.1438,0.8162,0.089,0.1163,0.8352,0.1287,0.1668,0.7973
1322,1345,2018-12-09 17:00:00,24,0.1044,0.1378,0.8424,0.076,0.0968,0.896,0.1328,0.1691,0.7888
1323,1346,2018-12-09 18:00:00,24,0.0973,0.1314,0.8404,0.0685,0.0895,0.918,0.1261,0.1628,0.7627
1324,1347,2018-12-09 19:00:00,24,0.0951,0.1216,0.8812,0.0713,0.0925,0.9145,0.1189,0.145,0.8478
1325,1348,2018-12-09 20:00:00,24,0.0989,0.1272,0.8923,0.0754,0.0976,0.9024,0.1224,0.1512,0.8821
1326,1349,2018-12-09 21:00:00,24,0.0972,0.1263,0.9025,0.0744,0.0972,0.8997,0.12,0.1499,0.9053
1327,1350,2018-12-09 22:00:00,24,0.096,0.1243,0.9032,0.0822,0.1049,0.8782,0.1098,0.1411,0.9281
1328,1351,2018-12-09 23:00:00,24,0.0963,0.1245,0.9043,0.0814,0.1047,0.8749,0.1112,0.1416,0.9336
1329,1352,2018-12-10 00:00:00,24,0.0932,0.1232,0.9039,0.0772,0.1026,0.8705,0.1093,0.1409,0.9374
1330,1353,2018-12-10 01:00:00,24,0.093,0.1227,0.8996,0.0792,0.1051,0.8584,0.1067,0.1381,0.9408
1331,1354,2018-12-10 02:00:00,24,0.0974,0.1258,0.8903,0.084,0.1083,0.8421,0.1107,0.1412,0.9385
1332,1355,2018-12-10 03:00:00,24,0.0989,0.1262,0.8818,0.0888,0.1108,0.826,0.1089,0.1399,0.9376
1333,1356,2018-12-10 04:00:00,24,0.0967,0.1251,0.8747,0.0888,0.1109,0.8122,0.1045,0.138,0.9371
1334,1357,2018-12-10 05:00:00,24,0.1031,0.1301,0.8503,0.0974,0.119,0.7692,0.1088,0.1404,0.9313
1335,1358,2018-12-10 06:00:00,24,0.1005,0.1283,0.8389,0.0976,0.1193,0.7464,0.1034,0.1368,0.9314
1336,1359,2018-12-10 07:00:00,24,0.1022,0.13,0.8189,0.098,0.1197,0.713,0.1063,0.1395,0.9248
1337,1360,2018-12-10 08:00:00,24,0.1111,0.1483,0.7357,0.1146,0.1557,0.5565,0.1077,0.1405,0.9148
1338,1361,2018-12-10 09:00:00,24,0.1151,0.1528,0.7395,0.1128,0.1553,0.5868,0.1174,0.1502,0.8923
1339,1362,2018-12-10 10:00:00,24,0.1186,0.1589,0.7631,0.1251,0.1733,0.6243,0.1122,0.1431,0.902
1340,1363,2018-12-10 11:00:00,24,0.1302,0.1767,0.6891,0.146,0.2044,0.4788,0.1144,0.1437,0.8994
1341,1364,2018-12-10 12:00:00,24,0.1328,0.1797,0.6805,0.1544,0.2104,0.4586,0.1112,0.1426,0.9024
1342,1365,2018-12-10 13:00:00,24,0.1302,0.177,0.6898,0.1449,0.2043,0.481,0.1155,0.1446,0.8986
1343,1366,2018-12-10 14:00:00,24,0.129,0.1762,0.6669,0.1437,0.2035,0.4302,0.1144,0.1438,0.9036
1344,1367,2018-12-10 15:00:00,24,0.1321,0.1778,0.6335,0.1537,0.2102,0.3468,0.1106,0.1379,0.9201
1345,1368,2018-12-10 16:00:00,24,0.1351,0.1801,0.5982,0.1526,0.2099,0.2732,0.1177,0.1443,0.9232
1346,1369,2018-12-10 17:00:00,24,0.1349,0.1799,0.5761,0.1527,0.2099,0.2207,0.1172,0.1439,0.9315
1347,1370,2018-12-10 18:00:00,24,0.1419,0.1852,0.4865,0.1646,0.2179,0.0373,0.1192,0.1452,0.9356
1348,1371,2018-12-10 19:00:00,24,0.1395,0.1838,0.4315,0.1707,0.2235,-0.0848,0.1083,0.1327,0.9478
1349,1372,2018-12-10 20:00:00,24,0.1346,0.1797,0.4193,0.1725,0.2251,-0.1179,0.0967,0.118,0.9565
1350,1373,2018-12-10 21:00:00,24,0.1444,0.1942,0.3779,0.1729,0.2252,-0.1564,0.116,0.1572,0.9123
1351,1374,2018-12-10 22:00:00,24,0.1552,0.2101,0.3584,0.1708,0.2236,-0.1254,0.1396,0.1956,0.8422
1352,1375,2018-12-10 23:00:00,24,0.1628,0.2161,0.3552,0.1743,0.2246,-0.0959,0.1513,0.2073,0.8062
1353,1376,2018-12-11 00:00:00,24,0.1682,0.2181,0.3393,0.1789,0.2257,-0.1181,0.1575,0.2103,0.7967
1354,1377,2018-12-11 01:00:00,24,0.1654,0.2172,0.3459,0.178,0.2252,-0.1166,0.1527,0.2089,0.8083
1355,1378,2018-12-11 02:00:00,24,0.1599,0.2152,0.3517,0.1732,0.2237,-0.1175,0.1466,0.2065,0.8209
1356,1379,2018-12-11 03:00:00,24,0.1595,0.2151,0.3668,0.1734,0.2238,-0.0993,0.1456,0.2061,0.8329
1357,1380,2018-12-11 04:00:00,24,0.161,0.216,0.3575,0.1762,0.2254,-0.1262,0.1459,0.2061,0.8412
1358,1381,2018-12-11 05:00:00,24,0.1553,0.2131,0.3878,0.168,0.2212,-0.0764,0.1425,0.2047,0.8519
1359,1382,2018-12-11 06:00:00,24,0.1569,0.2137,0.3886,0.1689,0.2217,-0.0811,0.1449,0.2053,0.8584
1360,1383,2018-12-11 07:00:00,24,0.1524,0.2117,0.4018,0.1663,0.2204,-0.0642,0.1385,0.2026,0.8678
1361,1384,2018-12-11 08:00:00,24,0.1501,0.2064,0.4276,0.161,0.2098,-0.0178,0.1392,0.2031,0.8731
1362,1385,2018-12-11 09:00:00,24,0.1468,0.2034,0.4253,0.1617,0.2099,-0.0327,0.1318,0.1967,0.8832
1363,1386,2018-12-11 10:00:00,24,0.1387,0.1954,0.286,0.151,0.1962,-0.3128,0.1264,0.1947,0.8848
1364,1387,2018-12-11 11:00:00,24,0.1343,0.1848,0.4648,0.1411,0.1739,0.0472,0.1275,0.1951,0.8824
1365,1388,2018-12-11 12:00:00,24,0.1336,0.1829,0.4471,0.1358,0.1682,0.0168,0.1315,0.1964,0.8773
1366,1389,2018-12-11 13:00:00,24,0.1359,0.1841,0.3105,0.1379,0.1688,-0.252,0.1339,0.1982,0.873
1367,1390,2018-12-11 14:00:00,24,0.1339,0.1832,0.2499,0.1352,0.1673,-0.3694,0.1326,0.1978,0.8693
1368,1391,2018-12-11 15:00:00,24,0.1333,0.1824,0.4051,0.134,0.1655,-0.0472,0.1327,0.1978,0.8574
1369,1392,2018-12-11 16:00:00,24,0.1338,0.1825,0.5133,0.1352,0.1661,0.1901,0.1325,0.1976,0.8366
1370,1393,2018-12-11 17:00:00,24,0.1361,0.1837,0.593,0.1429,0.1705,0.3758,0.1294,0.1961,0.8102
1371,1394,2018-12-11 18:00:00,24,0.1305,0.1789,0.6644,0.1319,0.1602,0.5544,0.129,0.1958,0.7744
1372,1395,2018-12-11 19:00:00,24,0.1277,0.1753,0.6623,0.125,0.1516,0.5953,0.1303,0.1961,0.7294
1373,1396,2018-12-11 20:00:00,24,0.1287,0.1753,0.6563,0.1242,0.1505,0.6321,0.1331,0.1969,0.6804
1374,1397,2018-12-11 21:00:00,24,0.12,0.1595,0.717,0.1259,0.1512,0.6389,0.1142,0.1674,0.795
1375,1398,2018-12-11 22:00:00,24,0.1133,0.1414,0.7733,0.1254,0.1507,0.6543,0.1012,0.1314,0.8923
1376,1399,2018-12-11 23:00:00,24,0.1103,0.1357,0.7931,0.1253,0.1507,0.6676,0.0954,0.1188,0.9186
1377,1400,2018-12-12 00:00:00,24,0.1079,0.1338,0.7933,0.1262,0.1514,0.6585,0.0897,0.1135,0.928
1378,1401,2018-12-12 01:00:00,24,0.1094,0.1343,0.785,0.1237,0.1496,0.6427,0.0952,0.117,0.9273
1379,1402,2018-12-12 02:00:00,24,0.1107,0.1346,0.7711,0.1239,0.1497,0.615,0.0974,0.1176,0.9272
1380,1403,2018-12-12 03:00:00,24,0.1103,0.1343,0.7393,0.1214,0.1482,0.5538,0.0992,0.1188,0.9248
1381,1404,2018-12-12 04:00:00,24,0.1089,0.1328,0.7228,0.1158,0.1444,0.5242,0.102,0.12,0.9215
1382,1405,2018-12-12 05:00:00,24,0.1119,0.1344,0.6751,0.1182,0.1452,0.4326,0.1056,0.1227,0.9176
1383,1406,2018-12-12 06:00:00,24,0.1131,0.1354,0.6161,0.1178,0.1448,0.3203,0.1084,0.1254,0.9119
1384,1407,2018-12-12 07:00:00,24,0.1168,0.1377,0.5229,0.1192,0.1458,0.1444,0.1143,0.1291,0.9015
1385,1408,2018-12-12 08:00:00,24,0.1171,0.137,0.5533,0.1176,0.1418,0.2127,0.1167,0.1321,0.8939
1386,1409,2018-12-12 09:00:00,24,0.118,0.1382,0.5469,0.1164,0.1416,0.1988,0.1195,0.1346,0.895
1387,1410,2018-12-12 10:00:00,24,0.1213,0.1407,0.4828,0.1146,0.1402,0.0709,0.128,0.1413,0.8948
1388,1411,2018-12-12 11:00:00,24,0.1189,0.1364,0.5219,0.1088,0.1306,0.1405,0.1289,0.1419,0.9032
1389,1412,2018-12-12 12:00:00,24,0.1246,0.1527,0.5024,0.1246,0.1643,0.0964,0.1245,0.1401,0.9084
1390,1413,2018-12-12 13:00:00,24,0.1243,0.1522,0.6433,0.1252,0.1646,0.3856,0.1234,0.1388,0.901
1391,1414,2018-12-12 14:00:00,24,0.1273,0.1559,0.7003,0.1232,0.1642,0.5377,0.1313,0.1472,0.863
1392,1415,2018-12-12 15:00:00,24,0.126,0.1576,0.6795,0.1273,0.1711,0.5135,0.1246,0.1427,0.8456
1393,1416,2018-12-12 16:00:00,24,0.1271,0.1582,0.6597,0.1304,0.1733,0.4863,0.1238,0.1416,0.833
1394,1417,2018-12-12 17:00:00,24,0.1259,0.1569,0.6387,0.1256,0.1696,0.4571,0.1261,0.143,0.8203
1395,1418,2018-12-12 18:00:00,24,0.1285,0.1595,0.6076,0.126,0.1697,0.3975,0.1309,0.1487,0.8178
1396,1419,2018-12-12 19:00:00,24,0.1303,0.1622,0.6145,0.1222,0.1682,0.3957,0.1385,0.1561,0.8333
1397,1420,2018-12-12 20:00:00,24,0.1303,0.1621,0.6236,0.1182,0.1647,0.3831,0.1423,0.1594,0.8641
1398,1421,2018-12-12 21:00:00,24,0.1336,0.165,0.6174,0.1179,0.1646,0.3642,0.1493,0.1653,0.8707
1399,1422,2018-12-12 22:00:00,24,0.1324,0.1662,0.61,0.1129,0.1623,0.3559,0.1519,0.17,0.8641
1400,1423,2018-12-12 23:00:00,24,0.1319,0.1655,0.5968,0.114,0.1631,0.3335,0.1499,0.1678,0.8602
1401,1424,2018-12-13 00:00:00,24,0.1353,0.1704,0.5925,0.1092,0.1609,0.359,0.1613,0.1793,0.826
1402,1425,2018-12-13 01:00:00,24,0.1364,0.172,0.5899,0.1081,0.1605,0.3712,0.1648,0.1828,0.8085
1403,1426,2018-12-13 02:00:00,24,0.1383,0.1727,0.5907,0.1106,0.1613,0.3876,0.1661,0.1833,0.7938
1404,1427,2018-12-13 03:00:00,24,0.1394,0.1736,0.5895,0.1099,0.1611,0.402,0.1689,0.1853,0.777
1405,1428,2018-12-13 04:00:00,24,0.1384,0.1734,0.5801,0.1111,0.1614,0.4003,0.1656,0.1846,0.7599
1406,1429,2018-12-13 05:00:00,24,0.1394,0.1743,0.5737,0.1157,0.165,0.3935,0.163,0.1831,0.7539
1407,1430,2018-12-13 06:00:00,24,0.1402,0.1762,0.5756,0.1129,0.1634,0.4163,0.1675,0.1881,0.735
1408,1431,2018-12-13 07:00:00,24,0.1377,0.1747,0.5817,0.112,0.1628,0.4332,0.1635,0.1859,0.7303
1409,1432,2018-12-13 08:00:00,24,0.1374,0.1737,0.6153,0.11,0.1589,0.5089,0.1648,0.1874,0.7216
1410,1433,2018-12-13 09:00:00,24,0.1426,0.1778,0.5993,0.1155,0.1614,0.4961,0.1697,0.1929,0.7025
1411,1434,2018-12-13 10:00:00,24,0.1441,0.1794,0.6001,0.1166,0.1622,0.4851,0.1717,0.1952,0.715
1412,1435,2018-12-13 11:00:00,24,0.1409,0.1777,0.6274,0.1118,0.1593,0.5125,0.1701,0.1944,0.7423
1413,1436,2018-12-13 12:00:00,24,0.1386,0.1671,0.6838,0.099,0.1282,0.6252,0.1781,0.1985,0.7423
1414,1437,2018-12-13 13:00:00,24,0.14,0.1696,0.5664,0.1065,0.1379,0.3692,0.1735,0.1962,0.7636
1415,1438,2018-12-13 14:00:00,24,0.1356,0.1659,0.1985,0.1078,0.1382,-0.3892,0.1634,0.1897,0.7862
1416,1439,2018-12-13 15:00:00,24,0.1288,0.159,0.1487,0.0947,0.1207,-0.4935,0.163,0.1897,0.7908
1417,1440,2018-12-13 16:00:00,24,0.1261,0.1568,0.2525,0.0943,0.1202,-0.3007,0.1579,0.1863,0.8057
1418,1441,2018-12-13 17:00:00,24,0.1247,0.1561,0.288,0.095,0.1206,-0.2415,0.1545,0.1849,0.8175
1419,1442,2018-12-13 18:00:00,24,0.1262,0.1567,0.1842,0.1032,0.1292,-0.4613,0.1492,0.1801,0.8297
1420,1443,2018-12-13 19:00:00,24,0.1241,0.154,0.1075,0.1075,0.1316,-0.6269,0.1406,0.1734,0.8419
1421,1444,2018-12-13 20:00:00,24,0.1246,0.1544,0.1208,0.1111,0.1355,-0.6001,0.138,0.1712,0.8417
1422,1445,2018-12-13 21:00:00,24,0.1215,0.1517,0.098,0.113,0.1368,-0.6585,0.1301,0.1651,0.8544
1423,1446,2018-12-13 22:00:00,24,0.1161,0.1445,0.0345,0.1139,0.137,-0.8129,0.1182,0.1517,0.8818
1424,1447,2018-12-13 23:00:00,24,0.1134,0.1429,0.0623,0.114,0.1371,-0.7673,0.1128,0.1485,0.892
1425,1448,2018-12-14 00:00:00,24,0.1132,0.1423,0.0378,0.1141,0.1371,-0.817,0.1123,0.1474,0.8927
1426,1449,2018-12-14 01:00:00,24,0.111,0.1397,0.0017,0.114,0.1371,-0.8916,0.108,0.1423,0.8951
1427,1450,2018-12-14 02:00:00,24,0.1096,0.139,0.0253,0.1133,0.1367,-0.8377,0.1058,0.1413,0.8882
1428,1451,2018-12-14 03:00:00,24,0.1103,0.1396,0.0135,0.114,0.137,-0.8435,0.1066,0.1422,0.8705
1429,1452,2018-12-14 04:00:00,24,0.1125,0.1406,-0.073,0.1138,0.1369,-0.9925,0.1112,0.1442,0.8464
1430,1453,2018-12-14 05:00:00,24,0.1118,0.1395,-0.0053,0.1104,0.1333,-0.8364,0.1132,0.1455,0.8258
1431,1454,2018-12-14 06:00:00,24,0.1102,0.1364,0.0127,0.1125,0.1347,-0.7792,0.1079,0.1381,0.8046
1432,1455,2018-12-14 07:00:00,24,0.1101,0.1367,0.0153,0.1136,0.1355,-0.7076,0.1066,0.1378,0.7382
1433,1456,2018-12-14 08:00:00,24,0.105,0.13,0.2059,0.1105,0.1298,-0.3043,0.0994,0.1303,0.7161
1434,1457,2018-12-14 09:00:00,24,0.105,0.1296,0.1798,0.112,0.1316,-0.3588,0.098,0.1276,0.7183
1435,1458,2018-12-14 10:00:00,24,0.1018,0.1261,0.2347,0.1086,0.1297,-0.2854,0.0951,0.1223,0.7548
1436,1459,2018-12-14 11:00:00,24,0.1043,0.128,0.1949,0.1136,0.1333,-0.3857,0.0951,0.1223,0.7755
1437,1460,2018-12-14 12:00:00,24,0.105,0.1358,0.2408,0.1229,0.1533,-0.3434,0.0871,0.1156,0.8249
1438,1461,2018-12-14 13:00:00,24,0.11,0.1439,0.1456,0.1285,0.1651,-0.535,0.0915,0.1191,0.8262
1439,1462,2018-12-14 14:00:00,24,0.1155,0.1473,0.2368,0.1321,0.1668,-0.3402,0.0989,0.1247,0.8137
1440,1463,2018-12-14 15:00:00,24,0.124,0.1542,0.2117,0.1377,0.1696,-0.3502,0.1103,0.1371,0.7737
1441,1464,2018-12-14 16:00:00,24,0.1226,0.1537,0.2244,0.1321,0.1668,-0.319,0.1132,0.1392,0.7678
1442,1465,2018-12-14 17:00:00,24,0.1293,0.1639,0.3325,0.1452,0.1853,-0.105,0.1133,0.1393,0.7699
1443,1466,2018-12-14 18:00:00,24,0.1257,0.1611,0.4282,0.1412,0.1814,0.0757,0.1101,0.1378,0.7807
1444,1467,2018-12-14 19:00:00,24,0.1246,0.1605,0.4835,0.1368,0.1797,0.1909,0.1123,0.1387,0.7762
1445,1468,2018-12-14 20:00:00,24,0.1256,0.1616,0.4623,0.138,0.181,0.1626,0.1132,0.1395,0.762
1446,1469,2018-12-14 21:00:00,24,0.1277,0.1627,0.4635,0.1373,0.1805,0.1847,0.118,0.1426,0.7423
1447,1470,2018-12-14 22:00:00,24,0.1428,0.1887,0.3937,0.1422,0.1831,0.1615,0.1433,0.1941,0.6259
1448,1471,2018-12-14 23:00:00,24,0.1573,0.2157,0.4175,0.142,0.1829,0.1662,0.1726,0.2441,0.6688
1449,1472,2018-12-15 00:00:00,24,0.16,0.2178,0.4753,0.1451,0.1838,0.1531,0.1749,0.2472,0.7974
1450,1473,2018-12-15 01:00:00,24,0.1588,0.2173,0.503,0.1455,0.1839,0.1489,0.172,0.2462,0.8572
1451,1474,2018-12-15 02:00:00,24,0.1612,0.2182,0.5113,0.1476,0.1849,0.1336,0.1749,0.2471,0.8889
1452,1475,2018-12-15 03:00:00,24,0.1589,0.217,0.5049,0.1491,0.1856,0.0995,0.1688,0.2444,0.9104
1453,1476,2018-12-15 04:00:00,24,0.1587,0.2169,0.4976,0.1488,0.1855,0.0722,0.1685,0.2443,0.923
1454,1477,2018-12-15 05:00:00,24,0.1613,0.2188,0.4808,0.1501,0.1864,0.03,0.1724,0.2469,0.9316
1455,1478,2018-12-15 06:00:00,24,0.1597,0.2181,0.4533,0.1502,0.1864,-0.0318,0.1691,0.2457,0.9384
1456,1479,2018-12-15 07:00:00,24,0.1596,0.218,0.4133,0.1465,0.1849,-0.116,0.1728,0.2467,0.9425
1457,1480,2018-12-15 08:00:00,24,0.1618,0.2191,0.2759,0.1469,0.1853,-0.3923,0.1767,0.2482,0.9441
1458,1481,2018-12-15 09:00:00,24,0.161,0.2187,0.311,0.1444,0.1834,-0.3211,0.1776,0.2491,0.9431
1459,1482,2018-12-15 10:00:00,24,0.1604,0.2181,0.3132,0.1451,0.1835,-0.3142,0.1757,0.2479,0.9406
1460,1483,2018-12-15 11:00:00,24,0.1616,0.2187,0.3098,0.146,0.1843,-0.3154,0.1772,0.2484,0.9349
1461,1484,2018-12-15 12:00:00,24,0.1535,0.2102,0.3554,0.129,0.1632,-0.216,0.178,0.2485,0.9269
1462,1485,2018-12-15 13:00:00,24,0.144,0.2013,0.4989,0.1146,0.1419,0.0795,0.1734,0.2468,0.9182
1463,1486,2018-12-15 14:00:00,24,0.139,0.199,0.4949,0.1096,0.1396,0.0801,0.1684,0.2443,0.9096
1464,1487,2018-12-15 15:00:00,24,0.1335,0.1946,0.5173,0.1051,0.1364,0.1285,0.1619,0.2389,0.906
1465,1488,2018-12-15 16:00:00,24,0.1343,0.1946,0.5299,0.1072,0.1371,0.1588,0.1614,0.2386,0.9011
1466,1489,2018-12-15 17:00:00,24,0.129,0.1875,0.6229,0.0982,0.1157,0.35,0.1599,0.2385,0.8958
1467,1490,2018-12-15 18:00:00,24,0.1317,0.1887,0.5723,0.0992,0.117,0.2574,0.1642,0.2399,0.8872
1468,1491,2018-12-15 19:00:00,24,0.1348,0.1904,0.5019,0.1015,0.118,0.1272,0.1681,0.242,0.8766
1469,1492,2018-12-15 20:00:00,24,0.1316,0.1881,0.5651,0.0953,0.1104,0.2647,0.168,0.242,0.8655
1470,1493,2018-12-15 21:00:00,24,0.1287,0.1869,0.5753,0.0912,0.1084,0.29,0.1662,0.2411,0.8606
1471,1494,2018-12-15 22:00:00,24,0.12,0.1674,0.5461,0.0983,0.1232,0.1848,0.1417,0.2021,0.9073
1472,1495,2018-12-15 23:00:00,24,0.1095,0.1373,0.6179,0.0942,0.1207,0.2872,0.1248,0.1521,0.9486
1473,1496,2018-12-16 00:00:00,24,0.1058,0.132,0.6644,0.0909,0.1192,0.3759,0.1207,0.1436,0.9528
1474,1497,2018-12-16 01:00:00,24,0.1065,0.133,0.6871,0.0888,0.1187,0.4257,0.1242,0.1459,0.9486
1475,1498,2018-12-16 02:00:00,24,0.1039,0.1318,0.7096,0.0842,0.1164,0.4748,0.1236,0.1455,0.9444
1476,1499,2018-12-16 03:00:00,24,0.1068,0.134,0.7267,0.0847,0.1168,0.5178,0.129,0.1492,0.9356
1477,1500,2018-12-16 04:00:00,24,0.1082,0.1348,0.7376,0.0874,0.1186,0.5485,0.129,0.1492,0.9267
1478,1501,2018-12-16 05:00:00,24,0.1017,0.1298,0.7593,0.083,0.1156,0.6017,0.1205,0.1426,0.9169
1479,1502,2018-12-16 06:00:00,24,0.1027,0.1309,0.7668,0.0805,0.1137,0.6426,0.125,0.146,0.8911
1480,1503,2018-12-16 07:00:00,24,0.1011,0.1301,0.7518,0.0793,0.1135,0.6557,0.1228,0.1448,0.8478
1481,1504,2018-12-16 08:00:00,24,0.0957,0.1251,0.75,0.0739,0.1059,0.7138,0.1175,0.1417,0.7863
1482,1505,2018-12-16 09:00:00,24,0.094,0.1226,0.7256,0.0726,0.1046,0.7262,0.1155,0.1383,0.7251
1483,1506,2018-12-16 10:00:00,24,0.0971,0.1298,0.6679,0.0708,0.1041,0.7307,0.1234,0.1512,0.605
1484,1507,2018-12-16 11:00:00,24,0.0929,0.1268,0.6744,0.0639,0.0977,0.762,0.122,0.1503,0.5868
1485,1508,2018-12-16 12:00:00,24,0.1022,0.1359,0.6566,0.0728,0.108,0.7369,0.1315,0.1589,0.5764
1486,1509,2018-12-16 13:00:00,24,0.1083,0.1416,0.6924,0.0807,0.1185,0.7572,0.1359,0.1614,0.6275
1487,1510,2018-12-16 14:00:00,24,0.1102,0.1425,0.7476,0.082,0.1187,0.8078,0.1384,0.1628,0.6874
1488,1511,2018-12-16 15:00:00,24,0.1141,0.1457,0.7959,0.087,0.1228,0.8422,0.1412,0.1654,0.7495
1489,1512,2018-12-16 16:00:00,24,0.1142,0.1462,0.8333,0.091,0.1265,0.871,0.1373,0.1636,0.7956
1490,1513,2018-12-16 17:00:00,24,0.1194,0.152,0.856,0.088,0.1228,0.8902,0.1507,0.1765,0.8218
1491,1514,2018-12-16 18:00:00,24,0.124,0.158,0.8709,0.093,0.1315,0.8777,0.1549,0.1807,0.864
1492,1515,2018-12-16 19:00:00,24,0.1234,0.1588,0.8784,0.0993,0.1384,0.8647,0.1474,0.1769,0.8922
1493,1516,2018-12-16 20:00:00,24,0.1216,0.1578,0.8844,0.0984,0.138,0.8653,0.1447,0.1753,0.9034
1494,1517,2018-12-16 21:00:00,24,0.1234,0.1583,0.8832,0.1021,0.1393,0.8625,0.1447,0.1753,0.9038
1495,1518,2018-12-16 22:00:00,24,0.123,0.1559,0.888,0.0937,0.1251,0.8869,0.1523,0.1816,0.8891
1496,1519,2018-12-16 23:00:00,24,0.117,0.1491,0.8921,0.093,0.125,0.8836,0.141,0.1698,0.9005
1497,1520,2018-12-17 00:00:00,24,0.1199,0.1518,0.8796,0.1053,0.14,0.851,0.1345,0.1628,0.9082
1498,1521,2018-12-17 01:00:00,24,0.1223,0.1538,0.877,0.1068,0.1402,0.8474,0.1378,0.1663,0.9066
1499,1522,2018-12-17 02:00:00,24,0.1254,0.1555,0.8719,0.1135,0.1441,0.836,0.1373,0.1661,0.9078
1500,1523,2018-12-17 03:00:00,24,0.1241,0.1544,0.8691,0.1127,0.1435,0.8312,0.1356,0.1645,0.907
1501,1524,2018-12-17 04:00:00,24,0.1214,0.1532,0.8647,0.1113,0.1426,0.824,0.1315,0.163,0.9054
1502,1525,2018-12-17 05:00:00,24,0.1272,0.1573,0.8462,0.1201,0.1506,0.794,0.1343,0.1637,0.8984
1503,1526,2018-12-17 06:00:00,24,0.127,0.157,0.8305,0.1239,0.1532,0.7725,0.13,0.1607,0.8884
1504,1527,2018-12-17 07:00:00,24,0.1299,0.1585,0.8094,0.1304,0.1565,0.7483,0.1294,0.1606,0.8706
1505,1528,2018-12-17 08:00:00,24,0.1409,0.1755,0.7409,0.1481,0.1876,0.6438,0.1337,0.1624,0.8379
1506,1529,2018-12-17 09:00:00,24,0.1395,0.1739,0.7256,0.1491,0.1881,0.6279,0.1298,0.1585,0.8233
1507,1530,2018-12-17 10:00:00,24,0.142,0.1741,0.7387,0.1607,0.1969,0.6285,0.1233,0.1477,0.8489
1508,1531,2018-12-17 11:00:00,24,0.1495,0.1831,0.7085,0.1767,0.2129,0.5629,0.1223,0.1473,0.8541
1509,1532,2018-12-17 12:00:00,24,0.1455,0.1789,0.727,0.1745,0.2109,0.5696,0.1165,0.1399,0.8843
1510,1533,2018-12-17 13:00:00,24,0.159,0.2208,0.6606,0.2033,0.28,0.4229,0.1147,0.1383,0.8982
1511,1534,2018-12-17 14:00:00,24,0.1731,0.2448,0.7398,0.2325,0.3178,0.5699,0.1137,0.1375,0.9096
1512,1535,2018-12-17 15:00:00,24,0.17,0.2431,0.8014,0.229,0.3165,0.6786,0.111,0.1343,0.9242
1513,1536,2018-12-17 16:00:00,24,0.1732,0.2462,0.8141,0.2354,0.3213,0.6979,0.1111,0.1344,0.9303
1514,1537,2018-12-17 17:00:00,24,0.1678,0.2422,0.8338,0.2316,0.3204,0.7222,0.1039,0.1211,0.9455
1515,1538,2018-12-17 18:00:00,24,0.1677,0.2422,0.8454,0.2323,0.3211,0.7462,0.103,0.1194,0.9446
1516,1539,2018-12-17 19:00:00,24,0.1672,0.2416,0.8492,0.2235,0.3178,0.764,0.1108,0.1254,0.9344
1517,1540,2018-12-17 20:00:00,24,0.1739,0.2461,0.8437,0.227,0.3187,0.773,0.1208,0.1398,0.9144
1518,1541,2018-12-17 21:00:00,24,0.1798,0.2503,0.8395,0.2348,0.3233,0.7807,0.1249,0.1444,0.8983
1519,1542,2018-12-17 22:00:00,24,0.1786,0.2497,0.8411,0.2328,0.3226,0.7906,0.1245,0.1436,0.8916
1520,1543,2018-12-17 23:00:00,24,0.1855,0.2538,0.8294,0.2358,0.323,0.7938,0.1353,0.1565,0.8649
1521,1544,2018-12-18 00:00:00,24,0.1784,0.2496,0.8293,0.2252,0.317,0.7989,0.1316,0.1551,0.8598
1522,1545,2018-12-18 01:00:00,24,0.1767,0.2482,0.8252,0.2277,0.3176,0.7958,0.1257,0.1496,0.8547
1523,1546,2018-12-18 02:00:00,24,0.175,0.2474,0.8152,0.2242,0.3163,0.793,0.1258,0.1496,0.8375
1524,1547,2018-12-18 03:00:00,24,0.1746,0.2473,0.8001,0.2232,0.316,0.7874,0.126,0.1498,0.8128
1525,1548,2018-12-18 04:00:00,24,0.1768,0.248,0.7799,0.2224,0.3158,0.7796,0.1312,0.1525,0.7802
1526,1549,2018-12-18 05:00:00,24,0.1762,0.2471,0.7589,0.217,0.3129,0.7705,0.1354,0.1558,0.7474
1527,1550,2018-12-18 06:00:00,24,0.1742,0.2466,0.7377,0.2109,0.3114,0.7555,0.1375,0.157,0.7199
1528,1551,2018-12-18 07:00:00,24,0.1709,0.2455,0.7229,0.2049,0.3098,0.7359,0.137,0.1568,0.7099
1529,1552,2018-12-18 08:00:00,24,0.1674,0.2384,0.6938,0.1954,0.2972,0.6951,0.1395,0.1592,0.6925
1530,1553,2018-12-18 09:00:00,24,0.2066,0.3277,0.5185,0.2491,0.4113,0.4392,0.164,0.2135,0.5978
1531,1554,2018-12-18 10:00:00,24,0.2121,0.3384,0.5345,0.2396,0.4073,0.3696,0.1847,0.2512,0.6994
1532,1555,2018-12-18 11:00:00,24,0.2104,0.3361,0.5752,0.2264,0.3995,0.3455,0.1944,0.2575,0.8049
1533,1556,2018-12-18 12:00:00,24,0.217,0.341,0.5951,0.2277,0.4001,0.3307,0.2063,0.2692,0.8595
1534,1557,2018-12-18 13:00:00,24,0.2115,0.323,0.7338,0.2012,0.3569,0.5778,0.2217,0.285,0.8899
1535,1558,2018-12-18 14:00:00,24,0.2048,0.3093,0.8138,0.1836,0.33,0.7144,0.226,0.2872,0.9133
1536,1559,2018-12-18 15:00:00,24,0.208,0.3107,0.8442,0.1881,0.3317,0.7606,0.228,0.2882,0.9278
1537,1560,2018-12-18 16:00:00,24,0.2109,0.3115,0.8654,0.1829,0.3277,0.7952,0.2389,0.2944,0.9357
1538,1561,2018-12-18 17:00:00,24,0.2173,0.3152,0.876,0.1882,0.3292,0.8103,0.2465,0.3006,0.9416
1539,1562,2018-12-18 18:00:00,24,0.2198,0.318,0.8854,0.1846,0.3264,0.8251,0.2551,0.3093,0.9456
1540,1563,2018-12-18 19:00:00,24,0.2236,0.3209,0.8864,0.1854,0.3265,0.8262,0.2619,0.3152,0.9465
1541,1564,2018-12-18 20:00:00,24,0.2273,0.3274,0.8822,0.1824,0.3256,0.8222,0.2722,0.3291,0.9422
1542,1565,2018-12-18 21:00:00,24,0.2294,0.334,0.879,0.1712,0.3206,0.8233,0.2875,0.3468,0.9347
1543,1566,2018-12-18 22:00:00,24,0.2377,0.3472,0.8704,0.1681,0.3202,0.8172,0.3073,0.3723,0.9236
1544,1567,2018-12-18 23:00:00,24,0.2538,0.3645,0.855,0.1856,0.3357,0.7937,0.3221,0.3912,0.9164
1545,1568,2018-12-19 00:00:00,24,0.2597,0.3662,0.853,0.1892,0.3367,0.7874,0.3302,0.3935,0.9186
1546,1569,2018-12-19 01:00:00,24,0.2673,0.3708,0.8443,0.2017,0.3458,0.767,0.3329,0.3942,0.9216
1547,1570,2018-12-19 02:00:00,24,0.2776,0.3766,0.8329,0.2137,0.3536,0.7435,0.3414,0.3982,0.9222
1548,1571,2018-12-19 03:00:00,24,0.2851,0.3807,0.8225,0.2186,0.3553,0.7244,0.3515,0.4044,0.9206
1549,1572,2018-12-19 04:00:00,24,0.2895,0.3839,0.8108,0.2178,0.3552,0.704,0.3611,0.4105,0.9177
1550,1573,2018-12-19 05:00:00,24,0.2936,0.3879,0.7957,0.215,0.3546,0.6789,0.3721,0.4186,0.9125
1551,1574,2018-12-19 06:00:00,24,0.3002,0.3924,0.7757,0.2154,0.3546,0.6448,0.3851,0.4268,0.9066
1552,1575,2018-12-19 07:00:00,24,0.3087,0.3969,0.7485,0.2163,0.3547,0.5972,0.401,0.4351,0.8998
1553,1576,2018-12-19 08:00:00,24,0.3088,0.3992,0.6935,0.2053,0.3499,0.493,0.4123,0.4432,0.8941
1554,1577,2018-12-19 09:00:00,24,0.2731,0.334,0.8664,0.1471,0.2028,0.8296,0.3991,0.4266,0.9031
1555,1578,2018-12-19 10:00:00,24,0.2702,0.3272,0.8691,0.1495,0.2037,0.8269,0.391,0.4154,0.9113
1556,1579,2018-12-19 11:00:00,24,0.2734,0.3289,0.8686,0.1545,0.2071,0.8223,0.3924,0.4165,0.9148
1557,1580,2018-12-19 12:00:00,24,0.2656,0.3238,0.8747,0.1469,0.2028,0.8284,0.3843,0.4105,0.921
1558,1581,2018-12-19 13:00:00,24,0.2596,0.3176,0.8815,0.1425,0.1974,0.8356,0.3767,0.4035,0.9273
1559,1582,2018-12-19 14:00:00,24,0.2512,0.3133,0.887,0.1312,0.187,0.8435,0.3712,0.4017,0.9305
1560,1583,2018-12-19 15:00:00,24,0.2515,0.3134,0.8834,0.1306,0.1863,0.8339,0.3724,0.4022,0.9329
1561,1584,2018-12-19 16:00:00,24,0.2455,0.3101,0.8797,0.1286,0.1845,0.8236,0.3625,0.3978,0.9359
1562,1585,2018-12-19 17:00:00,24,0.2415,0.3078,0.8655,0.1329,0.1893,0.7928,0.3501,0.392,0.9382
1563,1586,2018-12-19 18:00:00,24,0.2342,0.3018,0.8555,0.1301,0.1866,0.7707,0.3384,0.3838,0.9402
1564,1587,2018-12-19 19:00:00,24,0.2325,0.2992,0.8401,0.1374,0.1911,0.7372,0.3277,0.3775,0.943
1565,1588,2018-12-19 20:00:00,24,0.2265,0.2901,0.8325,0.1436,0.1953,0.7157,0.3095,0.3607,0.9494
1566,1589,2018-12-19 21:00:00,24,0.2376,0.303,0.8113,0.1583,0.209,0.6743,0.3169,0.3741,0.9483
1567,1590,2018-12-19 22:00:00,24,0.2443,0.3071,0.8022,0.1709,0.218,0.6542,0.3177,0.3757,0.9503
1568,1591,2018-12-19 23:00:00,24,0.2357,0.2957,0.8099,0.1573,0.1959,0.6676,0.314,0.3694,0.9522
1569,1592,2018-12-20 00:00:00,24,0.2413,0.3018,0.748,0.158,0.1964,0.5482,0.3246,0.379,0.9478
1570,1593,2018-12-20 01:00:00,24,0.2419,0.302,0.7247,0.1485,0.1821,0.5073,0.3352,0.3863,0.9421
1571,1594,2018-12-20 02:00:00,24,0.2406,0.3017,0.7236,0.1404,0.1695,0.5118,0.3409,0.3915,0.9355
1572,1595,2018-12-20 03:00:00,24,0.2385,0.3006,0.7026,0.1362,0.1662,0.4755,0.3407,0.3913,0.9297
1573,1596,2018-12-20 04:00:00,24,0.2401,0.3004,0.659,0.1415,0.1694,0.3934,0.3388,0.3896,0.9245
1574,1597,2018-12-20 05:00:00,24,0.2397,0.2979,0.6159,0.1458,0.1718,0.3105,0.3336,0.3846,0.9214
1575,1598,2018-12-20 06:00:00,24,0.2368,0.2934,0.5717,0.1485,0.1724,0.2234,0.3251,0.3775,0.9201
1576,1599,2018-12-20 07:00:00,24,0.231,0.2881,0.5338,0.1478,0.1723,0.1475,0.3142,0.3692,0.9201
1577,1600,2018-12-20 08:00:00,24,0.2257,0.282,0.5097,0.1482,0.1724,0.0967,0.3033,0.3596,0.9226
1578,1601,2018-12-20 09:00:00,24,0.2267,0.2801,0.4648,0.155,0.1756,0.0041,0.2984,0.355,0.9256
1579,1602,2018-12-20 10:00:00,24,0.2276,0.2788,0.435,0.1614,0.1823,-0.0612,0.2939,0.3496,0.9312
1580,1603,2018-12-20 11:00:00,24,0.2208,0.2743,0.4422,0.1584,0.1797,-0.0512,0.2831,0.3438,0.9355
1581,1604,2018-12-20 12:00:00,24,0.2248,0.2769,0.3791,0.1706,0.1908,-0.1792,0.2791,0.3419,0.9373
1582,1605,2018-12-20 13:00:00,24,0.2235,0.2783,0.2735,0.1791,0.2035,-0.392,0.2679,0.3369,0.939
1583,1606,2018-12-20 14:00:00,24,0.2401,0.2976,0.2606,0.2067,0.2493,-0.4151,0.2735,0.3392,0.9363
1584,1607,2018-12-20 15:00:00,24,0.2393,0.2982,0.3856,0.2117,0.2539,-0.1628,0.2668,0.3368,0.934
1585,1608,2018-12-20 16:00:00,24,0.2457,0.303,0.4743,0.2217,0.264,0.0206,0.2697,0.3376,0.9279
1586,1609,2018-12-20 17:00:00,24,0.2555,0.3145,0.5103,0.2169,0.2603,0.1126,0.2941,0.3607,0.908
1587,1610,2018-12-20 18:00:00,24,0.2569,0.3152,0.4481,0.2177,0.2608,0.0054,0.296,0.3615,0.8909
1588,1611,2018-12-20 19:00:00,24,0.2584,0.3159,0.417,0.216,0.2596,-0.0242,0.3009,0.3635,0.8582
1589,1612,2018-12-20 20:00:00,24,0.2688,0.3255,0.3053,0.221,0.2647,-0.1643,0.3165,0.3766,0.7749
1590,1613,2018-12-20 21:00:00,24,0.2631,0.3144,0.2366,0.222,0.2661,-0.2331,0.3041,0.3562,0.7063
1591,1614,2018-12-20 22:00:00,24,0.2487,0.2955,0.2829,0.217,0.2615,-0.075,0.2805,0.3259,0.6408
1592,1615,2018-12-20 23:00:00,24,0.2405,0.2867,0.3162,0.2102,0.2591,0.1047,0.2707,0.3119,0.5277
1593,1616,2018-12-21 00:00:00,24,0.2337,0.2805,0.3527,0.205,0.2572,0.2783,0.2624,0.302,0.4271
1594,1617,2018-12-21 01:00:00,24,0.2277,0.2751,0.4058,0.2036,0.2564,0.3826,0.2517,0.2926,0.4289
1595,1618,2018-12-21 02:00:00,24,0.2247,0.2739,0.4378,0.2139,0.268,0.3497,0.2355,0.2796,0.526
1596,1619,2018-12-21 03:00:00,24,0.2215,0.2702,0.4875,0.216,0.2689,0.3664,0.2271,0.2715,0.6087
1597,1620,2018-12-21 04:00:00,24,0.22,0.2684,0.5144,0.2179,0.2702,0.3688,0.2222,0.2667,0.66
1598,1621,2018-12-21 05:00:00,24,0.218,0.2665,0.5331,0.2173,0.2699,0.3761,0.2188,0.2631,0.6902
1599,1622,2018-12-21 06:00:00,24,0.2182,0.2664,0.5417,0.2184,0.2702,0.3795,0.2181,0.2626,0.7038
1600,1623,2018-12-21 07:00:00,24,0.2219,0.2683,0.5399,0.2218,0.271,0.3804,0.2221,0.2657,0.6994
1601,1624,2018-12-21 08:00:00,24,0.2227,0.2686,0.5372,0.2228,0.2711,0.3816,0.2226,0.2661,0.6927
1602,1625,2018-12-21 09:00:00,24,0.2194,0.2662,0.5442,0.2204,0.2699,0.4008,0.2183,0.2625,0.6875
1603,1626,2018-12-21 10:00:00,24,0.219,0.2656,0.5197,0.2212,0.2707,0.3938,0.2167,0.2603,0.6456
1604,1627,2018-12-21 11:00:00,24,0.2235,0.2681,0.4885,0.2254,0.2735,0.3821,0.2215,0.2624,0.5948
1605,1628,2018-12-21 12:00:00,24,0.2337,0.2801,0.4415,0.2341,0.2866,0.3567,0.2332,0.2734,0.5263
1606,1629,2018-12-21 13:00:00,24,0.2397,0.2844,0.4727,0.2371,0.2911,0.4273,0.2423,0.2776,0.5181
1607,1630,2018-12-21 14:00:00,24,0.2308,0.2689,0.5662,0.2211,0.2612,0.5903,0.2405,0.2764,0.5422
1608,1631,2018-12-21 15:00:00,24,0.2331,0.2699,0.6026,0.2215,0.2617,0.6457,0.2447,0.2778,0.5595
1609,1632,2018-12-21 16:00:00,24,0.2299,0.2665,0.62,0.2097,0.2506,0.6733,0.2501,0.2814,0.5666
1610,1633,2018-12-21 17:00:00,24,0.2268,0.2604,0.6253,0.2241,0.2681,0.602,0.2294,0.2524,0.6487
1611,1634,2018-12-21 18:00:00,24,0.2361,0.2709,0.596,0.2376,0.284,0.5562,0.2345,0.2572,0.6357
1612,1635,2018-12-21 19:00:00,24,0.2391,0.2736,0.5903,0.2396,0.2852,0.5499,0.2387,0.2614,0.6308
1613,1636,2018-12-21 20:00:00,24,0.2326,0.265,0.6151,0.2384,0.2839,0.5603,0.2268,0.2447,0.6698
1614,1637,2018-12-21 21:00:00,24,0.2369,0.2743,0.5725,0.2376,0.2829,0.5704,0.2361,0.2655,0.5745
1615,1638,2018-12-21 22:00:00,24,0.2468,0.2941,0.5771,0.2317,0.2806,0.5788,0.2618,0.307,0.5755
1616,1639,2018-12-21 23:00:00,24,0.2503,0.2992,0.5979,0.2525,0.2993,0.4967,0.2481,0.2991,0.6991
1617,1640,2018-12-22 00:00:00,24,0.2562,0.3027,0.5864,0.2653,0.3071,0.4243,0.2471,0.2982,0.7485
1618,1641,2018-12-22 01:00:00,24,0.2618,0.3065,0.5605,0.2698,0.3099,0.357,0.2538,0.303,0.7641
1619,1642,2018-12-22 02:00:00,24,0.2609,0.3036,0.5736,0.2584,0.2993,0.3779,0.2635,0.3078,0.7693
1620,1643,2018-12-22 03:00:00,24,0.2628,0.305,0.5594,0.2577,0.299,0.3465,0.2679,0.3109,0.7723
1621,1644,2018-12-22 04:00:00,24,0.2619,0.3048,0.5532,0.2535,0.2967,0.3327,0.2702,0.3127,0.7737
1622,1645,2018-12-22 05:00:00,24,0.263,0.3058,0.5388,0.2534,0.2966,0.3044,0.2727,0.3148,0.7733
1623,1646,2018-12-22 06:00:00,24,0.2627,0.3058,0.5232,0.2523,0.2963,0.2724,0.273,0.3149,0.774
1624,1647,2018-12-22 07:00:00,24,0.2603,0.3045,0.5024,0.2504,0.2958,0.2276,0.2702,0.313,0.7771
1625,1648,2018-12-22 08:00:00,24,0.2583,0.3038,0.4767,0.2484,0.2956,0.1767,0.2681,0.3118,0.7767
1626,1649,2018-12-22 09:00:00,24,0.261,0.3054,0.4113,0.2511,0.2969,0.0476,0.271,0.3137,0.775
1627,1650,2018-12-22 10:00:00,24,0.2628,0.3076,0.3806,0.2505,0.2963,-0.0082,0.275,0.3185,0.7694
1628,1651,2018-12-22 11:00:00,24,0.2616,0.3068,0.3763,0.2477,0.2944,-0.0184,0.2755,0.3188,0.7709
1629,1652,2018-12-22 12:00:00,24,0.2455,0.2924,0.4505,0.2298,0.275,0.12,0.2613,0.3087,0.7809
1630,1653,2018-12-22 13:00:00,24,0.2364,0.2846,0.472,0.2204,0.2626,0.1676,0.2524,0.305,0.7764
1631,1654,2018-12-22 14:00:00,24,0.2357,0.2843,0.429,0.2205,0.2627,0.0971,0.2509,0.3043,0.7608
1632,1655,2018-12-22 15:00:00,24,0.234,0.2831,0.3625,0.2189,0.2609,-0.0195,0.2492,0.3036,0.7444
1633,1656,2018-12-22 16:00:00,24,0.2356,0.2837,0.3692,0.223,0.2632,0.0162,0.2482,0.3028,0.7223
1634,1657,2018-12-22 17:00:00,24,0.2303,0.2767,0.4218,0.2091,0.2457,0.1362,0.2514,0.3046,0.7074
1635,1658,2018-12-22 18:00:00,24,0.2214,0.2668,0.4929,0.1973,0.2286,0.2879,0.2455,0.3001,0.6979
1636,1659,2018-12-22 19:00:00,24,0.2188,0.2643,0.4955,0.1971,0.2284,0.3152,0.2404,0.2958,0.6758
1637,1660,2018-12-22 20:00:00,24,0.2116,0.2599,0.4996,0.1852,0.2202,0.3644,0.2379,0.2943,0.6347
1638,1661,2018-12-22 21:00:00,24,0.196,0.2369,0.4865,0.1739,0.2078,0.2635,0.2181,0.2629,0.7096
1639,1662,2018-12-22 22:00:00,24,0.1866,0.214,0.3302,0.1743,0.2079,-0.1123,0.199,0.22,0.7728
1640,1663,2018-12-22 23:00:00,24,0.1939,0.2246,0.5073,0.1617,0.1848,0.3081,0.2261,0.2582,0.7064
1641,1664,2018-12-23 00:00:00,24,0.1928,0.2245,0.6588,0.153,0.1734,0.5431,0.2326,0.266,0.7744
1642,1665,2018-12-23 01:00:00,24,0.1922,0.2244,0.7435,0.1501,0.1699,0.6375,0.2342,0.268,0.8494
1643,1666,2018-12-23 02:00:00,24,0.195,0.2324,0.7078,0.1655,0.1979,0.5199,0.2244,0.2624,0.8956
1644,1667,2018-12-23 03:00:00,24,0.1935,0.2308,0.7186,0.168,0.1997,0.5174,0.2191,0.2583,0.9198
1645,1668,2018-12-23 04:00:00,24,0.1916,0.229,0.7268,0.168,0.1997,0.5199,0.2151,0.2549,0.9337
1646,1669,2018-12-23 05:00:00,24,0.1883,0.2261,0.7355,0.1663,0.1988,0.5279,0.2103,0.2504,0.9431
1647,1670,2018-12-23 06:00:00,24,0.1873,0.2255,0.7399,0.1654,0.1985,0.5322,0.2091,0.2495,0.9476
1648,1671,2018-12-23 07:00:00,24,0.1882,0.2261,0.7418,0.1659,0.1987,0.5341,0.2105,0.2506,0.9494
1649,1672,2018-12-23 08:00:00,24,0.1879,0.2257,0.7444,0.1667,0.1987,0.5379,0.2091,0.2498,0.9509
1650,1673,2018-12-23 09:00:00,24,0.1845,0.2234,0.7628,0.1627,0.1963,0.5728,0.2063,0.2475,0.9527
1651,1674,2018-12-23 10:00:00,24,0.1731,0.2118,0.7856,0.156,0.1897,0.6133,0.1902,0.2319,0.958
1652,1675,2018-12-23 11:00:00,24,0.1707,0.2109,0.7834,0.1575,0.1911,0.6091,0.1839,0.2289,0.9577
1653,1676,2018-12-23 12:00:00,24,0.1732,0.2136,0.7668,0.1643,0.1973,0.5777,0.1822,0.2287,0.9559
1654,1677,2018-12-23 13:00:00,24,0.178,0.2197,0.7366,0.1719,0.2098,0.5199,0.1841,0.2291,0.9533
1655,1678,2018-12-23 14:00:00,24,0.1788,0.2233,0.7407,0.1602,0.1994,0.5343,0.1974,0.2449,0.947
1656,1679,2018-12-23 15:00:00,24,0.1845,0.2327,0.7275,0.1542,0.1936,0.5135,0.2149,0.266,0.9416
1657,1680,2018-12-23 16:00:00,24,0.182,0.232,0.7043,0.1575,0.1976,0.4629,0.2066,0.2619,0.9457
1658,1681,2018-12-23 17:00:00,24,0.182,0.234,0.6892,0.1649,0.2066,0.4299,0.1991,0.2586,0.9484
1659,1682,2018-12-23 18:00:00,24,0.1794,0.2333,0.6602,0.1658,0.2075,0.3707,0.1929,0.2565,0.9498
1660,1683,2018-12-23 19:00:00,24,0.1768,0.2317,0.6426,0.1608,0.204,0.3372,0.1928,0.2564,0.948
1661,1684,2018-12-23 20:00:00,24,0.1804,0.2334,0.6355,0.1656,0.2056,0.3284,0.1953,0.2582,0.9425
1662,1685,2018-12-23 21:00:00,24,0.1827,0.2354,0.6035,0.1733,0.2127,0.2732,0.1921,0.2561,0.9337
1663,1686,2018-12-23 22:00:00,24,0.1822,0.2341,0.6186,0.1751,0.2133,0.3082,0.1894,0.2532,0.9289
1664,1687,2018-12-23 23:00:00,24,0.1781,0.2224,0.6647,0.1793,0.2184,0.3826,0.1769,0.2264,0.9467
1665,1688,2018-12-24 00:00:00,24,0.1729,0.2161,0.6891,0.179,0.2182,0.4208,0.1668,0.214,0.9574
1666,1689,2018-12-24 01:00:00,24,0.173,0.2168,0.6461,0.1871,0.2281,0.3281,0.1589,0.2049,0.9641
1667,1690,2018-12-24 02:00:00,24,0.1671,0.2057,0.7174,0.1684,0.2026,0.4705,0.1658,0.2087,0.9643
1668,1691,2018-12-24 03:00:00,24,0.1686,0.21,0.7242,0.1619,0.1994,0.4882,0.1754,0.2201,0.9602
1669,1692,2018-12-24 04:00:00,24,0.1724,0.2151,0.7216,0.161,0.199,0.4883,0.1837,0.2301,0.9549
1670,1693,2018-12-24 05:00:00,24,0.1733,0.217,0.7212,0.1586,0.1983,0.4921,0.188,0.2342,0.9503
1671,1694,2018-12-24 06:00:00,24,0.175,0.2199,0.7184,0.1567,0.198,0.4936,0.1933,0.2397,0.9432
1672,1695,2018-12-24 07:00:00,24,0.1763,0.222,0.7146,0.1555,0.1977,0.4948,0.1972,0.2439,0.9344
1673,1696,2018-12-24 08:00:00,24,0.1818,0.227,0.7087,0.1573,0.1982,0.4959,0.2064,0.2525,0.9216
1674,1697,2018-12-24 09:00:00,24,0.1843,0.2285,0.6975,0.1605,0.2,0.479,0.2081,0.2538,0.916
1675,1698,2018-12-24 10:00:00,24,0.1852,0.2287,0.6948,0.1604,0.1999,0.4769,0.21,0.2543,0.9127
1676,1699,2018-12-24 11:00:00,24,0.1846,0.2279,0.7004,0.1577,0.1976,0.4915,0.2114,0.2545,0.9093
1677,1700,2018-12-24 12:00:00,24,0.1893,0.2317,0.6957,0.1623,0.2048,0.4852,0.2163,0.2559,0.9061
1678,1701,2018-12-24 13:00:00,24,0.1873,0.2286,0.7268,0.1586,0.1977,0.5501,0.216,0.2558,0.9036
1679,1702,2018-12-24 14:00:00,24,0.1906,0.2346,0.7242,0.1806,0.2291,0.5317,0.2007,0.2399,0.9167
1680,1703,2018-12-24 15:00:00,24,0.1893,0.2294,0.7682,0.1896,0.2378,0.6041,0.1891,0.2208,0.9324
1681,1704,2018-12-24 16:00:00,24,0.1922,0.2305,0.7993,0.1866,0.2348,0.667,0.1979,0.2261,0.9317
1682,1705,2018-12-24 17:00:00,24,0.189,0.2269,0.8115,0.1739,0.2248,0.6933,0.2041,0.2289,0.9297
1683,1706,2018-12-24 18:00:00,24,0.1927,0.2321,0.8134,0.1648,0.22,0.707,0.2207,0.2436,0.9199
1684,1707,2018-12-24 19:00:00,24,0.1974,0.2393,0.81,0.1631,0.2195,0.705,0.2317,0.2575,0.9151
1685,1708,2018-12-24 20:00:00,24,0.1979,0.2407,0.8152,0.1603,0.2183,0.7081,0.2355,0.2612,0.9224
1686,1709,2018-12-24 21:00:00,24,0.199,0.2456,0.8334,0.1488,0.2105,0.7388,0.2493,0.2762,0.928
1687,1710,2018-12-24 22:00:00,24,0.2007,0.247,0.8406,0.1501,0.2112,0.7409,0.2514,0.2783,0.9403
1688,1711,2018-12-24 23:00:00,24,0.1999,0.2482,0.8535,0.1434,0.2037,0.7572,0.2565,0.2859,0.9498
1689,1712,2018-12-25 00:00:00,24,0.2065,0.255,0.8699,0.1458,0.2056,0.7825,0.2672,0.2962,0.9574
1690,1713,2018-12-25 01:00:00,24,0.1999,0.2492,0.903,0.1345,0.1922,0.8403,0.2653,0.2954,0.9657
1691,1714,2018-12-25 02:00:00,24,0.2092,0.2602,0.8848,0.1536,0.2199,0.7989,0.2648,0.2951,0.9708
1692,1715,2018-12-25 03:00:00,24,0.2161,0.2653,0.8728,0.1693,0.2345,0.7715,0.2629,0.2929,0.9741
1693,1716,2018-12-25 04:00:00,24,0.2159,0.2657,0.874,0.168,0.234,0.7724,0.2638,0.294,0.9756
1694,1717,2018-12-25 05:00:00,24,0.2201,0.2691,0.873,0.1718,0.2352,0.7706,0.2684,0.2992,0.9755
1695,1718,2018-12-25 06:00:00,24,0.2221,0.271,0.873,0.1729,0.2353,0.771,0.2714,0.3025,0.9749
1696,1719,2018-12-25 07:00:00,24,0.2258,0.2766,0.8721,0.1726,0.2352,0.7717,0.2791,0.3126,0.9726
1697,1720,2018-12-25 08:00:00,24,0.2222,0.2738,0.8723,0.1705,0.2348,0.7726,0.2739,0.3079,0.972
1698,1721,2018-12-25 09:00:00,24,0.227,0.2787,0.8692,0.1724,0.2361,0.77,0.2817,0.3155,0.9683
1699,1722,2018-12-25 10:00:00,24,0.232,0.2821,0.8678,0.1729,0.2364,0.7715,0.2911,0.3214,0.9642
1700,1723,2018-12-25 11:00:00,24,0.2301,0.2815,0.8685,0.1688,0.2349,0.7759,0.2914,0.3214,0.9611
1701,1724,2018-12-25 12:00:00,24,0.2259,0.2782,0.8748,0.1638,0.2283,0.7919,0.2879,0.3205,0.9576
1702,1725,2018-12-25 13:00:00,24,0.2234,0.2761,0.8793,0.1601,0.2234,0.8055,0.2868,0.3203,0.9531
1703,1726,2018-12-25 14:00:00,24,0.2119,0.2637,0.8988,0.1395,0.1914,0.8497,0.2844,0.32,0.948
1704,1727,2018-12-25 15:00:00,24,0.2062,0.2587,0.8976,0.1315,0.1814,0.8532,0.2809,0.3178,0.9421
1705,1728,2018-12-25 16:00:00,24,0.2065,0.2593,0.8894,0.13,0.1797,0.8457,0.283,0.3196,0.933
1706,1729,2018-12-25 17:00:00,24,0.2142,0.2647,0.8831,0.1391,0.1866,0.8409,0.2893,0.3245,0.9254
1707,1730,2018-12-25 18:00:00,24,0.211,0.2594,0.8882,0.1434,0.1879,0.8475,0.2786,0.3151,0.929
1708,1731,2018-12-25 19:00:00,24,0.2113,0.2565,0.8838,0.1534,0.1965,0.8335,0.2692,0.3049,0.9342
1709,1732,2018-12-25 20:00:00,24,0.2178,0.2624,0.8781,0.1614,0.2026,0.8245,0.2743,0.3109,0.9317
1710,1733,2018-12-25 21:00:00,24,0.2165,0.2603,0.8799,0.1614,0.2026,0.8267,0.2717,0.3074,0.9331
1711,1734,2018-12-25 22:00:00,24,0.2174,0.2633,0.8836,0.158,0.2012,0.8369,0.2769,0.3134,0.9303
1712,1735,2018-12-25 23:00:00,24,0.2132,0.2583,0.8904,0.155,0.1995,0.848,0.2713,0.3059,0.9328
1713,1736,2018-12-26 00:00:00,24,0.2075,0.2531,0.884,0.1584,0.2033,0.834,0.2566,0.2946,0.9339
1714,1737,2018-12-26 01:00:00,24,0.2201,0.2683,0.833,0.1792,0.2363,0.7402,0.261,0.2969,0.9259
1715,1738,2018-12-26 02:00:00,24,0.2191,0.2647,0.8375,0.1713,0.2213,0.7608,0.2668,0.3018,0.9141
1716,1739,2018-12-26 03:00:00,24,0.2121,0.2592,0.8482,0.1561,0.2059,0.7929,0.268,0.3032,0.9036
1717,1740,2018-12-26 04:00:00,24,0.2094,0.255,0.8466,0.1597,0.2077,0.7915,0.2591,0.2947,0.9017
1718,1741,2018-12-26 05:00:00,24,0.205,0.2504,0.8487,0.1579,0.2069,0.7954,0.2521,0.2874,0.9021
1719,1742,2018-12-26 06:00:00,24,0.2011,0.2463,0.8512,0.1567,0.2068,0.7975,0.2454,0.2803,0.905
1720,1743,2018-12-26 07:00:00,24,0.1956,0.2384,0.8568,0.1564,0.2068,0.7995,0.2349,0.2662,0.9141
1721,1744,2018-12-26 08:00:00,24,0.1973,0.2395,0.8569,0.1575,0.207,0.8007,0.237,0.2682,0.913
1722,1745,2018-12-26 09:00:00,24,0.1941,0.2364,0.8613,0.1538,0.2043,0.8071,0.2345,0.2647,0.9155
1723,1746,2018-12-26 10:00:00,24,0.1887,0.2322,0.8632,0.1519,0.2033,0.8081,0.2256,0.2578,0.9182
1724,1747,2018-12-26 11:00:00,24,0.1942,0.2354,0.8578,0.1548,0.2044,0.8043,0.2335,0.2628,0.9113
1725,1748,2018-12-26 12:00:00,24,0.1943,0.2347,0.8528,0.1524,0.2018,0.7999,0.2361,0.2636,0.9057
1726,1749,2018-12-26 13:00:00,24,0.1991,0.2417,0.8276,0.1616,0.2176,0.7545,0.2366,0.2636,0.9008
1727,1750,2018-12-26 14:00:00,24,0.206,0.2473,0.8151,0.1737,0.2294,0.7348,0.2383,0.2639,0.8955
1728,1751,2018-12-26 15:00:00,24,0.2028,0.2463,0.8144,0.1738,0.2295,0.7384,0.2319,0.262,0.8904
1729,1752,2018-12-26 16:00:00,24,0.1987,0.2436,0.811,0.1759,0.2313,0.7365,0.2214,0.2552,0.8855
1730,1753,2018-12-26 17:00:00,24,0.1941,0.2396,0.806,0.1764,0.2318,0.7364,0.2118,0.2471,0.8757
1731,1754,2018-12-26 18:00:00,24,0.2008,0.2456,0.7896,0.1854,0.2401,0.7321,0.2163,0.2509,0.8471
1732,1755,2018-12-26 19:00:00,24,0.2016,0.2463,0.7953,0.1853,0.2401,0.7646,0.2178,0.2523,0.8259
1733,1756,2018-12-26 20:00:00,24,0.1936,0.2377,0.8142,0.1803,0.2361,0.7891,0.2068,0.2392,0.8392
1734,1757,2018-12-26 21:00:00,24,0.1998,0.2424,0.8063,0.1906,0.2417,0.7733,0.209,0.2431,0.8393
1735,1758,2018-12-26 22:00:00,24,0.2003,0.2417,0.8023,0.1929,0.2424,0.7507,0.2077,0.2409,0.8539
1736,1759,2018-12-26 23:00:00,24,0.2127,0.2587,0.7694,0.2069,0.2562,0.6825,0.2184,0.2613,0.8563
1737,1760,2018-12-27 00:00:00,24,0.2182,0.2648,0.7842,0.2013,0.2518,0.6881,0.2352,0.2772,0.8803
1738,1761,2018-12-27 01:00:00,24,0.2168,0.2679,0.7823,0.2051,0.2615,0.6561,0.2285,0.2741,0.9084
1739,1762,2018-12-27 02:00:00,24,0.2132,0.2644,0.7924,0.2043,0.2605,0.6574,0.2221,0.2683,0.9275
1740,1763,2018-12-27 03:00:00,24,0.2128,0.2626,0.7955,0.207,0.2612,0.6524,0.2186,0.2641,0.9385
1741,1764,2018-12-27 04:00:00,24,0.2136,0.2645,0.794,0.2031,0.2597,0.647,0.2242,0.2692,0.9409
1742,1765,2018-12-27 05:00:00,24,0.2164,0.2681,0.7867,0.202,0.2594,0.6335,0.2308,0.2764,0.94
1743,1766,2018-12-27 06:00:00,24,0.2195,0.2706,0.7778,0.2034,0.2595,0.6173,0.2356,0.2812,0.9383
1744,1767,2018-12-27 07:00:00,24,0.2216,0.2725,0.7662,0.2042,0.2596,0.597,0.2391,0.2847,0.9355
1745,1768,2018-12-27 08:00:00,24,0.2238,0.2752,0.7531,0.2037,0.2595,0.5765,0.2438,0.2901,0.9297
1746,1769,2018-12-27 09:00:00,24,0.223,0.2753,0.7417,0.2018,0.2589,0.56,0.2443,0.2907,0.9235
1747,1770,2018-12-27 10:00:00,24,0.232,0.2831,0.7202,0.2049,0.2603,0.5307,0.259,0.3042,0.9096
1748,1771,2018-12-27 11:00:00,24,0.2297,0.2814,0.7081,0.205,0.2603,0.5079,0.2544,0.301,0.9082
1749,1772,2018-12-27 12:00:00,24,0.2276,0.281,0.7038,0.2051,0.2604,0.5014,0.2501,0.3002,0.9063
1750,1773,2018-12-27 13:00:00,24,0.2256,0.2791,0.7098,0.2028,0.2564,0.5162,0.2483,0.3001,0.9033
1751,1774,2018-12-27 14:00:00,24,0.221,0.2752,0.7117,0.1951,0.2482,0.5238,0.2469,0.2999,0.8996
1752,1775,2018-12-27 15:00:00,24,0.2229,0.2755,0.6996,0.1934,0.2473,0.503,0.2524,0.3011,0.8963
1753,1776,2018-12-27 16:00:00,24,0.2251,0.2764,0.684,0.1942,0.248,0.474,0.2559,0.3021,0.894
1754,1777,2018-12-27 17:00:00,24,0.2276,0.278,0.6684,0.1911,0.2453,0.4466,0.2641,0.3073,0.8901
1755,1778,2018-12-27 18:00:00,24,0.231,0.282,0.6343,0.1931,0.2481,0.381,0.2689,0.3123,0.8875
1756,1779,2018-12-27 19:00:00,24,0.2312,0.2822,0.5967,0.1929,0.2479,0.305,0.2695,0.3127,0.8884
1757,1780,2018-12-27 20:00:00,24,0.2299,0.2816,0.5365,0.1919,0.2474,0.1855,0.268,0.3121,0.8874
1758,1781,2018-12-27 21:00:00,24,0.2254,0.2772,0.563,0.1864,0.2432,0.2354,0.2645,0.3075,0.8906
1759,1782,2018-12-27 22:00:00,24,0.233,0.289,0.6138,0.1899,0.2452,0.3487,0.2761,0.3269,0.8789
1760,1783,2018-12-27 23:00:00,24,0.2271,0.2793,0.6107,0.1865,0.2401,0.3298,0.2677,0.3137,0.8917
1761,1784,2018-12-28 00:00:00,24,0.223,0.2738,0.4908,0.1876,0.2407,0.0818,0.2584,0.3032,0.8997
1762,1785,2018-12-28 01:00:00,24,0.2164,0.2609,0.5885,0.1749,0.2104,0.2762,0.2579,0.3032,0.9009
1763,1786,2018-12-28 02:00:00,24,0.2181,0.2624,0.5985,0.1719,0.2063,0.3007,0.2644,0.3084,0.8963
1764,1787,2018-12-28 03:00:00,24,0.2193,0.2636,0.5981,0.172,0.2064,0.3032,0.2665,0.3105,0.893
1765,1788,2018-12-28 04:00:00,24,0.2187,0.263,0.5981,0.172,0.2064,0.3037,0.2654,0.3094,0.8925
1766,1789,2018-12-28 05:00:00,24,0.2216,0.2639,0.5913,0.1846,0.2183,0.285,0.2585,0.3028,0.8975
1767,1790,2018-12-28 06:00:00,24,0.2201,0.2621,0.648,0.1938,0.2243,0.3915,0.2463,0.2951,0.9044
1768,1791,2018-12-28 07:00:00,24,0.2155,0.2586,0.718,0.1977,0.2258,0.5243,0.2333,0.2876,0.9116
1769,1792,2018-12-28 08:00:00,24,0.2186,0.2598,0.7072,0.2115,0.238,0.4971,0.2258,0.2799,0.9173
1770,1793,2018-12-28 09:00:00,24,0.2143,0.2555,0.7138,0.2131,0.2386,0.506,0.2155,0.2713,0.9215
1771,1794,2018-12-28 10:00:00,24,0.2053,0.2468,0.7223,0.2096,0.237,0.5177,0.2011,0.2562,0.9269
1772,1795,2018-12-28 11:00:00,24,0.2032,0.2459,0.7176,0.2076,0.2363,0.5124,0.1988,0.2552,0.9228
1773,1796,2018-12-28 12:00:00,24,0.2078,0.2499,0.703,0.2145,0.2442,0.4892,0.201,0.2554,0.9169
1774,1797,2018-12-28 13:00:00,24,0.2082,0.2468,0.7264,0.2056,0.2327,0.545,0.2109,0.2601,0.9078
1775,1798,2018-12-28 14:00:00,24,0.2184,0.2556,0.7289,0.2108,0.2382,0.5629,0.2261,0.272,0.8949
1776,1799,2018-12-28 15:00:00,24,0.2223,0.2585,0.7442,0.2123,0.2389,0.599,0.2323,0.2767,0.8894
1777,1800,2018-12-28 16:00:00,24,0.2219,0.2583,0.7647,0.2121,0.2387,0.6389,0.2318,0.2765,0.8905
1778,1801,2018-12-28 17:00:00,24,0.2155,0.2542,0.7827,0.2099,0.2373,0.6709,0.221,0.2701,0.8944
1779,1802,2018-12-28 18:00:00,24,0.2013,0.2425,0.804,0.1966,0.2249,0.7113,0.206,0.2589,0.8967
1780,1803,2018-12-28 19:00:00,24,0.1916,0.2362,0.8086,0.1885,0.2182,0.729,0.1948,0.2529,0.8881
1781,1804,2018-12-28 20:00:00,24,0.1988,0.2422,0.7946,0.1966,0.2256,0.7092,0.201,0.2578,0.88
1782,1805,2018-12-28 21:00:00,24,0.2048,0.2514,0.7969,0.2001,0.2281,0.7042,0.2095,0.2728,0.8897
1783,1806,2018-12-28 22:00:00,24,0.2031,0.2493,0.812,0.1977,0.2265,0.6991,0.2084,0.2702,0.9249
1784,1807,2018-12-28 23:00:00,24,0.1995,0.2486,0.8371,0.1866,0.2165,0.7292,0.2125,0.277,0.945
1785,1808,2018-12-29 00:00:00,24,0.2005,0.2502,0.8468,0.1848,0.2154,0.7351,0.2163,0.2808,0.9584
1786,1809,2018-12-29 01:00:00,24,0.1951,0.2444,0.8711,0.1728,0.2014,0.7753,0.2174,0.2809,0.9669
1787,1810,2018-12-29 02:00:00,24,0.1837,0.2372,0.8849,0.1632,0.195,0.7962,0.2042,0.273,0.9736
1788,1811,2018-12-29 03:00:00,24,0.1779,0.2328,0.891,0.1637,0.1953,0.8041,0.192,0.265,0.9779
1789,1812,2018-12-29 04:00:00,24,0.1745,0.2298,0.8959,0.1662,0.1963,0.8111,0.1828,0.2589,0.9806
1790,1813,2018-12-29 05:00:00,24,0.1651,0.2224,0.9132,0.1552,0.1836,0.8443,0.175,0.2553,0.9821
1791,1814,2018-12-29 06:00:00,24,0.1725,0.2293,0.9172,0.1561,0.1849,0.8529,0.1888,0.2663,0.9815
1792,1815,2018-12-29 07:00:00,24,0.1804,0.2348,0.9193,0.1609,0.1898,0.8574,0.2,0.2724,0.9813
1793,1816,2018-12-29 08:00:00,24,0.1787,0.234,0.9205,0.1615,0.191,0.8595,0.196,0.2702,0.9815
1794,1817,2018-12-29 09:00:00,24,0.1824,0.2367,0.9201,0.1621,0.1914,0.8603,0.2026,0.2746,0.9798
1795,1818,2018-12-29 10:00:00,24,0.1913,0.2447,0.9152,0.1675,0.1949,0.8545,0.2151,0.2859,0.976
1796,1819,2018-12-29 11:00:00,24,0.1978,0.2504,0.9125,0.1691,0.1956,0.8541,0.2265,0.2952,0.9709
1797,1820,2018-12-29 12:00:00,24,0.1983,0.2503,0.9187,0.1578,0.1822,0.8739,0.2388,0.3035,0.9636
1798,1821,2018-12-29 13:00:00,24,0.1966,0.2503,0.9166,0.1515,0.1779,0.8778,0.2417,0.3061,0.9553
1799,1822,2018-12-29 14:00:00,24,0.188,0.2424,0.917,0.1408,0.1668,0.8849,0.2353,0.2995,0.9492
1800,1823,2018-12-29 15:00:00,24,0.1906,0.245,0.9077,0.1432,0.1692,0.8751,0.238,0.3023,0.9403
1801,1824,2018-12-29 16:00:00,24,0.1951,0.25,0.9008,0.1401,0.1655,0.8724,0.25,0.3123,0.9292
1802,1825,2018-12-29 17:00:00,24,0.2053,0.26,0.8918,0.1416,0.1668,0.8654,0.269,0.3277,0.9182
1803,1826,2018-12-29 18:00:00,24,0.2194,0.2731,0.8855,0.1479,0.1718,0.8598,0.2908,0.3459,0.9111
1804,1827,2018-12-29 19:00:00,24,0.2249,0.2752,0.8813,0.152,0.1749,0.8485,0.2979,0.3477,0.9142
1805,1828,2018-12-29 20:00:00,24,0.2266,0.2772,0.8765,0.1551,0.1809,0.8359,0.298,0.3478,0.9172
1806,1829,2018-12-29 21:00:00,24,0.2183,0.267,0.8856,0.1494,0.1766,0.8444,0.2872,0.3338,0.9268
1807,1830,2018-12-29 22:00:00,24,0.2135,0.2569,0.8912,0.1502,0.1771,0.847,0.2768,0.3172,0.9353
1808,1831,2018-12-29 23:00:00,24,0.2052,0.2469,0.8981,0.1498,0.177,0.8542,0.2605,0.3009,0.9421
1809,1832,2018-12-30 00:00:00,24,0.2123,0.2593,0.8604,0.1716,0.2178,0.7772,0.253,0.2951,0.9435
1810,1833,2018-12-30 01:00:00,24,0.2184,0.263,0.856,0.1761,0.2209,0.7712,0.2608,0.2991,0.9408
1811,1834,2018-12-30 02:00:00,24,0.2282,0.2694,0.8528,0.1797,0.2219,0.7699,0.2768,0.3098,0.9356
1812,1835,2018-12-30 03:00:00,24,0.2345,0.2742,0.8505,0.1783,0.2213,0.7695,0.2907,0.3185,0.9315
1813,1836,2018-12-30 04:00:00,24,0.2382,0.2772,0.8467,0.1756,0.2204,0.7652,0.3008,0.3243,0.9283
1814,1837,2018-12-30 05:00:00,24,0.2452,0.2824,0.8379,0.1749,0.2201,0.752,0.3156,0.3333,0.9237
1815,1838,2018-12-30 06:00:00,24,0.2408,0.2796,0.8258,0.1662,0.2132,0.7312,0.3154,0.333,0.9204
1816,1839,2018-12-30 07:00:00,24,0.2372,0.2787,0.7833,0.1565,0.2071,0.6549,0.3178,0.3353,0.9118
1817,1840,2018-12-30 08:00:00,24,0.2361,0.2781,0.7775,0.1432,0.192,0.6561,0.3291,0.3432,0.8989
1818,1841,2018-12-30 09:00:00,24,0.2364,0.2787,0.7603,0.142,0.1913,0.6279,0.3307,0.3446,0.8927
1819,1842,2018-12-30 10:00:00,24,0.2349,0.278,0.7684,0.1387,0.1887,0.6407,0.331,0.345,0.8961
1820,1843,2018-12-30 11:00:00,24,0.232,0.2747,0.766,0.1434,0.1926,0.6253,0.3206,0.3374,0.9068
1821,1844,2018-12-30 12:00:00,24,0.2286,0.2721,0.7663,0.1501,0.1984,0.6156,0.3071,0.3298,0.917
1822,1845,2018-12-30 13:00:00,24,0.2342,0.2801,0.7625,0.1512,0.1987,0.6154,0.3172,0.3428,0.9095
1823,1846,2018-12-30 14:00:00,24,0.2411,0.2891,0.7553,0.1521,0.199,0.6144,0.3301,0.3572,0.8963
1824,1847,2018-12-30 15:00:00,24,0.2478,0.2986,0.7169,0.1687,0.2295,0.5418,0.3269,0.3544,0.8921
1825,1848,2018-12-30 16:00:00,24,0.2455,0.2956,0.7381,0.1719,0.2323,0.5843,0.3191,0.3476,0.8919
1826,1849,2018-12-30 17:00:00,24,0.2352,0.2869,0.7527,0.1653,0.2298,0.6073,0.3051,0.3345,0.8982
1827,1850,2018-12-30 18:00:00,24,0.2248,0.2765,0.7602,0.1572,0.2259,0.6134,0.2923,0.3193,0.907
1828,1851,2018-12-30 19:00:00,24,0.2268,0.2793,0.767,0.1536,0.2237,0.6309,0.3,0.3256,0.9031
1829,1852,2018-12-30 20:00:00,24,0.223,0.2785,0.7538,0.1564,0.2286,0.6031,0.2896,0.3207,0.9045
1830,1853,2018-12-30 21:00:00,24,0.2287,0.2826,0.7394,0.1674,0.2381,0.5786,0.2899,0.321,0.9003
1831,1854,2018-12-30 22:00:00,24,0.2311,0.2864,0.7334,0.1676,0.2381,0.5783,0.2946,0.3276,0.8886
1832,1855,2018-12-30 23:00:00,24,0.243,0.2961,0.6595,0.1773,0.2452,0.4465,0.3086,0.3395,0.8725
1833,1856,2018-12-31 00:00:00,24,0.2322,0.2824,0.7325,0.1544,0.2093,0.5973,0.31,0.3401,0.8677
1834,1857,2018-12-31 01:00:00,24,0.2296,0.2805,0.7353,0.1518,0.2071,0.6059,0.3074,0.3384,0.8648
1835,1858,2018-12-31 02:00:00,24,0.2253,0.277,0.7376,0.1484,0.206,0.6088,0.3021,0.3332,0.8663
1836,1859,2018-12-31 03:00:00,24,0.2251,0.2786,0.7359,0.1456,0.2054,0.6108,0.3046,0.3361,0.861
1837,1860,2018-12-31 04:00:00,24,0.2273,0.2816,0.7327,0.1453,0.2054,0.6109,0.3093,0.3412,0.8546
1838,1861,2018-12-31 05:00:00,24,0.2254,0.2791,0.7344,0.146,0.2056,0.6103,0.3047,0.3368,0.8585
1839,1862,2018-12-31 06:00:00,24,0.2235,0.277,0.7372,0.1459,0.2056,0.6106,0.3012,0.3334,0.8638
1840,1863,2018-12-31 07:00:00,24,0.2242,0.2762,0.7384,0.1491,0.2065,0.6066,0.2993,0.3316,0.8702
1841,1864,2018-12-31 08:00:00,24,0.2227,0.274,0.7428,0.15,0.2068,0.6051,0.2954,0.3277,0.8805
1842,1865,2018-12-31 09:00:00,24,0.2204,0.2722,0.7419,0.1555,0.2108,0.5945,0.2853,0.3221,0.8894
1843,1866,2018-12-31 10:00:00,24,0.2138,0.2665,0.7479,0.152,0.2097,0.5981,0.2757,0.3131,0.8977
1844,1867,2018-12-31 11:00:00,24,0.2191,0.2711,0.7458,0.1532,0.211,0.5934,0.285,0.3201,0.8982
1845,1868,2018-12-31 12:00:00,24,0.2239,0.2736,0.7471,0.1532,0.211,0.5915,0.2946,0.3243,0.9028
1846,1869,2018-12-31 13:00:00,24,0.2175,0.2637,0.7604,0.1545,0.2115,0.597,0.2805,0.3071,0.9238
1847,1870,2018-12-31 14:00:00,24,0.2118,0.2539,0.768,0.1599,0.215,0.5946,0.2636,0.2876,0.9415
1848,1871,2018-12-31 15:00:00,24,0.2003,0.2382,0.8145,0.14,0.1792,0.6826,0.2606,0.2852,0.9465
1849,1872,2018-12-31 16:00:00,24,0.1955,0.2354,0.7962,0.1312,0.1726,0.6446,0.2599,0.2847,0.9479
1850,1873,2018-12-31 17:00:00,24,0.2003,0.2379,0.7669,0.1367,0.175,0.586,0.2639,0.2874,0.9478
1851,1874,2018-12-31 18:00:00,24,0.2085,0.2488,0.7514,0.14,0.176,0.5596,0.2769,0.3047,0.9432
1852,1875,2018-12-31 19:00:00,24,0.2251,0.2768,0.6608,0.1548,0.1975,0.3857,0.2954,0.3379,0.9358
1853,1876,2018-12-31 20:00:00,24,0.2348,0.2906,0.7105,0.145,0.1808,0.4891,0.3246,0.3691,0.9319
1854,1877,2018-12-31 21:00:00,24,0.2278,0.2856,0.6851,0.1422,0.1759,0.4315,0.3135,0.3636,0.9386
1855,1878,2018-12-31 22:00:00,24,0.2239,0.2794,0.5996,0.1474,0.1821,0.2569,0.3005,0.3507,0.9423
1856,1879,2018-12-31 23:00:00,24,0.2175,0.2721,0.7124,0.1442,0.1776,0.4852,0.2908,0.3414,0.9395
1857,1880,2019-01-01 00:00:00,24,0.2172,0.2719,0.7869,0.1442,0.1776,0.6465,0.2901,0.341,0.9274
1858,1881,2019-01-01 01:00:00,24,0.2146,0.2713,0.8354,0.1385,0.1752,0.7631,0.2907,0.3413,0.9077
1859,1882,2019-01-01 02:00:00,24,0.2232,0.2819,0.7762,0.1618,0.2117,0.6704,0.2847,0.3379,0.882
1860,1883,2019-01-01 03:00:00,24,0.2207,0.2772,0.7635,0.1665,0.2132,0.6724,0.275,0.3289,0.8546
1861,1884,2019-01-01 04:00:00,24,0.2175,0.2724,0.7462,0.1689,0.214,0.6704,0.266,0.3204,0.822
1862,1885,2019-01-01 05:00:00,24,0.2182,0.2724,0.7174,0.172,0.2158,0.6604,0.2645,0.3191,0.7743
1863,1886,2019-01-01 06:00:00,24,0.2179,0.2715,0.6874,0.1737,0.2164,0.6512,0.2621,0.3172,0.7236
1864,1887,2019-01-01 07:00:00,24,0.2227,0.2776,0.6581,0.1751,0.2171,0.6401,0.2703,0.3271,0.6761
1865,1888,2019-01-01 08:00:00,24,0.229,0.2846,0.6476,0.1792,0.2197,0.6182,0.2789,0.3371,0.677
1866,1889,2019-01-01 09:00:00,24,0.2369,0.2935,0.6598,0.1753,0.2167,0.626,0.2985,0.354,0.6936
1867,1890,2019-01-01 10:00:00,24,0.2446,0.2986,0.6569,0.1891,0.2287,0.6109,0.3002,0.3549,0.7028
1868,1891,2019-01-01 11:00:00,24,0.2417,0.2965,0.6677,0.184,0.2245,0.6369,0.2994,0.3542,0.6985
1869,1892,2019-01-01 12:00:00,24,0.2435,0.3018,0.6548,0.1764,0.2192,0.6427,0.3106,0.3663,0.6668
1870,1893,2019-01-01 13:00:00,24,0.2553,0.3189,0.6182,0.1783,0.2203,0.5994,0.3323,0.3935,0.637
1871,1894,2019-01-01 14:00:00,24,0.2639,0.3347,0.6028,0.1703,0.2164,0.5399,0.3576,0.421,0.6657
1872,1895,2019-01-01 15:00:00,24,0.2729,0.3462,0.6222,0.1695,0.216,0.5061,0.3763,0.4394,0.7382
1873,1896,2019-01-01 16:00:00,24,0.285,0.3612,0.6508,0.1712,0.2164,0.4968,0.3988,0.4628,0.8047
1874,1897,2019-01-01 17:00:00,24,0.2912,0.3714,0.6872,0.1663,0.2145,0.5143,0.4161,0.4794,0.8602
1875,1898,2019-01-01 18:00:00,24,0.2863,0.3657,0.7173,0.1661,0.2144,0.5311,0.4065,0.4706,0.9035
1876,1899,2019-01-01 19:00:00,24,0.2742,0.3499,0.6744,0.1694,0.2217,0.4149,0.3791,0.4424,0.9339
1877,1900,2019-01-01 20:00:00,24,0.2599,0.3342,0.5998,0.1708,0.2231,0.2489,0.349,0.4167,0.9507
1878,1901,2019-01-01 21:00:00,24,0.2585,0.3329,0.6035,0.1638,0.2174,0.2514,0.3531,0.4176,0.9557
1879,1902,2019-01-01 22:00:00,24,0.2504,0.3294,0.646,0.1543,0.2104,0.3322,0.3464,0.4157,0.9597
1880,1903,2019-01-01 23:00:00,24,0.2504,0.3318,0.6082,0.1624,0.2221,0.2535,0.3385,0.4133,0.9629
1881,1904,2019-01-02 00:00:00,24,0.2517,0.3322,0.6006,0.166,0.2241,0.2359,0.3374,0.4129,0.9652
1882,1905,2019-01-02 01:00:00,24,0.2532,0.3322,0.5764,0.1711,0.2256,0.1854,0.3352,0.412,0.9674
1883,1906,2019-01-02 02:00:00,24,0.2454,0.3227,0.7181,0.1552,0.196,0.4675,0.3357,0.4122,0.9688
1884,1907,2019-01-02 03:00:00,24,0.2474,0.3238,0.7486,0.1578,0.1981,0.5276,0.337,0.4128,0.9697
1885,1908,2019-01-02 04:00:00,24,0.2501,0.3251,0.7705,0.1625,0.2017,0.571,0.3377,0.4132,0.9701
1886,1909,2019-01-02 05:00:00,24,0.2508,0.3255,0.7885,0.1639,0.2029,0.6071,0.3377,0.4132,0.97
1887,1910,2019-01-02 06:00:00,24,0.2486,0.3244,0.7839,0.1632,0.2026,0.5983,0.334,0.4116,0.9695
1888,1911,2019-01-02 07:00:00,24,0.244,0.3187,0.7657,0.1643,0.2034,0.5628,0.3237,0.4023,0.9686
1889,1912,2019-01-02 08:00:00,24,0.2366,0.3116,0.7402,0.1608,0.2009,0.5149,0.3124,0.3923,0.9656
1890,1913,2019-01-02 09:00:00,24,0.2301,0.3051,0.7036,0.1565,0.1993,0.4489,0.3037,0.3826,0.9583
1891,1914,2019-01-02 10:00:00,24,0.2262,0.3023,0.7459,0.1454,0.1863,0.5491,0.3069,0.3848,0.9428
1892,1915,2019-01-02 11:00:00,24,0.2238,0.3001,0.7586,0.1459,0.1866,0.5982,0.3017,0.3812,0.9189
1893,1916,2019-01-02 12:00:00,24,0.2135,0.2905,0.7634,0.1469,0.1871,0.6414,0.2801,0.3658,0.8854
1894,1917,2019-01-02 13:00:00,24,0.2019,0.273,0.7688,0.153,0.1942,0.686,0.2507,0.3336,0.8517
1895,1918,2019-01-02 14:00:00,24,0.1945,0.2541,0.7841,0.1609,0.1984,0.7405,0.2281,0.2997,0.8276
1896,1919,2019-01-02 15:00:00,24,0.1868,0.2394,0.8068,0.1679,0.2046,0.7832,0.2057,0.2698,0.8304
1897,1920,2019-01-02 16:00:00,24,0.1754,0.2164,0.8479,0.1674,0.2044,0.8133,0.1835,0.2277,0.8826
1898,1921,2019-01-02 17:00:00,24,0.1714,0.2012,0.8774,0.1734,0.2072,0.8289,0.1695,0.1951,0.926
1899,1922,2019-01-02 18:00:00,24,0.1781,0.2095,0.8845,0.1819,0.2149,0.8365,0.1742,0.204,0.9324
1900,1923,2019-01-02 19:00:00,24,0.1781,0.2082,0.9101,0.1677,0.1899,0.888,0.1885,0.225,0.9322
1901,1924,2019-01-02 20:00:00,24,0.1769,0.2062,0.9202,0.1613,0.1843,0.9007,0.1925,0.2259,0.9398
1902,1925,2019-01-02 21:00:00,24,0.1808,0.2098,0.9242,0.1632,0.1855,0.9044,0.1985,0.2316,0.9439
1903,1926,2019-01-02 22:00:00,24,0.1833,0.211,0.9256,0.1677,0.1879,0.9033,0.199,0.2317,0.9478
1904,1927,2019-01-02 23:00:00,24,0.1802,0.2049,0.9339,0.1541,0.169,0.9207,0.2063,0.2353,0.9472
1905,1928,2019-01-03 00:00:00,24,0.1768,0.2035,0.9337,0.1473,0.1655,0.9213,0.2064,0.2354,0.9462
1906,1929,2019-01-03 01:00:00,24,0.1738,0.2022,0.9315,0.1426,0.1635,0.9192,0.2049,0.2346,0.9438
1907,1930,2019-01-03 02:00:00,24,0.1679,0.1993,0.9291,0.1347,0.1583,0.9182,0.2011,0.2331,0.9401
1908,1931,2019-01-03 03:00:00,24,0.1606,0.195,0.9249,0.1276,0.1537,0.9145,0.1935,0.2289,0.9353
1909,1932,2019-01-03 04:00:00,24,0.1533,0.1901,0.9178,0.1197,0.1477,0.9089,0.1869,0.2247,0.9267
1910,1933,2019-01-03 05:00:00,24,0.1463,0.1854,0.9042,0.1124,0.1423,0.8983,0.1803,0.2202,0.9101
1911,1934,2019-01-03 06:00:00,24,0.1437,0.1843,0.8828,0.1123,0.1422,0.8895,0.175,0.2184,0.876
1912,1935,2019-01-03 07:00:00,24,0.1367,0.1798,0.8674,0.1084,0.1392,0.8982,0.165,0.2128,0.8366
1913,1936,2019-01-03 08:00:00,24,0.1422,0.1864,0.8263,0.1178,0.1531,0.874,0.1666,0.2145,0.7787
1914,1937,2019-01-03 09:00:00,24,0.1459,0.1907,0.7956,0.1215,0.1547,0.869,0.1703,0.2209,0.7223
1915,1938,2019-01-03 10:00:00,24,0.1448,0.1897,0.7915,0.1203,0.1541,0.8697,0.1693,0.2196,0.7134
1916,1939,2019-01-03 11:00:00,24,0.1548,0.2084,0.7781,0.1231,0.1571,0.8646,0.1864,0.2495,0.6917
1917,1940,2019-01-03 12:00:00,24,0.174,0.2392,0.7821,0.1292,0.1634,0.8536,0.2188,0.2962,0.7106
1918,1941,2019-01-03 13:00:00,24,0.1801,0.2465,0.8252,0.1222,0.154,0.8694,0.2381,0.3128,0.7811
1919,1942,2019-01-03 14:00:00,24,0.1901,0.2602,0.8453,0.1276,0.163,0.8548,0.2526,0.33,0.8357
1920,1943,2019-01-03 15:00:00,24,0.1936,0.2662,0.8687,0.1192,0.1544,0.8646,0.2679,0.3433,0.8727
1921,1944,2019-01-03 16:00:00,24,0.2032,0.2751,0.8741,0.1281,0.1633,0.8495,0.2783,0.3531,0.8986
1922,1945,2019-01-03 17:00:00,24,0.2015,0.2743,0.8859,0.1249,0.1608,0.8522,0.2782,0.353,0.9196
1923,1946,2019-01-03 18:00:00,24,0.192,0.2654,0.899,0.1159,0.1501,0.8618,0.2681,0.344,0.9363
1924,1947,2019-01-03 19:00:00,24,0.1866,0.2581,0.8985,0.1155,0.1496,0.8484,0.2577,0.3329,0.9486
1925,1948,2019-01-03 20:00:00,24,0.1879,0.2586,0.8979,0.1169,0.1506,0.8417,0.259,0.3333,0.9541
1926,1949,2019-01-03 21:00:00,24,0.1864,0.257,0.8957,0.1196,0.1536,0.8323,0.2531,0.3294,0.9592
1927,1950,2019-01-03 22:00:00,24,0.1872,0.2572,0.9011,0.1192,0.1532,0.8403,0.2553,0.3299,0.9619
1928,1951,2019-01-03 23:00:00,24,0.1855,0.2567,0.9043,0.1164,0.1523,0.8455,0.2546,0.3295,0.9631
1929,1952,2019-01-04 00:00:00,24,0.1908,0.2601,0.8948,0.1292,0.1649,0.8264,0.2525,0.3288,0.9632
1930,1953,2019-01-04 01:00:00,24,0.1969,0.2632,0.8898,0.1388,0.1724,0.8176,0.255,0.3299,0.9621
1931,1954,2019-01-04 02:00:00,24,0.2064,0.2683,0.884,0.1477,0.1784,0.8088,0.2651,0.3348,0.9593
1932,1955,2019-01-04 03:00:00,24,0.214,0.2717,0.8783,0.1544,0.1819,0.8006,0.2737,0.3385,0.9559
1933,1956,2019-01-04 04:00:00,24,0.2189,0.2735,0.8705,0.159,0.1838,0.7892,0.2788,0.3404,0.9518
1934,1957,2019-01-04 05:00:00,24,0.2229,0.2749,0.8553,0.163,0.1853,0.7654,0.2828,0.3418,0.9453
1935,1958,2019-01-04 06:00:00,24,0.2257,0.2757,0.8253,0.1646,0.1862,0.7153,0.2868,0.3425,0.9352
1936,1959,2019-01-04 07:00:00,24,0.2269,0.2758,0.7522,0.1656,0.1866,0.5869,0.2881,0.3426,0.9174
1937,1960,2019-01-04 08:00:00,24,0.2193,0.2701,0.7061,0.156,0.1752,0.5226,0.2826,0.3395,0.8896
1938,1961,2019-01-04 09:00:00,24,0.2136,0.2643,0.5953,0.1576,0.1764,0.3408,0.2696,0.3295,0.8498
1939,1962,2019-01-04 10:00:00,24,0.2148,0.2648,0.3337,0.1666,0.185,-0.0824,0.263,0.3256,0.7497
1940,1963,2019-01-04 11:00:00,24,0.2014,0.249,0.0368,0.1653,0.1837,-0.5119,0.2375,0.3005,0.5854
1941,1964,2019-01-04 12:00:00,24,0.1858,0.2214,-0.1378,0.1637,0.1818,-0.7183,0.2079,0.2549,0.4428
1942,1965,2019-01-04 13:00:00,24,0.179,0.2124,-0.3433,0.1696,0.1881,-0.7804,0.1885,0.2343,0.0939
1943,1966,2019-01-04 14:00:00,24,0.1685,0.1959,-0.0336,0.1679,0.1854,-0.1404,0.1691,0.206,0.0732
1944,1967,2019-01-04 15:00:00,24,0.163,0.1863,0.2534,0.1749,0.1907,0.1,0.1511,0.1818,0.4069
1945,1968,2019-01-04 16:00:00,24,0.155,0.1741,0.5181,0.1736,0.1891,0.3263,0.1364,0.1578,0.7099
1946,1969,2019-01-04 17:00:00,24,0.1514,0.1691,0.6194,0.1741,0.1893,0.3943,0.1286,0.146,0.8445
1947,1970,2019-01-04 18:00:00,24,0.1537,0.1718,0.6501,0.1752,0.1898,0.3999,0.1322,0.1517,0.9003
1948,1971,2019-01-04 19:00:00,24,0.1511,0.1693,0.668,0.1719,0.1874,0.3983,0.1303,0.149,0.9377
1949,1972,2019-01-04 20:00:00,24,0.1518,0.1708,0.6579,0.1692,0.1861,0.361,0.1343,0.1538,0.9549
1950,1973,2019-01-04 21:00:00,24,0.1504,0.1695,0.6529,0.1654,0.1829,0.3388,0.1354,0.1549,0.9669
1951,1974,2019-01-04 22:00:00,24,0.1515,0.1705,0.6367,0.1645,0.1822,0.2995,0.1386,0.1579,0.9738
1952,1975,2019-01-04 23:00:00,24,0.1543,0.1719,0.5579,0.1692,0.1841,0.1365,0.1393,0.1588,0.9794
1953,1976,2019-01-05 00:00:00,24,0.1525,0.1701,0.5921,0.1581,0.1732,0.202,0.1469,0.1669,0.9821
1954,1977,2019-01-05 01:00:00,24,0.1544,0.175,0.6669,0.1523,0.1671,0.3507,0.1564,0.1825,0.983
1955,1978,2019-01-05 02:00:00,24,0.1522,0.1768,0.7488,0.143,0.1608,0.5126,0.1613,0.1915,0.9849
1956,1979,2019-01-05 03:00:00,24,0.1528,0.1775,0.766,0.1446,0.1626,0.5447,0.1611,0.1912,0.9874
1957,1980,2019-01-05 04:00:00,24,0.1503,0.1757,0.7882,0.142,0.161,0.5872,0.1586,0.1892,0.9892
1958,1981,2019-01-05 05:00:00,24,0.146,0.1734,0.8074,0.1391,0.1596,0.6243,0.1528,0.1862,0.9905
