20:58:25.791 > ===== BOOT START =====
20:58:25.791 > [PLATFORM] NUCLEO-F411RE / STM32F411RE
20:58:25.791 > [CPU_SET_MHz] freq=100 MHz
20:58:25.800 > [BOOT] LiteML-Edge starting...
20:58:25.802 > [MODE] LITEML_MODE=2 -> FIELD (evaluation contract)
20:58:25.913 > [SENSORS] DHT22 initialized successfully.
20:58:25.913 > [SENSORS] No NTP — using local millis-based clock.
20:58:25.922 > [SENSORS] Initialization complete. Acquisition layer ready; unified evaluation contract armed.
20:58:25.929 > [MODE] Shared post-acquisition contract: hourly rollover, lag snapshots, common feature packing, and lag-1 residual baseline.
20:58:25.942 > [TFLM] outputs_size=1 | out0_type=9 out1_type=-1 | out0_bytes=2 out1_bytes=-1
20:58:25.951 > [ARENA] reserved=16384B used=916B (0.9kB/16.0kB)
20:58:25.952 > [MEM] Model=6.46kB (FLASH) | Arena=0.89kB (RAM) | Total≈7.36kB
20:58:25.958 > [quant] in: s=0.003921569 zp=-128 | out0: s=0.046528529 zp=-1 | out1: s=-1.000000000 zp=-999 | in_t=9 out0_t=9 out1_t=-1 | in_lastdim=288
20:58:25.970 > [MODEL] type=MLP | arch=MLP | io=int8->int8 | precision_io=INT8_IO | quant_style=FULL_INT8
20:58:25.978 > [SCALERS] crc32=0x997A4053 K=12 | Y0=[-1.110,0.910] Y1=[-0.748,0.649]
20:58:25.985 > [SCALERS] ΔY=[-1.110,-0.748]..[0.910,0.649]
20:58:25.987 > [SCALERS] X0=[21.110001,35.000000] X1=[43.000000,100.000000]
20:58:25.994 > [SCALERS] X2=[24.360001,28.680000] X3=[60.620712,75.301254]
20:58:26.002 > [SELFTEST] OK? YES  y0=-0.358  y1=-0.488  (in_scale=0.003922 in_zp=-128  out0_scale=0.046529 out0_zp=-1)
20:58:26.008 > [SELFTEST] y0=-0.36 y1=-0.49
20:58:26.011 > [BENCH][INA219] calib=16V/400mA | assumed_shunt=0.100 ohm
20:58:26.018 > [BOOT] ready.
20:58:26.018 > [METRICS] mode=LIVE_FEATURES
20:58:26.020 > [SENSORS] invalid reading (waiting for stabilization)...
20:58:28.723 > [SENSORS] FIELD seed progress: current hour captured; waiting for lag1 and lag2.
20:58:28.739 > [WARMUP] waiting=stabilization+lag_history | snapshot=0 warmup=1/6  Tin=30.10 Hin=65.80 Tout=29.60 Hout=72.80
20:58:30.239 > [WARMUP] waiting=lag_history(lag1+lag2) | snapshot=0 warmup=6/6  Tin=30.10 Hin=65.80 Tout=29.60 Hout=72.80
20:58:31.762 > [WARMUP] waiting=lag_history(lag1+lag2) | snapshot=0 warmup=6/6  Tin=30.10 Hin=65.80 Tout=29.50 Hout=72.80
20:58:33.276 > [WARMUP] waiting=lag_history(lag1+lag2) | snapshot=0 warmup=6/6  Tin=30.10 Hin=65.76 Tout=29.60 Hout=72.60
20:58:34.786 > [WARMUP] waiting=lag_history(lag1+lag2) | snapshot=0 warmup=6/6  Tin=30.10 Hin=65.71 Tout=29.60 Hout=72.70
20:58:36.286 > [WARMUP] waiting=lag_history(lag1+lag2) | snapshot=0 warmup=6/6  Tin=30.10 Hin=65.78 Tout=29.60 Hout=72.70
20:58:37.805 > [WARMUP] waiting=lag_history(lag1+lag2) | snapshot=0 warmup=6/6  Tin=30.10 Hin=65.74 Tout=29.60 Hout=72.70
20:58:39.320 > [WARMUP] waiting=lag_history(lag1+lag2) | snapshot=0 warmup=6/6  Tin=30.10 Hin=65.72 Tout=29.60 Hout=72.50
20:58:40.820 > [WARMUP] waiting=lag_history(lag1+lag2) | snapshot=0 warmup=6/6  Tin=30.10 Hin=65.88 Tout=29.60 Hout=72.50
20:58:42.334 > [WARMUP] waiting=lag_history(lag1+lag2) | snapshot=0 warmup=6/6  Tin=30.10 Hin=65.97 Tout=29.60 Hout=72.70
20:58:43.850 > [WARMUP] waiting=lag_history(lag1+lag2) | snapshot=0 warmup=6/6  Tin=30.10 Hin=66.00 Tout=29.50 Hout=72.50
20:58:45.370 > [WARMUP] waiting=lag_history(lag1+lag2) | snapshot=0 warmup=6/6  Tin=30.10 Hin=66.00 Tout=29.60 Hout=72.70
20:58:46.870 > [WARMUP] waiting=lag_history(lag1+lag2) | snapshot=0 warmup=6/6  Tin=30.10 Hin=65.92 Tout=29.60 Hout=72.70
20:58:48.386 > [WARMUP] waiting=lag_history(lag1+lag2) | snapshot=0 warmup=6/6  Tin=30.10 Hin=65.84 Tout=29.60 Hout=72.60
20:58:49.907 > [WARMUP] waiting=lag_history(lag1+lag2) | snapshot=0 warmup=6/6  Tin=30.10 Hin=65.80 Tout=29.60 Hout=72.60
20:58:51.403 > [WARMUP] waiting=lag_history(lag1+lag2) | snapshot=0 warmup=6/6  Tin=30.10 Hin=65.71 Tout=29.60 Hout=72.60
20:58:52.915 > [WARMUP] waiting=lag_history(lag1+lag2) | snapshot=0 warmup=6/6  Tin=30.00 Hin=65.41 Tout=29.60 Hout=72.70
20:58:54.433 > [WARMUP] waiting=lag_history(lag1+lag2) | snapshot=0 warmup=6/6  Tin=30.00 Hin=65.51 Tout=29.60 Hout=72.60
20:58:55.950 > [WARMUP] waiting=lag_history(lag1+lag2) | snapshot=0 warmup=6/6  Tin=30.00 Hin=65.76 Tout=29.60 Hout=72.70
20:58:57.449 > [WARMUP] waiting=lag_history(lag1+lag2) | snapshot=0 warmup=6/6  Tin=30.00 Hin=65.88 Tout=29.60 Hout=72.70
20:58:58.978 > [WARMUP] waiting=lag_history(lag1+lag2) | snapshot=0 warmup=6/6  Tin=29.90 Hin=66.08 Tout=29.60 Hout=72.70
20:59:00.489 > [WARMUP] waiting=lag_history(lag1+lag2) | snapshot=0 warmup=6/6  Tin=29.90 Hin=66.18 Tout=29.60 Hout=72.40
20:59:02.001 > [WARMUP] waiting=lag_history(lag1+lag2) | snapshot=0 warmup=6/6  Tin=29.90 Hin=66.20 Tout=29.60 Hout=72.40
20:59:03.514 > [WARMUP] waiting=lag_history(lag1+lag2) | snapshot=0 warmup=6/6  Tin=29.90 Hin=66.27 Tout=29.60 Hout=72.60
20:59:05.030 > [WARMUP] waiting=lag_history(lag1+lag2) | snapshot=0 warmup=6/6  Tin=29.80 Hin=66.22 Tout=29.60 Hout=72.50
20:59:06.531 > [WARMUP] waiting=lag_history(lag1+lag2) | snapshot=0 warmup=6/6  Tin=29.80 Hin=66.11 Tout=29.60 Hout=72.40
20:59:08.048 > [WARMUP] waiting=lag_history(lag1+lag2) | snapshot=0 warmup=6/6  Tin=29.80 Hin=65.77 Tout=29.60 Hout=72.40
20:59:09.565 > [WARMUP] waiting=lag_history(lag1+lag2) | snapshot=0 warmup=6/6  Tin=29.70 Hin=65.59 Tout=29.60 Hout=72.40
20:59:11.065 > [WARMUP] waiting=lag_history(lag1+lag2) | snapshot=0 warmup=6/6  Tin=29.70 Hin=65.53 Tout=29.60 Hout=72.60
20:59:12.587 > [WARMUP] waiting=lag_history(lag1+lag2) | snapshot=0 warmup=6/6  Tin=29.70 Hin=65.68 Tout=29.60 Hout=72.60
20:59:14.094 > [WARMUP] waiting=lag_history(lag1+lag2) | snapshot=0 warmup=6/6  Tin=29.60 Hin=65.33 Tout=29.60 Hout=72.60
20:59:15.612 > [WARMUP] waiting=lag_history(lag1+lag2) | snapshot=0 warmup=6/6  Tin=29.60 Hin=65.29 Tout=29.60 Hout=72.70
20:59:17.116 > [WARMUP] waiting=lag_history(lag1+lag2) | snapshot=0 warmup=6/6  Tin=29.60 Hin=65.39 Tout=29.60 Hout=72.50
20:59:18.630 > [WARMUP] waiting=lag_history(lag1+lag2) | snapshot=0 warmup=6/6  Tin=29.50 Hin=65.56 Tout=29.60 Hout=72.50
20:59:20.152 > [WARMUP] waiting=lag_history(lag1+lag2) | snapshot=0 warmup=6/6  Tin=29.40 Hin=65.66 Tout=29.60 Hout=72.60
20:59:21.667 > [WARMUP] waiting=lag_history(lag1+lag2) | snapshot=0 warmup=6/6  Tin=29.40 Hin=65.69 Tout=29.60 Hout=72.50
20:59:23.173 > [WARMUP] waiting=lag_history(lag1+lag2) | snapshot=0 warmup=6/6  Tin=29.40 Hin=65.70 Tout=29.60 Hout=72.50
20:59:24.675 > [WARMUP] waiting=lag_history(lag1+lag2) | snapshot=0 warmup=6/6  Tin=29.40 Hin=65.85 Tout=29.50 Hout=72.60
20:59:26.079 > [SENSORS] Health IN ok=28 err=0 reinit=0 pwr=0 | OUT ok=28 err=0 reinit=0 pwr=0
20:59:26.088 > [SENSORS] FIELD seed progress: lag1 ready; waiting one more logical hour for lag2.
20:59:26.213 > [WARMUP] waiting=lag_history(lag1+lag2) | snapshot=0 warmup=6/6  Tin=29.30 Hin=65.89 Tout=29.60 Hout=72.60
20:59:27.727 > [WARMUP] waiting=lag_history(lag1+lag2) | snapshot=0 warmup=6/6  Tin=29.30 Hin=65.90 Tout=29.60 Hout=72.60
20:59:29.228 > [WARMUP] waiting=lag_history(lag1+lag2) | snapshot=0 warmup=6/6  Tin=29.30 Hin=65.90 Tout=29.60 Hout=72.60
20:59:30.744 > [WARMUP] waiting=lag_history(lag1+lag2) | snapshot=0 warmup=6/6  Tin=29.20 Hin=65.84 Tout=29.60 Hout=72.60
20:59:32.261 > [WARMUP] waiting=lag_history(lag1+lag2) | snapshot=0 warmup=6/6  Tin=29.20 Hin=65.80 Tout=29.60 Hout=72.60
20:59:33.773 > [WARMUP] waiting=lag_history(lag1+lag2) | snapshot=0 warmup=6/6  Tin=29.20 Hin=65.71 Tout=29.60 Hout=72.60
20:59:35.275 > [WARMUP] waiting=lag_history(lag1+lag2) | snapshot=0 warmup=6/6  Tin=29.10 Hin=65.78 Tout=29.60 Hout=72.60
20:59:36.792 > [WARMUP] waiting=lag_history(lag1+lag2) | snapshot=0 warmup=6/6  Tin=29.10 Hin=65.84 Tout=29.60 Hout=72.60
20:59:38.313 > [WARMUP] waiting=lag_history(lag1+lag2) | snapshot=0 warmup=6/6  Tin=29.10 Hin=65.89 Tout=29.60 Hout=72.60
20:59:39.823 > [WARMUP] waiting=lag_history(lag1+lag2) | snapshot=0 warmup=6/6  Tin=29.00 Hin=65.98 Tout=29.60 Hout=72.60
20:59:41.326 > [WARMUP] waiting=lag_history(lag1+lag2) | snapshot=0 warmup=6/6  Tin=29.00 Hin=66.12 Tout=29.60 Hout=72.50
20:59:42.842 > [WARMUP] waiting=lag_history(lag1+lag2) | snapshot=0 warmup=6/6  Tin=29.00 Hin=66.20 Tout=29.60 Hout=72.40
20:59:44.357 > [WARMUP] waiting=lag_history(lag1+lag2) | snapshot=0 warmup=6/6  Tin=29.00 Hin=66.29 Tout=29.60 Hout=72.40
20:59:45.871 > [WARMUP] waiting=lag_history(lag1+lag2) | snapshot=0 warmup=6/6  Tin=28.90 Hin=66.30 Tout=29.60 Hout=72.40
20:59:47.389 > [WARMUP] waiting=lag_history(lag1+lag2) | snapshot=0 warmup=6/6  Tin=28.80 Hin=66.34 Tout=29.60 Hout=72.50
20:59:48.890 > [WARMUP] waiting=lag_history(lag1+lag2) | snapshot=0 warmup=6/6  Tin=28.80 Hin=66.39 Tout=29.60 Hout=72.50
20:59:50.407 > [WARMUP] waiting=lag_history(lag1+lag2) | snapshot=0 warmup=6/6  Tin=28.80 Hin=66.40 Tout=29.60 Hout=72.50
20:59:51.924 > [WARMUP] waiting=lag_history(lag1+lag2) | snapshot=0 warmup=6/6  Tin=28.80 Hin=66.52 Tout=29.60 Hout=72.40
20:59:53.440 > [WARMUP] waiting=lag_history(lag1+lag2) | snapshot=0 warmup=6/6  Tin=28.70 Hin=66.59 Tout=29.60 Hout=72.60
20:59:54.934 > [WARMUP] waiting=lag_history(lag1+lag2) | snapshot=0 warmup=6/6  Tin=28.70 Hin=66.60 Tout=29.60 Hout=72.60
20:59:56.459 > [WARMUP] waiting=lag_history(lag1+lag2) | snapshot=0 warmup=6/6  Tin=28.60 Hin=66.67 Tout=29.60 Hout=72.60
20:59:57.972 > [WARMUP] waiting=lag_history(lag1+lag2) | snapshot=0 warmup=6/6  Tin=28.60 Hin=66.66 Tout=29.60 Hout=72.50
20:59:59.470 > [WARMUP] waiting=lag_history(lag1+lag2) | snapshot=0 warmup=6/6  Tin=28.60 Hin=66.61 Tout=29.60 Hout=72.50
21:00:00.987 > [WARMUP] waiting=lag_history(lag1+lag2) | snapshot=0 warmup=6/6  Tin=28.60 Hin=66.68 Tout=29.60 Hout=72.50
21:00:02.504 > [WARMUP] waiting=lag_history(lag1+lag2) | snapshot=0 warmup=6/6  Tin=28.50 Hin=66.70 Tout=29.60 Hout=72.50
21:00:04.022 > [WARMUP] waiting=lag_history(lag1+lag2) | snapshot=0 warmup=6/6  Tin=28.50 Hin=66.72 Tout=29.60 Hout=72.60
21:00:05.517 > [WARMUP] waiting=lag_history(lag1+lag2) | snapshot=0 warmup=6/6  Tin=28.50 Hin=66.88 Tout=29.60 Hout=72.60
21:00:07.047 > [WARMUP] waiting=lag_history(lag1+lag2) | snapshot=0 warmup=6/6  Tin=28.50 Hin=66.90 Tout=29.60 Hout=72.50
21:00:08.555 > [WARMUP] waiting=lag_history(lag1+lag2) | snapshot=0 warmup=6/6  Tin=28.40 Hin=66.90 Tout=29.60 Hout=72.50
21:00:10.068 > [WARMUP] waiting=lag_history(lag1+lag2) | snapshot=0 warmup=6/6  Tin=28.40 Hin=66.90 Tout=29.60 Hout=72.50
21:00:11.574 > [WARMUP] waiting=lag_history(lag1+lag2) | snapshot=0 warmup=6/6  Tin=28.40 Hin=66.98 Tout=29.60 Hout=72.50
21:00:13.086 > [WARMUP] waiting=lag_history(lag1+lag2) | snapshot=0 warmup=6/6  Tin=28.40 Hin=66.94 Tout=29.60 Hout=72.60
21:00:14.603 > [WARMUP] waiting=lag_history(lag1+lag2) | snapshot=0 warmup=6/6  Tin=28.30 Hin=66.90 Tout=29.60 Hout=72.50
21:00:16.115 > [WARMUP] waiting=lag_history(lag1+lag2) | snapshot=0 warmup=6/6  Tin=28.30 Hin=66.90 Tout=29.60 Hout=72.50
21:00:17.633 > [WARMUP] waiting=lag_history(lag1+lag2) | snapshot=0 warmup=6/6  Tin=28.20 Hin=66.90 Tout=29.50 Hout=72.50
21:00:19.149 > [WARMUP] waiting=lag_history(lag1+lag2) | snapshot=0 warmup=6/6  Tin=28.20 Hin=66.86 Tout=29.60 Hout=72.50
21:00:20.649 > [WARMUP] waiting=lag_history(lag1+lag2) | snapshot=0 warmup=6/6  Tin=28.20 Hin=66.81 Tout=29.60 Hout=72.60
21:00:22.167 > [WARMUP] waiting=lag_history(lag1+lag2) | snapshot=0 warmup=6/6  Tin=28.10 Hin=67.05 Tout=29.60 Hout=72.60
21:00:23.684 > [WARMUP] waiting=lag_history(lag1+lag2) | snapshot=0 warmup=6/6  Tin=28.20 Hin=67.03 Tout=29.60 Hout=72.60
21:00:25.190 > [WARMUP] waiting=lag_history(lag1+lag2) | snapshot=0 warmup=6/6  Tin=28.10 Hin=67.01 Tout=29.60 Hout=72.60
21:00:26.163 > [SENSORS] FIELD seed progress: lag1 + lag2 ready; snapshot gate released.
21:00:26.163 > 
21:00:26.163 > [EVENT] type=HOUR  Tin=28.10 Hin=67.08 Tout=29.60 Hout=72.60
21:00:26.175 > [infer] warmup: window 1/24 - (Invoke NOT executed)
21:00:26.235 > [SENSORS] Health IN ok=56 err=0 reinit=0 pwr=0 | OUT ok=56 err=0 reinit=0 pwr=0
21:00:27.679 > [BENCH] IDLE | t_inference_us=0 | heap=0.3kB/105.8kB (min=105.5kB, biggest=105.5kB) | arena=0.9kB | V_bus=4.932V I_bus=59.1mA P_bus=289.6mW E_total_accum=9.794mWh
21:00:29.714 > [BENCH] IDLE | t_inference_us=0 | heap=0.3kB/105.8kB (min=105.5kB, biggest=105.5kB) | arena=0.9kB | V_bus=4.932V I_bus=58.9mA P_bus=288.8mW E_total_accum=9.956mWh
21:00:31.732 > [BENCH] IDLE | t_inference_us=0 | heap=0.3kB/105.8kB (min=105.5kB, biggest=105.5kB) | arena=0.9kB | V_bus=4.928V I_bus=58.8mA P_bus=288.8mW E_total_accum=10.118mWh
21:00:33.748 > [BENCH] IDLE | t_inference_us=0 | heap=0.3kB/105.8kB (min=105.5kB, biggest=105.5kB) | arena=0.9kB | V_bus=4.924V I_bus=58.5mA P_bus=287.6mW E_total_accum=10.279mWh
21:00:35.778 > [BENCH] IDLE | t_inference_us=0 | heap=0.3kB/105.8kB (min=105.5kB, biggest=105.5kB) | arena=0.9kB | V_bus=4.924V I_bus=58.7mA P_bus=288.3mW E_total_accum=10.441mWh
21:00:37.793 > [BENCH] IDLE | t_inference_us=0 | heap=0.3kB/105.8kB (min=105.5kB, biggest=105.5kB) | arena=0.9kB | V_bus=4.924V I_bus=59.1mA P_bus=290.5mW E_total_accum=10.603mWh
21:00:39.823 > [BENCH] IDLE | t_inference_us=0 | heap=0.3kB/105.8kB (min=105.5kB, biggest=105.5kB) | arena=0.9kB | V_bus=4.928V I_bus=58.9mA P_bus=289.8mW E_total_accum=10.766mWh
21:00:41.848 > [BENCH] IDLE | t_inference_us=0 | heap=0.3kB/105.8kB (min=105.5kB, biggest=105.5kB) | arena=0.9kB | V_bus=4.928V I_bus=58.4mA P_bus=287.2mW E_total_accum=10.927mWh
21:00:43.863 > [BENCH] IDLE | t_inference_us=0 | heap=0.3kB/105.8kB (min=105.5kB, biggest=105.5kB) | arena=0.9kB | V_bus=4.932V I_bus=58.3mA P_bus=286.8mW E_total_accum=11.088mWh
21:00:45.890 > [BENCH] IDLE | t_inference_us=0 | heap=0.3kB/105.8kB (min=105.5kB, biggest=105.5kB) | arena=0.9kB | V_bus=4.932V I_bus=58.5mA P_bus=288.2mW E_total_accum=11.250mWh
21:00:47.910 > [BENCH] IDLE | t_inference_us=0 | heap=0.3kB/105.8kB (min=105.5kB, biggest=105.5kB) | arena=0.9kB | V_bus=4.924V I_bus=58.9mA P_bus=290.2mW E_total_accum=11.412mWh
21:00:49.927 > [BENCH] IDLE | t_inference_us=0 | heap=0.3kB/105.8kB (min=105.5kB, biggest=105.5kB) | arena=0.9kB | V_bus=4.920V I_bus=58.3mA P_bus=286.9mW E_total_accum=11.573mWh
21:00:51.944 > [BENCH] IDLE | t_inference_us=0 | heap=0.3kB/105.8kB (min=105.5kB, biggest=105.5kB) | arena=0.9kB | V_bus=4.928V I_bus=58.0mA P_bus=285.5mW E_total_accum=11.733mWh
21:00:53.977 > [BENCH] IDLE | t_inference_us=0 | heap=0.3kB/105.8kB (min=105.5kB, biggest=105.5kB) | arena=0.9kB | V_bus=4.932V I_bus=58.1mA P_bus=286.3mW E_total_accum=11.894mWh
21:00:56.000 > [BENCH] IDLE | t_inference_us=0 | heap=0.3kB/105.8kB (min=105.5kB, biggest=105.5kB) | arena=0.9kB | V_bus=4.928V I_bus=57.8mA P_bus=284.6mW E_total_accum=12.053mWh
21:00:58.023 > [BENCH] IDLE | t_inference_us=0 | heap=0.3kB/105.8kB (min=105.5kB, biggest=105.5kB) | arena=0.9kB | V_bus=4.924V I_bus=57.6mA P_bus=284.0mW E_total_accum=12.212mWh
21:01:00.048 > [BENCH] IDLE | t_inference_us=0 | heap=0.3kB/105.8kB (min=105.5kB, biggest=105.5kB) | arena=0.9kB | V_bus=4.924V I_bus=58.1mA P_bus=286.3mW E_total_accum=12.373mWh
21:01:02.058 > [BENCH] IDLE | t_inference_us=0 | heap=0.3kB/105.8kB (min=105.5kB, biggest=105.5kB) | arena=0.9kB | V_bus=4.932V I_bus=58.2mA P_bus=286.9mW E_total_accum=12.534mWh
21:01:04.094 > [BENCH] IDLE | t_inference_us=0 | heap=0.3kB/105.8kB (min=105.5kB, biggest=105.5kB) | arena=0.9kB | V_bus=4.928V I_bus=57.8mA P_bus=285.0mW E_total_accum=12.694mWh
21:01:06.109 > [BENCH] IDLE | t_inference_us=0 | heap=0.3kB/105.8kB (min=105.5kB, biggest=105.5kB) | arena=0.9kB | V_bus=4.928V I_bus=57.7mA P_bus=284.4mW E_total_accum=12.853mWh
21:01:08.126 > [BENCH] IDLE | t_inference_us=0 | heap=0.3kB/105.8kB (min=105.5kB, biggest=105.5kB) | arena=0.9kB | V_bus=4.924V I_bus=58.2mA P_bus=286.8mW E_total_accum=13.014mWh
21:01:10.159 > [BENCH] IDLE | t_inference_us=0 | heap=0.3kB/105.8kB (min=105.5kB, biggest=105.5kB) | arena=0.9kB | V_bus=4.920V I_bus=58.2mA P_bus=286.7mW E_total_accum=13.175mWh
21:01:12.173 > [BENCH] IDLE | t_inference_us=0 | heap=0.3kB/105.8kB (min=105.5kB, biggest=105.5kB) | arena=0.9kB | V_bus=4.928V I_bus=57.9mA P_bus=285.3mW E_total_accum=13.335mWh
21:01:14.208 > [BENCH] IDLE | t_inference_us=0 | heap=0.3kB/105.8kB (min=105.5kB, biggest=105.5kB) | arena=0.9kB | V_bus=4.932V I_bus=58.3mA P_bus=287.1mW E_total_accum=13.496mWh
21:01:16.222 > [BENCH] IDLE | t_inference_us=0 | heap=0.3kB/105.8kB (min=105.5kB, biggest=105.5kB) | arena=0.9kB | V_bus=4.924V I_bus=57.9mA P_bus=285.0mW E_total_accum=13.656mWh
21:01:18.239 > [BENCH] IDLE | t_inference_us=0 | heap=0.3kB/105.8kB (min=105.5kB, biggest=105.5kB) | arena=0.9kB | V_bus=4.924V I_bus=58.0mA P_bus=285.8mW E_total_accum=13.816mWh
21:01:20.270 > [BENCH] IDLE | t_inference_us=0 | heap=0.3kB/105.8kB (min=105.5kB, biggest=105.5kB) | arena=0.9kB | V_bus=4.932V I_bus=58.2mA P_bus=286.6mW E_total_accum=13.977mWh
21:01:22.287 > [BENCH] IDLE | t_inference_us=0 | heap=0.3kB/105.8kB (min=105.5kB, biggest=105.5kB) | arena=0.9kB | V_bus=4.924V I_bus=57.8mA P_bus=284.7mW E_total_accum=14.136mWh
21:01:24.304 > [BENCH] IDLE | t_inference_us=0 | heap=0.3kB/105.8kB (min=105.5kB, biggest=105.5kB) | arena=0.9kB | V_bus=4.932V I_bus=57.9mA P_bus=285.5mW E_total_accum=14.296mWh
21:01:26.288 > 
21:01:26.288 > [EVENT] type=HOUR  Tin=27.20 Hin=67.70 Tout=29.50 Hout=72.80
21:01:26.288 > [infer] warmup: window 2/24 - (Invoke NOT executed)
21:01:26.358 > [SENSORS] Health IN ok=84 err=0 reinit=0 pwr=0 | OUT ok=84 err=0 reinit=0 pwr=0
21:01:27.805 > [BENCH] IDLE | t_inference_us=0 | heap=0.3kB/105.8kB (min=105.5kB, biggest=105.5kB) | arena=0.9kB | V_bus=4.920V I_bus=57.8mA P_bus=284.8mW E_total_accum=14.573mWh
21:01:29.834 > [BENCH] IDLE | t_inference_us=0 | heap=0.3kB/105.8kB (min=105.5kB, biggest=105.5kB) | arena=0.9kB | V_bus=4.924V I_bus=57.7mA P_bus=284.3mW E_total_accum=14.732mWh
21:01:31.851 > [BENCH] IDLE | t_inference_us=0 | heap=0.3kB/105.8kB (min=105.5kB, biggest=105.5kB) | arena=0.9kB | V_bus=4.932V I_bus=57.9mA P_bus=285.0mW E_total_accum=14.892mWh
21:01:33.868 > [BENCH] IDLE | t_inference_us=0 | heap=0.3kB/105.8kB (min=105.5kB, biggest=105.5kB) | arena=0.9kB | V_bus=4.928V I_bus=57.5mA P_bus=283.0mW E_total_accum=15.051mWh
21:01:35.901 > [BENCH] IDLE | t_inference_us=0 | heap=0.3kB/105.8kB (min=105.5kB, biggest=105.5kB) | arena=0.9kB | V_bus=4.932V I_bus=57.7mA P_bus=284.5mW E_total_accum=15.210mWh
21:01:37.918 > [BENCH] IDLE | t_inference_us=0 | heap=0.3kB/105.8kB (min=105.5kB, biggest=105.5kB) | arena=0.9kB | V_bus=4.924V I_bus=58.1mA P_bus=286.4mW E_total_accum=15.371mWh
21:01:39.941 > [BENCH] IDLE | t_inference_us=0 | heap=0.3kB/105.8kB (min=105.5kB, biggest=105.5kB) | arena=0.9kB | V_bus=4.920V I_bus=57.9mA P_bus=285.2mW E_total_accum=15.531mWh
21:01:41.967 > [BENCH] IDLE | t_inference_us=0 | heap=0.3kB/105.8kB (min=105.5kB, biggest=105.5kB) | arena=0.9kB | V_bus=4.936V I_bus=57.9mA P_bus=285.3mW E_total_accum=15.691mWh
21:01:43.991 > [BENCH] IDLE | t_inference_us=0 | heap=0.3kB/105.8kB (min=105.5kB, biggest=105.5kB) | arena=0.9kB | V_bus=4.956V I_bus=57.9mA P_bus=285.7mW E_total_accum=15.851mWh
21:01:45.999 > [BENCH] IDLE | t_inference_us=0 | heap=0.3kB/105.8kB (min=105.5kB, biggest=105.5kB) | arena=0.9kB | V_bus=4.936V I_bus=58.0mA P_bus=286.4mW E_total_accum=16.011mWh
21:01:48.033 > [BENCH] IDLE | t_inference_us=0 | heap=0.3kB/105.8kB (min=105.5kB, biggest=105.5kB) | arena=0.9kB | V_bus=4.924V I_bus=57.9mA P_bus=285.3mW E_total_accum=16.171mWh
21:01:50.056 > [BENCH] IDLE | t_inference_us=0 | heap=0.3kB/105.8kB (min=105.5kB, biggest=105.5kB) | arena=0.9kB | V_bus=4.924V I_bus=58.3mA P_bus=287.6mW E_total_accum=16.333mWh
21:01:52.080 > [BENCH] IDLE | t_inference_us=0 | heap=0.3kB/105.8kB (min=105.5kB, biggest=105.5kB) | arena=0.9kB | V_bus=4.924V I_bus=58.0mA P_bus=285.8mW E_total_accum=16.493mWh
21:01:54.097 > [BENCH] IDLE | t_inference_us=0 | heap=0.3kB/105.8kB (min=105.5kB, biggest=105.5kB) | arena=0.9kB | V_bus=4.924V I_bus=58.6mA P_bus=288.7mW E_total_accum=16.654mWh
21:01:56.114 > [BENCH] IDLE | t_inference_us=0 | heap=0.3kB/105.8kB (min=105.5kB, biggest=105.5kB) | arena=0.9kB | V_bus=4.924V I_bus=58.2mA P_bus=286.6mW E_total_accum=16.815mWh
21:01:58.140 > [BENCH] IDLE | t_inference_us=0 | heap=0.3kB/105.8kB (min=105.5kB, biggest=105.5kB) | arena=0.9kB | V_bus=4.932V I_bus=58.2mA P_bus=286.6mW E_total_accum=16.976mWh
21:02:00.167 > [BENCH] IDLE | t_inference_us=0 | heap=0.3kB/105.8kB (min=105.5kB, biggest=105.5kB) | arena=0.9kB | V_bus=4.932V I_bus=57.8mA P_bus=284.8mW E_total_accum=17.136mWh
21:02:02.182 > [BENCH] IDLE | t_inference_us=0 | heap=0.3kB/105.8kB (min=105.5kB, biggest=105.5kB) | arena=0.9kB | V_bus=4.932V I_bus=58.0mA P_bus=285.7mW E_total_accum=17.296mWh
21:02:04.209 > [BENCH] IDLE | t_inference_us=0 | heap=0.3kB/105.8kB (min=105.5kB, biggest=105.5kB) | arena=0.9kB | V_bus=4.928V I_bus=57.5mA P_bus=283.5mW E_total_accum=17.455mWh
21:02:06.228 > [BENCH] IDLE | t_inference_us=0 | heap=0.3kB/105.8kB (min=105.5kB, biggest=105.5kB) | arena=0.9kB | V_bus=4.928V I_bus=58.0mA P_bus=285.7mW E_total_accum=17.615mWh
21:02:08.250 > [BENCH] IDLE | t_inference_us=0 | heap=0.3kB/105.8kB (min=105.5kB, biggest=105.5kB) | arena=0.9kB | V_bus=4.916V I_bus=58.1mA P_bus=286.1mW E_total_accum=17.775mWh
21:02:10.279 > [BENCH] IDLE | t_inference_us=0 | heap=0.3kB/105.8kB (min=105.5kB, biggest=105.5kB) | arena=0.9kB | V_bus=4.932V I_bus=58.2mA P_bus=286.6mW E_total_accum=17.936mWh
21:02:12.296 > [BENCH] IDLE | t_inference_us=0 | heap=0.3kB/105.8kB (min=105.5kB, biggest=105.5kB) | arena=0.9kB | V_bus=4.924V I_bus=57.8mA P_bus=284.8mW E_total_accum=18.096mWh
21:02:14.325 > [BENCH] IDLE | t_inference_us=0 | heap=0.3kB/105.8kB (min=105.5kB, biggest=105.5kB) | arena=0.9kB | V_bus=4.932V I_bus=58.2mA P_bus=286.7mW E_total_accum=18.257mWh
21:02:16.344 > [BENCH] IDLE | t_inference_us=0 | heap=0.3kB/105.8kB (min=105.5kB, biggest=105.5kB) | arena=0.9kB | V_bus=4.924V I_bus=58.1mA P_bus=286.2mW E_total_accum=18.417mWh
21:02:18.361 > [BENCH] IDLE | t_inference_us=0 | heap=0.3kB/105.8kB (min=105.5kB, biggest=105.5kB) | arena=0.9kB | V_bus=4.928V I_bus=58.2mA P_bus=286.5mW E_total_accum=18.577mWh
21:02:20.378 > [BENCH] IDLE | t_inference_us=0 | heap=0.3kB/105.8kB (min=105.5kB, biggest=105.5kB) | arena=0.9kB | V_bus=4.928V I_bus=57.7mA P_bus=284.1mW E_total_accum=18.737mWh
21:02:22.411 > [BENCH] IDLE | t_inference_us=0 | heap=0.3kB/105.8kB (min=105.5kB, biggest=105.5kB) | arena=0.9kB | V_bus=4.932V I_bus=58.1mA P_bus=286.3mW E_total_accum=18.897mWh
21:02:24.439 > [BENCH] IDLE | t_inference_us=0 | heap=0.3kB/105.8kB (min=105.5kB, biggest=105.5kB) | arena=0.9kB | V_bus=4.956V I_bus=58.1mA P_bus=286.6mW E_total_accum=19.058mWh
21:02:26.375 > 
21:02:26.375 > [EVENT] type=HOUR  Tin=26.70 Hin=67.70 Tout=29.50 Hout=72.70
21:02:26.375 > [infer] warmup: window 3/24 - (Invoke NOT executed)
21:02:26.480 > [SENSORS] Health IN ok=112 err=0 reinit=0 pwr=0 | OUT ok=113 err=0 reinit=0 pwr=0
21:02:27.881 > [BENCH] IDLE | t_inference_us=0 | heap=0.3kB/105.8kB (min=105.5kB, biggest=105.5kB) | arena=0.9kB | V_bus=4.928V I_bus=58.6mA P_bus=289.1mW E_total_accum=19.334mWh
21:02:29.912 > [BENCH] IDLE | t_inference_us=0 | heap=0.3kB/105.8kB (min=105.5kB, biggest=105.5kB) | arena=0.9kB | V_bus=4.920V I_bus=58.0mA P_bus=286.1mW E_total_accum=19.494mWh
21:02:31.925 > [BENCH] IDLE | t_inference_us=0 | heap=0.3kB/105.8kB (min=105.5kB, biggest=105.5kB) | arena=0.9kB | V_bus=4.932V I_bus=58.0mA P_bus=286.1mW E_total_accum=19.654mWh
21:02:33.955 > [BENCH] IDLE | t_inference_us=0 | heap=0.3kB/105.8kB (min=105.5kB, biggest=105.5kB) | arena=0.9kB | V_bus=4.928V I_bus=57.8mA P_bus=284.8mW E_total_accum=19.814mWh
21:02:35.974 > [BENCH] IDLE | t_inference_us=0 | heap=0.3kB/105.8kB (min=105.5kB, biggest=105.5kB) | arena=0.9kB | V_bus=4.928V I_bus=58.1mA P_bus=286.7mW E_total_accum=19.975mWh
21:02:37.989 > [BENCH] IDLE | t_inference_us=0 | heap=0.3kB/105.8kB (min=105.5kB, biggest=105.5kB) | arena=0.9kB | V_bus=4.920V I_bus=58.3mA P_bus=287.3mW E_total_accum=20.136mWh
21:02:40.023 > [BENCH] IDLE | t_inference_us=0 | heap=0.3kB/105.8kB (min=105.5kB, biggest=105.5kB) | arena=0.9kB | V_bus=4.932V I_bus=58.2mA P_bus=286.7mW E_total_accum=20.297mWh
21:02:42.047 > [BENCH] IDLE | t_inference_us=0 | heap=0.3kB/105.8kB (min=105.5kB, biggest=105.5kB) | arena=0.9kB | V_bus=4.932V I_bus=58.3mA P_bus=287.4mW E_total_accum=20.458mWh
21:02:44.057 > [BENCH] IDLE | t_inference_us=0 | heap=0.3kB/105.8kB (min=105.5kB, biggest=105.5kB) | arena=0.9kB | V_bus=4.928V I_bus=58.0mA P_bus=285.8mW E_total_accum=20.618mWh
21:02:46.092 > [BENCH] IDLE | t_inference_us=0 | heap=0.3kB/105.8kB (min=105.5kB, biggest=105.5kB) | arena=0.9kB | V_bus=4.928V I_bus=58.4mA P_bus=287.7mW E_total_accum=20.780mWh
21:02:48.105 > [BENCH] IDLE | t_inference_us=0 | heap=0.3kB/105.8kB (min=105.5kB, biggest=105.5kB) | arena=0.9kB | V_bus=4.920V I_bus=58.1mA P_bus=286.3mW E_total_accum=20.940mWh
21:02:50.137 > [BENCH] IDLE | t_inference_us=0 | heap=0.3kB/105.8kB (min=105.5kB, biggest=105.5kB) | arena=0.9kB | V_bus=4.932V I_bus=58.0mA P_bus=285.8mW E_total_accum=21.101mWh
21:02:52.156 > [BENCH] IDLE | t_inference_us=0 | heap=0.3kB/105.8kB (min=105.5kB, biggest=105.5kB) | arena=0.9kB | V_bus=4.932V I_bus=58.2mA P_bus=286.6mW E_total_accum=21.261mWh
21:02:54.171 > [BENCH] IDLE | t_inference_us=0 | heap=0.3kB/105.8kB (min=105.5kB, biggest=105.5kB) | arena=0.9kB | V_bus=4.920V I_bus=58.1mA P_bus=286.5mW E_total_accum=21.422mWh
21:02:56.200 > [BENCH] IDLE | t_inference_us=0 | heap=0.3kB/105.8kB (min=105.5kB, biggest=105.5kB) | arena=0.9kB | V_bus=4.920V I_bus=58.4mA P_bus=287.5mW E_total_accum=21.583mWh
21:02:58.223 > [BENCH] IDLE | t_inference_us=0 | heap=0.3kB/105.8kB (min=105.5kB, biggest=105.5kB) | arena=0.9kB | V_bus=4.932V I_bus=58.3mA P_bus=287.2mW E_total_accum=21.744mWh
21:03:00.248 > [BENCH] IDLE | t_inference_us=0 | heap=0.3kB/105.8kB (min=105.5kB, biggest=105.5kB) | arena=0.9kB | V_bus=4.928V I_bus=57.8mA P_bus=284.6mW E_total_accum=21.904mWh
21:03:02.252 > [BENCH] IDLE | t_inference_us=0 | heap=0.3kB/105.8kB (min=105.5kB, biggest=105.5kB) | arena=0.9kB | V_bus=4.928V I_bus=57.5mA P_bus=283.2mW E_total_accum=22.062mWh
21:03:04.285 > [BENCH] IDLE | t_inference_us=0 | heap=0.3kB/105.8kB (min=105.5kB, biggest=105.5kB) | arena=0.9kB | V_bus=4.936V I_bus=57.7mA P_bus=284.5mW E_total_accum=22.221mWh
21:03:06.312 > [BENCH] IDLE | t_inference_us=0 | heap=0.3kB/105.8kB (min=105.5kB, biggest=105.5kB) | arena=0.9kB | V_bus=4.924V I_bus=57.9mA P_bus=285.5mW E_total_accum=22.382mWh
21:03:08.336 > [BENCH] IDLE | t_inference_us=0 | heap=0.3kB/105.8kB (min=105.5kB, biggest=105.5kB) | arena=0.9kB | V_bus=4.924V I_bus=57.7mA P_bus=284.1mW E_total_accum=22.541mWh
21:03:10.349 > [BENCH] IDLE | t_inference_us=0 | heap=0.3kB/105.8kB (min=105.5kB, biggest=105.5kB) | arena=0.9kB | V_bus=4.932V I_bus=57.8mA P_bus=284.8mW E_total_accum=22.701mWh
21:03:12.383 > [BENCH] IDLE | t_inference_us=0 | heap=0.3kB/105.8kB (min=105.5kB, biggest=105.5kB) | arena=0.9kB | V_bus=4.928V I_bus=57.7mA P_bus=284.3mW E_total_accum=22.860mWh
21:03:14.400 > [BENCH] IDLE | t_inference_us=0 | heap=0.3kB/105.8kB (min=105.5kB, biggest=105.5kB) | arena=0.9kB | V_bus=4.916V I_bus=58.0mA P_bus=285.7mW E_total_accum=23.020mWh
21:03:16.429 > [BENCH] IDLE | t_inference_us=0 | heap=0.3kB/105.8kB (min=105.5kB, biggest=105.5kB) | arena=0.9kB | V_bus=4.932V I_bus=58.0mA P_bus=285.7mW E_total_accum=23.181mWh
21:03:18.448 > [BENCH] IDLE | t_inference_us=0 | heap=0.3kB/105.8kB (min=105.5kB, biggest=105.5kB) | arena=0.9kB | V_bus=4.928V I_bus=57.7mA P_bus=284.2mW E_total_accum=23.340mWh
21:03:20.473 > [BENCH] IDLE | t_inference_us=0 | heap=0.3kB/105.8kB (min=105.5kB, biggest=105.5kB) | arena=0.9kB | V_bus=4.924V I_bus=57.4mA P_bus=283.0mW E_total_accum=23.499mWh
21:03:22.498 > [BENCH] IDLE | t_inference_us=0 | heap=0.3kB/105.8kB (min=105.5kB, biggest=105.5kB) | arena=0.9kB | V_bus=4.924V I_bus=58.1mA P_bus=286.2mW E_total_accum=23.659mWh
21:03:24.514 > [BENCH] IDLE | t_inference_us=0 | heap=0.3kB/105.8kB (min=105.5kB, biggest=105.5kB) | arena=0.9kB | V_bus=4.924V I_bus=57.8mA P_bus=284.7mW E_total_accum=23.819mWh
21:03:26.498 > 
21:03:26.498 > [EVENT] type=HOUR  Tin=26.30 Hin=67.06 Tout=29.60 Hout=72.30
21:03:26.498 > [infer] warmup: window 4/24 - (Invoke NOT executed)
21:03:26.607 > [SENSORS] Health IN ok=141 err=0 reinit=0 pwr=0 | OUT ok=141 err=0 reinit=0 pwr=0
21:03:28.019 > [BENCH] IDLE | t_inference_us=0 | heap=0.3kB/105.8kB (min=105.5kB, biggest=105.5kB) | arena=0.9kB | V_bus=4.920V I_bus=58.0mA P_bus=285.3mW E_total_accum=24.095mWh
21:03:30.038 > [BENCH] IDLE | t_inference_us=0 | heap=0.3kB/105.8kB (min=105.5kB, biggest=105.5kB) | arena=0.9kB | V_bus=4.920V I_bus=58.0mA P_bus=285.7mW E_total_accum=24.255mWh
21:03:32.064 > [BENCH] IDLE | t_inference_us=0 | heap=0.3kB/105.8kB (min=105.5kB, biggest=105.5kB) | arena=0.9kB | V_bus=4.960V I_bus=58.2mA P_bus=286.8mW E_total_accum=24.416mWh
21:03:34.079 > [BENCH] IDLE | t_inference_us=0 | heap=0.3kB/105.8kB (min=105.5kB, biggest=105.5kB) | arena=0.9kB | V_bus=4.932V I_bus=58.2mA P_bus=286.9mW E_total_accum=24.577mWh
21:03:36.096 > [BENCH] IDLE | t_inference_us=0 | heap=0.3kB/105.8kB (min=105.5kB, biggest=105.5kB) | arena=0.9kB | V_bus=4.932V I_bus=57.9mA P_bus=285.6mW E_total_accum=24.737mWh
21:03:38.128 > [BENCH] IDLE | t_inference_us=0 | heap=0.3kB/105.8kB (min=105.5kB, biggest=105.5kB) | arena=0.9kB | V_bus=4.924V I_bus=58.0mA P_bus=285.8mW E_total_accum=24.897mWh
21:03:40.151 > [BENCH] IDLE | t_inference_us=0 | heap=0.3kB/105.8kB (min=105.5kB, biggest=105.5kB) | arena=0.9kB | V_bus=4.924V I_bus=58.4mA P_bus=287.8mW E_total_accum=25.059mWh
21:03:42.174 > [BENCH] IDLE | t_inference_us=0 | heap=0.3kB/105.8kB (min=105.5kB, biggest=105.5kB) | arena=0.9kB | V_bus=4.932V I_bus=58.1mA P_bus=286.2mW E_total_accum=25.219mWh
21:03:44.189 > [BENCH] IDLE | t_inference_us=0 | heap=0.3kB/105.8kB (min=105.5kB, biggest=105.5kB) | arena=0.9kB | V_bus=4.928V I_bus=57.7mA P_bus=284.5mW E_total_accum=25.379mWh
21:03:46.216 > [BENCH] IDLE | t_inference_us=0 | heap=0.3kB/105.8kB (min=105.5kB, biggest=105.5kB) | arena=0.9kB | V_bus=4.928V I_bus=58.2mA P_bus=286.9mW E_total_accum=25.540mWh
21:03:48.243 > [BENCH] IDLE | t_inference_us=0 | heap=0.3kB/105.8kB (min=105.5kB, biggest=105.5kB) | arena=0.9kB | V_bus=4.924V I_bus=58.6mA P_bus=288.6mW E_total_accum=25.701mWh
21:03:50.261 > [BENCH] IDLE | t_inference_us=0 | heap=0.3kB/105.8kB (min=105.5kB, biggest=105.5kB) | arena=0.9kB | V_bus=4.928V I_bus=58.1mA P_bus=286.3mW E_total_accum=25.862mWh
21:03:52.286 > [BENCH] IDLE | t_inference_us=0 | heap=0.3kB/105.8kB (min=105.5kB, biggest=105.5kB) | arena=0.9kB | V_bus=4.928V I_bus=57.6mA P_bus=283.9mW E_total_accum=26.021mWh
21:03:54.299 > [BENCH] IDLE | t_inference_us=0 | heap=0.3kB/105.8kB (min=105.5kB, biggest=105.5kB) | arena=0.9kB | V_bus=4.936V I_bus=57.7mA P_bus=284.4mW E_total_accum=26.180mWh
21:03:56.328 > [BENCH] IDLE | t_inference_us=0 | heap=0.3kB/105.8kB (min=105.5kB, biggest=105.5kB) | arena=0.9kB | V_bus=4.928V I_bus=58.3mA P_bus=287.3mW E_total_accum=26.342mWh
21:03:58.348 > [BENCH] IDLE | t_inference_us=0 | heap=0.3kB/105.8kB (min=105.5kB, biggest=105.5kB) | arena=0.9kB | V_bus=4.924V I_bus=58.0mA P_bus=285.9mW E_total_accum=26.502mWh
21:04:00.380 > [BENCH] IDLE | t_inference_us=0 | heap=0.3kB/105.8kB (min=105.5kB, biggest=105.5kB) | arena=0.9kB | V_bus=4.928V I_bus=57.7mA P_bus=284.3mW E_total_accum=26.662mWh
21:04:02.400 > [BENCH] IDLE | t_inference_us=0 | heap=0.3kB/105.8kB (min=105.5kB, biggest=105.5kB) | arena=0.9kB | V_bus=4.932V I_bus=57.8mA P_bus=284.8mW E_total_accum=26.821mWh
21:04:04.413 > [BENCH] IDLE | t_inference_us=0 | heap=0.3kB/105.8kB (min=105.5kB, biggest=105.5kB) | arena=0.9kB | V_bus=4.952V I_bus=57.8mA P_bus=285.1mW E_total_accum=26.981mWh
21:04:06.427 > [BENCH] IDLE | t_inference_us=0 | heap=0.3kB/105.8kB (min=105.5kB, biggest=105.5kB) | arena=0.9kB | V_bus=4.932V I_bus=58.0mA P_bus=286.1mW E_total_accum=27.141mWh
21:04:08.456 > [BENCH] IDLE | t_inference_us=0 | heap=0.3kB/105.8kB (min=105.5kB, biggest=105.5kB) | arena=0.9kB | V_bus=4.920V I_bus=58.2mA P_bus=286.7mW E_total_accum=27.302mWh
21:04:10.477 > [BENCH] IDLE | t_inference_us=0 | heap=0.3kB/105.8kB (min=105.5kB, biggest=105.5kB) | arena=0.9kB | V_bus=4.928V I_bus=57.8mA P_bus=285.0mW E_total_accum=27.462mWh
21:04:12.510 > [BENCH] IDLE | t_inference_us=0 | heap=0.3kB/105.8kB (min=105.5kB, biggest=105.5kB) | arena=0.9kB | V_bus=4.936V I_bus=57.9mA P_bus=285.3mW E_total_accum=27.622mWh
21:04:14.523 > [BENCH] IDLE | t_inference_us=0 | heap=0.3kB/105.8kB (min=105.5kB, biggest=105.5kB) | arena=0.9kB | V_bus=4.932V I_bus=58.1mA P_bus=286.3mW E_total_accum=27.782mWh
21:04:16.547 > [BENCH] IDLE | t_inference_us=0 | heap=0.3kB/105.8kB (min=105.5kB, biggest=105.5kB) | arena=0.9kB | V_bus=4.924V I_bus=58.4mA P_bus=287.8mW E_total_accum=27.944mWh
21:04:18.574 > [BENCH] IDLE | t_inference_us=0 | heap=0.3kB/105.8kB (min=105.5kB, biggest=105.5kB) | arena=0.9kB | V_bus=4.924V I_bus=57.9mA P_bus=285.2mW E_total_accum=28.104mWh
21:04:20.598 > [BENCH] IDLE | t_inference_us=0 | heap=0.3kB/105.8kB (min=105.5kB, biggest=105.5kB) | arena=0.9kB | V_bus=4.928V I_bus=57.7mA P_bus=284.2mW E_total_accum=28.263mWh
21:04:22.621 > [BENCH] IDLE | t_inference_us=0 | heap=0.3kB/105.8kB (min=105.5kB, biggest=105.5kB) | arena=0.9kB | V_bus=4.924V I_bus=58.1mA P_bus=286.2mW E_total_accum=28.424mWh
21:04:24.641 > [BENCH] IDLE | t_inference_us=0 | heap=0.3kB/105.8kB (min=105.5kB, biggest=105.5kB) | arena=0.9kB | V_bus=4.932V I_bus=58.1mA P_bus=286.3mW E_total_accum=28.584mWh
21:04:26.618 > 
21:04:26.618 > [EVENT] type=HOUR  Tin=26.10 Hin=66.03 Tout=29.60 Hout=72.60
21:04:26.618 > [infer] warmup: window 5/24 - (Invoke NOT executed)
21:04:26.727 > [SENSORS] Health IN ok=169 err=0 reinit=0 pwr=0 | OUT ok=169 err=0 reinit=0 pwr=0
21:04:28.142 > [BENCH] IDLE | t_inference_us=0 | heap=0.3kB/105.8kB (min=105.5kB, biggest=105.5kB) | arena=0.9kB | V_bus=4.936V I_bus=58.7mA P_bus=289.2mW E_total_accum=28.865mWh
21:04:30.160 > [BENCH] IDLE | t_inference_us=0 | heap=0.3kB/105.8kB (min=105.5kB, biggest=105.5kB) | arena=0.9kB | V_bus=4.928V I_bus=58.8mA P_bus=289.8mW E_total_accum=29.027mWh
21:04:32.189 > [BENCH] IDLE | t_inference_us=0 | heap=0.3kB/105.8kB (min=105.5kB, biggest=105.5kB) | arena=0.9kB | V_bus=4.924V I_bus=58.7mA P_bus=289.3mW E_total_accum=29.189mWh
21:04:34.205 > [BENCH] IDLE | t_inference_us=0 | heap=0.3kB/105.8kB (min=105.5kB, biggest=105.5kB) | arena=0.9kB | V_bus=4.924V I_bus=58.1mA P_bus=286.5mW E_total_accum=29.350mWh
21:04:36.221 > [BENCH] IDLE | t_inference_us=0 | heap=0.3kB/105.8kB (min=105.5kB, biggest=105.5kB) | arena=0.9kB | V_bus=4.928V I_bus=57.7mA P_bus=284.6mW E_total_accum=29.509mWh
21:04:38.253 > [BENCH] IDLE | t_inference_us=0 | heap=0.3kB/105.8kB (min=105.5kB, biggest=105.5kB) | arena=0.9kB | V_bus=4.924V I_bus=57.6mA P_bus=284.0mW E_total_accum=29.669mWh
21:04:40.271 > [BENCH] IDLE | t_inference_us=0 | heap=0.3kB/105.8kB (min=105.5kB, biggest=105.5kB) | arena=0.9kB | V_bus=4.920V I_bus=57.8mA P_bus=284.8mW E_total_accum=29.828mWh
21:04:42.290 > [BENCH] IDLE | t_inference_us=0 | heap=0.3kB/105.8kB (min=105.5kB, biggest=105.5kB) | arena=0.9kB | V_bus=4.960V I_bus=58.6mA P_bus=289.3mW E_total_accum=29.990mWh
21:04:44.306 > [BENCH] IDLE | t_inference_us=0 | heap=0.3kB/105.8kB (min=105.5kB, biggest=105.5kB) | arena=0.9kB | V_bus=4.932V I_bus=58.7mA P_bus=289.5mW E_total_accum=30.153mWh
21:04:46.336 > [BENCH] IDLE | t_inference_us=0 | heap=0.3kB/105.8kB (min=105.5kB, biggest=105.5kB) | arena=0.9kB | V_bus=4.924V I_bus=58.6mA P_bus=289.1mW E_total_accum=30.315mWh
21:04:48.352 > [BENCH] IDLE | t_inference_us=0 | heap=0.3kB/105.8kB (min=105.5kB, biggest=105.5kB) | arena=0.9kB | V_bus=4.928V I_bus=58.0mA P_bus=286.1mW E_total_accum=30.475mWh
21:04:50.369 > [BENCH] IDLE | t_inference_us=0 | heap=0.3kB/105.8kB (min=105.5kB, biggest=105.5kB) | arena=0.9kB | V_bus=4.928V I_bus=57.7mA P_bus=284.6mW E_total_accum=30.635mWh
21:04:52.404 > [BENCH] IDLE | t_inference_us=0 | heap=0.3kB/105.8kB (min=105.5kB, biggest=105.5kB) | arena=0.9kB | V_bus=4.924V I_bus=58.2mA P_bus=286.8mW E_total_accum=30.796mWh
21:04:54.425 > [BENCH] IDLE | t_inference_us=0 | heap=0.3kB/105.8kB (min=105.5kB, biggest=105.5kB) | arena=0.9kB | V_bus=4.928V I_bus=58.4mA P_bus=288.1mW E_total_accum=30.957mWh
21:04:56.436 > [BENCH] IDLE | t_inference_us=0 | heap=0.3kB/105.8kB (min=105.5kB, biggest=105.5kB) | arena=0.9kB | V_bus=4.932V I_bus=58.4mA P_bus=288.0mW E_total_accum=31.119mWh
21:04:58.468 > [BENCH] IDLE | t_inference_us=0 | heap=0.3kB/105.8kB (min=105.5kB, biggest=105.5kB) | arena=0.9kB | V_bus=4.920V I_bus=58.5mA P_bus=288.2mW E_total_accum=31.280mWh
21:05:00.485 > [BENCH] IDLE | t_inference_us=0 | heap=0.3kB/105.8kB (min=105.5kB, biggest=105.5kB) | arena=0.9kB | V_bus=4.932V I_bus=57.9mA P_bus=285.5mW E_total_accum=31.440mWh
21:05:02.517 > [BENCH] IDLE | t_inference_us=0 | heap=0.3kB/105.8kB (min=105.5kB, biggest=105.5kB) | arena=0.9kB | V_bus=4.924V I_bus=57.9mA P_bus=285.2mW E_total_accum=31.601mWh
21:05:04.546 > [BENCH] IDLE | t_inference_us=0 | heap=0.3kB/105.8kB (min=105.5kB, biggest=105.5kB) | arena=0.9kB | V_bus=4.932V I_bus=58.0mA P_bus=285.6mW E_total_accum=31.761mWh
21:05:06.565 > [BENCH] IDLE | t_inference_us=0 | heap=0.3kB/105.8kB (min=105.5kB, biggest=105.5kB) | arena=0.9kB | V_bus=4.932V I_bus=58.0mA P_bus=286.1mW E_total_accum=31.921mWh
21:05:08.584 > [BENCH] IDLE | t_inference_us=0 | heap=0.3kB/105.8kB (min=105.5kB, biggest=105.5kB) | arena=0.9kB | V_bus=4.920V I_bus=58.6mA P_bus=288.7mW E_total_accum=32.083mWh
21:05:10.614 > [BENCH] IDLE | t_inference_us=0 | heap=0.3kB/105.8kB (min=105.5kB, biggest=105.5kB) | arena=0.9kB | V_bus=4.932V I_bus=58.5mA P_bus=288.4mW E_total_accum=32.245mWh
21:05:12.632 > [BENCH] IDLE | t_inference_us=0 | heap=0.3kB/105.8kB (min=105.5kB, biggest=105.5kB) | arena=0.9kB | V_bus=4.932V I_bus=58.6mA P_bus=288.7mW E_total_accum=32.406mWh
21:05:14.654 > [BENCH] IDLE | t_inference_us=0 | heap=0.3kB/105.8kB (min=105.5kB, biggest=105.5kB) | arena=0.9kB | V_bus=4.920V I_bus=58.3mA P_bus=287.0mW E_total_accum=32.567mWh
21:05:16.677 > [BENCH] IDLE | t_inference_us=0 | heap=0.3kB/105.8kB (min=105.5kB, biggest=105.5kB) | arena=0.9kB | V_bus=4.928V I_bus=58.0mA P_bus=285.6mW E_total_accum=32.727mWh
21:05:18.695 > [BENCH] IDLE | t_inference_us=0 | heap=0.3kB/105.8kB (min=105.5kB, biggest=105.5kB) | arena=0.9kB | V_bus=4.924V I_bus=58.0mA P_bus=285.5mW E_total_accum=32.887mWh
21:05:20.712 > [BENCH] IDLE | t_inference_us=0 | heap=0.3kB/105.8kB (min=105.5kB, biggest=105.5kB) | arena=0.9kB | V_bus=4.924V I_bus=57.5mA P_bus=283.3mW E_total_accum=33.046mWh
21:05:22.744 > [BENCH] IDLE | t_inference_us=0 | heap=0.3kB/105.8kB (min=105.5kB, biggest=105.5kB) | arena=0.9kB | V_bus=4.928V I_bus=57.4mA P_bus=282.6mW E_total_accum=33.205mWh
21:05:24.763 > [BENCH] IDLE | t_inference_us=0 | heap=0.3kB/105.8kB (min=105.5kB, biggest=105.5kB) | arena=0.9kB | V_bus=4.924V I_bus=57.5mA P_bus=283.2mW E_total_accum=33.363mWh
21:05:26.743 > 
21:05:26.743 > [EVENT] type=HOUR  Tin=25.90 Hin=65.70 Tout=29.50 Hout=72.60
21:05:26.748 > [infer] warmup: window 6/24 - (Invoke NOT executed)
21:05:26.841 > [SENSORS] Health IN ok=197 err=0 reinit=0 pwr=0 | OUT ok=197 err=0 reinit=0 pwr=0
21:05:28.261 > [BENCH] IDLE | t_inference_us=0 | heap=0.3kB/105.8kB (min=105.5kB, biggest=105.5kB) | arena=0.9kB | V_bus=4.932V I_bus=57.9mA P_bus=284.9mW E_total_accum=33.638mWh
21:05:30.275 > [BENCH] IDLE | t_inference_us=0 | heap=0.3kB/105.8kB (min=105.5kB, biggest=105.5kB) | arena=0.9kB | V_bus=4.920V I_bus=58.0mA P_bus=285.7mW E_total_accum=33.799mWh
21:05:32.296 > [BENCH] IDLE | t_inference_us=0 | heap=0.3kB/105.8kB (min=105.5kB, biggest=105.5kB) | arena=0.9kB | V_bus=4.928V I_bus=57.6mA P_bus=283.7mW E_total_accum=33.958mWh
21:05:34.329 > [BENCH] IDLE | t_inference_us=0 | heap=0.3kB/105.8kB (min=105.5kB, biggest=105.5kB) | arena=0.9kB | V_bus=4.924V I_bus=57.6mA P_bus=283.6mW E_total_accum=34.117mWh
21:05:36.346 > [BENCH] IDLE | t_inference_us=0 | heap=0.3kB/105.8kB (min=105.5kB, biggest=105.5kB) | arena=0.9kB | V_bus=4.924V I_bus=57.4mA P_bus=282.4mW E_total_accum=34.275mWh
21:05:38.375 > [BENCH] IDLE | t_inference_us=0 | heap=0.3kB/105.8kB (min=105.5kB, biggest=105.5kB) | arena=0.9kB | V_bus=4.928V I_bus=57.2mA P_bus=281.7mW E_total_accum=34.433mWh
21:05:40.392 > [BENCH] IDLE | t_inference_us=0 | heap=0.3kB/105.8kB (min=105.5kB, biggest=105.5kB) | arena=0.9kB | V_bus=4.924V I_bus=57.7mA P_bus=284.2mW E_total_accum=34.593mWh
21:05:42.410 > [BENCH] IDLE | t_inference_us=0 | heap=0.3kB/105.8kB (min=105.5kB, biggest=105.5kB) | arena=0.9kB | V_bus=4.924V I_bus=58.0mA P_bus=285.4mW E_total_accum=34.752mWh
21:05:44.432 > [BENCH] IDLE | t_inference_us=0 | heap=0.3kB/105.8kB (min=105.5kB, biggest=105.5kB) | arena=0.9kB | V_bus=4.936V I_bus=58.1mA P_bus=286.3mW E_total_accum=34.913mWh
21:05:46.460 > [BENCH] IDLE | t_inference_us=0 | heap=0.3kB/105.8kB (min=105.5kB, biggest=105.5kB) | arena=0.9kB | V_bus=4.932V I_bus=58.3mA P_bus=287.4mW E_total_accum=35.074mWh
21:05:48.478 > [BENCH] IDLE | t_inference_us=0 | heap=0.3kB/105.8kB (min=105.5kB, biggest=105.5kB) | arena=0.9kB | V_bus=4.924V I_bus=58.8mA P_bus=289.7mW E_total_accum=35.236mWh
21:05:50.505 > [BENCH] IDLE | t_inference_us=0 | heap=0.3kB/105.8kB (min=105.5kB, biggest=105.5kB) | arena=0.9kB | V_bus=4.932V I_bus=58.7mA P_bus=289.3mW E_total_accum=35.399mWh
21:05:52.524 > [BENCH] IDLE | t_inference_us=0 | heap=0.3kB/105.8kB (min=105.5kB, biggest=105.5kB) | arena=0.9kB | V_bus=4.928V I_bus=59.0mA P_bus=291.0mW E_total_accum=35.562mWh
21:05:54.548 > [BENCH] IDLE | t_inference_us=0 | heap=0.3kB/105.8kB (min=105.5kB, biggest=105.5kB) | arena=0.9kB | V_bus=4.924V I_bus=59.3mA P_bus=292.0mW E_total_accum=35.725mWh
21:05:56.559 > [BENCH] IDLE | t_inference_us=0 | heap=0.3kB/105.8kB (min=105.5kB, biggest=105.5kB) | arena=0.9kB | V_bus=4.932V I_bus=59.2mA P_bus=291.6mW E_total_accum=35.889mWh
21:05:58.592 > [BENCH] IDLE | t_inference_us=0 | heap=0.3kB/105.8kB (min=105.5kB, biggest=105.5kB) | arena=0.9kB | V_bus=4.932V I_bus=59.1mA P_bus=291.4mW E_total_accum=36.052mWh
21:06:00.602 > [BENCH] IDLE | t_inference_us=0 | heap=0.3kB/105.8kB (min=105.5kB, biggest=105.5kB) | arena=0.9kB | V_bus=4.924V I_bus=59.3mA P_bus=292.3mW E_total_accum=36.216mWh
21:06:02.623 > [BENCH] IDLE | t_inference_us=0 | heap=0.3kB/105.8kB (min=105.5kB, biggest=105.5kB) | arena=0.9kB | V_bus=4.932V I_bus=59.1mA P_bus=291.1mW E_total_accum=36.379mWh
21:06:04.656 > [BENCH] IDLE | t_inference_us=0 | heap=0.3kB/105.8kB (min=105.5kB, biggest=105.5kB) | arena=0.9kB | V_bus=4.928V I_bus=58.9mA P_bus=290.1mW E_total_accum=36.542mWh
21:06:06.672 > [BENCH] IDLE | t_inference_us=0 | heap=0.3kB/105.8kB (min=105.5kB, biggest=105.5kB) | arena=0.9kB | V_bus=4.924V I_bus=58.6mA P_bus=288.6mW E_total_accum=36.704mWh
21:06:08.706 > [BENCH] IDLE | t_inference_us=0 | heap=0.3kB/105.8kB (min=105.5kB, biggest=105.5kB) | arena=0.9kB | V_bus=4.928V I_bus=58.2mA P_bus=286.6mW E_total_accum=36.865mWh
21:06:10.725 > [BENCH] IDLE | t_inference_us=0 | heap=0.3kB/105.8kB (min=105.5kB, biggest=105.5kB) | arena=0.9kB | V_bus=4.920V I_bus=58.2mA P_bus=286.8mW E_total_accum=37.025mWh
21:06:12.736 > [BENCH] IDLE | t_inference_us=0 | heap=0.3kB/105.8kB (min=105.5kB, biggest=105.5kB) | arena=0.9kB | V_bus=4.928V I_bus=57.8mA P_bus=284.7mW E_total_accum=37.185mWh
21:06:14.769 > [BENCH] IDLE | t_inference_us=0 | heap=0.3kB/105.8kB (min=105.5kB, biggest=105.5kB) | arena=0.9kB | V_bus=4.924V I_bus=57.6mA P_bus=283.6mW E_total_accum=37.344mWh
21:06:16.787 > [BENCH] IDLE | t_inference_us=0 | heap=0.3kB/105.8kB (min=105.5kB, biggest=105.5kB) | arena=0.9kB | V_bus=4.920V I_bus=57.6mA P_bus=283.8mW E_total_accum=37.503mWh
21:06:18.803 > [BENCH] IDLE | t_inference_us=0 | heap=0.3kB/105.8kB (min=105.5kB, biggest=105.5kB) | arena=0.9kB | V_bus=4.928V I_bus=57.2mA P_bus=281.9mW E_total_accum=37.661mWh
21:06:20.841 > [BENCH] IDLE | t_inference_us=0 | heap=0.3kB/105.8kB (min=105.5kB, biggest=105.5kB) | arena=0.9kB | V_bus=4.924V I_bus=57.2mA P_bus=282.0mW E_total_accum=37.819mWh
21:06:22.865 > [BENCH] IDLE | t_inference_us=0 | heap=0.3kB/105.8kB (min=105.5kB, biggest=105.5kB) | arena=0.9kB | V_bus=4.928V I_bus=57.1mA P_bus=281.2mW E_total_accum=37.977mWh
21:06:24.885 > [BENCH] IDLE | t_inference_us=0 | heap=0.3kB/105.8kB (min=105.5kB, biggest=105.5kB) | arena=0.9kB | V_bus=4.924V I_bus=57.0mA P_bus=280.9mW E_total_accum=38.134mWh
21:06:26.850 > 
21:06:26.850 > [EVENT] type=HOUR  Tin=25.70 Hin=65.20 Tout=29.50 Hout=72.80
21:06:26.866 > [infer] warmup: window 7/24 - (Invoke NOT executed)
21:06:26.974 > [SENSORS] Health IN ok=226 err=0 reinit=0 pwr=0 | OUT ok=226 err=0 reinit=0 pwr=0
21:06:28.367 > [BENCH] IDLE | t_inference_us=0 | heap=0.3kB/105.8kB (min=105.5kB, biggest=105.5kB) | arena=0.9kB | V_bus=4.932V I_bus=57.5mA P_bus=283.3mW E_total_accum=38.408mWh
21:06:30.386 > [BENCH] IDLE | t_inference_us=0 | heap=0.3kB/105.8kB (min=105.5kB, biggest=105.5kB) | arena=0.9kB | V_bus=4.936V I_bus=57.7mA P_bus=284.1mW E_total_accum=38.568mWh
21:06:32.424 > [BENCH] IDLE | t_inference_us=0 | heap=0.3kB/105.8kB (min=105.5kB, biggest=105.5kB) | arena=0.9kB | V_bus=4.932V I_bus=58.1mA P_bus=286.5mW E_total_accum=38.728mWh
21:06:34.444 > [BENCH] IDLE | t_inference_us=0 | heap=0.3kB/105.8kB (min=105.5kB, biggest=105.5kB) | arena=0.9kB | V_bus=4.932V I_bus=58.2mA P_bus=286.7mW E_total_accum=38.889mWh
21:06:36.465 > [BENCH] IDLE | t_inference_us=0 | heap=0.3kB/105.8kB (min=105.5kB, biggest=105.5kB) | arena=0.9kB | V_bus=4.932V I_bus=58.2mA P_bus=286.8mW E_total_accum=39.050mWh
21:06:38.483 > [BENCH] IDLE | t_inference_us=0 | heap=0.3kB/105.8kB (min=105.5kB, biggest=105.5kB) | arena=0.9kB | V_bus=4.924V I_bus=58.6mA P_bus=288.6mW E_total_accum=39.212mWh
21:06:40.500 > [BENCH] IDLE | t_inference_us=0 | heap=0.3kB/105.8kB (min=105.5kB, biggest=105.5kB) | arena=0.9kB | V_bus=4.932V I_bus=58.7mA P_bus=289.5mW E_total_accum=39.374mWh
21:06:42.541 > [BENCH] IDLE | t_inference_us=0 | heap=0.3kB/105.8kB (min=105.5kB, biggest=105.5kB) | arena=0.9kB | V_bus=4.932V I_bus=58.6mA P_bus=289.1mW E_total_accum=39.536mWh
21:06:44.546 > [BENCH] IDLE | t_inference_us=0 | heap=0.3kB/105.8kB (min=105.5kB, biggest=105.5kB) | arena=0.9kB | V_bus=4.928V I_bus=58.9mA P_bus=290.4mW E_total_accum=39.699mWh
21:06:46.580 > [BENCH] IDLE | t_inference_us=0 | heap=0.3kB/105.8kB (min=105.5kB, biggest=105.5kB) | arena=0.9kB | V_bus=4.928V I_bus=58.9mA P_bus=290.5mW E_total_accum=39.862mWh
21:06:48.598 > [BENCH] IDLE | t_inference_us=0 | heap=0.3kB/105.8kB (min=105.5kB, biggest=105.5kB) | arena=0.9kB | V_bus=4.932V I_bus=58.9mA P_bus=290.4mW E_total_accum=40.025mWh
21:06:50.630 > [BENCH] IDLE | t_inference_us=0 | heap=0.3kB/105.8kB (min=105.5kB, biggest=105.5kB) | arena=0.9kB | V_bus=4.928V I_bus=59.2mA P_bus=291.8mW E_total_accum=40.188mWh
21:06:52.657 > [BENCH] IDLE | t_inference_us=0 | heap=0.3kB/105.8kB (min=105.5kB, biggest=105.5kB) | arena=0.9kB | V_bus=4.932V I_bus=59.0mA P_bus=291.1mW E_total_accum=40.352mWh
21:06:54.679 > [BENCH] IDLE | t_inference_us=0 | heap=0.3kB/105.8kB (min=105.5kB, biggest=105.5kB) | arena=0.9kB | V_bus=4.932V I_bus=58.8mA P_bus=290.1mW E_total_accum=40.514mWh
21:06:56.696 > [BENCH] IDLE | t_inference_us=0 | heap=0.3kB/105.8kB (min=105.5kB, biggest=105.5kB) | arena=0.9kB | V_bus=4.952V I_bus=58.8mA P_bus=290.3mW E_total_accum=40.677mWh
21:06:58.712 > [BENCH] IDLE | t_inference_us=0 | heap=0.3kB/105.8kB (min=105.5kB, biggest=105.5kB) | arena=0.9kB | V_bus=4.924V I_bus=59.2mA P_bus=292.2mW E_total_accum=40.841mWh
21:07:00.728 > [BENCH] IDLE | t_inference_us=0 | heap=0.3kB/105.8kB (min=105.5kB, biggest=105.5kB) | arena=0.9kB | V_bus=4.936V I_bus=59.1mA P_bus=291.4mW E_total_accum=41.004mWh
21:07:02.761 > [BENCH] IDLE | t_inference_us=0 | heap=0.3kB/105.8kB (min=105.5kB, biggest=105.5kB) | arena=0.9kB | V_bus=4.932V I_bus=58.9mA P_bus=290.5mW E_total_accum=41.167mWh
21:07:04.774 > [BENCH] IDLE | t_inference_us=0 | heap=0.3kB/105.8kB (min=105.5kB, biggest=105.5kB) | arena=0.9kB | V_bus=4.924V I_bus=58.5mA P_bus=288.3mW E_total_accum=41.328mWh
21:07:06.793 > [BENCH] IDLE | t_inference_us=0 | heap=0.3kB/105.8kB (min=105.5kB, biggest=105.5kB) | arena=0.9kB | V_bus=4.928V I_bus=58.7mA P_bus=289.2mW E_total_accum=41.491mWh
21:07:08.825 > [BENCH] IDLE | t_inference_us=0 | heap=0.3kB/105.8kB (min=105.5kB, biggest=105.5kB) | arena=0.9kB | V_bus=4.928V I_bus=58.2mA P_bus=287.0mW E_total_accum=41.652mWh
21:07:10.841 > [BENCH] IDLE | t_inference_us=0 | heap=0.3kB/105.8kB (min=105.5kB, biggest=105.5kB) | arena=0.9kB | V_bus=4.920V I_bus=58.2mA P_bus=287.0mW E_total_accum=41.813mWh
21:07:12.872 > [BENCH] IDLE | t_inference_us=0 | heap=0.3kB/105.8kB (min=105.5kB, biggest=105.5kB) | arena=0.9kB | V_bus=4.924V I_bus=57.9mA P_bus=285.3mW E_total_accum=41.973mWh
21:07:14.897 > [BENCH] IDLE | t_inference_us=0 | heap=0.3kB/105.8kB (min=105.5kB, biggest=105.5kB) | arena=0.9kB | V_bus=4.920V I_bus=57.8mA P_bus=284.8mW E_total_accum=42.132mWh
21:07:16.906 > [BENCH] IDLE | t_inference_us=0 | heap=0.3kB/105.8kB (min=105.5kB, biggest=105.5kB) | arena=0.9kB | V_bus=4.920V I_bus=57.5mA P_bus=283.2mW E_total_accum=42.291mWh
21:07:18.939 > [BENCH] IDLE | t_inference_us=0 | heap=0.3kB/105.8kB (min=105.5kB, biggest=105.5kB) | arena=0.9kB | V_bus=4.928V I_bus=57.2mA P_bus=281.5mW E_total_accum=42.449mWh
21:07:20.955 > [BENCH] IDLE | t_inference_us=0 | heap=0.3kB/105.8kB (min=105.5kB, biggest=105.5kB) | arena=0.9kB | V_bus=4.916V I_bus=57.0mA P_bus=280.5mW E_total_accum=42.607mWh
21:07:22.989 > [BENCH] IDLE | t_inference_us=0 | heap=0.3kB/105.8kB (min=105.5kB, biggest=105.5kB) | arena=0.9kB | V_bus=4.928V I_bus=56.7mA P_bus=279.3mW E_total_accum=42.763mWh
21:07:25.007 > [BENCH] IDLE | t_inference_us=0 | heap=0.3kB/105.8kB (min=105.5kB, biggest=105.5kB) | arena=0.9kB | V_bus=4.920V I_bus=56.9mA P_bus=280.1mW E_total_accum=42.920mWh
21:07:26.953 > 
21:07:26.953 > [EVENT] type=HOUR  Tin=25.50 Hin=64.73 Tout=29.60 Hout=72.60
21:07:26.953 > [infer] warmup: window 8/24 - (Invoke NOT executed)
21:07:27.099 > [SENSORS] Health IN ok=254 err=0 reinit=0 pwr=0 | OUT ok=254 err=0 reinit=0 pwr=0
21:07:28.455 > [BENCH] IDLE | t_inference_us=0 | heap=0.3kB/105.8kB (min=105.5kB, biggest=105.5kB) | arena=0.9kB | V_bus=4.928V I_bus=56.8mA P_bus=280.0mW E_total_accum=43.189mWh
21:07:30.489 > [BENCH] IDLE | t_inference_us=0 | heap=0.3kB/105.8kB (min=105.5kB, biggest=105.5kB) | arena=0.9kB | V_bus=4.924V I_bus=57.1mA P_bus=281.2mW E_total_accum=43.346mWh
21:07:32.515 > [BENCH] IDLE | t_inference_us=0 | heap=0.3kB/105.8kB (min=105.5kB, biggest=105.5kB) | arena=0.9kB | V_bus=4.920V I_bus=57.1mA P_bus=281.3mW E_total_accum=43.504mWh
21:07:34.523 > [BENCH] IDLE | t_inference_us=0 | heap=0.3kB/105.8kB (min=105.5kB, biggest=105.5kB) | arena=0.9kB | V_bus=4.932V I_bus=57.5mA P_bus=283.2mW E_total_accum=43.663mWh
21:07:36.556 > [BENCH] IDLE | t_inference_us=0 | heap=0.3kB/105.8kB (min=105.5kB, biggest=105.5kB) | arena=0.9kB | V_bus=4.924V I_bus=58.1mA P_bus=286.3mW E_total_accum=43.824mWh
21:07:38.569 > [BENCH] IDLE | t_inference_us=0 | heap=0.3kB/105.8kB (min=105.5kB, biggest=105.5kB) | arena=0.9kB | V_bus=4.936V I_bus=58.2mA P_bus=286.6mW E_total_accum=43.984mWh
21:07:40.604 > [BENCH] IDLE | t_inference_us=0 | heap=0.3kB/105.8kB (min=105.5kB, biggest=105.5kB) | arena=0.9kB | V_bus=4.928V I_bus=58.5mA P_bus=288.5mW E_total_accum=44.146mWh
21:07:42.620 > [BENCH] IDLE | t_inference_us=0 | heap=0.3kB/105.8kB (min=105.5kB, biggest=105.5kB) | arena=0.9kB | V_bus=4.932V I_bus=58.6mA P_bus=288.9mW E_total_accum=44.308mWh
21:07:44.653 > [BENCH] IDLE | t_inference_us=0 | heap=0.3kB/105.8kB (min=105.5kB, biggest=105.5kB) | arena=0.9kB | V_bus=4.928V I_bus=58.9mA P_bus=290.2mW E_total_accum=44.471mWh
21:07:46.671 > [BENCH] IDLE | t_inference_us=0 | heap=0.3kB/105.8kB (min=105.5kB, biggest=105.5kB) | arena=0.9kB | V_bus=4.936V I_bus=58.8mA P_bus=290.0mW E_total_accum=44.634mWh
21:07:48.700 > [BENCH] IDLE | t_inference_us=0 | heap=0.3kB/105.8kB (min=105.5kB, biggest=105.5kB) | arena=0.9kB | V_bus=4.936V I_bus=58.8mA P_bus=290.1mW E_total_accum=44.797mWh
21:07:50.718 > [BENCH] IDLE | t_inference_us=0 | heap=0.3kB/105.8kB (min=105.5kB, biggest=105.5kB) | arena=0.9kB | V_bus=4.928V I_bus=59.0mA P_bus=291.1mW E_total_accum=44.960mWh
21:07:52.732 > [BENCH] IDLE | t_inference_us=0 | heap=0.3kB/105.8kB (min=105.5kB, biggest=105.5kB) | arena=0.9kB | V_bus=4.924V I_bus=58.6mA P_bus=288.9mW E_total_accum=45.122mWh
21:07:54.768 > [BENCH] IDLE | t_inference_us=0 | heap=0.3kB/105.8kB (min=105.5kB, biggest=105.5kB) | arena=0.9kB | V_bus=4.928V I_bus=58.4mA P_bus=287.7mW E_total_accum=45.283mWh
21:07:56.791 > [BENCH] IDLE | t_inference_us=0 | heap=0.3kB/105.8kB (min=105.5kB, biggest=105.5kB) | arena=0.9kB | V_bus=4.920V I_bus=58.0mA P_bus=285.8mW E_total_accum=45.443mWh
21:07:58.816 > [BENCH] IDLE | t_inference_us=0 | heap=0.3kB/105.8kB (min=105.5kB, biggest=105.5kB) | arena=0.9kB | V_bus=4.928V I_bus=57.6mA P_bus=283.7mW E_total_accum=45.603mWh
21:08:00.830 > [BENCH] IDLE | t_inference_us=0 | heap=0.3kB/105.8kB (min=105.5kB, biggest=105.5kB) | arena=0.9kB | V_bus=4.920V I_bus=57.8mA P_bus=284.6mW E_total_accum=45.762mWh
21:08:02.861 > [BENCH] IDLE | t_inference_us=0 | heap=0.3kB/105.8kB (min=105.5kB, biggest=105.5kB) | arena=0.9kB | V_bus=4.924V I_bus=57.7mA P_bus=284.0mW E_total_accum=45.921mWh
21:08:04.882 > [BENCH] IDLE | t_inference_us=0 | heap=0.3kB/105.8kB (min=105.5kB, biggest=105.5kB) | arena=0.9kB | V_bus=4.932V I_bus=57.9mA P_bus=285.3mW E_total_accum=46.081mWh
21:08:06.899 > [BENCH] IDLE | t_inference_us=0 | heap=0.3kB/105.8kB (min=105.5kB, biggest=105.5kB) | arena=0.9kB | V_bus=4.924V I_bus=58.4mA P_bus=287.6mW E_total_accum=46.243mWh
21:08:08.926 > [BENCH] IDLE | t_inference_us=0 | heap=0.3kB/105.8kB (min=105.5kB, biggest=105.5kB) | arena=0.9kB | V_bus=4.932V I_bus=58.4mA P_bus=287.7mW E_total_accum=46.404mWh
21:08:10.945 > [BENCH] IDLE | t_inference_us=0 | heap=0.3kB/105.8kB (min=105.5kB, biggest=105.5kB) | arena=0.9kB | V_bus=4.932V I_bus=58.3mA P_bus=287.2mW E_total_accum=46.565mWh
21:08:12.964 > [BENCH] IDLE | t_inference_us=0 | heap=0.3kB/105.8kB (min=105.5kB, biggest=105.5kB) | arena=0.9kB | V_bus=4.924V I_bus=58.3mA P_bus=287.1mW E_total_accum=46.726mWh
21:08:14.995 > [BENCH] IDLE | t_inference_us=0 | heap=0.3kB/105.8kB (min=105.5kB, biggest=105.5kB) | arena=0.9kB | V_bus=4.952V I_bus=57.1mA P_bus=281.7mW E_total_accum=46.884mWh
21:08:17.013 > [BENCH] IDLE | t_inference_us=0 | heap=0.3kB/105.8kB (min=105.5kB, biggest=105.5kB) | arena=0.9kB | V_bus=4.928V I_bus=57.2mA P_bus=282.1mW E_total_accum=47.042mWh
21:08:19.030 > [BENCH] IDLE | t_inference_us=0 | heap=0.3kB/105.8kB (min=105.5kB, biggest=105.5kB) | arena=0.9kB | V_bus=4.924V I_bus=57.8mA P_bus=284.9mW E_total_accum=47.202mWh
21:08:21.044 > [BENCH] IDLE | t_inference_us=0 | heap=0.3kB/105.8kB (min=105.5kB, biggest=105.5kB) | arena=0.9kB | V_bus=4.936V I_bus=57.9mA P_bus=285.7mW E_total_accum=47.362mWh
21:08:23.076 > [BENCH] IDLE | t_inference_us=0 | heap=0.3kB/105.8kB (min=105.5kB, biggest=105.5kB) | arena=0.9kB | V_bus=4.936V I_bus=58.2mA P_bus=287.2mW E_total_accum=47.523mWh
21:08:25.099 > [BENCH] IDLE | t_inference_us=0 | heap=0.3kB/105.8kB (min=105.5kB, biggest=105.5kB) | arena=0.9kB | V_bus=4.920V I_bus=58.3mA P_bus=287.4mW E_total_accum=47.684mWh
21:08:27.078 > 
21:08:27.078 > [EVENT] type=HOUR  Tin=25.40 Hin=64.12 Tout=29.60 Hout=72.60
21:08:27.078 > [infer] warmup: window 9/24 - (Invoke NOT executed)
21:08:27.214 > [SENSORS] Health IN ok=282 err=0 reinit=0 pwr=0 | OUT ok=282 err=0 reinit=0 pwr=0
21:08:28.596 > [BENCH] IDLE | t_inference_us=0 | heap=0.3kB/105.8kB (min=105.5kB, biggest=105.5kB) | arena=0.9kB | V_bus=4.936V I_bus=58.3mA P_bus=287.1mW E_total_accum=47.963mWh
21:08:30.623 > [BENCH] IDLE | t_inference_us=0 | heap=0.3kB/105.8kB (min=105.5kB, biggest=105.5kB) | arena=0.9kB | V_bus=4.928V I_bus=58.7mA P_bus=289.3mW E_total_accum=48.125mWh
21:08:32.641 > [BENCH] IDLE | t_inference_us=0 | heap=0.3kB/105.8kB (min=105.5kB, biggest=105.5kB) | arena=0.9kB | V_bus=4.932V I_bus=58.7mA P_bus=289.4mW E_total_accum=48.287mWh
21:08:34.670 > [BENCH] IDLE | t_inference_us=0 | heap=0.3kB/105.8kB (min=105.5kB, biggest=105.5kB) | arena=0.9kB | V_bus=4.928V I_bus=58.6mA P_bus=288.9mW E_total_accum=48.449mWh
21:08:36.689 > [BENCH] IDLE | t_inference_us=0 | heap=0.3kB/105.8kB (min=105.5kB, biggest=105.5kB) | arena=0.9kB | V_bus=4.920V I_bus=58.3mA P_bus=287.4mW E_total_accum=48.610mWh
21:08:38.709 > [BENCH] IDLE | t_inference_us=0 | heap=0.3kB/105.8kB (min=105.5kB, biggest=105.5kB) | arena=0.9kB | V_bus=4.920V I_bus=58.2mA P_bus=286.5mW E_total_accum=48.771mWh
21:08:40.737 > [BENCH] IDLE | t_inference_us=0 | heap=0.3kB/105.8kB (min=105.5kB, biggest=105.5kB) | arena=0.9kB | V_bus=4.936V I_bus=58.3mA P_bus=287.2mW E_total_accum=48.932mWh
21:08:42.756 > [BENCH] IDLE | t_inference_us=0 | heap=0.3kB/105.8kB (min=105.5kB, biggest=105.5kB) | arena=0.9kB | V_bus=4.928V I_bus=58.5mA P_bus=288.1mW E_total_accum=49.093mWh
21:08:44.784 > [BENCH] IDLE | t_inference_us=0 | heap=0.3kB/105.8kB (min=105.5kB, biggest=105.5kB) | arena=0.9kB | V_bus=4.932V I_bus=58.4mA P_bus=287.9mW E_total_accum=49.255mWh
21:08:46.806 > [BENCH] IDLE | t_inference_us=0 | heap=0.3kB/105.8kB (min=105.5kB, biggest=105.5kB) | arena=0.9kB | V_bus=4.928V I_bus=58.6mA P_bus=288.8mW E_total_accum=49.417mWh
21:08:48.824 > [BENCH] IDLE | t_inference_us=0 | heap=0.3kB/105.8kB (min=105.5kB, biggest=105.5kB) | arena=0.9kB | V_bus=4.924V I_bus=58.3mA P_bus=287.1mW E_total_accum=49.577mWh
21:08:50.844 > [BENCH] IDLE | t_inference_us=0 | heap=0.3kB/105.8kB (min=105.5kB, biggest=105.5kB) | arena=0.9kB | V_bus=4.928V I_bus=58.0mA P_bus=285.6mW E_total_accum=49.738mWh
21:08:52.871 > [BENCH] IDLE | t_inference_us=0 | heap=0.3kB/105.8kB (min=105.5kB, biggest=105.5kB) | arena=0.9kB | V_bus=4.920V I_bus=58.0mA P_bus=285.5mW E_total_accum=49.898mWh
21:08:54.897 > [BENCH] IDLE | t_inference_us=0 | heap=0.3kB/105.8kB (min=105.5kB, biggest=105.5kB) | arena=0.9kB | V_bus=4.928V I_bus=57.7mA P_bus=284.5mW E_total_accum=50.057mWh
21:08:56.922 > [BENCH] IDLE | t_inference_us=0 | heap=0.3kB/105.8kB (min=105.5kB, biggest=105.5kB) | arena=0.9kB | V_bus=4.928V I_bus=57.9mA P_bus=285.1mW E_total_accum=50.217mWh
21:08:58.939 > [BENCH] IDLE | t_inference_us=0 | heap=0.3kB/105.8kB (min=105.5kB, biggest=105.5kB) | arena=0.9kB | V_bus=4.936V I_bus=57.9mA P_bus=285.4mW E_total_accum=50.377mWh
21:09:00.974 > [BENCH] IDLE | t_inference_us=0 | heap=0.3kB/105.8kB (min=105.5kB, biggest=105.5kB) | arena=0.9kB | V_bus=4.928V I_bus=58.1mA P_bus=286.5mW E_total_accum=50.538mWh
21:09:02.993 > [BENCH] IDLE | t_inference_us=0 | heap=0.3kB/105.8kB (min=105.5kB, biggest=105.5kB) | arena=0.9kB | V_bus=4.932V I_bus=58.2mA P_bus=287.1mW E_total_accum=50.699mWh
21:09:05.022 > [BENCH] IDLE | t_inference_us=0 | heap=0.3kB/105.8kB (min=105.5kB, biggest=105.5kB) | arena=0.9kB | V_bus=4.924V I_bus=58.6mA P_bus=288.7mW E_total_accum=50.861mWh
21:09:07.044 > [BENCH] IDLE | t_inference_us=0 | heap=0.3kB/105.8kB (min=105.5kB, biggest=105.5kB) | arena=0.9kB | V_bus=4.928V I_bus=58.0mA P_bus=285.8mW E_total_accum=51.021mWh
21:09:09.068 > [BENCH] IDLE | t_inference_us=0 | heap=0.3kB/105.8kB (min=105.5kB, biggest=105.5kB) | arena=0.9kB | V_bus=4.916V I_bus=58.0mA P_bus=285.6mW E_total_accum=51.181mWh
21:09:11.089 > [BENCH] IDLE | t_inference_us=0 | heap=0.3kB/105.8kB (min=105.5kB, biggest=105.5kB) | arena=0.9kB | V_bus=4.924V I_bus=57.9mA P_bus=285.1mW E_total_accum=51.341mWh
21:09:13.112 > [BENCH] IDLE | t_inference_us=0 | heap=0.3kB/105.8kB (min=105.5kB, biggest=105.5kB) | arena=0.9kB | V_bus=4.936V I_bus=58.1mA P_bus=286.4mW E_total_accum=51.502mWh
21:09:15.131 > [BENCH] IDLE | t_inference_us=0 | heap=0.3kB/105.8kB (min=105.5kB, biggest=105.5kB) | arena=0.9kB | V_bus=4.932V I_bus=58.4mA P_bus=287.6mW E_total_accum=51.663mWh
21:09:17.150 > [BENCH] IDLE | t_inference_us=0 | heap=0.3kB/105.8kB (min=105.5kB, biggest=105.5kB) | arena=0.9kB | V_bus=4.936V I_bus=58.4mA P_bus=287.8mW E_total_accum=51.824mWh
21:09:19.185 > [BENCH] IDLE | t_inference_us=0 | heap=0.3kB/105.8kB (min=105.5kB, biggest=105.5kB) | arena=0.9kB | V_bus=4.960V I_bus=57.8mA P_bus=285.4mW E_total_accum=51.985mWh
21:09:21.203 > [BENCH] IDLE | t_inference_us=0 | heap=0.3kB/105.8kB (min=105.5kB, biggest=105.5kB) | arena=0.9kB | V_bus=4.928V I_bus=57.6mA P_bus=284.1mW E_total_accum=52.143mWh
21:09:23.218 > [BENCH] IDLE | t_inference_us=0 | heap=0.3kB/105.8kB (min=105.5kB, biggest=105.5kB) | arena=0.9kB | V_bus=4.928V I_bus=57.6mA P_bus=284.1mW E_total_accum=52.303mWh
21:09:25.250 > [BENCH] IDLE | t_inference_us=0 | heap=0.3kB/105.8kB (min=105.5kB, biggest=105.5kB) | arena=0.9kB | V_bus=4.924V I_bus=58.1mA P_bus=286.5mW E_total_accum=52.463mWh
21:09:27.214 > 
21:09:27.214 > [EVENT] type=HOUR  Tin=25.20 Hin=63.50 Tout=29.60 Hout=72.40
21:09:27.230 > [infer] warmup: window 10/24 - (Invoke NOT executed)
21:09:27.368 > [SENSORS] Health IN ok=310 err=0 reinit=0 pwr=0 | OUT ok=311 err=0 reinit=0 pwr=0
21:09:28.748 > [BENCH] IDLE | t_inference_us=0 | heap=0.3kB/105.8kB (min=105.5kB, biggest=105.5kB) | arena=0.9kB | V_bus=4.924V I_bus=58.8mA P_bus=289.8mW E_total_accum=52.743mWh
21:09:30.766 > [BENCH] IDLE | t_inference_us=0 | heap=0.3kB/105.8kB (min=105.5kB, biggest=105.5kB) | arena=0.9kB | V_bus=4.936V I_bus=58.8mA P_bus=289.9mW E_total_accum=52.906mWh
21:09:32.799 > [BENCH] IDLE | t_inference_us=0 | heap=0.3kB/105.8kB (min=105.5kB, biggest=105.5kB) | arena=0.9kB | V_bus=4.924V I_bus=59.1mA P_bus=291.2mW E_total_accum=53.069mWh
21:09:34.824 > [BENCH] IDLE | t_inference_us=0 | heap=0.3kB/105.8kB (min=105.5kB, biggest=105.5kB) | arena=0.9kB | V_bus=4.936V I_bus=58.9mA P_bus=290.3mW E_total_accum=53.232mWh
21:09:36.846 > [BENCH] IDLE | t_inference_us=0 | heap=0.3kB/105.8kB (min=105.5kB, biggest=105.5kB) | arena=0.9kB | V_bus=4.924V I_bus=58.6mA P_bus=289.0mW E_total_accum=53.394mWh
21:09:38.862 > [BENCH] IDLE | t_inference_us=0 | heap=0.3kB/105.8kB (min=105.5kB, biggest=105.5kB) | arena=0.9kB | V_bus=4.928V I_bus=58.3mA P_bus=287.3mW E_total_accum=53.555mWh
21:09:40.879 > [BENCH] IDLE | t_inference_us=0 | heap=0.3kB/105.8kB (min=105.5kB, biggest=105.5kB) | arena=0.9kB | V_bus=4.936V I_bus=58.3mA P_bus=287.2mW E_total_accum=53.716mWh
21:09:42.911 > [BENCH] IDLE | t_inference_us=0 | heap=0.3kB/105.8kB (min=105.5kB, biggest=105.5kB) | arena=0.9kB | V_bus=4.924V I_bus=58.6mA P_bus=288.7mW E_total_accum=53.878mWh
21:09:44.938 > [BENCH] IDLE | t_inference_us=0 | heap=0.3kB/105.8kB (min=105.5kB, biggest=105.5kB) | arena=0.9kB | V_bus=4.932V I_bus=58.7mA P_bus=289.4mW E_total_accum=54.041mWh
21:09:46.950 > [BENCH] IDLE | t_inference_us=0 | heap=0.3kB/105.8kB (min=105.5kB, biggest=105.5kB) | arena=0.9kB | V_bus=4.920V I_bus=58.4mA P_bus=287.6mW E_total_accum=54.202mWh
21:09:48.989 > [BENCH] IDLE | t_inference_us=0 | heap=0.3kB/105.8kB (min=105.5kB, biggest=105.5kB) | arena=0.9kB | V_bus=4.924V I_bus=58.1mA P_bus=286.2mW E_total_accum=54.363mWh
21:09:51.004 > [BENCH] IDLE | t_inference_us=0 | heap=0.3kB/105.8kB (min=105.5kB, biggest=105.5kB) | arena=0.9kB | V_bus=4.928V I_bus=58.5mA P_bus=288.4mW E_total_accum=54.524mWh
21:09:53.018 > [BENCH] IDLE | t_inference_us=0 | heap=0.3kB/105.8kB (min=105.5kB, biggest=105.5kB) | arena=0.9kB | V_bus=4.928V I_bus=58.4mA P_bus=287.9mW E_total_accum=54.685mWh
21:09:55.046 > [BENCH] IDLE | t_inference_us=0 | heap=0.3kB/105.8kB (min=105.5kB, biggest=105.5kB) | arena=0.9kB | V_bus=4.920V I_bus=58.2mA P_bus=286.9mW E_total_accum=54.846mWh
21:09:57.075 > [BENCH] IDLE | t_inference_us=0 | heap=0.3kB/105.8kB (min=105.5kB, biggest=105.5kB) | arena=0.9kB | V_bus=4.952V I_bus=57.5mA P_bus=283.4mW E_total_accum=55.005mWh
21:09:59.091 > [BENCH] IDLE | t_inference_us=0 | heap=0.3kB/105.8kB (min=105.5kB, biggest=105.5kB) | arena=0.9kB | V_bus=4.928V I_bus=57.8mA P_bus=284.8mW E_total_accum=55.165mWh
21:10:01.112 > [BENCH] IDLE | t_inference_us=0 | heap=0.3kB/105.8kB (min=105.5kB, biggest=105.5kB) | arena=0.9kB | V_bus=4.936V I_bus=58.1mA P_bus=286.3mW E_total_accum=55.325mWh
21:10:03.145 > [BENCH] IDLE | t_inference_us=0 | heap=0.3kB/105.8kB (min=105.5kB, biggest=105.5kB) | arena=0.9kB | V_bus=4.932V I_bus=58.4mA P_bus=288.2mW E_total_accum=55.487mWh
21:10:05.157 > [BENCH] IDLE | t_inference_us=0 | heap=0.3kB/105.8kB (min=105.5kB, biggest=105.5kB) | arena=0.9kB | V_bus=4.928V I_bus=57.9mA P_bus=285.4mW E_total_accum=55.647mWh
21:10:07.195 > [BENCH] IDLE | t_inference_us=0 | heap=0.3kB/105.8kB (min=105.5kB, biggest=105.5kB) | arena=0.9kB | V_bus=4.928V I_bus=57.9mA P_bus=285.5mW E_total_accum=55.808mWh
21:10:09.205 > [BENCH] IDLE | t_inference_us=0 | heap=0.3kB/105.8kB (min=105.5kB, biggest=105.5kB) | arena=0.9kB | V_bus=4.932V I_bus=58.1mA P_bus=286.6mW E_total_accum=55.968mWh
21:10:11.240 > [BENCH] IDLE | t_inference_us=0 | heap=0.3kB/105.8kB (min=105.5kB, biggest=105.5kB) | arena=0.9kB | V_bus=4.932V I_bus=58.4mA P_bus=288.0mW E_total_accum=56.130mWh
21:10:13.262 > [BENCH] IDLE | t_inference_us=0 | heap=0.3kB/105.8kB (min=105.5kB, biggest=105.5kB) | arena=0.9kB | V_bus=4.920V I_bus=58.5mA P_bus=288.1mW E_total_accum=56.291mWh
21:10:15.287 > [BENCH] IDLE | t_inference_us=0 | heap=0.3kB/105.8kB (min=105.5kB, biggest=105.5kB) | arena=0.9kB | V_bus=4.928V I_bus=57.9mA P_bus=285.4mW E_total_accum=56.451mWh
21:10:17.308 > [BENCH] IDLE | t_inference_us=0 | heap=0.3kB/105.8kB (min=105.5kB, biggest=105.5kB) | arena=0.9kB | V_bus=4.928V I_bus=57.7mA P_bus=284.6mW E_total_accum=56.611mWh
21:10:19.335 > [BENCH] IDLE | t_inference_us=0 | heap=0.3kB/105.8kB (min=105.5kB, biggest=105.5kB) | arena=0.9kB | V_bus=4.936V I_bus=58.0mA P_bus=285.9mW E_total_accum=56.771mWh
21:10:21.354 > [BENCH] IDLE | t_inference_us=0 | heap=0.3kB/105.8kB (min=105.5kB, biggest=105.5kB) | arena=0.9kB | V_bus=4.932V I_bus=58.1mA P_bus=286.5mW E_total_accum=56.932mWh
21:10:23.370 > [BENCH] IDLE | t_inference_us=0 | heap=0.3kB/105.8kB (min=105.5kB, biggest=105.5kB) | arena=0.9kB | V_bus=4.928V I_bus=57.8mA P_bus=284.8mW E_total_accum=57.092mWh
21:10:25.407 > [BENCH] IDLE | t_inference_us=0 | heap=0.3kB/105.8kB (min=105.5kB, biggest=105.5kB) | arena=0.9kB | V_bus=4.920V I_bus=57.8mA P_bus=284.6mW E_total_accum=57.251mWh
21:10:27.338 > 
21:10:27.338 > [EVENT] type=HOUR  Tin=25.20 Hin=62.71 Tout=29.60 Hout=72.00
21:10:27.350 > [infer] warmup: window 11/24 - (Invoke NOT executed)
21:10:27.531 > [SENSORS] Health IN ok=339 err=0 reinit=0 pwr=0 | OUT ok=339 err=0 reinit=0 pwr=0
21:10:28.850 > [BENCH] IDLE | t_inference_us=0 | heap=0.3kB/105.8kB (min=105.5kB, biggest=105.5kB) | arena=0.9kB | V_bus=4.916V I_bus=58.2mA P_bus=286.8mW E_total_accum=57.524mWh
21:10:30.879 > [BENCH] IDLE | t_inference_us=0 | heap=0.3kB/105.8kB (min=105.5kB, biggest=105.5kB) | arena=0.9kB | V_bus=4.928V I_bus=57.9mA P_bus=285.3mW E_total_accum=57.684mWh
21:10:32.905 > [BENCH] IDLE | t_inference_us=0 | heap=0.3kB/105.8kB (min=105.5kB, biggest=105.5kB) | arena=0.9kB | V_bus=4.916V I_bus=58.1mA P_bus=286.2mW E_total_accum=57.845mWh
21:10:34.912 > [BENCH] IDLE | t_inference_us=0 | heap=0.3kB/105.8kB (min=105.5kB, biggest=105.5kB) | arena=0.9kB | V_bus=4.928V I_bus=57.8mA P_bus=284.6mW E_total_accum=58.005mWh
21:10:36.951 > [BENCH] IDLE | t_inference_us=0 | heap=0.3kB/105.8kB (min=105.5kB, biggest=105.5kB) | arena=0.9kB | V_bus=4.916V I_bus=58.0mA P_bus=285.8mW E_total_accum=58.165mWh
21:10:38.963 > [BENCH] IDLE | t_inference_us=0 | heap=0.3kB/105.8kB (min=105.5kB, biggest=105.5kB) | arena=0.9kB | V_bus=4.928V I_bus=58.1mA P_bus=286.1mW E_total_accum=58.325mWh
21:10:40.995 > [BENCH] IDLE | t_inference_us=0 | heap=0.3kB/105.8kB (min=105.5kB, biggest=105.5kB) | arena=0.9kB | V_bus=4.928V I_bus=58.4mA P_bus=287.5mW E_total_accum=58.487mWh
21:10:43.010 > [BENCH] IDLE | t_inference_us=0 | heap=0.3kB/105.8kB (min=105.5kB, biggest=105.5kB) | arena=0.9kB | V_bus=4.920V I_bus=58.5mA P_bus=288.0mW E_total_accum=58.648mWh
21:10:45.043 > [BENCH] IDLE | t_inference_us=0 | heap=0.3kB/105.8kB (min=105.5kB, biggest=105.5kB) | arena=0.9kB | V_bus=4.932V I_bus=57.9mA P_bus=285.3mW E_total_accum=58.808mWh
21:10:47.060 > [BENCH] IDLE | t_inference_us=0 | heap=0.3kB/105.8kB (min=105.5kB, biggest=105.5kB) | arena=0.9kB | V_bus=4.920V I_bus=57.8mA P_bus=284.8mW E_total_accum=58.968mWh
21:10:49.094 > [BENCH] IDLE | t_inference_us=0 | heap=0.3kB/105.8kB (min=105.5kB, biggest=105.5kB) | arena=0.9kB | V_bus=4.936V I_bus=58.0mA P_bus=285.8mW E_total_accum=59.128mWh
21:10:51.111 > [BENCH] IDLE | t_inference_us=0 | heap=0.3kB/105.8kB (min=105.5kB, biggest=105.5kB) | arena=0.9kB | V_bus=4.924V I_bus=58.4mA P_bus=287.6mW E_total_accum=59.290mWh
21:10:53.140 > [BENCH] IDLE | t_inference_us=0 | heap=0.3kB/105.8kB (min=105.5kB, biggest=105.5kB) | arena=0.9kB | V_bus=4.932V I_bus=58.0mA P_bus=285.7mW E_total_accum=59.450mWh
21:10:55.158 > [BENCH] IDLE | t_inference_us=0 | heap=0.3kB/105.8kB (min=105.5kB, biggest=105.5kB) | arena=0.9kB | V_bus=4.920V I_bus=58.0mA P_bus=285.6mW E_total_accum=59.610mWh
21:10:57.186 > [BENCH] IDLE | t_inference_us=0 | heap=0.3kB/105.8kB (min=105.5kB, biggest=105.5kB) | arena=0.9kB | V_bus=4.932V I_bus=57.9mA P_bus=285.1mW E_total_accum=59.770mWh
21:10:59.209 > [BENCH] IDLE | t_inference_us=0 | heap=0.3kB/105.8kB (min=105.5kB, biggest=105.5kB) | arena=0.9kB | V_bus=4.928V I_bus=58.3mA P_bus=287.2mW E_total_accum=59.931mWh
21:11:01.226 > [BENCH] IDLE | t_inference_us=0 | heap=0.3kB/105.8kB (min=105.5kB, biggest=105.5kB) | arena=0.9kB | V_bus=4.924V I_bus=58.1mA P_bus=286.2mW E_total_accum=60.091mWh
21:11:03.243 > [BENCH] IDLE | t_inference_us=0 | heap=0.3kB/105.8kB (min=105.5kB, biggest=105.5kB) | arena=0.9kB | V_bus=4.956V I_bus=59.1mA P_bus=291.6mW E_total_accum=60.255mWh
21:11:05.275 > [BENCH] IDLE | t_inference_us=0 | heap=0.3kB/105.8kB (min=105.5kB, biggest=105.5kB) | arena=0.9kB | V_bus=4.924V I_bus=59.3mA P_bus=292.6mW E_total_accum=60.419mWh
21:11:07.291 > [BENCH] IDLE | t_inference_us=0 | heap=0.3kB/105.8kB (min=105.5kB, biggest=105.5kB) | arena=0.9kB | V_bus=4.932V I_bus=59.2mA P_bus=292.1mW E_total_accum=60.583mWh
21:11:09.322 > [BENCH] IDLE | t_inference_us=0 | heap=0.3kB/105.8kB (min=105.5kB, biggest=105.5kB) | arena=0.9kB | V_bus=4.932V I_bus=59.1mA P_bus=291.6mW E_total_accum=60.746mWh
21:11:11.347 > [BENCH] IDLE | t_inference_us=0 | heap=0.3kB/105.8kB (min=105.5kB, biggest=105.5kB) | arena=0.9kB | V_bus=4.952V I_bus=59.9mA P_bus=295.9mW E_total_accum=60.912mWh
21:11:13.367 > [BENCH] IDLE | t_inference_us=0 | heap=0.3kB/105.8kB (min=105.5kB, biggest=105.5kB) | arena=0.9kB | V_bus=4.920V I_bus=59.3mA P_bus=292.7mW E_total_accum=61.076mWh
21:11:15.388 > [BENCH] IDLE | t_inference_us=0 | heap=0.3kB/105.8kB (min=105.5kB, biggest=105.5kB) | arena=0.9kB | V_bus=4.928V I_bus=59.5mA P_bus=293.2mW E_total_accum=61.240mWh
21:11:17.404 > [BENCH] IDLE | t_inference_us=0 | heap=0.3kB/105.8kB (min=105.5kB, biggest=105.5kB) | arena=0.9kB | V_bus=4.936V I_bus=59.3mA P_bus=292.4mW E_total_accum=61.404mWh
21:11:19.437 > [BENCH] IDLE | t_inference_us=0 | heap=0.3kB/105.8kB (min=105.5kB, biggest=105.5kB) | arena=0.9kB | V_bus=4.920V I_bus=59.1mA P_bus=291.4mW E_total_accum=61.568mWh
21:11:21.454 > [BENCH] IDLE | t_inference_us=0 | heap=0.3kB/105.8kB (min=105.5kB, biggest=105.5kB) | arena=0.9kB | V_bus=4.932V I_bus=58.5mA P_bus=288.3mW E_total_accum=61.730mWh
21:11:23.488 > [BENCH] IDLE | t_inference_us=0 | heap=0.3kB/105.8kB (min=105.5kB, biggest=105.5kB) | arena=0.9kB | V_bus=4.920V I_bus=58.6mA P_bus=288.7mW E_total_accum=61.892mWh
21:11:25.500 > [BENCH] IDLE | t_inference_us=0 | heap=0.3kB/105.8kB (min=105.5kB, biggest=105.5kB) | arena=0.9kB | V_bus=4.936V I_bus=58.4mA P_bus=288.1mW E_total_accum=62.053mWh
21:11:27.484 > 
21:11:27.484 > [EVENT] type=HOUR  Tin=25.20 Hin=62.11 Tout=29.60 Hout=72.60
21:11:27.484 > [infer] warmup: window 12/24 - (Invoke NOT executed)
21:11:27.678 > [SENSORS] Health IN ok=367 err=0 reinit=0 pwr=0 | OUT ok=367 err=0 reinit=0 pwr=0
21:11:29.012 > [BENCH] IDLE | t_inference_us=0 | heap=0.3kB/105.8kB (min=105.5kB, biggest=105.5kB) | arena=0.9kB | V_bus=4.924V I_bus=58.6mA P_bus=289.0mW E_total_accum=62.333mWh
21:11:31.036 > [BENCH] IDLE | t_inference_us=0 | heap=0.3kB/105.8kB (min=105.5kB, biggest=105.5kB) | arena=0.9kB | V_bus=4.936V I_bus=58.5mA P_bus=288.4mW E_total_accum=62.495mWh
21:11:33.052 > [BENCH] IDLE | t_inference_us=0 | heap=0.3kB/105.8kB (min=105.5kB, biggest=105.5kB) | arena=0.9kB | V_bus=4.928V I_bus=58.1mA P_bus=286.4mW E_total_accum=62.655mWh
21:11:35.085 > [BENCH] IDLE | t_inference_us=0 | heap=0.3kB/105.8kB (min=105.5kB, biggest=105.5kB) | arena=0.9kB | V_bus=4.956V I_bus=59.1mA P_bus=291.8mW E_total_accum=62.819mWh
21:11:37.100 > [BENCH] IDLE | t_inference_us=0 | heap=0.3kB/105.8kB (min=105.5kB, biggest=105.5kB) | arena=0.9kB | V_bus=4.936V I_bus=58.9mA P_bus=290.7mW E_total_accum=62.982mWh
21:11:39.127 > [BENCH] IDLE | t_inference_us=0 | heap=0.3kB/105.8kB (min=105.5kB, biggest=105.5kB) | arena=0.9kB | V_bus=4.920V I_bus=58.8mA P_bus=290.2mW E_total_accum=63.145mWh
21:11:41.148 > [BENCH] IDLE | t_inference_us=0 | heap=0.3kB/105.8kB (min=105.5kB, biggest=105.5kB) | arena=0.9kB | V_bus=4.928V I_bus=58.3mA P_bus=287.5mW E_total_accum=63.306mWh
21:11:43.167 > [BENCH] IDLE | t_inference_us=0 | heap=0.3kB/105.8kB (min=105.5kB, biggest=105.5kB) | arena=0.9kB | V_bus=4.948V I_bus=58.3mA P_bus=287.7mW E_total_accum=63.467mWh
21:11:45.188 > [BENCH] IDLE | t_inference_us=0 | heap=0.3kB/105.8kB (min=105.5kB, biggest=105.5kB) | arena=0.9kB | V_bus=4.924V I_bus=58.6mA P_bus=289.2mW E_total_accum=63.629mWh
21:11:47.212 > [BENCH] IDLE | t_inference_us=0 | heap=0.3kB/105.8kB (min=105.5kB, biggest=105.5kB) | arena=0.9kB | V_bus=4.932V I_bus=58.0mA P_bus=286.2mW E_total_accum=63.790mWh
21:11:49.233 > [BENCH] IDLE | t_inference_us=0 | heap=0.3kB/105.8kB (min=105.5kB, biggest=105.5kB) | arena=0.9kB | V_bus=4.916V I_bus=57.7mA P_bus=284.5mW E_total_accum=63.949mWh
21:11:51.265 > [BENCH] IDLE | t_inference_us=0 | heap=0.3kB/105.8kB (min=105.5kB, biggest=105.5kB) | arena=0.9kB | V_bus=4.936V I_bus=57.6mA P_bus=284.0mW E_total_accum=64.109mWh
21:11:53.287 > [BENCH] IDLE | t_inference_us=0 | heap=0.3kB/105.8kB (min=105.5kB, biggest=105.5kB) | arena=0.9kB | V_bus=4.928V I_bus=57.7mA P_bus=284.5mW E_total_accum=64.268mWh
21:11:55.314 > [BENCH] IDLE | t_inference_us=0 | heap=0.3kB/105.8kB (min=105.5kB, biggest=105.5kB) | arena=0.9kB | V_bus=4.936V I_bus=58.0mA P_bus=286.1mW E_total_accum=64.429mWh
21:11:57.328 > [BENCH] IDLE | t_inference_us=0 | heap=0.3kB/105.8kB (min=105.5kB, biggest=105.5kB) | arena=0.9kB | V_bus=4.928V I_bus=57.8mA P_bus=285.1mW E_total_accum=64.589mWh
21:11:59.348 > [BENCH] IDLE | t_inference_us=0 | heap=0.3kB/105.8kB (min=105.5kB, biggest=105.5kB) | arena=0.9kB | V_bus=4.928V I_bus=57.4mA P_bus=282.8mW E_total_accum=64.747mWh
21:12:01.383 > [BENCH] IDLE | t_inference_us=0 | heap=0.3kB/105.8kB (min=105.5kB, biggest=105.5kB) | arena=0.9kB | V_bus=4.916V I_bus=57.7mA P_bus=284.4mW E_total_accum=64.907mWh
21:12:03.405 > [BENCH] IDLE | t_inference_us=0 | heap=0.3kB/105.8kB (min=105.5kB, biggest=105.5kB) | arena=0.9kB | V_bus=4.932V I_bus=57.9mA P_bus=285.4mW E_total_accum=65.066mWh
21:12:05.430 > [BENCH] IDLE | t_inference_us=0 | heap=0.3kB/105.8kB (min=105.5kB, biggest=105.5kB) | arena=0.9kB | V_bus=4.928V I_bus=58.2mA P_bus=286.9mW E_total_accum=65.227mWh
21:12:07.450 > [BENCH] IDLE | t_inference_us=0 | heap=0.3kB/105.8kB (min=105.5kB, biggest=105.5kB) | arena=0.9kB | V_bus=4.936V I_bus=58.3mA P_bus=287.5mW E_total_accum=65.389mWh
21:12:09.478 > [BENCH] IDLE | t_inference_us=0 | heap=0.3kB/105.8kB (min=105.5kB, biggest=105.5kB) | arena=0.9kB | V_bus=4.928V I_bus=57.8mA P_bus=284.8mW E_total_accum=65.548mWh
21:12:11.492 > [BENCH] IDLE | t_inference_us=0 | heap=0.3kB/105.8kB (min=105.5kB, biggest=105.5kB) | arena=0.9kB | V_bus=4.920V I_bus=57.9mA P_bus=285.4mW E_total_accum=65.709mWh
21:12:13.524 > [BENCH] IDLE | t_inference_us=0 | heap=0.3kB/105.8kB (min=105.5kB, biggest=105.5kB) | arena=0.9kB | V_bus=4.928V I_bus=58.1mA P_bus=286.3mW E_total_accum=65.869mWh
21:12:15.543 > [BENCH] IDLE | t_inference_us=0 | heap=0.3kB/105.8kB (min=105.5kB, biggest=105.5kB) | arena=0.9kB | V_bus=4.936V I_bus=58.1mA P_bus=286.4mW E_total_accum=66.030mWh
21:12:17.561 > [BENCH] IDLE | t_inference_us=0 | heap=0.3kB/105.8kB (min=105.5kB, biggest=105.5kB) | arena=0.9kB | V_bus=4.924V I_bus=57.6mA P_bus=284.0mW E_total_accum=66.189mWh
21:12:19.575 > [BENCH] IDLE | t_inference_us=0 | heap=0.3kB/105.8kB (min=105.5kB, biggest=105.5kB) | arena=0.9kB | V_bus=4.924V I_bus=57.8mA P_bus=284.9mW E_total_accum=66.348mWh
21:12:21.606 > [BENCH] IDLE | t_inference_us=0 | heap=0.3kB/105.8kB (min=105.5kB, biggest=105.5kB) | arena=0.9kB | V_bus=4.932V I_bus=57.9mA P_bus=285.1mW E_total_accum=66.508mWh
21:12:23.624 > [BENCH] IDLE | t_inference_us=0 | heap=0.3kB/105.8kB (min=105.5kB, biggest=105.5kB) | arena=0.9kB | V_bus=4.936V I_bus=57.9mA P_bus=285.6mW E_total_accum=66.668mWh
21:12:25.659 > [BENCH] IDLE | t_inference_us=0 | heap=0.3kB/105.8kB (min=105.5kB, biggest=105.5kB) | arena=0.9kB | V_bus=4.944V I_bus=58.2mA P_bus=286.9mW E_total_accum=66.830mWh
21:12:27.594 > 
21:12:27.594 > [EVENT] type=HOUR  Tin=25.80 Hin=62.00 Tout=29.60 Hout=72.90
21:12:27.600 > [infer] warmup: window 13/24 - (Invoke NOT executed)
21:12:27.812 > [SENSORS] Health IN ok=395 err=0 reinit=0 pwr=0 | OUT ok=396 err=0 reinit=0 pwr=0
21:12:29.113 > [BENCH] IDLE | t_inference_us=0 | heap=0.3kB/105.8kB (min=105.5kB, biggest=105.5kB) | arena=0.9kB | V_bus=4.928V I_bus=58.1mA P_bus=286.5mW E_total_accum=67.105mWh
21:12:31.123 > [BENCH] IDLE | t_inference_us=0 | heap=0.3kB/105.8kB (min=105.5kB, biggest=105.5kB) | arena=0.9kB | V_bus=4.920V I_bus=58.1mA P_bus=286.4mW E_total_accum=67.266mWh
21:12:33.154 > [BENCH] IDLE | t_inference_us=0 | heap=0.3kB/105.8kB (min=105.5kB, biggest=105.5kB) | arena=0.9kB | V_bus=4.924V I_bus=57.8mA P_bus=285.0mW E_total_accum=67.426mWh
21:12:35.173 > [BENCH] IDLE | t_inference_us=0 | heap=0.3kB/105.8kB (min=105.5kB, biggest=105.5kB) | arena=0.9kB | V_bus=4.932V I_bus=58.2mA P_bus=286.9mW E_total_accum=67.587mWh
21:12:37.199 > [BENCH] IDLE | t_inference_us=0 | heap=0.3kB/105.8kB (min=105.5kB, biggest=105.5kB) | arena=0.9kB | V_bus=4.928V I_bus=58.2mA P_bus=286.7mW E_total_accum=67.747mWh
21:12:39.228 > [BENCH] IDLE | t_inference_us=0 | heap=0.3kB/105.8kB (min=105.5kB, biggest=105.5kB) | arena=0.9kB | V_bus=4.936V I_bus=58.2mA P_bus=287.0mW E_total_accum=67.908mWh
21:12:41.253 > [BENCH] IDLE | t_inference_us=0 | heap=0.3kB/105.8kB (min=105.5kB, biggest=105.5kB) | arena=0.9kB | V_bus=4.932V I_bus=58.3mA P_bus=287.6mW E_total_accum=68.070mWh
21:12:43.270 > [BENCH] IDLE | t_inference_us=0 | heap=0.3kB/105.8kB (min=105.5kB, biggest=105.5kB) | arena=0.9kB | V_bus=4.928V I_bus=58.3mA P_bus=287.4mW E_total_accum=68.231mWh
21:12:45.292 > [BENCH] IDLE | t_inference_us=0 | heap=0.3kB/105.8kB (min=105.5kB, biggest=105.5kB) | arena=0.9kB | V_bus=4.920V I_bus=58.3mA P_bus=287.1mW E_total_accum=68.392mWh
21:12:47.304 > [BENCH] IDLE | t_inference_us=0 | heap=0.3kB/105.8kB (min=105.5kB, biggest=105.5kB) | arena=0.9kB | V_bus=4.924V I_bus=58.1mA P_bus=286.5mW E_total_accum=68.552mWh
21:12:49.338 > [BENCH] IDLE | t_inference_us=0 | heap=0.3kB/105.8kB (min=105.5kB, biggest=105.5kB) | arena=0.9kB | V_bus=4.936V I_bus=58.1mA P_bus=286.6mW E_total_accum=68.713mWh
21:12:51.357 > [BENCH] IDLE | t_inference_us=0 | heap=0.3kB/105.8kB (min=105.5kB, biggest=105.5kB) | arena=0.9kB | V_bus=4.928V I_bus=58.3mA P_bus=287.4mW E_total_accum=68.874mWh
21:12:53.381 > [BENCH] IDLE | t_inference_us=0 | heap=0.3kB/105.8kB (min=105.5kB, biggest=105.5kB) | arena=0.9kB | V_bus=4.928V I_bus=58.3mA P_bus=287.2mW E_total_accum=69.035mWh
21:12:55.400 > [BENCH] IDLE | t_inference_us=0 | heap=0.3kB/105.8kB (min=105.5kB, biggest=105.5kB) | arena=0.9kB | V_bus=4.948V I_bus=58.7mA P_bus=289.5mW E_total_accum=69.198mWh
21:12:57.426 > [BENCH] IDLE | t_inference_us=0 | heap=0.3kB/105.8kB (min=105.5kB, biggest=105.5kB) | arena=0.9kB | V_bus=4.924V I_bus=58.6mA P_bus=288.7mW E_total_accum=69.359mWh
21:12:59.435 > [BENCH] IDLE | t_inference_us=0 | heap=0.3kB/105.8kB (min=105.5kB, biggest=105.5kB) | arena=0.9kB | V_bus=4.928V I_bus=58.0mA P_bus=285.9mW E_total_accum=69.520mWh
21:13:01.465 > [BENCH] IDLE | t_inference_us=0 | heap=0.3kB/105.8kB (min=105.5kB, biggest=105.5kB) | arena=0.9kB | V_bus=4.928V I_bus=57.8mA P_bus=285.1mW E_total_accum=69.680mWh
21:13:03.482 > [BENCH] IDLE | t_inference_us=0 | heap=0.3kB/105.8kB (min=105.5kB, biggest=105.5kB) | arena=0.9kB | V_bus=4.924V I_bus=57.8mA P_bus=285.0mW E_total_accum=69.839mWh
21:13:05.511 > [BENCH] IDLE | t_inference_us=0 | heap=0.3kB/105.8kB (min=105.5kB, biggest=105.5kB) | arena=0.9kB | V_bus=4.936V I_bus=58.0mA P_bus=285.9mW E_total_accum=70.000mWh
21:13:07.532 > [BENCH] IDLE | t_inference_us=0 | heap=0.3kB/105.8kB (min=105.5kB, biggest=105.5kB) | arena=0.9kB | V_bus=4.932V I_bus=58.3mA P_bus=287.2mW E_total_accum=70.161mWh
21:13:09.561 > [BENCH] IDLE | t_inference_us=0 | heap=0.3kB/105.8kB (min=105.5kB, biggest=105.5kB) | arena=0.9kB | V_bus=4.932V I_bus=58.4mA P_bus=287.9mW E_total_accum=70.322mWh
21:13:11.586 > [BENCH] IDLE | t_inference_us=0 | heap=0.3kB/105.8kB (min=105.5kB, biggest=105.5kB) | arena=0.9kB | V_bus=4.936V I_bus=58.4mA P_bus=288.2mW E_total_accum=70.484mWh
21:13:13.596 > [BENCH] IDLE | t_inference_us=0 | heap=0.3kB/105.8kB (min=105.5kB, biggest=105.5kB) | arena=0.9kB | V_bus=4.924V I_bus=58.8mA P_bus=289.7mW E_total_accum=70.647mWh
21:13:15.630 > [BENCH] IDLE | t_inference_us=0 | heap=0.3kB/105.8kB (min=105.5kB, biggest=105.5kB) | arena=0.9kB | V_bus=4.936V I_bus=58.6mA P_bus=288.8mW E_total_accum=70.808mWh
21:13:17.648 > [BENCH] IDLE | t_inference_us=0 | heap=0.3kB/105.8kB (min=105.5kB, biggest=105.5kB) | arena=0.9kB | V_bus=4.928V I_bus=58.7mA P_bus=289.6mW E_total_accum=70.971mWh
21:13:19.665 > [BENCH] IDLE | t_inference_us=0 | heap=0.3kB/105.8kB (min=105.5kB, biggest=105.5kB) | arena=0.9kB | V_bus=4.920V I_bus=58.6mA P_bus=288.7mW E_total_accum=71.133mWh
21:13:21.698 > [BENCH] IDLE | t_inference_us=0 | heap=0.3kB/105.8kB (min=105.5kB, biggest=105.5kB) | arena=0.9kB | V_bus=4.928V I_bus=58.0mA P_bus=285.6mW E_total_accum=71.293mWh
21:13:23.711 > [BENCH] IDLE | t_inference_us=0 | heap=0.3kB/105.8kB (min=105.5kB, biggest=105.5kB) | arena=0.9kB | V_bus=4.924V I_bus=57.8mA P_bus=284.9mW E_total_accum=71.452mWh
21:13:25.744 > [BENCH] IDLE | t_inference_us=0 | heap=0.3kB/105.8kB (min=105.5kB, biggest=105.5kB) | arena=0.9kB | V_bus=4.928V I_bus=57.6mA P_bus=283.6mW E_total_accum=71.612mWh
21:13:27.712 > 
21:13:27.712 > [EVENT] type=HOUR  Tin=26.50 Hin=60.60 Tout=29.60 Hout=73.10
21:13:27.727 > [infer] warmup: window 14/24 - (Invoke NOT executed)
21:13:27.952 > [SENSORS] Health IN ok=424 err=0 reinit=0 pwr=0 | OUT ok=424 err=0 reinit=0 pwr=0
21:13:29.228 > [BENCH] IDLE | t_inference_us=0 | heap=0.3kB/105.8kB (min=105.5kB, biggest=105.5kB) | arena=0.9kB | V_bus=4.916V I_bus=57.9mA P_bus=285.0mW E_total_accum=71.887mWh
21:13:31.258 > [BENCH] IDLE | t_inference_us=0 | heap=0.3kB/105.8kB (min=105.5kB, biggest=105.5kB) | arena=0.9kB | V_bus=4.928V I_bus=57.4mA P_bus=282.8mW E_total_accum=72.046mWh
21:13:33.284 > [BENCH] IDLE | t_inference_us=0 | heap=0.3kB/105.8kB (min=105.5kB, biggest=105.5kB) | arena=0.9kB | V_bus=4.920V I_bus=57.5mA P_bus=283.2mW E_total_accum=72.205mWh
21:13:35.292 > [BENCH] IDLE | t_inference_us=0 | heap=0.3kB/105.8kB (min=105.5kB, biggest=105.5kB) | arena=0.9kB | V_bus=4.928V I_bus=57.2mA P_bus=281.6mW E_total_accum=72.362mWh
21:13:37.327 > [BENCH] IDLE | t_inference_us=0 | heap=0.3kB/105.8kB (min=105.5kB, biggest=105.5kB) | arena=0.9kB | V_bus=4.928V I_bus=57.1mA P_bus=281.1mW E_total_accum=72.520mWh
21:13:39.343 > [BENCH] IDLE | t_inference_us=0 | heap=0.3kB/105.8kB (min=105.5kB, biggest=105.5kB) | arena=0.9kB | V_bus=4.928V I_bus=56.8mA P_bus=279.8mW E_total_accum=72.677mWh
21:13:41.363 > [BENCH] IDLE | t_inference_us=0 | heap=0.3kB/105.8kB (min=105.5kB, biggest=105.5kB) | arena=0.9kB | V_bus=4.928V I_bus=56.8mA P_bus=279.6mW E_total_accum=72.834mWh
21:13:43.400 > [BENCH] IDLE | t_inference_us=0 | heap=0.3kB/105.8kB (min=105.5kB, biggest=105.5kB) | arena=0.9kB | V_bus=4.924V I_bus=56.6mA P_bus=278.9mW E_total_accum=72.990mWh
21:13:45.419 > [BENCH] IDLE | t_inference_us=0 | heap=0.3kB/105.8kB (min=105.5kB, biggest=105.5kB) | arena=0.9kB | V_bus=4.932V I_bus=56.5mA P_bus=278.4mW E_total_accum=73.146mWh
21:13:47.439 > [BENCH] IDLE | t_inference_us=0 | heap=0.3kB/105.8kB (min=105.5kB, biggest=105.5kB) | arena=0.9kB | V_bus=4.920V I_bus=56.9mA P_bus=280.1mW E_total_accum=73.304mWh
21:13:49.457 > [BENCH] IDLE | t_inference_us=0 | heap=0.3kB/105.8kB (min=105.5kB, biggest=105.5kB) | arena=0.9kB | V_bus=4.928V I_bus=56.8mA P_bus=280.0mW E_total_accum=73.460mWh
21:13:51.481 > [BENCH] IDLE | t_inference_us=0 | heap=0.3kB/105.8kB (min=105.5kB, biggest=105.5kB) | arena=0.9kB | V_bus=4.932V I_bus=56.8mA P_bus=280.1mW E_total_accum=73.618mWh
21:13:53.508 > [BENCH] IDLE | t_inference_us=0 | heap=0.3kB/105.8kB (min=105.5kB, biggest=105.5kB) | arena=0.9kB | V_bus=4.928V I_bus=57.2mA P_bus=282.0mW E_total_accum=73.775mWh
21:13:55.521 > [BENCH] IDLE | t_inference_us=0 | heap=0.3kB/105.8kB (min=105.5kB, biggest=105.5kB) | arena=0.9kB | V_bus=4.924V I_bus=57.2mA P_bus=282.0mW E_total_accum=73.934mWh
21:13:57.541 > [BENCH] IDLE | t_inference_us=0 | heap=0.3kB/105.8kB (min=105.5kB, biggest=105.5kB) | arena=0.9kB | V_bus=4.936V I_bus=57.4mA P_bus=282.8mW E_total_accum=74.092mWh
21:13:59.572 > [BENCH] IDLE | t_inference_us=0 | heap=0.3kB/105.8kB (min=105.5kB, biggest=105.5kB) | arena=0.9kB | V_bus=4.928V I_bus=57.7mA P_bus=284.4mW E_total_accum=74.252mWh
21:14:01.588 > [BENCH] IDLE | t_inference_us=0 | heap=0.3kB/105.8kB (min=105.5kB, biggest=105.5kB) | arena=0.9kB | V_bus=4.932V I_bus=57.6mA P_bus=283.9mW E_total_accum=74.411mWh
21:14:03.606 > [BENCH] IDLE | t_inference_us=0 | heap=0.3kB/105.8kB (min=105.5kB, biggest=105.5kB) | arena=0.9kB | V_bus=4.936V I_bus=57.8mA P_bus=285.1mW E_total_accum=74.571mWh
21:14:05.644 > [BENCH] IDLE | t_inference_us=0 | heap=0.3kB/105.8kB (min=105.5kB, biggest=105.5kB) | arena=0.9kB | V_bus=4.920V I_bus=58.1mA P_bus=286.5mW E_total_accum=74.731mWh
21:14:07.650 > [BENCH] IDLE | t_inference_us=0 | heap=0.3kB/105.8kB (min=105.5kB, biggest=105.5kB) | arena=0.9kB | V_bus=4.924V I_bus=58.7mA P_bus=289.3mW E_total_accum=74.893mWh
21:14:09.682 > [BENCH] IDLE | t_inference_us=0 | heap=0.3kB/105.8kB (min=105.5kB, biggest=105.5kB) | arena=0.9kB | V_bus=4.936V I_bus=58.6mA P_bus=288.9mW E_total_accum=75.055mWh
21:14:11.704 > [BENCH] IDLE | t_inference_us=0 | heap=0.3kB/105.8kB (min=105.5kB, biggest=105.5kB) | arena=0.9kB | V_bus=4.928V I_bus=59.0mA P_bus=290.6mW E_total_accum=75.218mWh
21:14:13.720 > [BENCH] IDLE | t_inference_us=0 | heap=0.3kB/105.8kB (min=105.5kB, biggest=105.5kB) | arena=0.9kB | V_bus=4.928V I_bus=58.6mA P_bus=288.7mW E_total_accum=75.380mWh
21:14:15.753 > [BENCH] IDLE | t_inference_us=0 | heap=0.3kB/105.8kB (min=105.5kB, biggest=105.5kB) | arena=0.9kB | V_bus=4.924V I_bus=58.5mA P_bus=288.3mW E_total_accum=75.542mWh
21:14:17.767 > [BENCH] IDLE | t_inference_us=0 | heap=0.3kB/105.8kB (min=105.5kB, biggest=105.5kB) | arena=0.9kB | V_bus=4.924V I_bus=58.2mA P_bus=286.6mW E_total_accum=75.703mWh
21:14:19.802 > [BENCH] IDLE | t_inference_us=0 | heap=0.3kB/105.8kB (min=105.5kB, biggest=105.5kB) | arena=0.9kB | V_bus=4.932V I_bus=57.8mA P_bus=284.8mW E_total_accum=75.863mWh
21:14:21.817 > [BENCH] IDLE | t_inference_us=0 | heap=0.3kB/105.8kB (min=105.5kB, biggest=105.5kB) | arena=0.9kB | V_bus=4.916V I_bus=57.8mA P_bus=284.7mW E_total_accum=76.022mWh
21:14:23.835 > [BENCH] IDLE | t_inference_us=0 | heap=0.3kB/105.8kB (min=105.5kB, biggest=105.5kB) | arena=0.9kB | V_bus=4.932V I_bus=57.4mA P_bus=282.6mW E_total_accum=76.181mWh
21:14:25.853 > [BENCH] IDLE | t_inference_us=0 | heap=0.3kB/105.8kB (min=105.5kB, biggest=105.5kB) | arena=0.9kB | V_bus=4.928V I_bus=57.3mA P_bus=282.4mW E_total_accum=76.339mWh
21:14:27.848 > 
21:14:27.848 > [EVENT] type=HOUR  Tin=27.10 Hin=64.78 Tout=29.60 Hout=72.80
21:14:27.848 > [infer] warmup: window 15/24 - (Invoke NOT executed)
21:14:28.072 > [SENSORS] Health IN ok=452 err=0 reinit=0 pwr=0 | OUT ok=452 err=0 reinit=0 pwr=0
21:14:29.347 > [BENCH] IDLE | t_inference_us=0 | heap=0.3kB/105.8kB (min=105.5kB, biggest=105.5kB) | arena=0.9kB | V_bus=4.932V I_bus=58.1mA P_bus=286.3mW E_total_accum=76.615mWh
21:14:31.381 > [BENCH] IDLE | t_inference_us=0 | heap=0.3kB/105.8kB (min=105.5kB, biggest=105.5kB) | arena=0.9kB | V_bus=4.932V I_bus=58.1mA P_bus=286.3mW E_total_accum=76.776mWh
21:14:33.399 > [BENCH] IDLE | t_inference_us=0 | heap=0.3kB/105.8kB (min=105.5kB, biggest=105.5kB) | arena=0.9kB | V_bus=4.928V I_bus=58.2mA P_bus=286.5mW E_total_accum=76.937mWh
21:14:35.434 > [BENCH] IDLE | t_inference_us=0 | heap=0.3kB/105.8kB (min=105.5kB, biggest=105.5kB) | arena=0.9kB | V_bus=4.924V I_bus=57.8mA P_bus=284.7mW E_total_accum=77.096mWh
21:14:37.450 > [BENCH] IDLE | t_inference_us=0 | heap=0.3kB/105.8kB (min=105.5kB, biggest=105.5kB) | arena=0.9kB | V_bus=4.928V I_bus=57.6mA P_bus=284.0mW E_total_accum=77.255mWh
21:14:39.464 > [BENCH] IDLE | t_inference_us=0 | heap=0.3kB/105.8kB (min=105.5kB, biggest=105.5kB) | arena=0.9kB | V_bus=4.924V I_bus=57.8mA P_bus=284.5mW E_total_accum=77.415mWh
21:14:41.478 > [BENCH] IDLE | t_inference_us=0 | heap=0.3kB/105.8kB (min=105.5kB, biggest=105.5kB) | arena=0.9kB | V_bus=4.928V I_bus=57.5mA P_bus=283.1mW E_total_accum=77.573mWh
21:14:43.514 > [BENCH] IDLE | t_inference_us=0 | heap=0.3kB/105.8kB (min=105.5kB, biggest=105.5kB) | arena=0.9kB | V_bus=4.924V I_bus=57.3mA P_bus=282.3mW E_total_accum=77.732mWh
21:14:45.530 > [BENCH] IDLE | t_inference_us=0 | heap=0.3kB/105.8kB (min=105.5kB, biggest=105.5kB) | arena=0.9kB | V_bus=4.932V I_bus=57.6mA P_bus=283.8mW E_total_accum=77.891mWh
21:14:47.548 > [BENCH] IDLE | t_inference_us=0 | heap=0.3kB/105.8kB (min=105.5kB, biggest=105.5kB) | arena=0.9kB | V_bus=4.932V I_bus=57.9mA P_bus=285.6mW E_total_accum=78.051mWh
21:14:49.575 > [BENCH] IDLE | t_inference_us=0 | heap=0.3kB/105.8kB (min=105.5kB, biggest=105.5kB) | arena=0.9kB | V_bus=4.932V I_bus=58.2mA P_bus=286.8mW E_total_accum=78.212mWh
21:14:51.594 > [BENCH] IDLE | t_inference_us=0 | heap=0.3kB/105.8kB (min=105.5kB, biggest=105.5kB) | arena=0.9kB | V_bus=4.932V I_bus=58.2mA P_bus=287.1mW E_total_accum=78.373mWh
21:14:53.627 > [BENCH] IDLE | t_inference_us=0 | heap=0.3kB/105.8kB (min=105.5kB, biggest=105.5kB) | arena=0.9kB | V_bus=4.920V I_bus=58.3mA P_bus=287.4mW E_total_accum=78.534mWh
21:14:55.644 > [BENCH] IDLE | t_inference_us=0 | heap=0.3kB/105.8kB (min=105.5kB, biggest=105.5kB) | arena=0.9kB | V_bus=4.932V I_bus=58.0mA P_bus=286.0mW E_total_accum=78.694mWh
21:14:57.672 > [BENCH] IDLE | t_inference_us=0 | heap=0.3kB/105.8kB (min=105.5kB, biggest=105.5kB) | arena=0.9kB | V_bus=4.924V I_bus=57.9mA P_bus=285.5mW E_total_accum=78.854mWh
21:14:59.696 > [BENCH] IDLE | t_inference_us=0 | heap=0.3kB/105.8kB (min=105.5kB, biggest=105.5kB) | arena=0.9kB | V_bus=4.932V I_bus=58.0mA P_bus=285.7mW E_total_accum=79.015mWh
21:15:01.711 > [BENCH] IDLE | t_inference_us=0 | heap=0.3kB/105.8kB (min=105.5kB, biggest=105.5kB) | arena=0.9kB | V_bus=4.932V I_bus=58.4mA P_bus=287.7mW E_total_accum=79.176mWh
21:15:03.741 > [BENCH] IDLE | t_inference_us=0 | heap=0.3kB/105.8kB (min=105.5kB, biggest=105.5kB) | arena=0.9kB | V_bus=4.932V I_bus=58.4mA P_bus=287.9mW E_total_accum=79.338mWh
21:15:05.761 > [BENCH] IDLE | t_inference_us=0 | heap=0.3kB/105.8kB (min=105.5kB, biggest=105.5kB) | arena=0.9kB | V_bus=4.928V I_bus=58.3mA P_bus=287.4mW E_total_accum=79.499mWh
21:15:07.789 > [BENCH] IDLE | t_inference_us=0 | heap=0.3kB/105.8kB (min=105.5kB, biggest=105.5kB) | arena=0.9kB | V_bus=4.924V I_bus=58.4mA P_bus=287.7mW E_total_accum=79.660mWh
21:15:09.810 > [BENCH] IDLE | t_inference_us=0 | heap=0.3kB/105.8kB (min=105.5kB, biggest=105.5kB) | arena=0.9kB | V_bus=4.920V I_bus=58.0mA P_bus=285.9mW E_total_accum=79.820mWh
21:15:11.823 > [BENCH] IDLE | t_inference_us=0 | heap=0.3kB/105.8kB (min=105.5kB, biggest=105.5kB) | arena=0.9kB | V_bus=4.928V I_bus=57.7mA P_bus=284.1mW E_total_accum=79.980mWh
21:15:13.839 > [BENCH] IDLE | t_inference_us=0 | heap=0.3kB/105.8kB (min=105.5kB, biggest=105.5kB) | arena=0.9kB | V_bus=4.924V I_bus=57.7mA P_bus=284.1mW E_total_accum=80.139mWh
21:15:15.875 > [BENCH] IDLE | t_inference_us=0 | heap=0.3kB/105.8kB (min=105.5kB, biggest=105.5kB) | arena=0.9kB | V_bus=4.936V I_bus=57.8mA P_bus=284.9mW E_total_accum=80.298mWh
21:15:17.890 > [BENCH] IDLE | t_inference_us=0 | heap=0.3kB/105.8kB (min=105.5kB, biggest=105.5kB) | arena=0.9kB | V_bus=4.936V I_bus=58.0mA P_bus=285.8mW E_total_accum=80.459mWh
21:15:19.909 > [BENCH] IDLE | t_inference_us=0 | heap=0.3kB/105.8kB (min=105.5kB, biggest=105.5kB) | arena=0.9kB | V_bus=4.932V I_bus=58.2mA P_bus=286.7mW E_total_accum=80.619mWh
21:15:21.941 > [BENCH] IDLE | t_inference_us=0 | heap=0.3kB/105.8kB (min=105.5kB, biggest=105.5kB) | arena=0.9kB | V_bus=4.924V I_bus=57.9mA P_bus=285.5mW E_total_accum=80.780mWh
21:15:23.962 > [BENCH] IDLE | t_inference_us=0 | heap=0.3kB/105.8kB (min=105.5kB, biggest=105.5kB) | arena=0.9kB | V_bus=4.928V I_bus=57.6mA P_bus=283.8mW E_total_accum=80.939mWh
21:15:25.972 > [BENCH] IDLE | t_inference_us=0 | heap=0.3kB/105.8kB (min=105.5kB, biggest=105.5kB) | arena=0.9kB | V_bus=4.920V I_bus=57.8mA P_bus=284.8mW E_total_accum=81.098mWh
21:15:27.923 > 
21:15:27.923 > [EVENT] type=HOUR  Tin=27.70 Hin=67.87 Tout=29.60 Hout=73.20
21:15:27.923 > [infer] warmup: window 16/24 - (Invoke NOT executed)
21:15:28.189 > [SENSORS] Health IN ok=480 err=0 reinit=0 pwr=0 | OUT ok=480 err=0 reinit=0 pwr=0
21:15:29.449 > [BENCH] IDLE | t_inference_us=0 | heap=0.3kB/105.8kB (min=105.5kB, biggest=105.5kB) | arena=0.9kB | V_bus=4.928V I_bus=57.8mA P_bus=284.5mW E_total_accum=81.371mWh
21:15:31.468 > [BENCH] IDLE | t_inference_us=0 | heap=0.3kB/105.8kB (min=105.5kB, biggest=105.5kB) | arena=0.9kB | V_bus=4.920V I_bus=57.7mA P_bus=284.0mW E_total_accum=81.531mWh
21:15:33.486 > [BENCH] IDLE | t_inference_us=0 | heap=0.3kB/105.8kB (min=105.5kB, biggest=105.5kB) | arena=0.9kB | V_bus=4.932V I_bus=57.8mA P_bus=284.5mW E_total_accum=81.690mWh
21:15:35.519 > [BENCH] IDLE | t_inference_us=0 | heap=0.3kB/105.8kB (min=105.5kB, biggest=105.5kB) | arena=0.9kB | V_bus=4.952V I_bus=58.5mA P_bus=288.4mW E_total_accum=81.852mWh
21:15:37.536 > [BENCH] IDLE | t_inference_us=0 | heap=0.3kB/105.8kB (min=105.5kB, biggest=105.5kB) | arena=0.9kB | V_bus=4.932V I_bus=58.4mA P_bus=288.2mW E_total_accum=82.014mWh
21:15:39.553 > [BENCH] IDLE | t_inference_us=0 | heap=0.3kB/105.8kB (min=105.5kB, biggest=105.5kB) | arena=0.9kB | V_bus=4.924V I_bus=58.2mA P_bus=287.0mW E_total_accum=82.174mWh
21:15:41.571 > [BENCH] IDLE | t_inference_us=0 | heap=0.3kB/105.8kB (min=105.5kB, biggest=105.5kB) | arena=0.9kB | V_bus=4.920V I_bus=58.1mA P_bus=286.1mW E_total_accum=82.335mWh
21:15:43.599 > [BENCH] IDLE | t_inference_us=0 | heap=0.3kB/105.8kB (min=105.5kB, biggest=105.5kB) | arena=0.9kB | V_bus=4.928V I_bus=57.7mA P_bus=284.6mW E_total_accum=82.494mWh
21:15:45.618 > [BENCH] IDLE | t_inference_us=0 | heap=0.3kB/105.8kB (min=105.5kB, biggest=105.5kB) | arena=0.9kB | V_bus=4.944V I_bus=58.3mA P_bus=287.6mW E_total_accum=82.656mWh
21:15:47.635 > [BENCH] IDLE | t_inference_us=0 | heap=0.3kB/105.8kB (min=105.5kB, biggest=105.5kB) | arena=0.9kB | V_bus=4.932V I_bus=58.3mA P_bus=287.6mW E_total_accum=82.817mWh
21:15:49.667 > [BENCH] IDLE | t_inference_us=0 | heap=0.3kB/105.8kB (min=105.5kB, biggest=105.5kB) | arena=0.9kB | V_bus=4.928V I_bus=58.1mA P_bus=286.4mW E_total_accum=82.977mWh
21:15:51.693 > [BENCH] IDLE | t_inference_us=0 | heap=0.3kB/105.8kB (min=105.5kB, biggest=105.5kB) | arena=0.9kB | V_bus=4.920V I_bus=57.6mA P_bus=284.0mW E_total_accum=83.137mWh
21:15:53.713 > [BENCH] IDLE | t_inference_us=0 | heap=0.3kB/105.8kB (min=105.5kB, biggest=105.5kB) | arena=0.9kB | V_bus=4.928V I_bus=57.4mA P_bus=282.7mW E_total_accum=83.295mWh
21:15:55.736 > [BENCH] IDLE | t_inference_us=0 | heap=0.3kB/105.8kB (min=105.5kB, biggest=105.5kB) | arena=0.9kB | V_bus=4.928V I_bus=57.8mA P_bus=284.7mW E_total_accum=83.455mWh
21:15:57.749 > [BENCH] IDLE | t_inference_us=0 | heap=0.3kB/105.8kB (min=105.5kB, biggest=105.5kB) | arena=0.9kB | V_bus=4.936V I_bus=58.0mA P_bus=285.8mW E_total_accum=83.615mWh
21:15:59.783 > [BENCH] IDLE | t_inference_us=0 | heap=0.3kB/105.8kB (min=105.5kB, biggest=105.5kB) | arena=0.9kB | V_bus=4.920V I_bus=57.9mA P_bus=285.5mW E_total_accum=83.775mWh
21:16:01.800 > [BENCH] IDLE | t_inference_us=0 | heap=0.3kB/105.8kB (min=105.5kB, biggest=105.5kB) | arena=0.9kB | V_bus=4.932V I_bus=57.8mA P_bus=285.0mW E_total_accum=83.935mWh
21:16:03.822 > [BENCH] IDLE | t_inference_us=0 | heap=0.3kB/105.8kB (min=105.5kB, biggest=105.5kB) | arena=0.9kB | V_bus=4.928V I_bus=58.4mA P_bus=287.6mW E_total_accum=84.096mWh
21:16:05.846 > [BENCH] IDLE | t_inference_us=0 | heap=0.3kB/105.8kB (min=105.5kB, biggest=105.5kB) | arena=0.9kB | V_bus=4.924V I_bus=58.1mA P_bus=286.1mW E_total_accum=84.257mWh
21:16:07.863 > [BENCH] IDLE | t_inference_us=0 | heap=0.3kB/105.8kB (min=105.5kB, biggest=105.5kB) | arena=0.9kB | V_bus=4.924V I_bus=57.8mA P_bus=284.7mW E_total_accum=84.417mWh
21:16:09.898 > [BENCH] IDLE | t_inference_us=0 | heap=0.3kB/105.8kB (min=105.5kB, biggest=105.5kB) | arena=0.9kB | V_bus=4.936V I_bus=57.7mA P_bus=284.5mW E_total_accum=84.576mWh
21:16:11.914 > [BENCH] IDLE | t_inference_us=0 | heap=0.3kB/105.8kB (min=105.5kB, biggest=105.5kB) | arena=0.9kB | V_bus=4.936V I_bus=58.0mA P_bus=285.9mW E_total_accum=84.736mWh
21:16:13.930 > [BENCH] IDLE | t_inference_us=0 | heap=0.3kB/105.8kB (min=105.5kB, biggest=105.5kB) | arena=0.9kB | V_bus=4.924V I_bus=58.1mA P_bus=286.3mW E_total_accum=84.897mWh
21:16:15.959 > [BENCH] IDLE | t_inference_us=0 | heap=0.3kB/105.8kB (min=105.5kB, biggest=105.5kB) | arena=0.9kB | V_bus=4.956V I_bus=58.1mA P_bus=286.6mW E_total_accum=85.058mWh
21:16:17.983 > [BENCH] IDLE | t_inference_us=0 | heap=0.3kB/105.8kB (min=105.5kB, biggest=105.5kB) | arena=0.9kB | V_bus=4.928V I_bus=57.8mA P_bus=284.9mW E_total_accum=85.217mWh
21:16:19.995 > [BENCH] IDLE | t_inference_us=0 | heap=0.3kB/105.8kB (min=105.5kB, biggest=105.5kB) | arena=0.9kB | V_bus=4.928V I_bus=58.1mA P_bus=286.8mW E_total_accum=85.378mWh
21:16:22.027 > [BENCH] IDLE | t_inference_us=0 | heap=0.3kB/105.8kB (min=105.5kB, biggest=105.5kB) | arena=0.9kB | V_bus=4.924V I_bus=57.9mA P_bus=285.5mW E_total_accum=85.538mWh
21:16:24.046 > [BENCH] IDLE | t_inference_us=0 | heap=0.3kB/105.8kB (min=105.5kB, biggest=105.5kB) | arena=0.9kB | V_bus=4.924V I_bus=57.5mA P_bus=283.7mW E_total_accum=85.697mWh
21:16:26.077 > [BENCH] IDLE | t_inference_us=0 | heap=0.3kB/105.8kB (min=105.5kB, biggest=105.5kB) | arena=0.9kB | V_bus=4.932V I_bus=57.6mA P_bus=284.2mW E_total_accum=85.856mWh
21:16:28.041 > 
21:16:28.041 > [EVENT] type=HOUR  Tin=28.10 Hin=69.70 Tout=29.50 Hout=73.30
21:16:28.057 > [infer] warmup: window 17/24 - (Invoke NOT executed)
21:16:28.311 > [SENSORS] Health IN ok=508 err=0 reinit=0 pwr=0 | OUT ok=509 err=0 reinit=0 pwr=0
21:16:29.575 > [BENCH] IDLE | t_inference_us=0 | heap=0.3kB/105.8kB (min=105.5kB, biggest=105.5kB) | arena=0.9kB | V_bus=4.928V I_bus=57.4mA P_bus=283.0mW E_total_accum=86.131mWh
21:16:31.591 > [BENCH] IDLE | t_inference_us=0 | heap=0.3kB/105.8kB (min=105.5kB, biggest=105.5kB) | arena=0.9kB | V_bus=4.924V I_bus=57.9mA P_bus=285.4mW E_total_accum=86.291mWh
21:16:33.610 > [BENCH] IDLE | t_inference_us=0 | heap=0.3kB/105.8kB (min=105.5kB, biggest=105.5kB) | arena=0.9kB | V_bus=4.928V I_bus=57.7mA P_bus=284.5mW E_total_accum=86.451mWh
21:16:35.643 > [BENCH] IDLE | t_inference_us=0 | heap=0.3kB/105.8kB (min=105.5kB, biggest=105.5kB) | arena=0.9kB | V_bus=4.920V I_bus=57.8mA P_bus=284.8mW E_total_accum=86.611mWh
21:16:37.656 > [BENCH] IDLE | t_inference_us=0 | heap=0.3kB/105.8kB (min=105.5kB, biggest=105.5kB) | arena=0.9kB | V_bus=4.932V I_bus=57.9mA P_bus=285.2mW E_total_accum=86.770mWh
21:16:39.690 > [BENCH] IDLE | t_inference_us=0 | heap=0.3kB/105.8kB (min=105.5kB, biggest=105.5kB) | arena=0.9kB | V_bus=4.924V I_bus=57.7mA P_bus=284.4mW E_total_accum=86.930mWh
21:16:41.709 > [BENCH] IDLE | t_inference_us=0 | heap=0.3kB/105.8kB (min=105.5kB, biggest=105.5kB) | arena=0.9kB | V_bus=4.928V I_bus=57.4mA P_bus=282.9mW E_total_accum=87.089mWh
21:16:43.736 > [BENCH] IDLE | t_inference_us=0 | heap=0.3kB/105.8kB (min=105.5kB, biggest=105.5kB) | arena=0.9kB | V_bus=4.924V I_bus=58.1mA P_bus=286.0mW E_total_accum=87.249mWh
21:16:45.758 > [BENCH] IDLE | t_inference_us=0 | heap=0.3kB/105.8kB (min=105.5kB, biggest=105.5kB) | arena=0.9kB | V_bus=4.928V I_bus=57.8mA P_bus=284.9mW E_total_accum=87.409mWh
21:16:47.772 > [BENCH] IDLE | t_inference_us=0 | heap=0.3kB/105.8kB (min=105.5kB, biggest=105.5kB) | arena=0.9kB | V_bus=4.928V I_bus=57.4mA P_bus=283.0mW E_total_accum=87.567mWh
21:16:49.803 > [BENCH] IDLE | t_inference_us=0 | heap=0.3kB/105.8kB (min=105.5kB, biggest=105.5kB) | arena=0.9kB | V_bus=4.932V I_bus=57.7mA P_bus=284.3mW E_total_accum=87.727mWh
21:16:51.822 > [BENCH] IDLE | t_inference_us=0 | heap=0.3kB/105.8kB (min=105.5kB, biggest=105.5kB) | arena=0.9kB | V_bus=4.928V I_bus=57.5mA P_bus=283.5mW E_total_accum=87.886mWh
21:16:53.849 > [BENCH] IDLE | t_inference_us=0 | heap=0.3kB/105.8kB (min=105.5kB, biggest=105.5kB) | arena=0.9kB | V_bus=4.928V I_bus=57.6mA P_bus=283.9mW E_total_accum=88.045mWh
21:16:55.872 > [BENCH] IDLE | t_inference_us=0 | heap=0.3kB/105.8kB (min=105.5kB, biggest=105.5kB) | arena=0.9kB | V_bus=4.936V I_bus=57.9mA P_bus=285.6mW E_total_accum=88.205mWh
21:16:57.893 > [BENCH] IDLE | t_inference_us=0 | heap=0.3kB/105.8kB (min=105.5kB, biggest=105.5kB) | arena=0.9kB | V_bus=4.924V I_bus=57.5mA P_bus=283.5mW E_total_accum=88.364mWh
21:16:59.913 > [BENCH] IDLE | t_inference_us=0 | heap=0.3kB/105.8kB (min=105.5kB, biggest=105.5kB) | arena=0.9kB | V_bus=4.928V I_bus=57.3mA P_bus=282.6mW E_total_accum=88.522mWh
21:17:01.938 > [BENCH] IDLE | t_inference_us=0 | heap=0.3kB/105.8kB (min=105.5kB, biggest=105.5kB) | arena=0.9kB | V_bus=4.928V I_bus=57.8mA P_bus=285.0mW E_total_accum=88.682mWh
21:17:03.954 > [BENCH] IDLE | t_inference_us=0 | heap=0.3kB/105.8kB (min=105.5kB, biggest=105.5kB) | arena=0.9kB | V_bus=4.920V I_bus=57.6mA P_bus=284.0mW E_total_accum=88.841mWh
21:17:05.970 > [BENCH] IDLE | t_inference_us=0 | heap=0.3kB/105.8kB (min=105.5kB, biggest=105.5kB) | arena=0.9kB | V_bus=4.936V I_bus=57.8mA P_bus=284.7mW E_total_accum=89.001mWh
21:17:08.007 > [BENCH] IDLE | t_inference_us=0 | heap=0.3kB/105.8kB (min=105.5kB, biggest=105.5kB) | arena=0.9kB | V_bus=4.932V I_bus=57.7mA P_bus=284.4mW E_total_accum=89.161mWh
21:17:10.017 > [BENCH] IDLE | t_inference_us=0 | heap=0.3kB/105.8kB (min=105.5kB, biggest=105.5kB) | arena=0.9kB | V_bus=4.928V I_bus=57.4mA P_bus=282.7mW E_total_accum=89.319mWh
21:17:12.048 > [BENCH] IDLE | t_inference_us=0 | heap=0.3kB/105.8kB (min=105.5kB, biggest=105.5kB) | arena=0.9kB | V_bus=4.924V I_bus=57.8mA P_bus=285.0mW E_total_accum=89.479mWh
21:17:14.067 > [BENCH] IDLE | t_inference_us=0 | heap=0.3kB/105.8kB (min=105.5kB, biggest=105.5kB) | arena=0.9kB | V_bus=4.932V I_bus=57.6mA P_bus=284.0mW E_total_accum=89.638mWh
21:17:16.084 > [BENCH] IDLE | t_inference_us=0 | heap=0.3kB/105.8kB (min=105.5kB, biggest=105.5kB) | arena=0.9kB | V_bus=4.928V I_bus=58.2mA P_bus=286.7mW E_total_accum=89.799mWh
21:17:18.118 > [BENCH] IDLE | t_inference_us=0 | heap=0.3kB/105.8kB (min=105.5kB, biggest=105.5kB) | arena=0.9kB | V_bus=4.936V I_bus=58.2mA P_bus=286.9mW E_total_accum=89.960mWh
21:17:20.143 > [BENCH] IDLE | t_inference_us=0 | heap=0.3kB/105.8kB (min=105.5kB, biggest=105.5kB) | arena=0.9kB | V_bus=4.928V I_bus=57.9mA P_bus=285.5mW E_total_accum=90.120mWh
21:17:22.167 > [BENCH] IDLE | t_inference_us=0 | heap=0.3kB/105.8kB (min=105.5kB, biggest=105.5kB) | arena=0.9kB | V_bus=4.936V I_bus=58.0mA P_bus=286.0mW E_total_accum=90.280mWh
21:17:24.184 > [BENCH] IDLE | t_inference_us=0 | heap=0.3kB/105.8kB (min=105.5kB, biggest=105.5kB) | arena=0.9kB | V_bus=4.924V I_bus=57.9mA P_bus=285.4mW E_total_accum=90.440mWh
21:17:26.215 > [BENCH] IDLE | t_inference_us=0 | heap=0.3kB/105.8kB (min=105.5kB, biggest=105.5kB) | arena=0.9kB | V_bus=4.932V I_bus=58.1mA P_bus=286.6mW E_total_accum=90.601mWh
21:17:28.190 > 
21:17:28.190 > [EVENT] type=HOUR  Tin=28.40 Hin=71.50 Tout=29.60 Hout=73.20
21:17:28.190 > [infer] warmup: window 18/24 - (Invoke NOT executed)
21:17:28.449 > [SENSORS] Health IN ok=537 err=0 reinit=0 pwr=0 | OUT ok=537 err=0 reinit=0 pwr=0
21:17:29.699 > [BENCH] IDLE | t_inference_us=0 | heap=0.3kB/105.8kB (min=105.5kB, biggest=105.5kB) | arena=0.9kB | V_bus=4.924V I_bus=58.7mA P_bus=289.3mW E_total_accum=90.880mWh
21:17:31.713 > [BENCH] IDLE | t_inference_us=0 | heap=0.3kB/105.8kB (min=105.5kB, biggest=105.5kB) | arena=0.9kB | V_bus=4.924V I_bus=58.4mA P_bus=287.8mW E_total_accum=91.041mWh
21:17:33.746 > [BENCH] IDLE | t_inference_us=0 | heap=0.3kB/105.8kB (min=105.5kB, biggest=105.5kB) | arena=0.9kB | V_bus=4.932V I_bus=58.7mA P_bus=289.3mW E_total_accum=91.203mWh
21:17:35.769 > [BENCH] IDLE | t_inference_us=0 | heap=0.3kB/105.8kB (min=105.5kB, biggest=105.5kB) | arena=0.9kB | V_bus=4.924V I_bus=58.4mA P_bus=287.9mW E_total_accum=91.365mWh
21:17:37.796 > [BENCH] IDLE | t_inference_us=0 | heap=0.3kB/105.8kB (min=105.5kB, biggest=105.5kB) | arena=0.9kB | V_bus=4.920V I_bus=59.0mA P_bus=290.4mW E_total_accum=91.528mWh
21:17:39.806 > [BENCH] IDLE | t_inference_us=0 | heap=0.3kB/105.8kB (min=105.5kB, biggest=105.5kB) | arena=0.9kB | V_bus=4.928V I_bus=58.6mA P_bus=288.9mW E_total_accum=91.690mWh
21:17:41.833 > [BENCH] IDLE | t_inference_us=0 | heap=0.3kB/105.8kB (min=105.5kB, biggest=105.5kB) | arena=0.9kB | V_bus=4.924V I_bus=59.0mA P_bus=290.4mW E_total_accum=91.853mWh
21:17:43.868 > [BENCH] IDLE | t_inference_us=0 | heap=0.3kB/105.8kB (min=105.5kB, biggest=105.5kB) | arena=0.9kB | V_bus=4.928V I_bus=58.6mA P_bus=288.9mW E_total_accum=92.015mWh
21:17:45.887 > [BENCH] IDLE | t_inference_us=0 | heap=0.3kB/105.8kB (min=105.5kB, biggest=105.5kB) | arena=0.9kB | V_bus=4.924V I_bus=59.1mA P_bus=291.2mW E_total_accum=92.178mWh
21:17:47.903 > [BENCH] IDLE | t_inference_us=0 | heap=0.3kB/105.8kB (min=105.5kB, biggest=105.5kB) | arena=0.9kB | V_bus=4.932V I_bus=58.7mA P_bus=289.4mW E_total_accum=92.340mWh
21:17:49.937 > [BENCH] IDLE | t_inference_us=0 | heap=0.3kB/105.8kB (min=105.5kB, biggest=105.5kB) | arena=0.9kB | V_bus=4.924V I_bus=59.2mA P_bus=291.7mW E_total_accum=92.504mWh
21:17:51.965 > [BENCH] IDLE | t_inference_us=0 | heap=0.3kB/105.8kB (min=105.5kB, biggest=105.5kB) | arena=0.9kB | V_bus=4.928V I_bus=58.7mA P_bus=289.0mW E_total_accum=92.666mWh
21:17:53.986 > [BENCH] IDLE | t_inference_us=0 | heap=0.3kB/105.8kB (min=105.5kB, biggest=105.5kB) | arena=0.9kB | V_bus=4.924V I_bus=58.9mA P_bus=290.2mW E_total_accum=92.829mWh
21:17:56.002 > [BENCH] IDLE | t_inference_us=0 | heap=0.3kB/105.8kB (min=105.5kB, biggest=105.5kB) | arena=0.9kB | V_bus=4.924V I_bus=58.6mA P_bus=288.4mW E_total_accum=92.991mWh
21:17:58.029 > [BENCH] IDLE | t_inference_us=0 | heap=0.3kB/105.8kB (min=105.5kB, biggest=105.5kB) | arena=0.9kB | V_bus=4.956V I_bus=58.8mA P_bus=289.8mW E_total_accum=93.153mWh
21:18:00.053 > [BENCH] IDLE | t_inference_us=0 | heap=0.3kB/105.8kB (min=105.5kB, biggest=105.5kB) | arena=0.9kB | V_bus=4.928V I_bus=58.3mA P_bus=287.3mW E_total_accum=93.314mWh
21:18:02.072 > [BENCH] IDLE | t_inference_us=0 | heap=0.3kB/105.8kB (min=105.5kB, biggest=105.5kB) | arena=0.9kB | V_bus=4.924V I_bus=58.8mA P_bus=289.8mW E_total_accum=93.477mWh
21:18:04.099 > [BENCH] IDLE | t_inference_us=0 | heap=0.3kB/105.8kB (min=105.5kB, biggest=105.5kB) | arena=0.9kB | V_bus=4.928V I_bus=58.3mA P_bus=287.4mW E_total_accum=93.638mWh
21:18:06.119 > [BENCH] IDLE | t_inference_us=0 | heap=0.3kB/105.8kB (min=105.5kB, biggest=105.5kB) | arena=0.9kB | V_bus=4.932V I_bus=58.3mA P_bus=287.6mW E_total_accum=93.799mWh
21:18:08.143 > [BENCH] IDLE | t_inference_us=0 | heap=0.3kB/105.8kB (min=105.5kB, biggest=105.5kB) | arena=0.9kB | V_bus=4.920V I_bus=58.1mA P_bus=286.4mW E_total_accum=93.959mWh
21:18:10.163 > [BENCH] IDLE | t_inference_us=0 | heap=0.3kB/105.8kB (min=105.5kB, biggest=105.5kB) | arena=0.9kB | V_bus=4.928V I_bus=58.1mA P_bus=286.4mW E_total_accum=94.120mWh
21:18:12.186 > [BENCH] IDLE | t_inference_us=0 | heap=0.3kB/105.8kB (min=105.5kB, biggest=105.5kB) | arena=0.9kB | V_bus=4.920V I_bus=58.3mA P_bus=287.3mW E_total_accum=94.281mWh
21:18:14.211 > [BENCH] IDLE | t_inference_us=0 | heap=0.3kB/105.8kB (min=105.5kB, biggest=105.5kB) | arena=0.9kB | V_bus=4.936V I_bus=58.5mA P_bus=288.1mW E_total_accum=94.443mWh
21:18:16.232 > [BENCH] IDLE | t_inference_us=0 | heap=0.3kB/105.8kB (min=105.5kB, biggest=105.5kB) | arena=0.9kB | V_bus=4.924V I_bus=58.5mA P_bus=288.5mW E_total_accum=94.604mWh
21:18:18.257 > [BENCH] IDLE | t_inference_us=0 | heap=0.3kB/105.8kB (min=105.5kB, biggest=105.5kB) | arena=0.9kB | V_bus=4.932V I_bus=58.6mA P_bus=288.9mW E_total_accum=94.766mWh
21:18:20.275 > [BENCH] IDLE | t_inference_us=0 | heap=0.3kB/105.8kB (min=105.5kB, biggest=105.5kB) | arena=0.9kB | V_bus=4.924V I_bus=58.5mA P_bus=288.0mW E_total_accum=94.928mWh
21:18:22.290 > [BENCH] IDLE | t_inference_us=0 | heap=0.3kB/105.8kB (min=105.5kB, biggest=105.5kB) | arena=0.9kB | V_bus=4.932V I_bus=58.5mA P_bus=288.5mW E_total_accum=95.090mWh
21:18:24.312 > [BENCH] IDLE | t_inference_us=0 | heap=0.3kB/105.8kB (min=105.5kB, biggest=105.5kB) | arena=0.9kB | V_bus=4.920V I_bus=58.4mA P_bus=287.9mW E_total_accum=95.251mWh
21:18:26.344 > [BENCH] IDLE | t_inference_us=0 | heap=0.3kB/105.8kB (min=105.5kB, biggest=105.5kB) | arena=0.9kB | V_bus=4.932V I_bus=58.4mA P_bus=288.0mW E_total_accum=95.413mWh
21:18:28.294 > 
21:18:28.294 > [EVENT] type=HOUR  Tin=28.70 Hin=73.23 Tout=29.70 Hout=72.90
21:18:28.297 > [infer] warmup: window 19/24 - (Invoke NOT executed)
21:18:28.598 > [SENSORS] Health IN ok=565 err=0 reinit=0 pwr=0 | OUT ok=565 err=0 reinit=0 pwr=0
21:18:29.810 > [BENCH] IDLE | t_inference_us=0 | heap=0.3kB/105.8kB (min=105.5kB, biggest=105.5kB) | arena=0.9kB | V_bus=4.924V I_bus=58.4mA P_bus=287.7mW E_total_accum=95.689mWh
21:18:31.827 > [BENCH] IDLE | t_inference_us=0 | heap=0.3kB/105.8kB (min=105.5kB, biggest=105.5kB) | arena=0.9kB | V_bus=4.928V I_bus=58.4mA P_bus=287.9mW E_total_accum=95.850mWh
21:18:33.849 > [BENCH] IDLE | t_inference_us=0 | heap=0.3kB/105.8kB (min=105.5kB, biggest=105.5kB) | arena=0.9kB | V_bus=4.924V I_bus=58.2mA P_bus=286.9mW E_total_accum=96.011mWh
21:18:35.872 > [BENCH] IDLE | t_inference_us=0 | heap=0.3kB/105.8kB (min=105.5kB, biggest=105.5kB) | arena=0.9kB | V_bus=4.932V I_bus=58.5mA P_bus=288.3mW E_total_accum=96.173mWh
21:18:37.896 > [BENCH] IDLE | t_inference_us=0 | heap=0.3kB/105.8kB (min=105.5kB, biggest=105.5kB) | arena=0.9kB | V_bus=4.928V I_bus=58.6mA P_bus=289.0mW E_total_accum=96.335mWh
21:18:39.924 > [BENCH] IDLE | t_inference_us=0 | heap=0.3kB/105.8kB (min=105.5kB, biggest=105.5kB) | arena=0.9kB | V_bus=4.928V I_bus=58.4mA P_bus=287.7mW E_total_accum=96.496mWh
21:18:41.943 > [BENCH] IDLE | t_inference_us=0 | heap=0.3kB/105.8kB (min=105.5kB, biggest=105.5kB) | arena=0.9kB | V_bus=4.924V I_bus=58.8mA P_bus=289.7mW E_total_accum=96.658mWh
21:18:43.957 > [BENCH] IDLE | t_inference_us=0 | heap=0.3kB/105.8kB (min=105.5kB, biggest=105.5kB) | arena=0.9kB | V_bus=4.928V I_bus=58.3mA P_bus=287.2mW E_total_accum=96.820mWh
21:18:45.994 > [BENCH] IDLE | t_inference_us=0 | heap=0.3kB/105.8kB (min=105.5kB, biggest=105.5kB) | arena=0.9kB | V_bus=4.920V I_bus=58.9mA P_bus=290.2mW E_total_accum=96.982mWh
21:18:48.017 > [BENCH] IDLE | t_inference_us=0 | heap=0.3kB/105.8kB (min=105.5kB, biggest=105.5kB) | arena=0.9kB | V_bus=4.932V I_bus=58.4mA P_bus=288.0mW E_total_accum=97.144mWh
21:18:50.037 > [BENCH] IDLE | t_inference_us=0 | heap=0.3kB/105.8kB (min=105.5kB, biggest=105.5kB) | arena=0.9kB | V_bus=4.920V I_bus=58.6mA P_bus=288.4mW E_total_accum=97.305mWh
21:18:52.061 > [BENCH] IDLE | t_inference_us=0 | heap=0.3kB/105.8kB (min=105.5kB, biggest=105.5kB) | arena=0.9kB | V_bus=4.932V I_bus=58.6mA P_bus=288.7mW E_total_accum=97.467mWh
21:18:54.079 > [BENCH] IDLE | t_inference_us=0 | heap=0.3kB/105.8kB (min=105.5kB, biggest=105.5kB) | arena=0.9kB | V_bus=4.928V I_bus=58.3mA P_bus=287.5mW E_total_accum=97.628mWh
21:18:56.104 > [BENCH] IDLE | t_inference_us=0 | heap=0.3kB/105.8kB (min=105.5kB, biggest=105.5kB) | arena=0.9kB | V_bus=4.924V I_bus=58.9mA P_bus=289.9mW E_total_accum=97.791mWh
21:18:58.128 > [BENCH] IDLE | t_inference_us=0 | heap=0.3kB/105.8kB (min=105.5kB, biggest=105.5kB) | arena=0.9kB | V_bus=4.928V I_bus=58.4mA P_bus=287.9mW E_total_accum=97.953mWh
21:19:00.149 > [BENCH] IDLE | t_inference_us=0 | heap=0.3kB/105.8kB (min=105.5kB, biggest=105.5kB) | arena=0.9kB | V_bus=4.920V I_bus=59.1mA P_bus=290.9mW E_total_accum=98.116mWh
21:19:02.168 > [BENCH] IDLE | t_inference_us=0 | heap=0.3kB/105.8kB (min=105.5kB, biggest=105.5kB) | arena=0.9kB | V_bus=4.932V I_bus=59.0mA P_bus=290.7mW E_total_accum=98.279mWh
21:19:04.191 > [BENCH] IDLE | t_inference_us=0 | heap=0.3kB/105.8kB (min=105.5kB, biggest=105.5kB) | arena=0.9kB | V_bus=4.916V I_bus=59.0mA P_bus=290.5mW E_total_accum=98.441mWh
21:19:06.221 > [BENCH] IDLE | t_inference_us=0 | heap=0.3kB/105.8kB (min=105.5kB, biggest=105.5kB) | arena=0.9kB | V_bus=4.932V I_bus=58.9mA P_bus=290.2mW E_total_accum=98.604mWh
21:19:08.243 > [BENCH] IDLE | t_inference_us=0 | heap=0.3kB/105.8kB (min=105.5kB, biggest=105.5kB) | arena=0.9kB | V_bus=4.944V I_bus=58.3mA P_bus=287.4mW E_total_accum=98.765mWh
21:19:10.260 > [BENCH] IDLE | t_inference_us=0 | heap=0.3kB/105.8kB (min=105.5kB, biggest=105.5kB) | arena=0.9kB | V_bus=4.924V I_bus=58.7mA P_bus=289.5mW E_total_accum=98.928mWh
21:19:12.282 > [BENCH] IDLE | t_inference_us=0 | heap=0.3kB/105.8kB (min=105.5kB, biggest=105.5kB) | arena=0.9kB | V_bus=4.928V I_bus=58.6mA P_bus=289.0mW E_total_accum=99.090mWh
21:19:14.299 > [BENCH] IDLE | t_inference_us=0 | heap=0.3kB/105.8kB (min=105.5kB, biggest=105.5kB) | arena=0.9kB | V_bus=4.916V I_bus=58.5mA P_bus=288.2mW E_total_accum=99.251mWh
21:19:16.333 > [BENCH] IDLE | t_inference_us=0 | heap=0.3kB/105.8kB (min=105.5kB, biggest=105.5kB) | arena=0.9kB | V_bus=4.932V I_bus=58.6mA P_bus=289.0mW E_total_accum=99.413mWh
21:19:18.355 > [BENCH] IDLE | t_inference_us=0 | heap=0.3kB/105.8kB (min=105.5kB, biggest=105.5kB) | arena=0.9kB | V_bus=4.920V I_bus=58.2mA P_bus=286.5mW E_total_accum=99.574mWh
21:19:20.379 > [BENCH] IDLE | t_inference_us=0 | heap=0.3kB/105.8kB (min=105.5kB, biggest=105.5kB) | arena=0.9kB | V_bus=4.924V I_bus=58.1mA P_bus=286.2mW E_total_accum=99.735mWh
21:19:22.381 > [BENCH] IDLE | t_inference_us=0 | heap=0.3kB/105.8kB (min=105.5kB, biggest=105.5kB) | arena=0.9kB | V_bus=4.920V I_bus=58.1mA P_bus=285.9mW E_total_accum=99.895mWh
21:19:24.412 > [BENCH] IDLE | t_inference_us=0 | heap=0.3kB/105.8kB (min=105.5kB, biggest=105.5kB) | arena=0.9kB | V_bus=4.924V I_bus=57.9mA P_bus=285.0mW E_total_accum=100.054mWh
21:19:26.430 > [BENCH] IDLE | t_inference_us=0 | heap=0.3kB/105.8kB (min=105.5kB, biggest=105.5kB) | arena=0.9kB | V_bus=4.936V I_bus=58.1mA P_bus=286.0mW E_total_accum=100.215mWh
21:19:28.418 > 
21:19:28.418 > [EVENT] type=HOUR  Tin=28.90 Hin=71.22 Tout=29.60 Hout=73.20
21:19:28.418 > [infer] warmup: window 20/24 - (Invoke NOT executed)
21:19:28.715 > [SENSORS] Health IN ok=593 err=0 reinit=0 pwr=0 | OUT ok=593 err=0 reinit=0 pwr=0
21:19:29.928 > [BENCH] IDLE | t_inference_us=0 | heap=0.3kB/105.8kB (min=105.5kB, biggest=105.5kB) | arena=0.9kB | V_bus=4.924V I_bus=58.1mA P_bus=286.5mW E_total_accum=100.492mWh
21:19:31.961 > [BENCH] IDLE | t_inference_us=0 | heap=0.3kB/105.8kB (min=105.5kB, biggest=105.5kB) | arena=0.9kB | V_bus=4.928V I_bus=58.3mA P_bus=287.4mW E_total_accum=100.654mWh
21:19:33.979 > [BENCH] IDLE | t_inference_us=0 | heap=0.3kB/105.8kB (min=105.5kB, biggest=105.5kB) | arena=0.9kB | V_bus=4.920V I_bus=58.0mA P_bus=285.8mW E_total_accum=100.814mWh
21:19:35.996 > [BENCH] IDLE | t_inference_us=0 | heap=0.3kB/105.8kB (min=105.5kB, biggest=105.5kB) | arena=0.9kB | V_bus=4.928V I_bus=57.9mA P_bus=285.3mW E_total_accum=100.974mWh
21:19:38.012 > [BENCH] IDLE | t_inference_us=0 | heap=0.3kB/105.8kB (min=105.5kB, biggest=105.5kB) | arena=0.9kB | V_bus=4.924V I_bus=57.7mA P_bus=284.3mW E_total_accum=101.133mWh
21:19:40.043 > [BENCH] IDLE | t_inference_us=0 | heap=0.3kB/105.8kB (min=105.5kB, biggest=105.5kB) | arena=0.9kB | V_bus=4.920V I_bus=57.7mA P_bus=284.3mW E_total_accum=101.292mWh
21:19:42.058 > [BENCH] IDLE | t_inference_us=0 | heap=0.3kB/105.8kB (min=105.5kB, biggest=105.5kB) | arena=0.9kB | V_bus=4.936V I_bus=57.9mA P_bus=285.2mW E_total_accum=101.452mWh
21:19:44.076 > [BENCH] IDLE | t_inference_us=0 | heap=0.3kB/105.8kB (min=105.5kB, biggest=105.5kB) | arena=0.9kB | V_bus=4.924V I_bus=57.7mA P_bus=284.4mW E_total_accum=101.612mWh
21:19:46.115 > [BENCH] IDLE | t_inference_us=0 | heap=0.3kB/105.8kB (min=105.5kB, biggest=105.5kB) | arena=0.9kB | V_bus=4.928V I_bus=57.6mA P_bus=283.9mW E_total_accum=101.771mWh
21:19:48.133 > [BENCH] IDLE | t_inference_us=0 | heap=0.3kB/105.8kB (min=105.5kB, biggest=105.5kB) | arena=0.9kB | V_bus=4.932V I_bus=57.9mA P_bus=285.2mW E_total_accum=101.931mWh
21:19:50.160 > [BENCH] IDLE | t_inference_us=0 | heap=0.3kB/105.8kB (min=105.5kB, biggest=105.5kB) | arena=0.9kB | V_bus=4.948V I_bus=57.3mA P_bus=282.4mW E_total_accum=102.089mWh
21:19:52.180 > [BENCH] IDLE | t_inference_us=0 | heap=0.3kB/105.8kB (min=105.5kB, biggest=105.5kB) | arena=0.9kB | V_bus=4.932V I_bus=57.7mA P_bus=284.3mW E_total_accum=102.249mWh
21:19:54.188 > [BENCH] IDLE | t_inference_us=0 | heap=0.3kB/105.8kB (min=105.5kB, biggest=105.5kB) | arena=0.9kB | V_bus=4.924V I_bus=57.9mA P_bus=285.3mW E_total_accum=102.409mWh
21:19:56.223 > [BENCH] IDLE | t_inference_us=0 | heap=0.3kB/105.8kB (min=105.5kB, biggest=105.5kB) | arena=0.9kB | V_bus=4.924V I_bus=57.7mA P_bus=284.2mW E_total_accum=102.568mWh
21:19:58.240 > [BENCH] IDLE | t_inference_us=0 | heap=0.3kB/105.8kB (min=105.5kB, biggest=105.5kB) | arena=0.9kB | V_bus=4.928V I_bus=58.3mA P_bus=287.2mW E_total_accum=102.729mWh
21:20:00.258 > [BENCH] IDLE | t_inference_us=0 | heap=0.3kB/105.8kB (min=105.5kB, biggest=105.5kB) | arena=0.9kB | V_bus=4.928V I_bus=58.0mA P_bus=285.7mW E_total_accum=102.889mWh
21:20:02.293 > [BENCH] IDLE | t_inference_us=0 | heap=0.3kB/105.8kB (min=105.5kB, biggest=105.5kB) | arena=0.9kB | V_bus=4.924V I_bus=58.0mA P_bus=286.0mW E_total_accum=103.050mWh
21:20:04.306 > [BENCH] IDLE | t_inference_us=0 | heap=0.3kB/105.8kB (min=105.5kB, biggest=105.5kB) | arena=0.9kB | V_bus=4.932V I_bus=58.3mA P_bus=287.2mW E_total_accum=103.211mWh
21:20:06.338 > [BENCH] IDLE | t_inference_us=0 | heap=0.3kB/105.8kB (min=105.5kB, biggest=105.5kB) | arena=0.9kB | V_bus=4.916V I_bus=58.4mA P_bus=287.9mW E_total_accum=103.372mWh
21:20:08.356 > [BENCH] IDLE | t_inference_us=0 | heap=0.3kB/105.8kB (min=105.5kB, biggest=105.5kB) | arena=0.9kB | V_bus=4.924V I_bus=58.2mA P_bus=286.7mW E_total_accum=103.533mWh
21:20:10.388 > [BENCH] IDLE | t_inference_us=0 | heap=0.3kB/105.8kB (min=105.5kB, biggest=105.5kB) | arena=0.9kB | V_bus=4.920V I_bus=58.7mA P_bus=289.2mW E_total_accum=103.695mWh
21:20:12.408 > [BENCH] IDLE | t_inference_us=0 | heap=0.3kB/105.8kB (min=105.5kB, biggest=105.5kB) | arena=0.9kB | V_bus=4.928V I_bus=58.7mA P_bus=289.3mW E_total_accum=103.857mWh
21:20:14.424 > [BENCH] IDLE | t_inference_us=0 | heap=0.3kB/105.8kB (min=105.5kB, biggest=105.5kB) | arena=0.9kB | V_bus=4.916V I_bus=58.7mA P_bus=288.8mW E_total_accum=104.019mWh
21:20:16.440 > [BENCH] IDLE | t_inference_us=0 | heap=0.3kB/105.8kB (min=105.5kB, biggest=105.5kB) | arena=0.9kB | V_bus=4.924V I_bus=58.4mA P_bus=287.8mW E_total_accum=104.181mWh
21:20:18.470 > [BENCH] IDLE | t_inference_us=0 | heap=0.3kB/105.8kB (min=105.5kB, biggest=105.5kB) | arena=0.9kB | V_bus=4.932V I_bus=58.3mA P_bus=287.1mW E_total_accum=104.341mWh
21:20:20.487 > [BENCH] IDLE | t_inference_us=0 | heap=0.3kB/105.8kB (min=105.5kB, biggest=105.5kB) | arena=0.9kB | V_bus=4.920V I_bus=58.2mA P_bus=286.7mW E_total_accum=104.502mWh
21:20:22.517 > [BENCH] IDLE | t_inference_us=0 | heap=0.3kB/105.8kB (min=105.5kB, biggest=105.5kB) | arena=0.9kB | V_bus=4.936V I_bus=58.4mA P_bus=287.5mW E_total_accum=104.663mWh
21:20:24.534 > [BENCH] IDLE | t_inference_us=0 | heap=0.3kB/105.8kB (min=105.5kB, biggest=105.5kB) | arena=0.9kB | V_bus=4.928V I_bus=58.6mA P_bus=288.9mW E_total_accum=104.825mWh
21:20:26.551 > [BENCH] IDLE | t_inference_us=0 | heap=0.3kB/105.8kB (min=105.5kB, biggest=105.5kB) | arena=0.9kB | V_bus=4.916V I_bus=58.4mA P_bus=287.5mW E_total_accum=104.987mWh
21:20:28.543 > 
21:20:28.543 > [EVENT] type=HOUR  Tin=29.10 Hin=72.10 Tout=29.60 Hout=73.50
21:20:28.543 > [infer] warmup: window 21/24 - (Invoke NOT executed)
21:20:28.847 > [SENSORS] Health IN ok=621 err=0 reinit=0 pwr=0 | OUT ok=622 err=0 reinit=0 pwr=0
21:20:30.053 > [BENCH] IDLE | t_inference_us=0 | heap=0.3kB/105.8kB (min=105.5kB, biggest=105.5kB) | arena=0.9kB | V_bus=4.924V I_bus=58.8mA P_bus=289.7mW E_total_accum=105.266mWh
21:20:32.069 > [BENCH] IDLE | t_inference_us=0 | heap=0.3kB/105.8kB (min=105.5kB, biggest=105.5kB) | arena=0.9kB | V_bus=4.924V I_bus=58.3mA P_bus=287.0mW E_total_accum=105.427mWh
21:20:34.105 > [BENCH] IDLE | t_inference_us=0 | heap=0.3kB/105.8kB (min=105.5kB, biggest=105.5kB) | arena=0.9kB | V_bus=4.920V I_bus=58.7mA P_bus=289.1mW E_total_accum=105.589mWh
21:20:36.131 > [BENCH] IDLE | t_inference_us=0 | heap=0.3kB/105.8kB (min=105.5kB, biggest=105.5kB) | arena=0.9kB | V_bus=4.936V I_bus=58.8mA P_bus=289.5mW E_total_accum=105.752mWh
21:20:38.151 > [BENCH] IDLE | t_inference_us=0 | heap=0.3kB/105.8kB (min=105.5kB, biggest=105.5kB) | arena=0.9kB | V_bus=4.916V I_bus=58.7mA P_bus=288.8mW E_total_accum=105.914mWh
21:20:40.173 > [BENCH] IDLE | t_inference_us=0 | heap=0.3kB/105.8kB (min=105.5kB, biggest=105.5kB) | arena=0.9kB | V_bus=4.932V I_bus=58.6mA P_bus=288.8mW E_total_accum=106.076mWh
21:20:42.183 > [BENCH] IDLE | t_inference_us=0 | heap=0.3kB/105.8kB (min=105.5kB, biggest=105.5kB) | arena=0.9kB | V_bus=4.932V I_bus=58.8mA P_bus=289.7mW E_total_accum=106.238mWh
21:20:44.202 > [BENCH] IDLE | t_inference_us=0 | heap=0.3kB/105.8kB (min=105.5kB, biggest=105.5kB) | arena=0.9kB | V_bus=4.924V I_bus=58.3mA P_bus=287.2mW E_total_accum=106.399mWh
21:20:46.242 > [BENCH] IDLE | t_inference_us=0 | heap=0.3kB/105.8kB (min=105.5kB, biggest=105.5kB) | arena=0.9kB | V_bus=4.924V I_bus=58.7mA P_bus=288.9mW E_total_accum=106.561mWh
21:20:48.246 > [BENCH] IDLE | t_inference_us=0 | heap=0.3kB/105.8kB (min=105.5kB, biggest=105.5kB) | arena=0.9kB | V_bus=4.920V I_bus=58.7mA P_bus=289.1mW E_total_accum=106.723mWh
21:20:50.280 > [BENCH] IDLE | t_inference_us=0 | heap=0.3kB/105.8kB (min=105.5kB, biggest=105.5kB) | arena=0.9kB | V_bus=4.928V I_bus=58.4mA P_bus=287.5mW E_total_accum=106.884mWh
21:20:52.299 > [BENCH] IDLE | t_inference_us=0 | heap=0.3kB/105.8kB (min=105.5kB, biggest=105.5kB) | arena=0.9kB | V_bus=4.920V I_bus=58.9mA P_bus=290.2mW E_total_accum=107.047mWh
21:20:54.315 > [BENCH] IDLE | t_inference_us=0 | heap=0.3kB/105.8kB (min=105.5kB, biggest=105.5kB) | arena=0.9kB | V_bus=4.928V I_bus=58.4mA P_bus=287.8mW E_total_accum=107.208mWh
21:20:56.344 > [BENCH] IDLE | t_inference_us=0 | heap=0.3kB/105.8kB (min=105.5kB, biggest=105.5kB) | arena=0.9kB | V_bus=4.916V I_bus=58.4mA P_bus=287.7mW E_total_accum=107.370mWh
21:20:58.364 > [BENCH] IDLE | t_inference_us=0 | heap=0.3kB/105.8kB (min=105.5kB, biggest=105.5kB) | arena=0.9kB | V_bus=4.936V I_bus=58.5mA P_bus=288.4mW E_total_accum=107.531mWh
21:21:00.393 > [BENCH] IDLE | t_inference_us=0 | heap=0.3kB/105.8kB (min=105.5kB, biggest=105.5kB) | arena=0.9kB | V_bus=4.940V I_bus=59.1mA P_bus=291.4mW E_total_accum=107.695mWh
21:21:02.412 > [BENCH] IDLE | t_inference_us=0 | heap=0.3kB/105.8kB (min=105.5kB, biggest=105.5kB) | arena=0.9kB | V_bus=4.920V I_bus=58.8mA P_bus=289.8mW E_total_accum=107.857mWh
21:21:04.429 > [BENCH] IDLE | t_inference_us=0 | heap=0.3kB/105.8kB (min=105.5kB, biggest=105.5kB) | arena=0.9kB | V_bus=4.932V I_bus=58.9mA P_bus=290.2mW E_total_accum=108.020mWh
21:21:06.463 > [BENCH] IDLE | t_inference_us=0 | heap=0.3kB/105.8kB (min=105.5kB, biggest=105.5kB) | arena=0.9kB | V_bus=4.920V I_bus=58.7mA P_bus=289.2mW E_total_accum=108.182mWh
21:21:08.475 > [BENCH] IDLE | t_inference_us=0 | heap=0.3kB/105.8kB (min=105.5kB, biggest=105.5kB) | arena=0.9kB | V_bus=4.932V I_bus=58.4mA P_bus=287.5mW E_total_accum=108.343mWh
21:21:10.509 > [BENCH] IDLE | t_inference_us=0 | heap=0.3kB/105.8kB (min=105.5kB, biggest=105.5kB) | arena=0.9kB | V_bus=4.932V I_bus=58.3mA P_bus=287.5mW E_total_accum=108.505mWh
21:21:12.526 > [BENCH] IDLE | t_inference_us=0 | heap=0.3kB/105.8kB (min=105.5kB, biggest=105.5kB) | arena=0.9kB | V_bus=4.928V I_bus=58.7mA P_bus=289.2mW E_total_accum=108.667mWh
21:21:14.561 > [BENCH] IDLE | t_inference_us=0 | heap=0.3kB/105.8kB (min=105.5kB, biggest=105.5kB) | arena=0.9kB | V_bus=4.924V I_bus=58.3mA P_bus=287.1mW E_total_accum=108.828mWh
21:21:16.583 > [BENCH] IDLE | t_inference_us=0 | heap=0.3kB/105.8kB (min=105.5kB, biggest=105.5kB) | arena=0.9kB | V_bus=4.924V I_bus=58.3mA P_bus=287.2mW E_total_accum=108.989mWh
21:21:18.606 > [BENCH] IDLE | t_inference_us=0 | heap=0.3kB/105.8kB (min=105.5kB, biggest=105.5kB) | arena=0.9kB | V_bus=4.932V I_bus=58.3mA P_bus=287.3mW E_total_accum=109.150mWh
21:21:20.622 > [BENCH] IDLE | t_inference_us=0 | heap=0.3kB/105.8kB (min=105.5kB, biggest=105.5kB) | arena=0.9kB | V_bus=4.924V I_bus=57.9mA P_bus=285.4mW E_total_accum=109.310mWh
21:21:22.639 > [BENCH] IDLE | t_inference_us=0 | heap=0.3kB/105.8kB (min=105.5kB, biggest=105.5kB) | arena=0.9kB | V_bus=4.920V I_bus=58.2mA P_bus=286.5mW E_total_accum=109.470mWh
21:21:24.674 > [BENCH] IDLE | t_inference_us=0 | heap=0.3kB/105.8kB (min=105.5kB, biggest=105.5kB) | arena=0.9kB | V_bus=4.932V I_bus=58.3mA P_bus=287.5mW E_total_accum=109.632mWh
21:21:26.695 > [BENCH] IDLE | t_inference_us=0 | heap=0.3kB/105.8kB (min=105.5kB, biggest=105.5kB) | arena=0.9kB | V_bus=4.920V I_bus=58.8mA P_bus=289.8mW E_total_accum=109.794mWh
21:21:28.672 > 
21:21:28.672 > [EVENT] type=HOUR  Tin=29.20 Hin=72.70 Tout=29.50 Hout=73.90
21:21:28.672 > [infer] warmup: window 22/24 - (Invoke NOT executed)
21:21:28.970 > [SENSORS] Health IN ok=650 err=0 reinit=0 pwr=0 | OUT ok=650 err=0 reinit=0 pwr=0
21:21:30.187 > [BENCH] IDLE | t_inference_us=0 | heap=0.3kB/105.8kB (min=105.5kB, biggest=105.5kB) | arena=0.9kB | V_bus=4.944V I_bus=58.3mA P_bus=287.2mW E_total_accum=110.074mWh
21:21:32.206 > [BENCH] IDLE | t_inference_us=0 | heap=0.3kB/105.8kB (min=105.5kB, biggest=105.5kB) | arena=0.9kB | V_bus=4.920V I_bus=58.8mA P_bus=289.9mW E_total_accum=110.237mWh
21:21:34.237 > [BENCH] IDLE | t_inference_us=0 | heap=0.3kB/105.8kB (min=105.5kB, biggest=105.5kB) | arena=0.9kB | V_bus=4.932V I_bus=58.6mA P_bus=289.0mW E_total_accum=110.399mWh
21:21:36.256 > [BENCH] IDLE | t_inference_us=0 | heap=0.3kB/105.8kB (min=105.5kB, biggest=105.5kB) | arena=0.9kB | V_bus=4.916V I_bus=58.7mA P_bus=289.1mW E_total_accum=110.561mWh
21:21:38.273 > [BENCH] IDLE | t_inference_us=0 | heap=0.3kB/105.8kB (min=105.5kB, biggest=105.5kB) | arena=0.9kB | V_bus=4.928V I_bus=58.1mA P_bus=286.2mW E_total_accum=110.721mWh
21:21:40.300 > [BENCH] IDLE | t_inference_us=0 | heap=0.3kB/105.8kB (min=105.5kB, biggest=105.5kB) | arena=0.9kB | V_bus=4.924V I_bus=58.6mA P_bus=288.7mW E_total_accum=110.883mWh
21:21:42.320 > [BENCH] IDLE | t_inference_us=0 | heap=0.3kB/105.8kB (min=105.5kB, biggest=105.5kB) | arena=0.9kB | V_bus=4.932V I_bus=58.5mA P_bus=288.2mW E_total_accum=111.045mWh
21:21:44.336 > [BENCH] IDLE | t_inference_us=0 | heap=0.3kB/105.8kB (min=105.5kB, biggest=105.5kB) | arena=0.9kB | V_bus=4.928V I_bus=58.3mA P_bus=287.2mW E_total_accum=111.206mWh
21:21:46.371 > [BENCH] IDLE | t_inference_us=0 | heap=0.3kB/105.8kB (min=105.5kB, biggest=105.5kB) | arena=0.9kB | V_bus=4.928V I_bus=58.0mA P_bus=285.6mW E_total_accum=111.366mWh
21:21:48.394 > [BENCH] IDLE | t_inference_us=0 | heap=0.3kB/105.8kB (min=105.5kB, biggest=105.5kB) | arena=0.9kB | V_bus=4.932V I_bus=58.4mA P_bus=287.7mW E_total_accum=111.528mWh
21:21:50.425 > [BENCH] IDLE | t_inference_us=0 | heap=0.3kB/105.8kB (min=105.5kB, biggest=105.5kB) | arena=0.9kB | V_bus=4.932V I_bus=58.3mA P_bus=287.6mW E_total_accum=111.689mWh
21:21:52.443 > [BENCH] IDLE | t_inference_us=0 | heap=0.3kB/105.8kB (min=105.5kB, biggest=105.5kB) | arena=0.9kB | V_bus=4.928V I_bus=58.0mA P_bus=285.7mW E_total_accum=111.849mWh
21:21:54.467 > [BENCH] IDLE | t_inference_us=0 | heap=0.3kB/105.8kB (min=105.5kB, biggest=105.5kB) | arena=0.9kB | V_bus=4.916V I_bus=58.1mA P_bus=286.2mW E_total_accum=112.010mWh
21:21:56.483 > [BENCH] IDLE | t_inference_us=0 | heap=0.3kB/105.8kB (min=105.5kB, biggest=105.5kB) | arena=0.9kB | V_bus=4.936V I_bus=58.3mA P_bus=287.2mW E_total_accum=112.171mWh
21:21:58.500 > [BENCH] IDLE | t_inference_us=0 | heap=0.3kB/105.8kB (min=105.5kB, biggest=105.5kB) | arena=0.9kB | V_bus=4.928V I_bus=57.9mA P_bus=285.4mW E_total_accum=112.331mWh
21:22:00.535 > [BENCH] IDLE | t_inference_us=0 | heap=0.3kB/105.8kB (min=105.5kB, biggest=105.5kB) | arena=0.9kB | V_bus=4.920V I_bus=57.9mA P_bus=285.5mW E_total_accum=112.491mWh
21:22:02.548 > [BENCH] IDLE | t_inference_us=0 | heap=0.3kB/105.8kB (min=105.5kB, biggest=105.5kB) | arena=0.9kB | V_bus=4.932V I_bus=58.1mA P_bus=286.2mW E_total_accum=112.651mWh
21:22:04.581 > [BENCH] IDLE | t_inference_us=0 | heap=0.3kB/105.8kB (min=105.5kB, biggest=105.5kB) | arena=0.9kB | V_bus=4.936V I_bus=58.2mA P_bus=286.7mW E_total_accum=112.812mWh
21:22:06.601 > [BENCH] IDLE | t_inference_us=0 | heap=0.3kB/105.8kB (min=105.5kB, biggest=105.5kB) | arena=0.9kB | V_bus=4.924V I_bus=58.2mA P_bus=287.0mW E_total_accum=112.973mWh
21:22:08.615 > [BENCH] IDLE | t_inference_us=0 | heap=0.3kB/105.8kB (min=105.5kB, biggest=105.5kB) | arena=0.9kB | V_bus=4.924V I_bus=57.9mA P_bus=285.2mW E_total_accum=113.133mWh
21:22:10.643 > [BENCH] IDLE | t_inference_us=0 | heap=0.3kB/105.8kB (min=105.5kB, biggest=105.5kB) | arena=0.9kB | V_bus=4.932V I_bus=58.1mA P_bus=286.4mW E_total_accum=113.293mWh
21:22:12.664 > [BENCH] IDLE | t_inference_us=0 | heap=0.3kB/105.8kB (min=105.5kB, biggest=105.5kB) | arena=0.9kB | V_bus=4.928V I_bus=57.8mA P_bus=284.7mW E_total_accum=113.453mWh
21:22:14.681 > [BENCH] IDLE | t_inference_us=0 | heap=0.3kB/105.8kB (min=105.5kB, biggest=105.5kB) | arena=0.9kB | V_bus=4.920V I_bus=57.8mA P_bus=284.9mW E_total_accum=113.613mWh
21:22:16.712 > [BENCH] IDLE | t_inference_us=0 | heap=0.3kB/105.8kB (min=105.5kB, biggest=105.5kB) | arena=0.9kB | V_bus=4.932V I_bus=58.1mA P_bus=286.1mW E_total_accum=113.773mWh
21:22:18.729 > [BENCH] IDLE | t_inference_us=0 | heap=0.3kB/105.8kB (min=105.5kB, biggest=105.5kB) | arena=0.9kB | V_bus=4.936V I_bus=58.3mA P_bus=287.3mW E_total_accum=113.934mWh
21:22:20.748 > [BENCH] IDLE | t_inference_us=0 | heap=0.3kB/105.8kB (min=105.5kB, biggest=105.5kB) | arena=0.9kB | V_bus=4.920V I_bus=58.4mA P_bus=287.6mW E_total_accum=114.095mWh
21:22:22.780 > [BENCH] IDLE | t_inference_us=0 | heap=0.3kB/105.8kB (min=105.5kB, biggest=105.5kB) | arena=0.9kB | V_bus=4.924V I_bus=58.0mA P_bus=285.7mW E_total_accum=114.256mWh
21:22:24.793 > [BENCH] IDLE | t_inference_us=0 | heap=0.3kB/105.8kB (min=105.5kB, biggest=105.5kB) | arena=0.9kB | V_bus=4.932V I_bus=58.2mA P_bus=286.7mW E_total_accum=114.416mWh
21:22:26.821 > [BENCH] IDLE | t_inference_us=0 | heap=0.3kB/105.8kB (min=105.5kB, biggest=105.5kB) | arena=0.9kB | V_bus=4.928V I_bus=58.3mA P_bus=287.5mW E_total_accum=114.577mWh
21:22:28.763 > 
21:22:28.763 > [EVENT] type=HOUR  Tin=29.20 Hin=72.04 Tout=29.50 Hout=74.10
21:22:28.763 > [infer] warmup: window 23/24 - (Invoke NOT executed)
21:22:29.096 > [SENSORS] Health IN ok=678 err=0 reinit=0 pwr=0 | OUT ok=678 err=0 reinit=0 pwr=0
21:22:30.280 > [BENCH] IDLE | t_inference_us=0 | heap=0.3kB/105.8kB (min=105.5kB, biggest=105.5kB) | arena=0.9kB | V_bus=4.916V I_bus=58.5mA P_bus=288.4mW E_total_accum=114.855mWh
21:22:32.302 > [BENCH] IDLE | t_inference_us=0 | heap=0.3kB/105.8kB (min=105.5kB, biggest=105.5kB) | arena=0.9kB | V_bus=4.928V I_bus=58.3mA P_bus=287.0mW E_total_accum=115.016mWh
21:22:34.325 > [BENCH] IDLE | t_inference_us=0 | heap=0.3kB/105.8kB (min=105.5kB, biggest=105.5kB) | arena=0.9kB | V_bus=4.932V I_bus=58.3mA P_bus=287.4mW E_total_accum=115.177mWh
21:22:36.343 > [BENCH] IDLE | t_inference_us=0 | heap=0.3kB/105.8kB (min=105.5kB, biggest=105.5kB) | arena=0.9kB | V_bus=4.924V I_bus=58.1mA P_bus=286.4mW E_total_accum=115.338mWh
21:22:38.358 > [BENCH] IDLE | t_inference_us=0 | heap=0.3kB/105.8kB (min=105.5kB, biggest=105.5kB) | arena=0.9kB | V_bus=4.920V I_bus=58.1mA P_bus=286.0mW E_total_accum=115.498mWh
21:22:40.378 > [BENCH] IDLE | t_inference_us=0 | heap=0.3kB/105.8kB (min=105.5kB, biggest=105.5kB) | arena=0.9kB | V_bus=4.932V I_bus=58.1mA P_bus=286.3mW E_total_accum=115.658mWh
21:22:42.411 > [BENCH] IDLE | t_inference_us=0 | heap=0.3kB/105.8kB (min=105.5kB, biggest=105.5kB) | arena=0.9kB | V_bus=4.936V I_bus=58.1mA P_bus=286.2mW E_total_accum=115.819mWh
21:22:44.424 > [BENCH] IDLE | t_inference_us=0 | heap=0.3kB/105.8kB (min=105.5kB, biggest=105.5kB) | arena=0.9kB | V_bus=4.924V I_bus=58.1mA P_bus=286.2mW E_total_accum=115.979mWh
21:22:46.455 > [BENCH] IDLE | t_inference_us=0 | heap=0.3kB/105.8kB (min=105.5kB, biggest=105.5kB) | arena=0.9kB | V_bus=4.920V I_bus=58.3mA P_bus=287.0mW E_total_accum=116.140mWh
21:22:48.474 > [BENCH] IDLE | t_inference_us=0 | heap=0.3kB/105.8kB (min=105.5kB, biggest=105.5kB) | arena=0.9kB | V_bus=4.932V I_bus=58.3mA P_bus=287.4mW E_total_accum=116.301mWh
21:22:50.492 > [BENCH] IDLE | t_inference_us=0 | heap=0.3kB/105.8kB (min=105.5kB, biggest=105.5kB) | arena=0.9kB | V_bus=4.928V I_bus=58.6mA P_bus=288.8mW E_total_accum=116.464mWh
21:22:52.528 > [BENCH] IDLE | t_inference_us=0 | heap=0.3kB/105.8kB (min=105.5kB, biggest=105.5kB) | arena=0.9kB | V_bus=4.912V I_bus=58.6mA P_bus=288.8mW E_total_accum=116.625mWh
21:22:54.553 > [BENCH] IDLE | t_inference_us=0 | heap=0.3kB/105.8kB (min=105.5kB, biggest=105.5kB) | arena=0.9kB | V_bus=4.928V I_bus=58.2mA P_bus=286.4mW E_total_accum=116.786mWh
21:22:56.572 > [BENCH] IDLE | t_inference_us=0 | heap=0.3kB/105.8kB (min=105.5kB, biggest=105.5kB) | arena=0.9kB | V_bus=4.932V I_bus=58.4mA P_bus=287.7mW E_total_accum=116.947mWh
21:22:58.590 > [BENCH] IDLE | t_inference_us=0 | heap=0.3kB/105.8kB (min=105.5kB, biggest=105.5kB) | arena=0.9kB | V_bus=4.928V I_bus=58.7mA P_bus=289.1mW E_total_accum=117.110mWh
21:23:00.606 > [BENCH] IDLE | t_inference_us=0 | heap=0.3kB/105.8kB (min=105.5kB, biggest=105.5kB) | arena=0.9kB | V_bus=4.928V I_bus=58.2mA P_bus=286.6mW E_total_accum=117.270mWh
21:23:02.642 > [BENCH] IDLE | t_inference_us=0 | heap=0.3kB/105.8kB (min=105.5kB, biggest=105.5kB) | arena=0.9kB | V_bus=4.928V I_bus=58.2mA P_bus=286.5mW E_total_accum=117.431mWh
21:23:04.656 > [BENCH] IDLE | t_inference_us=0 | heap=0.3kB/105.8kB (min=105.5kB, biggest=105.5kB) | arena=0.9kB | V_bus=4.932V I_bus=58.4mA P_bus=287.9mW E_total_accum=117.593mWh
21:23:06.684 > [BENCH] IDLE | t_inference_us=0 | heap=0.3kB/105.8kB (min=105.5kB, biggest=105.5kB) | arena=0.9kB | V_bus=4.960V I_bus=58.2mA P_bus=287.2mW E_total_accum=117.754mWh
21:23:08.702 > [BENCH] IDLE | t_inference_us=0 | heap=0.3kB/105.8kB (min=105.5kB, biggest=105.5kB) | arena=0.9kB | V_bus=4.924V I_bus=58.2mA P_bus=287.1mW E_total_accum=117.914mWh
21:23:10.719 > [BENCH] IDLE | t_inference_us=0 | heap=0.3kB/105.8kB (min=105.5kB, biggest=105.5kB) | arena=0.9kB | V_bus=4.924V I_bus=58.6mA P_bus=289.1mW E_total_accum=118.076mWh
21:23:12.752 > [BENCH] IDLE | t_inference_us=0 | heap=0.3kB/105.8kB (min=105.5kB, biggest=105.5kB) | arena=0.9kB | V_bus=4.928V I_bus=58.3mA P_bus=287.4mW E_total_accum=118.238mWh
21:23:14.771 > [BENCH] IDLE | t_inference_us=0 | heap=0.3kB/105.8kB (min=105.5kB, biggest=105.5kB) | arena=0.9kB | V_bus=4.928V I_bus=58.1mA P_bus=286.3mW E_total_accum=118.398mWh
21:23:16.787 > [BENCH] IDLE | t_inference_us=0 | heap=0.3kB/105.8kB (min=105.5kB, biggest=105.5kB) | arena=0.9kB | V_bus=4.924V I_bus=58.6mA P_bus=288.7mW E_total_accum=118.560mWh
21:23:18.818 > [BENCH] IDLE | t_inference_us=0 | heap=0.3kB/105.8kB (min=105.5kB, biggest=105.5kB) | arena=0.9kB | V_bus=4.936V I_bus=58.6mA P_bus=289.0mW E_total_accum=118.722mWh
21:23:20.837 > [BENCH] IDLE | t_inference_us=0 | heap=0.3kB/105.8kB (min=105.5kB, biggest=105.5kB) | arena=0.9kB | V_bus=4.924V I_bus=58.3mA P_bus=287.4mW E_total_accum=118.883mWh
21:23:22.851 > [BENCH] IDLE | t_inference_us=0 | heap=0.3kB/105.8kB (min=105.5kB, biggest=105.5kB) | arena=0.9kB | V_bus=4.924V I_bus=58.7mA P_bus=289.3mW E_total_accum=119.045mWh
21:23:24.882 > [BENCH] IDLE | t_inference_us=0 | heap=0.3kB/105.8kB (min=105.5kB, biggest=105.5kB) | arena=0.9kB | V_bus=4.928V I_bus=58.4mA P_bus=287.8mW E_total_accum=119.207mWh
21:23:26.902 > [BENCH] IDLE | t_inference_us=0 | heap=0.3kB/105.8kB (min=105.5kB, biggest=105.5kB) | arena=0.9kB | V_bus=4.920V I_bus=58.3mA P_bus=287.2mW E_total_accum=119.368mWh
21:23:28.882 > 
21:23:28.882 > [EVENT] type=HOUR  Tin=28.80 Hin=70.81 Tout=29.50 Hout=74.20
21:23:28.882 > [infer] REAL - Invoke executed (model ran)
21:23:28.899 > 
21:23:28.899 > [PWR] infer | E_inference_window(ΔE_total)=0.198µWh (E0=119.528679mWh E1=119.528877mWh) | E_inference_pipeline(ΔE_total)=0.496µWh (E0=119.528496mWh E1=119.528992mWh) | t_inference=1.037ms | t_inference_pipeline=6.059ms | E_total_accum=119.529mWh
21:23:28.922 > [BENCH] INFER_HOURLY | t_inference_us=1037 | heap=0.3kB/105.9kB (min=103.3kB, biggest=105.6kB) | arena=0.9kB | V_bus=4.884V I_bus=59.1mA P_bus=291.0mW E_total_accum=119.529mWh
21:23:28.937 > [HOUR] Tin=28.80 Hin=70.81 | Tp=29.03 Hp=71.88
21:23:28.946 > [HOUR] SAMPLES | N_ALL=1 N_T=1 N_H=1
21:23:28.946 > [HOUR] METRICS | MAE=nan RMSE=nan R2=NA | MAE_T=nan RMSE_T=nan R2_T=NA | MAE_H=nan RMSE_H=nan R2_H=NA
21:23:29.233 > [SENSORS] Health IN ok=706 err=0 reinit=0 pwr=0 | OUT ok=706 err=0 reinit=0 pwr=0
21:23:30.966 > [BENCH] IDLE | t_inference_us=0 | heap=0.3kB/105.8kB (min=103.3kB, biggest=105.5kB) | arena=0.9kB | V_bus=4.928V I_bus=58.8mA P_bus=289.3mW E_total_accum=119.695mWh
21:23:32.983 > [BENCH] IDLE | t_inference_us=0 | heap=0.3kB/105.8kB (min=103.3kB, biggest=105.5kB) | arena=0.9kB | V_bus=4.928V I_bus=58.7mA P_bus=289.1mW E_total_accum=119.857mWh
21:23:35.016 > [BENCH] IDLE | t_inference_us=0 | heap=0.3kB/105.8kB (min=103.3kB, biggest=105.5kB) | arena=0.9kB | V_bus=4.932V I_bus=58.6mA P_bus=288.9mW E_total_accum=120.019mWh
21:23:37.032 > [BENCH] IDLE | t_inference_us=0 | heap=0.3kB/105.8kB (min=103.3kB, biggest=105.5kB) | arena=0.9kB | V_bus=4.920V I_bus=58.2mA P_bus=286.5mW E_total_accum=120.180mWh
21:23:39.061 > [BENCH] IDLE | t_inference_us=0 | heap=0.3kB/105.8kB (min=103.3kB, biggest=105.5kB) | arena=0.9kB | V_bus=4.932V I_bus=58.3mA P_bus=287.4mW E_total_accum=120.341mWh
21:23:41.080 > [BENCH] IDLE | t_inference_us=0 | heap=0.3kB/105.8kB (min=103.3kB, biggest=105.5kB) | arena=0.9kB | V_bus=4.920V I_bus=58.8mA P_bus=289.5mW E_total_accum=120.503mWh
21:23:43.095 > [BENCH] IDLE | t_inference_us=0 | heap=0.3kB/105.8kB (min=103.3kB, biggest=105.5kB) | arena=0.9kB | V_bus=4.928V I_bus=58.2mA P_bus=286.9mW E_total_accum=120.664mWh
21:23:45.129 > [BENCH] IDLE | t_inference_us=0 | heap=0.3kB/105.8kB (min=103.3kB, biggest=105.5kB) | arena=0.9kB | V_bus=4.924V I_bus=58.8mA P_bus=289.5mW E_total_accum=120.827mWh
21:23:47.146 > [BENCH] IDLE | t_inference_us=0 | heap=0.3kB/105.8kB (min=103.3kB, biggest=105.5kB) | arena=0.9kB | V_bus=4.936V I_bus=58.7mA P_bus=289.2mW E_total_accum=120.989mWh
21:23:49.164 > [BENCH] IDLE | t_inference_us=0 | heap=0.3kB/105.8kB (min=103.3kB, biggest=105.5kB) | arena=0.9kB | V_bus=4.928V I_bus=58.4mA P_bus=287.7mW E_total_accum=121.150mWh
21:23:51.193 > [BENCH] IDLE | t_inference_us=0 | heap=0.3kB/105.8kB (min=103.3kB, biggest=105.5kB) | arena=0.9kB | V_bus=4.928V I_bus=58.5mA P_bus=288.3mW E_total_accum=121.312mWh
21:23:53.208 > [BENCH] IDLE | t_inference_us=0 | heap=0.3kB/105.8kB (min=103.3kB, biggest=105.5kB) | arena=0.9kB | V_bus=4.928V I_bus=58.2mA P_bus=286.6mW E_total_accum=121.472mWh
21:23:55.232 > [BENCH] IDLE | t_inference_us=0 | heap=0.3kB/105.8kB (min=103.3kB, biggest=105.5kB) | arena=0.9kB | V_bus=4.920V I_bus=58.4mA P_bus=287.5mW E_total_accum=121.634mWh
21:23:57.260 > [BENCH] IDLE | t_inference_us=0 | heap=0.3kB/105.8kB (min=103.3kB, biggest=105.5kB) | arena=0.9kB | V_bus=4.932V I_bus=58.5mA P_bus=288.2mW E_total_accum=121.795mWh
21:23:59.287 > [BENCH] IDLE | t_inference_us=0 | heap=0.3kB/105.8kB (min=103.3kB, biggest=105.5kB) | arena=0.9kB | V_bus=4.924V I_bus=58.3mA P_bus=287.4mW E_total_accum=121.956mWh
21:24:01.311 > [BENCH] IDLE | t_inference_us=0 | heap=0.3kB/105.8kB (min=103.3kB, biggest=105.5kB) | arena=0.9kB | V_bus=4.924V I_bus=58.1mA P_bus=286.3mW E_total_accum=122.117mWh
21:24:03.323 > [BENCH] IDLE | t_inference_us=0 | heap=0.3kB/105.8kB (min=103.3kB, biggest=105.5kB) | arena=0.9kB | V_bus=4.920V I_bus=58.0mA P_bus=285.7mW E_total_accum=122.277mWh
21:24:05.347 > [BENCH] IDLE | t_inference_us=0 | heap=0.3kB/105.8kB (min=103.3kB, biggest=105.5kB) | arena=0.9kB | V_bus=4.924V I_bus=57.8mA P_bus=284.8mW E_total_accum=122.437mWh
21:24:07.358 > [BENCH] IDLE | t_inference_us=0 | heap=0.3kB/105.8kB (min=103.3kB, biggest=105.5kB) | arena=0.9kB | V_bus=4.932V I_bus=58.1mA P_bus=286.0mW E_total_accum=122.597mWh
21:24:09.393 > [BENCH] IDLE | t_inference_us=0 | heap=0.3kB/105.8kB (min=103.3kB, biggest=105.5kB) | arena=0.9kB | V_bus=4.920V I_bus=57.8mA P_bus=284.5mW E_total_accum=122.756mWh
21:24:11.410 > [BENCH] IDLE | t_inference_us=0 | heap=0.3kB/105.8kB (min=103.3kB, biggest=105.5kB) | arena=0.9kB | V_bus=4.932V I_bus=57.9mA P_bus=285.3mW E_total_accum=122.917mWh
21:24:13.440 > [BENCH] IDLE | t_inference_us=0 | heap=0.3kB/105.8kB (min=103.3kB, biggest=105.5kB) | arena=0.9kB | V_bus=4.916V I_bus=58.1mA P_bus=286.2mW E_total_accum=123.077mWh
21:24:15.457 > [BENCH] IDLE | t_inference_us=0 | heap=0.3kB/105.8kB (min=103.3kB, biggest=105.5kB) | arena=0.9kB | V_bus=4.928V I_bus=57.9mA P_bus=285.2mW E_total_accum=123.237mWh
21:24:17.475 > [BENCH] IDLE | t_inference_us=0 | heap=0.3kB/105.8kB (min=103.3kB, biggest=105.5kB) | arena=0.9kB | V_bus=4.936V I_bus=58.2mA P_bus=286.7mW E_total_accum=123.398mWh
21:24:19.505 > [BENCH] IDLE | t_inference_us=0 | heap=0.3kB/105.8kB (min=103.3kB, biggest=105.5kB) | arena=0.9kB | V_bus=4.920V I_bus=58.0mA P_bus=285.8mW E_total_accum=123.558mWh
21:24:21.524 > [BENCH] IDLE | t_inference_us=0 | heap=0.3kB/105.8kB (min=103.3kB, biggest=105.5kB) | arena=0.9kB | V_bus=4.932V I_bus=58.2mA P_bus=286.7mW E_total_accum=123.719mWh
21:24:23.555 > [BENCH] IDLE | t_inference_us=0 | heap=0.3kB/105.8kB (min=103.3kB, biggest=105.5kB) | arena=0.9kB | V_bus=4.916V I_bus=58.4mA P_bus=287.5mW E_total_accum=123.880mWh
21:24:25.569 > [BENCH] IDLE | t_inference_us=0 | heap=0.3kB/105.8kB (min=103.3kB, biggest=105.5kB) | arena=0.9kB | V_bus=4.928V I_bus=58.2mA P_bus=286.6mW E_total_accum=124.041mWh
21:24:27.605 > [BENCH] IDLE | t_inference_us=0 | heap=0.3kB/105.8kB (min=103.3kB, biggest=105.5kB) | arena=0.9kB | V_bus=4.924V I_bus=58.6mA P_bus=288.5mW E_total_accum=124.203mWh
21:24:29.022 > 
21:24:29.022 > [EVENT] type=HOUR  Tin=27.70 Hin=71.10 Tout=29.50 Hout=74.40
21:24:29.028 > [infer] REAL - Invoke executed (model ran)
21:24:29.031 > 
21:24:29.032 > [PWR] infer | E_inference_window(ΔE_total)=0.198µWh (E0=124.318169mWh E1=124.318367mWh) | E_inference_pipeline(ΔE_total)=0.504µWh (E0=124.317978mWh E1=124.318481mWh) | t_inference=1.039ms | t_inference_pipeline=6.062ms | E_total_accum=124.318mWh
21:24:29.054 > [BENCH] INFER_HOURLY | t_inference_us=1039 | heap=0.3kB/105.9kB (min=103.3kB, biggest=105.6kB) | arena=0.9kB | V_bus=4.900V I_bus=60.2mA P_bus=296.0mW E_total_accum=124.318mWh
21:24:29.069 > [HOUR] Tin=27.70 Hin=71.10 | Tp=28.63 Hp=70.65
21:24:29.073 > [HOUR] SAMPLES | N_ALL=2 N_T=2 N_H=2
21:24:29.076 > [HOUR] METRICS | MAE=nan RMSE=nan R2=NA | MAE_T=nan RMSE_T=nan R2_T=NA | MAE_H=nan RMSE_H=nan R2_H=NA
21:24:29.354 > [SENSORS] Health IN ok=734 err=0 reinit=0 pwr=0 | OUT ok=735 err=0 reinit=0 pwr=0
21:24:31.089 > [BENCH] IDLE | t_inference_us=0 | heap=0.3kB/105.8kB (min=103.3kB, biggest=105.5kB) | arena=0.9kB | V_bus=4.936V I_bus=59.8mA P_bus=294.3mW E_total_accum=124.487mWh
21:24:33.106 > [BENCH] IDLE | t_inference_us=0 | heap=0.3kB/105.8kB (min=103.3kB, biggest=105.5kB) | arena=0.9kB | V_bus=4.928V I_bus=59.3mA P_bus=291.5mW E_total_accum=124.650mWh
21:24:35.138 > [BENCH] IDLE | t_inference_us=0 | heap=0.3kB/105.8kB (min=103.3kB, biggest=105.5kB) | arena=0.9kB | V_bus=4.924V I_bus=59.7mA P_bus=293.6mW E_total_accum=124.815mWh
21:24:37.160 > [BENCH] IDLE | t_inference_us=0 | heap=0.3kB/105.8kB (min=103.3kB, biggest=105.5kB) | arena=0.9kB | V_bus=4.928V I_bus=58.8mA P_bus=289.7mW E_total_accum=124.978mWh
21:24:39.186 > [BENCH] IDLE | t_inference_us=0 | heap=0.3kB/105.8kB (min=103.3kB, biggest=105.5kB) | arena=0.9kB | V_bus=4.924V I_bus=59.2mA P_bus=291.2mW E_total_accum=125.141mWh
21:24:41.205 > [BENCH] IDLE | t_inference_us=0 | heap=0.3kB/105.8kB (min=103.3kB, biggest=105.5kB) | arena=0.9kB | V_bus=4.924V I_bus=58.5mA P_bus=287.9mW E_total_accum=125.302mWh
21:24:43.230 > [BENCH] IDLE | t_inference_us=0 | heap=0.3kB/105.8kB (min=103.3kB, biggest=105.5kB) | arena=0.9kB | V_bus=4.928V I_bus=58.8mA P_bus=289.4mW E_total_accum=125.465mWh
21:24:45.250 > [BENCH] IDLE | t_inference_us=0 | heap=0.3kB/105.8kB (min=103.3kB, biggest=105.5kB) | arena=0.9kB | V_bus=4.920V I_bus=58.2mA P_bus=286.4mW E_total_accum=125.625mWh
21:24:47.274 > [BENCH] IDLE | t_inference_us=0 | heap=0.3kB/105.8kB (min=103.3kB, biggest=105.5kB) | arena=0.9kB | V_bus=4.936V I_bus=58.2mA P_bus=286.7mW E_total_accum=125.786mWh
21:24:49.299 > [BENCH] IDLE | t_inference_us=0 | heap=0.3kB/105.8kB (min=103.3kB, biggest=105.5kB) | arena=0.9kB | V_bus=4.920V I_bus=57.7mA P_bus=284.4mW E_total_accum=125.946mWh
21:24:51.318 > [BENCH] IDLE | t_inference_us=0 | heap=0.3kB/105.8kB (min=103.3kB, biggest=105.5kB) | arena=0.9kB | V_bus=4.936V I_bus=58.0mA P_bus=285.7mW E_total_accum=126.106mWh
21:24:53.336 > [BENCH] IDLE | t_inference_us=0 | heap=0.3kB/105.8kB (min=103.3kB, biggest=105.5kB) | arena=0.9kB | V_bus=4.920V I_bus=57.9mA P_bus=285.3mW E_total_accum=126.266mWh
21:24:55.367 > [BENCH] IDLE | t_inference_us=0 | heap=0.3kB/105.8kB (min=103.3kB, biggest=105.5kB) | arena=0.9kB | V_bus=4.932V I_bus=57.9mA P_bus=285.4mW E_total_accum=126.426mWh
21:24:57.380 > [BENCH] IDLE | t_inference_us=0 | heap=0.3kB/105.8kB (min=103.3kB, biggest=105.5kB) | arena=0.9kB | V_bus=4.928V I_bus=57.9mA P_bus=285.3mW E_total_accum=126.586mWh
21:24:59.400 > [BENCH] IDLE | t_inference_us=0 | heap=0.3kB/105.8kB (min=103.3kB, biggest=105.5kB) | arena=0.9kB | V_bus=4.928V I_bus=57.6mA P_bus=283.8mW E_total_accum=126.745mWh
21:25:01.416 > [BENCH] IDLE | t_inference_us=0 | heap=0.3kB/105.8kB (min=103.3kB, biggest=105.5kB) | arena=0.9kB | V_bus=4.924V I_bus=58.2mA P_bus=286.7mW E_total_accum=126.905mWh
21:25:03.455 > [BENCH] IDLE | t_inference_us=0 | heap=0.3kB/105.8kB (min=103.3kB, biggest=105.5kB) | arena=0.9kB | V_bus=4.928V I_bus=57.8mA P_bus=284.6mW E_total_accum=127.065mWh
21:25:05.477 > [BENCH] IDLE | t_inference_us=0 | heap=0.3kB/105.8kB (min=103.3kB, biggest=105.5kB) | arena=0.9kB | V_bus=4.924V I_bus=58.3mA P_bus=287.2mW E_total_accum=127.226mWh
21:25:07.499 > [BENCH] IDLE | t_inference_us=0 | heap=0.3kB/105.8kB (min=103.3kB, biggest=105.5kB) | arena=0.9kB | V_bus=4.924V I_bus=57.9mA P_bus=285.3mW E_total_accum=127.386mWh
21:25:09.513 > [BENCH] IDLE | t_inference_us=0 | heap=0.3kB/105.8kB (min=103.3kB, biggest=105.5kB) | arena=0.9kB | V_bus=4.932V I_bus=58.0mA P_bus=285.8mW E_total_accum=127.546mWh
21:25:11.531 > [BENCH] IDLE | t_inference_us=0 | heap=0.3kB/105.8kB (min=103.3kB, biggest=105.5kB) | arena=0.9kB | V_bus=4.924V I_bus=58.3mA P_bus=287.1mW E_total_accum=127.707mWh
21:25:13.563 > [BENCH] IDLE | t_inference_us=0 | heap=0.3kB/105.8kB (min=103.3kB, biggest=105.5kB) | arena=0.9kB | V_bus=4.928V I_bus=57.8mA P_bus=284.6mW E_total_accum=127.867mWh
21:25:15.580 > [BENCH] IDLE | t_inference_us=0 | heap=0.3kB/105.8kB (min=103.3kB, biggest=105.5kB) | arena=0.9kB | V_bus=4.932V I_bus=58.0mA P_bus=286.0mW E_total_accum=128.027mWh
21:25:17.606 > [BENCH] IDLE | t_inference_us=0 | heap=0.3kB/105.8kB (min=103.3kB, biggest=105.5kB) | arena=0.9kB | V_bus=4.928V I_bus=57.8mA P_bus=284.8mW E_total_accum=128.187mWh
21:25:19.629 > [BENCH] IDLE | t_inference_us=0 | heap=0.3kB/105.8kB (min=103.3kB, biggest=105.5kB) | arena=0.9kB | V_bus=4.932V I_bus=57.6mA P_bus=283.7mW E_total_accum=128.346mWh
21:25:21.660 > [BENCH] IDLE | t_inference_us=0 | heap=0.3kB/105.8kB (min=103.3kB, biggest=105.5kB) | arena=0.9kB | V_bus=4.920V I_bus=58.0mA P_bus=285.9mW E_total_accum=128.507mWh
21:25:23.679 > [BENCH] IDLE | t_inference_us=0 | heap=0.3kB/105.8kB (min=103.3kB, biggest=105.5kB) | arena=0.9kB | V_bus=4.928V I_bus=57.7mA P_bus=284.1mW E_total_accum=128.666mWh
21:25:25.694 > [BENCH] IDLE | t_inference_us=0 | heap=0.3kB/105.8kB (min=103.3kB, biggest=105.5kB) | arena=0.9kB | V_bus=4.932V I_bus=58.0mA P_bus=286.0mW E_total_accum=128.826mWh
21:25:27.729 > [BENCH] IDLE | t_inference_us=0 | heap=0.3kB/105.8kB (min=103.3kB, biggest=105.5kB) | arena=0.9kB | V_bus=4.924V I_bus=57.8mA P_bus=284.7mW E_total_accum=128.986mWh
21:25:29.138 > 
21:25:29.138 > [EVENT] type=HOUR  Tin=27.00 Hin=70.90 Tout=29.50 Hout=74.60
21:25:29.138 > [infer] REAL - Invoke executed (model ran)
21:25:29.153 > 
21:25:29.154 > [PWR] infer | E_inference_window(ΔE_total)=0.198µWh (E0=129.100861mWh E1=129.101059mWh) | E_inference_pipeline(ΔE_total)=0.488µWh (E0=129.100677mWh E1=129.101166mWh) | t_inference=1.038ms | t_inference_pipeline=6.066ms | E_total_accum=129.101mWh
21:25:29.176 > [BENCH] INFER_HOURLY | t_inference_us=1038 | heap=0.3kB/105.9kB (min=103.3kB, biggest=105.6kB) | arena=0.9kB | V_bus=4.924V I_bus=60.1mA P_bus=296.0mW E_total_accum=129.101mWh
21:25:29.192 > [HOUR] Tin=27.00 Hin=70.90 | Tp=27.53 Hp=70.94
21:25:29.196 > [HOUR] SAMPLES | N_ALL=3 N_T=3 N_H=3
21:25:29.199 > [HOUR] METRICS | MAE=nan RMSE=nan R2=NA | MAE_T=nan RMSE_T=nan R2_T=NA | MAE_H=nan RMSE_H=nan R2_H=NA
21:25:29.475 > [SENSORS] Health IN ok=763 err=0 reinit=0 pwr=0 | OUT ok=763 err=0 reinit=0 pwr=0
21:25:31.217 > [BENCH] IDLE | t_inference_us=0 | heap=0.3kB/105.8kB (min=103.3kB, biggest=105.5kB) | arena=0.9kB | V_bus=4.928V I_bus=60.1mA P_bus=296.1mW E_total_accum=129.271mWh
21:25:33.241 > [BENCH] IDLE | t_inference_us=0 | heap=0.3kB/105.8kB (min=103.3kB, biggest=105.5kB) | arena=0.9kB | V_bus=4.920V I_bus=59.5mA P_bus=292.9mW E_total_accum=129.435mWh
21:25:35.257 > [BENCH] IDLE | t_inference_us=0 | heap=0.3kB/105.8kB (min=103.3kB, biggest=105.5kB) | arena=0.9kB | V_bus=4.932V I_bus=59.2mA P_bus=291.5mW E_total_accum=129.599mWh
21:25:37.283 > [BENCH] IDLE | t_inference_us=0 | heap=0.3kB/105.8kB (min=103.3kB, biggest=105.5kB) | arena=0.9kB | V_bus=4.924V I_bus=59.6mA P_bus=293.4mW E_total_accum=129.763mWh
21:25:39.309 > [BENCH] IDLE | t_inference_us=0 | heap=0.3kB/105.8kB (min=103.3kB, biggest=105.5kB) | arena=0.9kB | V_bus=4.924V I_bus=58.8mA P_bus=289.7mW E_total_accum=129.925mWh
21:25:41.324 > [BENCH] IDLE | t_inference_us=0 | heap=0.3kB/105.8kB (min=103.3kB, biggest=105.5kB) | arena=0.9kB | V_bus=4.924V I_bus=59.2mA P_bus=291.5mW E_total_accum=130.089mWh
21:25:43.337 > [BENCH] IDLE | t_inference_us=0 | heap=0.3kB/105.8kB (min=103.3kB, biggest=105.5kB) | arena=0.9kB | V_bus=4.924V I_bus=59.4mA P_bus=292.6mW E_total_accum=130.253mWh
21:25:45.372 > [BENCH] IDLE | t_inference_us=0 | heap=0.3kB/105.8kB (min=103.3kB, biggest=105.5kB) | arena=0.9kB | V_bus=4.928V I_bus=58.9mA P_bus=290.1mW E_total_accum=130.416mWh
21:25:47.390 > [BENCH] IDLE | t_inference_us=0 | heap=0.3kB/105.8kB (min=103.3kB, biggest=105.5kB) | arena=0.9kB | V_bus=4.928V I_bus=58.6mA P_bus=288.6mW E_total_accum=130.577mWh
21:25:49.419 > [BENCH] IDLE | t_inference_us=0 | heap=0.3kB/105.8kB (min=103.3kB, biggest=105.5kB) | arena=0.9kB | V_bus=4.932V I_bus=58.5mA P_bus=288.4mW E_total_accum=130.739mWh
21:25:51.440 > [BENCH] IDLE | t_inference_us=0 | heap=0.3kB/105.8kB (min=103.3kB, biggest=105.5kB) | arena=0.9kB | V_bus=4.936V I_bus=58.5mA P_bus=288.1mW E_total_accum=130.900mWh
21:25:53.453 > [BENCH] IDLE | t_inference_us=0 | heap=0.3kB/105.8kB (min=103.3kB, biggest=105.5kB) | arena=0.9kB | V_bus=4.928V I_bus=58.2mA P_bus=287.0mW E_total_accum=131.061mWh
21:25:55.488 > [BENCH] IDLE | t_inference_us=0 | heap=0.3kB/105.8kB (min=103.3kB, biggest=105.5kB) | arena=0.9kB | V_bus=4.936V I_bus=58.2mA P_bus=286.7mW E_total_accum=131.222mWh
21:25:57.508 > [BENCH] IDLE | t_inference_us=0 | heap=0.3kB/105.8kB (min=103.3kB, biggest=105.5kB) | arena=0.9kB | V_bus=4.932V I_bus=58.2mA P_bus=287.2mW E_total_accum=131.383mWh
21:25:59.534 > [BENCH] IDLE | t_inference_us=0 | heap=0.3kB/105.8kB (min=103.3kB, biggest=105.5kB) | arena=0.9kB | V_bus=4.916V I_bus=58.0mA P_bus=285.7mW E_total_accum=131.544mWh
21:26:01.551 > [BENCH] IDLE | t_inference_us=0 | heap=0.3kB/105.8kB (min=103.3kB, biggest=105.5kB) | arena=0.9kB | V_bus=4.932V I_bus=57.6mA P_bus=284.1mW E_total_accum=131.703mWh
21:26:03.568 > [BENCH] IDLE | t_inference_us=0 | heap=0.3kB/105.8kB (min=103.3kB, biggest=105.5kB) | arena=0.9kB | V_bus=4.932V I_bus=57.9mA P_bus=285.4mW E_total_accum=131.863mWh
21:26:05.601 > [BENCH] IDLE | t_inference_us=0 | heap=0.3kB/105.8kB (min=103.3kB, biggest=105.5kB) | arena=0.9kB | V_bus=4.924V I_bus=57.7mA P_bus=284.2mW E_total_accum=132.022mWh
21:26:07.620 > [BENCH] IDLE | t_inference_us=0 | heap=0.3kB/105.8kB (min=103.3kB, biggest=105.5kB) | arena=0.9kB | V_bus=4.928V I_bus=57.3mA P_bus=282.4mW E_total_accum=132.181mWh
21:26:09.649 > [BENCH] IDLE | t_inference_us=0 | heap=0.3kB/105.8kB (min=103.3kB, biggest=105.5kB) | arena=0.9kB | V_bus=4.924V I_bus=58.1mA P_bus=286.4mW E_total_accum=132.342mWh
21:26:11.668 > [BENCH] IDLE | t_inference_us=0 | heap=0.3kB/105.8kB (min=103.3kB, biggest=105.5kB) | arena=0.9kB | V_bus=4.928V I_bus=58.6mA P_bus=288.8mW E_total_accum=132.503mWh
21:26:13.688 > [BENCH] IDLE | t_inference_us=0 | heap=0.3kB/105.8kB (min=103.3kB, biggest=105.5kB) | arena=0.9kB | V_bus=4.928V I_bus=58.3mA P_bus=287.1mW E_total_accum=132.664mWh
21:26:15.704 > [BENCH] IDLE | t_inference_us=0 | heap=0.3kB/105.8kB (min=103.3kB, biggest=105.5kB) | arena=0.9kB | V_bus=4.932V I_bus=57.8mA P_bus=284.7mW E_total_accum=132.824mWh
21:26:17.736 > [BENCH] IDLE | t_inference_us=0 | heap=0.3kB/105.8kB (min=103.3kB, biggest=105.5kB) | arena=0.9kB | V_bus=4.916V I_bus=58.0mA P_bus=285.9mW E_total_accum=132.984mWh
21:26:19.750 > [BENCH] IDLE | t_inference_us=0 | heap=0.3kB/105.8kB (min=103.3kB, biggest=105.5kB) | arena=0.9kB | V_bus=4.936V I_bus=58.1mA P_bus=286.5mW E_total_accum=133.145mWh
21:26:21.780 > [BENCH] IDLE | t_inference_us=0 | heap=0.3kB/105.8kB (min=103.3kB, biggest=105.5kB) | arena=0.9kB | V_bus=4.924V I_bus=58.0mA P_bus=285.9mW E_total_accum=133.305mWh
21:26:23.799 > [BENCH] IDLE | t_inference_us=0 | heap=0.3kB/105.8kB (min=103.3kB, biggest=105.5kB) | arena=0.9kB | V_bus=4.920V I_bus=58.1mA P_bus=286.2mW E_total_accum=133.466mWh
21:26:25.816 > [BENCH] IDLE | t_inference_us=0 | heap=0.3kB/105.8kB (min=103.3kB, biggest=105.5kB) | arena=0.9kB | V_bus=4.920V I_bus=57.8mA P_bus=284.5mW E_total_accum=133.625mWh
21:26:27.846 > [BENCH] IDLE | t_inference_us=0 | heap=0.3kB/105.8kB (min=103.3kB, biggest=105.5kB) | arena=0.9kB | V_bus=4.936V I_bus=57.8mA P_bus=284.7mW E_total_accum=133.785mWh
21:26:29.220 > 
21:26:29.220 > [EVENT] type=HOUR  Tin=26.50 Hin=70.17 Tout=29.40 Hout=74.70
21:26:29.232 > [infer] REAL - Invoke executed (model ran)
21:26:29.235 > 
21:26:29.236 > [PWR] infer | E_inference_window(ΔE_total)=0.183µWh (E0=133.893677mWh E1=133.893860mWh) | E_inference_pipeline(ΔE_total)=0.473µWh (E0=133.893494mWh E1=133.893967mWh) | t_inference=1.037ms | t_inference_pipeline=6.063ms | E_total_accum=133.894mWh
21:26:29.258 > [BENCH] INFER_HOURLY | t_inference_us=1037 | heap=0.3kB/105.9kB (min=103.3kB, biggest=105.6kB) | arena=0.9kB | V_bus=4.908V I_bus=58.1mA P_bus=286.0mW E_total_accum=133.894mWh
21:26:29.277 > [HOUR] Tin=26.50 Hin=70.17 | Tp=26.83 Hp=70.74
21:26:29.278 > [HOUR] SAMPLES | N_ALL=4 N_T=4 N_H=4
21:26:29.281 > [HOUR] METRICS | MAE=nan RMSE=nan R2=NA | MAE_T=nan RMSE_T=nan R2_T=NA | MAE_H=nan RMSE_H=nan R2_H=NA
21:26:29.597 > [SENSORS] Health IN ok=791 err=0 reinit=0 pwr=0 | OUT ok=791 err=0 reinit=0 pwr=0
21:26:31.299 > [BENCH] IDLE | t_inference_us=0 | heap=0.3kB/105.8kB (min=103.3kB, biggest=105.5kB) | arena=0.9kB | V_bus=4.920V I_bus=58.1mA P_bus=285.8mW E_total_accum=134.058mWh
21:26:33.328 > [BENCH] IDLE | t_inference_us=0 | heap=0.3kB/105.8kB (min=103.3kB, biggest=105.5kB) | arena=0.9kB | V_bus=4.924V I_bus=57.7mA P_bus=284.1mW E_total_accum=134.218mWh
21:26:35.347 > [BENCH] IDLE | t_inference_us=0 | heap=0.3kB/105.8kB (min=103.3kB, biggest=105.5kB) | arena=0.9kB | V_bus=4.924V I_bus=58.2mA P_bus=286.4mW E_total_accum=134.378mWh
21:26:37.362 > [BENCH] IDLE | t_inference_us=0 | heap=0.3kB/105.8kB (min=103.3kB, biggest=105.5kB) | arena=0.9kB | V_bus=4.936V I_bus=58.2mA P_bus=286.5mW E_total_accum=134.539mWh
21:26:39.395 > [BENCH] IDLE | t_inference_us=0 | heap=0.3kB/105.8kB (min=103.3kB, biggest=105.5kB) | arena=0.9kB | V_bus=4.924V I_bus=58.5mA P_bus=288.0mW E_total_accum=134.700mWh
21:26:41.415 > [BENCH] IDLE | t_inference_us=0 | heap=0.3kB/105.8kB (min=103.3kB, biggest=105.5kB) | arena=0.9kB | V_bus=4.916V I_bus=58.6mA P_bus=288.4mW E_total_accum=134.862mWh
21:26:43.426 > [BENCH] IDLE | t_inference_us=0 | heap=0.3kB/105.8kB (min=103.3kB, biggest=105.5kB) | arena=0.9kB | V_bus=4.928V I_bus=58.2mA P_bus=286.6mW E_total_accum=135.022mWh
21:26:45.444 > [BENCH] IDLE | t_inference_us=0 | heap=0.3kB/105.8kB (min=103.3kB, biggest=105.5kB) | arena=0.9kB | V_bus=4.932V I_bus=57.9mA P_bus=285.2mW E_total_accum=135.182mWh
21:26:47.476 > [BENCH] IDLE | t_inference_us=0 | heap=0.3kB/105.8kB (min=103.3kB, biggest=105.5kB) | arena=0.9kB | V_bus=4.932V I_bus=58.1mA P_bus=286.1mW E_total_accum=135.343mWh
21:26:49.504 > [BENCH] IDLE | t_inference_us=0 | heap=0.3kB/105.8kB (min=103.3kB, biggest=105.5kB) | arena=0.9kB | V_bus=4.936V I_bus=58.1mA P_bus=286.1mW E_total_accum=135.503mWh
21:26:51.528 > [BENCH] IDLE | t_inference_us=0 | heap=0.3kB/105.8kB (min=103.3kB, biggest=105.5kB) | arena=0.9kB | V_bus=4.924V I_bus=58.2mA P_bus=286.8mW E_total_accum=135.664mWh
21:26:53.542 > [BENCH] IDLE | t_inference_us=0 | heap=0.3kB/105.8kB (min=103.3kB, biggest=105.5kB) | arena=0.9kB | V_bus=4.928V I_bus=58.3mA P_bus=287.2mW E_total_accum=135.825mWh
21:26:55.564 > [BENCH] IDLE | t_inference_us=0 | heap=0.3kB/105.8kB (min=103.3kB, biggest=105.5kB) | arena=0.9kB | V_bus=4.920V I_bus=57.9mA P_bus=285.4mW E_total_accum=135.985mWh
21:26:57.591 > [BENCH] IDLE | t_inference_us=0 | heap=0.3kB/105.8kB (min=103.3kB, biggest=105.5kB) | arena=0.9kB | V_bus=4.928V I_bus=57.7mA P_bus=284.5mW E_total_accum=136.145mWh
21:26:59.610 > [BENCH] IDLE | t_inference_us=0 | heap=0.3kB/105.8kB (min=103.3kB, biggest=105.5kB) | arena=0.9kB | V_bus=4.924V I_bus=58.4mA P_bus=287.4mW E_total_accum=136.306mWh
21:27:01.643 > [BENCH] IDLE | t_inference_us=0 | heap=0.3kB/105.8kB (min=103.3kB, biggest=105.5kB) | arena=0.9kB | V_bus=4.936V I_bus=58.3mA P_bus=287.3mW E_total_accum=136.467mWh
21:27:03.665 > [BENCH] IDLE | t_inference_us=0 | heap=0.3kB/105.8kB (min=103.3kB, biggest=105.5kB) | arena=0.9kB | V_bus=4.932V I_bus=58.5mA P_bus=288.1mW E_total_accum=136.629mWh
21:27:05.678 > [BENCH] IDLE | t_inference_us=0 | heap=0.3kB/105.8kB (min=103.3kB, biggest=105.5kB) | arena=0.9kB | V_bus=4.924V I_bus=58.1mA P_bus=286.5mW E_total_accum=136.789mWh
21:27:07.705 > [BENCH] IDLE | t_inference_us=0 | heap=0.3kB/105.8kB (min=103.3kB, biggest=105.5kB) | arena=0.9kB | V_bus=4.928V I_bus=57.8mA P_bus=284.7mW E_total_accum=136.949mWh
21:27:09.723 > [BENCH] IDLE | t_inference_us=0 | heap=0.3kB/105.8kB (min=103.3kB, biggest=105.5kB) | arena=0.9kB | V_bus=4.924V I_bus=57.6mA P_bus=284.0mW E_total_accum=137.108mWh
21:27:11.756 > [BENCH] IDLE | t_inference_us=0 | heap=0.3kB/105.8kB (min=103.3kB, biggest=105.5kB) | arena=0.9kB | V_bus=4.928V I_bus=57.4mA P_bus=282.7mW E_total_accum=137.267mWh
21:27:13.775 > [BENCH] IDLE | t_inference_us=0 | heap=0.3kB/105.8kB (min=103.3kB, biggest=105.5kB) | arena=0.9kB | V_bus=4.936V I_bus=57.6mA P_bus=283.8mW E_total_accum=137.426mWh
21:27:15.803 > [BENCH] IDLE | t_inference_us=0 | heap=0.3kB/105.8kB (min=103.3kB, biggest=105.5kB) | arena=0.9kB | V_bus=4.924V I_bus=58.1mA P_bus=286.4mW E_total_accum=137.587mWh
21:27:17.826 > [BENCH] IDLE | t_inference_us=0 | heap=0.3kB/105.8kB (min=103.3kB, biggest=105.5kB) | arena=0.9kB | V_bus=4.936V I_bus=58.2mA P_bus=287.1mW E_total_accum=137.747mWh
21:27:19.850 > [BENCH] IDLE | t_inference_us=0 | heap=0.3kB/105.8kB (min=103.3kB, biggest=105.5kB) | arena=0.9kB | V_bus=4.928V I_bus=58.4mA P_bus=287.7mW E_total_accum=137.909mWh
21:27:21.870 > [BENCH] IDLE | t_inference_us=0 | heap=0.3kB/105.8kB (min=103.3kB, biggest=105.5kB) | arena=0.9kB | V_bus=4.932V I_bus=58.5mA P_bus=288.6mW E_total_accum=138.071mWh
21:27:23.889 > [BENCH] IDLE | t_inference_us=0 | heap=0.3kB/105.8kB (min=103.3kB, biggest=105.5kB) | arena=0.9kB | V_bus=4.928V I_bus=58.3mA P_bus=287.5mW E_total_accum=138.232mWh
21:27:25.914 > [BENCH] IDLE | t_inference_us=0 | heap=0.3kB/105.8kB (min=103.3kB, biggest=105.5kB) | arena=0.9kB | V_bus=4.928V I_bus=58.0mA P_bus=285.8mW E_total_accum=138.392mWh
21:27:27.937 > [BENCH] IDLE | t_inference_us=0 | heap=0.3kB/105.8kB (min=103.3kB, biggest=105.5kB) | arena=0.9kB | V_bus=4.920V I_bus=57.7mA P_bus=284.3mW E_total_accum=138.551mWh
21:27:29.351 > 
21:27:29.351 > [EVENT] type=HOUR  Tin=26.10 Hin=69.41 Tout=29.50 Hout=74.60
21:27:29.351 > [infer] REAL - Invoke executed (model ran)
21:27:29.364 > 
21:27:29.365 > [PWR] infer | E_inference_window(ΔE_total)=0.198µWh (E0=138.664886mWh E1=138.665085mWh) | E_inference_pipeline(ΔE_total)=0.488µWh (E0=138.664703mWh E1=138.665192mWh) | t_inference=1.040ms | t_inference_pipeline=6.061ms | E_total_accum=138.665mWh
21:27:29.385 > [BENCH] INFER_HOURLY | t_inference_us=1040 | heap=0.3kB/105.9kB (min=103.3kB, biggest=105.6kB) | arena=0.9kB | V_bus=4.916V I_bus=58.3mA P_bus=287.5mW E_total_accum=138.665mWh
21:27:29.402 > [HOUR] Tin=26.10 Hin=69.41 | Tp=26.24 Hp=69.94
21:27:29.406 > [HOUR] SAMPLES | N_ALL=5 N_T=5 N_H=5
21:27:29.410 > [HOUR] METRICS | MAE=nan RMSE=nan R2=NA | MAE_T=nan RMSE_T=nan R2_T=NA | MAE_H=nan RMSE_H=nan R2_H=NA
21:27:29.739 > [SENSORS] Health IN ok=819 err=0 reinit=0 pwr=0 | OUT ok=820 err=0 reinit=0 pwr=0
21:27:31.421 > [BENCH] IDLE | t_inference_us=0 | heap=0.3kB/105.8kB (min=103.3kB, biggest=105.5kB) | arena=0.9kB | V_bus=4.936V I_bus=58.3mA P_bus=287.3mW E_total_accum=138.830mWh
21:27:33.444 > [BENCH] IDLE | t_inference_us=0 | heap=0.3kB/105.8kB (min=103.3kB, biggest=105.5kB) | arena=0.9kB | V_bus=4.924V I_bus=58.8mA P_bus=289.8mW E_total_accum=138.992mWh
21:27:35.474 > [BENCH] IDLE | t_inference_us=0 | heap=0.3kB/105.8kB (min=103.3kB, biggest=105.5kB) | arena=0.9kB | V_bus=4.936V I_bus=58.8mA P_bus=290.0mW E_total_accum=139.155mWh
21:27:37.487 > [BENCH] IDLE | t_inference_us=0 | heap=0.3kB/105.8kB (min=103.3kB, biggest=105.5kB) | arena=0.9kB | V_bus=4.936V I_bus=58.7mA P_bus=289.3mW E_total_accum=139.317mWh
21:27:39.522 > [BENCH] IDLE | t_inference_us=0 | heap=0.3kB/105.8kB (min=103.3kB, biggest=105.5kB) | arena=0.9kB | V_bus=4.920V I_bus=58.6mA P_bus=288.9mW E_total_accum=139.479mWh
21:27:41.544 > [BENCH] IDLE | t_inference_us=0 | heap=0.3kB/105.8kB (min=103.3kB, biggest=105.5kB) | arena=0.9kB | V_bus=4.932V I_bus=58.2mA P_bus=287.1mW E_total_accum=139.640mWh
21:27:43.568 > [BENCH] IDLE | t_inference_us=0 | heap=0.3kB/105.8kB (min=103.3kB, biggest=105.5kB) | arena=0.9kB | V_bus=4.924V I_bus=58.2mA P_bus=286.9mW E_total_accum=139.801mWh
21:27:45.589 > [BENCH] IDLE | t_inference_us=0 | heap=0.3kB/105.8kB (min=103.3kB, biggest=105.5kB) | arena=0.9kB | V_bus=4.920V I_bus=57.9mA P_bus=285.1mW E_total_accum=139.961mWh
21:27:47.602 > [BENCH] IDLE | t_inference_us=0 | heap=0.3kB/105.8kB (min=103.3kB, biggest=105.5kB) | arena=0.9kB | V_bus=4.932V I_bus=57.4mA P_bus=283.0mW E_total_accum=140.120mWh
21:27:49.635 > [BENCH] IDLE | t_inference_us=0 | heap=0.3kB/105.8kB (min=103.3kB, biggest=105.5kB) | arena=0.9kB | V_bus=4.924V I_bus=57.4mA P_bus=282.8mW E_total_accum=140.278mWh
21:27:51.656 > [BENCH] IDLE | t_inference_us=0 | heap=0.3kB/105.8kB (min=103.3kB, biggest=105.5kB) | arena=0.9kB | V_bus=4.956V I_bus=57.0mA P_bus=281.4mW E_total_accum=140.436mWh
21:27:53.671 > [BENCH] IDLE | t_inference_us=0 | heap=0.3kB/105.8kB (min=103.3kB, biggest=105.5kB) | arena=0.9kB | V_bus=4.924V I_bus=57.2mA P_bus=281.9mW E_total_accum=140.594mWh
21:27:55.689 > [BENCH] IDLE | t_inference_us=0 | heap=0.3kB/105.8kB (min=103.3kB, biggest=105.5kB) | arena=0.9kB | V_bus=4.924V I_bus=57.1mA P_bus=281.7mW E_total_accum=140.752mWh
21:27:57.727 > [BENCH] IDLE | t_inference_us=0 | heap=0.3kB/105.8kB (min=103.3kB, biggest=105.5kB) | arena=0.9kB | V_bus=4.928V I_bus=57.1mA P_bus=281.3mW E_total_accum=140.910mWh
21:27:59.738 > [BENCH] IDLE | t_inference_us=0 | heap=0.3kB/105.8kB (min=103.3kB, biggest=105.5kB) | arena=0.9kB | V_bus=4.924V I_bus=57.3mA P_bus=282.5mW E_total_accum=141.068mWh
21:28:01.758 > [BENCH] IDLE | t_inference_us=0 | heap=0.3kB/105.8kB (min=103.3kB, biggest=105.5kB) | arena=0.9kB | V_bus=4.928V I_bus=57.2mA P_bus=282.1mW E_total_accum=141.227mWh
21:28:03.781 > [BENCH] IDLE | t_inference_us=0 | heap=0.3kB/105.8kB (min=103.3kB, biggest=105.5kB) | arena=0.9kB | V_bus=4.932V I_bus=57.7mA P_bus=284.6mW E_total_accum=141.386mWh
21:28:05.813 > [BENCH] IDLE | t_inference_us=0 | heap=0.3kB/105.8kB (min=103.3kB, biggest=105.5kB) | arena=0.9kB | V_bus=4.924V I_bus=57.8mA P_bus=284.8mW E_total_accum=141.546mWh
21:28:07.822 > [BENCH] IDLE | t_inference_us=0 | heap=0.3kB/105.8kB (min=103.3kB, biggest=105.5kB) | arena=0.9kB | V_bus=4.928V I_bus=57.5mA P_bus=283.3mW E_total_accum=141.705mWh
21:28:09.856 > [BENCH] IDLE | t_inference_us=0 | heap=0.3kB/105.8kB (min=103.3kB, biggest=105.5kB) | arena=0.9kB | V_bus=4.928V I_bus=57.3mA P_bus=282.4mW E_total_accum=141.863mWh
21:28:11.868 > [BENCH] IDLE | t_inference_us=0 | heap=0.3kB/105.8kB (min=103.3kB, biggest=105.5kB) | arena=0.9kB | V_bus=4.920V I_bus=57.5mA P_bus=283.4mW E_total_accum=142.022mWh
21:28:13.901 > [BENCH] IDLE | t_inference_us=0 | heap=0.3kB/105.8kB (min=103.3kB, biggest=105.5kB) | arena=0.9kB | V_bus=4.928V I_bus=57.1mA P_bus=281.4mW E_total_accum=142.179mWh
21:28:15.925 > [BENCH] IDLE | t_inference_us=0 | heap=0.3kB/105.8kB (min=103.3kB, biggest=105.5kB) | arena=0.9kB | V_bus=4.924V I_bus=56.9mA P_bus=280.5mW E_total_accum=142.337mWh
21:28:17.950 > [BENCH] IDLE | t_inference_us=0 | heap=0.3kB/105.8kB (min=103.3kB, biggest=105.5kB) | arena=0.9kB | V_bus=4.924V I_bus=56.9mA P_bus=280.5mW E_total_accum=142.494mWh
21:28:19.972 > [BENCH] IDLE | t_inference_us=0 | heap=0.3kB/105.8kB (min=103.3kB, biggest=105.5kB) | arena=0.9kB | V_bus=4.928V I_bus=56.8mA P_bus=279.8mW E_total_accum=142.651mWh
21:28:21.995 > [BENCH] IDLE | t_inference_us=0 | heap=0.3kB/105.8kB (min=103.3kB, biggest=105.5kB) | arena=0.9kB | V_bus=4.920V I_bus=57.1mA P_bus=281.1mW E_total_accum=142.809mWh
21:28:24.004 > [BENCH] IDLE | t_inference_us=0 | heap=0.3kB/105.8kB (min=103.3kB, biggest=105.5kB) | arena=0.9kB | V_bus=4.920V I_bus=56.8mA P_bus=279.7mW E_total_accum=142.965mWh
21:28:26.035 > [BENCH] IDLE | t_inference_us=0 | heap=0.3kB/105.8kB (min=103.3kB, biggest=105.5kB) | arena=0.9kB | V_bus=4.928V I_bus=56.6mA P_bus=278.7mW E_total_accum=143.122mWh
21:28:28.053 > [BENCH] IDLE | t_inference_us=0 | heap=0.3kB/105.8kB (min=103.3kB, biggest=105.5kB) | arena=0.9kB | V_bus=4.924V I_bus=56.6mA P_bus=278.7mW E_total_accum=143.278mWh
21:28:29.466 > 
21:28:29.466 > [EVENT] type=HOUR  Tin=25.90 Hin=68.01 Tout=29.40 Hout=74.80
21:28:29.478 > [infer] REAL - Invoke executed (model ran)
21:28:29.484 > 
21:28:29.485 > [PWR] infer | E_inference_window(ΔE_total)=0.183µWh (E0=143.389694mWh E1=143.389877mWh) | E_inference_pipeline(ΔE_total)=0.473µWh (E0=143.389511mWh E1=143.389984mWh) | t_inference=1.039ms | t_inference_pipeline=6.066ms | E_total_accum=143.390mWh
21:28:29.507 > [BENCH] INFER_HOURLY | t_inference_us=1039 | heap=0.3kB/105.9kB (min=103.3kB, biggest=105.6kB) | arena=0.9kB | V_bus=4.932V I_bus=58.4mA P_bus=287.7mW E_total_accum=143.390mWh
21:28:29.523 > [HOUR] Tin=25.90 Hin=68.01 | Tp=25.84 Hp=69.18
21:28:29.529 > [HOUR] SAMPLES | N_ALL=6 N_T=6 N_H=6
21:28:29.530 > [HOUR] METRICS | MAE=nan RMSE=nan R2=NA | MAE_T=nan RMSE_T=nan R2_T=NA | MAE_H=nan RMSE_H=nan R2_H=NA
21:28:29.841 > [SENSORS] Health IN ok=847 err=0 reinit=0 pwr=0 | OUT ok=848 err=0 reinit=0 pwr=0
21:28:31.551 > [BENCH] IDLE | t_inference_us=0 | heap=0.3kB/105.8kB (min=103.3kB, biggest=105.5kB) | arena=0.9kB | V_bus=4.928V I_bus=57.8mA P_bus=285.0mW E_total_accum=143.553mWh
21:28:33.563 > [BENCH] IDLE | t_inference_us=0 | heap=0.3kB/105.8kB (min=103.3kB, biggest=105.5kB) | arena=0.9kB | V_bus=4.956V I_bus=57.0mA P_bus=281.1mW E_total_accum=143.711mWh
21:28:35.583 > [BENCH] IDLE | t_inference_us=0 | heap=0.3kB/105.8kB (min=103.3kB, biggest=105.5kB) | arena=0.9kB | V_bus=4.924V I_bus=57.2mA P_bus=281.9mW E_total_accum=143.869mWh
21:28:37.611 > [BENCH] IDLE | t_inference_us=0 | heap=0.3kB/105.8kB (min=103.3kB, biggest=105.5kB) | arena=0.9kB | V_bus=4.924V I_bus=57.1mA P_bus=281.7mW E_total_accum=144.027mWh
21:28:39.630 > [BENCH] IDLE | t_inference_us=0 | heap=0.3kB/105.8kB (min=103.3kB, biggest=105.5kB) | arena=0.9kB | V_bus=4.932V I_bus=57.1mA P_bus=281.6mW E_total_accum=144.185mWh
21:28:41.659 > [BENCH] IDLE | t_inference_us=0 | heap=0.3kB/105.8kB (min=103.3kB, biggest=105.5kB) | arena=0.9kB | V_bus=4.920V I_bus=57.1mA P_bus=281.2mW E_total_accum=144.343mWh
21:28:43.684 > [BENCH] IDLE | t_inference_us=0 | heap=0.3kB/105.8kB (min=103.3kB, biggest=105.5kB) | arena=0.9kB | V_bus=4.932V I_bus=57.0mA P_bus=281.0mW E_total_accum=144.500mWh
21:28:45.699 > [BENCH] IDLE | t_inference_us=0 | heap=0.3kB/105.8kB (min=103.3kB, biggest=105.5kB) | arena=0.9kB | V_bus=4.924V I_bus=57.4mA P_bus=282.7mW E_total_accum=144.659mWh
21:28:47.729 > [BENCH] IDLE | t_inference_us=0 | heap=0.3kB/105.8kB (min=103.3kB, biggest=105.5kB) | arena=0.9kB | V_bus=4.932V I_bus=57.4mA P_bus=282.9mW E_total_accum=144.817mWh
21:28:49.749 > [BENCH] IDLE | t_inference_us=0 | heap=0.3kB/105.8kB (min=103.3kB, biggest=105.5kB) | arena=0.9kB | V_bus=4.928V I_bus=57.7mA P_bus=284.6mW E_total_accum=144.977mWh
21:28:51.778 > [BENCH] IDLE | t_inference_us=0 | heap=0.3kB/105.8kB (min=103.3kB, biggest=105.5kB) | arena=0.9kB | V_bus=4.924V I_bus=58.2mA P_bus=286.7mW E_total_accum=145.138mWh
21:28:53.800 > [BENCH] IDLE | t_inference_us=0 | heap=0.3kB/105.8kB (min=103.3kB, biggest=105.5kB) | arena=0.9kB | V_bus=4.936V I_bus=58.3mA P_bus=287.2mW E_total_accum=145.299mWh
21:28:55.825 > [BENCH] IDLE | t_inference_us=0 | heap=0.3kB/105.8kB (min=103.3kB, biggest=105.5kB) | arena=0.9kB | V_bus=4.928V I_bus=58.6mA P_bus=288.8mW E_total_accum=145.461mWh
21:28:57.848 > [BENCH] IDLE | t_inference_us=0 | heap=0.3kB/105.8kB (min=103.3kB, biggest=105.5kB) | arena=0.9kB | V_bus=4.936V I_bus=58.5mA P_bus=288.4mW E_total_accum=145.623mWh
21:28:59.872 > [BENCH] IDLE | t_inference_us=0 | heap=0.3kB/105.8kB (min=103.3kB, biggest=105.5kB) | arena=0.9kB | V_bus=4.936V I_bus=58.5mA P_bus=288.5mW E_total_accum=145.785mWh
21:29:01.893 > [BENCH] IDLE | t_inference_us=0 | heap=0.3kB/105.8kB (min=103.3kB, biggest=105.5kB) | arena=0.9kB | V_bus=4.928V I_bus=58.9mA P_bus=290.6mW E_total_accum=145.947mWh
21:29:03.902 > [BENCH] IDLE | t_inference_us=0 | heap=0.3kB/105.8kB (min=103.3kB, biggest=105.5kB) | arena=0.9kB | V_bus=4.924V I_bus=58.6mA P_bus=288.6mW E_total_accum=146.109mWh
21:29:05.931 > [BENCH] IDLE | t_inference_us=0 | heap=0.3kB/105.8kB (min=103.3kB, biggest=105.5kB) | arena=0.9kB | V_bus=4.928V I_bus=58.0mA P_bus=285.7mW E_total_accum=146.269mWh
21:29:07.950 > [BENCH] IDLE | t_inference_us=0 | heap=0.3kB/105.8kB (min=103.3kB, biggest=105.5kB) | arena=0.9kB | V_bus=4.928V I_bus=57.9mA P_bus=285.2mW E_total_accum=146.429mWh
21:29:09.967 > [BENCH] IDLE | t_inference_us=0 | heap=0.3kB/105.8kB (min=103.3kB, biggest=105.5kB) | arena=0.9kB | V_bus=4.928V I_bus=57.6mA P_bus=284.0mW E_total_accum=146.589mWh
21:29:11.998 > [BENCH] IDLE | t_inference_us=0 | heap=0.3kB/105.8kB (min=103.3kB, biggest=105.5kB) | arena=0.9kB | V_bus=4.928V I_bus=57.5mA P_bus=283.4mW E_total_accum=146.747mWh
21:29:14.025 > [BENCH] IDLE | t_inference_us=0 | heap=0.3kB/105.8kB (min=103.3kB, biggest=105.5kB) | arena=0.9kB | V_bus=4.924V I_bus=57.7mA P_bus=284.2mW E_total_accum=146.907mWh
21:29:16.034 > [BENCH] IDLE | t_inference_us=0 | heap=0.3kB/105.8kB (min=103.3kB, biggest=105.5kB) | arena=0.9kB | V_bus=4.924V I_bus=58.1mA P_bus=286.1mW E_total_accum=147.067mWh
21:29:18.058 > [BENCH] IDLE | t_inference_us=0 | heap=0.3kB/105.8kB (min=103.3kB, biggest=105.5kB) | arena=0.9kB | V_bus=4.932V I_bus=58.1mA P_bus=286.2mW E_total_accum=147.227mWh
21:29:20.076 > [BENCH] IDLE | t_inference_us=0 | heap=0.3kB/105.8kB (min=103.3kB, biggest=105.5kB) | arena=0.9kB | V_bus=4.932V I_bus=57.7mA P_bus=284.3mW E_total_accum=147.387mWh
21:29:22.100 > [BENCH] IDLE | t_inference_us=0 | heap=0.3kB/105.8kB (min=103.3kB, biggest=105.5kB) | arena=0.9kB | V_bus=4.924V I_bus=57.6mA P_bus=283.9mW E_total_accum=147.546mWh
21:29:24.132 > [BENCH] IDLE | t_inference_us=0 | heap=0.3kB/105.8kB (min=103.3kB, biggest=105.5kB) | arena=0.9kB | V_bus=4.928V I_bus=57.2mA P_bus=281.8mW E_total_accum=147.704mWh
21:29:26.139 > [BENCH] IDLE | t_inference_us=0 | heap=0.3kB/105.8kB (min=103.3kB, biggest=105.5kB) | arena=0.9kB | V_bus=4.932V I_bus=57.1mA P_bus=281.5mW E_total_accum=147.862mWh
21:29:28.173 > [BENCH] IDLE | t_inference_us=0 | heap=0.3kB/105.8kB (min=103.3kB, biggest=105.5kB) | arena=0.9kB | V_bus=4.920V I_bus=57.4mA P_bus=282.8mW E_total_accum=148.020mWh
21:29:29.589 > 
21:29:29.589 > [EVENT] type=HOUR  Tin=25.70 Hin=66.98 Tout=29.40 Hout=74.80
21:29:29.601 > [infer] REAL - Invoke executed (model ran)
21:29:29.607 > 
21:29:29.607 > [PWR] infer | E_inference_window(ΔE_total)=0.183µWh (E0=148.133392mWh E1=148.133575mWh) | E_inference_pipeline(ΔE_total)=0.473µWh (E0=148.133209mWh E1=148.133682mWh) | t_inference=1.037ms | t_inference_pipeline=6.063ms | E_total_accum=148.134mWh
21:29:29.628 > [BENCH] INFER_HOURLY | t_inference_us=1037 | heap=0.3kB/105.9kB (min=103.3kB, biggest=105.6kB) | arena=0.9kB | V_bus=4.932V I_bus=58.8mA P_bus=289.1mW E_total_accum=148.134mWh
21:29:29.644 > [HOUR] Tin=25.70 Hin=66.98 | Tp=25.64 Hp=67.78
21:29:29.650 > [HOUR] SAMPLES | N_ALL=7 N_T=7 N_H=7
21:29:29.651 > [HOUR] METRICS | MAE=nan RMSE=nan R2=NA | MAE_T=nan RMSE_T=nan R2_T=NA | MAE_H=nan RMSE_H=nan R2_H=NA
21:29:29.980 > [SENSORS] Health IN ok=876 err=0 reinit=0 pwr=0 | OUT ok=876 err=0 reinit=0 pwr=0
21:29:31.667 > [BENCH] IDLE | t_inference_us=0 | heap=0.3kB/105.8kB (min=103.3kB, biggest=105.5kB) | arena=0.9kB | V_bus=4.924V I_bus=58.5mA P_bus=287.4mW E_total_accum=148.299mWh
21:29:33.687 > [BENCH] IDLE | t_inference_us=0 | heap=0.3kB/105.8kB (min=103.3kB, biggest=105.5kB) | arena=0.9kB | V_bus=4.924V I_bus=58.4mA P_bus=287.4mW E_total_accum=148.460mWh
21:29:35.707 > [BENCH] IDLE | t_inference_us=0 | heap=0.3kB/105.8kB (min=103.3kB, biggest=105.5kB) | arena=0.9kB | V_bus=4.936V I_bus=58.5mA P_bus=287.9mW E_total_accum=148.621mWh
21:29:37.741 > [BENCH] IDLE | t_inference_us=0 | heap=0.3kB/105.8kB (min=103.3kB, biggest=105.5kB) | arena=0.9kB | V_bus=4.928V I_bus=58.6mA P_bus=288.7mW E_total_accum=148.783mWh
21:29:39.762 > [BENCH] IDLE | t_inference_us=0 | heap=0.3kB/105.8kB (min=103.3kB, biggest=105.5kB) | arena=0.9kB | V_bus=4.928V I_bus=58.7mA P_bus=289.2mW E_total_accum=148.945mWh
21:29:41.783 > [BENCH] IDLE | t_inference_us=0 | heap=0.3kB/105.8kB (min=103.3kB, biggest=105.5kB) | arena=0.9kB | V_bus=4.932V I_bus=58.6mA P_bus=288.6mW E_total_accum=149.107mWh
21:29:43.798 > [BENCH] IDLE | t_inference_us=0 | heap=0.3kB/105.8kB (min=103.3kB, biggest=105.5kB) | arena=0.9kB | V_bus=4.928V I_bus=58.8mA P_bus=289.7mW E_total_accum=149.270mWh
21:29:45.829 > [BENCH] IDLE | t_inference_us=0 | heap=0.3kB/105.8kB (min=103.3kB, biggest=105.5kB) | arena=0.9kB | V_bus=4.924V I_bus=58.7mA P_bus=289.0mW E_total_accum=149.431mWh
21:29:47.845 > [BENCH] IDLE | t_inference_us=0 | heap=0.3kB/105.8kB (min=103.3kB, biggest=105.5kB) | arena=0.9kB | V_bus=4.928V I_bus=58.2mA P_bus=286.8mW E_total_accum=149.592mWh
21:29:49.862 > [BENCH] IDLE | t_inference_us=0 | heap=0.3kB/105.8kB (min=103.3kB, biggest=105.5kB) | arena=0.9kB | V_bus=4.928V I_bus=57.8mA P_bus=284.8mW E_total_accum=149.752mWh
21:29:51.896 > [BENCH] IDLE | t_inference_us=0 | heap=0.3kB/105.8kB (min=103.3kB, biggest=105.5kB) | arena=0.9kB | V_bus=4.920V I_bus=57.5mA P_bus=283.1mW E_total_accum=149.911mWh
21:29:53.913 > [BENCH] IDLE | t_inference_us=0 | heap=0.3kB/105.8kB (min=103.3kB, biggest=105.5kB) | arena=0.9kB | V_bus=4.928V I_bus=57.4mA P_bus=282.7mW E_total_accum=150.069mWh
21:29:55.941 > [BENCH] IDLE | t_inference_us=0 | heap=0.3kB/105.8kB (min=103.3kB, biggest=105.5kB) | arena=0.9kB | V_bus=4.932V I_bus=57.9mA P_bus=285.0mW E_total_accum=150.229mWh
21:29:57.958 > [BENCH] IDLE | t_inference_us=0 | heap=0.3kB/105.8kB (min=103.3kB, biggest=105.5kB) | arena=0.9kB | V_bus=4.928V I_bus=58.4mA P_bus=288.0mW E_total_accum=150.391mWh
21:29:59.976 > [BENCH] IDLE | t_inference_us=0 | heap=0.3kB/105.8kB (min=103.3kB, biggest=105.5kB) | arena=0.9kB | V_bus=4.936V I_bus=58.3mA P_bus=287.4mW E_total_accum=150.552mWh
21:30:02.012 > [BENCH] IDLE | t_inference_us=0 | heap=0.3kB/105.8kB (min=103.3kB, biggest=105.5kB) | arena=0.9kB | V_bus=4.924V I_bus=58.3mA P_bus=287.3mW E_total_accum=150.713mWh
21:30:04.027 > [BENCH] IDLE | t_inference_us=0 | heap=0.3kB/105.8kB (min=103.3kB, biggest=105.5kB) | arena=0.9kB | V_bus=4.928V I_bus=57.8mA P_bus=284.8mW E_total_accum=150.873mWh
21:30:06.044 > [BENCH] IDLE | t_inference_us=0 | heap=0.3kB/105.8kB (min=103.3kB, biggest=105.5kB) | arena=0.9kB | V_bus=4.928V I_bus=57.6mA P_bus=283.8mW E_total_accum=151.032mWh
21:30:08.078 > [BENCH] IDLE | t_inference_us=0 | heap=0.3kB/105.8kB (min=103.3kB, biggest=105.5kB) | arena=0.9kB | V_bus=4.924V I_bus=58.0mA P_bus=285.7mW E_total_accum=151.192mWh
21:30:10.094 > [BENCH] IDLE | t_inference_us=0 | heap=0.3kB/105.8kB (min=103.3kB, biggest=105.5kB) | arena=0.9kB | V_bus=4.936V I_bus=58.1mA P_bus=286.5mW E_total_accum=151.353mWh
21:30:12.113 > [BENCH] IDLE | t_inference_us=0 | heap=0.3kB/105.8kB (min=103.3kB, biggest=105.5kB) | arena=0.9kB | V_bus=4.932V I_bus=58.3mA P_bus=287.4mW E_total_accum=151.514mWh
21:30:14.139 > [BENCH] IDLE | t_inference_us=0 | heap=0.3kB/105.8kB (min=103.3kB, biggest=105.5kB) | arena=0.9kB | V_bus=4.928V I_bus=58.2mA P_bus=286.8mW E_total_accum=151.674mWh
21:30:16.166 > [BENCH] IDLE | t_inference_us=0 | heap=0.3kB/105.8kB (min=103.3kB, biggest=105.5kB) | arena=0.9kB | V_bus=4.932V I_bus=57.9mA P_bus=285.5mW E_total_accum=151.834mWh
21:30:18.188 > [BENCH] IDLE | t_inference_us=0 | heap=0.3kB/105.8kB (min=103.3kB, biggest=105.5kB) | arena=0.9kB | V_bus=4.932V I_bus=58.3mA P_bus=287.5mW E_total_accum=151.995mWh
21:30:20.209 > [BENCH] IDLE | t_inference_us=0 | heap=0.3kB/105.8kB (min=103.3kB, biggest=105.5kB) | arena=0.9kB | V_bus=4.936V I_bus=58.4mA P_bus=288.0mW E_total_accum=152.157mWh
21:30:22.221 > [BENCH] IDLE | t_inference_us=0 | heap=0.3kB/105.8kB (min=103.3kB, biggest=105.5kB) | arena=0.9kB | V_bus=4.936V I_bus=58.3mA P_bus=287.4mW E_total_accum=152.318mWh
21:30:24.256 > [BENCH] IDLE | t_inference_us=0 | heap=0.3kB/105.8kB (min=103.3kB, biggest=105.5kB) | arena=0.9kB | V_bus=4.924V I_bus=58.3mA P_bus=287.4mW E_total_accum=152.479mWh
21:30:26.273 > [BENCH] IDLE | t_inference_us=0 | heap=0.3kB/105.8kB (min=103.3kB, biggest=105.5kB) | arena=0.9kB | V_bus=4.936V I_bus=58.0mA P_bus=286.0mW E_total_accum=152.640mWh
21:30:28.290 > [BENCH] IDLE | t_inference_us=0 | heap=0.3kB/105.8kB (min=103.3kB, biggest=105.5kB) | arena=0.9kB | V_bus=4.936V I_bus=58.1mA P_bus=286.8mW E_total_accum=152.800mWh
21:30:29.681 > 
21:30:29.681 > [EVENT] type=HOUR  Tin=25.60 Hin=66.13 Tout=29.50 Hout=74.20
21:30:29.683 > [infer] REAL - Invoke executed (model ran)
21:30:29.690 > 
21:30:29.690 > [PWR] infer | E_inference_window(ΔE_total)=0.183µWh (E0=152.910599mWh E1=152.910782mWh) | E_inference_pipeline(ΔE_total)=0.473µWh (E0=152.910416mWh E1=152.910889mWh) | t_inference=1.041ms | t_inference_pipeline=6.062ms | E_total_accum=152.911mWh
21:30:29.720 > [BENCH] INFER_HOURLY | t_inference_us=1041 | heap=0.3kB/105.9kB (min=103.3kB, biggest=105.6kB) | arena=0.9kB | V_bus=4.896V I_bus=57.9mA P_bus=284.7mW E_total_accum=152.911mWh
21:30:29.728 > [HOUR] Tin=25.60 Hin=66.13 | Tp=25.44 Hp=66.75
21:30:29.731 > [HOUR] SAMPLES | N_ALL=8 N_T=8 N_H=8
21:30:29.735 > [HOUR] METRICS | MAE=nan RMSE=nan R2=NA | MAE_T=nan RMSE_T=nan R2_T=NA | MAE_H=nan RMSE_H=nan R2_H=NA
21:30:30.099 > [SENSORS] Health IN ok=904 err=0 reinit=0 pwr=0 | OUT ok=904 err=0 reinit=0 pwr=0
21:30:31.753 > [BENCH] IDLE | t_inference_us=0 | heap=0.3kB/105.8kB (min=103.3kB, biggest=105.5kB) | arena=0.9kB | V_bus=4.928V I_bus=58.0mA P_bus=285.2mW E_total_accum=153.074mWh
21:30:33.773 > [BENCH] IDLE | t_inference_us=0 | heap=0.3kB/105.8kB (min=103.3kB, biggest=105.5kB) | arena=0.9kB | V_bus=4.936V I_bus=58.0mA P_bus=285.4mW E_total_accum=153.235mWh
21:30:35.794 > [BENCH] IDLE | t_inference_us=0 | heap=0.3kB/105.8kB (min=103.3kB, biggest=105.5kB) | arena=0.9kB | V_bus=4.924V I_bus=57.9mA P_bus=285.2mW E_total_accum=153.394mWh
21:30:37.825 > [BENCH] IDLE | t_inference_us=0 | heap=0.3kB/105.8kB (min=103.3kB, biggest=105.5kB) | arena=0.9kB | V_bus=4.924V I_bus=57.5mA P_bus=283.0mW E_total_accum=153.553mWh
21:30:39.842 > [BENCH] IDLE | t_inference_us=0 | heap=0.3kB/105.8kB (min=103.3kB, biggest=105.5kB) | arena=0.9kB | V_bus=4.932V I_bus=57.5mA P_bus=283.0mW E_total_accum=153.712mWh
21:30:41.871 > [BENCH] IDLE | t_inference_us=0 | heap=0.3kB/105.8kB (min=103.3kB, biggest=105.5kB) | arena=0.9kB | V_bus=4.924V I_bus=58.1mA P_bus=286.3mW E_total_accum=153.872mWh
21:30:43.888 > [BENCH] IDLE | t_inference_us=0 | heap=0.3kB/105.8kB (min=103.3kB, biggest=105.5kB) | arena=0.9kB | V_bus=4.932V I_bus=58.2mA P_bus=286.8mW E_total_accum=154.033mWh
21:30:45.904 > [BENCH] IDLE | t_inference_us=0 | heap=0.3kB/105.8kB (min=103.3kB, biggest=105.5kB) | arena=0.9kB | V_bus=4.932V I_bus=57.7mA P_bus=284.3mW E_total_accum=154.192mWh
21:30:47.935 > [BENCH] IDLE | t_inference_us=0 | heap=0.3kB/105.8kB (min=103.3kB, biggest=105.5kB) | arena=0.9kB | V_bus=4.928V I_bus=57.7mA P_bus=284.2mW E_total_accum=154.352mWh
21:30:49.956 > [BENCH] IDLE | t_inference_us=0 | heap=0.3kB/105.8kB (min=103.3kB, biggest=105.5kB) | arena=0.9kB | V_bus=4.924V I_bus=58.0mA P_bus=286.0mW E_total_accum=154.512mWh
21:30:51.968 > [BENCH] IDLE | t_inference_us=0 | heap=0.3kB/105.8kB (min=103.3kB, biggest=105.5kB) | arena=0.9kB | V_bus=4.936V I_bus=58.1mA P_bus=286.3mW E_total_accum=154.673mWh
21:30:53.999 > [BENCH] IDLE | t_inference_us=0 | heap=0.3kB/105.8kB (min=103.3kB, biggest=105.5kB) | arena=0.9kB | V_bus=4.924V I_bus=58.5mA P_bus=288.1mW E_total_accum=154.834mWh
21:30:56.017 > [BENCH] IDLE | t_inference_us=0 | heap=0.3kB/105.8kB (min=103.3kB, biggest=105.5kB) | arena=0.9kB | V_bus=4.920V I_bus=57.9mA P_bus=285.3mW E_total_accum=154.994mWh
21:30:58.033 > [BENCH] IDLE | t_inference_us=0 | heap=0.3kB/105.8kB (min=103.3kB, biggest=105.5kB) | arena=0.9kB | V_bus=4.928V I_bus=57.8mA P_bus=284.7mW E_total_accum=155.154mWh
21:31:00.066 > [BENCH] IDLE | t_inference_us=0 | heap=0.3kB/105.8kB (min=103.3kB, biggest=105.5kB) | arena=0.9kB | V_bus=4.924V I_bus=58.2mA P_bus=286.5mW E_total_accum=155.314mWh
21:31:02.086 > [BENCH] IDLE | t_inference_us=0 | heap=0.3kB/105.8kB (min=103.3kB, biggest=105.5kB) | arena=0.9kB | V_bus=4.932V I_bus=58.2mA P_bus=286.6mW E_total_accum=155.475mWh
21:31:04.112 > [BENCH] IDLE | t_inference_us=0 | heap=0.3kB/105.8kB (min=103.3kB, biggest=105.5kB) | arena=0.9kB | V_bus=4.932V I_bus=58.3mA P_bus=287.2mW E_total_accum=155.636mWh
21:31:06.131 > [BENCH] IDLE | t_inference_us=0 | heap=0.3kB/105.8kB (min=103.3kB, biggest=105.5kB) | arena=0.9kB | V_bus=4.920V I_bus=57.8mA P_bus=284.6mW E_total_accum=155.795mWh
21:31:08.147 > [BENCH] IDLE | t_inference_us=0 | heap=0.3kB/105.8kB (min=103.3kB, biggest=105.5kB) | arena=0.9kB | V_bus=4.928V I_bus=57.4mA P_bus=283.0mW E_total_accum=155.954mWh
21:31:10.182 > [BENCH] IDLE | t_inference_us=0 | heap=0.3kB/105.8kB (min=103.3kB, biggest=105.5kB) | arena=0.9kB | V_bus=4.920V I_bus=57.7mA P_bus=284.3mW E_total_accum=156.114mWh
21:31:12.193 > [BENCH] IDLE | t_inference_us=0 | heap=0.3kB/105.8kB (min=103.3kB, biggest=105.5kB) | arena=0.9kB | V_bus=4.936V I_bus=57.8mA P_bus=284.8mW E_total_accum=156.273mWh
21:31:14.226 > [BENCH] IDLE | t_inference_us=0 | heap=0.3kB/105.8kB (min=103.3kB, biggest=105.5kB) | arena=0.9kB | V_bus=4.936V I_bus=57.9mA P_bus=285.5mW E_total_accum=156.433mWh
21:31:16.245 > [BENCH] IDLE | t_inference_us=0 | heap=0.3kB/105.8kB (min=103.3kB, biggest=105.5kB) | arena=0.9kB | V_bus=4.920V I_bus=58.0mA P_bus=285.8mW E_total_accum=156.594mWh
21:31:18.278 > [BENCH] IDLE | t_inference_us=0 | heap=0.3kB/105.8kB (min=103.3kB, biggest=105.5kB) | arena=0.9kB | V_bus=4.924V I_bus=57.7mA P_bus=284.4mW E_total_accum=156.753mWh
21:31:20.298 > [BENCH] IDLE | t_inference_us=0 | heap=0.3kB/105.8kB (min=103.3kB, biggest=105.5kB) | arena=0.9kB | V_bus=4.924V I_bus=57.9mA P_bus=285.0mW E_total_accum=156.913mWh
21:31:22.322 > [BENCH] IDLE | t_inference_us=0 | heap=0.3kB/105.8kB (min=103.3kB, biggest=105.5kB) | arena=0.9kB | V_bus=4.932V I_bus=57.8mA P_bus=284.8mW E_total_accum=157.073mWh
21:31:24.332 > [BENCH] IDLE | t_inference_us=0 | heap=0.3kB/105.8kB (min=103.3kB, biggest=105.5kB) | arena=0.9kB | V_bus=4.932V I_bus=57.9mA P_bus=285.6mW E_total_accum=157.233mWh
21:31:26.360 > [BENCH] IDLE | t_inference_us=0 | heap=0.3kB/105.8kB (min=103.3kB, biggest=105.5kB) | arena=0.9kB | V_bus=4.928V I_bus=57.6mA P_bus=284.0mW E_total_accum=157.392mWh
21:31:28.377 > [BENCH] IDLE | t_inference_us=0 | heap=0.3kB/105.8kB (min=103.3kB, biggest=105.5kB) | arena=0.9kB | V_bus=4.924V I_bus=57.7mA P_bus=284.5mW E_total_accum=157.552mWh
21:31:29.805 > 
21:31:29.805 > [EVENT] type=HOUR  Tin=25.50 Hin=65.00 Tout=29.50 Hout=74.60
21:31:29.810 > [infer] REAL - Invoke executed (model ran)
21:31:29.815 > 
21:31:29.816 > [PWR] infer | E_inference_window(ΔE_total)=0.198µWh (E0=157.666504mWh E1=157.666702mWh) | E_inference_pipeline(ΔE_total)=0.488µWh (E0=157.666321mWh E1=157.666809mWh) | t_inference=1.038ms | t_inference_pipeline=6.062ms | E_total_accum=157.667mWh
21:31:29.865 > [BENCH] INFER_HOURLY | t_inference_us=1038 | heap=0.3kB/105.9kB (min=103.3kB, biggest=105.6kB) | arena=0.9kB | V_bus=4.876V I_bus=59.6mA P_bus=293.6mW E_total_accum=157.667mWh
21:31:29.865 > [HOUR] Tin=25.50 Hin=65.00 | Tp=25.43 Hp=65.96
21:31:29.865 > [HOUR] SAMPLES | N_ALL=9 N_T=9 N_H=9
21:31:29.865 > [HOUR] METRICS | MAE=nan RMSE=nan R2=NA | MAE_T=nan RMSE_T=nan R2_T=NA | MAE_H=nan RMSE_H=nan R2_H=NA
21:31:30.225 > [SENSORS] Health IN ok=932 err=0 reinit=0 pwr=0 | OUT ok=933 err=0 reinit=0 pwr=0
21:31:31.882 > [BENCH] IDLE | t_inference_us=0 | heap=0.3kB/105.8kB (min=103.3kB, biggest=105.5kB) | arena=0.9kB | V_bus=4.928V I_bus=59.1mA P_bus=290.8mW E_total_accum=157.834mWh
21:31:33.894 > [BENCH] IDLE | t_inference_us=0 | heap=0.3kB/105.8kB (min=103.3kB, biggest=105.5kB) | arena=0.9kB | V_bus=4.932V I_bus=59.2mA P_bus=291.7mW E_total_accum=157.997mWh
21:31:35.924 > [BENCH] IDLE | t_inference_us=0 | heap=0.3kB/105.8kB (min=103.3kB, biggest=105.5kB) | arena=0.9kB | V_bus=4.932V I_bus=59.1mA P_bus=291.1mW E_total_accum=158.160mWh
21:31:37.941 > [BENCH] IDLE | t_inference_us=0 | heap=0.3kB/105.8kB (min=103.3kB, biggest=105.5kB) | arena=0.9kB | V_bus=4.932V I_bus=58.4mA P_bus=287.8mW E_total_accum=158.322mWh
21:31:39.967 > [BENCH] IDLE | t_inference_us=0 | heap=0.3kB/105.8kB (min=103.3kB, biggest=105.5kB) | arena=0.9kB | V_bus=4.928V I_bus=58.3mA P_bus=287.2mW E_total_accum=158.483mWh
21:31:41.994 > [BENCH] IDLE | t_inference_us=0 | heap=0.3kB/105.8kB (min=103.3kB, biggest=105.5kB) | arena=0.9kB | V_bus=4.924V I_bus=58.8mA P_bus=289.6mW E_total_accum=158.645mWh
21:31:44.004 > [BENCH] IDLE | t_inference_us=0 | heap=0.3kB/105.8kB (min=103.3kB, biggest=105.5kB) | arena=0.9kB | V_bus=4.936V I_bus=58.6mA P_bus=288.8mW E_total_accum=158.807mWh
21:31:46.039 > [BENCH] IDLE | t_inference_us=0 | heap=0.3kB/105.8kB (min=103.3kB, biggest=105.5kB) | arena=0.9kB | V_bus=4.928V I_bus=58.3mA P_bus=287.1mW E_total_accum=158.968mWh
21:31:48.065 > [BENCH] IDLE | t_inference_us=0 | heap=0.3kB/105.8kB (min=103.3kB, biggest=105.5kB) | arena=0.9kB | V_bus=4.924V I_bus=58.2mA P_bus=286.7mW E_total_accum=159.129mWh
21:31:50.079 > [BENCH] IDLE | t_inference_us=0 | heap=0.3kB/105.8kB (min=103.3kB, biggest=105.5kB) | arena=0.9kB | V_bus=4.928V I_bus=58.0mA P_bus=285.8mW E_total_accum=159.289mWh
21:31:52.109 > [BENCH] IDLE | t_inference_us=0 | heap=0.3kB/105.8kB (min=103.3kB, biggest=105.5kB) | arena=0.9kB | V_bus=4.932V I_bus=58.0mA P_bus=285.9mW E_total_accum=159.450mWh
21:31:54.124 > [BENCH] IDLE | t_inference_us=0 | heap=0.3kB/105.8kB (min=103.3kB, biggest=105.5kB) | arena=0.9kB | V_bus=4.948V I_bus=58.0mA P_bus=286.3mW E_total_accum=159.610mWh
21:31:56.134 > [BENCH] IDLE | t_inference_us=0 | heap=0.3kB/105.8kB (min=103.3kB, biggest=105.5kB) | arena=0.9kB | V_bus=4.924V I_bus=57.9mA P_bus=285.6mW E_total_accum=159.770mWh
21:31:58.169 > [BENCH] IDLE | t_inference_us=0 | heap=0.3kB/105.8kB (min=103.3kB, biggest=105.5kB) | arena=0.9kB | V_bus=4.928V I_bus=58.5mA P_bus=288.4mW E_total_accum=159.932mWh
21:32:00.183 > [BENCH] IDLE | t_inference_us=0 | heap=0.3kB/105.8kB (min=103.3kB, biggest=105.5kB) | arena=0.9kB | V_bus=4.936V I_bus=58.4mA P_bus=287.9mW E_total_accum=160.093mWh
21:32:02.203 > [BENCH] IDLE | t_inference_us=0 | heap=0.3kB/105.8kB (min=103.3kB, biggest=105.5kB) | arena=0.9kB | V_bus=4.928V I_bus=57.9mA P_bus=285.3mW E_total_accum=160.253mWh
21:32:04.238 > [BENCH] IDLE | t_inference_us=0 | heap=0.3kB/105.8kB (min=103.3kB, biggest=105.5kB) | arena=0.9kB | V_bus=4.920V I_bus=57.8mA P_bus=285.0mW E_total_accum=160.413mWh
21:32:06.250 > [BENCH] IDLE | t_inference_us=0 | heap=0.3kB/105.8kB (min=103.3kB, biggest=105.5kB) | arena=0.9kB | V_bus=4.964V I_bus=58.2mA P_bus=287.1mW E_total_accum=160.574mWh
21:32:08.268 > [BENCH] IDLE | t_inference_us=0 | heap=0.3kB/105.8kB (min=103.3kB, biggest=105.5kB) | arena=0.9kB | V_bus=4.932V I_bus=57.9mA P_bus=285.6mW E_total_accum=160.734mWh
21:32:10.308 > [BENCH] IDLE | t_inference_us=0 | heap=0.3kB/105.8kB (min=103.3kB, biggest=105.5kB) | arena=0.9kB | V_bus=4.920V I_bus=57.7mA P_bus=284.8mW E_total_accum=160.894mWh
21:32:12.330 > [BENCH] IDLE | t_inference_us=0 | heap=0.3kB/105.8kB (min=103.3kB, biggest=105.5kB) | arena=0.9kB | V_bus=4.928V I_bus=57.7mA P_bus=284.6mW E_total_accum=161.053mWh
21:32:14.352 > [BENCH] IDLE | t_inference_us=0 | heap=0.3kB/105.8kB (min=103.3kB, biggest=105.5kB) | arena=0.9kB | V_bus=4.932V I_bus=57.9mA P_bus=285.7mW E_total_accum=161.214mWh
21:32:16.370 > [BENCH] IDLE | t_inference_us=0 | heap=0.3kB/105.8kB (min=103.3kB, biggest=105.5kB) | arena=0.9kB | V_bus=4.928V I_bus=58.2mA P_bus=286.8mW E_total_accum=161.374mWh
21:32:18.398 > [BENCH] IDLE | t_inference_us=0 | heap=0.3kB/105.8kB (min=103.3kB, biggest=105.5kB) | arena=0.9kB | V_bus=4.924V I_bus=57.7mA P_bus=284.4mW E_total_accum=161.534mWh
21:32:20.421 > [BENCH] IDLE | t_inference_us=0 | heap=0.3kB/105.8kB (min=103.3kB, biggest=105.5kB) | arena=0.9kB | V_bus=4.932V I_bus=57.9mA P_bus=285.4mW E_total_accum=161.694mWh
21:32:22.441 > [BENCH] IDLE | t_inference_us=0 | heap=0.3kB/105.8kB (min=103.3kB, biggest=105.5kB) | arena=0.9kB | V_bus=4.928V I_bus=58.3mA P_bus=287.3mW E_total_accum=161.855mWh
21:32:24.459 > [BENCH] IDLE | t_inference_us=0 | heap=0.3kB/105.8kB (min=103.3kB, biggest=105.5kB) | arena=0.9kB | V_bus=4.932V I_bus=58.0mA P_bus=286.0mW E_total_accum=162.016mWh
21:32:26.484 > [BENCH] IDLE | t_inference_us=0 | heap=0.3kB/105.8kB (min=103.3kB, biggest=105.5kB) | arena=0.9kB | V_bus=4.932V I_bus=57.7mA P_bus=284.7mW E_total_accum=162.175mWh
21:32:28.510 > [BENCH] IDLE | t_inference_us=0 | heap=0.3kB/105.8kB (min=103.3kB, biggest=105.5kB) | arena=0.9kB | V_bus=4.928V I_bus=58.1mA P_bus=286.6mW E_total_accum=162.336mWh
21:32:29.916 > 
21:32:29.916 > [EVENT] type=HOUR  Tin=25.30 Hin=64.50 Tout=29.40 Hout=74.40
21:32:29.935 > [infer] REAL - Invoke executed (model ran)
21:32:29.938 > 
21:32:29.939 > [PWR] infer | E_inference_window(ΔE_total)=0.198µWh (E0=162.448914mWh E1=162.449112mWh) | E_inference_pipeline(ΔE_total)=0.488µWh (E0=162.448730mWh E1=162.449219mWh) | t_inference=1.039ms | t_inference_pipeline=6.063ms | E_total_accum=162.449mWh
21:32:29.961 > [BENCH] INFER_HOURLY | t_inference_us=1039 | heap=0.3kB/105.9kB (min=103.3kB, biggest=105.6kB) | arena=0.9kB | V_bus=4.860V I_bus=58.0mA P_bus=284.7mW E_total_accum=162.449mWh
21:32:29.979 > [HOUR] Tin=25.30 Hin=64.50 | Tp=25.33 Hp=64.84
21:32:29.980 > [HOUR] SAMPLES | N_ALL=10 N_T=10 N_H=10
21:32:29.983 > [HOUR] METRICS | MAE=nan RMSE=nan R2=NA | MAE_T=nan RMSE_T=nan R2_T=NA | MAE_H=nan RMSE_H=nan R2_H=NA
21:32:30.348 > [SENSORS] Health IN ok=961 err=0 reinit=0 pwr=0 | OUT ok=961 err=0 reinit=0 pwr=0
21:32:32.003 > [BENCH] IDLE | t_inference_us=0 | heap=0.3kB/105.8kB (min=103.3kB, biggest=105.5kB) | arena=0.9kB | V_bus=4.936V I_bus=58.3mA P_bus=286.5mW E_total_accum=162.614mWh
21:32:34.015 > [BENCH] IDLE | t_inference_us=0 | heap=0.3kB/105.8kB (min=103.3kB, biggest=105.5kB) | arena=0.9kB | V_bus=4.924V I_bus=58.1mA P_bus=285.8mW E_total_accum=162.774mWh
21:32:36.048 > [BENCH] IDLE | t_inference_us=0 | heap=0.3kB/105.8kB (min=103.3kB, biggest=105.5kB) | arena=0.9kB | V_bus=4.960V I_bus=59.1mA P_bus=291.1mW E_total_accum=162.937mWh
21:32:38.068 > [BENCH] IDLE | t_inference_us=0 | heap=0.3kB/105.8kB (min=103.3kB, biggest=105.5kB) | arena=0.9kB | V_bus=4.936V I_bus=58.8mA P_bus=289.8mW E_total_accum=163.100mWh
21:32:40.093 > [BENCH] IDLE | t_inference_us=0 | heap=0.3kB/105.8kB (min=103.3kB, biggest=105.5kB) | arena=0.9kB | V_bus=4.924V I_bus=58.5mA P_bus=288.2mW E_total_accum=163.261mWh
21:32:42.111 > [BENCH] IDLE | t_inference_us=0 | heap=0.3kB/105.8kB (min=103.3kB, biggest=105.5kB) | arena=0.9kB | V_bus=4.928V I_bus=58.2mA P_bus=286.8mW E_total_accum=163.422mWh
21:32:44.132 > [BENCH] IDLE | t_inference_us=0 | heap=0.3kB/105.8kB (min=103.3kB, biggest=105.5kB) | arena=0.9kB | V_bus=4.936V I_bus=58.3mA P_bus=287.4mW E_total_accum=163.583mWh
21:32:46.162 > [BENCH] IDLE | t_inference_us=0 | heap=0.3kB/105.8kB (min=103.3kB, biggest=105.5kB) | arena=0.9kB | V_bus=4.920V I_bus=58.3mA P_bus=287.4mW E_total_accum=163.744mWh
21:32:48.187 > [BENCH] IDLE | t_inference_us=0 | heap=0.3kB/105.8kB (min=103.3kB, biggest=105.5kB) | arena=0.9kB | V_bus=4.932V I_bus=57.9mA P_bus=285.4mW E_total_accum=163.904mWh
21:32:50.208 > [BENCH] IDLE | t_inference_us=0 | heap=0.3kB/105.8kB (min=103.3kB, biggest=105.5kB) | arena=0.9kB | V_bus=4.936V I_bus=58.2mA P_bus=287.0mW E_total_accum=164.065mWh
21:32:52.229 > [BENCH] IDLE | t_inference_us=0 | heap=0.3kB/105.8kB (min=103.3kB, biggest=105.5kB) | arena=0.9kB | V_bus=4.936V I_bus=58.3mA P_bus=287.6mW E_total_accum=164.227mWh
21:32:54.244 > [BENCH] IDLE | t_inference_us=0 | heap=0.3kB/105.8kB (min=103.3kB, biggest=105.5kB) | arena=0.9kB | V_bus=4.932V I_bus=57.7mA P_bus=284.8mW E_total_accum=164.386mWh
21:32:56.277 > [BENCH] IDLE | t_inference_us=0 | heap=0.3kB/105.8kB (min=103.3kB, biggest=105.5kB) | arena=0.9kB | V_bus=4.920V I_bus=58.0mA P_bus=286.0mW E_total_accum=164.547mWh
21:32:58.294 > [BENCH] IDLE | t_inference_us=0 | heap=0.3kB/105.8kB (min=103.3kB, biggest=105.5kB) | arena=0.9kB | V_bus=4.936V I_bus=58.2mA P_bus=286.9mW E_total_accum=164.708mWh
21:33:00.320 > [BENCH] IDLE | t_inference_us=0 | heap=0.3kB/105.8kB (min=103.3kB, biggest=105.5kB) | arena=0.9kB | V_bus=4.932V I_bus=57.8mA P_bus=285.2mW E_total_accum=164.868mWh
21:33:02.340 > [BENCH] IDLE | t_inference_us=0 | heap=0.3kB/105.8kB (min=103.3kB, biggest=105.5kB) | arena=0.9kB | V_bus=4.928V I_bus=57.5mA P_bus=283.7mW E_total_accum=165.027mWh
21:33:04.374 > [BENCH] IDLE | t_inference_us=0 | heap=0.3kB/105.8kB (min=103.3kB, biggest=105.5kB) | arena=0.9kB | V_bus=4.936V I_bus=57.8mA P_bus=284.8mW E_total_accum=165.187mWh
21:33:06.390 > [BENCH] IDLE | t_inference_us=0 | heap=0.3kB/105.8kB (min=103.3kB, biggest=105.5kB) | arena=0.9kB | V_bus=4.928V I_bus=58.2mA P_bus=287.0mW E_total_accum=165.348mWh
21:33:08.422 > [BENCH] IDLE | t_inference_us=0 | heap=0.3kB/105.8kB (min=103.3kB, biggest=105.5kB) | arena=0.9kB | V_bus=4.952V I_bus=59.3mA P_bus=292.7mW E_total_accum=165.512mWh
21:33:10.436 > [BENCH] IDLE | t_inference_us=0 | heap=0.3kB/105.8kB (min=103.3kB, biggest=105.5kB) | arena=0.9kB | V_bus=4.936V I_bus=59.0mA P_bus=291.4mW E_total_accum=165.675mWh
21:33:12.453 > [BENCH] IDLE | t_inference_us=0 | heap=0.3kB/105.8kB (min=103.3kB, biggest=105.5kB) | arena=0.9kB | V_bus=4.932V I_bus=58.5mA P_bus=288.7mW E_total_accum=165.837mWh
21:33:14.471 > [BENCH] IDLE | t_inference_us=0 | heap=0.3kB/105.8kB (min=103.3kB, biggest=105.5kB) | arena=0.9kB | V_bus=4.920V I_bus=58.5mA P_bus=288.3mW E_total_accum=165.998mWh
21:33:16.506 > [BENCH] IDLE | t_inference_us=0 | heap=0.3kB/105.8kB (min=103.3kB, biggest=105.5kB) | arena=0.9kB | V_bus=4.936V I_bus=58.5mA P_bus=288.6mW E_total_accum=166.160mWh
21:33:18.523 > [BENCH] IDLE | t_inference_us=0 | heap=0.3kB/105.8kB (min=103.3kB, biggest=105.5kB) | arena=0.9kB | V_bus=4.932V I_bus=58.0mA P_bus=286.2mW E_total_accum=166.321mWh
21:33:20.549 > [BENCH] IDLE | t_inference_us=0 | heap=0.3kB/105.8kB (min=103.3kB, biggest=105.5kB) | arena=0.9kB | V_bus=4.924V I_bus=57.9mA P_bus=285.3mW E_total_accum=166.481mWh
21:33:22.567 > [BENCH] IDLE | t_inference_us=0 | heap=0.3kB/105.8kB (min=103.3kB, biggest=105.5kB) | arena=0.9kB | V_bus=4.936V I_bus=57.8mA P_bus=285.2mW E_total_accum=166.640mWh
21:33:24.601 > [BENCH] IDLE | t_inference_us=0 | heap=0.3kB/105.8kB (min=103.3kB, biggest=105.5kB) | arena=0.9kB | V_bus=4.924V I_bus=57.8mA P_bus=284.9mW E_total_accum=166.800mWh
21:33:26.619 > [BENCH] IDLE | t_inference_us=0 | heap=0.3kB/105.8kB (min=103.3kB, biggest=105.5kB) | arena=0.9kB | V_bus=4.928V I_bus=57.4mA P_bus=283.2mW E_total_accum=166.959mWh
21:33:28.637 > [BENCH] IDLE | t_inference_us=0 | heap=0.3kB/105.8kB (min=103.3kB, biggest=105.5kB) | arena=0.9kB | V_bus=4.940V I_bus=57.7mA P_bus=284.7mW E_total_accum=167.119mWh
21:33:30.071 > 
21:33:30.071 > [EVENT] type=HOUR  Tin=25.20 Hin=63.60 Tout=29.40 Hout=74.80
21:33:30.079 > [infer] REAL - Invoke executed (model ran)
21:33:30.082 > 
21:33:30.083 > [PWR] infer | E_inference_window(ΔE_total)=0.183µWh (E0=167.231201mWh E1=167.231384mWh) | E_inference_pipeline(ΔE_total)=0.473µWh (E0=167.231018mWh E1=167.231491mWh) | t_inference=1.041ms | t_inference_pipeline=6.063ms | E_total_accum=167.231mWh
21:33:30.104 > [BENCH] INFER_HOURLY | t_inference_us=1041 | heap=0.3kB/105.9kB (min=103.3kB, biggest=105.6kB) | arena=0.9kB | V_bus=4.868V I_bus=57.9mA P_bus=285.0mW E_total_accum=167.231mWh
21:33:30.121 > [HOUR] Tin=25.20 Hin=63.60 | Tp=25.32 Hp=64.47
21:33:30.124 > [HOUR] SAMPLES | N_ALL=11 N_T=11 N_H=11
21:33:30.127 > [HOUR] METRICS | MAE=nan RMSE=nan R2=NA | MAE_T=nan RMSE_T=nan R2_T=NA | MAE_H=nan RMSE_H=nan R2_H=NA
21:33:30.484 > [SENSORS] Health IN ok=989 err=0 reinit=0 pwr=0 | OUT ok=989 err=0 reinit=0 pwr=0
21:33:32.151 > [BENCH] IDLE | t_inference_us=0 | heap=0.3kB/105.8kB (min=103.3kB, biggest=105.5kB) | arena=0.9kB | V_bus=4.940V I_bus=57.9mA P_bus=285.0mW E_total_accum=167.395mWh
21:33:34.164 > [BENCH] IDLE | t_inference_us=0 | heap=0.3kB/105.8kB (min=103.3kB, biggest=105.5kB) | arena=0.9kB | V_bus=4.920V I_bus=57.9mA P_bus=285.3mW E_total_accum=167.555mWh
21:33:36.184 > [BENCH] IDLE | t_inference_us=0 | heap=0.3kB/105.8kB (min=103.3kB, biggest=105.5kB) | arena=0.9kB | V_bus=4.936V I_bus=57.9mA P_bus=285.0mW E_total_accum=167.715mWh
21:33:38.217 > [BENCH] IDLE | t_inference_us=0 | heap=0.3kB/105.8kB (min=103.3kB, biggest=105.5kB) | arena=0.9kB | V_bus=4.936V I_bus=58.1mA P_bus=286.1mW E_total_accum=167.875mWh
21:33:40.236 > [BENCH] IDLE | t_inference_us=0 | heap=0.3kB/105.8kB (min=103.3kB, biggest=105.5kB) | arena=0.9kB | V_bus=4.924V I_bus=58.0mA P_bus=285.8mW E_total_accum=168.035mWh
21:33:42.251 > [BENCH] IDLE | t_inference_us=0 | heap=0.3kB/105.8kB (min=103.3kB, biggest=105.5kB) | arena=0.9kB | V_bus=4.932V I_bus=58.1mA P_bus=286.2mW E_total_accum=168.196mWh
21:33:44.280 > [BENCH] IDLE | t_inference_us=0 | heap=0.3kB/105.8kB (min=103.3kB, biggest=105.5kB) | arena=0.9kB | V_bus=4.936V I_bus=58.1mA P_bus=286.2mW E_total_accum=168.356mWh
21:33:46.299 > [BENCH] IDLE | t_inference_us=0 | heap=0.3kB/105.8kB (min=103.3kB, biggest=105.5kB) | arena=0.9kB | V_bus=4.924V I_bus=58.2mA P_bus=286.7mW E_total_accum=168.517mWh
21:33:48.315 > [BENCH] IDLE | t_inference_us=0 | heap=0.3kB/105.8kB (min=103.3kB, biggest=105.5kB) | arena=0.9kB | V_bus=4.928V I_bus=58.5mA P_bus=288.4mW E_total_accum=168.679mWh
21:33:50.349 > [BENCH] IDLE | t_inference_us=0 | heap=0.3kB/105.8kB (min=103.3kB, biggest=105.5kB) | arena=0.9kB | V_bus=4.932V I_bus=57.9mA P_bus=285.4mW E_total_accum=168.838mWh
21:33:52.366 > [BENCH] IDLE | t_inference_us=0 | heap=0.3kB/105.8kB (min=103.3kB, biggest=105.5kB) | arena=0.9kB | V_bus=4.936V I_bus=58.1mA P_bus=286.7mW E_total_accum=168.999mWh
21:33:54.402 > [BENCH] IDLE | t_inference_us=0 | heap=0.3kB/105.8kB (min=103.3kB, biggest=105.5kB) | arena=0.9kB | V_bus=4.936V I_bus=58.2mA P_bus=287.1mW E_total_accum=169.161mWh
21:33:56.413 > [BENCH] IDLE | t_inference_us=0 | heap=0.3kB/105.8kB (min=103.3kB, biggest=105.5kB) | arena=0.9kB | V_bus=4.932V I_bus=57.7mA P_bus=284.7mW E_total_accum=169.320mWh
21:33:58.447 > [BENCH] IDLE | t_inference_us=0 | heap=0.3kB/105.8kB (min=103.3kB, biggest=105.5kB) | arena=0.9kB | V_bus=4.932V I_bus=58.0mA P_bus=286.0mW E_total_accum=169.481mWh
21:34:00.464 > [BENCH] IDLE | t_inference_us=0 | heap=0.3kB/105.8kB (min=103.3kB, biggest=105.5kB) | arena=0.9kB | V_bus=4.936V I_bus=57.7mA P_bus=284.8mW E_total_accum=169.640mWh
21:34:02.480 > [BENCH] IDLE | t_inference_us=0 | heap=0.3kB/105.8kB (min=103.3kB, biggest=105.5kB) | arena=0.9kB | V_bus=4.920V I_bus=57.9mA P_bus=285.6mW E_total_accum=169.800mWh
21:34:04.514 > [BENCH] IDLE | t_inference_us=0 | heap=0.3kB/105.8kB (min=103.3kB, biggest=105.5kB) | arena=0.9kB | V_bus=4.936V I_bus=58.0mA P_bus=286.0mW E_total_accum=169.961mWh
21:34:06.544 > [BENCH] IDLE | t_inference_us=0 | heap=0.3kB/105.8kB (min=103.3kB, biggest=105.5kB) | arena=0.9kB | V_bus=4.920V I_bus=58.0mA P_bus=286.1mW E_total_accum=170.121mWh
21:34:08.560 > [BENCH] IDLE | t_inference_us=0 | heap=0.3kB/105.8kB (min=103.3kB, biggest=105.5kB) | arena=0.9kB | V_bus=4.932V I_bus=57.6mA P_bus=283.7mW E_total_accum=170.281mWh
21:34:10.578 > [BENCH] IDLE | t_inference_us=0 | heap=0.3kB/105.8kB (min=103.3kB, biggest=105.5kB) | arena=0.9kB | V_bus=4.932V I_bus=57.7mA P_bus=284.7mW E_total_accum=170.440mWh
21:34:12.618 > [BENCH] IDLE | t_inference_us=0 | heap=0.3kB/105.8kB (min=103.3kB, biggest=105.5kB) | arena=0.9kB | V_bus=4.928V I_bus=58.0mA P_bus=286.0mW E_total_accum=170.601mWh
21:34:14.629 > [BENCH] IDLE | t_inference_us=0 | heap=0.3kB/105.8kB (min=103.3kB, biggest=105.5kB) | arena=0.9kB | V_bus=4.932V I_bus=57.5mA P_bus=283.5mW E_total_accum=170.759mWh
21:34:16.664 > [BENCH] IDLE | t_inference_us=0 | heap=0.3kB/105.8kB (min=103.3kB, biggest=105.5kB) | arena=0.9kB | V_bus=4.928V I_bus=58.1mA P_bus=286.4mW E_total_accum=170.920mWh
21:34:18.675 > [BENCH] IDLE | t_inference_us=0 | heap=0.3kB/105.8kB (min=103.3kB, biggest=105.5kB) | arena=0.9kB | V_bus=4.936V I_bus=58.1mA P_bus=286.3mW E_total_accum=171.081mWh
21:34:20.709 > [BENCH] IDLE | t_inference_us=0 | heap=0.3kB/105.8kB (min=103.3kB, biggest=105.5kB) | arena=0.9kB | V_bus=4.956V I_bus=59.4mA P_bus=293.0mW E_total_accum=171.245mWh
21:34:22.728 > [BENCH] IDLE | t_inference_us=0 | heap=0.3kB/105.8kB (min=103.3kB, biggest=105.5kB) | arena=0.9kB | V_bus=4.928V I_bus=59.6mA P_bus=294.1mW E_total_accum=171.410mWh
21:34:24.742 > [BENCH] IDLE | t_inference_us=0 | heap=0.3kB/105.8kB (min=103.3kB, biggest=105.5kB) | arena=0.9kB | V_bus=4.928V I_bus=58.8mA P_bus=290.2mW E_total_accum=171.572mWh
21:34:26.777 > [BENCH] IDLE | t_inference_us=0 | heap=0.3kB/105.8kB (min=103.3kB, biggest=105.5kB) | arena=0.9kB | V_bus=4.936V I_bus=58.8mA P_bus=290.1mW E_total_accum=171.735mWh
21:34:28.789 > [BENCH] IDLE | t_inference_us=0 | heap=0.3kB/105.8kB (min=103.3kB, biggest=105.5kB) | arena=0.9kB | V_bus=4.948V I_bus=58.5mA P_bus=288.7mW E_total_accum=171.897mWh
21:34:30.174 > 
21:34:30.174 > [EVENT] type=HOUR  Tin=25.20 Hin=62.93 Tout=29.40 Hout=74.80
21:34:30.174 > [infer] REAL - Invoke executed (model ran)
21:34:30.185 > 
21:34:30.186 > [PWR] infer | E_inference_window(ΔE_total)=0.198µWh (E0=172.006622mWh E1=172.006821mWh) | E_inference_pipeline(ΔE_total)=0.488µWh (E0=172.006439mWh E1=172.006927mWh) | t_inference=1.038ms | t_inference_pipeline=6.061ms | E_total_accum=172.007mWh
21:34:30.208 > [BENCH] INFER_HOURLY | t_inference_us=1038 | heap=0.3kB/105.9kB (min=103.3kB, biggest=105.6kB) | arena=0.9kB | V_bus=4.908V I_bus=59.4mA P_bus=292.3mW E_total_accum=172.007mWh
21:34:30.224 > [HOUR] Tin=25.20 Hin=62.93 | Tp=25.22 Hp=63.63
21:34:30.226 > [HOUR] SAMPLES | N_ALL=12 N_T=12 N_H=12
21:34:30.230 > [HOUR] METRICS | MAE=nan RMSE=nan R2=NA | MAE_T=nan RMSE_T=nan R2_T=NA | MAE_H=nan RMSE_H=nan R2_H=NA
21:34:30.625 > [SENSORS] Health IN ok=1017 err=0 reinit=0 pwr=0 | OUT ok=1017 err=0 reinit=0 pwr=0
21:34:32.240 > [BENCH] IDLE | t_inference_us=0 | heap=0.3kB/105.8kB (min=103.3kB, biggest=105.5kB) | arena=0.9kB | V_bus=4.928V I_bus=59.5mA P_bus=293.0mW E_total_accum=172.175mWh
21:34:34.274 > [BENCH] IDLE | t_inference_us=0 | heap=0.3kB/105.8kB (min=103.3kB, biggest=105.5kB) | arena=0.9kB | V_bus=4.932V I_bus=58.6mA P_bus=288.9mW E_total_accum=172.337mWh
21:34:36.292 > [BENCH] IDLE | t_inference_us=0 | heap=0.3kB/105.8kB (min=103.3kB, biggest=105.5kB) | arena=0.9kB | V_bus=4.924V I_bus=58.7mA P_bus=289.2mW E_total_accum=172.499mWh
21:34:38.323 > [BENCH] IDLE | t_inference_us=0 | heap=0.3kB/105.8kB (min=103.3kB, biggest=105.5kB) | arena=0.9kB | V_bus=4.932V I_bus=58.6mA P_bus=288.7mW E_total_accum=172.661mWh
21:34:40.338 > [BENCH] IDLE | t_inference_us=0 | heap=0.3kB/105.8kB (min=103.3kB, biggest=105.5kB) | arena=0.9kB | V_bus=4.932V I_bus=58.0mA P_bus=285.8mW E_total_accum=172.821mWh
21:34:42.372 > [BENCH] IDLE | t_inference_us=0 | heap=0.3kB/105.8kB (min=103.3kB, biggest=105.5kB) | arena=0.9kB | V_bus=4.932V I_bus=58.1mA P_bus=286.2mW E_total_accum=172.982mWh
21:34:44.389 > [BENCH] IDLE | t_inference_us=0 | heap=0.3kB/105.8kB (min=103.3kB, biggest=105.5kB) | arena=0.9kB | V_bus=4.940V I_bus=58.1mA P_bus=286.3mW E_total_accum=173.143mWh
21:34:46.421 > [BENCH] IDLE | t_inference_us=0 | heap=0.3kB/105.8kB (min=103.3kB, biggest=105.5kB) | arena=0.9kB | V_bus=4.920V I_bus=58.0mA P_bus=285.7mW E_total_accum=173.303mWh
21:34:48.435 > [BENCH] IDLE | t_inference_us=0 | heap=0.3kB/105.8kB (min=103.3kB, biggest=105.5kB) | arena=0.9kB | V_bus=4.936V I_bus=58.1mA P_bus=286.4mW E_total_accum=173.463mWh
21:34:50.457 > [BENCH] IDLE | t_inference_us=0 | heap=0.3kB/105.8kB (min=103.3kB, biggest=105.5kB) | arena=0.9kB | V_bus=4.956V I_bus=57.3mA P_bus=282.9mW E_total_accum=173.622mWh
21:34:52.472 > [BENCH] IDLE | t_inference_us=0 | heap=0.3kB/105.8kB (min=103.3kB, biggest=105.5kB) | arena=0.9kB | V_bus=4.936V I_bus=57.6mA P_bus=284.2mW E_total_accum=173.781mWh
21:34:54.502 > [BENCH] IDLE | t_inference_us=0 | heap=0.3kB/105.8kB (min=103.3kB, biggest=105.5kB) | arena=0.9kB | V_bus=4.924V I_bus=58.2mA P_bus=286.9mW E_total_accum=173.942mWh
21:34:56.521 > [BENCH] IDLE | t_inference_us=0 | heap=0.3kB/105.8kB (min=103.3kB, biggest=105.5kB) | arena=0.9kB | V_bus=4.932V I_bus=57.7mA P_bus=284.4mW E_total_accum=174.102mWh
21:34:58.556 > [BENCH] IDLE | t_inference_us=0 | heap=0.3kB/105.8kB (min=103.3kB, biggest=105.5kB) | arena=0.9kB | V_bus=4.952V I_bus=57.7mA P_bus=284.7mW E_total_accum=174.261mWh
21:35:00.567 > [BENCH] IDLE | t_inference_us=0 | heap=0.3kB/105.8kB (min=103.3kB, biggest=105.5kB) | arena=0.9kB | V_bus=4.928V I_bus=57.5mA P_bus=283.9mW E_total_accum=174.420mWh
21:35:02.584 > [BENCH] IDLE | t_inference_us=0 | heap=0.3kB/105.8kB (min=103.3kB, biggest=105.5kB) | arena=0.9kB | V_bus=4.932V I_bus=57.3mA P_bus=283.0mW E_total_accum=174.579mWh
21:35:04.621 > [BENCH] IDLE | t_inference_us=0 | heap=0.3kB/105.8kB (min=103.3kB, biggest=105.5kB) | arena=0.9kB | V_bus=4.924V I_bus=58.0mA P_bus=286.1mW E_total_accum=174.739mWh
21:35:06.634 > [BENCH] IDLE | t_inference_us=0 | heap=0.3kB/105.8kB (min=103.3kB, biggest=105.5kB) | arena=0.9kB | V_bus=4.928V I_bus=57.5mA P_bus=283.5mW E_total_accum=174.898mWh
21:35:08.651 > [BENCH] IDLE | t_inference_us=0 | heap=0.3kB/105.8kB (min=103.3kB, biggest=105.5kB) | arena=0.9kB | V_bus=4.932V I_bus=57.8mA P_bus=285.2mW E_total_accum=175.058mWh
21:35:10.680 > [BENCH] IDLE | t_inference_us=0 | heap=0.3kB/105.8kB (min=103.3kB, biggest=105.5kB) | arena=0.9kB | V_bus=4.936V I_bus=58.0mA P_bus=285.9mW E_total_accum=175.219mWh
21:35:12.716 > [BENCH] IDLE | t_inference_us=0 | heap=0.3kB/105.8kB (min=103.3kB, biggest=105.5kB) | arena=0.9kB | V_bus=4.928V I_bus=57.7mA P_bus=284.3mW E_total_accum=175.378mWh
21:35:14.732 > [BENCH] IDLE | t_inference_us=0 | heap=0.3kB/105.8kB (min=103.3kB, biggest=105.5kB) | arena=0.9kB | V_bus=4.928V I_bus=57.5mA P_bus=283.6mW E_total_accum=175.537mWh
21:35:16.749 > [BENCH] IDLE | t_inference_us=0 | heap=0.3kB/105.8kB (min=103.3kB, biggest=105.5kB) | arena=0.9kB | V_bus=4.936V I_bus=57.7mA P_bus=284.6mW E_total_accum=175.697mWh
21:35:18.783 > [BENCH] IDLE | t_inference_us=0 | heap=0.3kB/105.8kB (min=103.3kB, biggest=105.5kB) | arena=0.9kB | V_bus=4.920V I_bus=57.9mA P_bus=285.3mW E_total_accum=175.857mWh
21:35:20.800 > [BENCH] IDLE | t_inference_us=0 | heap=0.3kB/105.8kB (min=103.3kB, biggest=105.5kB) | arena=0.9kB | V_bus=4.936V I_bus=57.6mA P_bus=284.0mW E_total_accum=176.016mWh
21:35:22.830 > [BENCH] IDLE | t_inference_us=0 | heap=0.3kB/105.8kB (min=103.3kB, biggest=105.5kB) | arena=0.9kB | V_bus=4.924V I_bus=58.1mA P_bus=286.6mW E_total_accum=176.177mWh
21:35:24.855 > [BENCH] IDLE | t_inference_us=0 | heap=0.3kB/105.8kB (min=103.3kB, biggest=105.5kB) | arena=0.9kB | V_bus=4.936V I_bus=58.1mA P_bus=286.5mW E_total_accum=176.338mWh
21:35:26.881 > [BENCH] IDLE | t_inference_us=0 | heap=0.3kB/105.8kB (min=103.3kB, biggest=105.5kB) | arena=0.9kB | V_bus=4.928V I_bus=58.0mA P_bus=286.0mW E_total_accum=176.498mWh
21:35:28.906 > [BENCH] IDLE | t_inference_us=0 | heap=0.3kB/105.8kB (min=103.3kB, biggest=105.5kB) | arena=0.9kB | V_bus=4.932V I_bus=58.0mA P_bus=286.2mW E_total_accum=176.658mWh
21:35:30.313 > 
21:35:30.313 > [EVENT] type=HOUR  Tin=25.60 Hin=63.40 Tout=29.40 Hout=74.40
21:35:30.321 > [infer] REAL - Invoke executed (model ran)
21:35:30.324 > 
21:35:30.324 > [PWR] infer | E_inference_window(ΔE_total)=0.198µWh (E0=176.773041mWh E1=176.773239mWh) | E_inference_pipeline(ΔE_total)=0.488µWh (E0=176.772858mWh E1=176.773346mWh) | t_inference=1.039ms | t_inference_pipeline=6.062ms | E_total_accum=176.773mWh
21:35:30.346 > [BENCH] INFER_HOURLY | t_inference_us=1039 | heap=0.3kB/105.9kB (min=103.3kB, biggest=105.6kB) | arena=0.9kB | V_bus=4.908V I_bus=58.9mA P_bus=290.4mW E_total_accum=176.773mWh
21:35:30.362 > [HOUR] Tin=25.60 Hin=63.40 | Tp=25.31 Hp=63.02
21:35:30.366 > [HOUR] SAMPLES | N_ALL=13 N_T=13 N_H=13
21:35:30.368 > [HOUR] METRICS | MAE=nan RMSE=nan R2=NA | MAE_T=nan RMSE_T=nan R2_T=NA | MAE_H=nan RMSE_H=nan R2_H=NA
21:35:30.777 > [SENSORS] Health IN ok=1045 err=0 reinit=0 pwr=0 | OUT ok=1046 err=0 reinit=0 pwr=0
21:35:32.380 > [BENCH] IDLE | t_inference_us=0 | heap=0.3kB/105.8kB (min=103.3kB, biggest=105.5kB) | arena=0.9kB | V_bus=4.932V I_bus=58.4mA P_bus=287.8mW E_total_accum=176.939mWh
21:35:34.412 > [BENCH] IDLE | t_inference_us=0 | heap=0.3kB/105.8kB (min=103.3kB, biggest=105.5kB) | arena=0.9kB | V_bus=4.920V I_bus=58.3mA P_bus=286.9mW E_total_accum=177.100mWh
21:35:36.429 > [BENCH] IDLE | t_inference_us=0 | heap=0.3kB/105.8kB (min=103.3kB, biggest=105.5kB) | arena=0.9kB | V_bus=4.936V I_bus=58.3mA P_bus=287.2mW E_total_accum=177.261mWh
21:35:38.460 > [BENCH] IDLE | t_inference_us=0 | heap=0.3kB/105.8kB (min=103.3kB, biggest=105.5kB) | arena=0.9kB | V_bus=4.924V I_bus=58.6mA P_bus=288.7mW E_total_accum=177.423mWh
21:35:40.478 > [BENCH] IDLE | t_inference_us=0 | heap=0.3kB/105.8kB (min=103.3kB, biggest=105.5kB) | arena=0.9kB | V_bus=4.928V I_bus=58.2mA P_bus=286.6mW E_total_accum=177.583mWh
21:35:42.508 > [BENCH] IDLE | t_inference_us=0 | heap=0.3kB/105.8kB (min=103.3kB, biggest=105.5kB) | arena=0.9kB | V_bus=4.936V I_bus=58.3mA P_bus=287.5mW E_total_accum=177.745mWh
21:35:44.525 > [BENCH] IDLE | t_inference_us=0 | heap=0.3kB/105.8kB (min=103.3kB, biggest=105.5kB) | arena=0.9kB | V_bus=4.936V I_bus=58.2mA P_bus=287.2mW E_total_accum=177.906mWh
21:35:46.543 > [BENCH] IDLE | t_inference_us=0 | heap=0.3kB/105.8kB (min=103.3kB, biggest=105.5kB) | arena=0.9kB | V_bus=4.928V I_bus=57.7mA P_bus=284.4mW E_total_accum=178.065mWh
21:35:48.576 > [BENCH] IDLE | t_inference_us=0 | heap=0.3kB/105.8kB (min=103.3kB, biggest=105.5kB) | arena=0.9kB | V_bus=4.920V I_bus=57.7mA P_bus=284.2mW E_total_accum=178.225mWh
21:35:50.593 > [BENCH] IDLE | t_inference_us=0 | heap=0.3kB/105.8kB (min=103.3kB, biggest=105.5kB) | arena=0.9kB | V_bus=4.936V I_bus=57.7mA P_bus=284.4mW E_total_accum=178.384mWh
21:35:52.610 > [BENCH] IDLE | t_inference_us=0 | heap=0.3kB/105.8kB (min=103.3kB, biggest=105.5kB) | arena=0.9kB | V_bus=4.920V I_bus=57.8mA P_bus=284.7mW E_total_accum=178.544mWh
21:35:54.640 > [BENCH] IDLE | t_inference_us=0 | heap=0.3kB/105.8kB (min=103.3kB, biggest=105.5kB) | arena=0.9kB | V_bus=4.924V I_bus=57.7mA P_bus=284.3mW E_total_accum=178.703mWh
21:35:56.656 > [BENCH] IDLE | t_inference_us=0 | heap=0.3kB/105.8kB (min=103.3kB, biggest=105.5kB) | arena=0.9kB | V_bus=4.940V I_bus=57.9mA P_bus=285.2mW E_total_accum=178.863mWh
21:35:58.690 > [BENCH] IDLE | t_inference_us=0 | heap=0.3kB/105.8kB (min=103.3kB, biggest=105.5kB) | arena=0.9kB | V_bus=4.932V I_bus=58.0mA P_bus=285.8mW E_total_accum=179.024mWh
21:36:00.707 > [BENCH] IDLE | t_inference_us=0 | heap=0.3kB/105.8kB (min=103.3kB, biggest=105.5kB) | arena=0.9kB | V_bus=4.932V I_bus=57.4mA P_bus=283.2mW E_total_accum=179.182mWh
21:36:02.742 > [BENCH] IDLE | t_inference_us=0 | heap=0.3kB/105.8kB (min=103.3kB, biggest=105.5kB) | arena=0.9kB | V_bus=4.948V I_bus=58.8mA P_bus=290.1mW E_total_accum=179.345mWh
21:36:04.759 > [BENCH] IDLE | t_inference_us=0 | heap=0.3kB/105.8kB (min=103.3kB, biggest=105.5kB) | arena=0.9kB | V_bus=4.928V I_bus=59.1mA P_bus=291.4mW E_total_accum=179.508mWh
21:36:06.772 > [BENCH] IDLE | t_inference_us=0 | heap=0.3kB/105.8kB (min=103.3kB, biggest=105.5kB) | arena=0.9kB | V_bus=4.932V I_bus=58.4mA P_bus=288.2mW E_total_accum=179.670mWh
21:36:08.802 > [BENCH] IDLE | t_inference_us=0 | heap=0.3kB/105.8kB (min=103.3kB, biggest=105.5kB) | arena=0.9kB | V_bus=4.928V I_bus=58.4mA P_bus=288.1mW E_total_accum=179.831mWh
21:36:10.807 > [BENCH] IDLE | t_inference_us=0 | heap=0.3kB/105.8kB (min=103.3kB, biggest=105.5kB) | arena=0.9kB | V_bus=4.928V I_bus=58.8mA P_bus=289.8mW E_total_accum=179.993mWh
21:36:12.845 > [BENCH] IDLE | t_inference_us=0 | heap=0.3kB/105.8kB (min=103.3kB, biggest=105.5kB) | arena=0.9kB | V_bus=4.932V I_bus=58.3mA P_bus=287.3mW E_total_accum=180.155mWh
21:36:14.867 > [BENCH] IDLE | t_inference_us=0 | heap=0.3kB/105.8kB (min=103.3kB, biggest=105.5kB) | arena=0.9kB | V_bus=4.924V I_bus=58.3mA P_bus=287.2mW E_total_accum=180.316mWh
21:36:16.885 > [BENCH] IDLE | t_inference_us=0 | heap=0.3kB/105.8kB (min=103.3kB, biggest=105.5kB) | arena=0.9kB | V_bus=4.936V I_bus=58.3mA P_bus=287.2mW E_total_accum=180.477mWh
21:36:18.905 > [BENCH] IDLE | t_inference_us=0 | heap=0.3kB/105.8kB (min=103.3kB, biggest=105.5kB) | arena=0.9kB | V_bus=4.932V I_bus=58.4mA P_bus=288.2mW E_total_accum=180.638mWh
21:36:20.934 > [BENCH] IDLE | t_inference_us=0 | heap=0.3kB/105.8kB (min=103.3kB, biggest=105.5kB) | arena=0.9kB | V_bus=4.928V I_bus=58.1mA P_bus=286.6mW E_total_accum=180.799mWh
21:36:22.953 > [BENCH] IDLE | t_inference_us=0 | heap=0.3kB/105.8kB (min=103.3kB, biggest=105.5kB) | arena=0.9kB | V_bus=4.924V I_bus=58.0mA P_bus=285.8mW E_total_accum=180.960mWh
21:36:24.970 > [BENCH] IDLE | t_inference_us=0 | heap=0.3kB/105.8kB (min=103.3kB, biggest=105.5kB) | arena=0.9kB | V_bus=4.928V I_bus=57.8mA P_bus=284.8mW E_total_accum=181.119mWh
21:36:27.000 > [BENCH] IDLE | t_inference_us=0 | heap=0.3kB/105.8kB (min=103.3kB, biggest=105.5kB) | arena=0.9kB | V_bus=4.932V I_bus=57.9mA P_bus=285.5mW E_total_accum=181.280mWh
21:36:29.016 > [BENCH] IDLE | t_inference_us=0 | heap=0.3kB/105.8kB (min=103.3kB, biggest=105.5kB) | arena=0.9kB | V_bus=4.928V I_bus=58.3mA P_bus=287.5mW E_total_accum=181.441mWh
21:36:30.450 > 
21:36:30.450 > [EVENT] type=HOUR  Tin=26.20 Hin=64.50 Tout=29.40 Hout=74.30
21:36:30.450 > [infer] REAL - Invoke executed (model ran)
21:36:30.461 > 
21:36:30.462 > [PWR] infer | E_inference_window(ΔE_total)=0.198µWh (E0=181.554016mWh E1=181.554214mWh) | E_inference_pipeline(ΔE_total)=0.488µWh (E0=181.553833mWh E1=181.554321mWh) | t_inference=1.039ms | t_inference_pipeline=6.064ms | E_total_accum=181.554mWh
21:36:30.484 > [BENCH] INFER_HOURLY | t_inference_us=1039 | heap=0.3kB/105.9kB (min=103.3kB, biggest=105.6kB) | arena=0.9kB | V_bus=4.896V I_bus=59.2mA P_bus=291.1mW E_total_accum=181.554mWh
21:36:30.499 > [HOUR] Tin=26.20 Hin=64.50 | Tp=25.71 Hp=63.50
21:36:30.503 > [HOUR] SAMPLES | N_ALL=14 N_T=14 N_H=14
21:36:30.507 > [HOUR] METRICS | MAE=nan RMSE=nan R2=NA | MAE_T=nan RMSE_T=nan R2_T=NA | MAE_H=nan RMSE_H=nan R2_H=NA
21:36:30.912 > [SENSORS] Health IN ok=1074 err=0 reinit=0 pwr=0 | OUT ok=1074 err=0 reinit=0 pwr=0
21:36:32.518 > [BENCH] IDLE | t_inference_us=0 | heap=0.3kB/105.8kB (min=103.3kB, biggest=105.5kB) | arena=0.9kB | V_bus=4.924V I_bus=59.6mA P_bus=293.0mW E_total_accum=181.722mWh
21:36:34.535 > [BENCH] IDLE | t_inference_us=0 | heap=0.3kB/105.8kB (min=103.3kB, biggest=105.5kB) | arena=0.9kB | V_bus=4.920V I_bus=59.4mA P_bus=292.0mW E_total_accum=181.886mWh
21:36:36.564 > [BENCH] IDLE | t_inference_us=0 | heap=0.3kB/105.8kB (min=103.3kB, biggest=105.5kB) | arena=0.9kB | V_bus=4.928V I_bus=58.6mA P_bus=288.3mW E_total_accum=182.048mWh
21:36:38.580 > [BENCH] IDLE | t_inference_us=0 | heap=0.3kB/105.8kB (min=103.3kB, biggest=105.5kB) | arena=0.9kB | V_bus=4.924V I_bus=58.7mA P_bus=288.6mW E_total_accum=182.209mWh
21:36:40.615 > [BENCH] IDLE | t_inference_us=0 | heap=0.3kB/105.8kB (min=103.3kB, biggest=105.5kB) | arena=0.9kB | V_bus=4.964V I_bus=59.0mA P_bus=291.0mW E_total_accum=182.373mWh
21:36:42.632 > [BENCH] IDLE | t_inference_us=0 | heap=0.3kB/105.8kB (min=103.3kB, biggest=105.5kB) | arena=0.9kB | V_bus=4.932V I_bus=58.7mA P_bus=289.4mW E_total_accum=182.535mWh
21:36:44.649 > [BENCH] IDLE | t_inference_us=0 | heap=0.3kB/105.8kB (min=103.3kB, biggest=105.5kB) | arena=0.9kB | V_bus=4.924V I_bus=58.5mA P_bus=288.3mW E_total_accum=182.696mWh
21:36:46.672 > [BENCH] IDLE | t_inference_us=0 | heap=0.3kB/105.8kB (min=103.3kB, biggest=105.5kB) | arena=0.9kB | V_bus=4.920V I_bus=58.3mA P_bus=287.1mW E_total_accum=182.857mWh
21:36:48.696 > [BENCH] IDLE | t_inference_us=0 | heap=0.3kB/105.8kB (min=103.3kB, biggest=105.5kB) | arena=0.9kB | V_bus=4.936V I_bus=58.2mA P_bus=286.8mW E_total_accum=183.018mWh
21:36:50.713 > [BENCH] IDLE | t_inference_us=0 | heap=0.3kB/105.8kB (min=103.3kB, biggest=105.5kB) | arena=0.9kB | V_bus=4.924V I_bus=58.7mA P_bus=289.3mW E_total_accum=183.180mWh
21:36:52.746 > [BENCH] IDLE | t_inference_us=0 | heap=0.3kB/105.8kB (min=103.3kB, biggest=105.5kB) | arena=0.9kB | V_bus=4.940V I_bus=58.7mA P_bus=289.2mW E_total_accum=183.342mWh
21:36:54.763 > [BENCH] IDLE | t_inference_us=0 | heap=0.3kB/105.8kB (min=103.3kB, biggest=105.5kB) | arena=0.9kB | V_bus=4.924V I_bus=58.7mA P_bus=289.1mW E_total_accum=183.505mWh
21:36:56.780 > [BENCH] IDLE | t_inference_us=0 | heap=0.3kB/105.8kB (min=103.3kB, biggest=105.5kB) | arena=0.9kB | V_bus=4.924V I_bus=58.1mA P_bus=286.4mW E_total_accum=183.665mWh
21:36:58.808 > [BENCH] IDLE | t_inference_us=0 | heap=0.3kB/105.8kB (min=103.3kB, biggest=105.5kB) | arena=0.9kB | V_bus=4.932V I_bus=57.8mA P_bus=285.1mW E_total_accum=183.825mWh
21:37:00.826 > [BENCH] IDLE | t_inference_us=0 | heap=0.3kB/105.8kB (min=103.3kB, biggest=105.5kB) | arena=0.9kB | V_bus=4.928V I_bus=57.7mA P_bus=284.4mW E_total_accum=183.985mWh
21:37:02.858 > [BENCH] IDLE | t_inference_us=0 | heap=0.3kB/105.8kB (min=103.3kB, biggest=105.5kB) | arena=0.9kB | V_bus=4.936V I_bus=57.8mA P_bus=284.8mW E_total_accum=184.144mWh
21:37:04.878 > [BENCH] IDLE | t_inference_us=0 | heap=0.3kB/105.8kB (min=103.3kB, biggest=105.5kB) | arena=0.9kB | V_bus=4.936V I_bus=58.0mA P_bus=286.2mW E_total_accum=184.305mWh
21:37:06.896 > [BENCH] IDLE | t_inference_us=0 | heap=0.3kB/105.8kB (min=103.3kB, biggest=105.5kB) | arena=0.9kB | V_bus=4.936V I_bus=58.0mA P_bus=286.2mW E_total_accum=184.465mWh
21:37:08.931 > [BENCH] IDLE | t_inference_us=0 | heap=0.3kB/105.8kB (min=103.3kB, biggest=105.5kB) | arena=0.9kB | V_bus=4.928V I_bus=58.3mA P_bus=287.3mW E_total_accum=184.626mWh
21:37:10.941 > [BENCH] IDLE | t_inference_us=0 | heap=0.3kB/105.8kB (min=103.3kB, biggest=105.5kB) | arena=0.9kB | V_bus=4.932V I_bus=57.9mA P_bus=285.5mW E_total_accum=184.786mWh
21:37:12.975 > [BENCH] IDLE | t_inference_us=0 | heap=0.3kB/105.8kB (min=103.3kB, biggest=105.5kB) | arena=0.9kB | V_bus=4.920V I_bus=57.9mA P_bus=285.3mW E_total_accum=184.946mWh
21:37:14.991 > [BENCH] IDLE | t_inference_us=0 | heap=0.3kB/105.8kB (min=103.3kB, biggest=105.5kB) | arena=0.9kB | V_bus=4.924V I_bus=57.7mA P_bus=284.2mW E_total_accum=185.106mWh
21:37:17.010 > [BENCH] IDLE | t_inference_us=0 | heap=0.3kB/105.8kB (min=103.3kB, biggest=105.5kB) | arena=0.9kB | V_bus=4.932V I_bus=57.6mA P_bus=283.9mW E_total_accum=185.265mWh
21:37:19.030 > [BENCH] IDLE | t_inference_us=0 | heap=0.3kB/105.8kB (min=103.3kB, biggest=105.5kB) | arena=0.9kB | V_bus=4.936V I_bus=57.8mA P_bus=284.8mW E_total_accum=185.425mWh
21:37:21.055 > [BENCH] IDLE | t_inference_us=0 | heap=0.3kB/105.8kB (min=103.3kB, biggest=105.5kB) | arena=0.9kB | V_bus=4.936V I_bus=57.9mA P_bus=285.8mW E_total_accum=185.585mWh
21:37:23.072 > [BENCH] IDLE | t_inference_us=0 | heap=0.3kB/105.8kB (min=103.3kB, biggest=105.5kB) | arena=0.9kB | V_bus=4.932V I_bus=58.1mA P_bus=286.6mW E_total_accum=185.745mWh
21:37:25.099 > [BENCH] IDLE | t_inference_us=0 | heap=0.3kB/105.8kB (min=103.3kB, biggest=105.5kB) | arena=0.9kB | V_bus=4.920V I_bus=58.0mA P_bus=285.8mW E_total_accum=185.905mWh
21:37:27.123 > [BENCH] IDLE | t_inference_us=0 | heap=0.3kB/105.8kB (min=103.3kB, biggest=105.5kB) | arena=0.9kB | V_bus=4.928V I_bus=57.5mA P_bus=283.4mW E_total_accum=186.064mWh
21:37:29.141 > [BENCH] IDLE | t_inference_us=0 | heap=0.3kB/105.8kB (min=103.3kB, biggest=105.5kB) | arena=0.9kB | V_bus=4.920V I_bus=57.5mA P_bus=283.4mW E_total_accum=186.223mWh
21:37:30.553 > 
21:37:30.553 > [EVENT] type=HOUR  Tin=26.80 Hin=64.10 Tout=29.50 Hout=74.00
21:37:30.569 > [infer] REAL - Invoke executed (model ran)
21:37:30.578 > 
21:37:30.578 > [PWR] infer | E_inference_window(ΔE_total)=0.198µWh (E0=186.336838mWh E1=186.337036mWh) | E_inference_pipeline(ΔE_total)=0.488µWh (E0=186.336655mWh E1=186.337143mWh) | t_inference=1.037ms | t_inference_pipeline=6.066ms | E_total_accum=186.337mWh
21:37:30.601 > [BENCH] INFER_HOURLY | t_inference_us=1037 | heap=0.3kB/105.9kB (min=103.3kB, biggest=105.6kB) | arena=0.9kB | V_bus=4.924V I_bus=58.4mA P_bus=287.9mW E_total_accum=186.337mWh
21:37:30.619 > [HOUR] Tin=26.80 Hin=64.10 | Tp=26.31 Hp=64.66
21:37:30.619 > [HOUR] SAMPLES | N_ALL=15 N_T=15 N_H=15
21:37:30.623 > [HOUR] METRICS | MAE=nan RMSE=nan R2=NA | MAE_T=nan RMSE_T=nan R2_T=NA | MAE_H=nan RMSE_H=nan R2_H=NA
21:37:31.026 > [SENSORS] Health IN ok=1102 err=0 reinit=0 pwr=0 | OUT ok=1102 err=0 reinit=0 pwr=0
21:37:32.636 > [BENCH] IDLE | t_inference_us=0 | heap=0.3kB/105.8kB (min=103.3kB, biggest=105.5kB) | arena=0.9kB | V_bus=4.932V I_bus=58.4mA P_bus=288.0mW E_total_accum=186.503mWh
21:37:34.655 > [BENCH] IDLE | t_inference_us=0 | heap=0.3kB/105.8kB (min=103.3kB, biggest=105.5kB) | arena=0.9kB | V_bus=4.936V I_bus=58.2mA P_bus=287.2mW E_total_accum=186.664mWh
21:37:36.690 > [BENCH] IDLE | t_inference_us=0 | heap=0.3kB/105.8kB (min=103.3kB, biggest=105.5kB) | arena=0.9kB | V_bus=4.920V I_bus=58.2mA P_bus=287.0mW E_total_accum=186.824mWh
21:37:38.705 > [BENCH] IDLE | t_inference_us=0 | heap=0.3kB/105.8kB (min=103.3kB, biggest=105.5kB) | arena=0.9kB | V_bus=4.928V I_bus=57.9mA P_bus=285.3mW E_total_accum=186.985mWh
21:37:40.741 > [BENCH] IDLE | t_inference_us=0 | heap=0.3kB/105.8kB (min=103.3kB, biggest=105.5kB) | arena=0.9kB | V_bus=4.924V I_bus=57.9mA P_bus=285.1mW E_total_accum=187.144mWh
21:37:42.751 > [BENCH] IDLE | t_inference_us=0 | heap=0.3kB/105.8kB (min=103.3kB, biggest=105.5kB) | arena=0.9kB | V_bus=4.928V I_bus=57.6mA P_bus=283.9mW E_total_accum=187.304mWh
21:37:44.769 > [BENCH] IDLE | t_inference_us=0 | heap=0.3kB/105.8kB (min=103.3kB, biggest=105.5kB) | arena=0.9kB | V_bus=4.928V I_bus=57.4mA P_bus=282.8mW E_total_accum=187.462mWh
21:37:46.804 > [BENCH] IDLE | t_inference_us=0 | heap=0.3kB/105.8kB (min=103.3kB, biggest=105.5kB) | arena=0.9kB | V_bus=4.932V I_bus=57.3mA P_bus=282.7mW E_total_accum=187.620mWh
21:37:48.819 > [BENCH] IDLE | t_inference_us=0 | heap=0.3kB/105.8kB (min=103.3kB, biggest=105.5kB) | arena=0.9kB | V_bus=4.924V I_bus=58.0mA P_bus=285.8mW E_total_accum=187.781mWh
21:37:50.847 > [BENCH] IDLE | t_inference_us=0 | heap=0.3kB/105.8kB (min=103.3kB, biggest=105.5kB) | arena=0.9kB | V_bus=4.960V I_bus=58.3mA P_bus=287.9mW E_total_accum=187.942mWh
21:37:52.865 > [BENCH] IDLE | t_inference_us=0 | heap=0.3kB/105.8kB (min=103.3kB, biggest=105.5kB) | arena=0.9kB | V_bus=4.936V I_bus=58.5mA P_bus=288.5mW E_total_accum=188.104mWh
21:37:54.890 > [BENCH] IDLE | t_inference_us=0 | heap=0.3kB/105.8kB (min=103.3kB, biggest=105.5kB) | arena=0.9kB | V_bus=4.928V I_bus=58.9mA P_bus=290.7mW E_total_accum=188.267mWh
21:37:56.899 > [BENCH] IDLE | t_inference_us=0 | heap=0.3kB/105.8kB (min=103.3kB, biggest=105.5kB) | arena=0.9kB | V_bus=4.936V I_bus=58.8mA P_bus=290.3mW E_total_accum=188.430mWh
21:37:58.934 > [BENCH] IDLE | t_inference_us=0 | heap=0.3kB/105.8kB (min=103.3kB, biggest=105.5kB) | arena=0.9kB | V_bus=4.928V I_bus=58.9mA P_bus=290.7mW E_total_accum=188.592mWh
21:38:00.956 > [BENCH] IDLE | t_inference_us=0 | heap=0.3kB/105.8kB (min=103.3kB, biggest=105.5kB) | arena=0.9kB | V_bus=4.932V I_bus=58.9mA P_bus=290.3mW E_total_accum=188.755mWh
21:38:02.983 > [BENCH] IDLE | t_inference_us=0 | heap=0.3kB/105.8kB (min=103.3kB, biggest=105.5kB) | arena=0.9kB | V_bus=4.928V I_bus=59.2mA P_bus=291.8mW E_total_accum=188.919mWh
21:38:04.995 > [BENCH] IDLE | t_inference_us=0 | heap=0.3kB/105.8kB (min=103.3kB, biggest=105.5kB) | arena=0.9kB | V_bus=4.932V I_bus=59.1mA P_bus=291.3mW E_total_accum=189.083mWh
21:38:07.030 > [BENCH] IDLE | t_inference_us=0 | heap=0.3kB/105.8kB (min=103.3kB, biggest=105.5kB) | arena=0.9kB | V_bus=4.928V I_bus=59.1mA P_bus=291.6mW E_total_accum=189.246mWh
21:38:09.052 > [BENCH] IDLE | t_inference_us=0 | heap=0.3kB/105.8kB (min=103.3kB, biggest=105.5kB) | arena=0.9kB | V_bus=4.928V I_bus=59.0mA P_bus=290.8mW E_total_accum=189.409mWh
21:38:11.075 > [BENCH] IDLE | t_inference_us=0 | heap=0.3kB/105.8kB (min=103.3kB, biggest=105.5kB) | arena=0.9kB | V_bus=4.924V I_bus=58.9mA P_bus=290.4mW E_total_accum=189.572mWh
21:38:13.097 > [BENCH] IDLE | t_inference_us=0 | heap=0.3kB/105.8kB (min=103.3kB, biggest=105.5kB) | arena=0.9kB | V_bus=4.920V I_bus=59.2mA P_bus=291.9mW E_total_accum=189.736mWh
21:38:15.107 > [BENCH] IDLE | t_inference_us=0 | heap=0.3kB/105.8kB (min=103.3kB, biggest=105.5kB) | arena=0.9kB | V_bus=4.924V I_bus=58.7mA P_bus=289.3mW E_total_accum=189.898mWh
21:38:17.145 > [BENCH] IDLE | t_inference_us=0 | heap=0.3kB/105.8kB (min=103.3kB, biggest=105.5kB) | arena=0.9kB | V_bus=4.916V I_bus=58.3mA P_bus=286.9mW E_total_accum=190.059mWh
21:38:19.168 > [BENCH] IDLE | t_inference_us=0 | heap=0.3kB/105.8kB (min=103.3kB, biggest=105.5kB) | arena=0.9kB | V_bus=4.924V I_bus=58.0mA P_bus=285.5mW E_total_accum=190.219mWh
21:38:21.182 > [BENCH] IDLE | t_inference_us=0 | heap=0.3kB/105.8kB (min=103.3kB, biggest=105.5kB) | arena=0.9kB | V_bus=4.920V I_bus=58.4mA P_bus=287.5mW E_total_accum=190.380mWh
21:38:23.213 > [BENCH] IDLE | t_inference_us=0 | heap=0.3kB/105.8kB (min=103.3kB, biggest=105.5kB) | arena=0.9kB | V_bus=4.928V I_bus=58.3mA P_bus=287.2mW E_total_accum=190.541mWh
21:38:25.241 > [BENCH] IDLE | t_inference_us=0 | heap=0.3kB/105.8kB (min=103.3kB, biggest=105.5kB) | arena=0.9kB | V_bus=4.948V I_bus=58.3mA P_bus=287.5mW E_total_accum=190.703mWh
21:38:27.244 > [BENCH] IDLE | t_inference_us=0 | heap=0.3kB/105.8kB (min=103.3kB, biggest=105.5kB) | arena=0.9kB | V_bus=4.920V I_bus=58.7mA P_bus=289.0mW E_total_accum=190.864mWh
21:38:29.276 > [BENCH] IDLE | t_inference_us=0 | heap=0.3kB/105.8kB (min=103.3kB, biggest=105.5kB) | arena=0.9kB | V_bus=4.920V I_bus=58.2mA P_bus=286.9mW E_total_accum=191.025mWh
21:38:30.644 > 
21:38:30.644 > [EVENT] type=HOUR  Tin=27.20 Hin=61.68 Tout=29.50 Hout=73.90
21:38:30.660 > [infer] REAL - Invoke executed (model ran)
21:38:30.666 > 
21:38:30.666 > [PWR] infer | E_inference_window(ΔE_total)=0.198µWh (E0=191.135147mWh E1=191.135345mWh) | E_inference_pipeline(ΔE_total)=0.473µWh (E0=191.134979mWh E1=191.135452mWh) | t_inference=1.039ms | t_inference_pipeline=5.908ms | E_total_accum=191.135mWh
21:38:30.690 > [BENCH] INFER_HOURLY | t_inference_us=1039 | heap=0.3kB/105.9kB (min=103.3kB, biggest=105.6kB) | arena=0.9kB | V_bus=4.928V I_bus=59.5mA P_bus=292.6mW E_total_accum=191.135mWh
21:38:30.705 > [HOUR] Tin=27.20 Hin=61.68 | Tp=26.91 Hp=64.26
21:38:30.705 > [HOUR] SAMPLES | N_ALL=16 N_T=16 N_H=16
21:38:30.711 > [HOUR] METRICS | MAE=nan RMSE=nan R2=NA | MAE_T=nan RMSE_T=nan R2_T=NA | MAE_H=nan RMSE_H=nan R2_H=NA
21:38:31.146 > [SENSORS] Health IN ok=1130 err=0 reinit=0 pwr=0 | OUT ok=1130 err=0 reinit=0 pwr=0
21:38:32.728 > [BENCH] IDLE | t_inference_us=0 | heap=0.3kB/105.8kB (min=103.3kB, biggest=105.5kB) | arena=0.9kB | V_bus=4.924V I_bus=58.9mA P_bus=289.8mW E_total_accum=191.302mWh
21:38:34.757 > [BENCH] IDLE | t_inference_us=0 | heap=0.3kB/105.8kB (min=103.3kB, biggest=105.5kB) | arena=0.9kB | V_bus=4.920V I_bus=58.5mA P_bus=287.7mW E_total_accum=191.463mWh
21:38:36.775 > [BENCH] IDLE | t_inference_us=0 | heap=0.3kB/105.8kB (min=103.3kB, biggest=105.5kB) | arena=0.9kB | V_bus=4.928V I_bus=58.1mA P_bus=286.0mW E_total_accum=191.623mWh
21:38:38.793 > [BENCH] IDLE | t_inference_us=0 | heap=0.3kB/105.8kB (min=103.3kB, biggest=105.5kB) | arena=0.9kB | V_bus=4.924V I_bus=58.5mA P_bus=288.0mW E_total_accum=191.785mWh
21:38:40.826 > [BENCH] IDLE | t_inference_us=0 | heap=0.3kB/105.8kB (min=103.3kB, biggest=105.5kB) | arena=0.9kB | V_bus=4.936V I_bus=58.5mA P_bus=288.1mW E_total_accum=191.947mWh
21:38:42.843 > [BENCH] IDLE | t_inference_us=0 | heap=0.3kB/105.8kB (min=103.3kB, biggest=105.5kB) | arena=0.9kB | V_bus=4.924V I_bus=59.0mA P_bus=290.3mW E_total_accum=192.109mWh
21:38:44.861 > [BENCH] IDLE | t_inference_us=0 | heap=0.3kB/105.8kB (min=103.3kB, biggest=105.5kB) | arena=0.9kB | V_bus=4.932V I_bus=58.7mA P_bus=289.3mW E_total_accum=192.272mWh
21:38:46.887 > [BENCH] IDLE | t_inference_us=0 | heap=0.3kB/105.8kB (min=103.3kB, biggest=105.5kB) | arena=0.9kB | V_bus=4.924V I_bus=58.8mA P_bus=289.8mW E_total_accum=192.434mWh
21:38:48.906 > [BENCH] IDLE | t_inference_us=0 | heap=0.3kB/105.8kB (min=103.3kB, biggest=105.5kB) | arena=0.9kB | V_bus=4.928V I_bus=58.4mA P_bus=287.5mW E_total_accum=192.595mWh
21:38:50.940 > [BENCH] IDLE | t_inference_us=0 | heap=0.3kB/105.8kB (min=103.3kB, biggest=105.5kB) | arena=0.9kB | V_bus=4.928V I_bus=58.0mA P_bus=285.8mW E_total_accum=192.756mWh
21:38:52.955 > [BENCH] IDLE | t_inference_us=0 | heap=0.3kB/105.8kB (min=103.3kB, biggest=105.5kB) | arena=0.9kB | V_bus=4.920V I_bus=57.7mA P_bus=283.9mW E_total_accum=192.915mWh
21:38:54.985 > [BENCH] IDLE | t_inference_us=0 | heap=0.3kB/105.8kB (min=103.3kB, biggest=105.5kB) | arena=0.9kB | V_bus=4.924V I_bus=57.5mA P_bus=283.3mW E_total_accum=193.074mWh
21:38:56.995 > [BENCH] IDLE | t_inference_us=0 | heap=0.3kB/105.8kB (min=103.3kB, biggest=105.5kB) | arena=0.9kB | V_bus=4.924V I_bus=57.5mA P_bus=283.3mW E_total_accum=193.232mWh
21:38:59.019 > [BENCH] IDLE | t_inference_us=0 | heap=0.3kB/105.8kB (min=103.3kB, biggest=105.5kB) | arena=0.9kB | V_bus=4.928V I_bus=57.3mA P_bus=282.1mW E_total_accum=193.391mWh
21:39:01.037 > [BENCH] IDLE | t_inference_us=0 | heap=0.3kB/105.8kB (min=103.3kB, biggest=105.5kB) | arena=0.9kB | V_bus=4.928V I_bus=57.2mA P_bus=281.8mW E_total_accum=193.549mWh
21:39:03.054 > [BENCH] IDLE | t_inference_us=0 | heap=0.3kB/105.8kB (min=103.3kB, biggest=105.5kB) | arena=0.9kB | V_bus=4.920V I_bus=57.3mA P_bus=282.2mW E_total_accum=193.707mWh
21:39:05.088 > [BENCH] IDLE | t_inference_us=0 | heap=0.3kB/105.8kB (min=103.3kB, biggest=105.5kB) | arena=0.9kB | V_bus=4.928V I_bus=57.0mA P_bus=280.6mW E_total_accum=193.864mWh
21:39:07.111 > [BENCH] IDLE | t_inference_us=0 | heap=0.3kB/105.8kB (min=103.3kB, biggest=105.5kB) | arena=0.9kB | V_bus=4.932V I_bus=56.9mA P_bus=280.2mW E_total_accum=194.021mWh
21:39:09.136 > [BENCH] IDLE | t_inference_us=0 | heap=0.3kB/105.8kB (min=103.3kB, biggest=105.5kB) | arena=0.9kB | V_bus=4.932V I_bus=57.0mA P_bus=281.0mW E_total_accum=194.179mWh
21:39:11.152 > [BENCH] IDLE | t_inference_us=0 | heap=0.3kB/105.8kB (min=103.3kB, biggest=105.5kB) | arena=0.9kB | V_bus=4.932V I_bus=57.2mA P_bus=281.8mW E_total_accum=194.337mWh
21:39:13.181 > [BENCH] IDLE | t_inference_us=0 | heap=0.3kB/105.8kB (min=103.3kB, biggest=105.5kB) | arena=0.9kB | V_bus=4.932V I_bus=57.5mA P_bus=283.5mW E_total_accum=194.496mWh
21:39:15.203 > [BENCH] IDLE | t_inference_us=0 | heap=0.3kB/105.8kB (min=103.3kB, biggest=105.5kB) | arena=0.9kB | V_bus=4.936V I_bus=57.7mA P_bus=284.6mW E_total_accum=194.655mWh
21:39:17.220 > [BENCH] IDLE | t_inference_us=0 | heap=0.3kB/105.8kB (min=103.3kB, biggest=105.5kB) | arena=0.9kB | V_bus=4.924V I_bus=58.2mA P_bus=286.7mW E_total_accum=194.816mWh
21:39:19.248 > [BENCH] IDLE | t_inference_us=0 | heap=0.3kB/105.8kB (min=103.3kB, biggest=105.5kB) | arena=0.9kB | V_bus=4.928V I_bus=57.9mA P_bus=285.2mW E_total_accum=194.976mWh
21:39:21.265 > [BENCH] IDLE | t_inference_us=0 | heap=0.3kB/105.8kB (min=103.3kB, biggest=105.5kB) | arena=0.9kB | V_bus=4.928V I_bus=57.7mA P_bus=284.2mW E_total_accum=195.135mWh
21:39:23.283 > [BENCH] IDLE | t_inference_us=0 | heap=0.3kB/105.8kB (min=103.3kB, biggest=105.5kB) | arena=0.9kB | V_bus=4.924V I_bus=57.3mA P_bus=282.3mW E_total_accum=195.294mWh
21:39:25.320 > [BENCH] IDLE | t_inference_us=0 | heap=0.3kB/105.8kB (min=103.3kB, biggest=105.5kB) | arena=0.9kB | V_bus=4.928V I_bus=57.1mA P_bus=281.4mW E_total_accum=195.452mWh
21:39:27.344 > [BENCH] IDLE | t_inference_us=0 | heap=0.3kB/105.8kB (min=103.3kB, biggest=105.5kB) | arena=0.9kB | V_bus=4.928V I_bus=57.6mA P_bus=284.0mW E_total_accum=195.611mWh
21:39:29.363 > [BENCH] IDLE | t_inference_us=0 | heap=0.3kB/105.8kB (min=103.3kB, biggest=105.5kB) | arena=0.9kB | V_bus=4.928V I_bus=58.0mA P_bus=285.8mW E_total_accum=195.771mWh
21:39:30.782 > 
21:39:30.782 > [EVENT] type=HOUR  Tin=27.50 Hin=61.70 Tout=29.50 Hout=73.20
21:39:30.782 > [infer] REAL - Invoke executed (model ran)
21:39:30.791 > 
21:39:30.791 > [PWR] infer | E_inference_window(ΔE_total)=0.198µWh (E0=195.886246mWh E1=195.886444mWh) | E_inference_pipeline(ΔE_total)=0.458µWh (E0=195.886093mWh E1=195.886551mWh) | t_inference=1.039ms | t_inference_pipeline=5.771ms | E_total_accum=195.887mWh
21:39:30.813 > [BENCH] INFER_HOURLY | t_inference_us=1039 | heap=0.3kB/105.9kB (min=103.3kB, biggest=105.6kB) | arena=0.9kB | V_bus=4.884V I_bus=59.0mA P_bus=289.3mW E_total_accum=195.887mWh
21:39:30.829 > [HOUR] Tin=27.50 Hin=61.70 | Tp=27.41 Hp=61.85
21:39:30.832 > [HOUR] SAMPLES | N_ALL=17 N_T=17 N_H=17
21:39:30.837 > [HOUR] METRICS | MAE=nan RMSE=nan R2=NA | MAE_T=nan RMSE_T=nan R2_T=NA | MAE_H=nan RMSE_H=nan R2_H=NA
21:39:31.282 > [SENSORS] Health IN ok=1159 err=0 reinit=0 pwr=0 | OUT ok=1159 err=0 reinit=0 pwr=0
21:39:32.853 > [BENCH] IDLE | t_inference_us=0 | heap=0.3kB/105.8kB (min=103.3kB, biggest=105.5kB) | arena=0.9kB | V_bus=4.932V I_bus=58.9mA P_bus=289.1mW E_total_accum=196.052mWh
21:39:34.872 > [BENCH] IDLE | t_inference_us=0 | heap=0.3kB/105.8kB (min=103.3kB, biggest=105.5kB) | arena=0.9kB | V_bus=4.928V I_bus=58.6mA P_bus=288.2mW E_total_accum=196.214mWh
21:39:36.897 > [BENCH] IDLE | t_inference_us=0 | heap=0.3kB/105.8kB (min=103.3kB, biggest=105.5kB) | arena=0.9kB | V_bus=4.920V I_bus=58.3mA P_bus=286.8mW E_total_accum=196.375mWh
21:39:38.920 > [BENCH] IDLE | t_inference_us=0 | heap=0.3kB/105.8kB (min=103.3kB, biggest=105.5kB) | arena=0.9kB | V_bus=4.928V I_bus=57.8mA P_bus=284.1mW E_total_accum=196.534mWh
21:39:40.932 > [BENCH] IDLE | t_inference_us=0 | heap=0.3kB/105.8kB (min=103.3kB, biggest=105.5kB) | arena=0.9kB | V_bus=4.932V I_bus=57.5mA P_bus=282.8mW E_total_accum=196.692mWh
21:39:42.963 > [BENCH] IDLE | t_inference_us=0 | heap=0.3kB/105.8kB (min=103.3kB, biggest=105.5kB) | arena=0.9kB | V_bus=4.932V I_bus=57.7mA P_bus=284.1mW E_total_accum=196.852mWh
21:39:44.978 > [BENCH] IDLE | t_inference_us=0 | heap=0.3kB/105.8kB (min=103.3kB, biggest=105.5kB) | arena=0.9kB | V_bus=4.932V I_bus=57.9mA P_bus=285.2mW E_total_accum=197.012mWh
21:39:47.010 > [BENCH] IDLE | t_inference_us=0 | heap=0.3kB/105.8kB (min=103.3kB, biggest=105.5kB) | arena=0.9kB | V_bus=4.932V I_bus=58.0mA P_bus=285.7mW E_total_accum=197.172mWh
21:39:49.028 > [BENCH] IDLE | t_inference_us=0 | heap=0.3kB/105.8kB (min=103.3kB, biggest=105.5kB) | arena=0.9kB | V_bus=4.932V I_bus=57.8mA P_bus=284.6mW E_total_accum=197.332mWh
21:39:51.057 > [BENCH] IDLE | t_inference_us=0 | heap=0.3kB/105.8kB (min=103.3kB, biggest=105.5kB) | arena=0.9kB | V_bus=4.916V I_bus=57.7mA P_bus=284.2mW E_total_accum=197.491mWh
21:39:53.074 > [BENCH] IDLE | t_inference_us=0 | heap=0.3kB/105.8kB (min=103.3kB, biggest=105.5kB) | arena=0.9kB | V_bus=4.928V I_bus=57.3mA P_bus=282.1mW E_total_accum=197.649mWh
21:39:55.106 > [BENCH] IDLE | t_inference_us=0 | heap=0.3kB/105.8kB (min=103.3kB, biggest=105.5kB) | arena=0.9kB | V_bus=4.920V I_bus=57.5mA P_bus=282.9mW E_total_accum=197.808mWh
21:39:57.131 > [BENCH] IDLE | t_inference_us=0 | heap=0.3kB/105.8kB (min=103.3kB, biggest=105.5kB) | arena=0.9kB | V_bus=4.936V I_bus=57.6mA P_bus=283.9mW E_total_accum=197.967mWh
21:39:59.154 > [BENCH] IDLE | t_inference_us=0 | heap=0.3kB/105.8kB (min=103.3kB, biggest=105.5kB) | arena=0.9kB | V_bus=4.932V I_bus=58.1mA P_bus=286.2mW E_total_accum=198.128mWh
21:40:01.178 > [BENCH] IDLE | t_inference_us=0 | heap=0.3kB/105.8kB (min=103.3kB, biggest=105.5kB) | arena=0.9kB | V_bus=4.932V I_bus=58.2mA P_bus=286.8mW E_total_accum=198.289mWh
21:40:03.198 > [BENCH] IDLE | t_inference_us=0 | heap=0.3kB/105.8kB (min=103.3kB, biggest=105.5kB) | arena=0.9kB | V_bus=4.928V I_bus=57.9mA P_bus=285.5mW E_total_accum=198.449mWh
21:40:05.222 > [BENCH] IDLE | t_inference_us=0 | heap=0.3kB/105.8kB (min=103.3kB, biggest=105.5kB) | arena=0.9kB | V_bus=4.916V I_bus=57.7mA P_bus=284.0mW E_total_accum=198.608mWh
21:40:07.233 > [BENCH] IDLE | t_inference_us=0 | heap=0.3kB/105.8kB (min=103.3kB, biggest=105.5kB) | arena=0.9kB | V_bus=4.960V I_bus=56.7mA P_bus=279.7mW E_total_accum=198.765mWh
21:40:09.261 > [BENCH] IDLE | t_inference_us=0 | heap=0.3kB/105.8kB (min=103.3kB, biggest=105.5kB) | arena=0.9kB | V_bus=4.932V I_bus=56.5mA P_bus=278.5mW E_total_accum=198.921mWh
21:40:11.281 > [BENCH] IDLE | t_inference_us=0 | heap=0.3kB/105.8kB (min=103.3kB, biggest=105.5kB) | arena=0.9kB | V_bus=4.924V I_bus=57.0mA P_bus=280.8mW E_total_accum=199.078mWh
21:40:13.309 > [BENCH] IDLE | t_inference_us=0 | heap=0.3kB/105.8kB (min=103.3kB, biggest=105.5kB) | arena=0.9kB | V_bus=4.936V I_bus=57.1mA P_bus=281.7mW E_total_accum=199.236mWh
21:40:15.325 > [BENCH] IDLE | t_inference_us=0 | heap=0.3kB/105.8kB (min=103.3kB, biggest=105.5kB) | arena=0.9kB | V_bus=4.932V I_bus=57.5mA P_bus=283.8mW E_total_accum=199.395mWh
21:40:17.347 > [BENCH] IDLE | t_inference_us=0 | heap=0.3kB/105.8kB (min=103.3kB, biggest=105.5kB) | arena=0.9kB | V_bus=4.924V I_bus=58.1mA P_bus=286.2mW E_total_accum=199.555mWh
21:40:19.372 > [BENCH] IDLE | t_inference_us=0 | heap=0.3kB/105.8kB (min=103.3kB, biggest=105.5kB) | arena=0.9kB | V_bus=4.932V I_bus=57.9mA P_bus=285.7mW E_total_accum=199.716mWh
21:40:21.390 > [BENCH] IDLE | t_inference_us=0 | heap=0.3kB/105.8kB (min=103.3kB, biggest=105.5kB) | arena=0.9kB | V_bus=4.932V I_bus=57.8mA P_bus=284.9mW E_total_accum=199.875mWh
21:40:23.404 > [BENCH] IDLE | t_inference_us=0 | heap=0.3kB/105.8kB (min=103.3kB, biggest=105.5kB) | arena=0.9kB | V_bus=4.920V I_bus=57.8mA P_bus=285.1mW E_total_accum=200.035mWh
21:40:25.434 > [BENCH] IDLE | t_inference_us=0 | heap=0.3kB/105.8kB (min=103.3kB, biggest=105.5kB) | arena=0.9kB | V_bus=4.928V I_bus=57.5mA P_bus=283.2mW E_total_accum=200.194mWh
21:40:27.448 > [BENCH] IDLE | t_inference_us=0 | heap=0.3kB/105.8kB (min=103.3kB, biggest=105.5kB) | arena=0.9kB | V_bus=4.936V I_bus=57.6mA P_bus=284.1mW E_total_accum=200.353mWh
21:40:29.477 > [BENCH] IDLE | t_inference_us=0 | heap=0.3kB/105.8kB (min=103.3kB, biggest=105.5kB) | arena=0.9kB | V_bus=4.928V I_bus=57.9mA P_bus=285.7mW E_total_accum=200.514mWh
21:40:30.904 > 
21:40:30.904 > [EVENT] type=HOUR  Tin=27.70 Hin=59.74 Tout=29.50 Hout=73.30
21:40:30.904 > [infer] REAL - Invoke executed (model ran)
21:40:30.913 > 
21:40:30.913 > [PWR] infer | E_inference_window(ΔE_total)=0.198µWh (E0=200.628159mWh E1=200.628357mWh) | E_inference_pipeline(ΔE_total)=0.473µWh (E0=200.627991mWh E1=200.628464mWh) | t_inference=1.038ms | t_inference_pipeline=5.769ms | E_total_accum=200.628mWh
21:40:30.937 > [BENCH] INFER_HOURLY | t_inference_us=1038 | heap=0.3kB/105.9kB (min=103.3kB, biggest=105.6kB) | arena=0.9kB | V_bus=4.920V I_bus=60.3mA P_bus=297.4mW E_total_accum=200.628mWh
21:40:30.950 > [HOUR] Tin=27.70 Hin=59.74 | Tp=27.71 Hp=61.86
21:40:30.954 > [HOUR] SAMPLES | N_ALL=18 N_T=18 N_H=18
21:40:30.958 > [HOUR] METRICS | MAE=nan RMSE=nan R2=NA | MAE_T=nan RMSE_T=nan R2_T=NA | MAE_H=nan RMSE_H=nan R2_H=NA
21:40:31.401 > [SENSORS] Health IN ok=1187 err=0 reinit=0 pwr=0 | OUT ok=1187 err=0 reinit=0 pwr=0
21:40:32.983 > [BENCH] IDLE | t_inference_us=0 | heap=0.3kB/105.8kB (min=103.3kB, biggest=105.5kB) | arena=0.9kB | V_bus=4.924V I_bus=60.1mA P_bus=296.4mW E_total_accum=200.799mWh
21:40:35.004 > [BENCH] IDLE | t_inference_us=0 | heap=0.3kB/105.8kB (min=103.3kB, biggest=105.5kB) | arena=0.9kB | V_bus=4.936V I_bus=59.8mA P_bus=295.0mW E_total_accum=200.964mWh
21:40:37.021 > [BENCH] IDLE | t_inference_us=0 | heap=0.3kB/105.8kB (min=103.3kB, biggest=105.5kB) | arena=0.9kB | V_bus=4.964V I_bus=60.4mA P_bus=298.2mW E_total_accum=201.132mWh
21:40:39.040 > [BENCH] IDLE | t_inference_us=0 | heap=0.3kB/105.8kB (min=103.3kB, biggest=105.5kB) | arena=0.9kB | V_bus=4.928V I_bus=60.2mA P_bus=297.0mW E_total_accum=201.298mWh
21:40:41.067 > [BENCH] IDLE | t_inference_us=0 | heap=0.3kB/105.8kB (min=103.3kB, biggest=105.5kB) | arena=0.9kB | V_bus=4.920V I_bus=60.0mA P_bus=295.9mW E_total_accum=201.464mWh
21:40:43.094 > [BENCH] IDLE | t_inference_us=0 | heap=0.3kB/105.8kB (min=103.3kB, biggest=105.5kB) | arena=0.9kB | V_bus=4.928V I_bus=59.1mA P_bus=291.5mW E_total_accum=201.627mWh
21:40:45.104 > [BENCH] IDLE | t_inference_us=0 | heap=0.3kB/105.8kB (min=103.3kB, biggest=105.5kB) | arena=0.9kB | V_bus=4.920V I_bus=58.6mA P_bus=289.0mW E_total_accum=201.789mWh
21:40:47.131 > [BENCH] IDLE | t_inference_us=0 | heap=0.3kB/105.8kB (min=103.3kB, biggest=105.5kB) | arena=0.9kB | V_bus=4.932V I_bus=58.1mA P_bus=286.3mW E_total_accum=201.949mWh
21:40:49.157 > [BENCH] IDLE | t_inference_us=0 | heap=0.3kB/105.8kB (min=103.3kB, biggest=105.5kB) | arena=0.9kB | V_bus=4.928V I_bus=58.5mA P_bus=288.3mW E_total_accum=202.111mWh
21:40:51.167 > [BENCH] IDLE | t_inference_us=0 | heap=0.3kB/105.8kB (min=103.3kB, biggest=105.5kB) | arena=0.9kB | V_bus=4.932V I_bus=58.5mA P_bus=288.2mW E_total_accum=202.273mWh
21:40:53.194 > [BENCH] IDLE | t_inference_us=0 | heap=0.3kB/105.8kB (min=103.3kB, biggest=105.5kB) | arena=0.9kB | V_bus=4.936V I_bus=58.2mA P_bus=286.8mW E_total_accum=202.434mWh
21:40:55.224 > [BENCH] IDLE | t_inference_us=0 | heap=0.3kB/105.8kB (min=103.3kB, biggest=105.5kB) | arena=0.9kB | V_bus=4.928V I_bus=58.2mA P_bus=287.2mW E_total_accum=202.595mWh
21:40:57.242 > [BENCH] IDLE | t_inference_us=0 | heap=0.3kB/105.8kB (min=103.3kB, biggest=105.5kB) | arena=0.9kB | V_bus=4.924V I_bus=57.7mA P_bus=284.5mW E_total_accum=202.754mWh
21:40:59.257 > [BENCH] IDLE | t_inference_us=0 | heap=0.3kB/105.8kB (min=103.3kB, biggest=105.5kB) | arena=0.9kB | V_bus=4.936V I_bus=58.0mA P_bus=285.8mW E_total_accum=202.915mWh
21:41:01.292 > [BENCH] IDLE | t_inference_us=0 | heap=0.3kB/105.8kB (min=103.3kB, biggest=105.5kB) | arena=0.9kB | V_bus=4.924V I_bus=58.6mA P_bus=288.6mW E_total_accum=203.076mWh
21:41:03.310 > [BENCH] IDLE | t_inference_us=0 | heap=0.3kB/105.8kB (min=103.3kB, biggest=105.5kB) | arena=0.9kB | V_bus=4.932V I_bus=58.2mA P_bus=286.8mW E_total_accum=203.237mWh
21:41:05.340 > [BENCH] IDLE | t_inference_us=0 | heap=0.3kB/105.8kB (min=103.3kB, biggest=105.5kB) | arena=0.9kB | V_bus=4.928V I_bus=58.2mA P_bus=286.9mW E_total_accum=203.398mWh
21:41:07.359 > [BENCH] IDLE | t_inference_us=0 | heap=0.3kB/105.8kB (min=103.3kB, biggest=105.5kB) | arena=0.9kB | V_bus=4.928V I_bus=57.7mA P_bus=284.3mW E_total_accum=203.558mWh
21:41:09.374 > [BENCH] IDLE | t_inference_us=0 | heap=0.3kB/105.8kB (min=103.3kB, biggest=105.5kB) | arena=0.9kB | V_bus=4.928V I_bus=57.4mA P_bus=282.9mW E_total_accum=203.716mWh
21:41:11.398 > [BENCH] IDLE | t_inference_us=0 | heap=0.3kB/105.8kB (min=103.3kB, biggest=105.5kB) | arena=0.9kB | V_bus=4.928V I_bus=58.1mA P_bus=286.3mW E_total_accum=203.877mWh
21:41:13.434 > [BENCH] IDLE | t_inference_us=0 | heap=0.3kB/105.8kB (min=103.3kB, biggest=105.5kB) | arena=0.9kB | V_bus=4.936V I_bus=58.0mA P_bus=286.1mW E_total_accum=204.037mWh
21:41:15.448 > [BENCH] IDLE | t_inference_us=0 | heap=0.3kB/105.8kB (min=103.3kB, biggest=105.5kB) | arena=0.9kB | V_bus=4.932V I_bus=57.8mA P_bus=285.1mW E_total_accum=204.197mWh
21:41:17.480 > [BENCH] IDLE | t_inference_us=0 | heap=0.3kB/105.8kB (min=103.3kB, biggest=105.5kB) | arena=0.9kB | V_bus=4.920V I_bus=57.5mA P_bus=283.5mW E_total_accum=204.356mWh
21:41:19.492 > [BENCH] IDLE | t_inference_us=0 | heap=0.3kB/105.8kB (min=103.3kB, biggest=105.5kB) | arena=0.9kB | V_bus=4.916V I_bus=57.3mA P_bus=282.4mW E_total_accum=204.514mWh
21:41:21.519 > [BENCH] IDLE | t_inference_us=0 | heap=0.3kB/105.8kB (min=103.3kB, biggest=105.5kB) | arena=0.9kB | V_bus=4.932V I_bus=57.1mA P_bus=281.4mW E_total_accum=204.672mWh
21:41:23.523 > [BENCH] IDLE | t_inference_us=0 | heap=0.3kB/105.8kB (min=103.3kB, biggest=105.5kB) | arena=0.9kB | V_bus=4.936V I_bus=57.4mA P_bus=282.9mW E_total_accum=204.831mWh
21:41:25.557 > [BENCH] IDLE | t_inference_us=0 | heap=0.3kB/105.8kB (min=103.3kB, biggest=105.5kB) | arena=0.9kB | V_bus=4.932V I_bus=57.9mA P_bus=285.5mW E_total_accum=204.990mWh
21:41:27.581 > [BENCH] IDLE | t_inference_us=0 | heap=0.3kB/105.8kB (min=103.3kB, biggest=105.5kB) | arena=0.9kB | V_bus=4.936V I_bus=57.9mA P_bus=285.4mW E_total_accum=205.151mWh
21:41:29.596 > [BENCH] IDLE | t_inference_us=0 | heap=0.3kB/105.8kB (min=103.3kB, biggest=105.5kB) | arena=0.9kB | V_bus=4.932V I_bus=57.8mA P_bus=284.9mW E_total_accum=205.310mWh
21:41:31.013 > 
21:41:31.013 > [EVENT] type=HOUR  Tin=27.80 Hin=58.30 Tout=29.50 Hout=73.60
21:41:31.032 > [infer] REAL - Invoke executed (model ran)
21:41:31.035 > 
21:41:31.035 > [PWR] infer | E_inference_window(ΔE_total)=0.198µWh (E0=205.424530mWh E1=205.424728mWh) | E_inference_pipeline(ΔE_total)=0.473µWh (E0=205.424362mWh E1=205.424835mWh) | t_inference=1.041ms | t_inference_pipeline=5.918ms | E_total_accum=205.425mWh
21:41:31.056 > [BENCH] INFER_HOURLY | t_inference_us=1041 | heap=0.3kB/105.9kB (min=103.3kB, biggest=105.6kB) | arena=0.9kB | V_bus=4.924V I_bus=58.3mA P_bus=287.3mW E_total_accum=205.425mWh
21:41:31.073 > [HOUR] Tin=27.80 Hin=58.30 | Tp=27.81 Hp=59.84
21:41:31.077 > [HOUR] SAMPLES | N_ALL=19 N_T=19 N_H=19
21:41:31.080 > [HOUR] METRICS | MAE=nan RMSE=nan R2=NA | MAE_T=nan RMSE_T=nan R2_T=NA | MAE_H=nan RMSE_H=nan R2_H=NA
21:41:31.525 > [SENSORS] Health IN ok=1215 err=0 reinit=0 pwr=0 | OUT ok=1215 err=0 reinit=0 pwr=0
21:41:33.096 > [BENCH] IDLE | t_inference_us=0 | heap=0.3kB/105.8kB (min=103.3kB, biggest=105.5kB) | arena=0.9kB | V_bus=4.936V I_bus=58.3mA P_bus=287.5mW E_total_accum=205.590mWh
21:41:35.122 > [BENCH] IDLE | t_inference_us=0 | heap=0.3kB/105.8kB (min=103.3kB, biggest=105.5kB) | arena=0.9kB | V_bus=4.916V I_bus=58.5mA P_bus=288.3mW E_total_accum=205.751mWh
21:41:37.141 > [BENCH] IDLE | t_inference_us=0 | heap=0.3kB/105.8kB (min=103.3kB, biggest=105.5kB) | arena=0.9kB | V_bus=4.932V I_bus=57.9mA P_bus=285.4mW E_total_accum=205.911mWh
21:41:39.168 > [BENCH] IDLE | t_inference_us=0 | heap=0.3kB/105.8kB (min=103.3kB, biggest=105.5kB) | arena=0.9kB | V_bus=4.924V I_bus=57.9mA P_bus=285.4mW E_total_accum=206.071mWh
21:41:41.192 > [BENCH] IDLE | t_inference_us=0 | heap=0.3kB/105.8kB (min=103.3kB, biggest=105.5kB) | arena=0.9kB | V_bus=4.936V I_bus=58.1mA P_bus=286.2mW E_total_accum=206.232mWh
21:41:43.209 > [BENCH] IDLE | t_inference_us=0 | heap=0.3kB/105.8kB (min=103.3kB, biggest=105.5kB) | arena=0.9kB | V_bus=4.936V I_bus=58.0mA P_bus=286.0mW E_total_accum=206.392mWh
21:41:45.240 > [BENCH] IDLE | t_inference_us=0 | heap=0.3kB/105.8kB (min=103.3kB, biggest=105.5kB) | arena=0.9kB | V_bus=4.920V I_bus=58.3mA P_bus=287.2mW E_total_accum=206.553mWh
21:41:47.249 > [BENCH] IDLE | t_inference_us=0 | heap=0.3kB/105.8kB (min=103.3kB, biggest=105.5kB) | arena=0.9kB | V_bus=4.924V I_bus=57.7mA P_bus=284.5mW E_total_accum=206.713mWh
21:41:49.278 > [BENCH] IDLE | t_inference_us=0 | heap=0.3kB/105.8kB (min=103.3kB, biggest=105.5kB) | arena=0.9kB | V_bus=4.928V I_bus=57.3mA P_bus=282.2mW E_total_accum=206.871mWh
21:41:51.301 > [BENCH] IDLE | t_inference_us=0 | heap=0.3kB/105.8kB (min=103.3kB, biggest=105.5kB) | arena=0.9kB | V_bus=4.928V I_bus=57.9mA P_bus=285.1mW E_total_accum=207.031mWh
21:41:53.315 > [BENCH] IDLE | t_inference_us=0 | heap=0.3kB/105.8kB (min=103.3kB, biggest=105.5kB) | arena=0.9kB | V_bus=4.936V I_bus=58.0mA P_bus=285.9mW E_total_accum=207.191mWh
21:41:55.343 > [BENCH] IDLE | t_inference_us=0 | heap=0.3kB/105.8kB (min=103.3kB, biggest=105.5kB) | arena=0.9kB | V_bus=4.952V I_bus=59.3mA P_bus=292.8mW E_total_accum=207.355mWh
21:41:57.362 > [BENCH] IDLE | t_inference_us=0 | heap=0.3kB/105.8kB (min=103.3kB, biggest=105.5kB) | arena=0.9kB | V_bus=4.920V I_bus=59.2mA P_bus=292.1mW E_total_accum=207.519mWh
21:41:59.388 > [BENCH] IDLE | t_inference_us=0 | heap=0.3kB/105.8kB (min=103.3kB, biggest=105.5kB) | arena=0.9kB | V_bus=4.932V I_bus=58.5mA P_bus=288.3mW E_total_accum=207.681mWh
21:42:01.398 > [BENCH] IDLE | t_inference_us=0 | heap=0.3kB/105.8kB (min=103.3kB, biggest=105.5kB) | arena=0.9kB | V_bus=4.932V I_bus=58.0mA P_bus=286.1mW E_total_accum=207.841mWh
21:42:03.421 > [BENCH] IDLE | t_inference_us=0 | heap=0.3kB/105.8kB (min=103.3kB, biggest=105.5kB) | arena=0.9kB | V_bus=4.928V I_bus=58.6mA P_bus=288.7mW E_total_accum=208.003mWh
21:42:05.441 > [BENCH] IDLE | t_inference_us=0 | heap=0.3kB/105.8kB (min=103.3kB, biggest=105.5kB) | arena=0.9kB | V_bus=4.936V I_bus=58.5mA P_bus=288.3mW E_total_accum=208.164mWh
21:42:07.478 > [BENCH] IDLE | t_inference_us=0 | heap=0.3kB/105.8kB (min=103.3kB, biggest=105.5kB) | arena=0.9kB | V_bus=4.916V I_bus=58.5mA P_bus=288.3mW E_total_accum=208.326mWh
21:42:09.494 > [BENCH] IDLE | t_inference_us=0 | heap=0.3kB/105.8kB (min=103.3kB, biggest=105.5kB) | arena=0.9kB | V_bus=4.928V I_bus=58.0mA P_bus=285.7mW E_total_accum=208.486mWh
21:42:11.510 > [BENCH] IDLE | t_inference_us=0 | heap=0.3kB/105.8kB (min=103.3kB, biggest=105.5kB) | arena=0.9kB | V_bus=4.932V I_bus=58.2mA P_bus=286.8mW E_total_accum=208.647mWh
21:42:13.535 > [BENCH] IDLE | t_inference_us=0 | heap=0.3kB/105.8kB (min=103.3kB, biggest=105.5kB) | arena=0.9kB | V_bus=4.936V I_bus=58.2mA P_bus=286.9mW E_total_accum=208.808mWh
21:42:15.571 > [BENCH] IDLE | t_inference_us=0 | heap=0.3kB/105.8kB (min=103.3kB, biggest=105.5kB) | arena=0.9kB | V_bus=4.924V I_bus=58.1mA P_bus=286.2mW E_total_accum=208.969mWh
21:42:17.582 > [BENCH] IDLE | t_inference_us=0 | heap=0.3kB/105.8kB (min=103.3kB, biggest=105.5kB) | arena=0.9kB | V_bus=4.920V I_bus=57.8mA P_bus=284.7mW E_total_accum=209.128mWh
21:42:19.612 > [BENCH] IDLE | t_inference_us=0 | heap=0.3kB/105.8kB (min=103.3kB, biggest=105.5kB) | arena=0.9kB | V_bus=4.928V I_bus=57.5mA P_bus=283.1mW E_total_accum=209.287mWh
21:42:21.639 > [BENCH] IDLE | t_inference_us=0 | heap=0.3kB/105.8kB (min=103.3kB, biggest=105.5kB) | arena=0.9kB | V_bus=4.928V I_bus=58.2mA P_bus=286.6mW E_total_accum=209.448mWh
21:42:23.660 > [BENCH] IDLE | t_inference_us=0 | heap=0.3kB/105.8kB (min=103.3kB, biggest=105.5kB) | arena=0.9kB | V_bus=4.936V I_bus=58.2mA P_bus=287.0mW E_total_accum=209.609mWh
21:42:25.684 > [BENCH] IDLE | t_inference_us=0 | heap=0.3kB/105.8kB (min=103.3kB, biggest=105.5kB) | arena=0.9kB | V_bus=4.924V I_bus=58.3mA P_bus=287.2mW E_total_accum=209.770mWh
21:42:27.707 > [BENCH] IDLE | t_inference_us=0 | heap=0.3kB/105.8kB (min=103.3kB, biggest=105.5kB) | arena=0.9kB | V_bus=4.932V I_bus=57.7mA P_bus=284.4mW E_total_accum=209.929mWh
21:42:29.727 > [BENCH] IDLE | t_inference_us=0 | heap=0.3kB/105.8kB (min=103.3kB, biggest=105.5kB) | arena=0.9kB | V_bus=4.936V I_bus=57.2mA P_bus=282.2mW E_total_accum=210.087mWh
21:42:31.135 > 
21:42:31.135 > [EVENT] type=HOUR  Tin=28.00 Hin=57.10 Tout=29.50 Hout=73.40
21:42:31.149 > [infer] REAL - Invoke executed (model ran)
21:42:31.152 > 
21:42:31.152 > [PWR] infer | E_inference_window(ΔE_total)=0.198µWh (E0=210.199280mWh E1=210.199478mWh) | E_inference_pipeline(ΔE_total)=0.488µWh (E0=210.199097mWh E1=210.199585mWh) | t_inference=1.039ms | t_inference_pipeline=6.075ms | E_total_accum=210.200mWh
21:42:31.175 > [BENCH] INFER_HOURLY | t_inference_us=1039 | heap=0.3kB/105.9kB (min=103.3kB, biggest=105.6kB) | arena=0.9kB | V_bus=4.912V I_bus=59.3mA P_bus=292.0mW E_total_accum=210.200mWh
21:42:31.213 > [HOUR] Tin=28.00 Hin=57.10 | Tp=27.91 Hp=58.40
21:42:31.213 > [HOUR] SAMPLES | N_ALL=20 N_T=20 N_H=20
21:42:31.213 > [HOUR] METRICS | MAE=nan RMSE=nan R2=NA | MAE_T=nan RMSE_T=nan R2_T=NA | MAE_H=nan RMSE_H=nan R2_H=NA
21:42:31.646 > [SENSORS] Health IN ok=1243 err=0 reinit=0 pwr=0 | OUT ok=1244 err=0 reinit=0 pwr=0
21:42:33.208 > [BENCH] IDLE | t_inference_us=0 | heap=0.3kB/105.8kB (min=103.3kB, biggest=105.5kB) | arena=0.9kB | V_bus=4.932V I_bus=59.1mA P_bus=291.0mW E_total_accum=210.366mWh
21:42:35.233 > [BENCH] IDLE | t_inference_us=0 | heap=0.3kB/105.8kB (min=103.3kB, biggest=105.5kB) | arena=0.9kB | V_bus=4.932V I_bus=58.6mA P_bus=288.6mW E_total_accum=210.528mWh
21:42:37.250 > [BENCH] IDLE | t_inference_us=0 | heap=0.3kB/105.8kB (min=103.3kB, biggest=105.5kB) | arena=0.9kB | V_bus=4.920V I_bus=58.4mA P_bus=287.7mW E_total_accum=210.689mWh
21:42:39.275 > [BENCH] IDLE | t_inference_us=0 | heap=0.3kB/105.8kB (min=103.3kB, biggest=105.5kB) | arena=0.9kB | V_bus=4.940V I_bus=58.4mA P_bus=287.6mW E_total_accum=210.851mWh
21:42:41.303 > [BENCH] IDLE | t_inference_us=0 | heap=0.3kB/105.8kB (min=103.3kB, biggest=105.5kB) | arena=0.9kB | V_bus=4.928V I_bus=58.8mA P_bus=289.6mW E_total_accum=211.013mWh
21:42:43.334 > [BENCH] IDLE | t_inference_us=0 | heap=0.3kB/105.8kB (min=103.3kB, biggest=105.5kB) | arena=0.9kB | V_bus=4.928V I_bus=58.3mA P_bus=287.4mW E_total_accum=211.175mWh
21:42:45.355 > [BENCH] IDLE | t_inference_us=0 | heap=0.3kB/105.8kB (min=103.3kB, biggest=105.5kB) | arena=0.9kB | V_bus=4.932V I_bus=57.9mA P_bus=285.6mW E_total_accum=211.335mWh
21:42:47.368 > [BENCH] IDLE | t_inference_us=0 | heap=0.3kB/105.8kB (min=103.3kB, biggest=105.5kB) | arena=0.9kB | V_bus=4.932V I_bus=57.6mA P_bus=284.0mW E_total_accum=211.494mWh
21:42:49.392 > [BENCH] IDLE | t_inference_us=0 | heap=0.3kB/105.8kB (min=103.3kB, biggest=105.5kB) | arena=0.9kB | V_bus=4.940V I_bus=57.6mA P_bus=284.1mW E_total_accum=211.653mWh
21:42:51.411 > [BENCH] IDLE | t_inference_us=0 | heap=0.3kB/105.8kB (min=103.3kB, biggest=105.5kB) | arena=0.9kB | V_bus=4.924V I_bus=58.3mA P_bus=287.5mW E_total_accum=211.814mWh
21:42:53.449 > [BENCH] IDLE | t_inference_us=0 | heap=0.3kB/105.8kB (min=103.3kB, biggest=105.5kB) | arena=0.9kB | V_bus=4.932V I_bus=57.9mA P_bus=285.4mW E_total_accum=211.975mWh
21:42:55.455 > [BENCH] IDLE | t_inference_us=0 | heap=0.3kB/105.8kB (min=103.3kB, biggest=105.5kB) | arena=0.9kB | V_bus=4.920V I_bus=58.1mA P_bus=286.1mW E_total_accum=212.135mWh
21:42:57.485 > [BENCH] IDLE | t_inference_us=0 | heap=0.3kB/105.8kB (min=103.3kB, biggest=105.5kB) | arena=0.9kB | V_bus=4.936V I_bus=58.0mA P_bus=285.7mW E_total_accum=212.295mWh
21:42:59.505 > [BENCH] IDLE | t_inference_us=0 | heap=0.3kB/105.8kB (min=103.3kB, biggest=105.5kB) | arena=0.9kB | V_bus=4.936V I_bus=57.9mA P_bus=285.5mW E_total_accum=212.455mWh
21:43:01.533 > [BENCH] IDLE | t_inference_us=0 | heap=0.3kB/105.8kB (min=103.3kB, biggest=105.5kB) | arena=0.9kB | V_bus=4.932V I_bus=58.3mA P_bus=287.6mW E_total_accum=212.616mWh
21:43:03.547 > [BENCH] IDLE | t_inference_us=0 | heap=0.3kB/105.8kB (min=103.3kB, biggest=105.5kB) | arena=0.9kB | V_bus=4.916V I_bus=58.4mA P_bus=288.0mW E_total_accum=212.778mWh
21:43:05.577 > [BENCH] IDLE | t_inference_us=0 | heap=0.3kB/105.8kB (min=103.3kB, biggest=105.5kB) | arena=0.9kB | V_bus=4.932V I_bus=57.8mA P_bus=285.0mW E_total_accum=212.937mWh
21:43:07.589 > [BENCH] IDLE | t_inference_us=0 | heap=0.3kB/105.8kB (min=103.3kB, biggest=105.5kB) | arena=0.9kB | V_bus=4.932V I_bus=57.5mA P_bus=283.6mW E_total_accum=213.096mWh
21:43:09.609 > [BENCH] IDLE | t_inference_us=0 | heap=0.3kB/105.8kB (min=103.3kB, biggest=105.5kB) | arena=0.9kB | V_bus=4.924V I_bus=58.1mA P_bus=286.3mW E_total_accum=213.257mWh
21:43:11.633 > [BENCH] IDLE | t_inference_us=0 | heap=0.3kB/105.8kB (min=103.3kB, biggest=105.5kB) | arena=0.9kB | V_bus=4.936V I_bus=58.0mA P_bus=286.0mW E_total_accum=213.417mWh
21:43:13.664 > [BENCH] IDLE | t_inference_us=0 | heap=0.3kB/105.8kB (min=103.3kB, biggest=105.5kB) | arena=0.9kB | V_bus=4.928V I_bus=57.8mA P_bus=285.2mW E_total_accum=213.577mWh
21:43:15.687 > [BENCH] IDLE | t_inference_us=0 | heap=0.3kB/105.8kB (min=103.3kB, biggest=105.5kB) | arena=0.9kB | V_bus=4.920V I_bus=57.4mA P_bus=283.0mW E_total_accum=213.736mWh
21:43:17.705 > [BENCH] IDLE | t_inference_us=0 | heap=0.3kB/105.8kB (min=103.3kB, biggest=105.5kB) | arena=0.9kB | V_bus=4.936V I_bus=57.6mA P_bus=283.7mW E_total_accum=213.895mWh
21:43:19.724 > [BENCH] IDLE | t_inference_us=0 | heap=0.3kB/105.8kB (min=103.3kB, biggest=105.5kB) | arena=0.9kB | V_bus=4.928V I_bus=58.1mA P_bus=286.4mW E_total_accum=214.056mWh
21:43:21.754 > [BENCH] IDLE | t_inference_us=0 | heap=0.3kB/105.8kB (min=103.3kB, biggest=105.5kB) | arena=0.9kB | V_bus=4.932V I_bus=57.6mA P_bus=284.1mW E_total_accum=214.215mWh
21:43:23.769 > [BENCH] IDLE | t_inference_us=0 | heap=0.3kB/105.8kB (min=103.3kB, biggest=105.5kB) | arena=0.9kB | V_bus=4.932V I_bus=57.4mA P_bus=282.8mW E_total_accum=214.374mWh
21:43:25.797 > [BENCH] IDLE | t_inference_us=0 | heap=0.3kB/105.8kB (min=103.3kB, biggest=105.5kB) | arena=0.9kB | V_bus=4.928V I_bus=57.9mA P_bus=285.3mW E_total_accum=214.534mWh
21:43:27.821 > [BENCH] IDLE | t_inference_us=0 | heap=0.3kB/105.8kB (min=103.3kB, biggest=105.5kB) | arena=0.9kB | V_bus=4.936V I_bus=57.8mA P_bus=285.2mW E_total_accum=214.694mWh
21:43:29.836 > [BENCH] IDLE | t_inference_us=0 | heap=0.3kB/105.8kB (min=103.3kB, biggest=105.5kB) | arena=0.9kB | V_bus=4.932V I_bus=57.6mA P_bus=284.1mW E_total_accum=214.853mWh
21:43:31.227 > 
21:43:31.229 > [EVENT] type=HOUR  Tin=28.00 Hin=55.80 Tout=29.50 Hout=73.30
21:43:31.234 > [infer] REAL - Invoke executed (model ran)
21:43:31.237 > 
21:43:31.237 > [PWR] infer | E_inference_window(ΔE_total)=0.198µWh (E0=214.963593mWh E1=214.963791mWh) | E_inference_pipeline(ΔE_total)=0.488µWh (E0=214.963409mWh E1=214.963898mWh) | t_inference=1.039ms | t_inference_pipeline=6.066ms | E_total_accum=214.964mWh
21:43:31.261 > [BENCH] INFER_HOURLY | t_inference_us=1039 | heap=0.3kB/105.9kB (min=103.3kB, biggest=105.6kB) | arena=0.9kB | V_bus=4.932V I_bus=60.5mA P_bus=298.0mW E_total_accum=214.964mWh
21:43:31.277 > [HOUR] Tin=28.00 Hin=55.80 | Tp=28.11 Hp=57.20
21:43:31.279 > [HOUR] SAMPLES | N_ALL=21 N_T=21 N_H=21
21:43:31.283 > [HOUR] METRICS | MAE=nan RMSE=nan R2=NA | MAE_T=nan RMSE_T=nan R2_T=NA | MAE_H=nan RMSE_H=nan R2_H=NA
21:43:31.762 > [SENSORS] Health IN ok=1272 err=0 reinit=0 pwr=0 | OUT ok=1272 err=0 reinit=0 pwr=0
21:43:33.292 > [BENCH] IDLE | t_inference_us=0 | heap=0.3kB/105.8kB (min=103.3kB, biggest=105.5kB) | arena=0.9kB | V_bus=4.924V I_bus=60.2mA P_bus=296.5mW E_total_accum=215.134mWh
21:43:35.329 > [BENCH] IDLE | t_inference_us=0 | heap=0.3kB/105.8kB (min=103.3kB, biggest=105.5kB) | arena=0.9kB | V_bus=4.932V I_bus=59.7mA P_bus=294.3mW E_total_accum=215.299mWh
21:43:37.336 > [BENCH] IDLE | t_inference_us=0 | heap=0.3kB/105.8kB (min=103.3kB, biggest=105.5kB) | arena=0.9kB | V_bus=4.936V I_bus=59.4mA P_bus=292.8mW E_total_accum=215.463mWh
21:43:39.368 > [BENCH] IDLE | t_inference_us=0 | heap=0.3kB/105.8kB (min=103.3kB, biggest=105.5kB) | arena=0.9kB | V_bus=4.932V I_bus=58.8mA P_bus=289.9mW E_total_accum=215.626mWh
21:43:41.388 > [BENCH] IDLE | t_inference_us=0 | heap=0.3kB/105.8kB (min=103.3kB, biggest=105.5kB) | arena=0.9kB | V_bus=4.932V I_bus=58.2mA P_bus=287.2mW E_total_accum=215.786mWh
21:43:43.410 > [BENCH] IDLE | t_inference_us=0 | heap=0.3kB/105.8kB (min=103.3kB, biggest=105.5kB) | arena=0.9kB | V_bus=4.920V I_bus=58.4mA P_bus=287.6mW E_total_accum=215.948mWh
21:43:45.428 > [BENCH] IDLE | t_inference_us=0 | heap=0.3kB/105.8kB (min=103.3kB, biggest=105.5kB) | arena=0.9kB | V_bus=4.940V I_bus=58.2mA P_bus=287.1mW E_total_accum=216.109mWh
21:43:47.449 > [BENCH] IDLE | t_inference_us=0 | heap=0.3kB/105.8kB (min=103.3kB, biggest=105.5kB) | arena=0.9kB | V_bus=4.936V I_bus=58.0mA P_bus=286.0mW E_total_accum=216.269mWh
21:43:49.477 > [BENCH] IDLE | t_inference_us=0 | heap=0.3kB/105.8kB (min=103.3kB, biggest=105.5kB) | arena=0.9kB | V_bus=4.916V I_bus=58.0mA P_bus=285.7mW E_total_accum=216.429mWh
21:43:51.493 > [BENCH] IDLE | t_inference_us=0 | heap=0.3kB/105.8kB (min=103.3kB, biggest=105.5kB) | arena=0.9kB | V_bus=4.920V I_bus=57.9mA P_bus=285.2mW E_total_accum=216.589mWh
21:43:53.525 > [BENCH] IDLE | t_inference_us=0 | heap=0.3kB/105.8kB (min=103.3kB, biggest=105.5kB) | arena=0.9kB | V_bus=4.940V I_bus=57.9mA P_bus=285.3mW E_total_accum=216.749mWh
21:43:55.536 > [BENCH] IDLE | t_inference_us=0 | heap=0.3kB/105.8kB (min=103.3kB, biggest=105.5kB) | arena=0.9kB | V_bus=4.920V I_bus=58.1mA P_bus=286.1mW E_total_accum=216.910mWh
21:43:57.572 > [BENCH] IDLE | t_inference_us=0 | heap=0.3kB/105.8kB (min=103.3kB, biggest=105.5kB) | arena=0.9kB | V_bus=4.924V I_bus=57.6mA P_bus=283.8mW E_total_accum=217.069mWh
21:43:59.597 > [BENCH] IDLE | t_inference_us=0 | heap=0.3kB/105.8kB (min=103.3kB, biggest=105.5kB) | arena=0.9kB | V_bus=4.936V I_bus=57.6mA P_bus=284.1mW E_total_accum=217.228mWh
21:44:01.604 > [BENCH] IDLE | t_inference_us=0 | heap=0.3kB/105.8kB (min=103.3kB, biggest=105.5kB) | arena=0.9kB | V_bus=4.928V I_bus=58.2mA P_bus=287.0mW E_total_accum=217.389mWh
21:44:03.643 > [BENCH] IDLE | t_inference_us=0 | heap=0.3kB/105.8kB (min=103.3kB, biggest=105.5kB) | arena=0.9kB | V_bus=4.932V I_bus=57.9mA P_bus=285.3mW E_total_accum=217.549mWh
21:44:05.657 > [BENCH] IDLE | t_inference_us=0 | heap=0.3kB/105.8kB (min=103.3kB, biggest=105.5kB) | arena=0.9kB | V_bus=4.928V I_bus=57.4mA P_bus=283.0mW E_total_accum=217.708mWh
21:44:07.684 > [BENCH] IDLE | t_inference_us=0 | heap=0.3kB/105.8kB (min=103.3kB, biggest=105.5kB) | arena=0.9kB | V_bus=4.944V I_bus=58.1mA P_bus=286.8mW E_total_accum=217.869mWh
21:44:09.693 > [BENCH] IDLE | t_inference_us=0 | heap=0.3kB/105.8kB (min=103.3kB, biggest=105.5kB) | arena=0.9kB | V_bus=4.936V I_bus=58.1mA P_bus=286.7mW E_total_accum=218.029mWh
21:44:11.726 > [BENCH] IDLE | t_inference_us=0 | heap=0.3kB/105.8kB (min=103.3kB, biggest=105.5kB) | arena=0.9kB | V_bus=4.936V I_bus=58.1mA P_bus=286.4mW E_total_accum=218.190mWh
21:44:13.745 > [BENCH] IDLE | t_inference_us=0 | heap=0.3kB/105.8kB (min=103.3kB, biggest=105.5kB) | arena=0.9kB | V_bus=4.920V I_bus=58.0mA P_bus=285.9mW E_total_accum=218.350mWh
21:44:15.773 > [BENCH] IDLE | t_inference_us=0 | heap=0.3kB/105.8kB (min=103.3kB, biggest=105.5kB) | arena=0.9kB | V_bus=4.932V I_bus=57.6mA P_bus=284.2mW E_total_accum=218.510mWh
21:44:17.788 > [BENCH] IDLE | t_inference_us=0 | heap=0.3kB/105.8kB (min=103.3kB, biggest=105.5kB) | arena=0.9kB | V_bus=4.936V I_bus=57.7mA P_bus=284.7mW E_total_accum=218.669mWh
21:44:19.813 > [BENCH] IDLE | t_inference_us=0 | heap=0.3kB/105.8kB (min=103.3kB, biggest=105.5kB) | arena=0.9kB | V_bus=4.936V I_bus=57.8mA P_bus=285.3mW E_total_accum=218.829mWh
21:44:21.825 > [BENCH] IDLE | t_inference_us=0 | heap=0.3kB/105.8kB (min=103.3kB, biggest=105.5kB) | arena=0.9kB | V_bus=4.924V I_bus=58.2mA P_bus=287.2mW E_total_accum=218.990mWh
21:44:23.860 > [BENCH] IDLE | t_inference_us=0 | heap=0.3kB/105.8kB (min=103.3kB, biggest=105.5kB) | arena=0.9kB | V_bus=4.932V I_bus=57.7mA P_bus=284.3mW E_total_accum=219.150mWh
21:44:25.873 > [BENCH] IDLE | t_inference_us=0 | heap=0.3kB/105.8kB (min=103.3kB, biggest=105.5kB) | arena=0.9kB | V_bus=4.936V I_bus=58.0mA P_bus=285.9mW E_total_accum=219.310mWh
21:44:27.894 > [BENCH] IDLE | t_inference_us=0 | heap=0.3kB/105.8kB (min=103.3kB, biggest=105.5kB) | arena=0.9kB | V_bus=4.936V I_bus=58.1mA P_bus=286.6mW E_total_accum=219.471mWh
21:44:29.926 > [BENCH] IDLE | t_inference_us=0 | heap=0.3kB/105.8kB (min=103.3kB, biggest=105.5kB) | arena=0.9kB | V_bus=4.932V I_bus=57.8mA P_bus=285.1mW E_total_accum=219.630mWh
21:44:31.335 > 
21:44:31.335 > [EVENT] type=HOUR  Tin=28.00 Hin=55.30 Tout=29.50 Hout=73.20
21:44:31.355 > [infer] REAL - Invoke executed (model ran)
21:44:31.358 > 
21:44:31.359 > [PWR] infer | E_inference_window(ΔE_total)=0.198µWh (E0=219.745117mWh E1=219.745316mWh) | E_inference_pipeline(ΔE_total)=0.488µWh (E0=219.744934mWh E1=219.745422mWh) | t_inference=1.038ms | t_inference_pipeline=6.069ms | E_total_accum=219.745mWh
21:44:31.380 > [BENCH] INFER_HOURLY | t_inference_us=1038 | heap=0.3kB/105.9kB (min=103.3kB, biggest=105.6kB) | arena=0.9kB | V_bus=4.924V I_bus=58.6mA P_bus=288.3mW E_total_accum=219.745mWh
21:44:31.396 > [HOUR] Tin=28.00 Hin=55.30 | Tp=28.11 Hp=55.90
21:44:31.400 > [HOUR] SAMPLES | N_ALL=22 N_T=22 N_H=22
21:44:31.403 > [HOUR] METRICS | MAE=nan RMSE=nan R2=NA | MAE_T=nan RMSE_T=nan R2_T=NA | MAE_H=nan RMSE_H=nan R2_H=NA
21:44:31.880 > [SENSORS] Health IN ok=1300 err=0 reinit=0 pwr=0 | OUT ok=1300 err=0 reinit=0 pwr=0
21:44:33.426 > [BENCH] IDLE | t_inference_us=0 | heap=0.3kB/105.8kB (min=103.3kB, biggest=105.5kB) | arena=0.9kB | V_bus=4.936V I_bus=58.4mA P_bus=287.6mW E_total_accum=219.910mWh
21:44:35.439 > [BENCH] IDLE | t_inference_us=0 | heap=0.3kB/105.8kB (min=103.3kB, biggest=105.5kB) | arena=0.9kB | V_bus=4.928V I_bus=58.1mA P_bus=286.3mW E_total_accum=220.071mWh
21:44:37.468 > [BENCH] IDLE | t_inference_us=0 | heap=0.3kB/105.8kB (min=103.3kB, biggest=105.5kB) | arena=0.9kB | V_bus=4.956V I_bus=57.9mA P_bus=285.6mW E_total_accum=220.231mWh
21:44:39.488 > [BENCH] IDLE | t_inference_us=0 | heap=0.3kB/105.8kB (min=103.3kB, biggest=105.5kB) | arena=0.9kB | V_bus=4.932V I_bus=57.8mA P_bus=285.1mW E_total_accum=220.391mWh
21:44:41.511 > [BENCH] IDLE | t_inference_us=0 | heap=0.3kB/105.8kB (min=103.3kB, biggest=105.5kB) | arena=0.9kB | V_bus=4.936V I_bus=57.9mA P_bus=285.5mW E_total_accum=220.551mWh
21:44:43.530 > [BENCH] IDLE | t_inference_us=0 | heap=0.3kB/105.8kB (min=103.3kB, biggest=105.5kB) | arena=0.9kB | V_bus=4.928V I_bus=58.3mA P_bus=287.4mW E_total_accum=220.712mWh
21:44:45.556 > [BENCH] IDLE | t_inference_us=0 | heap=0.3kB/105.8kB (min=103.3kB, biggest=105.5kB) | arena=0.9kB | V_bus=4.956V I_bus=57.2mA P_bus=282.2mW E_total_accum=220.870mWh
21:44:47.567 > [BENCH] IDLE | t_inference_us=0 | heap=0.3kB/105.8kB (min=103.3kB, biggest=105.5kB) | arena=0.9kB | V_bus=4.928V I_bus=56.9mA P_bus=280.9mW E_total_accum=221.028mWh
21:44:49.592 > [BENCH] IDLE | t_inference_us=0 | heap=0.3kB/105.8kB (min=103.3kB, biggest=105.5kB) | arena=0.9kB | V_bus=4.924V I_bus=57.6mA P_bus=284.0mW E_total_accum=221.187mWh
21:44:51.622 > [BENCH] IDLE | t_inference_us=0 | heap=0.3kB/105.8kB (min=103.3kB, biggest=105.5kB) | arena=0.9kB | V_bus=4.936V I_bus=57.4mA P_bus=283.4mW E_total_accum=221.346mWh
21:44:53.643 > [BENCH] IDLE | t_inference_us=0 | heap=0.3kB/105.8kB (min=103.3kB, biggest=105.5kB) | arena=0.9kB | V_bus=4.932V I_bus=57.2mA P_bus=282.3mW E_total_accum=221.504mWh
21:44:55.652 > [BENCH] IDLE | t_inference_us=0 | heap=0.3kB/105.8kB (min=103.3kB, biggest=105.5kB) | arena=0.9kB | V_bus=4.920V I_bus=57.4mA P_bus=282.7mW E_total_accum=221.663mWh
21:44:57.686 > [BENCH] IDLE | t_inference_us=0 | heap=0.3kB/105.8kB (min=103.3kB, biggest=105.5kB) | arena=0.9kB | V_bus=4.936V I_bus=57.5mA P_bus=283.8mW E_total_accum=221.822mWh
21:44:59.704 > [BENCH] IDLE | t_inference_us=0 | heap=0.3kB/105.8kB (min=103.3kB, biggest=105.5kB) | arena=0.9kB | V_bus=4.920V I_bus=57.7mA P_bus=284.5mW E_total_accum=221.981mWh
21:45:01.739 > [BENCH] IDLE | t_inference_us=0 | heap=0.3kB/105.8kB (min=103.3kB, biggest=105.5kB) | arena=0.9kB | V_bus=4.932V I_bus=57.4mA P_bus=283.0mW E_total_accum=222.140mWh
21:45:03.753 > [BENCH] IDLE | t_inference_us=0 | heap=0.3kB/105.8kB (min=103.3kB, biggest=105.5kB) | arena=0.9kB | V_bus=4.924V I_bus=58.1mA P_bus=286.3mW E_total_accum=222.301mWh
21:45:05.784 > [BENCH] IDLE | t_inference_us=0 | heap=0.3kB/105.8kB (min=103.3kB, biggest=105.5kB) | arena=0.9kB | V_bus=4.936V I_bus=58.2mA P_bus=286.8mW E_total_accum=222.462mWh
21:45:07.806 > [BENCH] IDLE | t_inference_us=0 | heap=0.3kB/105.8kB (min=103.3kB, biggest=105.5kB) | arena=0.9kB | V_bus=4.924V I_bus=57.9mA P_bus=285.5mW E_total_accum=222.622mWh
21:45:09.829 > [BENCH] IDLE | t_inference_us=0 | heap=0.3kB/105.8kB (min=103.3kB, biggest=105.5kB) | arena=0.9kB | V_bus=4.928V I_bus=57.7mA P_bus=284.2mW E_total_accum=222.781mWh
21:45:11.847 > [BENCH] IDLE | t_inference_us=0 | heap=0.3kB/105.8kB (min=103.3kB, biggest=105.5kB) | arena=0.9kB | V_bus=4.936V I_bus=57.8mA P_bus=285.2mW E_total_accum=222.941mWh
21:45:13.876 > [BENCH] IDLE | t_inference_us=0 | heap=0.3kB/105.8kB (min=103.3kB, biggest=105.5kB) | arena=0.9kB | V_bus=4.924V I_bus=57.7mA P_bus=284.5mW E_total_accum=223.101mWh
21:45:15.892 > [BENCH] IDLE | t_inference_us=0 | heap=0.3kB/105.8kB (min=103.3kB, biggest=105.5kB) | arena=0.9kB | V_bus=4.928V I_bus=57.3mA P_bus=282.6mW E_total_accum=223.259mWh
21:45:17.919 > [BENCH] IDLE | t_inference_us=0 | heap=0.3kB/105.8kB (min=103.3kB, biggest=105.5kB) | arena=0.9kB | V_bus=4.916V I_bus=58.1mA P_bus=286.1mW E_total_accum=223.419mWh
21:45:19.940 > [BENCH] IDLE | t_inference_us=0 | heap=0.3kB/105.8kB (min=103.3kB, biggest=105.5kB) | arena=0.9kB | V_bus=4.920V I_bus=58.5mA P_bus=287.9mW E_total_accum=223.581mWh
21:45:21.958 > [BENCH] IDLE | t_inference_us=0 | heap=0.3kB/105.8kB (min=103.3kB, biggest=105.5kB) | arena=0.9kB | V_bus=4.928V I_bus=57.9mA P_bus=285.3mW E_total_accum=223.741mWh
21:45:23.981 > [BENCH] IDLE | t_inference_us=0 | heap=0.3kB/105.8kB (min=103.3kB, biggest=105.5kB) | arena=0.9kB | V_bus=4.932V I_bus=58.1mA P_bus=286.1mW E_total_accum=223.901mWh
21:45:26.007 > [BENCH] IDLE | t_inference_us=0 | heap=0.3kB/105.8kB (min=103.3kB, biggest=105.5kB) | arena=0.9kB | V_bus=4.932V I_bus=58.0mA P_bus=285.7mW E_total_accum=224.061mWh
21:45:28.024 > [BENCH] IDLE | t_inference_us=0 | heap=0.3kB/105.8kB (min=103.3kB, biggest=105.5kB) | arena=0.9kB | V_bus=4.928V I_bus=57.6mA P_bus=284.0mW E_total_accum=224.220mWh
21:45:30.038 > [BENCH] IDLE | t_inference_us=0 | heap=0.3kB/105.8kB (min=103.3kB, biggest=105.5kB) | arena=0.9kB | V_bus=4.932V I_bus=57.8mA P_bus=285.0mW E_total_accum=224.380mWh
21:45:31.469 > 
21:45:31.469 > [EVENT] type=HOUR  Tin=28.10 Hin=58.29 Tout=29.50 Hout=73.30
21:45:31.475 > [infer] REAL - Invoke executed (model ran)
21:45:31.478 > 
21:45:31.478 > [PWR] infer | E_inference_window(ΔE_total)=0.198µWh (E0=224.493195mWh E1=224.493393mWh) | E_inference_pipeline(ΔE_total)=0.488µWh (E0=224.493011mWh E1=224.493500mWh) | t_inference=1.037ms | t_inference_pipeline=6.069ms | E_total_accum=224.493mWh
21:45:31.501 > [BENCH] INFER_HOURLY | t_inference_us=1037 | heap=0.3kB/105.9kB (min=103.3kB, biggest=105.6kB) | arena=0.9kB | V_bus=4.880V I_bus=59.3mA P_bus=291.2mW E_total_accum=224.493mWh
21:45:31.516 > [HOUR] Tin=28.10 Hin=58.29 | Tp=28.11 Hp=55.40
21:45:31.519 > [HOUR] SAMPLES | N_ALL=23 N_T=23 N_H=23
21:45:31.523 > [HOUR] METRICS | MAE=nan RMSE=nan R2=NA | MAE_T=nan RMSE_T=nan R2_T=NA | MAE_H=nan RMSE_H=nan R2_H=NA
21:45:32.007 > [SENSORS] Health IN ok=1328 err=0 reinit=0 pwr=0 | OUT ok=1328 err=0 reinit=0 pwr=0
21:45:33.544 > [BENCH] IDLE | t_inference_us=0 | heap=0.3kB/105.8kB (min=103.3kB, biggest=105.5kB) | arena=0.9kB | V_bus=4.932V I_bus=59.2mA P_bus=290.6mW E_total_accum=224.660mWh
21:45:35.573 > [BENCH] IDLE | t_inference_us=0 | heap=0.3kB/105.8kB (min=103.3kB, biggest=105.5kB) | arena=0.9kB | V_bus=4.932V I_bus=58.7mA P_bus=288.8mW E_total_accum=224.822mWh
21:45:37.592 > [BENCH] IDLE | t_inference_us=0 | heap=0.3kB/105.8kB (min=103.3kB, biggest=105.5kB) | arena=0.9kB | V_bus=4.928V I_bus=58.2mA P_bus=286.1mW E_total_accum=224.983mWh
21:45:39.621 > [BENCH] IDLE | t_inference_us=0 | heap=0.3kB/105.8kB (min=103.3kB, biggest=105.5kB) | arena=0.9kB | V_bus=4.932V I_bus=58.2mA P_bus=286.2mW E_total_accum=225.144mWh
21:45:41.642 > [BENCH] IDLE | t_inference_us=0 | heap=0.3kB/105.8kB (min=103.3kB, biggest=105.5kB) | arena=0.9kB | V_bus=4.928V I_bus=57.8mA P_bus=284.5mW E_total_accum=225.303mWh
21:45:43.665 > [BENCH] IDLE | t_inference_us=0 | heap=0.3kB/105.8kB (min=103.3kB, biggest=105.5kB) | arena=0.9kB | V_bus=4.912V I_bus=58.4mA P_bus=287.6mW E_total_accum=225.464mWh
21:45:45.687 > [BENCH] IDLE | t_inference_us=0 | heap=0.3kB/105.8kB (min=103.3kB, biggest=105.5kB) | arena=0.9kB | V_bus=4.932V I_bus=58.3mA P_bus=287.1mW E_total_accum=225.625mWh
21:45:47.710 > [BENCH] IDLE | t_inference_us=0 | heap=0.3kB/105.8kB (min=103.3kB, biggest=105.5kB) | arena=0.9kB | V_bus=4.928V I_bus=58.1mA P_bus=285.9mW E_total_accum=225.786mWh
21:45:49.734 > [BENCH] IDLE | t_inference_us=0 | heap=0.3kB/105.8kB (min=103.3kB, biggest=105.5kB) | arena=0.9kB | V_bus=4.956V I_bus=58.2mA P_bus=287.0mW E_total_accum=225.947mWh
21:45:51.751 > [BENCH] IDLE | t_inference_us=0 | heap=0.3kB/105.8kB (min=103.3kB, biggest=105.5kB) | arena=0.9kB | V_bus=4.936V I_bus=58.2mA P_bus=286.8mW E_total_accum=226.107mWh
21:45:53.767 > [BENCH] IDLE | t_inference_us=0 | heap=0.3kB/105.8kB (min=103.3kB, biggest=105.5kB) | arena=0.9kB | V_bus=4.920V I_bus=57.7mA P_bus=284.5mW E_total_accum=226.267mWh
21:45:55.798 > [BENCH] IDLE | t_inference_us=0 | heap=0.3kB/105.8kB (min=103.3kB, biggest=105.5kB) | arena=0.9kB | V_bus=4.936V I_bus=57.6mA P_bus=284.1mW E_total_accum=226.426mWh
21:45:57.815 > [BENCH] IDLE | t_inference_us=0 | heap=0.3kB/105.8kB (min=103.3kB, biggest=105.5kB) | arena=0.9kB | V_bus=4.936V I_bus=57.8mA P_bus=285.2mW E_total_accum=226.586mWh
21:45:59.835 > [BENCH] IDLE | t_inference_us=0 | heap=0.3kB/105.8kB (min=103.3kB, biggest=105.5kB) | arena=0.9kB | V_bus=4.924V I_bus=58.5mA P_bus=288.2mW E_total_accum=226.747mWh
21:46:01.859 > [BENCH] IDLE | t_inference_us=0 | heap=0.3kB/105.8kB (min=103.3kB, biggest=105.5kB) | arena=0.9kB | V_bus=4.928V I_bus=57.8mA P_bus=285.0mW E_total_accum=226.907mWh
21:46:03.882 > [BENCH] IDLE | t_inference_us=0 | heap=0.3kB/105.8kB (min=103.3kB, biggest=105.5kB) | arena=0.9kB | V_bus=4.920V I_bus=58.6mA P_bus=288.6mW E_total_accum=227.069mWh
21:46:05.905 > [BENCH] IDLE | t_inference_us=0 | heap=0.3kB/105.8kB (min=103.3kB, biggest=105.5kB) | arena=0.9kB | V_bus=4.932V I_bus=57.9mA P_bus=285.4mW E_total_accum=227.229mWh
21:46:07.921 > [BENCH] IDLE | t_inference_us=0 | heap=0.3kB/105.8kB (min=103.3kB, biggest=105.5kB) | arena=0.9kB | V_bus=4.920V I_bus=58.5mA P_bus=288.4mW E_total_accum=227.391mWh
21:46:09.945 > [BENCH] IDLE | t_inference_us=0 | heap=0.3kB/105.8kB (min=103.3kB, biggest=105.5kB) | arena=0.9kB | V_bus=4.916V I_bus=58.2mA P_bus=286.7mW E_total_accum=227.552mWh
21:46:11.973 > [BENCH] IDLE | t_inference_us=0 | heap=0.3kB/105.8kB (min=103.3kB, biggest=105.5kB) | arena=0.9kB | V_bus=4.928V I_bus=57.9mA P_bus=285.0mW E_total_accum=227.711mWh
21:46:13.999 > [BENCH] IDLE | t_inference_us=0 | heap=0.3kB/105.8kB (min=103.3kB, biggest=105.5kB) | arena=0.9kB | V_bus=4.928V I_bus=57.9mA P_bus=285.4mW E_total_accum=227.872mWh
21:46:16.013 > [BENCH] IDLE | t_inference_us=0 | heap=0.3kB/105.8kB (min=103.3kB, biggest=105.5kB) | arena=0.9kB | V_bus=4.924V I_bus=57.6mA P_bus=283.6mW E_total_accum=228.031mWh
21:46:18.047 > [BENCH] IDLE | t_inference_us=0 | heap=0.3kB/105.8kB (min=103.3kB, biggest=105.5kB) | arena=0.9kB | V_bus=4.932V I_bus=57.8mA P_bus=284.8mW E_total_accum=228.190mWh
21:46:20.068 > [BENCH] IDLE | t_inference_us=0 | heap=0.3kB/105.8kB (min=103.3kB, biggest=105.5kB) | arena=0.9kB | V_bus=4.932V I_bus=57.3mA P_bus=282.3mW E_total_accum=228.349mWh
21:46:22.079 > [BENCH] IDLE | t_inference_us=0 | heap=0.3kB/105.8kB (min=103.3kB, biggest=105.5kB) | arena=0.9kB | V_bus=4.928V I_bus=58.0mA P_bus=286.0mW E_total_accum=228.509mWh
21:46:24.113 > [BENCH] IDLE | t_inference_us=0 | heap=0.3kB/105.8kB (min=103.3kB, biggest=105.5kB) | arena=0.9kB | V_bus=4.932V I_bus=57.9mA P_bus=285.6mW E_total_accum=228.669mWh
21:46:26.136 > [BENCH] IDLE | t_inference_us=0 | heap=0.3kB/105.8kB (min=103.3kB, biggest=105.5kB) | arena=0.9kB | V_bus=4.924V I_bus=57.9mA P_bus=285.3mW E_total_accum=228.829mWh
21:46:28.147 > [BENCH] IDLE | t_inference_us=0 | heap=0.3kB/105.8kB (min=103.3kB, biggest=105.5kB) | arena=0.9kB | V_bus=4.932V I_bus=57.9mA P_bus=285.3mW E_total_accum=228.989mWh
21:46:30.178 > [BENCH] IDLE | t_inference_us=0 | heap=0.3kB/105.8kB (min=103.3kB, biggest=105.5kB) | arena=0.9kB | V_bus=4.944V I_bus=57.5mA P_bus=283.4mW E_total_accum=229.148mWh
21:46:31.594 > 
21:46:31.594 > [EVENT] type=HOUR  Tin=28.50 Hin=59.97 Tout=29.50 Hout=73.20
21:46:31.594 > [infer] REAL - Invoke executed (model ran)
21:46:31.606 > 
21:46:31.606 > [PWR] infer | E_inference_window(ΔE_total)=0.198µWh (E0=229.262833mWh E1=229.263031mWh) | E_inference_pipeline(ΔE_total)=0.488µWh (E0=229.262650mWh E1=229.263138mWh) | t_inference=1.040ms | t_inference_pipeline=6.067ms | E_total_accum=229.263mWh
21:46:31.629 > [BENCH] INFER_HOURLY | t_inference_us=1040 | heap=0.3kB/105.9kB (min=103.3kB, biggest=105.6kB) | arena=0.9kB | V_bus=4.904V I_bus=58.8mA P_bus=289.1mW E_total_accum=229.263mWh
21:46:31.643 > [HOUR] Tin=28.50 Hin=59.97 | Tp=28.12 Hp=58.32
21:46:31.648 > [HOUR] SAMPLES | N_ALL=24 N_T=24 N_H=24
21:46:31.651 > [HOUR] METRICS | MAE=0.6111 RMSE=0.9000 R2=0.9307 | MAE_T=0.2106 RMSE_T=0.3036 R2_T=0.9289 | MAE_H=1.0116 RMSE_H=1.2360 R2_H=0.9325
21:46:32.143 > [SENSORS] Health IN ok=1356 err=0 reinit=0 pwr=0 | OUT ok=1357 err=0 reinit=0 pwr=0
21:46:33.680 > [BENCH] IDLE | t_inference_us=0 | heap=0.3kB/105.8kB (min=103.3kB, biggest=105.5kB) | arena=0.9kB | V_bus=4.928V I_bus=58.3mA P_bus=287.1mW E_total_accum=229.428mWh
21:46:35.694 > [BENCH] IDLE | t_inference_us=0 | heap=0.3kB/105.8kB (min=103.3kB, biggest=105.5kB) | arena=0.9kB | V_bus=4.920V I_bus=58.7mA P_bus=289.1mW E_total_accum=229.590mWh
21:46:37.712 > [BENCH] IDLE | t_inference_us=0 | heap=0.3kB/105.8kB (min=103.3kB, biggest=105.5kB) | arena=0.9kB | V_bus=4.932V I_bus=58.2mA P_bus=286.4mW E_total_accum=229.751mWh
21:46:39.749 > [BENCH] IDLE | t_inference_us=0 | heap=0.3kB/105.8kB (min=103.3kB, biggest=105.5kB) | arena=0.9kB | V_bus=4.920V I_bus=58.6mA P_bus=288.2mW E_total_accum=229.913mWh
21:46:41.765 > [BENCH] IDLE | t_inference_us=0 | heap=0.3kB/105.8kB (min=103.3kB, biggest=105.5kB) | arena=0.9kB | V_bus=4.924V I_bus=58.1mA P_bus=286.1mW E_total_accum=230.073mWh
21:46:43.790 > [BENCH] IDLE | t_inference_us=0 | heap=0.3kB/105.8kB (min=103.3kB, biggest=105.5kB) | arena=0.9kB | V_bus=4.920V I_bus=58.6mA P_bus=288.5mW E_total_accum=230.235mWh
21:46:45.816 > [BENCH] IDLE | t_inference_us=0 | heap=0.3kB/105.8kB (min=103.3kB, biggest=105.5kB) | arena=0.9kB | V_bus=4.936V I_bus=58.6mA P_bus=288.5mW E_total_accum=230.397mWh
21:46:47.841 > [BENCH] IDLE | t_inference_us=0 | heap=0.3kB/105.8kB (min=103.3kB, biggest=105.5kB) | arena=0.9kB | V_bus=4.924V I_bus=58.4mA P_bus=287.8mW E_total_accum=230.558mWh
21:46:49.858 > [BENCH] IDLE | t_inference_us=0 | heap=0.3kB/105.8kB (min=103.3kB, biggest=105.5kB) | arena=0.9kB | V_bus=4.924V I_bus=58.8mA P_bus=289.7mW E_total_accum=230.720mWh
21:46:51.870 > [BENCH] IDLE | t_inference_us=0 | heap=0.3kB/105.8kB (min=103.3kB, biggest=105.5kB) | arena=0.9kB | V_bus=4.928V I_bus=58.4mA P_bus=287.5mW E_total_accum=230.882mWh
21:46:53.902 > [BENCH] IDLE | t_inference_us=0 | heap=0.3kB/105.8kB (min=103.3kB, biggest=105.5kB) | arena=0.9kB | V_bus=4.924V I_bus=58.7mA P_bus=289.1mW E_total_accum=231.044mWh
21:46:55.931 > [BENCH] IDLE | t_inference_us=0 | heap=0.3kB/105.8kB (min=103.3kB, biggest=105.5kB) | arena=0.9kB | V_bus=4.936V I_bus=58.6mA P_bus=288.9mW E_total_accum=231.206mWh
21:46:57.955 > [BENCH] IDLE | t_inference_us=0 | heap=0.3kB/105.8kB (min=103.3kB, biggest=105.5kB) | arena=0.9kB | V_bus=4.916V I_bus=58.8mA P_bus=289.6mW E_total_accum=231.368mWh
21:46:59.972 > [BENCH] IDLE | t_inference_us=0 | heap=0.3kB/105.8kB (min=103.3kB, biggest=105.5kB) | arena=0.9kB | V_bus=4.960V I_bus=58.8mA P_bus=289.9mW E_total_accum=231.531mWh
21:47:01.994 > [BENCH] IDLE | t_inference_us=0 | heap=0.3kB/105.8kB (min=103.3kB, biggest=105.5kB) | arena=0.9kB | V_bus=4.924V I_bus=58.3mA P_bus=287.6mW E_total_accum=231.692mWh
21:47:04.002 > [BENCH] IDLE | t_inference_us=0 | heap=0.3kB/105.8kB (min=103.3kB, biggest=105.5kB) | arena=0.9kB | V_bus=4.928V I_bus=58.5mA P_bus=288.2mW E_total_accum=231.853mWh
21:47:06.037 > [BENCH] IDLE | t_inference_us=0 | heap=0.3kB/105.8kB (min=103.3kB, biggest=105.5kB) | arena=0.9kB | V_bus=4.932V I_bus=58.3mA P_bus=287.6mW E_total_accum=232.015mWh
21:47:08.053 > [BENCH] IDLE | t_inference_us=0 | heap=0.3kB/105.8kB (min=103.3kB, biggest=105.5kB) | arena=0.9kB | V_bus=4.928V I_bus=58.1mA P_bus=286.4mW E_total_accum=232.175mWh
21:47:10.069 > [BENCH] IDLE | t_inference_us=0 | heap=0.3kB/105.8kB (min=103.3kB, biggest=105.5kB) | arena=0.9kB | V_bus=4.928V I_bus=58.5mA P_bus=288.5mW E_total_accum=232.337mWh
21:47:12.104 > [BENCH] IDLE | t_inference_us=0 | heap=0.3kB/105.8kB (min=103.3kB, biggest=105.5kB) | arena=0.9kB | V_bus=4.924V I_bus=58.0mA P_bus=285.8mW E_total_accum=232.497mWh
21:47:14.120 > [BENCH] IDLE | t_inference_us=0 | heap=0.3kB/105.8kB (min=103.3kB, biggest=105.5kB) | arena=0.9kB | V_bus=4.932V I_bus=58.2mA P_bus=287.1mW E_total_accum=232.658mWh
21:47:16.148 > [BENCH] IDLE | t_inference_us=0 | heap=0.3kB/105.8kB (min=103.3kB, biggest=105.5kB) | arena=0.9kB | V_bus=4.920V I_bus=58.1mA P_bus=286.1mW E_total_accum=232.819mWh
21:47:18.170 > [BENCH] IDLE | t_inference_us=0 | heap=0.3kB/105.8kB (min=103.3kB, biggest=105.5kB) | arena=0.9kB | V_bus=4.928V I_bus=58.4mA P_bus=287.6mW E_total_accum=232.980mWh
21:47:20.195 > [BENCH] IDLE | t_inference_us=0 | heap=0.3kB/105.8kB (min=103.3kB, biggest=105.5kB) | arena=0.9kB | V_bus=4.912V I_bus=58.1mA P_bus=286.3mW E_total_accum=233.141mWh
21:47:22.219 > [BENCH] IDLE | t_inference_us=0 | heap=0.3kB/105.8kB (min=103.3kB, biggest=105.5kB) | arena=0.9kB | V_bus=4.928V I_bus=58.3mA P_bus=287.2mW E_total_accum=233.302mWh
21:47:24.235 > [BENCH] IDLE | t_inference_us=0 | heap=0.3kB/105.8kB (min=103.3kB, biggest=105.5kB) | arena=0.9kB | V_bus=4.916V I_bus=58.0mA P_bus=285.7mW E_total_accum=233.462mWh
21:47:26.264 > [BENCH] IDLE | t_inference_us=0 | heap=0.3kB/105.8kB (min=103.3kB, biggest=105.5kB) | arena=0.9kB | V_bus=4.928V I_bus=58.2mA P_bus=286.6mW E_total_accum=233.623mWh
21:47:28.284 > [BENCH] IDLE | t_inference_us=0 | heap=0.3kB/105.8kB (min=103.3kB, biggest=105.5kB) | arena=0.9kB | V_bus=4.916V I_bus=58.1mA P_bus=286.0mW E_total_accum=233.783mWh
21:47:30.305 > [BENCH] IDLE | t_inference_us=0 | heap=0.3kB/105.8kB (min=103.3kB, biggest=105.5kB) | arena=0.9kB | V_bus=4.928V I_bus=58.2mA P_bus=286.7mW E_total_accum=233.944mWh
21:47:31.683 > 
