12:32:16.079 > ===== BOOT START =====
12:32:16.084 > [PLATFORM] Lolin32 / ESP-WROOM-32
12:32:16.084 > [CPU_SET_MHz] freq=240 MHz
12:32:16.084 > [BOOT] LiteML-Edge starting...
12:32:16.084 > [MODE] LITEML_MODE=2 -> FIELD (evaluation contract)
12:32:16.098 > [OLED] disabled | mode=FIELD
12:32:16.214 > [SENSORS] DHT22 initialized successfully.
12:32:16.218 > [SENSORS] No NTP — using local millis-based clock.
12:32:16.223 > [SENSORS] Initialization complete. Acquisition layer ready; unified evaluation contract armed.
12:32:16.230 > [MODE] Shared post-acquisition contract: hourly rollover, lag snapshots, common feature packing, and lag-1 residual baseline.
12:32:16.243 > [TFLM] outputs_size=1 | out0_type=9 out1_type=-1 | out0_bytes=2 out1_bytes=-1
12:32:16.249 > [ARENA] reserved=16384B used=932B (0.9kB/16.0kB)
12:32:16.253 > [MEM] Model=6.46kB (FLASH) | Arena=0.91kB (RAM) | Total≈7.37kB
12:32:16.257 > [quant] in: s=0.003921569 zp=-128 | out0: s=0.046528529 zp=-1 | out1: s=-1.000000000 zp=-999 | in_t=9 out0_t=9 out1_t=-1 | in_lastdim=288
12:32:16.271 > [MODEL] type=MLP | arch=MLP | io=int8->int8 | precision_io=INT8_IO | quant_style=FULL_INT8
12:32:16.276 > [SCALERS] crc32=0x997A4053 K=12 | Y0=[-1.110,0.910] Y1=[-0.748,0.649]
12:32:16.286 > [SCALERS] ΔY=[-1.110,-0.748]..[0.910,0.649]
12:32:16.291 > [SCALERS] X0=[21.110001,35.000000] X1=[43.000000,100.000000]
12:32:16.295 > [SCALERS] X2=[24.360001,28.680000] X3=[60.620712,75.301254]
12:32:16.301 > [SELFTEST] OK? YES  y0=-0.358  y1=-0.488  (in_scale=0.003922 in_zp=-128  out0_scale=0.046529 out0_zp=-1)
12:32:16.311 > [SELFTEST] y0=-0.36 y1=-0.49
12:32:16.311 > [BENCH][INA219] calib=16V/400mA | assumed_shunt=0.100 ohm
12:32:16.321 > [BOOT] ready.
12:32:16.321 > [METRICS] mode=LIVE_FEATURES
12:32:16.321 > [SENSORS] invalid reading (waiting for stabilization)...
12:32:16.328 > [SENSORS] FIELD seed progress: current hour captured; waiting for lag1 and lag2.
12:32:16.333 > [WARMUP] waiting=stabilization+lag_history | snapshot=0 warmup=1/6  Tin=30.30 Hin=65.20 Tout=29.50 Hout=65.40
12:32:17.883 > [WARMUP] waiting=lag_history(lag1+lag2) | snapshot=0 warmup=6/6  Tin=30.30 Hin=65.20 Tout=29.50 Hout=65.40
12:32:19.400 > [WARMUP] waiting=lag_history(lag1+lag2) | snapshot=0 warmup=6/6  Tin=31.30 Hin=66.26 Tout=33.50 Hout=56.00
12:32:20.913 > [WARMUP] waiting=lag_history(lag1+lag2) | snapshot=0 warmup=6/6  Tin=31.30 Hin=66.60 Tout=33.50 Hout=55.90
12:32:22.408 > [WARMUP] waiting=lag_history(lag1+lag2) | snapshot=0 warmup=6/6  Tin=31.30 Hin=66.69 Tout=33.50 Hout=55.90
12:32:23.920 > [WARMUP] waiting=lag_history(lag1+lag2) | snapshot=0 warmup=6/6  Tin=31.30 Hin=66.70 Tout=33.50 Hout=56.00
12:32:25.432 > [WARMUP] waiting=lag_history(lag1+lag2) | snapshot=0 warmup=6/6  Tin=31.30 Hin=66.57 Tout=33.60 Hout=55.80
12:32:26.953 > [WARMUP] waiting=lag_history(lag1+lag2) | snapshot=0 warmup=6/6  Tin=31.30 Hin=66.48 Tout=33.60 Hout=55.90
12:32:28.443 > [WARMUP] waiting=lag_history(lag1+lag2) | snapshot=0 warmup=6/6  Tin=31.30 Hin=66.32 Tout=33.60 Hout=55.90
12:32:29.954 > [WARMUP] waiting=lag_history(lag1+lag2) | snapshot=0 warmup=6/6  Tin=31.30 Hin=66.23 Tout=33.60 Hout=55.90
12:32:31.473 > [WARMUP] waiting=lag_history(lag1+lag2) | snapshot=0 warmup=6/6  Tin=31.30 Hin=66.16 Tout=33.60 Hout=55.90
12:32:32.975 > [WARMUP] waiting=lag_history(lag1+lag2) | snapshot=0 warmup=6/6  Tin=31.30 Hin=66.11 Tout=33.60 Hout=55.90
12:32:34.485 > [WARMUP] waiting=lag_history(lag1+lag2) | snapshot=0 warmup=6/6  Tin=31.30 Hin=66.02 Tout=33.60 Hout=55.80
12:32:35.991 > [WARMUP] waiting=lag_history(lag1+lag2) | snapshot=0 warmup=6/6  Tin=31.30 Hin=65.88 Tout=33.70 Hout=55.80
12:32:37.520 > [WARMUP] waiting=lag_history(lag1+lag2) | snapshot=0 warmup=6/6  Tin=31.30 Hin=65.82 Tout=33.70 Hout=55.70
12:32:39.009 > [WARMUP] waiting=lag_history(lag1+lag2) | snapshot=0 warmup=6/6  Tin=31.30 Hin=65.89 Tout=33.70 Hout=55.70
12:32:40.524 > [WARMUP] waiting=lag_history(lag1+lag2) | snapshot=0 warmup=6/6  Tin=31.30 Hin=65.75 Tout=33.70 Hout=55.70
12:32:42.043 > [WARMUP] waiting=lag_history(lag1+lag2) | snapshot=0 warmup=6/6  Tin=31.30 Hin=65.66 Tout=33.70 Hout=55.60
12:32:43.540 > [WARMUP] waiting=lag_history(lag1+lag2) | snapshot=0 warmup=6/6  Tin=31.30 Hin=65.61 Tout=33.70 Hout=55.60
12:32:45.060 > [WARMUP] waiting=lag_history(lag1+lag2) | snapshot=0 warmup=6/6  Tin=31.40 Hin=65.60 Tout=33.80 Hout=55.70
12:32:46.569 > [WARMUP] waiting=lag_history(lag1+lag2) | snapshot=0 warmup=6/6  Tin=31.30 Hin=65.47 Tout=33.80 Hout=55.50
12:32:48.086 > [WARMUP] waiting=lag_history(lag1+lag2) | snapshot=0 warmup=6/6  Tin=31.30 Hin=65.41 Tout=33.80 Hout=55.50
12:32:49.574 > [WARMUP] waiting=lag_history(lag1+lag2) | snapshot=0 warmup=6/6  Tin=31.30 Hin=65.40 Tout=33.80 Hout=55.50
12:32:51.088 > [WARMUP] waiting=lag_history(lag1+lag2) | snapshot=0 warmup=6/6  Tin=31.30 Hin=65.17 Tout=33.80 Hout=55.40
12:32:52.604 > [WARMUP] waiting=lag_history(lag1+lag2) | snapshot=0 warmup=6/6  Tin=31.30 Hin=65.15 Tout=33.80 Hout=55.40
12:32:54.104 > [WARMUP] waiting=lag_history(lag1+lag2) | snapshot=0 warmup=6/6  Tin=31.30 Hin=65.19 Tout=33.80 Hout=55.40
12:32:55.622 > [WARMUP] waiting=lag_history(lag1+lag2) | snapshot=0 warmup=6/6  Tin=31.30 Hin=65.37 Tout=33.80 Hout=55.40
12:32:57.137 > [WARMUP] waiting=lag_history(lag1+lag2) | snapshot=0 warmup=6/6  Tin=31.30 Hin=65.52 Tout=33.80 Hout=55.60
12:32:58.639 > [WARMUP] waiting=lag_history(lag1+lag2) | snapshot=0 warmup=6/6  Tin=31.20 Hin=65.57 Tout=33.90 Hout=55.50
12:33:00.153 > [WARMUP] waiting=lag_history(lag1+lag2) | snapshot=0 warmup=6/6  Tin=31.20 Hin=65.51 Tout=33.90 Hout=55.50
12:33:01.651 > [WARMUP] waiting=lag_history(lag1+lag2) | snapshot=0 warmup=6/6  Tin=31.30 Hin=65.27 Tout=33.90 Hout=55.50
12:33:03.170 > [WARMUP] waiting=lag_history(lag1+lag2) | snapshot=0 warmup=6/6  Tin=31.20 Hin=65.25 Tout=33.80 Hout=55.30
12:33:04.680 > [WARMUP] waiting=lag_history(lag1+lag2) | snapshot=0 warmup=6/6  Tin=31.20 Hin=65.29 Tout=33.80 Hout=55.30
12:33:06.187 > [WARMUP] waiting=lag_history(lag1+lag2) | snapshot=0 warmup=6/6  Tin=31.30 Hin=65.22 Tout=33.90 Hout=55.40
12:33:07.704 > [WARMUP] waiting=lag_history(lag1+lag2) | snapshot=0 warmup=6/6  Tin=31.20 Hin=65.08 Tout=33.80 Hout=55.50
12:33:09.219 > [WARMUP] waiting=lag_history(lag1+lag2) | snapshot=0 warmup=6/6  Tin=31.20 Hin=64.87 Tout=33.80 Hout=55.40
12:33:10.718 > [WARMUP] waiting=lag_history(lag1+lag2) | snapshot=0 warmup=6/6  Tin=31.20 Hin=64.20 Tout=33.80 Hout=55.40
12:33:12.220 > [WARMUP] waiting=lag_history(lag1+lag2) | snapshot=0 warmup=6/6  Tin=31.10 Hin=64.11 Tout=33.80 Hout=55.40
12:33:13.733 > [WARMUP] waiting=lag_history(lag1+lag2) | snapshot=0 warmup=6/6  Tin=31.10 Hin=64.32 Tout=33.80 Hout=55.40
12:33:15.234 > [WARMUP] waiting=lag_history(lag1+lag2) | snapshot=0 warmup=6/6  Tin=31.10 Hin=64.57 Tout=33.80 Hout=55.40
12:33:16.218 > [SENSORS] Health IN ok=29 err=0 reinit=0 pwr=0 | OUT ok=29 err=0 reinit=0 pwr=0
12:33:16.226 > [SENSORS] FIELD seed progress: lag1 ready; waiting one more logical hour for lag2.
12:33:16.761 > [WARMUP] waiting=lag_history(lag1+lag2) | snapshot=0 warmup=6/6  Tin=31.10 Hin=64.76 Tout=33.80 Hout=55.40
12:33:18.267 > [WARMUP] waiting=lag_history(lag1+lag2) | snapshot=0 warmup=6/6  Tin=31.00 Hin=64.99 Tout=33.80 Hout=55.50
12:33:19.786 > [WARMUP] waiting=lag_history(lag1+lag2) | snapshot=0 warmup=6/6  Tin=31.00 Hin=65.09 Tout=33.80 Hout=55.50
12:33:21.282 > [WARMUP] waiting=lag_history(lag1+lag2) | snapshot=0 warmup=6/6  Tin=31.00 Hin=65.10 Tout=33.80 Hout=55.50
12:33:22.800 > [WARMUP] waiting=lag_history(lag1+lag2) | snapshot=0 warmup=6/6  Tin=31.00 Hin=65.25 Tout=33.80 Hout=55.70
12:33:24.299 > [WARMUP] waiting=lag_history(lag1+lag2) | snapshot=0 warmup=6/6  Tin=31.00 Hin=65.25 Tout=33.80 Hout=55.50
12:33:25.799 > [WARMUP] waiting=lag_history(lag1+lag2) | snapshot=0 warmup=6/6  Tin=31.00 Hin=65.21 Tout=33.80 Hout=55.50
12:33:27.316 > [WARMUP] waiting=lag_history(lag1+lag2) | snapshot=0 warmup=6/6  Tin=30.90 Hin=65.37 Tout=33.80 Hout=55.60
12:33:28.840 > [WARMUP] waiting=lag_history(lag1+lag2) | snapshot=0 warmup=6/6  Tin=30.90 Hin=65.52 Tout=33.80 Hout=55.70
12:33:30.352 > [WARMUP] waiting=lag_history(lag1+lag2) | snapshot=0 warmup=6/6  Tin=30.90 Hin=65.58 Tout=33.80 Hout=55.60
12:33:31.845 > [WARMUP] waiting=lag_history(lag1+lag2) | snapshot=0 warmup=6/6  Tin=30.90 Hin=65.51 Tout=33.80 Hout=55.60
12:33:33.363 > [WARMUP] waiting=lag_history(lag1+lag2) | snapshot=0 warmup=6/6  Tin=30.90 Hin=65.43 Tout=33.80 Hout=55.70
12:33:34.864 > [WARMUP] waiting=lag_history(lag1+lag2) | snapshot=0 warmup=6/6  Tin=30.90 Hin=65.40 Tout=33.80 Hout=55.80
12:33:36.381 > [WARMUP] waiting=lag_history(lag1+lag2) | snapshot=0 warmup=6/6  Tin=30.90 Hin=65.40 Tout=33.80 Hout=55.80
12:33:37.881 > [WARMUP] waiting=lag_history(lag1+lag2) | snapshot=0 warmup=6/6  Tin=30.90 Hin=65.57 Tout=33.80 Hout=55.80
12:33:39.398 > [WARMUP] waiting=lag_history(lag1+lag2) | snapshot=0 warmup=6/6  Tin=30.80 Hin=65.60 Tout=33.80 Hout=55.80
12:33:40.910 > [WARMUP] waiting=lag_history(lag1+lag2) | snapshot=0 warmup=6/6  Tin=30.80 Hin=65.61 Tout=33.80 Hout=55.80
12:33:42.413 > [WARMUP] waiting=lag_history(lag1+lag2) | snapshot=0 warmup=6/6  Tin=30.80 Hin=65.69 Tout=33.80 Hout=55.80
12:33:43.933 > [WARMUP] waiting=lag_history(lag1+lag2) | snapshot=0 warmup=6/6  Tin=30.80 Hin=65.85 Tout=33.90 Hout=55.70
12:33:45.446 > [WARMUP] waiting=lag_history(lag1+lag2) | snapshot=0 warmup=6/6  Tin=30.80 Hin=65.89 Tout=33.80 Hout=55.70
12:33:46.946 > [WARMUP] waiting=lag_history(lag1+lag2) | snapshot=0 warmup=6/6  Tin=30.80 Hin=65.90 Tout=33.80 Hout=55.70
12:33:48.446 > [WARMUP] waiting=lag_history(lag1+lag2) | snapshot=0 warmup=6/6  Tin=30.80 Hin=65.98 Tout=33.80 Hout=55.80
12:33:49.966 > [WARMUP] waiting=lag_history(lag1+lag2) | snapshot=0 warmup=6/6  Tin=30.80 Hin=66.12 Tout=33.80 Hout=55.80
12:33:51.479 > [WARMUP] waiting=lag_history(lag1+lag2) | snapshot=0 warmup=6/6  Tin=30.80 Hin=66.22 Tout=33.80 Hout=55.80
12:33:52.976 > [WARMUP] waiting=lag_history(lag1+lag2) | snapshot=0 warmup=6/6  Tin=30.80 Hin=66.38 Tout=33.80 Hout=55.80
12:33:54.498 > [WARMUP] waiting=lag_history(lag1+lag2) | snapshot=0 warmup=6/6  Tin=30.80 Hin=66.55 Tout=33.80 Hout=55.90
12:33:56.009 > [WARMUP] waiting=lag_history(lag1+lag2) | snapshot=0 warmup=6/6  Tin=30.80 Hin=66.86 Tout=33.80 Hout=56.10
12:33:57.511 > [WARMUP] waiting=lag_history(lag1+lag2) | snapshot=0 warmup=6/6  Tin=30.80 Hin=67.16 Tout=33.80 Hout=56.10
12:33:59.027 > [WARMUP] waiting=lag_history(lag1+lag2) | snapshot=0 warmup=6/6  Tin=30.80 Hin=67.11 Tout=33.80 Hout=56.00
12:34:00.537 > [WARMUP] waiting=lag_history(lag1+lag2) | snapshot=0 warmup=6/6  Tin=30.70 Hin=67.10 Tout=33.80 Hout=56.00
12:34:02.040 > [WARMUP] waiting=lag_history(lag1+lag2) | snapshot=0 warmup=6/6  Tin=30.80 Hin=67.10 Tout=33.80 Hout=56.00
12:34:03.553 > [WARMUP] waiting=lag_history(lag1+lag2) | snapshot=0 warmup=6/6  Tin=30.80 Hin=67.10 Tout=33.80 Hout=56.00
12:34:05.058 > [WARMUP] waiting=lag_history(lag1+lag2) | snapshot=0 warmup=6/6  Tin=30.70 Hin=67.10 Tout=33.70 Hout=56.00
12:34:06.575 > [WARMUP] waiting=lag_history(lag1+lag2) | snapshot=0 warmup=6/6  Tin=30.70 Hin=67.10 Tout=33.60 Hout=56.20
12:34:08.076 > [WARMUP] waiting=lag_history(lag1+lag2) | snapshot=0 warmup=6/6  Tin=30.70 Hin=67.10 Tout=33.60 Hout=56.20
12:34:09.593 > [WARMUP] waiting=lag_history(lag1+lag2) | snapshot=0 warmup=6/6  Tin=30.70 Hin=67.10 Tout=33.60 Hout=56.30
12:34:11.103 > [WARMUP] waiting=lag_history(lag1+lag2) | snapshot=0 warmup=6/6  Tin=30.70 Hin=67.04 Tout=33.60 Hout=56.30
12:34:12.605 > [WARMUP] waiting=lag_history(lag1+lag2) | snapshot=0 warmup=6/6  Tin=30.70 Hin=66.96 Tout=33.70 Hout=56.30
12:34:14.107 > [WARMUP] waiting=lag_history(lag1+lag2) | snapshot=0 warmup=6/6  Tin=30.70 Hin=66.73 Tout=33.70 Hout=56.30
12:34:15.619 > [WARMUP] waiting=lag_history(lag1+lag2) | snapshot=0 warmup=6/6  Tin=30.80 Hin=66.55 Tout=33.60 Hout=56.40
12:34:16.223 > [SENSORS] Health IN ok=57 err=0 reinit=0 pwr=0 | OUT ok=57 err=0 reinit=0 pwr=0
12:34:16.240 > [SENSORS] FIELD seed progress: lag1 + lag2 ready; snapshot gate released.
12:34:16.247 > 
12:34:16.247 > [EVENT] type=HOUR  Tin=30.80 Hin=66.52 Tout=33.60 Hout=56.40
12:34:16.251 > [infer] warmup: window 1/24 - (Invoke NOT executed)
12:34:17.738 > [BENCH] IDLE | t_inference_us=0 | heap=37.2kB/282.0kB (min=239.4kB, biggest=108.0kB) | arena=0.9kB | V_bus=5.128V I_bus=65.1mA P_bus=333.5mW E_total_accum=11.619mWh
12:34:19.760 > [BENCH] IDLE | t_inference_us=0 | heap=37.2kB/282.0kB (min=239.4kB, biggest=108.0kB) | arena=0.9kB | V_bus=5.124V I_bus=65.7mA P_bus=336.9mW E_total_accum=11.808mWh
12:34:21.768 > [BENCH] IDLE | t_inference_us=0 | heap=37.2kB/282.0kB (min=239.4kB, biggest=108.0kB) | arena=0.9kB | V_bus=5.128V I_bus=65.8mA P_bus=337.4mW E_total_accum=11.997mWh
12:34:23.788 > [BENCH] IDLE | t_inference_us=0 | heap=37.2kB/282.0kB (min=239.4kB, biggest=108.0kB) | arena=0.9kB | V_bus=5.128V I_bus=64.9mA P_bus=332.5mW E_total_accum=12.183mWh
12:34:25.803 > [BENCH] IDLE | t_inference_us=0 | heap=37.2kB/282.0kB (min=239.4kB, biggest=108.0kB) | arena=0.9kB | V_bus=5.128V I_bus=63.6mA P_bus=326.2mW E_total_accum=12.365mWh
12:34:27.804 > [BENCH] IDLE | t_inference_us=0 | heap=37.2kB/282.0kB (min=239.4kB, biggest=108.0kB) | arena=0.9kB | V_bus=5.128V I_bus=62.2mA P_bus=318.8mW E_total_accum=12.543mWh
12:34:29.820 > [BENCH] IDLE | t_inference_us=0 | heap=37.2kB/282.0kB (min=239.4kB, biggest=108.0kB) | arena=0.9kB | V_bus=5.128V I_bus=61.0mA P_bus=312.8mW E_total_accum=12.718mWh
12:34:31.832 > [BENCH] IDLE | t_inference_us=0 | heap=37.2kB/282.0kB (min=239.4kB, biggest=108.0kB) | arena=0.9kB | V_bus=5.128V I_bus=60.2mA P_bus=308.7mW E_total_accum=12.891mWh
12:34:33.853 > [BENCH] IDLE | t_inference_us=0 | heap=37.2kB/282.0kB (min=239.4kB, biggest=108.0kB) | arena=0.9kB | V_bus=5.108V I_bus=64.4mA P_bus=329.8mW E_total_accum=13.076mWh
12:34:35.862 > [BENCH] IDLE | t_inference_us=0 | heap=37.2kB/282.0kB (min=239.4kB, biggest=108.0kB) | arena=0.9kB | V_bus=5.124V I_bus=63.8mA P_bus=327.0mW E_total_accum=13.257mWh
12:34:37.870 > [BENCH] IDLE | t_inference_us=0 | heap=37.2kB/282.0kB (min=239.4kB, biggest=108.0kB) | arena=0.9kB | V_bus=5.124V I_bus=63.4mA P_bus=324.7mW E_total_accum=13.439mWh
12:34:39.879 > [BENCH] IDLE | t_inference_us=0 | heap=37.2kB/282.0kB (min=239.4kB, biggest=108.0kB) | arena=0.9kB | V_bus=5.124V I_bus=62.9mA P_bus=322.3mW E_total_accum=13.619mWh
12:34:41.903 > [BENCH] IDLE | t_inference_us=0 | heap=37.2kB/282.0kB (min=239.4kB, biggest=108.0kB) | arena=0.9kB | V_bus=5.124V I_bus=63.0mA P_bus=323.0mW E_total_accum=13.800mWh
12:34:43.918 > [BENCH] IDLE | t_inference_us=0 | heap=37.2kB/282.0kB (min=239.4kB, biggest=108.0kB) | arena=0.9kB | V_bus=5.128V I_bus=62.9mA P_bus=322.2mW E_total_accum=13.980mWh
12:34:45.927 > [BENCH] IDLE | t_inference_us=0 | heap=37.2kB/282.0kB (min=239.4kB, biggest=108.0kB) | arena=0.9kB | V_bus=5.128V I_bus=62.7mA P_bus=321.5mW E_total_accum=14.160mWh
12:34:47.946 > [BENCH] IDLE | t_inference_us=0 | heap=37.2kB/282.0kB (min=239.4kB, biggest=108.0kB) | arena=0.9kB | V_bus=5.128V I_bus=62.2mA P_bus=318.6mW E_total_accum=14.338mWh
12:34:49.960 > [BENCH] IDLE | t_inference_us=0 | heap=37.2kB/282.0kB (min=239.4kB, biggest=108.0kB) | arena=0.9kB | V_bus=5.128V I_bus=61.7mA P_bus=316.2mW E_total_accum=14.515mWh
12:34:51.967 > [BENCH] IDLE | t_inference_us=0 | heap=37.2kB/282.0kB (min=239.4kB, biggest=108.0kB) | arena=0.9kB | V_bus=5.128V I_bus=61.1mA P_bus=313.0mW E_total_accum=14.690mWh
12:34:53.983 > [BENCH] IDLE | t_inference_us=0 | heap=37.2kB/282.0kB (min=239.4kB, biggest=108.0kB) | arena=0.9kB | V_bus=5.120V I_bus=60.7mA P_bus=310.9mW E_total_accum=14.864mWh
12:34:55.998 > [BENCH] IDLE | t_inference_us=0 | heap=37.2kB/282.0kB (min=239.4kB, biggest=108.0kB) | arena=0.9kB | V_bus=5.128V I_bus=60.6mA P_bus=310.6mW E_total_accum=15.038mWh
12:34:58.009 > [BENCH] IDLE | t_inference_us=0 | heap=37.2kB/282.0kB (min=239.4kB, biggest=108.0kB) | arena=0.9kB | V_bus=5.124V I_bus=61.3mA P_bus=314.4mW E_total_accum=15.214mWh
12:35:00.024 > [BENCH] IDLE | t_inference_us=0 | heap=37.2kB/282.0kB (min=239.4kB, biggest=108.0kB) | arena=0.9kB | V_bus=5.124V I_bus=62.3mA P_bus=319.1mW E_total_accum=15.393mWh
12:35:02.031 > [BENCH] IDLE | t_inference_us=0 | heap=37.2kB/282.0kB (min=239.4kB, biggest=108.0kB) | arena=0.9kB | V_bus=5.128V I_bus=63.1mA P_bus=323.2mW E_total_accum=15.573mWh
12:35:04.045 > [BENCH] IDLE | t_inference_us=0 | heap=37.2kB/282.0kB (min=239.4kB, biggest=108.0kB) | arena=0.9kB | V_bus=5.124V I_bus=63.6mA P_bus=325.9mW E_total_accum=15.756mWh
12:35:06.070 > [BENCH] IDLE | t_inference_us=0 | heap=37.2kB/282.0kB (min=239.4kB, biggest=108.0kB) | arena=0.9kB | V_bus=5.124V I_bus=64.1mA P_bus=328.6mW E_total_accum=15.940mWh
12:35:08.085 > [BENCH] IDLE | t_inference_us=0 | heap=37.2kB/282.0kB (min=239.4kB, biggest=108.0kB) | arena=0.9kB | V_bus=5.124V I_bus=64.7mA P_bus=331.6mW E_total_accum=16.125mWh
12:35:10.085 > [BENCH] IDLE | t_inference_us=0 | heap=37.2kB/282.0kB (min=239.4kB, biggest=108.0kB) | arena=0.9kB | V_bus=5.108V I_bus=66.0mA P_bus=338.1mW E_total_accum=16.314mWh
12:35:12.100 > [BENCH] IDLE | t_inference_us=0 | heap=37.2kB/282.0kB (min=239.4kB, biggest=108.0kB) | arena=0.9kB | V_bus=5.120V I_bus=64.4mA P_bus=329.9mW E_total_accum=16.498mWh
12:35:14.112 > [BENCH] IDLE | t_inference_us=0 | heap=37.2kB/282.0kB (min=239.4kB, biggest=108.0kB) | arena=0.9kB | V_bus=5.128V I_bus=63.2mA P_bus=323.6mW E_total_accum=16.679mWh
12:35:16.129 > [BENCH] IDLE | t_inference_us=0 | heap=37.2kB/282.0kB (min=239.4kB, biggest=108.0kB) | arena=0.9kB | V_bus=5.124V I_bus=62.2mA P_bus=318.8mW E_total_accum=16.857mWh
12:35:16.209 > 
12:35:16.209 > [EVENT] type=HOUR  Tin=29.90 Hin=69.20 Tout=33.60 Hout=56.40
12:35:16.214 > [infer] warmup: window 2/24 - (Invoke NOT executed)
12:35:16.268 > [SENSORS] Health IN ok=85 err=0 reinit=0 pwr=0 | OUT ok=85 err=0 reinit=0 pwr=0
12:35:18.163 > [BENCH] IDLE | t_inference_us=0 | heap=37.2kB/282.0kB (min=239.4kB, biggest=108.0kB) | arena=0.9kB | V_bus=5.120V I_bus=61.9mA P_bus=316.9mW E_total_accum=17.037mWh
12:35:20.175 > [BENCH] IDLE | t_inference_us=0 | heap=37.2kB/282.0kB (min=239.4kB, biggest=108.0kB) | arena=0.9kB | V_bus=5.124V I_bus=60.6mA P_bus=310.6mW E_total_accum=17.210mWh
12:35:22.191 > [BENCH] IDLE | t_inference_us=0 | heap=37.2kB/282.0kB (min=239.4kB, biggest=108.0kB) | arena=0.9kB | V_bus=5.128V I_bus=59.6mA P_bus=305.6mW E_total_accum=17.381mWh
12:35:24.191 > [BENCH] IDLE | t_inference_us=0 | heap=37.2kB/282.0kB (min=239.4kB, biggest=108.0kB) | arena=0.9kB | V_bus=5.124V I_bus=58.9mA P_bus=301.9mW E_total_accum=17.550mWh
12:35:26.209 > [BENCH] IDLE | t_inference_us=0 | heap=37.2kB/282.0kB (min=239.4kB, biggest=108.0kB) | arena=0.9kB | V_bus=5.128V I_bus=58.5mA P_bus=299.5mW E_total_accum=17.718mWh
12:35:28.227 > [BENCH] IDLE | t_inference_us=0 | heap=37.2kB/282.0kB (min=239.4kB, biggest=108.0kB) | arena=0.9kB | V_bus=5.128V I_bus=58.1mA P_bus=297.8mW E_total_accum=17.884mWh
12:35:30.239 > [BENCH] IDLE | t_inference_us=0 | heap=37.2kB/282.0kB (min=239.4kB, biggest=108.0kB) | arena=0.9kB | V_bus=5.124V I_bus=57.8mA P_bus=296.1mW E_total_accum=18.050mWh
12:35:32.255 > [BENCH] IDLE | t_inference_us=0 | heap=37.2kB/282.0kB (min=239.4kB, biggest=108.0kB) | arena=0.9kB | V_bus=5.120V I_bus=57.6mA P_bus=295.1mW E_total_accum=18.215mWh
12:35:34.266 > [BENCH] IDLE | t_inference_us=0 | heap=37.2kB/282.0kB (min=239.4kB, biggest=108.0kB) | arena=0.9kB | V_bus=5.124V I_bus=57.3mA P_bus=293.7mW E_total_accum=18.379mWh
12:35:36.287 > [BENCH] IDLE | t_inference_us=0 | heap=37.2kB/282.0kB (min=239.4kB, biggest=108.0kB) | arena=0.9kB | V_bus=5.128V I_bus=59.7mA P_bus=306.1mW E_total_accum=18.551mWh
12:35:38.304 > [BENCH] IDLE | t_inference_us=0 | heap=37.2kB/282.0kB (min=239.4kB, biggest=108.0kB) | arena=0.9kB | V_bus=5.128V I_bus=61.2mA P_bus=313.9mW E_total_accum=18.726mWh
12:35:40.314 > [BENCH] IDLE | t_inference_us=0 | heap=37.2kB/282.0kB (min=239.4kB, biggest=108.0kB) | arena=0.9kB | V_bus=5.128V I_bus=61.9mA P_bus=317.3mW E_total_accum=18.904mWh
12:35:42.321 > [BENCH] IDLE | t_inference_us=0 | heap=37.2kB/282.0kB (min=239.4kB, biggest=108.0kB) | arena=0.9kB | V_bus=5.128V I_bus=61.9mA P_bus=317.2mW E_total_accum=19.081mWh
12:35:44.338 > [BENCH] IDLE | t_inference_us=0 | heap=37.2kB/282.0kB (min=239.4kB, biggest=108.0kB) | arena=0.9kB | V_bus=5.124V I_bus=61.3mA P_bus=314.1mW E_total_accum=19.257mWh
12:35:46.339 > [BENCH] IDLE | t_inference_us=0 | heap=37.2kB/282.0kB (min=239.4kB, biggest=108.0kB) | arena=0.9kB | V_bus=5.112V I_bus=61.3mA P_bus=313.9mW E_total_accum=19.432mWh
12:35:48.361 > [BENCH] IDLE | t_inference_us=0 | heap=37.2kB/282.0kB (min=239.4kB, biggest=108.0kB) | arena=0.9kB | V_bus=5.128V I_bus=63.1mA P_bus=323.3mW E_total_accum=19.612mWh
12:35:50.369 > [BENCH] IDLE | t_inference_us=0 | heap=37.2kB/282.0kB (min=239.4kB, biggest=108.0kB) | arena=0.9kB | V_bus=5.128V I_bus=64.2mA P_bus=329.1mW E_total_accum=19.796mWh
12:35:52.387 > [BENCH] IDLE | t_inference_us=0 | heap=37.2kB/282.0kB (min=239.4kB, biggest=108.0kB) | arena=0.9kB | V_bus=5.128V I_bus=64.3mA P_bus=329.7mW E_total_accum=19.981mWh
12:35:54.403 > [BENCH] IDLE | t_inference_us=0 | heap=37.2kB/282.0kB (min=239.4kB, biggest=108.0kB) | arena=0.9kB | V_bus=5.128V I_bus=63.7mA P_bus=326.6mW E_total_accum=20.164mWh
12:35:56.404 > [BENCH] IDLE | t_inference_us=0 | heap=37.2kB/282.0kB (min=239.4kB, biggest=108.0kB) | arena=0.9kB | V_bus=5.128V I_bus=62.6mA P_bus=321.0mW E_total_accum=20.343mWh
12:35:58.431 > [BENCH] IDLE | t_inference_us=0 | heap=37.2kB/282.0kB (min=239.4kB, biggest=108.0kB) | arena=0.9kB | V_bus=5.128V I_bus=61.2mA P_bus=313.9mW E_total_accum=20.519mWh
12:36:00.433 > [BENCH] IDLE | t_inference_us=0 | heap=37.2kB/282.0kB (min=239.4kB, biggest=108.0kB) | arena=0.9kB | V_bus=5.132V I_bus=60.1mA P_bus=308.4mW E_total_accum=20.691mWh
12:36:02.451 > [BENCH] IDLE | t_inference_us=0 | heap=37.2kB/282.0kB (min=239.4kB, biggest=108.0kB) | arena=0.9kB | V_bus=5.128V I_bus=59.5mA P_bus=304.9mW E_total_accum=20.862mWh
12:36:04.467 > [BENCH] IDLE | t_inference_us=0 | heap=37.2kB/282.0kB (min=239.4kB, biggest=108.0kB) | arena=0.9kB | V_bus=5.124V I_bus=58.9mA P_bus=301.9mW E_total_accum=21.031mWh
12:36:06.486 > [BENCH] IDLE | t_inference_us=0 | heap=37.2kB/282.0kB (min=239.4kB, biggest=108.0kB) | arena=0.9kB | V_bus=5.128V I_bus=58.5mA P_bus=299.8mW E_total_accum=21.198mWh
12:36:08.497 > [BENCH] IDLE | t_inference_us=0 | heap=37.2kB/282.0kB (min=239.4kB, biggest=108.0kB) | arena=0.9kB | V_bus=5.128V I_bus=60.2mA P_bus=308.7mW E_total_accum=21.371mWh
12:36:10.514 > [BENCH] IDLE | t_inference_us=0 | heap=37.2kB/282.0kB (min=239.4kB, biggest=108.0kB) | arena=0.9kB | V_bus=5.128V I_bus=61.0mA P_bus=312.7mW E_total_accum=21.546mWh
12:36:12.515 > [BENCH] IDLE | t_inference_us=0 | heap=37.2kB/282.0kB (min=239.4kB, biggest=108.0kB) | arena=0.9kB | V_bus=5.128V I_bus=60.7mA P_bus=311.0mW E_total_accum=21.720mWh
12:36:14.533 > [BENCH] IDLE | t_inference_us=0 | heap=37.2kB/282.0kB (min=239.4kB, biggest=108.0kB) | arena=0.9kB | V_bus=5.128V I_bus=60.1mA P_bus=308.0mW E_total_accum=21.892mWh
12:36:16.215 > 
12:36:16.215 > [EVENT] type=HOUR  Tin=29.50 Hin=71.10 Tout=34.10 Hout=55.80
12:36:16.231 > [infer] warmup: window 3/24 - (Invoke NOT executed)
12:36:16.295 > [SENSORS] Health IN ok=114 err=0 reinit=0 pwr=0 | OUT ok=114 err=0 reinit=0 pwr=0
12:36:17.739 > [BENCH] IDLE | t_inference_us=0 | heap=37.2kB/282.0kB (min=239.4kB, biggest=108.0kB) | arena=0.9kB | V_bus=5.128V I_bus=64.3mA P_bus=329.8mW E_total_accum=22.183mWh
12:36:19.749 > [BENCH] IDLE | t_inference_us=0 | heap=37.2kB/282.0kB (min=239.4kB, biggest=108.0kB) | arena=0.9kB | V_bus=5.128V I_bus=64.1mA P_bus=328.6mW E_total_accum=22.366mWh
12:36:21.766 > [BENCH] IDLE | t_inference_us=0 | heap=37.2kB/282.0kB (min=239.4kB, biggest=108.0kB) | arena=0.9kB | V_bus=5.128V I_bus=63.0mA P_bus=323.0mW E_total_accum=22.547mWh
12:36:23.777 > [BENCH] IDLE | t_inference_us=0 | heap=37.2kB/282.0kB (min=239.4kB, biggest=108.0kB) | arena=0.9kB | V_bus=5.128V I_bus=61.6mA P_bus=315.7mW E_total_accum=22.724mWh
12:36:25.779 > [BENCH] IDLE | t_inference_us=0 | heap=37.2kB/282.0kB (min=239.4kB, biggest=108.0kB) | arena=0.9kB | V_bus=5.128V I_bus=60.4mA P_bus=309.9mW E_total_accum=22.897mWh
12:36:27.797 > [BENCH] IDLE | t_inference_us=0 | heap=37.2kB/282.0kB (min=239.4kB, biggest=108.0kB) | arena=0.9kB | V_bus=5.128V I_bus=59.6mA P_bus=305.8mW E_total_accum=23.068mWh
12:36:29.815 > [BENCH] IDLE | t_inference_us=0 | heap=37.2kB/282.0kB (min=239.4kB, biggest=108.0kB) | arena=0.9kB | V_bus=5.124V I_bus=59.0mA P_bus=302.5mW E_total_accum=23.237mWh
12:36:31.831 > [BENCH] IDLE | t_inference_us=0 | heap=37.2kB/282.0kB (min=239.4kB, biggest=108.0kB) | arena=0.9kB | V_bus=5.128V I_bus=61.1mA P_bus=313.3mW E_total_accum=23.413mWh
12:36:33.844 > [BENCH] IDLE | t_inference_us=0 | heap=37.2kB/282.0kB (min=239.4kB, biggest=108.0kB) | arena=0.9kB | V_bus=5.128V I_bus=61.9mA P_bus=317.4mW E_total_accum=23.590mWh
12:36:35.859 > [BENCH] IDLE | t_inference_us=0 | heap=37.2kB/282.0kB (min=239.4kB, biggest=108.0kB) | arena=0.9kB | V_bus=5.128V I_bus=61.3mA P_bus=314.2mW E_total_accum=23.766mWh
12:36:37.878 > [BENCH] IDLE | t_inference_us=0 | heap=37.2kB/282.0kB (min=239.4kB, biggest=108.0kB) | arena=0.9kB | V_bus=5.128V I_bus=60.2mA P_bus=308.9mW E_total_accum=23.939mWh
12:36:39.878 > [BENCH] IDLE | t_inference_us=0 | heap=37.2kB/282.0kB (min=239.4kB, biggest=108.0kB) | arena=0.9kB | V_bus=5.132V I_bus=59.5mA P_bus=305.2mW E_total_accum=24.110mWh
12:36:41.896 > [BENCH] IDLE | t_inference_us=0 | heap=37.2kB/282.0kB (min=239.4kB, biggest=108.0kB) | arena=0.9kB | V_bus=5.128V I_bus=59.0mA P_bus=302.4mW E_total_accum=24.279mWh
12:36:43.892 > [BENCH] IDLE | t_inference_us=0 | heap=37.2kB/282.0kB (min=239.4kB, biggest=108.0kB) | arena=0.9kB | V_bus=5.128V I_bus=58.4mA P_bus=299.5mW E_total_accum=24.445mWh
12:36:45.908 > [BENCH] IDLE | t_inference_us=0 | heap=37.2kB/282.0kB (min=239.4kB, biggest=108.0kB) | arena=0.9kB | V_bus=5.128V I_bus=58.1mA P_bus=297.9mW E_total_accum=24.612mWh
12:36:47.933 > [BENCH] IDLE | t_inference_us=0 | heap=37.2kB/282.0kB (min=239.4kB, biggest=108.0kB) | arena=0.9kB | V_bus=5.108V I_bus=58.1mA P_bus=297.9mW E_total_accum=24.779mWh
12:36:49.947 > [BENCH] IDLE | t_inference_us=0 | heap=37.2kB/282.0kB (min=239.4kB, biggest=108.0kB) | arena=0.9kB | V_bus=5.104V I_bus=57.8mA P_bus=295.7mW E_total_accum=24.944mWh
12:36:51.962 > [BENCH] IDLE | t_inference_us=0 | heap=37.2kB/282.0kB (min=239.4kB, biggest=108.0kB) | arena=0.9kB | V_bus=5.104V I_bus=57.8mA P_bus=295.6mW E_total_accum=25.110mWh
12:36:53.971 > [BENCH] IDLE | t_inference_us=0 | heap=37.2kB/282.0kB (min=239.4kB, biggest=108.0kB) | arena=0.9kB | V_bus=5.104V I_bus=57.5mA P_bus=294.2mW E_total_accum=25.274mWh
12:36:55.989 > [BENCH] IDLE | t_inference_us=0 | heap=37.2kB/282.0kB (min=239.4kB, biggest=108.0kB) | arena=0.9kB | V_bus=5.104V I_bus=57.3mA P_bus=292.8mW E_total_accum=25.438mWh
12:36:58.004 > [BENCH] IDLE | t_inference_us=0 | heap=37.2kB/282.0kB (min=239.4kB, biggest=108.0kB) | arena=0.9kB | V_bus=5.104V I_bus=59.5mA P_bus=304.2mW E_total_accum=25.608mWh
12:37:00.018 > [BENCH] IDLE | t_inference_us=0 | heap=37.2kB/282.0kB (min=239.4kB, biggest=108.0kB) | arena=0.9kB | V_bus=5.104V I_bus=58.7mA P_bus=300.0mW E_total_accum=25.776mWh
12:37:02.031 > [BENCH] IDLE | t_inference_us=0 | heap=37.2kB/282.0kB (min=239.4kB, biggest=108.0kB) | arena=0.9kB | V_bus=5.104V I_bus=60.0mA P_bus=306.7mW E_total_accum=25.948mWh
12:37:04.040 > [BENCH] IDLE | t_inference_us=0 | heap=37.2kB/282.0kB (min=239.4kB, biggest=108.0kB) | arena=0.9kB | V_bus=5.104V I_bus=59.3mA P_bus=302.9mW E_total_accum=26.117mWh
12:37:06.058 > [BENCH] IDLE | t_inference_us=0 | heap=37.2kB/282.0kB (min=239.4kB, biggest=108.0kB) | arena=0.9kB | V_bus=5.104V I_bus=59.7mA P_bus=304.8mW E_total_accum=26.288mWh
12:37:08.072 > [BENCH] IDLE | t_inference_us=0 | heap=37.2kB/282.0kB (min=239.4kB, biggest=108.0kB) | arena=0.9kB | V_bus=5.124V I_bus=61.7mA P_bus=315.2mW E_total_accum=26.464mWh
12:37:10.073 > [BENCH] IDLE | t_inference_us=0 | heap=37.2kB/282.0kB (min=239.4kB, biggest=108.0kB) | arena=0.9kB | V_bus=5.120V I_bus=60.6mA P_bus=309.7mW E_total_accum=26.637mWh
12:37:12.102 > [BENCH] IDLE | t_inference_us=0 | heap=37.2kB/282.0kB (min=239.4kB, biggest=108.0kB) | arena=0.9kB | V_bus=5.120V I_bus=59.7mA P_bus=305.1mW E_total_accum=26.808mWh
12:37:14.101 > [BENCH] IDLE | t_inference_us=0 | heap=37.2kB/282.0kB (min=239.4kB, biggest=108.0kB) | arena=0.9kB | V_bus=5.116V I_bus=59.0mA P_bus=301.6mW E_total_accum=26.977mWh
12:37:16.120 > [BENCH] IDLE | t_inference_us=0 | heap=37.2kB/282.0kB (min=239.4kB, biggest=108.0kB) | arena=0.9kB | V_bus=5.120V I_bus=58.5mA P_bus=299.2mW E_total_accum=27.144mWh
12:37:16.206 > 
12:37:16.206 > [EVENT] type=HOUR  Tin=28.80 Hin=71.14 Tout=34.00 Hout=55.70
12:37:16.206 > [infer] warmup: window 4/24 - (Invoke NOT executed)
12:37:16.307 > [SENSORS] Health IN ok=142 err=0 reinit=0 pwr=0 | OUT ok=142 err=0 reinit=0 pwr=0
12:37:18.153 > [BENCH] IDLE | t_inference_us=0 | heap=37.2kB/282.0kB (min=239.4kB, biggest=108.0kB) | arena=0.9kB | V_bus=5.120V I_bus=59.6mA P_bus=304.6mW E_total_accum=27.316mWh
12:37:20.165 > [BENCH] IDLE | t_inference_us=0 | heap=37.2kB/282.0kB (min=239.4kB, biggest=108.0kB) | arena=0.9kB | V_bus=5.124V I_bus=59.9mA P_bus=306.4mW E_total_accum=27.487mWh
12:37:22.181 > [BENCH] IDLE | t_inference_us=0 | heap=37.2kB/282.0kB (min=239.4kB, biggest=108.0kB) | arena=0.9kB | V_bus=5.120V I_bus=60.8mA P_bus=310.9mW E_total_accum=27.661mWh
12:37:24.185 > [BENCH] IDLE | t_inference_us=0 | heap=37.2kB/282.0kB (min=239.4kB, biggest=108.0kB) | arena=0.9kB | V_bus=5.120V I_bus=61.2mA P_bus=313.4mW E_total_accum=27.836mWh
12:37:26.202 > [BENCH] IDLE | t_inference_us=0 | heap=37.2kB/282.0kB (min=239.4kB, biggest=108.0kB) | arena=0.9kB | V_bus=5.124V I_bus=60.9mA P_bus=311.8mW E_total_accum=28.010mWh
12:37:28.218 > [BENCH] IDLE | t_inference_us=0 | heap=37.2kB/282.0kB (min=239.4kB, biggest=108.0kB) | arena=0.9kB | V_bus=5.124V I_bus=60.2mA P_bus=308.2mW E_total_accum=28.183mWh
12:37:30.234 > [BENCH] IDLE | t_inference_us=0 | heap=37.2kB/282.0kB (min=239.4kB, biggest=108.0kB) | arena=0.9kB | V_bus=5.128V I_bus=59.3mA P_bus=303.7mW E_total_accum=28.353mWh
12:37:32.250 > [BENCH] IDLE | t_inference_us=0 | heap=37.2kB/282.0kB (min=239.4kB, biggest=108.0kB) | arena=0.9kB | V_bus=5.124V I_bus=58.7mA P_bus=300.5mW E_total_accum=28.521mWh
12:37:34.264 > [BENCH] IDLE | t_inference_us=0 | heap=37.2kB/282.0kB (min=239.4kB, biggest=108.0kB) | arena=0.9kB | V_bus=5.124V I_bus=58.2mA P_bus=298.1mW E_total_accum=28.687mWh
12:37:36.266 > [BENCH] IDLE | t_inference_us=0 | heap=37.2kB/282.0kB (min=239.4kB, biggest=108.0kB) | arena=0.9kB | V_bus=5.124V I_bus=60.0mA P_bus=307.2mW E_total_accum=28.859mWh
12:37:38.288 > [BENCH] IDLE | t_inference_us=0 | heap=37.2kB/282.0kB (min=239.4kB, biggest=108.0kB) | arena=0.9kB | V_bus=5.128V I_bus=60.4mA P_bus=309.3mW E_total_accum=29.032mWh
12:37:40.300 > [BENCH] IDLE | t_inference_us=0 | heap=37.2kB/282.0kB (min=239.4kB, biggest=108.0kB) | arena=0.9kB | V_bus=5.128V I_bus=59.7mA P_bus=306.2mW E_total_accum=29.204mWh
12:37:42.320 > [BENCH] IDLE | t_inference_us=0 | heap=37.2kB/282.0kB (min=239.4kB, biggest=108.0kB) | arena=0.9kB | V_bus=5.124V I_bus=59.0mA P_bus=302.4mW E_total_accum=29.373mWh
12:37:44.330 > [BENCH] IDLE | t_inference_us=0 | heap=37.2kB/282.0kB (min=239.4kB, biggest=108.0kB) | arena=0.9kB | V_bus=5.124V I_bus=58.5mA P_bus=299.6mW E_total_accum=29.540mWh
12:37:46.346 > [BENCH] IDLE | t_inference_us=0 | heap=37.2kB/282.0kB (min=239.4kB, biggest=108.0kB) | arena=0.9kB | V_bus=5.128V I_bus=60.7mA P_bus=311.0mW E_total_accum=29.714mWh
12:37:48.351 > [BENCH] IDLE | t_inference_us=0 | heap=37.2kB/282.0kB (min=239.4kB, biggest=108.0kB) | arena=0.9kB | V_bus=5.128V I_bus=60.8mA P_bus=311.8mW E_total_accum=29.889mWh
12:37:50.373 > [BENCH] IDLE | t_inference_us=0 | heap=37.2kB/282.0kB (min=239.4kB, biggest=108.0kB) | arena=0.9kB | V_bus=5.128V I_bus=59.8mA P_bus=306.7mW E_total_accum=30.060mWh
12:37:52.389 > [BENCH] IDLE | t_inference_us=0 | heap=37.2kB/282.0kB (min=239.4kB, biggest=108.0kB) | arena=0.9kB | V_bus=5.128V I_bus=59.1mA P_bus=303.1mW E_total_accum=30.230mWh
12:37:54.395 > [BENCH] IDLE | t_inference_us=0 | heap=37.2kB/282.0kB (min=239.4kB, biggest=108.0kB) | arena=0.9kB | V_bus=5.112V I_bus=61.5mA P_bus=314.9mW E_total_accum=30.406mWh
12:37:56.396 > [BENCH] IDLE | t_inference_us=0 | heap=37.2kB/282.0kB (min=239.4kB, biggest=108.0kB) | arena=0.9kB | V_bus=5.128V I_bus=60.3mA P_bus=309.0mW E_total_accum=30.578mWh
12:37:58.413 > [BENCH] IDLE | t_inference_us=0 | heap=37.2kB/282.0kB (min=239.4kB, biggest=108.0kB) | arena=0.9kB | V_bus=5.128V I_bus=59.5mA P_bus=305.1mW E_total_accum=30.749mWh
12:38:00.428 > [BENCH] IDLE | t_inference_us=0 | heap=37.2kB/282.0kB (min=239.4kB, biggest=108.0kB) | arena=0.9kB | V_bus=5.128V I_bus=60.7mA P_bus=310.9mW E_total_accum=30.923mWh
12:38:02.445 > [BENCH] IDLE | t_inference_us=0 | heap=37.2kB/282.0kB (min=239.4kB, biggest=108.0kB) | arena=0.9kB | V_bus=5.128V I_bus=60.1mA P_bus=307.8mW E_total_accum=31.095mWh
12:38:04.460 > [BENCH] IDLE | t_inference_us=0 | heap=37.2kB/282.0kB (min=239.4kB, biggest=108.0kB) | arena=0.9kB | V_bus=5.128V I_bus=59.4mA P_bus=304.4mW E_total_accum=31.265mWh
12:38:06.460 > [BENCH] IDLE | t_inference_us=0 | heap=37.2kB/282.0kB (min=239.4kB, biggest=108.0kB) | arena=0.9kB | V_bus=5.128V I_bus=58.7mA P_bus=301.1mW E_total_accum=31.434mWh
12:38:08.477 > [BENCH] IDLE | t_inference_us=0 | heap=37.2kB/282.0kB (min=239.4kB, biggest=108.0kB) | arena=0.9kB | V_bus=5.128V I_bus=59.3mA P_bus=304.0mW E_total_accum=31.604mWh
12:38:10.494 > [BENCH] IDLE | t_inference_us=0 | heap=37.2kB/282.0kB (min=239.4kB, biggest=108.0kB) | arena=0.9kB | V_bus=5.128V I_bus=58.5mA P_bus=300.1mW E_total_accum=31.772mWh
12:38:12.517 > [BENCH] IDLE | t_inference_us=0 | heap=37.2kB/282.0kB (min=239.4kB, biggest=108.0kB) | arena=0.9kB | V_bus=5.124V I_bus=58.1mA P_bus=297.9mW E_total_accum=31.938mWh
12:38:14.523 > [BENCH] IDLE | t_inference_us=0 | heap=37.2kB/282.0kB (min=239.4kB, biggest=108.0kB) | arena=0.9kB | V_bus=5.128V I_bus=60.1mA P_bus=308.1mW E_total_accum=32.111mWh
12:38:16.222 > 
12:38:16.223 > [EVENT] type=HOUR  Tin=28.30 Hin=71.83 Tout=34.00 Hout=56.00
12:38:16.228 > [infer] warmup: window 5/24 - (Invoke NOT executed)
12:38:16.311 > [SENSORS] Health IN ok=170 err=0 reinit=0 pwr=0 | OUT ok=170 err=0 reinit=0 pwr=0
12:38:17.726 > [BENCH] IDLE | t_inference_us=0 | heap=37.2kB/282.0kB (min=239.4kB, biggest=108.0kB) | arena=0.9kB | V_bus=5.128V I_bus=59.5mA P_bus=305.0mW E_total_accum=32.383mWh
12:38:19.740 > [BENCH] IDLE | t_inference_us=0 | heap=37.2kB/282.0kB (min=239.4kB, biggest=108.0kB) | arena=0.9kB | V_bus=5.128V I_bus=59.3mA P_bus=303.9mW E_total_accum=32.553mWh
12:38:21.742 > [BENCH] IDLE | t_inference_us=0 | heap=37.2kB/282.0kB (min=239.4kB, biggest=108.0kB) | arena=0.9kB | V_bus=5.128V I_bus=58.6mA P_bus=300.6mW E_total_accum=32.721mWh
12:38:23.758 > [BENCH] IDLE | t_inference_us=0 | heap=37.2kB/282.0kB (min=239.4kB, biggest=108.0kB) | arena=0.9kB | V_bus=5.132V I_bus=60.5mA P_bus=310.3mW E_total_accum=32.895mWh
12:38:25.782 > [BENCH] IDLE | t_inference_us=0 | heap=37.2kB/282.0kB (min=239.4kB, biggest=108.0kB) | arena=0.9kB | V_bus=5.128V I_bus=60.0mA P_bus=307.4mW E_total_accum=33.067mWh
12:38:27.786 > [BENCH] IDLE | t_inference_us=0 | heap=37.2kB/282.0kB (min=239.4kB, biggest=108.0kB) | arena=0.9kB | V_bus=5.132V I_bus=59.3mA P_bus=303.9mW E_total_accum=33.237mWh
12:38:29.804 > [BENCH] IDLE | t_inference_us=0 | heap=37.2kB/282.0kB (min=239.4kB, biggest=108.0kB) | arena=0.9kB | V_bus=5.128V I_bus=60.8mA P_bus=311.9mW E_total_accum=33.411mWh
12:38:31.821 > [BENCH] IDLE | t_inference_us=0 | heap=37.2kB/282.0kB (min=239.4kB, biggest=108.0kB) | arena=0.9kB | V_bus=5.132V I_bus=60.1mA P_bus=308.1mW E_total_accum=33.584mWh
12:38:33.836 > [BENCH] IDLE | t_inference_us=0 | heap=37.2kB/282.0kB (min=239.4kB, biggest=108.0kB) | arena=0.9kB | V_bus=5.128V I_bus=59.3mA P_bus=304.3mW E_total_accum=33.754mWh
12:38:35.849 > [BENCH] IDLE | t_inference_us=0 | heap=37.2kB/282.0kB (min=239.4kB, biggest=108.0kB) | arena=0.9kB | V_bus=5.124V I_bus=60.6mA P_bus=310.8mW E_total_accum=33.928mWh
12:38:37.865 > [BENCH] IDLE | t_inference_us=0 | heap=37.2kB/282.0kB (min=239.4kB, biggest=108.0kB) | arena=0.9kB | V_bus=5.128V I_bus=59.8mA P_bus=306.9mW E_total_accum=34.100mWh
12:38:39.879 > [BENCH] IDLE | t_inference_us=0 | heap=37.2kB/282.0kB (min=239.4kB, biggest=108.0kB) | arena=0.9kB | V_bus=5.128V I_bus=59.0mA P_bus=302.7mW E_total_accum=34.269mWh
12:38:41.890 > [BENCH] IDLE | t_inference_us=0 | heap=37.2kB/282.0kB (min=239.4kB, biggest=108.0kB) | arena=0.9kB | V_bus=5.128V I_bus=60.9mA P_bus=312.1mW E_total_accum=34.444mWh
12:38:43.905 > [BENCH] IDLE | t_inference_us=0 | heap=37.2kB/282.0kB (min=239.4kB, biggest=108.0kB) | arena=0.9kB | V_bus=5.124V I_bus=60.5mA P_bus=310.0mW E_total_accum=34.617mWh
12:38:45.921 > [BENCH] IDLE | t_inference_us=0 | heap=37.2kB/282.0kB (min=239.4kB, biggest=108.0kB) | arena=0.9kB | V_bus=5.132V I_bus=59.6mA P_bus=305.9mW E_total_accum=34.788mWh
12:38:47.933 > [BENCH] IDLE | t_inference_us=0 | heap=37.2kB/282.0kB (min=239.4kB, biggest=108.0kB) | arena=0.9kB | V_bus=5.132V I_bus=60.9mA P_bus=312.4mW E_total_accum=34.963mWh
12:38:49.934 > [BENCH] IDLE | t_inference_us=0 | heap=37.2kB/282.0kB (min=239.4kB, biggest=108.0kB) | arena=0.9kB | V_bus=5.128V I_bus=60.0mA P_bus=307.5mW E_total_accum=35.135mWh
12:38:51.952 > [BENCH] IDLE | t_inference_us=0 | heap=37.2kB/282.0kB (min=239.4kB, biggest=108.0kB) | arena=0.9kB | V_bus=5.112V I_bus=60.0mA P_bus=307.3mW E_total_accum=35.306mWh
12:38:53.952 > [BENCH] IDLE | t_inference_us=0 | heap=37.2kB/282.0kB (min=239.4kB, biggest=108.0kB) | arena=0.9kB | V_bus=5.128V I_bus=59.3mA P_bus=303.8mW E_total_accum=35.476mWh
12:38:55.965 > [BENCH] IDLE | t_inference_us=0 | heap=37.2kB/282.0kB (min=239.4kB, biggest=108.0kB) | arena=0.9kB | V_bus=5.132V I_bus=60.7mA P_bus=311.2mW E_total_accum=35.650mWh
12:38:57.983 > [BENCH] IDLE | t_inference_us=0 | heap=37.2kB/282.0kB (min=239.4kB, biggest=108.0kB) | arena=0.9kB | V_bus=5.128V I_bus=59.7mA P_bus=305.9mW E_total_accum=35.821mWh
12:39:00.004 > [BENCH] IDLE | t_inference_us=0 | heap=37.2kB/282.0kB (min=239.4kB, biggest=108.0kB) | arena=0.9kB | V_bus=5.128V I_bus=58.9mA P_bus=302.0mW E_total_accum=35.990mWh
12:39:02.019 > [BENCH] IDLE | t_inference_us=0 | heap=37.2kB/282.0kB (min=239.4kB, biggest=108.0kB) | arena=0.9kB | V_bus=5.128V I_bus=58.8mA P_bus=301.7mW E_total_accum=36.159mWh
12:39:04.034 > [BENCH] IDLE | t_inference_us=0 | heap=37.2kB/282.0kB (min=239.4kB, biggest=108.0kB) | arena=0.9kB | V_bus=5.128V I_bus=58.3mA P_bus=298.8mW E_total_accum=36.326mWh
12:39:06.046 > [BENCH] IDLE | t_inference_us=0 | heap=37.2kB/282.0kB (min=239.4kB, biggest=108.0kB) | arena=0.9kB | V_bus=5.132V I_bus=59.7mA P_bus=306.0mW E_total_accum=36.497mWh
12:39:08.050 > [BENCH] IDLE | t_inference_us=0 | heap=37.2kB/282.0kB (min=239.4kB, biggest=108.0kB) | arena=0.9kB | V_bus=5.128V I_bus=58.9mA P_bus=302.1mW E_total_accum=36.666mWh
12:39:10.075 > [BENCH] IDLE | t_inference_us=0 | heap=37.2kB/282.0kB (min=239.4kB, biggest=108.0kB) | arena=0.9kB | V_bus=5.128V I_bus=61.2mA P_bus=313.9mW E_total_accum=36.842mWh
12:39:12.080 > [BENCH] IDLE | t_inference_us=0 | heap=37.2kB/282.0kB (min=239.4kB, biggest=108.0kB) | arena=0.9kB | V_bus=5.128V I_bus=60.6mA P_bus=310.8mW E_total_accum=37.015mWh
12:39:14.098 > [BENCH] IDLE | t_inference_us=0 | heap=37.2kB/282.0kB (min=239.4kB, biggest=108.0kB) | arena=0.9kB | V_bus=5.128V I_bus=59.7mA P_bus=306.4mW E_total_accum=37.187mWh
12:39:16.117 > [BENCH] IDLE | t_inference_us=0 | heap=37.2kB/282.0kB (min=239.4kB, biggest=108.0kB) | arena=0.9kB | V_bus=5.132V I_bus=60.3mA P_bus=309.0mW E_total_accum=37.360mWh
12:39:16.197 > 
12:39:16.198 > [EVENT] type=HOUR  Tin=28.10 Hin=71.14 Tout=34.00 Hout=55.50
12:39:16.203 > [infer] warmup: window 6/24 - (Invoke NOT executed)
12:39:16.340 > [SENSORS] Health IN ok=198 err=0 reinit=0 pwr=0 | OUT ok=198 err=0 reinit=0 pwr=0
12:39:18.144 > [BENCH] IDLE | t_inference_us=0 | heap=37.2kB/282.0kB (min=239.4kB, biggest=108.0kB) | arena=0.9kB | V_bus=5.132V I_bus=59.1mA P_bus=302.9mW E_total_accum=37.531mWh
12:39:20.161 > [BENCH] IDLE | t_inference_us=0 | heap=37.2kB/282.0kB (min=239.4kB, biggest=108.0kB) | arena=0.9kB | V_bus=5.132V I_bus=59.1mA P_bus=303.1mW E_total_accum=37.701mWh
12:39:22.178 > [BENCH] IDLE | t_inference_us=0 | heap=37.2kB/282.0kB (min=239.4kB, biggest=108.0kB) | arena=0.9kB | V_bus=5.132V I_bus=58.6mA P_bus=300.5mW E_total_accum=37.869mWh
12:39:24.179 > [BENCH] IDLE | t_inference_us=0 | heap=37.2kB/282.0kB (min=239.4kB, biggest=108.0kB) | arena=0.9kB | V_bus=5.132V I_bus=59.7mA P_bus=306.1mW E_total_accum=38.040mWh
12:39:26.209 > [BENCH] IDLE | t_inference_us=0 | heap=37.2kB/282.0kB (min=239.4kB, biggest=108.0kB) | arena=0.9kB | V_bus=5.128V I_bus=58.9mA P_bus=302.0mW E_total_accum=38.209mWh
12:39:28.209 > [BENCH] IDLE | t_inference_us=0 | heap=37.2kB/282.0kB (min=239.4kB, biggest=108.0kB) | arena=0.9kB | V_bus=5.112V I_bus=60.8mA P_bus=311.8mW E_total_accum=38.383mWh
12:39:30.210 > [BENCH] IDLE | t_inference_us=0 | heap=37.2kB/282.0kB (min=239.4kB, biggest=108.0kB) | arena=0.9kB | V_bus=5.132V I_bus=59.9mA P_bus=307.2mW E_total_accum=38.554mWh
12:39:32.227 > [BENCH] IDLE | t_inference_us=0 | heap=37.2kB/282.0kB (min=239.4kB, biggest=108.0kB) | arena=0.9kB | V_bus=5.132V I_bus=59.6mA P_bus=305.5mW E_total_accum=38.725mWh
12:39:34.244 > [BENCH] IDLE | t_inference_us=0 | heap=37.2kB/282.0kB (min=239.4kB, biggest=108.0kB) | arena=0.9kB | V_bus=5.128V I_bus=59.0mA P_bus=302.4mW E_total_accum=38.894mWh
12:39:36.267 > [BENCH] IDLE | t_inference_us=0 | heap=37.2kB/282.0kB (min=239.4kB, biggest=108.0kB) | arena=0.9kB | V_bus=5.132V I_bus=59.1mA P_bus=303.2mW E_total_accum=39.064mWh
12:39:38.273 > [BENCH] IDLE | t_inference_us=0 | heap=37.2kB/282.0kB (min=239.4kB, biggest=108.0kB) | arena=0.9kB | V_bus=5.128V I_bus=58.5mA P_bus=299.9mW E_total_accum=39.232mWh
12:39:40.292 > [BENCH] IDLE | t_inference_us=0 | heap=37.2kB/282.0kB (min=239.4kB, biggest=108.0kB) | arena=0.9kB | V_bus=5.132V I_bus=59.3mA P_bus=304.3mW E_total_accum=39.402mWh
12:39:42.308 > [BENCH] IDLE | t_inference_us=0 | heap=37.2kB/282.0kB (min=239.4kB, biggest=108.0kB) | arena=0.9kB | V_bus=5.132V I_bus=58.7mA P_bus=300.9mW E_total_accum=39.570mWh
12:39:44.309 > [BENCH] IDLE | t_inference_us=0 | heap=37.2kB/282.0kB (min=239.4kB, biggest=108.0kB) | arena=0.9kB | V_bus=5.128V I_bus=60.2mA P_bus=308.7mW E_total_accum=39.743mWh
12:39:46.336 > [BENCH] IDLE | t_inference_us=0 | heap=37.2kB/282.0kB (min=239.4kB, biggest=108.0kB) | arena=0.9kB | V_bus=5.128V I_bus=59.3mA P_bus=304.1mW E_total_accum=39.913mWh
12:39:48.339 > [BENCH] IDLE | t_inference_us=0 | heap=37.2kB/282.0kB (min=239.4kB, biggest=108.0kB) | arena=0.9kB | V_bus=5.132V I_bus=61.0mA P_bus=313.0mW E_total_accum=40.088mWh
12:39:50.357 > [BENCH] IDLE | t_inference_us=0 | heap=37.2kB/282.0kB (min=239.4kB, biggest=108.0kB) | arena=0.9kB | V_bus=5.128V I_bus=59.9mA P_bus=307.5mW E_total_accum=40.260mWh
12:39:52.374 > [BENCH] IDLE | t_inference_us=0 | heap=37.2kB/282.0kB (min=239.4kB, biggest=108.0kB) | arena=0.9kB | V_bus=5.128V I_bus=61.8mA P_bus=317.2mW E_total_accum=40.438mWh
12:39:54.391 > [BENCH] IDLE | t_inference_us=0 | heap=37.2kB/282.0kB (min=239.4kB, biggest=108.0kB) | arena=0.9kB | V_bus=5.132V I_bus=60.6mA P_bus=310.7mW E_total_accum=40.612mWh
12:39:56.405 > [BENCH] IDLE | t_inference_us=0 | heap=37.2kB/282.0kB (min=239.4kB, biggest=108.0kB) | arena=0.9kB | V_bus=5.132V I_bus=62.3mA P_bus=319.5mW E_total_accum=40.790mWh
12:39:58.405 > [BENCH] IDLE | t_inference_us=0 | heap=37.2kB/282.0kB (min=239.4kB, biggest=108.0kB) | arena=0.9kB | V_bus=5.128V I_bus=60.9mA P_bus=312.4mW E_total_accum=40.965mWh
12:40:00.421 > [BENCH] IDLE | t_inference_us=0 | heap=37.2kB/282.0kB (min=239.4kB, biggest=108.0kB) | arena=0.9kB | V_bus=5.132V I_bus=62.5mA P_bus=320.9mW E_total_accum=41.145mWh
12:40:02.438 > [BENCH] IDLE | t_inference_us=0 | heap=37.2kB/282.0kB (min=239.4kB, biggest=108.0kB) | arena=0.9kB | V_bus=5.128V I_bus=61.2mA P_bus=314.1mW E_total_accum=41.320mWh
12:40:04.438 > [BENCH] IDLE | t_inference_us=0 | heap=37.2kB/282.0kB (min=239.4kB, biggest=108.0kB) | arena=0.9kB | V_bus=5.132V I_bus=60.5mA P_bus=310.2mW E_total_accum=41.493mWh
12:40:06.457 > [BENCH] IDLE | t_inference_us=0 | heap=37.2kB/282.0kB (min=239.4kB, biggest=108.0kB) | arena=0.9kB | V_bus=5.132V I_bus=59.6mA P_bus=305.6mW E_total_accum=41.664mWh
12:40:08.469 > [BENCH] IDLE | t_inference_us=0 | heap=37.2kB/282.0kB (min=239.4kB, biggest=108.0kB) | arena=0.9kB | V_bus=5.132V I_bus=59.2mA P_bus=303.6mW E_total_accum=41.834mWh
12:40:10.485 > [BENCH] IDLE | t_inference_us=0 | heap=37.2kB/282.0kB (min=239.4kB, biggest=108.0kB) | arena=0.9kB | V_bus=5.128V I_bus=58.6mA P_bus=300.6mW E_total_accum=42.002mWh
12:40:12.502 > [BENCH] IDLE | t_inference_us=0 | heap=37.2kB/282.0kB (min=239.4kB, biggest=108.0kB) | arena=0.9kB | V_bus=5.128V I_bus=58.2mA P_bus=298.8mW E_total_accum=42.169mWh
12:40:14.519 > [BENCH] IDLE | t_inference_us=0 | heap=37.2kB/282.0kB (min=239.4kB, biggest=108.0kB) | arena=0.9kB | V_bus=5.128V I_bus=57.9mA P_bus=296.8mW E_total_accum=42.335mWh
12:40:16.201 > 
12:40:16.201 > [EVENT] type=HOUR  Tin=27.60 Hin=70.81 Tout=34.00 Hout=55.50
12:40:16.217 > [infer] warmup: window 7/24 - (Invoke NOT executed)
12:40:16.353 > [SENSORS] Health IN ok=226 err=0 reinit=0 pwr=0 | OUT ok=226 err=0 reinit=0 pwr=0
12:40:17.719 > [BENCH] IDLE | t_inference_us=0 | heap=37.2kB/282.0kB (min=239.4kB, biggest=108.0kB) | arena=0.9kB | V_bus=5.132V I_bus=57.6mA P_bus=295.2mW E_total_accum=42.599mWh
12:40:19.736 > [BENCH] IDLE | t_inference_us=0 | heap=37.2kB/282.0kB (min=239.4kB, biggest=108.0kB) | arena=0.9kB | V_bus=5.128V I_bus=57.4mA P_bus=294.7mW E_total_accum=42.764mWh
12:40:21.749 > [BENCH] IDLE | t_inference_us=0 | heap=37.2kB/282.0kB (min=239.4kB, biggest=108.0kB) | arena=0.9kB | V_bus=5.132V I_bus=57.2mA P_bus=293.2mW E_total_accum=42.928mWh
12:40:23.768 > [BENCH] IDLE | t_inference_us=0 | heap=37.2kB/282.0kB (min=239.4kB, biggest=108.0kB) | arena=0.9kB | V_bus=5.128V I_bus=56.8mA P_bus=291.5mW E_total_accum=43.091mWh
12:40:25.770 > [BENCH] IDLE | t_inference_us=0 | heap=37.2kB/282.0kB (min=239.4kB, biggest=108.0kB) | arena=0.9kB | V_bus=5.128V I_bus=56.7mA P_bus=290.8mW E_total_accum=43.253mWh
12:40:27.783 > [BENCH] IDLE | t_inference_us=0 | heap=37.2kB/282.0kB (min=239.4kB, biggest=108.0kB) | arena=0.9kB | V_bus=5.132V I_bus=59.2mA P_bus=303.8mW E_total_accum=43.423mWh
12:40:29.797 > [BENCH] IDLE | t_inference_us=0 | heap=37.2kB/282.0kB (min=239.4kB, biggest=108.0kB) | arena=0.9kB | V_bus=5.128V I_bus=58.5mA P_bus=300.1mW E_total_accum=43.591mWh
12:40:31.799 > [BENCH] IDLE | t_inference_us=0 | heap=37.2kB/282.0kB (min=239.4kB, biggest=108.0kB) | arena=0.9kB | V_bus=5.132V I_bus=60.1mA P_bus=308.1mW E_total_accum=43.763mWh
12:40:33.814 > [BENCH] IDLE | t_inference_us=0 | heap=37.2kB/282.0kB (min=239.4kB, biggest=108.0kB) | arena=0.9kB | V_bus=5.132V I_bus=59.3mA P_bus=304.1mW E_total_accum=43.933mWh
12:40:35.833 > [BENCH] IDLE | t_inference_us=0 | heap=37.2kB/282.0kB (min=239.4kB, biggest=108.0kB) | arena=0.9kB | V_bus=5.132V I_bus=59.9mA P_bus=307.5mW E_total_accum=44.105mWh
12:40:37.850 > [BENCH] IDLE | t_inference_us=0 | heap=37.2kB/282.0kB (min=239.4kB, biggest=108.0kB) | arena=0.9kB | V_bus=5.128V I_bus=59.2mA P_bus=303.7mW E_total_accum=44.275mWh
12:40:39.866 > [BENCH] IDLE | t_inference_us=0 | heap=37.2kB/282.0kB (min=239.4kB, biggest=108.0kB) | arena=0.9kB | V_bus=5.132V I_bus=59.2mA P_bus=303.5mW E_total_accum=44.445mWh
12:40:41.877 > [BENCH] IDLE | t_inference_us=0 | heap=37.2kB/282.0kB (min=239.4kB, biggest=108.0kB) | arena=0.9kB | V_bus=5.132V I_bus=58.5mA P_bus=300.1mW E_total_accum=44.613mWh
12:40:43.888 > [BENCH] IDLE | t_inference_us=0 | heap=37.2kB/282.0kB (min=239.4kB, biggest=108.0kB) | arena=0.9kB | V_bus=5.132V I_bus=57.9mA P_bus=297.3mW E_total_accum=44.779mWh
12:40:45.897 > [BENCH] IDLE | t_inference_us=0 | heap=37.2kB/282.0kB (min=239.4kB, biggest=108.0kB) | arena=0.9kB | V_bus=5.128V I_bus=60.0mA P_bus=307.9mW E_total_accum=44.951mWh
12:40:47.923 > [BENCH] IDLE | t_inference_us=0 | heap=37.2kB/282.0kB (min=239.4kB, biggest=108.0kB) | arena=0.9kB | V_bus=5.132V I_bus=59.1mA P_bus=303.4mW E_total_accum=45.121mWh
12:40:49.937 > [BENCH] IDLE | t_inference_us=0 | heap=37.2kB/282.0kB (min=239.4kB, biggest=108.0kB) | arena=0.9kB | V_bus=5.132V I_bus=60.0mA P_bus=307.8mW E_total_accum=45.293mWh
12:40:51.943 > [BENCH] IDLE | t_inference_us=0 | heap=37.2kB/282.0kB (min=239.4kB, biggest=108.0kB) | arena=0.9kB | V_bus=5.128V I_bus=59.2mA P_bus=303.8mW E_total_accum=45.463mWh
12:40:53.965 > [BENCH] IDLE | t_inference_us=0 | heap=37.2kB/282.0kB (min=239.4kB, biggest=108.0kB) | arena=0.9kB | V_bus=5.128V I_bus=59.0mA P_bus=302.7mW E_total_accum=45.632mWh
12:40:55.979 > [BENCH] IDLE | t_inference_us=0 | heap=37.2kB/282.0kB (min=239.4kB, biggest=108.0kB) | arena=0.9kB | V_bus=5.128V I_bus=58.3mA P_bus=299.3mW E_total_accum=45.800mWh
12:40:57.991 > [BENCH] IDLE | t_inference_us=0 | heap=37.2kB/282.0kB (min=239.4kB, biggest=108.0kB) | arena=0.9kB | V_bus=5.128V I_bus=57.8mA P_bus=296.6mW E_total_accum=45.966mWh
12:41:00.006 > [BENCH] IDLE | t_inference_us=0 | heap=37.2kB/282.0kB (min=239.4kB, biggest=108.0kB) | arena=0.9kB | V_bus=5.112V I_bus=60.3mA P_bus=308.9mW E_total_accum=46.139mWh
12:41:01.995 > [BENCH] IDLE | t_inference_us=0 | heap=37.2kB/282.0kB (min=239.4kB, biggest=108.0kB) | arena=0.9kB | V_bus=5.128V I_bus=62.0mA P_bus=317.8mW E_total_accum=46.315mWh
12:41:04.009 > [BENCH] IDLE | t_inference_us=0 | heap=37.2kB/282.0kB (min=239.4kB, biggest=108.0kB) | arena=0.9kB | V_bus=5.128V I_bus=60.7mA P_bus=311.1mW E_total_accum=46.489mWh
12:41:06.035 > [BENCH] IDLE | t_inference_us=0 | heap=37.2kB/282.0kB (min=239.4kB, biggest=108.0kB) | arena=0.9kB | V_bus=5.128V I_bus=61.6mA P_bus=315.9mW E_total_accum=46.666mWh
12:41:08.047 > [BENCH] IDLE | t_inference_us=0 | heap=37.2kB/282.0kB (min=239.4kB, biggest=108.0kB) | arena=0.9kB | V_bus=5.128V I_bus=60.6mA P_bus=310.4mW E_total_accum=46.840mWh
12:41:10.057 > [BENCH] IDLE | t_inference_us=0 | heap=37.2kB/282.0kB (min=239.4kB, biggest=108.0kB) | arena=0.9kB | V_bus=5.124V I_bus=60.4mA P_bus=309.4mW E_total_accum=47.013mWh
12:41:12.076 > [BENCH] IDLE | t_inference_us=0 | heap=37.2kB/282.0kB (min=239.4kB, biggest=108.0kB) | arena=0.9kB | V_bus=5.128V I_bus=59.4mA P_bus=304.8mW E_total_accum=47.183mWh
12:41:14.091 > [BENCH] IDLE | t_inference_us=0 | heap=37.2kB/282.0kB (min=239.4kB, biggest=108.0kB) | arena=0.9kB | V_bus=5.128V I_bus=58.9mA P_bus=302.0mW E_total_accum=47.352mWh
12:41:16.095 > [BENCH] IDLE | t_inference_us=0 | heap=37.2kB/282.0kB (min=239.4kB, biggest=108.0kB) | arena=0.9kB | V_bus=5.132V I_bus=60.9mA P_bus=312.4mW E_total_accum=47.527mWh
12:41:16.225 > 
12:41:16.225 > [EVENT] type=HOUR  Tin=27.20 Hin=69.81 Tout=33.90 Hout=55.30
12:41:16.231 > [infer] warmup: window 8/24 - (Invoke NOT executed)
12:41:16.358 > [SENSORS] Health IN ok=254 err=0 reinit=0 pwr=0 | OUT ok=254 err=0 reinit=0 pwr=0
12:41:18.141 > [BENCH] IDLE | t_inference_us=0 | heap=37.2kB/282.0kB (min=239.4kB, biggest=108.0kB) | arena=0.9kB | V_bus=5.128V I_bus=60.9mA P_bus=312.1mW E_total_accum=47.704mWh
12:41:20.156 > [BENCH] IDLE | t_inference_us=0 | heap=37.2kB/282.0kB (min=239.4kB, biggest=108.0kB) | arena=0.9kB | V_bus=5.132V I_bus=60.1mA P_bus=308.2mW E_total_accum=47.876mWh
12:41:22.168 > [BENCH] IDLE | t_inference_us=0 | heap=37.2kB/282.0kB (min=239.4kB, biggest=108.0kB) | arena=0.9kB | V_bus=5.132V I_bus=61.8mA P_bus=316.9mW E_total_accum=48.053mWh
12:41:24.184 > [BENCH] IDLE | t_inference_us=0 | heap=37.2kB/282.0kB (min=239.4kB, biggest=108.0kB) | arena=0.9kB | V_bus=5.128V I_bus=60.6mA P_bus=310.6mW E_total_accum=48.227mWh
12:41:26.191 > [BENCH] IDLE | t_inference_us=0 | heap=37.2kB/282.0kB (min=239.4kB, biggest=108.0kB) | arena=0.9kB | V_bus=5.128V I_bus=60.8mA P_bus=311.9mW E_total_accum=48.402mWh
12:41:28.204 > [BENCH] IDLE | t_inference_us=0 | heap=37.2kB/282.0kB (min=239.4kB, biggest=108.0kB) | arena=0.9kB | V_bus=5.128V I_bus=59.8mA P_bus=306.8mW E_total_accum=48.573mWh
12:41:30.222 > [BENCH] IDLE | t_inference_us=0 | heap=37.2kB/282.0kB (min=239.4kB, biggest=108.0kB) | arena=0.9kB | V_bus=5.128V I_bus=59.1mA P_bus=303.1mW E_total_accum=48.743mWh
12:41:32.234 > [BENCH] IDLE | t_inference_us=0 | heap=37.2kB/282.0kB (min=239.4kB, biggest=108.0kB) | arena=0.9kB | V_bus=5.132V I_bus=60.5mA P_bus=310.2mW E_total_accum=48.916mWh
12:41:34.252 > [BENCH] IDLE | t_inference_us=0 | heap=37.2kB/282.0kB (min=239.4kB, biggest=108.0kB) | arena=0.9kB | V_bus=5.132V I_bus=59.7mA P_bus=306.1mW E_total_accum=49.088mWh
12:41:36.252 > [BENCH] IDLE | t_inference_us=0 | heap=37.2kB/282.0kB (min=239.4kB, biggest=108.0kB) | arena=0.9kB | V_bus=5.108V I_bus=59.7mA P_bus=305.8mW E_total_accum=49.259mWh
12:41:38.253 > [BENCH] IDLE | t_inference_us=0 | heap=37.2kB/282.0kB (min=239.4kB, biggest=108.0kB) | arena=0.9kB | V_bus=5.132V I_bus=59.1mA P_bus=303.0mW E_total_accum=49.427mWh
12:41:40.283 > [BENCH] IDLE | t_inference_us=0 | heap=37.2kB/282.0kB (min=239.4kB, biggest=108.0kB) | arena=0.9kB | V_bus=5.128V I_bus=60.4mA P_bus=309.9mW E_total_accum=49.601mWh
12:41:42.285 > [BENCH] IDLE | t_inference_us=0 | heap=37.2kB/282.0kB (min=239.4kB, biggest=108.0kB) | arena=0.9kB | V_bus=5.128V I_bus=59.6mA P_bus=305.6mW E_total_accum=49.772mWh
12:41:44.298 > [BENCH] IDLE | t_inference_us=0 | heap=37.2kB/282.0kB (min=239.4kB, biggest=108.0kB) | arena=0.9kB | V_bus=5.128V I_bus=59.1mA P_bus=302.8mW E_total_accum=49.941mWh
12:41:46.323 > [BENCH] IDLE | t_inference_us=0 | heap=37.2kB/282.0kB (min=239.4kB, biggest=108.0kB) | arena=0.9kB | V_bus=5.132V I_bus=60.4mA P_bus=309.6mW E_total_accum=50.114mWh
12:41:48.334 > [BENCH] IDLE | t_inference_us=0 | heap=37.2kB/282.0kB (min=239.4kB, biggest=108.0kB) | arena=0.9kB | V_bus=5.128V I_bus=59.5mA P_bus=305.1mW E_total_accum=50.285mWh
12:41:50.347 > [BENCH] IDLE | t_inference_us=0 | heap=37.2kB/282.0kB (min=239.4kB, biggest=108.0kB) | arena=0.9kB | V_bus=5.132V I_bus=58.9mA P_bus=302.3mW E_total_accum=50.454mWh
12:41:52.364 > [BENCH] IDLE | t_inference_us=0 | heap=37.2kB/282.0kB (min=239.4kB, biggest=108.0kB) | arena=0.9kB | V_bus=5.132V I_bus=60.2mA P_bus=308.9mW E_total_accum=50.627mWh
12:41:54.366 > [BENCH] IDLE | t_inference_us=0 | heap=37.2kB/282.0kB (min=239.4kB, biggest=108.0kB) | arena=0.9kB | V_bus=5.128V I_bus=59.4mA P_bus=304.6mW E_total_accum=50.797mWh
12:41:56.382 > [BENCH] IDLE | t_inference_us=0 | heap=37.2kB/282.0kB (min=239.4kB, biggest=108.0kB) | arena=0.9kB | V_bus=5.132V I_bus=58.5mA P_bus=300.2mW E_total_accum=50.965mWh
12:41:58.400 > [BENCH] IDLE | t_inference_us=0 | heap=37.2kB/282.0kB (min=239.4kB, biggest=108.0kB) | arena=0.9kB | V_bus=5.132V I_bus=59.5mA P_bus=305.4mW E_total_accum=51.136mWh
12:42:00.422 > [BENCH] IDLE | t_inference_us=0 | heap=37.2kB/282.0kB (min=239.4kB, biggest=108.0kB) | arena=0.9kB | V_bus=5.128V I_bus=58.8mA P_bus=301.8mW E_total_accum=51.305mWh
12:42:02.429 > [BENCH] IDLE | t_inference_us=0 | heap=37.2kB/282.0kB (min=239.4kB, biggest=108.0kB) | arena=0.9kB | V_bus=5.128V I_bus=58.2mA P_bus=298.5mW E_total_accum=51.472mWh
12:42:04.446 > [BENCH] IDLE | t_inference_us=0 | heap=37.2kB/282.0kB (min=239.4kB, biggest=108.0kB) | arena=0.9kB | V_bus=5.128V I_bus=58.6mA P_bus=300.7mW E_total_accum=51.640mWh
12:42:06.463 > [BENCH] IDLE | t_inference_us=0 | heap=37.2kB/282.0kB (min=239.4kB, biggest=108.0kB) | arena=0.9kB | V_bus=5.132V I_bus=60.8mA P_bus=311.8mW E_total_accum=51.815mWh
12:42:08.474 > [BENCH] IDLE | t_inference_us=0 | heap=37.2kB/282.0kB (min=239.4kB, biggest=108.0kB) | arena=0.9kB | V_bus=5.132V I_bus=59.8mA P_bus=306.8mW E_total_accum=51.986mWh
12:42:10.492 > [BENCH] IDLE | t_inference_us=0 | heap=37.2kB/282.0kB (min=239.4kB, biggest=108.0kB) | arena=0.9kB | V_bus=5.128V I_bus=59.4mA P_bus=304.9mW E_total_accum=52.157mWh
12:42:12.494 > [BENCH] IDLE | t_inference_us=0 | heap=37.2kB/282.0kB (min=239.4kB, biggest=108.0kB) | arena=0.9kB | V_bus=5.112V I_bus=61.7mA P_bus=316.1mW E_total_accum=52.333mWh
12:42:14.494 > [BENCH] IDLE | t_inference_us=0 | heap=37.2kB/282.0kB (min=239.4kB, biggest=108.0kB) | arena=0.9kB | V_bus=5.128V I_bus=62.1mA P_bus=318.1mW E_total_accum=52.511mWh
12:42:16.189 > 
12:42:16.189 > [EVENT] type=HOUR  Tin=26.90 Hin=68.90 Tout=33.60 Hout=55.70
12:42:16.204 > [infer] warmup: window 9/24 - (Invoke NOT executed)
12:42:16.380 > [SENSORS] Health IN ok=282 err=0 reinit=0 pwr=0 | OUT ok=282 err=0 reinit=0 pwr=0
12:42:17.711 > [BENCH] IDLE | t_inference_us=0 | heap=37.2kB/282.0kB (min=239.4kB, biggest=108.0kB) | arena=0.9kB | V_bus=5.128V I_bus=61.7mA P_bus=316.2mW E_total_accum=52.795mWh
12:42:19.728 > [BENCH] IDLE | t_inference_us=0 | heap=37.2kB/282.0kB (min=239.4kB, biggest=108.0kB) | arena=0.9kB | V_bus=5.128V I_bus=62.4mA P_bus=320.1mW E_total_accum=52.974mWh
12:42:21.731 > [BENCH] IDLE | t_inference_us=0 | heap=37.2kB/282.0kB (min=239.4kB, biggest=108.0kB) | arena=0.9kB | V_bus=5.128V I_bus=61.2mA P_bus=313.8mW E_total_accum=53.150mWh
12:42:23.757 > [BENCH] IDLE | t_inference_us=0 | heap=37.2kB/282.0kB (min=239.4kB, biggest=108.0kB) | arena=0.9kB | V_bus=5.128V I_bus=60.0mA P_bus=307.6mW E_total_accum=53.322mWh
12:42:25.764 > [BENCH] IDLE | t_inference_us=0 | heap=37.2kB/282.0kB (min=239.4kB, biggest=108.0kB) | arena=0.9kB | V_bus=5.128V I_bus=59.8mA P_bus=306.4mW E_total_accum=53.493mWh
12:42:27.776 > [BENCH] IDLE | t_inference_us=0 | heap=37.2kB/282.0kB (min=239.4kB, biggest=108.0kB) | arena=0.9kB | V_bus=5.132V I_bus=61.4mA P_bus=314.9mW E_total_accum=53.669mWh
12:42:29.793 > [BENCH] IDLE | t_inference_us=0 | heap=37.2kB/282.0kB (min=239.4kB, biggest=108.0kB) | arena=0.9kB | V_bus=5.128V I_bus=60.3mA P_bus=309.4mW E_total_accum=53.843mWh
12:42:31.812 > [BENCH] IDLE | t_inference_us=0 | heap=37.2kB/282.0kB (min=239.4kB, biggest=108.0kB) | arena=0.9kB | V_bus=5.128V I_bus=59.3mA P_bus=304.3mW E_total_accum=54.013mWh
12:42:33.820 > [BENCH] IDLE | t_inference_us=0 | heap=37.2kB/282.0kB (min=239.4kB, biggest=108.0kB) | arena=0.9kB | V_bus=5.116V I_bus=62.8mA P_bus=322.0mW E_total_accum=54.192mWh
12:42:35.822 > [BENCH] IDLE | t_inference_us=0 | heap=37.2kB/282.0kB (min=239.4kB, biggest=108.0kB) | arena=0.9kB | V_bus=5.132V I_bus=61.8mA P_bus=316.8mW E_total_accum=54.369mWh
12:42:37.840 > [BENCH] IDLE | t_inference_us=0 | heap=37.2kB/282.0kB (min=239.4kB, biggest=108.0kB) | arena=0.9kB | V_bus=5.132V I_bus=62.5mA P_bus=320.7mW E_total_accum=54.549mWh
12:42:39.857 > [BENCH] IDLE | t_inference_us=0 | heap=37.2kB/282.0kB (min=239.4kB, biggest=108.0kB) | arena=0.9kB | V_bus=5.132V I_bus=61.3mA P_bus=314.2mW E_total_accum=54.724mWh
12:42:41.858 > [BENCH] IDLE | t_inference_us=0 | heap=37.2kB/282.0kB (min=239.4kB, biggest=108.0kB) | arena=0.9kB | V_bus=5.132V I_bus=60.1mA P_bus=308.5mW E_total_accum=54.897mWh
12:42:43.885 > [BENCH] IDLE | t_inference_us=0 | heap=37.2kB/282.0kB (min=239.4kB, biggest=108.0kB) | arena=0.9kB | V_bus=5.128V I_bus=59.7mA P_bus=306.0mW E_total_accum=55.068mWh
12:42:45.897 > [BENCH] IDLE | t_inference_us=0 | heap=37.2kB/282.0kB (min=239.4kB, biggest=108.0kB) | arena=0.9kB | V_bus=5.128V I_bus=60.9mA P_bus=312.3mW E_total_accum=55.243mWh
12:42:47.910 > [BENCH] IDLE | t_inference_us=0 | heap=37.2kB/282.0kB (min=239.4kB, biggest=108.0kB) | arena=0.9kB | V_bus=5.108V I_bus=59.8mA P_bus=306.4mW E_total_accum=55.414mWh
12:42:49.913 > [BENCH] IDLE | t_inference_us=0 | heap=37.2kB/282.0kB (min=239.4kB, biggest=108.0kB) | arena=0.9kB | V_bus=5.104V I_bus=59.0mA P_bus=302.3mW E_total_accum=55.583mWh
12:42:51.937 > [BENCH] IDLE | t_inference_us=0 | heap=37.2kB/282.0kB (min=239.4kB, biggest=108.0kB) | arena=0.9kB | V_bus=5.104V I_bus=58.4mA P_bus=298.7mW E_total_accum=55.750mWh
12:42:53.943 > [BENCH] IDLE | t_inference_us=0 | heap=37.2kB/282.0kB (min=239.4kB, biggest=108.0kB) | arena=0.9kB | V_bus=5.100V I_bus=57.8mA P_bus=295.6mW E_total_accum=55.916mWh
12:42:55.966 > [BENCH] IDLE | t_inference_us=0 | heap=37.2kB/282.0kB (min=239.4kB, biggest=108.0kB) | arena=0.9kB | V_bus=5.100V I_bus=57.5mA P_bus=293.8mW E_total_accum=56.080mWh
12:42:57.980 > [BENCH] IDLE | t_inference_us=0 | heap=37.2kB/282.0kB (min=239.4kB, biggest=108.0kB) | arena=0.9kB | V_bus=5.104V I_bus=57.2mA P_bus=292.2mW E_total_accum=56.244mWh
12:42:59.980 > [BENCH] IDLE | t_inference_us=0 | heap=37.2kB/282.0kB (min=239.4kB, biggest=108.0kB) | arena=0.9kB | V_bus=5.104V I_bus=59.6mA P_bus=304.3mW E_total_accum=56.414mWh
12:43:02.006 > [BENCH] IDLE | t_inference_us=0 | heap=37.2kB/282.0kB (min=239.4kB, biggest=108.0kB) | arena=0.9kB | V_bus=5.104V I_bus=61.1mA P_bus=312.2mW E_total_accum=56.589mWh
12:43:04.024 > [BENCH] IDLE | t_inference_us=0 | heap=37.2kB/282.0kB (min=239.4kB, biggest=108.0kB) | arena=0.9kB | V_bus=5.104V I_bus=61.7mA P_bus=315.2mW E_total_accum=56.765mWh
12:43:06.037 > [BENCH] IDLE | t_inference_us=0 | heap=37.2kB/282.0kB (min=239.4kB, biggest=108.0kB) | arena=0.9kB | V_bus=5.124V I_bus=60.5mA P_bus=309.3mW E_total_accum=56.938mWh
12:43:08.051 > [BENCH] IDLE | t_inference_us=0 | heap=37.2kB/282.0kB (min=239.4kB, biggest=108.0kB) | arena=0.9kB | V_bus=5.124V I_bus=59.9mA P_bus=306.4mW E_total_accum=57.109mWh
12:43:10.043 > [BENCH] IDLE | t_inference_us=0 | heap=37.2kB/282.0kB (min=239.4kB, biggest=108.0kB) | arena=0.9kB | V_bus=5.128V I_bus=59.1mA P_bus=302.4mW E_total_accum=57.278mWh
12:43:12.055 > [BENCH] IDLE | t_inference_us=0 | heap=37.2kB/282.0kB (min=239.4kB, biggest=108.0kB) | arena=0.9kB | V_bus=5.128V I_bus=59.9mA P_bus=306.8mW E_total_accum=57.449mWh
12:43:14.075 > [BENCH] IDLE | t_inference_us=0 | heap=37.2kB/282.0kB (min=239.4kB, biggest=108.0kB) | arena=0.9kB | V_bus=5.124V I_bus=59.2mA P_bus=302.9mW E_total_accum=57.619mWh
12:43:16.094 > [BENCH] IDLE | t_inference_us=0 | heap=37.2kB/282.0kB (min=239.4kB, biggest=108.0kB) | arena=0.9kB | V_bus=5.128V I_bus=58.5mA P_bus=299.4mW E_total_accum=57.786mWh
12:43:16.202 > 
12:43:16.202 > [EVENT] type=HOUR  Tin=26.70 Hin=68.91 Tout=33.30 Hout=56.60
12:43:16.221 > [infer] warmup: window 10/24 - (Invoke NOT executed)
12:43:16.388 > [SENSORS] Health IN ok=310 err=0 reinit=0 pwr=0 | OUT ok=310 err=0 reinit=0 pwr=0
12:43:18.131 > [BENCH] IDLE | t_inference_us=0 | heap=37.2kB/282.0kB (min=239.4kB, biggest=108.0kB) | arena=0.9kB | V_bus=5.124V I_bus=58.5mA P_bus=299.5mW E_total_accum=57.956mWh
12:43:20.139 > [BENCH] IDLE | t_inference_us=0 | heap=37.2kB/282.0kB (min=239.4kB, biggest=108.0kB) | arena=0.9kB | V_bus=5.128V I_bus=60.2mA P_bus=308.4mW E_total_accum=58.128mWh
12:43:22.149 > [BENCH] IDLE | t_inference_us=0 | heap=37.2kB/282.0kB (min=239.4kB, biggest=108.0kB) | arena=0.9kB | V_bus=5.128V I_bus=59.3mA P_bus=303.7mW E_total_accum=58.298mWh
12:43:24.173 > [BENCH] IDLE | t_inference_us=0 | heap=37.2kB/282.0kB (min=239.4kB, biggest=108.0kB) | arena=0.9kB | V_bus=5.128V I_bus=58.5mA P_bus=299.6mW E_total_accum=58.466mWh
12:43:26.179 > [BENCH] IDLE | t_inference_us=0 | heap=37.2kB/282.0kB (min=239.4kB, biggest=108.0kB) | arena=0.9kB | V_bus=5.128V I_bus=59.3mA P_bus=303.7mW E_total_accum=58.635mWh
12:43:28.196 > [BENCH] IDLE | t_inference_us=0 | heap=37.2kB/282.0kB (min=239.4kB, biggest=108.0kB) | arena=0.9kB | V_bus=5.124V I_bus=58.6mA P_bus=300.3mW E_total_accum=58.804mWh
12:43:30.215 > [BENCH] IDLE | t_inference_us=0 | heap=37.2kB/282.0kB (min=239.4kB, biggest=108.0kB) | arena=0.9kB | V_bus=5.128V I_bus=58.1mA P_bus=298.0mW E_total_accum=58.970mWh
12:43:32.215 > [BENCH] IDLE | t_inference_us=0 | heap=37.2kB/282.0kB (min=239.4kB, biggest=108.0kB) | arena=0.9kB | V_bus=5.132V I_bus=57.8mA P_bus=296.1mW E_total_accum=59.136mWh
12:43:34.242 > [BENCH] IDLE | t_inference_us=0 | heap=37.2kB/282.0kB (min=239.4kB, biggest=108.0kB) | arena=0.9kB | V_bus=5.128V I_bus=58.6mA P_bus=300.5mW E_total_accum=59.304mWh
12:43:36.241 > [BENCH] IDLE | t_inference_us=0 | heap=37.2kB/282.0kB (min=239.4kB, biggest=108.0kB) | arena=0.9kB | V_bus=5.128V I_bus=60.6mA P_bus=310.9mW E_total_accum=59.478mWh
12:43:38.263 > [BENCH] IDLE | t_inference_us=0 | heap=37.2kB/282.0kB (min=239.4kB, biggest=108.0kB) | arena=0.9kB | V_bus=5.128V I_bus=59.7mA P_bus=306.1mW E_total_accum=59.649mWh
12:43:40.278 > [BENCH] IDLE | t_inference_us=0 | heap=37.2kB/282.0kB (min=239.4kB, biggest=108.0kB) | arena=0.9kB | V_bus=5.128V I_bus=58.9mA P_bus=301.8mW E_total_accum=59.818mWh
12:43:42.298 > [BENCH] IDLE | t_inference_us=0 | heap=37.2kB/282.0kB (min=239.4kB, biggest=108.0kB) | arena=0.9kB | V_bus=5.128V I_bus=59.0mA P_bus=302.4mW E_total_accum=59.987mWh
12:43:44.297 > [BENCH] IDLE | t_inference_us=0 | heap=37.2kB/282.0kB (min=239.4kB, biggest=108.0kB) | arena=0.9kB | V_bus=5.124V I_bus=60.9mA P_bus=312.2mW E_total_accum=60.162mWh
12:43:46.312 > [BENCH] IDLE | t_inference_us=0 | heap=37.2kB/282.0kB (min=239.4kB, biggest=108.0kB) | arena=0.9kB | V_bus=5.128V I_bus=61.9mA P_bus=317.3mW E_total_accum=60.338mWh
12:43:48.327 > [BENCH] IDLE | t_inference_us=0 | heap=37.2kB/282.0kB (min=239.4kB, biggest=108.0kB) | arena=0.9kB | V_bus=5.128V I_bus=60.6mA P_bus=310.9mW E_total_accum=60.512mWh
12:43:50.342 > [BENCH] IDLE | t_inference_us=0 | heap=37.2kB/282.0kB (min=239.4kB, biggest=108.0kB) | arena=0.9kB | V_bus=5.128V I_bus=59.6mA P_bus=305.5mW E_total_accum=60.683mWh
12:43:52.356 > [BENCH] IDLE | t_inference_us=0 | heap=37.2kB/282.0kB (min=239.4kB, biggest=108.0kB) | arena=0.9kB | V_bus=5.132V I_bus=59.0mA P_bus=302.5mW E_total_accum=60.852mWh
12:43:54.370 > [BENCH] IDLE | t_inference_us=0 | heap=37.2kB/282.0kB (min=239.4kB, biggest=108.0kB) | arena=0.9kB | V_bus=5.128V I_bus=59.6mA P_bus=305.8mW E_total_accum=61.023mWh
12:43:56.373 > [BENCH] IDLE | t_inference_us=0 | heap=37.2kB/282.0kB (min=239.4kB, biggest=108.0kB) | arena=0.9kB | V_bus=5.128V I_bus=61.5mA P_bus=315.2mW E_total_accum=61.200mWh
12:43:58.391 > [BENCH] IDLE | t_inference_us=0 | heap=37.2kB/282.0kB (min=239.4kB, biggest=108.0kB) | arena=0.9kB | V_bus=5.124V I_bus=60.4mA P_bus=309.8mW E_total_accum=61.373mWh
12:44:00.409 > [BENCH] IDLE | t_inference_us=0 | heap=37.2kB/282.0kB (min=239.4kB, biggest=108.0kB) | arena=0.9kB | V_bus=5.128V I_bus=59.3mA P_bus=304.3mW E_total_accum=61.543mWh
12:44:02.424 > [BENCH] IDLE | t_inference_us=0 | heap=37.2kB/282.0kB (min=239.4kB, biggest=108.0kB) | arena=0.9kB | V_bus=5.128V I_bus=58.9mA P_bus=302.1mW E_total_accum=61.712mWh
12:44:04.439 > [BENCH] IDLE | t_inference_us=0 | heap=37.2kB/282.0kB (min=239.4kB, biggest=108.0kB) | arena=0.9kB | V_bus=5.128V I_bus=60.1mA P_bus=308.0mW E_total_accum=61.885mWh
12:44:06.442 > [BENCH] IDLE | t_inference_us=0 | heap=37.2kB/282.0kB (min=239.4kB, biggest=108.0kB) | arena=0.9kB | V_bus=5.128V I_bus=59.3mA P_bus=303.9mW E_total_accum=62.055mWh
12:44:08.467 > [BENCH] IDLE | t_inference_us=0 | heap=37.2kB/282.0kB (min=239.4kB, biggest=108.0kB) | arena=0.9kB | V_bus=5.128V I_bus=58.6mA P_bus=300.5mW E_total_accum=62.223mWh
12:44:10.473 > [BENCH] IDLE | t_inference_us=0 | heap=37.2kB/282.0kB (min=239.4kB, biggest=108.0kB) | arena=0.9kB | V_bus=5.128V I_bus=58.1mA P_bus=297.8mW E_total_accum=62.389mWh
12:44:12.490 > [BENCH] IDLE | t_inference_us=0 | heap=37.2kB/282.0kB (min=239.4kB, biggest=108.0kB) | arena=0.9kB | V_bus=5.128V I_bus=58.4mA P_bus=299.5mW E_total_accum=62.557mWh
12:44:14.508 > [BENCH] IDLE | t_inference_us=0 | heap=37.2kB/282.0kB (min=239.4kB, biggest=108.0kB) | arena=0.9kB | V_bus=5.124V I_bus=59.9mA P_bus=307.1mW E_total_accum=62.729mWh
12:44:16.189 > 
12:44:16.189 > [EVENT] type=HOUR  Tin=26.60 Hin=67.81 Tout=33.30 Hout=56.50
12:44:16.189 > [infer] warmup: window 11/24 - (Invoke NOT executed)
12:44:16.422 > [SENSORS] Health IN ok=339 err=0 reinit=0 pwr=0 | OUT ok=339 err=0 reinit=0 pwr=0
12:44:17.705 > [BENCH] IDLE | t_inference_us=0 | heap=37.2kB/282.0kB (min=239.4kB, biggest=108.0kB) | arena=0.9kB | V_bus=5.124V I_bus=59.7mA P_bus=306.1mW E_total_accum=63.003mWh
12:44:19.718 > [BENCH] IDLE | t_inference_us=0 | heap=37.2kB/282.0kB (min=239.4kB, biggest=108.0kB) | arena=0.9kB | V_bus=5.128V I_bus=58.9mA P_bus=302.0mW E_total_accum=63.172mWh
12:44:21.721 > [BENCH] IDLE | t_inference_us=0 | heap=37.2kB/282.0kB (min=239.4kB, biggest=108.0kB) | arena=0.9kB | V_bus=5.128V I_bus=58.2mA P_bus=298.4mW E_total_accum=63.339mWh
12:44:23.741 > [BENCH] IDLE | t_inference_us=0 | heap=37.2kB/282.0kB (min=239.4kB, biggest=108.0kB) | arena=0.9kB | V_bus=5.128V I_bus=58.0mA P_bus=297.2mW E_total_accum=63.505mWh
12:44:25.752 > [BENCH] IDLE | t_inference_us=0 | heap=37.2kB/282.0kB (min=239.4kB, biggest=108.0kB) | arena=0.9kB | V_bus=5.132V I_bus=58.3mA P_bus=298.8mW E_total_accum=63.672mWh
12:44:27.775 > [BENCH] IDLE | t_inference_us=0 | heap=37.2kB/282.0kB (min=239.4kB, biggest=108.0kB) | arena=0.9kB | V_bus=5.128V I_bus=59.5mA P_bus=305.1mW E_total_accum=63.843mWh
12:44:29.784 > [BENCH] IDLE | t_inference_us=0 | heap=37.2kB/282.0kB (min=239.4kB, biggest=108.0kB) | arena=0.9kB | V_bus=5.132V I_bus=61.3mA P_bus=314.2mW E_total_accum=64.019mWh
12:44:31.801 > [BENCH] IDLE | t_inference_us=0 | heap=37.2kB/282.0kB (min=239.4kB, biggest=108.0kB) | arena=0.9kB | V_bus=5.132V I_bus=60.1mA P_bus=308.5mW E_total_accum=64.192mWh
12:44:33.803 > [BENCH] IDLE | t_inference_us=0 | heap=37.2kB/282.0kB (min=239.4kB, biggest=108.0kB) | arena=0.9kB | V_bus=5.128V I_bus=59.3mA P_bus=304.4mW E_total_accum=64.362mWh
12:44:35.819 > [BENCH] IDLE | t_inference_us=0 | heap=37.2kB/282.0kB (min=239.4kB, biggest=108.0kB) | arena=0.9kB | V_bus=5.132V I_bus=58.6mA P_bus=300.6mW E_total_accum=64.530mWh
12:44:37.845 > [BENCH] IDLE | t_inference_us=0 | heap=37.2kB/282.0kB (min=239.4kB, biggest=108.0kB) | arena=0.9kB | V_bus=5.132V I_bus=58.0mA P_bus=297.3mW E_total_accum=64.696mWh
12:44:39.851 > [BENCH] IDLE | t_inference_us=0 | heap=37.2kB/282.0kB (min=239.4kB, biggest=108.0kB) | arena=0.9kB | V_bus=5.128V I_bus=57.9mA P_bus=296.9mW E_total_accum=64.862mWh
12:44:41.869 > [BENCH] IDLE | t_inference_us=0 | heap=37.2kB/282.0kB (min=239.4kB, biggest=108.0kB) | arena=0.9kB | V_bus=5.112V I_bus=60.9mA P_bus=312.2mW E_total_accum=65.037mWh
12:44:43.869 > [BENCH] IDLE | t_inference_us=0 | heap=37.2kB/282.0kB (min=239.4kB, biggest=108.0kB) | arena=0.9kB | V_bus=5.128V I_bus=59.8mA P_bus=306.3mW E_total_accum=65.207mWh
12:44:45.887 > [BENCH] IDLE | t_inference_us=0 | heap=37.2kB/282.0kB (min=239.4kB, biggest=108.0kB) | arena=0.9kB | V_bus=5.128V I_bus=58.8mA P_bus=301.6mW E_total_accum=65.376mWh
12:44:47.902 > [BENCH] IDLE | t_inference_us=0 | heap=37.2kB/282.0kB (min=239.4kB, biggest=108.0kB) | arena=0.9kB | V_bus=5.132V I_bus=58.6mA P_bus=300.4mW E_total_accum=65.544mWh
12:44:49.914 > [BENCH] IDLE | t_inference_us=0 | heap=37.2kB/282.0kB (min=239.4kB, biggest=108.0kB) | arena=0.9kB | V_bus=5.128V I_bus=59.0mA P_bus=302.8mW E_total_accum=65.714mWh
12:44:51.930 > [BENCH] IDLE | t_inference_us=0 | heap=37.2kB/282.0kB (min=239.4kB, biggest=108.0kB) | arena=0.9kB | V_bus=5.132V I_bus=60.2mA P_bus=308.7mW E_total_accum=65.886mWh
12:44:53.930 > [BENCH] IDLE | t_inference_us=0 | heap=37.2kB/282.0kB (min=239.4kB, biggest=108.0kB) | arena=0.9kB | V_bus=5.128V I_bus=61.8mA P_bus=316.7mW E_total_accum=66.063mWh
12:44:55.958 > [BENCH] IDLE | t_inference_us=0 | heap=37.2kB/282.0kB (min=239.4kB, biggest=108.0kB) | arena=0.9kB | V_bus=5.128V I_bus=63.3mA P_bus=324.7mW E_total_accum=66.245mWh
12:44:57.969 > [BENCH] IDLE | t_inference_us=0 | heap=37.2kB/282.0kB (min=239.4kB, biggest=108.0kB) | arena=0.9kB | V_bus=5.124V I_bus=61.7mA P_bus=316.4mW E_total_accum=66.422mWh
12:44:59.985 > [BENCH] IDLE | t_inference_us=0 | heap=37.2kB/282.0kB (min=239.4kB, biggest=108.0kB) | arena=0.9kB | V_bus=5.128V I_bus=60.3mA P_bus=309.4mW E_total_accum=66.595mWh
12:45:01.999 > [BENCH] IDLE | t_inference_us=0 | heap=37.2kB/282.0kB (min=239.4kB, biggest=108.0kB) | arena=0.9kB | V_bus=5.124V I_bus=59.4mA P_bus=304.6mW E_total_accum=66.766mWh
12:45:04.012 > [BENCH] IDLE | t_inference_us=0 | heap=37.2kB/282.0kB (min=239.4kB, biggest=108.0kB) | arena=0.9kB | V_bus=5.128V I_bus=59.2mA P_bus=303.7mW E_total_accum=66.936mWh
12:45:06.019 > [BENCH] IDLE | t_inference_us=0 | heap=37.2kB/282.0kB (min=239.4kB, biggest=108.0kB) | arena=0.9kB | V_bus=5.128V I_bus=60.4mA P_bus=309.5mW E_total_accum=67.109mWh
12:45:08.040 > [BENCH] IDLE | t_inference_us=0 | heap=37.2kB/282.0kB (min=239.4kB, biggest=108.0kB) | arena=0.9kB | V_bus=5.128V I_bus=62.0mA P_bus=317.8mW E_total_accum=67.286mWh
12:45:10.055 > [BENCH] IDLE | t_inference_us=0 | heap=37.2kB/282.0kB (min=239.4kB, biggest=108.0kB) | arena=0.9kB | V_bus=5.128V I_bus=60.7mA P_bus=311.2mW E_total_accum=67.461mWh
12:45:12.060 > [BENCH] IDLE | t_inference_us=0 | heap=37.2kB/282.0kB (min=239.4kB, biggest=108.0kB) | arena=0.9kB | V_bus=5.132V I_bus=59.7mA P_bus=306.4mW E_total_accum=67.632mWh
12:45:14.076 > [BENCH] IDLE | t_inference_us=0 | heap=37.2kB/282.0kB (min=239.4kB, biggest=108.0kB) | arena=0.9kB | V_bus=5.132V I_bus=59.0mA P_bus=302.5mW E_total_accum=67.801mWh
12:45:16.097 > [BENCH] IDLE | t_inference_us=0 | heap=37.2kB/282.0kB (min=239.4kB, biggest=108.0kB) | arena=0.9kB | V_bus=5.132V I_bus=58.3mA P_bus=299.1mW E_total_accum=67.969mWh
12:45:16.215 > 
12:45:16.218 > [EVENT] type=HOUR  Tin=26.40 Hin=66.98 Tout=33.30 Hout=55.90
12:45:16.218 > [infer] warmup: window 12/24 - (Invoke NOT executed)
12:45:16.427 > [SENSORS] Health IN ok=367 err=0 reinit=0 pwr=0 | OUT ok=367 err=0 reinit=0 pwr=0
12:45:18.133 > [BENCH] IDLE | t_inference_us=0 | heap=37.2kB/282.0kB (min=239.4kB, biggest=108.0kB) | arena=0.9kB | V_bus=5.112V I_bus=60.6mA P_bus=310.4mW E_total_accum=68.144mWh
12:45:20.125 > [BENCH] IDLE | t_inference_us=0 | heap=37.2kB/282.0kB (min=239.4kB, biggest=108.0kB) | arena=0.9kB | V_bus=5.128V I_bus=61.2mA P_bus=313.4mW E_total_accum=68.318mWh
12:45:22.141 > [BENCH] IDLE | t_inference_us=0 | heap=37.2kB/282.0kB (min=239.4kB, biggest=108.0kB) | arena=0.9kB | V_bus=5.128V I_bus=62.0mA P_bus=318.0mW E_total_accum=68.496mWh
12:45:24.162 > [BENCH] IDLE | t_inference_us=0 | heap=37.2kB/282.0kB (min=239.4kB, biggest=108.0kB) | arena=0.9kB | V_bus=5.128V I_bus=63.1mA P_bus=323.2mW E_total_accum=68.677mWh
12:45:26.175 > [BENCH] IDLE | t_inference_us=0 | heap=37.2kB/282.0kB (min=239.4kB, biggest=108.0kB) | arena=0.9kB | V_bus=5.132V I_bus=64.3mA P_bus=329.6mW E_total_accum=68.862mWh
12:45:28.190 > [BENCH] IDLE | t_inference_us=0 | heap=37.2kB/282.0kB (min=239.4kB, biggest=108.0kB) | arena=0.9kB | V_bus=5.128V I_bus=62.6mA P_bus=321.0mW E_total_accum=69.041mWh
12:45:30.202 > [BENCH] IDLE | t_inference_us=0 | heap=37.2kB/282.0kB (min=239.4kB, biggest=108.0kB) | arena=0.9kB | V_bus=5.128V I_bus=61.3mA P_bus=314.2mW E_total_accum=69.217mWh
12:45:32.206 > [BENCH] IDLE | t_inference_us=0 | heap=37.2kB/282.0kB (min=239.4kB, biggest=108.0kB) | arena=0.9kB | V_bus=5.124V I_bus=60.2mA P_bus=308.4mW E_total_accum=69.389mWh
12:45:34.224 > [BENCH] IDLE | t_inference_us=0 | heap=37.2kB/282.0kB (min=239.4kB, biggest=108.0kB) | arena=0.9kB | V_bus=5.128V I_bus=59.2mA P_bus=303.6mW E_total_accum=69.559mWh
12:45:36.244 > [BENCH] IDLE | t_inference_us=0 | heap=37.2kB/282.0kB (min=239.4kB, biggest=108.0kB) | arena=0.9kB | V_bus=5.128V I_bus=58.6mA P_bus=300.6mW E_total_accum=69.727mWh
12:45:38.259 > [BENCH] IDLE | t_inference_us=0 | heap=37.2kB/282.0kB (min=239.4kB, biggest=108.0kB) | arena=0.9kB | V_bus=5.128V I_bus=58.1mA P_bus=297.9mW E_total_accum=69.894mWh
12:45:40.270 > [BENCH] IDLE | t_inference_us=0 | heap=37.2kB/282.0kB (min=239.4kB, biggest=108.0kB) | arena=0.9kB | V_bus=5.128V I_bus=57.6mA P_bus=295.3mW E_total_accum=70.059mWh
12:45:42.287 > [BENCH] IDLE | t_inference_us=0 | heap=37.2kB/282.0kB (min=239.4kB, biggest=108.0kB) | arena=0.9kB | V_bus=5.124V I_bus=57.1mA P_bus=292.5mW E_total_accum=70.223mWh
12:45:44.295 > [BENCH] IDLE | t_inference_us=0 | heap=37.2kB/282.0kB (min=239.4kB, biggest=108.0kB) | arena=0.9kB | V_bus=5.128V I_bus=56.9mA P_bus=291.8mW E_total_accum=70.386mWh
12:45:46.306 > [BENCH] IDLE | t_inference_us=0 | heap=37.2kB/282.0kB (min=239.4kB, biggest=108.0kB) | arena=0.9kB | V_bus=5.132V I_bus=57.0mA P_bus=292.1mW E_total_accum=70.550mWh
12:45:48.329 > [BENCH] IDLE | t_inference_us=0 | heap=37.2kB/282.0kB (min=239.4kB, biggest=108.0kB) | arena=0.9kB | V_bus=5.132V I_bus=57.1mA P_bus=293.0mW E_total_accum=70.714mWh
12:45:50.342 > [BENCH] IDLE | t_inference_us=0 | heap=37.2kB/282.0kB (min=239.4kB, biggest=108.0kB) | arena=0.9kB | V_bus=5.128V I_bus=57.4mA P_bus=294.5mW E_total_accum=70.878mWh
12:45:52.351 > [BENCH] IDLE | t_inference_us=0 | heap=37.2kB/282.0kB (min=239.4kB, biggest=108.0kB) | arena=0.9kB | V_bus=5.128V I_bus=57.7mA P_bus=296.0mW E_total_accum=71.044mWh
12:45:54.352 > [BENCH] IDLE | t_inference_us=0 | heap=37.2kB/282.0kB (min=239.4kB, biggest=108.0kB) | arena=0.9kB | V_bus=5.108V I_bus=57.7mA P_bus=295.8mW E_total_accum=71.209mWh
12:45:56.370 > [BENCH] IDLE | t_inference_us=0 | heap=37.2kB/282.0kB (min=239.4kB, biggest=108.0kB) | arena=0.9kB | V_bus=5.132V I_bus=57.2mA P_bus=293.1mW E_total_accum=71.372mWh
12:45:58.382 > [BENCH] IDLE | t_inference_us=0 | heap=37.2kB/282.0kB (min=239.4kB, biggest=108.0kB) | arena=0.9kB | V_bus=5.132V I_bus=56.8mA P_bus=291.2mW E_total_accum=71.535mWh
12:46:00.398 > [BENCH] IDLE | t_inference_us=0 | heap=37.2kB/282.0kB (min=239.4kB, biggest=108.0kB) | arena=0.9kB | V_bus=5.128V I_bus=56.5mA P_bus=289.8mW E_total_accum=71.697mWh
12:46:02.400 > [BENCH] IDLE | t_inference_us=0 | heap=37.2kB/282.0kB (min=239.4kB, biggest=108.0kB) | arena=0.9kB | V_bus=5.132V I_bus=56.3mA P_bus=288.9mW E_total_accum=71.859mWh
12:46:04.416 > [BENCH] IDLE | t_inference_us=0 | heap=37.2kB/282.0kB (min=239.4kB, biggest=108.0kB) | arena=0.9kB | V_bus=5.128V I_bus=56.5mA P_bus=289.7mW E_total_accum=72.021mWh
12:46:06.435 > [BENCH] IDLE | t_inference_us=0 | heap=37.2kB/282.0kB (min=239.4kB, biggest=108.0kB) | arena=0.9kB | V_bus=5.132V I_bus=56.6mA P_bus=290.5mW E_total_accum=72.184mWh
12:46:08.456 > [BENCH] IDLE | t_inference_us=0 | heap=37.2kB/282.0kB (min=239.4kB, biggest=108.0kB) | arena=0.9kB | V_bus=5.128V I_bus=56.9mA P_bus=291.7mW E_total_accum=72.347mWh
12:46:10.468 > [BENCH] IDLE | t_inference_us=0 | heap=37.2kB/282.0kB (min=239.4kB, biggest=108.0kB) | arena=0.9kB | V_bus=5.132V I_bus=57.4mA P_bus=294.4mW E_total_accum=72.512mWh
12:46:12.480 > [BENCH] IDLE | t_inference_us=0 | heap=37.2kB/282.0kB (min=239.4kB, biggest=108.0kB) | arena=0.9kB | V_bus=5.128V I_bus=58.1mA P_bus=298.0mW E_total_accum=72.678mWh
12:46:14.497 > [BENCH] IDLE | t_inference_us=0 | heap=37.2kB/282.0kB (min=239.4kB, biggest=108.0kB) | arena=0.9kB | V_bus=5.128V I_bus=59.3mA P_bus=304.2mW E_total_accum=72.848mWh
12:46:16.180 > 
12:46:16.180 > [EVENT] type=HOUR  Tin=26.80 Hin=67.56 Tout=33.30 Hout=55.90
12:46:16.180 > [infer] warmup: window 13/24 - (Invoke NOT executed)
12:46:16.449 > [SENSORS] Health IN ok=395 err=0 reinit=0 pwr=0 | OUT ok=395 err=0 reinit=0 pwr=0
12:46:17.682 > [BENCH] IDLE | t_inference_us=0 | heap=37.2kB/282.0kB (min=239.4kB, biggest=108.0kB) | arena=0.9kB | V_bus=5.132V I_bus=61.5mA P_bus=315.4mW E_total_accum=73.126mWh
12:46:19.699 > [BENCH] IDLE | t_inference_us=0 | heap=37.2kB/282.0kB (min=239.4kB, biggest=108.0kB) | arena=0.9kB | V_bus=5.132V I_bus=62.3mA P_bus=319.5mW E_total_accum=73.305mWh
12:46:21.722 > [BENCH] IDLE | t_inference_us=0 | heap=37.2kB/282.0kB (min=239.4kB, biggest=108.0kB) | arena=0.9kB | V_bus=5.128V I_bus=63.4mA P_bus=325.1mW E_total_accum=73.487mWh
12:46:23.727 > [BENCH] IDLE | t_inference_us=0 | heap=37.2kB/282.0kB (min=239.4kB, biggest=108.0kB) | arena=0.9kB | V_bus=5.128V I_bus=64.5mA P_bus=331.0mW E_total_accum=73.672mWh
12:46:25.745 > [BENCH] IDLE | t_inference_us=0 | heap=37.2kB/282.0kB (min=239.4kB, biggest=108.0kB) | arena=0.9kB | V_bus=5.132V I_bus=62.8mA P_bus=322.3mW E_total_accum=73.853mWh
12:46:27.763 > [BENCH] IDLE | t_inference_us=0 | heap=37.2kB/282.0kB (min=239.4kB, biggest=108.0kB) | arena=0.9kB | V_bus=5.132V I_bus=61.4mA P_bus=314.9mW E_total_accum=74.029mWh
12:46:29.763 > [BENCH] IDLE | t_inference_us=0 | heap=37.2kB/282.0kB (min=239.4kB, biggest=108.0kB) | arena=0.9kB | V_bus=5.132V I_bus=60.2mA P_bus=309.0mW E_total_accum=74.202mWh
12:46:31.791 > [BENCH] IDLE | t_inference_us=0 | heap=37.2kB/282.0kB (min=239.4kB, biggest=108.0kB) | arena=0.9kB | V_bus=5.132V I_bus=59.4mA P_bus=304.9mW E_total_accum=74.372mWh
12:46:33.795 > [BENCH] IDLE | t_inference_us=0 | heap=37.2kB/282.0kB (min=239.4kB, biggest=108.0kB) | arena=0.9kB | V_bus=5.132V I_bus=58.6mA P_bus=300.9mW E_total_accum=74.541mWh
12:46:35.810 > [BENCH] IDLE | t_inference_us=0 | heap=37.2kB/282.0kB (min=239.4kB, biggest=108.0kB) | arena=0.9kB | V_bus=5.128V I_bus=58.1mA P_bus=297.9mW E_total_accum=74.707mWh
12:46:37.827 > [BENCH] IDLE | t_inference_us=0 | heap=37.2kB/282.0kB (min=239.4kB, biggest=108.0kB) | arena=0.9kB | V_bus=5.132V I_bus=57.8mA P_bus=296.5mW E_total_accum=74.873mWh
12:46:39.845 > [BENCH] IDLE | t_inference_us=0 | heap=37.2kB/282.0kB (min=239.4kB, biggest=108.0kB) | arena=0.9kB | V_bus=5.128V I_bus=57.9mA P_bus=296.8mW E_total_accum=75.039mWh
12:46:41.861 > [BENCH] IDLE | t_inference_us=0 | heap=37.2kB/282.0kB (min=239.4kB, biggest=108.0kB) | arena=0.9kB | V_bus=5.128V I_bus=58.3mA P_bus=299.3mW E_total_accum=75.207mWh
12:46:43.875 > [BENCH] IDLE | t_inference_us=0 | heap=37.2kB/282.0kB (min=239.4kB, biggest=108.0kB) | arena=0.9kB | V_bus=5.132V I_bus=59.3mA P_bus=304.4mW E_total_accum=75.377mWh
12:46:45.875 > [BENCH] IDLE | t_inference_us=0 | heap=37.2kB/282.0kB (min=239.4kB, biggest=108.0kB) | arena=0.9kB | V_bus=5.132V I_bus=60.7mA P_bus=311.6mW E_total_accum=75.551mWh
12:46:47.892 > [BENCH] IDLE | t_inference_us=0 | heap=37.2kB/282.0kB (min=239.4kB, biggest=108.0kB) | arena=0.9kB | V_bus=5.132V I_bus=62.4mA P_bus=320.1mW E_total_accum=75.730mWh
12:46:49.909 > [BENCH] IDLE | t_inference_us=0 | heap=37.2kB/282.0kB (min=239.4kB, biggest=108.0kB) | arena=0.9kB | V_bus=5.128V I_bus=61.0mA P_bus=313.2mW E_total_accum=75.905mWh
12:46:51.918 > [BENCH] IDLE | t_inference_us=0 | heap=37.2kB/282.0kB (min=239.4kB, biggest=108.0kB) | arena=0.9kB | V_bus=5.128V I_bus=61.3mA P_bus=314.2mW E_total_accum=76.080mWh
12:46:53.922 > [BENCH] IDLE | t_inference_us=0 | heap=37.2kB/282.0kB (min=239.4kB, biggest=108.0kB) | arena=0.9kB | V_bus=5.132V I_bus=62.1mA P_bus=318.8mW E_total_accum=76.259mWh
12:46:55.940 > [BENCH] IDLE | t_inference_us=0 | heap=37.2kB/282.0kB (min=239.4kB, biggest=108.0kB) | arena=0.9kB | V_bus=5.132V I_bus=63.6mA P_bus=326.1mW E_total_accum=76.441mWh
12:46:57.957 > [BENCH] IDLE | t_inference_us=0 | heap=37.2kB/282.0kB (min=239.4kB, biggest=108.0kB) | arena=0.9kB | V_bus=5.128V I_bus=62.1mA P_bus=318.5mW E_total_accum=76.619mWh
12:46:59.974 > [BENCH] IDLE | t_inference_us=0 | heap=37.2kB/282.0kB (min=239.4kB, biggest=108.0kB) | arena=0.9kB | V_bus=5.128V I_bus=60.9mA P_bus=312.7mW E_total_accum=76.794mWh
12:47:01.987 > [BENCH] IDLE | t_inference_us=0 | heap=37.2kB/282.0kB (min=239.4kB, biggest=108.0kB) | arena=0.9kB | V_bus=5.132V I_bus=59.9mA P_bus=307.5mW E_total_accum=76.966mWh
12:47:03.987 > [BENCH] IDLE | t_inference_us=0 | heap=37.2kB/282.0kB (min=239.4kB, biggest=108.0kB) | arena=0.9kB | V_bus=5.132V I_bus=59.0mA P_bus=302.8mW E_total_accum=77.136mWh
12:47:06.005 > [BENCH] IDLE | t_inference_us=0 | heap=37.2kB/282.0kB (min=239.4kB, biggest=108.0kB) | arena=0.9kB | V_bus=5.128V I_bus=58.5mA P_bus=299.9mW E_total_accum=77.303mWh
12:47:08.021 > [BENCH] IDLE | t_inference_us=0 | heap=37.2kB/282.0kB (min=239.4kB, biggest=108.0kB) | arena=0.9kB | V_bus=5.128V I_bus=58.6mA P_bus=300.4mW E_total_accum=77.471mWh
12:47:10.039 > [BENCH] IDLE | t_inference_us=0 | heap=37.2kB/282.0kB (min=239.4kB, biggest=108.0kB) | arena=0.9kB | V_bus=5.132V I_bus=59.4mA P_bus=304.5mW E_total_accum=77.642mWh
12:47:12.057 > [BENCH] IDLE | t_inference_us=0 | heap=37.2kB/282.0kB (min=239.4kB, biggest=108.0kB) | arena=0.9kB | V_bus=5.128V I_bus=60.7mA P_bus=311.4mW E_total_accum=77.816mWh
12:47:14.068 > [BENCH] IDLE | t_inference_us=0 | heap=37.2kB/282.0kB (min=239.4kB, biggest=108.0kB) | arena=0.9kB | V_bus=5.132V I_bus=62.6mA P_bus=321.0mW E_total_accum=77.996mWh
12:47:16.080 > [BENCH] IDLE | t_inference_us=0 | heap=37.2kB/282.0kB (min=239.4kB, biggest=108.0kB) | arena=0.9kB | V_bus=5.132V I_bus=61.2mA P_bus=314.2mW E_total_accum=78.171mWh
12:47:16.204 > 
12:47:16.204 > [EVENT] type=HOUR  Tin=27.40 Hin=65.70 Tout=33.50 Hout=56.00
12:47:16.204 > [infer] warmup: window 14/24 - (Invoke NOT executed)
12:47:16.453 > [SENSORS] Health IN ok=423 err=0 reinit=0 pwr=0 | OUT ok=423 err=0 reinit=0 pwr=0
12:47:18.121 > [BENCH] IDLE | t_inference_us=0 | heap=37.2kB/282.0kB (min=239.4kB, biggest=108.0kB) | arena=0.9kB | V_bus=5.132V I_bus=61.7mA P_bus=316.3mW E_total_accum=78.350mWh
12:47:20.135 > [BENCH] IDLE | t_inference_us=0 | heap=37.2kB/282.0kB (min=239.4kB, biggest=108.0kB) | arena=0.9kB | V_bus=5.128V I_bus=60.5mA P_bus=310.5mW E_total_accum=78.524mWh
12:47:22.137 > [BENCH] IDLE | t_inference_us=0 | heap=37.2kB/282.0kB (min=239.4kB, biggest=108.0kB) | arena=0.9kB | V_bus=5.132V I_bus=59.6mA P_bus=305.7mW E_total_accum=78.695mWh
12:47:24.148 > [BENCH] IDLE | t_inference_us=0 | heap=37.2kB/282.0kB (min=239.4kB, biggest=108.0kB) | arena=0.9kB | V_bus=5.132V I_bus=58.8mA P_bus=301.5mW E_total_accum=78.864mWh
12:47:26.166 > [BENCH] IDLE | t_inference_us=0 | heap=37.2kB/282.0kB (min=239.4kB, biggest=108.0kB) | arena=0.9kB | V_bus=5.128V I_bus=58.5mA P_bus=300.1mW E_total_accum=79.032mWh
12:47:28.167 > [BENCH] IDLE | t_inference_us=0 | heap=37.2kB/282.0kB (min=239.4kB, biggest=108.0kB) | arena=0.9kB | V_bus=5.128V I_bus=58.0mA P_bus=297.5mW E_total_accum=79.197mWh
12:47:30.184 > [BENCH] IDLE | t_inference_us=0 | heap=37.2kB/282.0kB (min=239.4kB, biggest=108.0kB) | arena=0.9kB | V_bus=5.132V I_bus=57.6mA P_bus=295.3mW E_total_accum=79.362mWh
12:47:32.207 > [BENCH] IDLE | t_inference_us=0 | heap=37.2kB/282.0kB (min=239.4kB, biggest=108.0kB) | arena=0.9kB | V_bus=5.132V I_bus=57.6mA P_bus=295.6mW E_total_accum=79.528mWh
12:47:34.213 > [BENCH] IDLE | t_inference_us=0 | heap=37.2kB/282.0kB (min=239.4kB, biggest=108.0kB) | arena=0.9kB | V_bus=5.132V I_bus=58.4mA P_bus=299.7mW E_total_accum=79.695mWh
12:47:36.232 > [BENCH] IDLE | t_inference_us=0 | heap=37.2kB/282.0kB (min=239.4kB, biggest=108.0kB) | arena=0.9kB | V_bus=5.128V I_bus=60.0mA P_bus=308.0mW E_total_accum=79.868mWh
12:47:38.247 > [BENCH] IDLE | t_inference_us=0 | heap=37.2kB/282.0kB (min=239.4kB, biggest=108.0kB) | arena=0.9kB | V_bus=5.136V I_bus=59.2mA P_bus=303.8mW E_total_accum=80.038mWh
12:47:40.249 > [BENCH] IDLE | t_inference_us=0 | heap=37.2kB/282.0kB (min=239.4kB, biggest=108.0kB) | arena=0.9kB | V_bus=5.132V I_bus=58.5mA P_bus=300.4mW E_total_accum=80.206mWh
12:47:42.276 > [BENCH] IDLE | t_inference_us=0 | heap=37.2kB/282.0kB (min=239.4kB, biggest=108.0kB) | arena=0.9kB | V_bus=5.132V I_bus=58.0mA P_bus=297.4mW E_total_accum=80.372mWh
12:47:44.279 > [BENCH] IDLE | t_inference_us=0 | heap=37.2kB/282.0kB (min=239.4kB, biggest=108.0kB) | arena=0.9kB | V_bus=5.132V I_bus=57.6mA P_bus=295.7mW E_total_accum=80.538mWh
12:47:46.300 > [BENCH] IDLE | t_inference_us=0 | heap=37.2kB/282.0kB (min=239.4kB, biggest=108.0kB) | arena=0.9kB | V_bus=5.128V I_bus=58.0mA P_bus=297.5mW E_total_accum=80.704mWh
12:47:48.317 > [BENCH] IDLE | t_inference_us=0 | heap=37.2kB/282.0kB (min=239.4kB, biggest=108.0kB) | arena=0.9kB | V_bus=5.124V I_bus=59.5mA P_bus=305.2mW E_total_accum=80.875mWh
12:47:50.330 > [BENCH] IDLE | t_inference_us=0 | heap=37.2kB/282.0kB (min=239.4kB, biggest=108.0kB) | arena=0.9kB | V_bus=5.128V I_bus=61.5mA P_bus=315.6mW E_total_accum=81.051mWh
12:47:52.345 > [BENCH] IDLE | t_inference_us=0 | heap=37.2kB/282.0kB (min=239.4kB, biggest=108.0kB) | arena=0.9kB | V_bus=5.128V I_bus=60.4mA P_bus=309.8mW E_total_accum=81.225mWh
12:47:54.359 > [BENCH] IDLE | t_inference_us=0 | heap=37.2kB/282.0kB (min=239.4kB, biggest=108.0kB) | arena=0.9kB | V_bus=5.132V I_bus=59.5mA P_bus=305.0mW E_total_accum=81.395mWh
12:47:56.361 > [BENCH] IDLE | t_inference_us=0 | heap=37.2kB/282.0kB (min=239.4kB, biggest=108.0kB) | arena=0.9kB | V_bus=5.132V I_bus=58.8mA P_bus=301.6mW E_total_accum=81.564mWh
12:47:58.378 > [BENCH] IDLE | t_inference_us=0 | heap=37.2kB/282.0kB (min=239.4kB, biggest=108.0kB) | arena=0.9kB | V_bus=5.128V I_bus=58.9mA P_bus=302.4mW E_total_accum=81.733mWh
12:48:00.395 > [BENCH] IDLE | t_inference_us=0 | heap=37.2kB/282.0kB (min=239.4kB, biggest=108.0kB) | arena=0.9kB | V_bus=5.132V I_bus=60.3mA P_bus=309.4mW E_total_accum=81.906mWh
12:48:02.415 > [BENCH] IDLE | t_inference_us=0 | heap=37.2kB/282.0kB (min=239.4kB, biggest=108.0kB) | arena=0.9kB | V_bus=5.116V I_bus=60.3mA P_bus=309.3mW E_total_accum=82.079mWh
12:48:04.406 > [BENCH] IDLE | t_inference_us=0 | heap=37.2kB/282.0kB (min=239.4kB, biggest=108.0kB) | arena=0.9kB | V_bus=5.128V I_bus=61.1mA P_bus=313.3mW E_total_accum=82.253mWh
12:48:06.424 > [BENCH] IDLE | t_inference_us=0 | heap=37.2kB/282.0kB (min=239.4kB, biggest=108.0kB) | arena=0.9kB | V_bus=5.132V I_bus=62.8mA P_bus=322.2mW E_total_accum=82.434mWh
12:48:08.443 > [BENCH] IDLE | t_inference_us=0 | heap=37.2kB/282.0kB (min=239.4kB, biggest=108.0kB) | arena=0.9kB | V_bus=5.128V I_bus=61.5mA P_bus=315.2mW E_total_accum=82.610mWh
12:48:10.458 > [BENCH] IDLE | t_inference_us=0 | heap=37.2kB/282.0kB (min=239.4kB, biggest=108.0kB) | arena=0.9kB | V_bus=5.128V I_bus=60.3mA P_bus=309.0mW E_total_accum=82.783mWh
12:48:12.472 > [BENCH] IDLE | t_inference_us=0 | heap=37.2kB/282.0kB (min=239.4kB, biggest=108.0kB) | arena=0.9kB | V_bus=5.128V I_bus=59.7mA P_bus=306.3mW E_total_accum=82.954mWh
12:48:14.481 > [BENCH] IDLE | t_inference_us=0 | heap=37.2kB/282.0kB (min=239.4kB, biggest=108.0kB) | arena=0.9kB | V_bus=5.132V I_bus=60.2mA P_bus=308.6mW E_total_accum=83.127mWh
12:48:16.170 > 
12:48:16.170 > [EVENT] type=HOUR  Tin=28.00 Hin=64.50 Tout=33.40 Hout=56.20
12:48:16.182 > [infer] warmup: window 15/24 - (Invoke NOT executed)
12:48:16.475 > [SENSORS] Health IN ok=451 err=0 reinit=0 pwr=0 | OUT ok=451 err=0 reinit=0 pwr=0
12:48:17.691 > [BENCH] IDLE | t_inference_us=0 | heap=37.2kB/282.0kB (min=239.4kB, biggest=108.0kB) | arena=0.9kB | V_bus=5.132V I_bus=60.2mA P_bus=308.6mW E_total_accum=83.405mWh
12:48:19.707 > [BENCH] IDLE | t_inference_us=0 | heap=37.2kB/282.0kB (min=239.4kB, biggest=108.0kB) | arena=0.9kB | V_bus=5.128V I_bus=59.6mA P_bus=305.9mW E_total_accum=83.576mWh
12:48:21.706 > [BENCH] IDLE | t_inference_us=0 | heap=37.2kB/282.0kB (min=239.4kB, biggest=108.0kB) | arena=0.9kB | V_bus=5.132V I_bus=60.5mA P_bus=310.2mW E_total_accum=83.749mWh
12:48:23.724 > [BENCH] IDLE | t_inference_us=0 | heap=37.2kB/282.0kB (min=239.4kB, biggest=108.0kB) | arena=0.9kB | V_bus=5.116V I_bus=60.5mA P_bus=310.1mW E_total_accum=83.923mWh
12:48:25.737 > [BENCH] IDLE | t_inference_us=0 | heap=37.2kB/282.0kB (min=239.4kB, biggest=108.0kB) | arena=0.9kB | V_bus=5.132V I_bus=61.2mA P_bus=314.1mW E_total_accum=84.098mWh
12:48:27.738 > [BENCH] IDLE | t_inference_us=0 | heap=37.2kB/282.0kB (min=239.4kB, biggest=108.0kB) | arena=0.9kB | V_bus=5.128V I_bus=62.9mA P_bus=322.7mW E_total_accum=84.278mWh
12:48:29.766 > [BENCH] IDLE | t_inference_us=0 | heap=37.2kB/282.0kB (min=239.4kB, biggest=108.0kB) | arena=0.9kB | V_bus=5.132V I_bus=61.6mA P_bus=315.8mW E_total_accum=84.455mWh
12:48:31.779 > [BENCH] IDLE | t_inference_us=0 | heap=37.2kB/282.0kB (min=239.4kB, biggest=108.0kB) | arena=0.9kB | V_bus=5.132V I_bus=60.4mA P_bus=309.7mW E_total_accum=84.628mWh
12:48:33.789 > [BENCH] IDLE | t_inference_us=0 | heap=37.2kB/282.0kB (min=239.4kB, biggest=108.0kB) | arena=0.9kB | V_bus=5.132V I_bus=60.1mA P_bus=308.2mW E_total_accum=84.800mWh
12:48:35.807 > [BENCH] IDLE | t_inference_us=0 | heap=37.2kB/282.0kB (min=239.4kB, biggest=108.0kB) | arena=0.9kB | V_bus=5.132V I_bus=61.3mA P_bus=314.3mW E_total_accum=84.976mWh
12:48:37.819 > [BENCH] IDLE | t_inference_us=0 | heap=37.2kB/282.0kB (min=239.4kB, biggest=108.0kB) | arena=0.9kB | V_bus=5.128V I_bus=60.3mA P_bus=309.2mW E_total_accum=85.149mWh
12:48:39.835 > [BENCH] IDLE | t_inference_us=0 | heap=37.2kB/282.0kB (min=239.4kB, biggest=108.0kB) | arena=0.9kB | V_bus=5.132V I_bus=59.5mA P_bus=305.1mW E_total_accum=85.320mWh
12:48:41.837 > [BENCH] IDLE | t_inference_us=0 | heap=37.2kB/282.0kB (min=239.4kB, biggest=108.0kB) | arena=0.9kB | V_bus=5.128V I_bus=58.8mA P_bus=301.8mW E_total_accum=85.489mWh
12:48:43.863 > [BENCH] IDLE | t_inference_us=0 | heap=37.2kB/282.0kB (min=239.4kB, biggest=108.0kB) | arena=0.9kB | V_bus=5.132V I_bus=59.3mA P_bus=304.2mW E_total_accum=85.659mWh
12:48:45.877 > [BENCH] IDLE | t_inference_us=0 | heap=37.2kB/282.0kB (min=239.4kB, biggest=108.0kB) | arena=0.9kB | V_bus=5.132V I_bus=61.4mA P_bus=315.0mW E_total_accum=85.835mWh
12:48:47.884 > [BENCH] IDLE | t_inference_us=0 | heap=37.2kB/282.0kB (min=239.4kB, biggest=108.0kB) | arena=0.9kB | V_bus=5.128V I_bus=60.4mA P_bus=309.8mW E_total_accum=86.009mWh
12:48:49.901 > [BENCH] IDLE | t_inference_us=0 | heap=37.2kB/282.0kB (min=239.4kB, biggest=108.0kB) | arena=0.9kB | V_bus=5.132V I_bus=59.5mA P_bus=305.5mW E_total_accum=86.179mWh
12:48:51.919 > [BENCH] IDLE | t_inference_us=0 | heap=37.2kB/282.0kB (min=239.4kB, biggest=108.0kB) | arena=0.9kB | V_bus=5.128V I_bus=59.4mA P_bus=304.9mW E_total_accum=86.350mWh
12:48:53.929 > [BENCH] IDLE | t_inference_us=0 | heap=37.2kB/282.0kB (min=239.4kB, biggest=108.0kB) | arena=0.9kB | V_bus=5.132V I_bus=60.9mA P_bus=312.6mW E_total_accum=86.525mWh
12:48:55.947 > [BENCH] IDLE | t_inference_us=0 | heap=37.2kB/282.0kB (min=239.4kB, biggest=108.0kB) | arena=0.9kB | V_bus=5.128V I_bus=60.0mA P_bus=308.0mW E_total_accum=86.697mWh
12:48:57.948 > [BENCH] IDLE | t_inference_us=0 | heap=37.2kB/282.0kB (min=239.4kB, biggest=108.0kB) | arena=0.9kB | V_bus=5.132V I_bus=59.2mA P_bus=303.8mW E_total_accum=86.867mWh
12:48:59.964 > [BENCH] IDLE | t_inference_us=0 | heap=37.2kB/282.0kB (min=239.4kB, biggest=108.0kB) | arena=0.9kB | V_bus=5.112V I_bus=59.2mA P_bus=303.6mW E_total_accum=87.036mWh
12:49:01.977 > [BENCH] IDLE | t_inference_us=0 | heap=37.2kB/282.0kB (min=239.4kB, biggest=108.0kB) | arena=0.9kB | V_bus=5.132V I_bus=58.6mA P_bus=300.5mW E_total_accum=87.204mWh
12:49:03.983 > [BENCH] IDLE | t_inference_us=0 | heap=37.2kB/282.0kB (min=239.4kB, biggest=108.0kB) | arena=0.9kB | V_bus=5.128V I_bus=58.9mA P_bus=302.3mW E_total_accum=87.373mWh
12:49:06.005 > [BENCH] IDLE | t_inference_us=0 | heap=37.2kB/282.0kB (min=239.4kB, biggest=108.0kB) | arena=0.9kB | V_bus=5.132V I_bus=61.0mA P_bus=313.0mW E_total_accum=87.548mWh
12:49:08.012 > [BENCH] IDLE | t_inference_us=0 | heap=37.2kB/282.0kB (min=239.4kB, biggest=108.0kB) | arena=0.9kB | V_bus=5.128V I_bus=60.1mA P_bus=308.4mW E_total_accum=87.721mWh
12:49:10.030 > [BENCH] IDLE | t_inference_us=0 | heap=37.2kB/282.0kB (min=239.4kB, biggest=108.0kB) | arena=0.9kB | V_bus=5.132V I_bus=59.3mA P_bus=304.2mW E_total_accum=87.891mWh
12:49:12.047 > [BENCH] IDLE | t_inference_us=0 | heap=37.2kB/282.0kB (min=239.4kB, biggest=108.0kB) | arena=0.9kB | V_bus=5.128V I_bus=59.7mA P_bus=306.1mW E_total_accum=88.062mWh
12:49:14.048 > [BENCH] IDLE | t_inference_us=0 | heap=37.2kB/282.0kB (min=239.4kB, biggest=108.0kB) | arena=0.9kB | V_bus=5.132V I_bus=61.7mA P_bus=316.4mW E_total_accum=88.239mWh
12:49:16.063 > [BENCH] IDLE | t_inference_us=0 | heap=37.2kB/282.0kB (min=239.4kB, biggest=108.0kB) | arena=0.9kB | V_bus=5.132V I_bus=60.6mA P_bus=310.7mW E_total_accum=88.413mWh
12:49:16.193 > 
12:49:16.209 > [EVENT] type=HOUR  Tin=28.30 Hin=63.02 Tout=33.60 Hout=56.20
12:49:16.209 > [infer] warmup: window 16/24 - (Invoke NOT executed)
12:49:16.495 > [SENSORS] Health IN ok=479 err=0 reinit=0 pwr=0 | OUT ok=479 err=0 reinit=0 pwr=0
12:49:18.111 > [BENCH] IDLE | t_inference_us=0 | heap=37.2kB/282.0kB (min=239.4kB, biggest=108.0kB) | arena=0.9kB | V_bus=5.132V I_bus=61.0mA P_bus=312.7mW E_total_accum=88.590mWh
12:49:20.111 > [BENCH] IDLE | t_inference_us=0 | heap=37.2kB/282.0kB (min=239.4kB, biggest=108.0kB) | arena=0.9kB | V_bus=5.132V I_bus=60.1mA P_bus=308.4mW E_total_accum=88.763mWh
12:49:22.127 > [BENCH] IDLE | t_inference_us=0 | heap=37.2kB/282.0kB (min=239.4kB, biggest=108.0kB) | arena=0.9kB | V_bus=5.132V I_bus=61.1mA P_bus=313.3mW E_total_accum=88.938mWh
12:49:24.145 > [BENCH] IDLE | t_inference_us=0 | heap=37.2kB/282.0kB (min=239.4kB, biggest=108.0kB) | arena=0.9kB | V_bus=5.128V I_bus=60.2mA P_bus=308.6mW E_total_accum=89.111mWh
12:49:26.162 > [BENCH] IDLE | t_inference_us=0 | heap=37.2kB/282.0kB (min=239.4kB, biggest=108.0kB) | arena=0.9kB | V_bus=5.128V I_bus=59.4mA P_bus=304.6mW E_total_accum=89.281mWh
12:49:28.175 > [BENCH] IDLE | t_inference_us=0 | heap=37.2kB/282.0kB (min=239.4kB, biggest=108.0kB) | arena=0.9kB | V_bus=5.132V I_bus=59.1mA P_bus=303.3mW E_total_accum=89.451mWh
12:49:30.192 > [BENCH] IDLE | t_inference_us=0 | heap=37.2kB/282.0kB (min=239.4kB, biggest=108.0kB) | arena=0.9kB | V_bus=5.128V I_bus=60.6mA P_bus=311.1mW E_total_accum=89.625mWh
12:49:32.193 > [BENCH] IDLE | t_inference_us=0 | heap=37.2kB/282.0kB (min=239.4kB, biggest=108.0kB) | arena=0.9kB | V_bus=5.128V I_bus=59.8mA P_bus=306.8mW E_total_accum=89.796mWh
12:49:34.222 > [BENCH] IDLE | t_inference_us=0 | heap=37.2kB/282.0kB (min=239.4kB, biggest=108.0kB) | arena=0.9kB | V_bus=5.132V I_bus=59.1mA P_bus=303.0mW E_total_accum=89.966mWh
12:49:36.228 > [BENCH] IDLE | t_inference_us=0 | heap=37.2kB/282.0kB (min=239.4kB, biggest=108.0kB) | arena=0.9kB | V_bus=5.112V I_bus=61.5mA P_bus=315.1mW E_total_accum=90.142mWh
12:49:38.223 > [BENCH] IDLE | t_inference_us=0 | heap=37.2kB/282.0kB (min=239.4kB, biggest=108.0kB) | arena=0.9kB | V_bus=5.128V I_bus=61.0mA P_bus=312.5mW E_total_accum=90.316mWh
12:49:40.242 > [BENCH] IDLE | t_inference_us=0 | heap=37.2kB/282.0kB (min=239.4kB, biggest=108.0kB) | arena=0.9kB | V_bus=5.132V I_bus=62.0mA P_bus=318.1mW E_total_accum=90.494mWh
12:49:42.258 > [BENCH] IDLE | t_inference_us=0 | heap=37.2kB/282.0kB (min=239.4kB, biggest=108.0kB) | arena=0.9kB | V_bus=5.128V I_bus=60.9mA P_bus=312.3mW E_total_accum=90.669mWh
12:49:44.271 > [BENCH] IDLE | t_inference_us=0 | heap=37.2kB/282.0kB (min=239.4kB, biggest=108.0kB) | arena=0.9kB | V_bus=5.128V I_bus=59.9mA P_bus=307.2mW E_total_accum=90.841mWh
12:49:46.293 > [BENCH] IDLE | t_inference_us=0 | heap=37.2kB/282.0kB (min=239.4kB, biggest=108.0kB) | arena=0.9kB | V_bus=5.132V I_bus=61.0mA P_bus=312.8mW E_total_accum=91.016mWh
12:49:48.302 > [BENCH] IDLE | t_inference_us=0 | heap=37.2kB/282.0kB (min=239.4kB, biggest=108.0kB) | arena=0.9kB | V_bus=5.124V I_bus=60.0mA P_bus=307.8mW E_total_accum=91.188mWh
12:49:50.318 > [BENCH] IDLE | t_inference_us=0 | heap=37.2kB/282.0kB (min=239.4kB, biggest=108.0kB) | arena=0.9kB | V_bus=5.128V I_bus=59.1mA P_bus=303.3mW E_total_accum=91.357mWh
12:49:52.333 > [BENCH] IDLE | t_inference_us=0 | heap=37.2kB/282.0kB (min=239.4kB, biggest=108.0kB) | arena=0.9kB | V_bus=5.124V I_bus=60.5mA P_bus=310.2mW E_total_accum=91.531mWh
12:49:54.335 > [BENCH] IDLE | t_inference_us=0 | heap=37.2kB/282.0kB (min=239.4kB, biggest=108.0kB) | arena=0.9kB | V_bus=5.128V I_bus=59.7mA P_bus=306.2mW E_total_accum=91.702mWh
12:49:56.362 > [BENCH] IDLE | t_inference_us=0 | heap=37.2kB/282.0kB (min=239.4kB, biggest=108.0kB) | arena=0.9kB | V_bus=5.128V I_bus=59.7mA P_bus=306.0mW E_total_accum=91.873mWh
12:49:58.371 > [BENCH] IDLE | t_inference_us=0 | heap=37.2kB/282.0kB (min=239.4kB, biggest=108.0kB) | arena=0.9kB | V_bus=5.128V I_bus=59.0mA P_bus=302.4mW E_total_accum=92.043mWh
12:50:00.388 > [BENCH] IDLE | t_inference_us=0 | heap=37.2kB/282.0kB (min=239.4kB, biggest=108.0kB) | arena=0.9kB | V_bus=5.124V I_bus=58.3mA P_bus=299.0mW E_total_accum=92.210mWh
12:50:02.395 > [BENCH] IDLE | t_inference_us=0 | heap=37.2kB/282.0kB (min=239.4kB, biggest=108.0kB) | arena=0.9kB | V_bus=5.128V I_bus=60.5mA P_bus=310.2mW E_total_accum=92.383mWh
12:50:04.417 > [BENCH] IDLE | t_inference_us=0 | heap=37.2kB/282.0kB (min=239.4kB, biggest=108.0kB) | arena=0.9kB | V_bus=5.124V I_bus=59.6mA P_bus=305.6mW E_total_accum=92.554mWh
12:50:06.431 > [BENCH] IDLE | t_inference_us=0 | heap=37.2kB/282.0kB (min=239.4kB, biggest=108.0kB) | arena=0.9kB | V_bus=5.128V I_bus=61.3mA P_bus=314.0mW E_total_accum=92.730mWh
12:50:08.437 > [BENCH] IDLE | t_inference_us=0 | heap=37.2kB/282.0kB (min=239.4kB, biggest=108.0kB) | arena=0.9kB | V_bus=5.124V I_bus=60.2mA P_bus=308.7mW E_total_accum=92.903mWh
12:50:10.455 > [BENCH] IDLE | t_inference_us=0 | heap=37.2kB/282.0kB (min=239.4kB, biggest=108.0kB) | arena=0.9kB | V_bus=5.120V I_bus=61.3mA P_bus=314.3mW E_total_accum=93.079mWh
12:50:12.460 > [BENCH] IDLE | t_inference_us=0 | heap=37.2kB/282.0kB (min=239.4kB, biggest=108.0kB) | arena=0.9kB | V_bus=5.128V I_bus=62.5mA P_bus=320.1mW E_total_accum=93.257mWh
12:50:14.474 > [BENCH] IDLE | t_inference_us=0 | heap=37.2kB/282.0kB (min=239.4kB, biggest=108.0kB) | arena=0.9kB | V_bus=5.124V I_bus=61.1mA P_bus=313.2mW E_total_accum=93.432mWh
12:50:16.166 > 
12:50:16.166 > [EVENT] type=HOUR  Tin=28.70 Hin=62.50 Tout=34.10 Hout=55.00
12:50:16.166 > [infer] warmup: window 17/24 - (Invoke NOT executed)
12:50:16.509 > [SENSORS] Health IN ok=507 err=0 reinit=0 pwr=0 | OUT ok=507 err=0 reinit=0 pwr=0
12:50:17.684 > [BENCH] IDLE | t_inference_us=0 | heap=37.2kB/282.0kB (min=239.4kB, biggest=108.0kB) | arena=0.9kB | V_bus=5.124V I_bus=61.0mA P_bus=312.5mW E_total_accum=93.713mWh
12:50:19.697 > [BENCH] IDLE | t_inference_us=0 | heap=37.2kB/282.0kB (min=239.4kB, biggest=108.0kB) | arena=0.9kB | V_bus=5.124V I_bus=62.2mA P_bus=318.7mW E_total_accum=93.892mWh
12:50:21.710 > [BENCH] IDLE | t_inference_us=0 | heap=37.2kB/282.0kB (min=239.4kB, biggest=108.0kB) | arena=0.9kB | V_bus=5.128V I_bus=60.9mA P_bus=312.1mW E_total_accum=94.066mWh
12:50:23.717 > [BENCH] IDLE | t_inference_us=0 | heap=37.2kB/282.0kB (min=239.4kB, biggest=108.0kB) | arena=0.9kB | V_bus=5.124V I_bus=61.8mA P_bus=316.9mW E_total_accum=94.243mWh
12:50:25.734 > [BENCH] IDLE | t_inference_us=0 | heap=37.2kB/282.0kB (min=239.4kB, biggest=108.0kB) | arena=0.9kB | V_bus=5.124V I_bus=60.8mA P_bus=311.3mW E_total_accum=94.418mWh
12:50:27.753 > [BENCH] IDLE | t_inference_us=0 | heap=37.2kB/282.0kB (min=239.4kB, biggest=108.0kB) | arena=0.9kB | V_bus=5.124V I_bus=61.4mA P_bus=314.9mW E_total_accum=94.594mWh
12:50:29.766 > [BENCH] IDLE | t_inference_us=0 | heap=37.2kB/282.0kB (min=239.4kB, biggest=108.0kB) | arena=0.9kB | V_bus=5.124V I_bus=60.5mA P_bus=309.8mW E_total_accum=94.767mWh
12:50:31.779 > [BENCH] IDLE | t_inference_us=0 | heap=37.2kB/282.0kB (min=239.4kB, biggest=108.0kB) | arena=0.9kB | V_bus=5.124V I_bus=61.0mA P_bus=312.8mW E_total_accum=94.942mWh
12:50:33.777 > [BENCH] IDLE | t_inference_us=0 | heap=37.2kB/282.0kB (min=239.4kB, biggest=108.0kB) | arena=0.9kB | V_bus=5.128V I_bus=62.1mA P_bus=318.1mW E_total_accum=95.119mWh
12:50:35.793 > [BENCH] IDLE | t_inference_us=0 | heap=37.2kB/282.0kB (min=239.4kB, biggest=108.0kB) | arena=0.9kB | V_bus=5.128V I_bus=60.8mA P_bus=311.7mW E_total_accum=95.293mWh
12:50:37.809 > [BENCH] IDLE | t_inference_us=0 | heap=37.2kB/282.0kB (min=239.4kB, biggest=108.0kB) | arena=0.9kB | V_bus=5.124V I_bus=61.9mA P_bus=317.2mW E_total_accum=95.471mWh
12:50:39.825 > [BENCH] IDLE | t_inference_us=0 | heap=37.2kB/282.0kB (min=239.4kB, biggest=108.0kB) | arena=0.9kB | V_bus=5.124V I_bus=60.8mA P_bus=311.4mW E_total_accum=95.645mWh
12:50:41.825 > [BENCH] IDLE | t_inference_us=0 | heap=37.2kB/282.0kB (min=239.4kB, biggest=108.0kB) | arena=0.9kB | V_bus=5.124V I_bus=61.8mA P_bus=316.8mW E_total_accum=95.822mWh
12:50:43.840 > [BENCH] IDLE | t_inference_us=0 | heap=37.2kB/282.0kB (min=239.4kB, biggest=108.0kB) | arena=0.9kB | V_bus=5.128V I_bus=60.6mA P_bus=310.7mW E_total_accum=95.996mWh
12:50:45.861 > [BENCH] IDLE | t_inference_us=0 | heap=37.2kB/282.0kB (min=239.4kB, biggest=108.0kB) | arena=0.9kB | V_bus=5.124V I_bus=61.6mA P_bus=315.6mW E_total_accum=96.173mWh
12:50:47.881 > [BENCH] IDLE | t_inference_us=0 | heap=37.2kB/282.0kB (min=239.4kB, biggest=108.0kB) | arena=0.9kB | V_bus=5.124V I_bus=60.6mA P_bus=310.4mW E_total_accum=96.346mWh
12:50:49.894 > [BENCH] IDLE | t_inference_us=0 | heap=37.2kB/282.0kB (min=239.4kB, biggest=108.0kB) | arena=0.9kB | V_bus=5.124V I_bus=61.5mA P_bus=315.3mW E_total_accum=96.523mWh
12:50:51.893 > [BENCH] IDLE | t_inference_us=0 | heap=37.2kB/282.0kB (min=239.4kB, biggest=108.0kB) | arena=0.9kB | V_bus=5.124V I_bus=60.5mA P_bus=310.2mW E_total_accum=96.696mWh
12:50:53.920 > [BENCH] IDLE | t_inference_us=0 | heap=37.2kB/282.0kB (min=239.4kB, biggest=108.0kB) | arena=0.9kB | V_bus=5.124V I_bus=61.6mA P_bus=315.7mW E_total_accum=96.873mWh
12:50:55.932 > [BENCH] IDLE | t_inference_us=0 | heap=37.2kB/282.0kB (min=239.4kB, biggest=108.0kB) | arena=0.9kB | V_bus=5.124V I_bus=60.4mA P_bus=309.7mW E_total_accum=97.046mWh
12:50:57.943 > [BENCH] IDLE | t_inference_us=0 | heap=37.2kB/282.0kB (min=239.4kB, biggest=108.0kB) | arena=0.9kB | V_bus=5.124V I_bus=61.9mA P_bus=317.0mW E_total_accum=97.223mWh
12:50:59.963 > [BENCH] IDLE | t_inference_us=0 | heap=37.2kB/282.0kB (min=239.4kB, biggest=108.0kB) | arena=0.9kB | V_bus=5.124V I_bus=60.7mA P_bus=311.1mW E_total_accum=97.397mWh
12:51:01.967 > [BENCH] IDLE | t_inference_us=0 | heap=37.2kB/282.0kB (min=239.4kB, biggest=108.0kB) | arena=0.9kB | V_bus=5.124V I_bus=62.5mA P_bus=320.4mW E_total_accum=97.577mWh
12:51:03.989 > [BENCH] IDLE | t_inference_us=0 | heap=37.2kB/282.0kB (min=239.4kB, biggest=108.0kB) | arena=0.9kB | V_bus=5.124V I_bus=61.2mA P_bus=313.5mW E_total_accum=97.752mWh
12:51:06.003 > [BENCH] IDLE | t_inference_us=0 | heap=37.2kB/282.0kB (min=239.4kB, biggest=108.0kB) | arena=0.9kB | V_bus=5.124V I_bus=62.9mA P_bus=322.6mW E_total_accum=97.933mWh
12:51:08.017 > [BENCH] IDLE | t_inference_us=0 | heap=37.2kB/282.0kB (min=239.4kB, biggest=108.0kB) | arena=0.9kB | V_bus=5.108V I_bus=65.1mA P_bus=333.4mW E_total_accum=98.119mWh
12:51:10.021 > [BENCH] IDLE | t_inference_us=0 | heap=37.2kB/282.0kB (min=239.4kB, biggest=108.0kB) | arena=0.9kB | V_bus=5.124V I_bus=64.0mA P_bus=327.8mW E_total_accum=98.301mWh
12:51:12.020 > [BENCH] IDLE | t_inference_us=0 | heap=37.2kB/282.0kB (min=239.4kB, biggest=108.0kB) | arena=0.9kB | V_bus=5.120V I_bus=62.6mA P_bus=320.3mW E_total_accum=98.481mWh
12:51:14.048 > [BENCH] IDLE | t_inference_us=0 | heap=37.2kB/282.0kB (min=239.4kB, biggest=108.0kB) | arena=0.9kB | V_bus=5.108V I_bus=62.9mA P_bus=322.1mW E_total_accum=98.661mWh
12:51:16.062 > [BENCH] IDLE | t_inference_us=0 | heap=37.2kB/282.0kB (min=239.4kB, biggest=108.0kB) | arena=0.9kB | V_bus=5.116V I_bus=62.0mA P_bus=317.4mW E_total_accum=98.838mWh
12:51:16.175 > 
12:51:16.175 > [EVENT] type=HOUR  Tin=28.90 Hin=62.00 Tout=34.20 Hout=54.90
12:51:16.175 > [infer] warmup: window 18/24 - (Invoke NOT executed)
12:51:16.537 > [SENSORS] Health IN ok=536 err=0 reinit=0 pwr=0 | OUT ok=536 err=0 reinit=0 pwr=0
12:51:18.094 > [BENCH] IDLE | t_inference_us=0 | heap=37.2kB/282.0kB (min=239.4kB, biggest=108.0kB) | arena=0.9kB | V_bus=5.116V I_bus=61.1mA P_bus=312.5mW E_total_accum=99.015mWh
12:51:20.112 > [BENCH] IDLE | t_inference_us=0 | heap=37.2kB/282.0kB (min=239.4kB, biggest=108.0kB) | arena=0.9kB | V_bus=5.108V I_bus=62.8mA P_bus=321.0mW E_total_accum=99.195mWh
12:51:22.118 > [BENCH] IDLE | t_inference_us=0 | heap=37.2kB/282.0kB (min=239.4kB, biggest=108.0kB) | arena=0.9kB | V_bus=5.112V I_bus=63.7mA P_bus=325.6mW E_total_accum=99.377mWh
12:51:24.131 > [BENCH] IDLE | t_inference_us=0 | heap=37.2kB/282.0kB (min=239.4kB, biggest=108.0kB) | arena=0.9kB | V_bus=5.112V I_bus=63.1mA P_bus=322.4mW E_total_accum=99.557mWh
12:51:26.151 > [BENCH] IDLE | t_inference_us=0 | heap=37.2kB/282.0kB (min=239.4kB, biggest=108.0kB) | arena=0.9kB | V_bus=5.104V I_bus=62.2mA P_bus=317.9mW E_total_accum=99.735mWh
12:51:28.165 > [BENCH] IDLE | t_inference_us=0 | heap=37.2kB/282.0kB (min=239.4kB, biggest=108.0kB) | arena=0.9kB | V_bus=5.120V I_bus=60.9mA P_bus=311.3mW E_total_accum=99.909mWh
12:51:30.181 > [BENCH] IDLE | t_inference_us=0 | heap=37.2kB/282.0kB (min=239.4kB, biggest=108.0kB) | arena=0.9kB | V_bus=5.116V I_bus=60.1mA P_bus=307.3mW E_total_accum=100.081mWh
12:51:32.181 > [BENCH] IDLE | t_inference_us=0 | heap=37.2kB/282.0kB (min=239.4kB, biggest=108.0kB) | arena=0.9kB | V_bus=5.120V I_bus=62.0mA P_bus=316.9mW E_total_accum=100.259mWh
12:51:34.210 > [BENCH] IDLE | t_inference_us=0 | heap=37.2kB/282.0kB (min=239.4kB, biggest=108.0kB) | arena=0.9kB | V_bus=5.120V I_bus=61.4mA P_bus=314.0mW E_total_accum=100.434mWh
12:51:36.211 > [BENCH] IDLE | t_inference_us=0 | heap=37.2kB/282.0kB (min=239.4kB, biggest=108.0kB) | arena=0.9kB | V_bus=5.116V I_bus=60.4mA P_bus=308.9mW E_total_accum=100.607mWh
12:51:38.237 > [BENCH] IDLE | t_inference_us=0 | heap=37.2kB/282.0kB (min=239.4kB, biggest=108.0kB) | arena=0.9kB | V_bus=5.124V I_bus=60.9mA P_bus=311.7mW E_total_accum=100.782mWh
12:51:40.252 > [BENCH] IDLE | t_inference_us=0 | heap=37.2kB/282.0kB (min=239.4kB, biggest=108.0kB) | arena=0.9kB | V_bus=5.124V I_bus=60.1mA P_bus=307.5mW E_total_accum=100.954mWh
12:51:42.254 > [BENCH] IDLE | t_inference_us=0 | heap=37.2kB/282.0kB (min=239.4kB, biggest=108.0kB) | arena=0.9kB | V_bus=5.124V I_bus=61.4mA P_bus=314.1mW E_total_accum=101.129mWh
12:51:44.272 > [BENCH] IDLE | t_inference_us=0 | heap=37.2kB/282.0kB (min=239.4kB, biggest=108.0kB) | arena=0.9kB | V_bus=5.108V I_bus=61.4mA P_bus=314.0mW E_total_accum=101.305mWh
12:51:46.279 > [BENCH] IDLE | t_inference_us=0 | heap=37.2kB/282.0kB (min=239.4kB, biggest=108.0kB) | arena=0.9kB | V_bus=5.120V I_bus=60.7mA P_bus=310.6mW E_total_accum=101.478mWh
12:51:48.289 > [BENCH] IDLE | t_inference_us=0 | heap=37.2kB/282.0kB (min=239.4kB, biggest=108.0kB) | arena=0.9kB | V_bus=5.120V I_bus=59.8mA P_bus=306.2mW E_total_accum=101.649mWh
12:51:50.310 > [BENCH] IDLE | t_inference_us=0 | heap=37.2kB/282.0kB (min=239.4kB, biggest=108.0kB) | arena=0.9kB | V_bus=5.124V I_bus=59.7mA P_bus=305.4mW E_total_accum=101.820mWh
12:51:52.318 > [BENCH] IDLE | t_inference_us=0 | heap=37.2kB/282.0kB (min=239.4kB, biggest=108.0kB) | arena=0.9kB | V_bus=5.124V I_bus=59.1mA P_bus=302.5mW E_total_accum=101.989mWh
12:51:54.324 > [BENCH] IDLE | t_inference_us=0 | heap=37.2kB/282.0kB (min=239.4kB, biggest=108.0kB) | arena=0.9kB | V_bus=5.124V I_bus=59.4mA P_bus=304.0mW E_total_accum=102.159mWh
12:51:56.344 > [BENCH] IDLE | t_inference_us=0 | heap=37.2kB/282.0kB (min=239.4kB, biggest=108.0kB) | arena=0.9kB | V_bus=5.124V I_bus=58.9mA P_bus=301.7mW E_total_accum=102.328mWh
12:51:58.350 > [BENCH] IDLE | t_inference_us=0 | heap=37.2kB/282.0kB (min=239.4kB, biggest=108.0kB) | arena=0.9kB | V_bus=5.124V I_bus=59.9mA P_bus=306.8mW E_total_accum=102.500mWh
12:52:00.379 > [BENCH] IDLE | t_inference_us=0 | heap=37.2kB/282.0kB (min=239.4kB, biggest=108.0kB) | arena=0.9kB | V_bus=5.124V I_bus=59.2mA P_bus=303.1mW E_total_accum=102.669mWh
12:52:02.388 > [BENCH] IDLE | t_inference_us=0 | heap=37.2kB/282.0kB (min=239.4kB, biggest=108.0kB) | arena=0.9kB | V_bus=5.124V I_bus=60.6mA P_bus=310.6mW E_total_accum=102.843mWh
12:52:04.407 > [BENCH] IDLE | t_inference_us=0 | heap=37.2kB/282.0kB (min=239.4kB, biggest=108.0kB) | arena=0.9kB | V_bus=5.124V I_bus=59.7mA P_bus=306.1mW E_total_accum=103.014mWh
12:52:06.417 > [BENCH] IDLE | t_inference_us=0 | heap=37.2kB/282.0kB (min=239.4kB, biggest=108.0kB) | arena=0.9kB | V_bus=5.124V I_bus=61.6mA P_bus=315.4mW E_total_accum=103.190mWh
12:52:08.435 > [BENCH] IDLE | t_inference_us=0 | heap=37.2kB/282.0kB (min=239.4kB, biggest=108.0kB) | arena=0.9kB | V_bus=5.124V I_bus=60.4mA P_bus=309.5mW E_total_accum=103.364mWh
12:52:10.434 > [BENCH] IDLE | t_inference_us=0 | heap=37.2kB/282.0kB (min=239.4kB, biggest=108.0kB) | arena=0.9kB | V_bus=5.128V I_bus=62.3mA P_bus=319.5mW E_total_accum=103.542mWh
12:52:12.462 > [BENCH] IDLE | t_inference_us=0 | heap=37.2kB/282.0kB (min=239.4kB, biggest=108.0kB) | arena=0.9kB | V_bus=5.128V I_bus=61.2mA P_bus=313.5mW E_total_accum=103.718mWh
12:52:14.463 > [BENCH] IDLE | t_inference_us=0 | heap=37.2kB/282.0kB (min=239.4kB, biggest=108.0kB) | arena=0.9kB | V_bus=5.128V I_bus=63.0mA P_bus=323.1mW E_total_accum=103.899mWh
12:52:16.186 > 
12:52:16.186 > [EVENT] type=HOUR  Tin=29.00 Hin=61.70 Tout=33.80 Hout=55.30
12:52:16.186 > [infer] warmup: window 19/24 - (Invoke NOT executed)
12:52:16.551 > [SENSORS] Health IN ok=564 err=0 reinit=0 pwr=0 | OUT ok=564 err=0 reinit=0 pwr=0
12:52:17.713 > [BENCH] IDLE | t_inference_us=0 | heap=37.2kB/282.0kB (min=239.4kB, biggest=108.0kB) | arena=0.9kB | V_bus=5.124V I_bus=61.0mA P_bus=312.6mW E_total_accum=104.182mWh
12:52:19.722 > [BENCH] IDLE | t_inference_us=0 | heap=37.2kB/282.0kB (min=239.4kB, biggest=108.0kB) | arena=0.9kB | V_bus=5.128V I_bus=60.5mA P_bus=309.9mW E_total_accum=104.356mWh
12:52:21.739 > [BENCH] IDLE | t_inference_us=0 | heap=37.2kB/282.0kB (min=239.4kB, biggest=108.0kB) | arena=0.9kB | V_bus=5.128V I_bus=59.7mA P_bus=305.8mW E_total_accum=104.527mWh
12:52:23.749 > [BENCH] IDLE | t_inference_us=0 | heap=37.2kB/282.0kB (min=239.4kB, biggest=108.0kB) | arena=0.9kB | V_bus=5.128V I_bus=59.4mA P_bus=304.4mW E_total_accum=104.697mWh
12:52:25.762 > [BENCH] IDLE | t_inference_us=0 | heap=37.2kB/282.0kB (min=239.4kB, biggest=108.0kB) | arena=0.9kB | V_bus=5.128V I_bus=58.9mA P_bus=301.8mW E_total_accum=104.866mWh
12:52:27.773 > [BENCH] IDLE | t_inference_us=0 | heap=37.2kB/282.0kB (min=239.4kB, biggest=108.0kB) | arena=0.9kB | V_bus=5.128V I_bus=58.7mA P_bus=300.8mW E_total_accum=105.034mWh
12:52:29.788 > [BENCH] IDLE | t_inference_us=0 | heap=37.2kB/282.0kB (min=239.4kB, biggest=108.0kB) | arena=0.9kB | V_bus=5.128V I_bus=58.4mA P_bus=299.2mW E_total_accum=105.201mWh
12:52:31.809 > [BENCH] IDLE | t_inference_us=0 | heap=37.2kB/282.0kB (min=239.4kB, biggest=108.0kB) | arena=0.9kB | V_bus=5.132V I_bus=57.9mA P_bus=296.8mW E_total_accum=105.368mWh
12:52:33.817 > [BENCH] IDLE | t_inference_us=0 | heap=37.2kB/282.0kB (min=239.4kB, biggest=108.0kB) | arena=0.9kB | V_bus=5.132V I_bus=60.2mA P_bus=308.6mW E_total_accum=105.540mWh
12:52:35.839 > [BENCH] IDLE | t_inference_us=0 | heap=37.2kB/282.0kB (min=239.4kB, biggest=108.0kB) | arena=0.9kB | V_bus=5.128V I_bus=59.4mA P_bus=304.4mW E_total_accum=105.711mWh
12:52:37.850 > [BENCH] IDLE | t_inference_us=0 | heap=37.2kB/282.0kB (min=239.4kB, biggest=108.0kB) | arena=0.9kB | V_bus=5.128V I_bus=61.1mA P_bus=313.3mW E_total_accum=105.886mWh
12:52:39.855 > [BENCH] IDLE | t_inference_us=0 | heap=37.2kB/282.0kB (min=239.4kB, biggest=108.0kB) | arena=0.9kB | V_bus=5.128V I_bus=60.1mA P_bus=308.4mW E_total_accum=106.058mWh
12:52:41.873 > [BENCH] IDLE | t_inference_us=0 | heap=37.2kB/282.0kB (min=239.4kB, biggest=108.0kB) | arena=0.9kB | V_bus=5.112V I_bus=62.3mA P_bus=319.2mW E_total_accum=106.237mWh
12:52:43.881 > [BENCH] IDLE | t_inference_us=0 | heap=37.2kB/282.0kB (min=239.4kB, biggest=108.0kB) | arena=0.9kB | V_bus=5.128V I_bus=63.5mA P_bus=325.3mW E_total_accum=106.418mWh
12:52:45.883 > [BENCH] IDLE | t_inference_us=0 | heap=37.2kB/282.0kB (min=239.4kB, biggest=108.0kB) | arena=0.9kB | V_bus=5.132V I_bus=62.0mA P_bus=317.8mW E_total_accum=106.596mWh
12:52:47.905 > [BENCH] IDLE | t_inference_us=0 | heap=37.2kB/282.0kB (min=239.4kB, biggest=108.0kB) | arena=0.9kB | V_bus=5.128V I_bus=62.8mA P_bus=322.1mW E_total_accum=106.776mWh
12:52:49.924 > [BENCH] IDLE | t_inference_us=0 | heap=37.2kB/282.0kB (min=239.4kB, biggest=108.0kB) | arena=0.9kB | V_bus=5.132V I_bus=61.5mA P_bus=315.3mW E_total_accum=106.952mWh
12:52:51.929 > [BENCH] IDLE | t_inference_us=0 | heap=37.2kB/282.0kB (min=239.4kB, biggest=108.0kB) | arena=0.9kB | V_bus=5.128V I_bus=62.4mA P_bus=320.1mW E_total_accum=107.131mWh
12:52:53.951 > [BENCH] IDLE | t_inference_us=0 | heap=37.2kB/282.0kB (min=239.4kB, biggest=108.0kB) | arena=0.9kB | V_bus=5.128V I_bus=61.2mA P_bus=313.9mW E_total_accum=107.307mWh
12:52:55.952 > [BENCH] IDLE | t_inference_us=0 | heap=37.2kB/282.0kB (min=239.4kB, biggest=108.0kB) | arena=0.9kB | V_bus=5.128V I_bus=61.9mA P_bus=317.5mW E_total_accum=107.485mWh
12:52:57.967 > [BENCH] IDLE | t_inference_us=0 | heap=37.2kB/282.0kB (min=239.4kB, biggest=108.0kB) | arena=0.9kB | V_bus=5.128V I_bus=60.9mA P_bus=312.4mW E_total_accum=107.659mWh
12:52:59.993 > [BENCH] IDLE | t_inference_us=0 | heap=37.2kB/282.0kB (min=239.4kB, biggest=108.0kB) | arena=0.9kB | V_bus=5.128V I_bus=61.1mA P_bus=313.5mW E_total_accum=107.835mWh
12:53:01.998 > [BENCH] IDLE | t_inference_us=0 | heap=37.2kB/282.0kB (min=239.4kB, biggest=108.0kB) | arena=0.9kB | V_bus=5.132V I_bus=60.2mA P_bus=308.7mW E_total_accum=108.007mWh
12:53:04.021 > [BENCH] IDLE | t_inference_us=0 | heap=37.2kB/282.0kB (min=239.4kB, biggest=108.0kB) | arena=0.9kB | V_bus=5.128V I_bus=60.2mA P_bus=308.6mW E_total_accum=108.180mWh
12:53:06.035 > [BENCH] IDLE | t_inference_us=0 | heap=37.2kB/282.0kB (min=239.4kB, biggest=108.0kB) | arena=0.9kB | V_bus=5.128V I_bus=59.5mA P_bus=305.2mW E_total_accum=108.351mWh
12:53:08.037 > [BENCH] IDLE | t_inference_us=0 | heap=37.2kB/282.0kB (min=239.4kB, biggest=108.0kB) | arena=0.9kB | V_bus=5.128V I_bus=59.5mA P_bus=305.2mW E_total_accum=108.521mWh
12:53:10.056 > [BENCH] IDLE | t_inference_us=0 | heap=37.2kB/282.0kB (min=239.4kB, biggest=108.0kB) | arena=0.9kB | V_bus=5.128V I_bus=59.0mA P_bus=302.4mW E_total_accum=108.691mWh
12:53:12.069 > [BENCH] IDLE | t_inference_us=0 | heap=37.2kB/282.0kB (min=239.4kB, biggest=108.0kB) | arena=0.9kB | V_bus=5.128V I_bus=58.8mA P_bus=301.3mW E_total_accum=108.859mWh
12:53:14.091 > [BENCH] IDLE | t_inference_us=0 | heap=37.2kB/282.0kB (min=239.4kB, biggest=108.0kB) | arena=0.9kB | V_bus=5.128V I_bus=61.2mA P_bus=313.7mW E_total_accum=109.035mWh
12:53:16.096 > [BENCH] IDLE | t_inference_us=0 | heap=37.2kB/282.0kB (min=239.4kB, biggest=108.0kB) | arena=0.9kB | V_bus=5.128V I_bus=60.1mA P_bus=308.3mW E_total_accum=109.207mWh
12:53:16.185 > 
12:53:16.185 > [EVENT] type=HOUR  Tin=29.20 Hin=61.43 Tout=33.50 Hout=55.40
12:53:16.190 > [infer] warmup: window 20/24 - (Invoke NOT executed)
12:53:16.563 > [SENSORS] Health IN ok=592 err=0 reinit=0 pwr=0 | OUT ok=592 err=0 reinit=0 pwr=0
12:53:18.126 > [BENCH] IDLE | t_inference_us=0 | heap=37.2kB/282.0kB (min=239.4kB, biggest=108.0kB) | arena=0.9kB | V_bus=5.112V I_bus=64.5mA P_bus=330.3mW E_total_accum=109.394mWh
12:53:20.130 > [BENCH] IDLE | t_inference_us=0 | heap=37.2kB/282.0kB (min=239.4kB, biggest=108.0kB) | arena=0.9kB | V_bus=5.128V I_bus=63.6mA P_bus=326.0mW E_total_accum=109.575mWh
12:53:22.141 > [BENCH] IDLE | t_inference_us=0 | heap=37.2kB/282.0kB (min=239.4kB, biggest=108.0kB) | arena=0.9kB | V_bus=5.128V I_bus=62.3mA P_bus=319.1mW E_total_accum=109.753mWh
12:53:24.166 > [BENCH] IDLE | t_inference_us=0 | heap=37.2kB/282.0kB (min=239.4kB, biggest=108.0kB) | arena=0.9kB | V_bus=5.128V I_bus=61.4mA P_bus=314.9mW E_total_accum=109.930mWh
12:53:26.184 > [BENCH] IDLE | t_inference_us=0 | heap=37.2kB/282.0kB (min=239.4kB, biggest=108.0kB) | arena=0.9kB | V_bus=5.132V I_bus=60.4mA P_bus=309.9mW E_total_accum=110.103mWh
12:53:28.195 > [BENCH] IDLE | t_inference_us=0 | heap=37.2kB/282.0kB (min=239.4kB, biggest=108.0kB) | arena=0.9kB | V_bus=5.128V I_bus=59.7mA P_bus=306.0mW E_total_accum=110.274mWh
12:53:30.212 > [BENCH] IDLE | t_inference_us=0 | heap=37.2kB/282.0kB (min=239.4kB, biggest=108.0kB) | arena=0.9kB | V_bus=5.128V I_bus=61.7mA P_bus=316.1mW E_total_accum=110.451mWh
12:53:32.220 > [BENCH] IDLE | t_inference_us=0 | heap=37.2kB/282.0kB (min=239.4kB, biggest=108.0kB) | arena=0.9kB | V_bus=5.128V I_bus=60.7mA P_bus=311.1mW E_total_accum=110.625mWh
12:53:34.234 > [BENCH] IDLE | t_inference_us=0 | heap=37.2kB/282.0kB (min=239.4kB, biggest=108.0kB) | arena=0.9kB | V_bus=5.132V I_bus=61.8mA P_bus=316.7mW E_total_accum=110.802mWh
12:53:36.253 > [BENCH] IDLE | t_inference_us=0 | heap=37.2kB/282.0kB (min=239.4kB, biggest=108.0kB) | arena=0.9kB | V_bus=5.128V I_bus=60.7mA P_bus=311.3mW E_total_accum=110.976mWh
12:53:38.264 > [BENCH] IDLE | t_inference_us=0 | heap=37.2kB/282.0kB (min=239.4kB, biggest=108.0kB) | arena=0.9kB | V_bus=5.128V I_bus=61.3mA P_bus=314.4mW E_total_accum=111.152mWh
12:53:40.269 > [BENCH] IDLE | t_inference_us=0 | heap=37.2kB/282.0kB (min=239.4kB, biggest=108.0kB) | arena=0.9kB | V_bus=5.124V I_bus=60.5mA P_bus=310.0mW E_total_accum=111.326mWh
12:53:42.296 > [BENCH] IDLE | t_inference_us=0 | heap=37.2kB/282.0kB (min=239.4kB, biggest=108.0kB) | arena=0.9kB | V_bus=5.128V I_bus=61.7mA P_bus=316.6mW E_total_accum=111.503mWh
12:53:44.309 > [BENCH] IDLE | t_inference_us=0 | heap=37.2kB/282.0kB (min=239.4kB, biggest=108.0kB) | arena=0.9kB | V_bus=5.128V I_bus=60.6mA P_bus=310.9mW E_total_accum=111.677mWh
12:53:46.316 > [BENCH] IDLE | t_inference_us=0 | heap=37.2kB/282.0kB (min=239.4kB, biggest=108.0kB) | arena=0.9kB | V_bus=5.128V I_bus=62.2mA P_bus=318.9mW E_total_accum=111.855mWh
12:53:48.329 > [BENCH] IDLE | t_inference_us=0 | heap=37.2kB/282.0kB (min=239.4kB, biggest=108.0kB) | arena=0.9kB | V_bus=5.128V I_bus=61.1mA P_bus=313.2mW E_total_accum=112.030mWh
12:53:50.350 > [BENCH] IDLE | t_inference_us=0 | heap=37.2kB/282.0kB (min=239.4kB, biggest=108.0kB) | arena=0.9kB | V_bus=5.132V I_bus=62.4mA P_bus=320.2mW E_total_accum=112.210mWh
12:53:52.365 > [BENCH] IDLE | t_inference_us=0 | heap=37.2kB/282.0kB (min=239.4kB, biggest=108.0kB) | arena=0.9kB | V_bus=5.128V I_bus=61.3mA P_bus=314.1mW E_total_accum=112.385mWh
12:53:54.373 > [BENCH] IDLE | t_inference_us=0 | heap=37.2kB/282.0kB (min=239.4kB, biggest=108.0kB) | arena=0.9kB | V_bus=5.112V I_bus=63.0mA P_bus=322.7mW E_total_accum=112.565mWh
12:53:56.378 > [BENCH] IDLE | t_inference_us=0 | heap=37.2kB/282.0kB (min=239.4kB, biggest=108.0kB) | arena=0.9kB | V_bus=5.128V I_bus=64.2mA P_bus=329.2mW E_total_accum=112.749mWh
12:53:58.379 > [BENCH] IDLE | t_inference_us=0 | heap=37.2kB/282.0kB (min=239.4kB, biggest=108.0kB) | arena=0.9kB | V_bus=5.128V I_bus=62.6mA P_bus=320.8mW E_total_accum=112.928mWh
12:54:00.397 > [BENCH] IDLE | t_inference_us=0 | heap=37.2kB/282.0kB (min=239.4kB, biggest=108.0kB) | arena=0.9kB | V_bus=5.128V I_bus=63.4mA P_bus=324.9mW E_total_accum=113.110mWh
12:54:02.423 > [BENCH] IDLE | t_inference_us=0 | heap=37.2kB/282.0kB (min=239.4kB, biggest=108.0kB) | arena=0.9kB | V_bus=5.132V I_bus=62.0mA P_bus=317.7mW E_total_accum=113.288mWh
12:54:04.437 > [BENCH] IDLE | t_inference_us=0 | heap=37.2kB/282.0kB (min=239.4kB, biggest=108.0kB) | arena=0.9kB | V_bus=5.128V I_bus=62.8mA P_bus=321.8mW E_total_accum=113.468mWh
12:54:06.451 > [BENCH] IDLE | t_inference_us=0 | heap=37.2kB/282.0kB (min=239.4kB, biggest=108.0kB) | arena=0.9kB | V_bus=5.128V I_bus=61.6mA P_bus=315.9mW E_total_accum=113.645mWh
12:54:08.460 > [BENCH] IDLE | t_inference_us=0 | heap=37.2kB/282.0kB (min=239.4kB, biggest=108.0kB) | arena=0.9kB | V_bus=5.132V I_bus=62.0mA P_bus=317.9mW E_total_accum=113.822mWh
12:54:10.477 > [BENCH] IDLE | t_inference_us=0 | heap=37.2kB/282.0kB (min=239.4kB, biggest=108.0kB) | arena=0.9kB | V_bus=5.128V I_bus=60.8mA P_bus=311.6mW E_total_accum=113.997mWh
12:54:12.477 > [BENCH] IDLE | t_inference_us=0 | heap=37.2kB/282.0kB (min=239.4kB, biggest=108.0kB) | arena=0.9kB | V_bus=5.132V I_bus=62.1mA P_bus=318.7mW E_total_accum=114.175mWh
12:54:14.506 > [BENCH] IDLE | t_inference_us=0 | heap=37.2kB/282.0kB (min=239.4kB, biggest=108.0kB) | arena=0.9kB | V_bus=5.124V I_bus=61.0mA P_bus=312.9mW E_total_accum=114.350mWh
12:54:16.156 > 
12:54:16.158 > [EVENT] type=HOUR  Tin=29.40 Hin=64.44 Tout=33.30 Hout=56.30
12:54:16.158 > [infer] warmup: window 21/24 - (Invoke NOT executed)
12:54:16.579 > [SENSORS] Health IN ok=620 err=0 reinit=0 pwr=0 | OUT ok=620 err=0 reinit=0 pwr=0
12:54:17.661 > [BENCH] IDLE | t_inference_us=0 | heap=37.2kB/282.0kB (min=239.4kB, biggest=108.0kB) | arena=0.9kB | V_bus=5.128V I_bus=60.4mA P_bus=309.9mW E_total_accum=114.624mWh
12:54:19.675 > [BENCH] IDLE | t_inference_us=0 | heap=37.2kB/282.0kB (min=239.4kB, biggest=108.0kB) | arena=0.9kB | V_bus=5.124V I_bus=59.9mA P_bus=307.2mW E_total_accum=114.796mWh
12:54:21.689 > [BENCH] IDLE | t_inference_us=0 | heap=37.2kB/282.0kB (min=239.4kB, biggest=108.0kB) | arena=0.9kB | V_bus=5.124V I_bus=59.3mA P_bus=304.2mW E_total_accum=114.966mWh
12:54:23.702 > [BENCH] IDLE | t_inference_us=0 | heap=37.2kB/282.0kB (min=239.4kB, biggest=108.0kB) | arena=0.9kB | V_bus=5.120V I_bus=60.7mA P_bus=310.8mW E_total_accum=115.140mWh
12:54:25.717 > [BENCH] IDLE | t_inference_us=0 | heap=37.2kB/282.0kB (min=239.4kB, biggest=108.0kB) | arena=0.9kB | V_bus=5.128V I_bus=59.7mA P_bus=306.0mW E_total_accum=115.311mWh
12:54:27.730 > [BENCH] IDLE | t_inference_us=0 | heap=37.2kB/282.0kB (min=239.4kB, biggest=108.0kB) | arena=0.9kB | V_bus=5.124V I_bus=59.1mA P_bus=302.7mW E_total_accum=115.480mWh
12:54:29.744 > [BENCH] IDLE | t_inference_us=0 | heap=37.2kB/282.0kB (min=239.4kB, biggest=108.0kB) | arena=0.9kB | V_bus=5.120V I_bus=59.5mA P_bus=304.9mW E_total_accum=115.651mWh
12:54:31.758 > [BENCH] IDLE | t_inference_us=0 | heap=37.2kB/282.0kB (min=239.4kB, biggest=108.0kB) | arena=0.9kB | V_bus=5.124V I_bus=58.9mA P_bus=301.7mW E_total_accum=115.820mWh
12:54:33.772 > [BENCH] IDLE | t_inference_us=0 | heap=37.2kB/282.0kB (min=239.4kB, biggest=108.0kB) | arena=0.9kB | V_bus=5.120V I_bus=58.5mA P_bus=299.8mW E_total_accum=115.988mWh
12:54:35.774 > [BENCH] IDLE | t_inference_us=0 | heap=37.2kB/282.0kB (min=239.4kB, biggest=108.0kB) | arena=0.9kB | V_bus=5.124V I_bus=59.9mA P_bus=307.0mW E_total_accum=116.159mWh
12:54:37.790 > [BENCH] IDLE | t_inference_us=0 | heap=37.2kB/282.0kB (min=239.4kB, biggest=108.0kB) | arena=0.9kB | V_bus=5.120V I_bus=59.4mA P_bus=304.5mW E_total_accum=116.330mWh
12:54:39.812 > [BENCH] IDLE | t_inference_us=0 | heap=37.2kB/282.0kB (min=239.4kB, biggest=108.0kB) | arena=0.9kB | V_bus=5.124V I_bus=59.0mA P_bus=302.1mW E_total_accum=116.499mWh
12:54:41.828 > [BENCH] IDLE | t_inference_us=0 | heap=37.2kB/282.0kB (min=239.4kB, biggest=108.0kB) | arena=0.9kB | V_bus=5.120V I_bus=61.2mA P_bus=313.4mW E_total_accum=116.674mWh
12:54:43.841 > [BENCH] IDLE | t_inference_us=0 | heap=37.2kB/282.0kB (min=239.4kB, biggest=108.0kB) | arena=0.9kB | V_bus=5.124V I_bus=60.9mA P_bus=311.9mW E_total_accum=116.848mWh
12:54:45.855 > [BENCH] IDLE | t_inference_us=0 | heap=37.2kB/282.0kB (min=239.4kB, biggest=108.0kB) | arena=0.9kB | V_bus=5.120V I_bus=59.9mA P_bus=306.9mW E_total_accum=117.020mWh
12:54:47.870 > [BENCH] IDLE | t_inference_us=0 | heap=37.2kB/282.0kB (min=239.4kB, biggest=108.0kB) | arena=0.9kB | V_bus=5.120V I_bus=59.2mA P_bus=303.2mW E_total_accum=117.190mWh
12:54:49.874 > [BENCH] IDLE | t_inference_us=0 | heap=37.2kB/282.0kB (min=239.4kB, biggest=108.0kB) | arena=0.9kB | V_bus=5.088V I_bus=61.6mA P_bus=314.9mW E_total_accum=117.366mWh
12:54:51.883 > [BENCH] IDLE | t_inference_us=0 | heap=37.2kB/282.0kB (min=239.4kB, biggest=108.0kB) | arena=0.9kB | V_bus=5.120V I_bus=60.6mA P_bus=309.8mW E_total_accum=117.538mWh
12:54:53.897 > [BENCH] IDLE | t_inference_us=0 | heap=37.2kB/282.0kB (min=239.4kB, biggest=108.0kB) | arena=0.9kB | V_bus=5.120V I_bus=62.2mA P_bus=318.4mW E_total_accum=117.716mWh
12:54:55.914 > [BENCH] IDLE | t_inference_us=0 | heap=37.2kB/282.0kB (min=239.4kB, biggest=108.0kB) | arena=0.9kB | V_bus=5.124V I_bus=61.7mA P_bus=315.8mW E_total_accum=117.893mWh
12:54:57.922 > [BENCH] IDLE | t_inference_us=0 | heap=37.2kB/282.0kB (min=239.4kB, biggest=108.0kB) | arena=0.9kB | V_bus=5.120V I_bus=60.7mA P_bus=310.6mW E_total_accum=118.067mWh
12:54:59.933 > [BENCH] IDLE | t_inference_us=0 | heap=37.2kB/282.0kB (min=239.4kB, biggest=108.0kB) | arena=0.9kB | V_bus=5.120V I_bus=59.8mA P_bus=306.3mW E_total_accum=118.238mWh
12:55:01.954 > [BENCH] IDLE | t_inference_us=0 | heap=37.2kB/282.0kB (min=239.4kB, biggest=108.0kB) | arena=0.9kB | V_bus=5.120V I_bus=61.5mA P_bus=314.8mW E_total_accum=118.414mWh
12:55:03.969 > [BENCH] IDLE | t_inference_us=0 | heap=37.2kB/282.0kB (min=239.4kB, biggest=108.0kB) | arena=0.9kB | V_bus=5.124V I_bus=61.1mA P_bus=312.8mW E_total_accum=118.589mWh
12:55:05.973 > [BENCH] IDLE | t_inference_us=0 | heap=37.2kB/282.0kB (min=239.4kB, biggest=108.0kB) | arena=0.9kB | V_bus=5.120V I_bus=60.2mA P_bus=308.1mW E_total_accum=118.762mWh
12:55:07.988 > [BENCH] IDLE | t_inference_us=0 | heap=37.2kB/282.0kB (min=239.4kB, biggest=108.0kB) | arena=0.9kB | V_bus=5.124V I_bus=59.5mA P_bus=304.8mW E_total_accum=118.932mWh
12:55:10.007 > [BENCH] IDLE | t_inference_us=0 | heap=37.2kB/282.0kB (min=239.4kB, biggest=108.0kB) | arena=0.9kB | V_bus=5.124V I_bus=61.3mA P_bus=314.1mW E_total_accum=119.108mWh
12:55:12.010 > [BENCH] IDLE | t_inference_us=0 | heap=37.2kB/282.0kB (min=239.4kB, biggest=108.0kB) | arena=0.9kB | V_bus=5.124V I_bus=60.9mA P_bus=312.1mW E_total_accum=119.283mWh
12:55:14.025 > [BENCH] IDLE | t_inference_us=0 | heap=37.2kB/282.0kB (min=239.4kB, biggest=108.0kB) | arena=0.9kB | V_bus=5.120V I_bus=60.0mA P_bus=307.2mW E_total_accum=119.454mWh
12:55:16.051 > [BENCH] IDLE | t_inference_us=0 | heap=37.2kB/282.0kB (min=239.4kB, biggest=108.0kB) | arena=0.9kB | V_bus=5.116V I_bus=59.4mA P_bus=304.0mW E_total_accum=119.624mWh
12:55:16.172 > 
12:55:16.173 > [EVENT] type=HOUR  Tin=29.70 Hin=67.47 Tout=33.40 Hout=56.00
12:55:16.179 > [infer] warmup: window 22/24 - (Invoke NOT executed)
12:55:16.591 > [SENSORS] Health IN ok=648 err=0 reinit=0 pwr=0 | OUT ok=648 err=0 reinit=0 pwr=0
12:55:18.088 > [BENCH] IDLE | t_inference_us=0 | heap=37.2kB/282.0kB (min=239.4kB, biggest=108.0kB) | arena=0.9kB | V_bus=5.120V I_bus=61.2mA P_bus=313.2mW E_total_accum=119.802mWh
12:55:20.100 > [BENCH] IDLE | t_inference_us=0 | heap=37.2kB/282.0kB (min=239.4kB, biggest=108.0kB) | arena=0.9kB | V_bus=5.120V I_bus=60.2mA P_bus=308.4mW E_total_accum=119.974mWh
12:55:22.115 > [BENCH] IDLE | t_inference_us=0 | heap=37.2kB/282.0kB (min=239.4kB, biggest=108.0kB) | arena=0.9kB | V_bus=5.104V I_bus=59.6mA P_bus=305.2mW E_total_accum=120.145mWh
12:55:24.129 > [BENCH] IDLE | t_inference_us=0 | heap=37.2kB/282.0kB (min=239.4kB, biggest=108.0kB) | arena=0.9kB | V_bus=5.112V I_bus=59.0mA P_bus=301.9mW E_total_accum=120.314mWh
12:55:26.143 > [BENCH] IDLE | t_inference_us=0 | heap=37.2kB/282.0kB (min=239.4kB, biggest=108.0kB) | arena=0.9kB | V_bus=5.092V I_bus=59.0mA P_bus=301.6mW E_total_accum=120.483mWh
12:55:28.146 > [BENCH] IDLE | t_inference_us=0 | heap=37.2kB/282.0kB (min=239.4kB, biggest=108.0kB) | arena=0.9kB | V_bus=5.120V I_bus=58.8mA P_bus=300.5mW E_total_accum=120.650mWh
12:55:30.159 > [BENCH] IDLE | t_inference_us=0 | heap=37.2kB/282.0kB (min=239.4kB, biggest=108.0kB) | arena=0.9kB | V_bus=5.116V I_bus=58.2mA P_bus=297.7mW E_total_accum=120.816mWh
12:55:32.174 > [BENCH] IDLE | t_inference_us=0 | heap=37.2kB/282.0kB (min=239.4kB, biggest=108.0kB) | arena=0.9kB | V_bus=5.112V I_bus=58.5mA P_bus=299.0mW E_total_accum=120.983mWh
12:55:34.187 > [BENCH] IDLE | t_inference_us=0 | heap=37.2kB/282.0kB (min=239.4kB, biggest=108.0kB) | arena=0.9kB | V_bus=5.116V I_bus=58.8mA P_bus=300.5mW E_total_accum=121.152mWh
12:55:36.201 > [BENCH] IDLE | t_inference_us=0 | heap=37.2kB/282.0kB (min=239.4kB, biggest=108.0kB) | arena=0.9kB | V_bus=5.116V I_bus=58.3mA P_bus=298.3mW E_total_accum=121.318mWh
12:55:38.215 > [BENCH] IDLE | t_inference_us=0 | heap=37.2kB/282.0kB (min=239.4kB, biggest=108.0kB) | arena=0.9kB | V_bus=5.120V I_bus=58.1mA P_bus=297.1mW E_total_accum=121.485mWh
12:55:40.226 > [BENCH] IDLE | t_inference_us=0 | heap=37.2kB/282.0kB (min=239.4kB, biggest=108.0kB) | arena=0.9kB | V_bus=5.120V I_bus=57.9mA P_bus=296.4mW E_total_accum=121.650mWh
12:55:42.243 > [BENCH] IDLE | t_inference_us=0 | heap=37.2kB/282.0kB (min=239.4kB, biggest=108.0kB) | arena=0.9kB | V_bus=5.120V I_bus=59.5mA P_bus=304.5mW E_total_accum=121.821mWh
12:55:44.257 > [BENCH] IDLE | t_inference_us=0 | heap=37.2kB/282.0kB (min=239.4kB, biggest=108.0kB) | arena=0.9kB | V_bus=5.124V I_bus=59.2mA P_bus=303.1mW E_total_accum=121.990mWh
12:55:46.257 > [BENCH] IDLE | t_inference_us=0 | heap=37.2kB/282.0kB (min=239.4kB, biggest=108.0kB) | arena=0.9kB | V_bus=5.128V I_bus=58.7mA P_bus=300.5mW E_total_accum=122.158mWh
12:55:48.274 > [BENCH] IDLE | t_inference_us=0 | heap=37.2kB/282.0kB (min=239.4kB, biggest=108.0kB) | arena=0.9kB | V_bus=5.128V I_bus=60.7mA P_bus=311.1mW E_total_accum=122.333mWh
12:55:50.300 > [BENCH] IDLE | t_inference_us=0 | heap=37.2kB/282.0kB (min=239.4kB, biggest=108.0kB) | arena=0.9kB | V_bus=5.124V I_bus=60.4mA P_bus=309.6mW E_total_accum=122.506mWh
12:55:52.309 > [BENCH] IDLE | t_inference_us=0 | heap=37.2kB/282.0kB (min=239.4kB, biggest=108.0kB) | arena=0.9kB | V_bus=5.124V I_bus=59.8mA P_bus=306.1mW E_total_accum=122.677mWh
12:55:54.326 > [BENCH] IDLE | t_inference_us=0 | heap=37.2kB/282.0kB (min=239.4kB, biggest=108.0kB) | arena=0.9kB | V_bus=5.124V I_bus=61.9mA P_bus=317.3mW E_total_accum=122.855mWh
12:55:56.330 > [BENCH] IDLE | t_inference_us=0 | heap=37.2kB/282.0kB (min=239.4kB, biggest=108.0kB) | arena=0.9kB | V_bus=5.124V I_bus=61.7mA P_bus=316.0mW E_total_accum=123.031mWh
12:55:58.355 > [BENCH] IDLE | t_inference_us=0 | heap=37.2kB/282.0kB (min=239.4kB, biggest=108.0kB) | arena=0.9kB | V_bus=5.124V I_bus=60.6mA P_bus=310.7mW E_total_accum=123.205mWh
12:56:00.361 > [BENCH] IDLE | t_inference_us=0 | heap=37.2kB/282.0kB (min=239.4kB, biggest=108.0kB) | arena=0.9kB | V_bus=5.124V I_bus=60.0mA P_bus=307.5mW E_total_accum=123.377mWh
12:56:02.376 > [BENCH] IDLE | t_inference_us=0 | heap=37.2kB/282.0kB (min=239.4kB, biggest=108.0kB) | arena=0.9kB | V_bus=5.108V I_bus=62.7mA P_bus=321.2mW E_total_accum=123.556mWh
12:56:04.384 > [BENCH] IDLE | t_inference_us=0 | heap=37.2kB/282.0kB (min=239.4kB, biggest=108.0kB) | arena=0.9kB | V_bus=5.120V I_bus=61.6mA P_bus=315.4mW E_total_accum=123.732mWh
12:56:06.398 > [BENCH] IDLE | t_inference_us=0 | heap=37.2kB/282.0kB (min=239.4kB, biggest=108.0kB) | arena=0.9kB | V_bus=5.120V I_bus=63.4mA P_bus=324.6mW E_total_accum=123.914mWh
12:56:08.413 > [BENCH] IDLE | t_inference_us=0 | heap=37.2kB/282.0kB (min=239.4kB, biggest=108.0kB) | arena=0.9kB | V_bus=5.124V I_bus=62.9mA P_bus=322.2mW E_total_accum=124.094mWh
12:56:10.424 > [BENCH] IDLE | t_inference_us=0 | heap=37.2kB/282.0kB (min=239.4kB, biggest=108.0kB) | arena=0.9kB | V_bus=5.124V I_bus=61.5mA P_bus=315.2mW E_total_accum=124.270mWh
12:56:12.434 > [BENCH] IDLE | t_inference_us=0 | heap=37.2kB/282.0kB (min=239.4kB, biggest=108.0kB) | arena=0.9kB | V_bus=5.120V I_bus=60.5mA P_bus=310.0mW E_total_accum=124.444mWh
12:56:14.453 > [BENCH] IDLE | t_inference_us=0 | heap=37.2kB/282.0kB (min=239.4kB, biggest=108.0kB) | arena=0.9kB | V_bus=5.124V I_bus=62.4mA P_bus=319.8mW E_total_accum=124.623mWh
12:56:16.183 > 
12:56:16.183 > [EVENT] type=HOUR  Tin=29.90 Hin=65.28 Tout=33.60 Hout=55.10
12:56:16.192 > [infer] warmup: window 23/24 - (Invoke NOT executed)
12:56:16.605 > [SENSORS] Health IN ok=676 err=0 reinit=0 pwr=0 | OUT ok=676 err=0 reinit=0 pwr=0
12:56:17.699 > [BENCH] IDLE | t_inference_us=0 | heap=37.2kB/282.0kB (min=239.4kB, biggest=108.0kB) | arena=0.9kB | V_bus=5.124V I_bus=64.3mA P_bus=329.4mW E_total_accum=124.917mWh
12:56:19.705 > [BENCH] IDLE | t_inference_us=0 | heap=37.2kB/282.0kB (min=239.4kB, biggest=108.0kB) | arena=0.9kB | V_bus=5.120V I_bus=63.9mA P_bus=327.4mW E_total_accum=125.101mWh
12:56:21.719 > [BENCH] IDLE | t_inference_us=0 | heap=37.2kB/282.0kB (min=239.4kB, biggest=108.0kB) | arena=0.9kB | V_bus=5.104V I_bus=64.5mA P_bus=330.2mW E_total_accum=125.285mWh
12:56:23.744 > [BENCH] IDLE | t_inference_us=0 | heap=37.2kB/282.0kB (min=239.4kB, biggest=108.0kB) | arena=0.9kB | V_bus=5.088V I_bus=65.9mA P_bus=336.6mW E_total_accum=125.474mWh
12:56:25.745 > [BENCH] IDLE | t_inference_us=0 | heap=37.2kB/282.0kB (min=239.4kB, biggest=108.0kB) | arena=0.9kB | V_bus=5.100V I_bus=65.5mA P_bus=334.5mW E_total_accum=125.660mWh
12:56:27.758 > [BENCH] IDLE | t_inference_us=0 | heap=37.2kB/282.0kB (min=239.4kB, biggest=108.0kB) | arena=0.9kB | V_bus=5.104V I_bus=66.6mA P_bus=340.1mW E_total_accum=125.850mWh
12:56:29.773 > [BENCH] IDLE | t_inference_us=0 | heap=37.2kB/282.0kB (min=239.4kB, biggest=108.0kB) | arena=0.9kB | V_bus=5.100V I_bus=64.7mA P_bus=330.3mW E_total_accum=126.035mWh
12:56:31.787 > [BENCH] IDLE | t_inference_us=0 | heap=37.2kB/282.0kB (min=239.4kB, biggest=108.0kB) | arena=0.9kB | V_bus=5.100V I_bus=63.3mA P_bus=323.3mW E_total_accum=126.216mWh
12:56:33.801 > [BENCH] IDLE | t_inference_us=0 | heap=37.2kB/282.0kB (min=239.4kB, biggest=108.0kB) | arena=0.9kB | V_bus=5.100V I_bus=63.6mA P_bus=324.4mW E_total_accum=126.397mWh
12:56:35.814 > [BENCH] IDLE | t_inference_us=0 | heap=37.2kB/282.0kB (min=239.4kB, biggest=108.0kB) | arena=0.9kB | V_bus=5.100V I_bus=62.1mA P_bus=317.2mW E_total_accum=126.575mWh
12:56:37.828 > [BENCH] IDLE | t_inference_us=0 | heap=37.2kB/282.0kB (min=239.4kB, biggest=108.0kB) | arena=0.9kB | V_bus=5.108V I_bus=61.1mA P_bus=311.7mW E_total_accum=126.749mWh
12:56:39.841 > [BENCH] IDLE | t_inference_us=0 | heap=37.2kB/282.0kB (min=239.4kB, biggest=108.0kB) | arena=0.9kB | V_bus=5.116V I_bus=60.2mA P_bus=307.4mW E_total_accum=126.921mWh
12:56:41.856 > [BENCH] IDLE | t_inference_us=0 | heap=37.2kB/282.0kB (min=239.4kB, biggest=108.0kB) | arena=0.9kB | V_bus=5.104V I_bus=59.6mA P_bus=304.3mW E_total_accum=127.091mWh
12:56:43.870 > [BENCH] IDLE | t_inference_us=0 | heap=37.2kB/282.0kB (min=239.4kB, biggest=108.0kB) | arena=0.9kB | V_bus=5.100V I_bus=59.1mA P_bus=301.7mW E_total_accum=127.260mWh
12:56:45.884 > [BENCH] IDLE | t_inference_us=0 | heap=37.2kB/282.0kB (min=239.4kB, biggest=108.0kB) | arena=0.9kB | V_bus=5.100V I_bus=58.6mA P_bus=299.0mW E_total_accum=127.427mWh
12:56:47.898 > [BENCH] IDLE | t_inference_us=0 | heap=37.2kB/282.0kB (min=239.4kB, biggest=108.0kB) | arena=0.9kB | V_bus=5.104V I_bus=58.8mA P_bus=299.9mW E_total_accum=127.595mWh
12:56:49.912 > [BENCH] IDLE | t_inference_us=0 | heap=37.2kB/282.0kB (min=239.4kB, biggest=108.0kB) | arena=0.9kB | V_bus=5.100V I_bus=60.7mA P_bus=309.8mW E_total_accum=127.768mWh
12:56:51.926 > [BENCH] IDLE | t_inference_us=0 | heap=37.2kB/282.0kB (min=239.4kB, biggest=108.0kB) | arena=0.9kB | V_bus=5.100V I_bus=60.0mA P_bus=306.1mW E_total_accum=127.940mWh
12:56:53.940 > [BENCH] IDLE | t_inference_us=0 | heap=37.2kB/282.0kB (min=239.4kB, biggest=108.0kB) | arena=0.9kB | V_bus=5.104V I_bus=59.3mA P_bus=302.8mW E_total_accum=128.109mWh
12:56:55.955 > [BENCH] IDLE | t_inference_us=0 | heap=37.2kB/282.0kB (min=239.4kB, biggest=108.0kB) | arena=0.9kB | V_bus=5.104V I_bus=60.0mA P_bus=306.1mW E_total_accum=128.280mWh
12:56:57.968 > [BENCH] IDLE | t_inference_us=0 | heap=37.2kB/282.0kB (min=239.4kB, biggest=108.0kB) | arena=0.9kB | V_bus=5.108V I_bus=59.3mA P_bus=302.7mW E_total_accum=128.450mWh
12:56:59.976 > [BENCH] IDLE | t_inference_us=0 | heap=37.2kB/282.0kB (min=239.4kB, biggest=108.0kB) | arena=0.9kB | V_bus=5.092V I_bus=59.3mA P_bus=302.6mW E_total_accum=128.618mWh
12:57:01.977 > [BENCH] IDLE | t_inference_us=0 | heap=37.2kB/282.0kB (min=239.4kB, biggest=108.0kB) | arena=0.9kB | V_bus=5.124V I_bus=59.5mA P_bus=304.0mW E_total_accum=128.788mWh
12:57:03.994 > [BENCH] IDLE | t_inference_us=0 | heap=37.2kB/282.0kB (min=239.4kB, biggest=108.0kB) | arena=0.9kB | V_bus=5.124V I_bus=58.9mA P_bus=300.9mW E_total_accum=128.956mWh
12:57:06.012 > [BENCH] IDLE | t_inference_us=0 | heap=37.2kB/282.0kB (min=239.4kB, biggest=108.0kB) | arena=0.9kB | V_bus=5.124V I_bus=58.5mA P_bus=298.9mW E_total_accum=129.123mWh
12:57:08.025 > [BENCH] IDLE | t_inference_us=0 | heap=37.2kB/282.0kB (min=239.4kB, biggest=108.0kB) | arena=0.9kB | V_bus=5.124V I_bus=60.4mA P_bus=309.0mW E_total_accum=129.296mWh
12:57:10.040 > [BENCH] IDLE | t_inference_us=0 | heap=37.2kB/282.0kB (min=239.4kB, biggest=108.0kB) | arena=0.9kB | V_bus=5.124V I_bus=60.2mA P_bus=308.3mW E_total_accum=129.469mWh
12:57:12.042 > [BENCH] IDLE | t_inference_us=0 | heap=37.2kB/282.0kB (min=239.4kB, biggest=108.0kB) | arena=0.9kB | V_bus=5.128V I_bus=59.4mA P_bus=304.3mW E_total_accum=129.639mWh
12:57:14.063 > [BENCH] IDLE | t_inference_us=0 | heap=37.2kB/282.0kB (min=239.4kB, biggest=108.0kB) | arena=0.9kB | V_bus=5.124V I_bus=59.0mA P_bus=302.0mW E_total_accum=129.808mWh
12:57:16.076 > [BENCH] IDLE | t_inference_us=0 | heap=37.2kB/282.0kB (min=239.4kB, biggest=108.0kB) | arena=0.9kB | V_bus=5.124V I_bus=59.6mA P_bus=305.4mW E_total_accum=129.979mWh
12:57:16.161 > 
12:57:16.161 > [EVENT] type=HOUR  Tin=30.10 Hin=62.71 Tout=33.60 Hout=55.90
12:57:16.167 > [infer] REAL - Invoke executed (model ran)
12:57:16.170 > 
12:57:16.171 > [PWR] infer | E_inference_window(ΔE_total)=0.137µWh (E0=129.985916mWh E1=129.986053mWh) | E_inference_pipeline(ΔE_total)=0.351µWh (E0=129.985779mWh E1=129.986130mWh) | t_inference=1.059ms | t_inference_pipeline=3.964ms | E_total_accum=129.986mWh
12:57:16.192 > [BENCH] INFER_HOURLY | t_inference_us=1059 | heap=37.2kB/282.0kB (min=239.3kB, biggest=108.0kB) | arena=0.9kB | V_bus=5.116V I_bus=65.6mA P_bus=335.8mW E_total_accum=129.986mWh
12:57:16.208 > [HOUR] Tin=30.10 Hin=62.71 | Tp=29.92 Hp=65.24
12:57:16.212 > [HOUR] SAMPLES | N_ALL=1 N_T=1 N_H=1
12:57:16.216 > [HOUR] METRICS | MAE=nan RMSE=nan R2=NA | MAE_T=nan RMSE_T=nan R2_T=NA | MAE_H=nan RMSE_H=nan R2_H=NA
12:57:16.612 > [SENSORS] Health IN ok=704 err=0 reinit=0 pwr=0 | OUT ok=704 err=0 reinit=0 pwr=0
12:57:18.186 > [BENCH] IDLE | t_inference_us=0 | heap=37.2kB/282.0kB (min=239.3kB, biggest=108.0kB) | arena=0.9kB | V_bus=5.124V I_bus=63.8mA P_bus=326.3mW E_total_accum=130.169mWh
12:57:20.189 > [BENCH] IDLE | t_inference_us=0 | heap=37.2kB/282.0kB (min=239.3kB, biggest=108.0kB) | arena=0.9kB | V_bus=5.124V I_bus=62.4mA P_bus=319.4mW E_total_accum=130.348mWh
12:57:22.204 > [BENCH] IDLE | t_inference_us=0 | heap=37.2kB/282.0kB (min=239.3kB, biggest=108.0kB) | arena=0.9kB | V_bus=5.124V I_bus=63.3mA P_bus=324.3mW E_total_accum=130.529mWh
12:57:24.223 > [BENCH] IDLE | t_inference_us=0 | heap=37.2kB/282.0kB (min=239.3kB, biggest=108.0kB) | arena=0.9kB | V_bus=5.124V I_bus=62.3mA P_bus=319.1mW E_total_accum=130.708mWh
12:57:26.241 > [BENCH] IDLE | t_inference_us=0 | heap=37.2kB/282.0kB (min=239.3kB, biggest=108.0kB) | arena=0.9kB | V_bus=5.124V I_bus=61.3mA P_bus=313.8mW E_total_accum=130.883mWh
12:57:28.254 > [BENCH] IDLE | t_inference_us=0 | heap=37.2kB/282.0kB (min=239.3kB, biggest=108.0kB) | arena=0.9kB | V_bus=5.128V I_bus=62.7mA P_bus=321.3mW E_total_accum=131.063mWh
12:57:30.253 > [BENCH] IDLE | t_inference_us=0 | heap=37.2kB/282.0kB (min=239.3kB, biggest=108.0kB) | arena=0.9kB | V_bus=5.128V I_bus=61.9mA P_bus=317.2mW E_total_accum=131.240mWh
12:57:32.273 > [BENCH] IDLE | t_inference_us=0 | heap=37.2kB/282.0kB (min=239.3kB, biggest=108.0kB) | arena=0.9kB | V_bus=5.128V I_bus=60.9mA P_bus=311.9mW E_total_accum=131.415mWh
12:57:34.292 > [BENCH] IDLE | t_inference_us=0 | heap=37.2kB/282.0kB (min=239.3kB, biggest=108.0kB) | arena=0.9kB | V_bus=5.128V I_bus=62.2mA P_bus=318.9mW E_total_accum=131.593mWh
12:57:36.306 > [BENCH] IDLE | t_inference_us=0 | heap=37.2kB/282.0kB (min=239.3kB, biggest=108.0kB) | arena=0.9kB | V_bus=5.124V I_bus=61.4mA P_bus=314.6mW E_total_accum=131.769mWh
12:57:38.312 > [BENCH] IDLE | t_inference_us=0 | heap=37.2kB/282.0kB (min=239.3kB, biggest=108.0kB) | arena=0.9kB | V_bus=5.128V I_bus=62.3mA P_bus=319.5mW E_total_accum=131.947mWh
12:57:40.319 > [BENCH] IDLE | t_inference_us=0 | heap=37.2kB/282.0kB (min=239.3kB, biggest=108.0kB) | arena=0.9kB | V_bus=5.128V I_bus=61.2mA P_bus=313.5mW E_total_accum=132.122mWh
12:57:42.334 > [BENCH] IDLE | t_inference_us=0 | heap=37.2kB/282.0kB (min=239.3kB, biggest=108.0kB) | arena=0.9kB | V_bus=5.128V I_bus=60.3mA P_bus=308.9mW E_total_accum=132.295mWh
12:57:44.353 > [BENCH] IDLE | t_inference_us=0 | heap=37.2kB/282.0kB (min=239.3kB, biggest=108.0kB) | arena=0.9kB | V_bus=5.128V I_bus=61.4mA P_bus=314.8mW E_total_accum=132.471mWh
12:57:46.353 > [BENCH] IDLE | t_inference_us=0 | heap=37.2kB/282.0kB (min=239.3kB, biggest=108.0kB) | arena=0.9kB | V_bus=5.128V I_bus=60.5mA P_bus=310.3mW E_total_accum=132.645mWh
12:57:48.372 > [BENCH] IDLE | t_inference_us=0 | heap=37.2kB/282.0kB (min=239.3kB, biggest=108.0kB) | arena=0.9kB | V_bus=5.124V I_bus=59.8mA P_bus=306.8mW E_total_accum=132.816mWh
12:57:50.385 > [BENCH] IDLE | t_inference_us=0 | heap=37.2kB/282.0kB (min=239.3kB, biggest=108.0kB) | arena=0.9kB | V_bus=5.128V I_bus=61.1mA P_bus=313.3mW E_total_accum=132.992mWh
12:57:52.409 > [BENCH] IDLE | t_inference_us=0 | heap=37.2kB/282.0kB (min=239.3kB, biggest=108.0kB) | arena=0.9kB | V_bus=5.128V I_bus=60.3mA P_bus=309.3mW E_total_accum=133.165mWh
12:57:54.418 > [BENCH] IDLE | t_inference_us=0 | heap=37.2kB/282.0kB (min=239.3kB, biggest=108.0kB) | arena=0.9kB | V_bus=5.124V I_bus=59.6mA P_bus=305.8mW E_total_accum=133.336mWh
12:57:56.438 > [BENCH] IDLE | t_inference_us=0 | heap=37.2kB/282.0kB (min=239.3kB, biggest=108.0kB) | arena=0.9kB | V_bus=5.128V I_bus=61.0mA P_bus=312.7mW E_total_accum=133.511mWh
12:57:58.448 > [BENCH] IDLE | t_inference_us=0 | heap=37.2kB/282.0kB (min=239.3kB, biggest=108.0kB) | arena=0.9kB | V_bus=5.128V I_bus=60.1mA P_bus=308.1mW E_total_accum=133.683mWh
12:58:00.464 > [BENCH] IDLE | t_inference_us=0 | heap=37.2kB/282.0kB (min=239.3kB, biggest=108.0kB) | arena=0.9kB | V_bus=5.124V I_bus=59.4mA P_bus=304.3mW E_total_accum=133.853mWh
12:58:02.476 > [BENCH] IDLE | t_inference_us=0 | heap=37.2kB/282.0kB (min=239.3kB, biggest=108.0kB) | arena=0.9kB | V_bus=5.128V I_bus=60.6mA P_bus=310.6mW E_total_accum=134.027mWh
12:58:04.486 > [BENCH] IDLE | t_inference_us=0 | heap=37.2kB/282.0kB (min=239.3kB, biggest=108.0kB) | arena=0.9kB | V_bus=5.128V I_bus=59.7mA P_bus=305.9mW E_total_accum=134.198mWh
12:58:06.499 > [BENCH] IDLE | t_inference_us=0 | heap=37.2kB/282.0kB (min=239.3kB, biggest=108.0kB) | arena=0.9kB | V_bus=5.124V I_bus=59.1mA P_bus=303.0mW E_total_accum=134.368mWh
12:58:08.521 > [BENCH] IDLE | t_inference_us=0 | heap=37.2kB/282.0kB (min=239.3kB, biggest=108.0kB) | arena=0.9kB | V_bus=5.124V I_bus=60.3mA P_bus=308.9mW E_total_accum=134.541mWh
12:58:10.529 > [BENCH] IDLE | t_inference_us=0 | heap=37.2kB/282.0kB (min=239.3kB, biggest=108.0kB) | arena=0.9kB | V_bus=5.128V I_bus=59.5mA P_bus=304.8mW E_total_accum=134.711mWh
12:58:12.545 > [BENCH] IDLE | t_inference_us=0 | heap=37.2kB/282.0kB (min=239.3kB, biggest=108.0kB) | arena=0.9kB | V_bus=5.108V I_bus=59.5mA P_bus=304.6mW E_total_accum=134.882mWh
12:58:14.547 > [BENCH] IDLE | t_inference_us=0 | heap=37.2kB/282.0kB (min=239.3kB, biggest=108.0kB) | arena=0.9kB | V_bus=5.128V I_bus=58.8mA P_bus=301.5mW E_total_accum=135.049mWh
12:58:16.161 > 
12:58:16.161 > [EVENT] type=HOUR  Tin=29.00 Hin=62.89 Tout=33.50 Hout=56.20
12:58:16.169 > [infer] REAL - Invoke executed (model ran)
12:58:16.172 > 
12:58:16.172 > [PWR] infer | E_inference_window(ΔE_total)=0.153µWh (E0=135.189636mWh E1=135.189789mWh) | E_inference_pipeline(ΔE_total)=0.366µWh (E0=135.189499mWh E1=135.189865mWh) | t_inference=1.077ms | t_inference_pipeline=4.004ms | E_total_accum=135.190mWh
12:58:16.195 > [BENCH] INFER_HOURLY | t_inference_us=1077 | heap=37.2kB/282.0kB (min=239.3kB, biggest=108.0kB) | arena=0.9kB | V_bus=5.116V I_bus=65.8mA P_bus=337.0mW E_total_accum=135.190mWh
12:58:16.208 > [HOUR] Tin=29.00 Hin=62.89 | Tp=30.12 Hp=62.74
12:58:16.213 > [HOUR] SAMPLES | N_ALL=2 N_T=2 N_H=2
12:58:16.216 > [HOUR] METRICS | MAE=nan RMSE=nan R2=NA | MAE_T=nan RMSE_T=nan R2_T=NA | MAE_H=nan RMSE_H=nan R2_H=NA
12:58:16.599 > [SENSORS] Health IN ok=732 err=0 reinit=0 pwr=0 | OUT ok=732 err=0 reinit=0 pwr=0
12:58:18.187 > [BENCH] IDLE | t_inference_us=0 | heap=37.2kB/282.0kB (min=239.3kB, biggest=108.0kB) | arena=0.9kB | V_bus=5.124V I_bus=64.0mA P_bus=327.7mW E_total_accum=135.374mWh
12:58:20.197 > [BENCH] IDLE | t_inference_us=0 | heap=37.2kB/282.0kB (min=239.3kB, biggest=108.0kB) | arena=0.9kB | V_bus=5.128V I_bus=65.1mA P_bus=333.4mW E_total_accum=135.560mWh
12:58:22.212 > [BENCH] IDLE | t_inference_us=0 | heap=37.2kB/282.0kB (min=239.3kB, biggest=108.0kB) | arena=0.9kB | V_bus=5.128V I_bus=63.7mA P_bus=326.5mW E_total_accum=135.743mWh
12:58:24.228 > [BENCH] IDLE | t_inference_us=0 | heap=37.2kB/282.0kB (min=239.3kB, biggest=108.0kB) | arena=0.9kB | V_bus=5.128V I_bus=62.3mA P_bus=319.2mW E_total_accum=135.921mWh
12:58:26.228 > [BENCH] IDLE | t_inference_us=0 | heap=37.2kB/282.0kB (min=239.3kB, biggest=108.0kB) | arena=0.9kB | V_bus=5.128V I_bus=63.1mA P_bus=323.4mW E_total_accum=136.102mWh
12:58:28.244 > [BENCH] IDLE | t_inference_us=0 | heap=37.2kB/282.0kB (min=239.3kB, biggest=108.0kB) | arena=0.9kB | V_bus=5.128V I_bus=61.7mA P_bus=316.2mW E_total_accum=136.279mWh
12:58:30.268 > [BENCH] IDLE | t_inference_us=0 | heap=37.2kB/282.0kB (min=239.3kB, biggest=108.0kB) | arena=0.9kB | V_bus=5.128V I_bus=60.6mA P_bus=310.8mW E_total_accum=136.453mWh
12:58:32.274 > [BENCH] IDLE | t_inference_us=0 | heap=37.2kB/282.0kB (min=239.3kB, biggest=108.0kB) | arena=0.9kB | V_bus=5.128V I_bus=61.2mA P_bus=313.7mW E_total_accum=136.628mWh
12:58:34.291 > [BENCH] IDLE | t_inference_us=0 | heap=37.2kB/282.0kB (min=239.3kB, biggest=108.0kB) | arena=0.9kB | V_bus=5.128V I_bus=60.2mA P_bus=308.6mW E_total_accum=136.801mWh
12:58:36.308 > [BENCH] IDLE | t_inference_us=0 | heap=37.2kB/282.0kB (min=239.3kB, biggest=108.0kB) | arena=0.9kB | V_bus=5.124V I_bus=62.2mA P_bus=318.9mW E_total_accum=136.980mWh
12:58:38.326 > [BENCH] IDLE | t_inference_us=0 | heap=37.2kB/282.0kB (min=239.3kB, biggest=108.0kB) | arena=0.9kB | V_bus=5.128V I_bus=61.6mA P_bus=315.7mW E_total_accum=137.156mWh
12:58:40.339 > [BENCH] IDLE | t_inference_us=0 | heap=37.2kB/282.0kB (min=239.3kB, biggest=108.0kB) | arena=0.9kB | V_bus=5.128V I_bus=60.7mA P_bus=311.0mW E_total_accum=137.330mWh
12:58:42.340 > [BENCH] IDLE | t_inference_us=0 | heap=37.2kB/282.0kB (min=239.3kB, biggest=108.0kB) | arena=0.9kB | V_bus=5.112V I_bus=63.0mA P_bus=323.0mW E_total_accum=137.510mWh
12:58:44.340 > [BENCH] IDLE | t_inference_us=0 | heap=37.2kB/282.0kB (min=239.3kB, biggest=108.0kB) | arena=0.9kB | V_bus=5.132V I_bus=64.4mA P_bus=330.2mW E_total_accum=137.694mWh
12:58:46.358 > [BENCH] IDLE | t_inference_us=0 | heap=37.2kB/282.0kB (min=239.3kB, biggest=108.0kB) | arena=0.9kB | V_bus=5.128V I_bus=63.0mA P_bus=323.0mW E_total_accum=137.875mWh
12:58:48.375 > [BENCH] IDLE | t_inference_us=0 | heap=37.2kB/282.0kB (min=239.3kB, biggest=108.0kB) | arena=0.9kB | V_bus=5.128V I_bus=61.6mA P_bus=315.9mW E_total_accum=138.052mWh
12:58:50.397 > [BENCH] IDLE | t_inference_us=0 | heap=37.2kB/282.0kB (min=239.3kB, biggest=108.0kB) | arena=0.9kB | V_bus=5.132V I_bus=61.2mA P_bus=313.8mW E_total_accum=138.227mWh
12:58:52.404 > [BENCH] IDLE | t_inference_us=0 | heap=37.2kB/282.0kB (min=239.3kB, biggest=108.0kB) | arena=0.9kB | V_bus=5.128V I_bus=60.3mA P_bus=309.2mW E_total_accum=138.400mWh
12:58:54.422 > [BENCH] IDLE | t_inference_us=0 | heap=37.2kB/282.0kB (min=239.3kB, biggest=108.0kB) | arena=0.9kB | V_bus=5.128V I_bus=61.2mA P_bus=313.6mW E_total_accum=138.576mWh
12:58:56.438 > [BENCH] IDLE | t_inference_us=0 | heap=37.2kB/282.0kB (min=239.3kB, biggest=108.0kB) | arena=0.9kB | V_bus=5.132V I_bus=60.1mA P_bus=308.4mW E_total_accum=138.748mWh
12:58:58.439 > [BENCH] IDLE | t_inference_us=0 | heap=37.2kB/282.0kB (min=239.3kB, biggest=108.0kB) | arena=0.9kB | V_bus=5.128V I_bus=61.6mA P_bus=316.1mW E_total_accum=138.925mWh
12:59:00.467 > [BENCH] IDLE | t_inference_us=0 | heap=37.2kB/282.0kB (min=239.3kB, biggest=108.0kB) | arena=0.9kB | V_bus=5.128V I_bus=60.5mA P_bus=310.0mW E_total_accum=139.099mWh
12:59:02.470 > [BENCH] IDLE | t_inference_us=0 | heap=37.2kB/282.0kB (min=239.3kB, biggest=108.0kB) | arena=0.9kB | V_bus=5.128V I_bus=62.2mA P_bus=318.8mW E_total_accum=139.277mWh
12:59:04.488 > [BENCH] IDLE | t_inference_us=0 | heap=37.2kB/282.0kB (min=239.3kB, biggest=108.0kB) | arena=0.9kB | V_bus=5.128V I_bus=61.2mA P_bus=313.6mW E_total_accum=139.452mWh
12:59:06.504 > [BENCH] IDLE | t_inference_us=0 | heap=37.2kB/282.0kB (min=239.3kB, biggest=108.0kB) | arena=0.9kB | V_bus=5.128V I_bus=60.2mA P_bus=308.7mW E_total_accum=139.625mWh
12:59:08.521 > [BENCH] IDLE | t_inference_us=0 | heap=37.2kB/282.0kB (min=239.3kB, biggest=108.0kB) | arena=0.9kB | V_bus=5.128V I_bus=59.9mA P_bus=307.3mW E_total_accum=139.797mWh
12:59:10.534 > [BENCH] IDLE | t_inference_us=0 | heap=37.2kB/282.0kB (min=239.3kB, biggest=108.0kB) | arena=0.9kB | V_bus=5.128V I_bus=59.2mA P_bus=303.8mW E_total_accum=139.967mWh
12:59:12.540 > [BENCH] IDLE | t_inference_us=0 | heap=37.2kB/282.0kB (min=239.3kB, biggest=108.0kB) | arena=0.9kB | V_bus=5.128V I_bus=59.3mA P_bus=304.3mW E_total_accum=140.137mWh
12:59:14.559 > [BENCH] IDLE | t_inference_us=0 | heap=37.2kB/282.0kB (min=239.3kB, biggest=108.0kB) | arena=0.9kB | V_bus=5.124V I_bus=58.7mA P_bus=301.0mW E_total_accum=140.306mWh
12:59:16.150 > 
12:59:16.150 > [EVENT] type=HOUR  Tin=27.70 Hin=65.30 Tout=33.30 Hout=57.00
12:59:16.167 > [infer] REAL - Invoke executed (model ran)
12:59:16.172 > 
12:59:16.172 > [PWR] infer | E_inference_window(ΔE_total)=0.137µWh (E0=140.440613mWh E1=140.440750mWh) | E_inference_pipeline(ΔE_total)=0.351µWh (E0=140.440475mWh E1=140.440826mWh) | t_inference=1.050ms | t_inference_pipeline=3.955ms | E_total_accum=140.441mWh
12:59:16.197 > [BENCH] INFER_HOURLY | t_inference_us=1050 | heap=37.2kB/282.0kB (min=239.3kB, biggest=108.0kB) | arena=0.9kB | V_bus=5.120V I_bus=65.6mA P_bus=336.0mW E_total_accum=140.441mWh
12:59:16.211 > [HOUR] Tin=27.70 Hin=65.30 | Tp=29.02 Hp=62.92
12:59:16.215 > [HOUR] SAMPLES | N_ALL=3 N_T=3 N_H=3
12:59:16.218 > [HOUR] METRICS | MAE=nan RMSE=nan R2=NA | MAE_T=nan RMSE_T=nan R2_T=NA | MAE_H=nan RMSE_H=nan R2_H=NA
12:59:16.626 > [SENSORS] Health IN ok=761 err=0 reinit=0 pwr=0 | OUT ok=761 err=0 reinit=0 pwr=0
12:59:18.184 > [BENCH] IDLE | t_inference_us=0 | heap=37.2kB/282.0kB (min=239.3kB, biggest=108.0kB) | arena=0.9kB | V_bus=5.132V I_bus=63.9mA P_bus=327.3mW E_total_accum=140.624mWh
12:59:20.201 > [BENCH] IDLE | t_inference_us=0 | heap=37.2kB/282.0kB (min=239.3kB, biggest=108.0kB) | arena=0.9kB | V_bus=5.132V I_bus=62.4mA P_bus=319.7mW E_total_accum=140.803mWh
12:59:22.203 > [BENCH] IDLE | t_inference_us=0 | heap=37.2kB/282.0kB (min=239.3kB, biggest=108.0kB) | arena=0.9kB | V_bus=5.128V I_bus=61.3mA P_bus=314.4mW E_total_accum=140.979mWh
12:59:24.231 > [BENCH] IDLE | t_inference_us=0 | heap=37.2kB/282.0kB (min=239.3kB, biggest=108.0kB) | arena=0.9kB | V_bus=5.128V I_bus=60.3mA P_bus=309.3mW E_total_accum=141.152mWh
12:59:26.237 > [BENCH] IDLE | t_inference_us=0 | heap=37.2kB/282.0kB (min=239.3kB, biggest=108.0kB) | arena=0.9kB | V_bus=5.128V I_bus=59.7mA P_bus=306.0mW E_total_accum=141.323mWh
12:59:28.245 > [BENCH] IDLE | t_inference_us=0 | heap=37.2kB/282.0kB (min=239.3kB, biggest=108.0kB) | arena=0.9kB | V_bus=5.132V I_bus=61.8mA P_bus=316.7mW E_total_accum=141.501mWh
12:59:30.266 > [BENCH] IDLE | t_inference_us=0 | heap=37.2kB/282.0kB (min=239.3kB, biggest=108.0kB) | arena=0.9kB | V_bus=5.128V I_bus=60.6mA P_bus=310.8mW E_total_accum=141.674mWh
12:59:32.285 > [BENCH] IDLE | t_inference_us=0 | heap=37.2kB/282.0kB (min=239.3kB, biggest=108.0kB) | arena=0.9kB | V_bus=5.128V I_bus=62.3mA P_bus=319.5mW E_total_accum=141.853mWh
12:59:34.300 > [BENCH] IDLE | t_inference_us=0 | heap=37.2kB/282.0kB (min=239.3kB, biggest=108.0kB) | arena=0.9kB | V_bus=5.128V I_bus=61.0mA P_bus=312.5mW E_total_accum=142.028mWh
12:59:36.312 > [BENCH] IDLE | t_inference_us=0 | heap=37.2kB/282.0kB (min=239.3kB, biggest=108.0kB) | arena=0.9kB | V_bus=5.128V I_bus=62.6mA P_bus=320.8mW E_total_accum=142.208mWh
12:59:38.314 > [BENCH] IDLE | t_inference_us=0 | heap=37.2kB/282.0kB (min=239.3kB, biggest=108.0kB) | arena=0.9kB | V_bus=5.128V I_bus=61.2mA P_bus=314.0mW E_total_accum=142.383mWh
12:59:40.330 > [BENCH] IDLE | t_inference_us=0 | heap=37.2kB/282.0kB (min=239.3kB, biggest=108.0kB) | arena=0.9kB | V_bus=5.132V I_bus=62.3mA P_bus=319.7mW E_total_accum=142.562mWh
12:59:42.354 > [BENCH] IDLE | t_inference_us=0 | heap=37.2kB/282.0kB (min=239.3kB, biggest=108.0kB) | arena=0.9kB | V_bus=5.132V I_bus=61.0mA P_bus=312.7mW E_total_accum=142.737mWh
12:59:44.367 > [BENCH] IDLE | t_inference_us=0 | heap=37.2kB/282.0kB (min=239.3kB, biggest=108.0kB) | arena=0.9kB | V_bus=5.128V I_bus=61.6mA P_bus=315.9mW E_total_accum=142.914mWh
12:59:46.378 > [BENCH] IDLE | t_inference_us=0 | heap=37.2kB/282.0kB (min=239.3kB, biggest=108.0kB) | arena=0.9kB | V_bus=5.112V I_bus=61.6mA P_bus=315.7mW E_total_accum=143.090mWh
12:59:48.371 > [BENCH] IDLE | t_inference_us=0 | heap=37.2kB/282.0kB (min=239.3kB, biggest=108.0kB) | arena=0.9kB | V_bus=5.128V I_bus=60.4mA P_bus=309.8mW E_total_accum=143.263mWh
12:59:50.394 > [BENCH] IDLE | t_inference_us=0 | heap=37.2kB/282.0kB (min=239.3kB, biggest=108.0kB) | arena=0.9kB | V_bus=5.128V I_bus=60.9mA P_bus=312.2mW E_total_accum=143.437mWh
12:59:52.413 > [BENCH] IDLE | t_inference_us=0 | heap=37.2kB/282.0kB (min=239.3kB, biggest=108.0kB) | arena=0.9kB | V_bus=5.124V I_bus=60.0mA P_bus=307.5mW E_total_accum=143.609mWh
12:59:54.425 > [BENCH] IDLE | t_inference_us=0 | heap=37.2kB/282.0kB (min=239.3kB, biggest=108.0kB) | arena=0.9kB | V_bus=5.132V I_bus=59.8mA P_bus=306.4mW E_total_accum=143.781mWh
12:59:56.441 > [BENCH] IDLE | t_inference_us=0 | heap=37.2kB/282.0kB (min=239.3kB, biggest=108.0kB) | arena=0.9kB | V_bus=5.128V I_bus=59.1mA P_bus=303.0mW E_total_accum=143.950mWh
12:59:58.442 > [BENCH] IDLE | t_inference_us=0 | heap=37.2kB/282.0kB (min=239.3kB, biggest=108.0kB) | arena=0.9kB | V_bus=5.128V I_bus=58.5mA P_bus=299.7mW E_total_accum=144.118mWh
13:00:00.460 > [BENCH] IDLE | t_inference_us=0 | heap=37.2kB/282.0kB (min=239.3kB, biggest=108.0kB) | arena=0.9kB | V_bus=5.132V I_bus=60.2mA P_bus=308.9mW E_total_accum=144.291mWh
13:00:02.483 > [BENCH] IDLE | t_inference_us=0 | heap=37.2kB/282.0kB (min=239.3kB, biggest=108.0kB) | arena=0.9kB | V_bus=5.132V I_bus=59.2mA P_bus=303.8mW E_total_accum=144.461mWh
13:00:04.491 > [BENCH] IDLE | t_inference_us=0 | heap=37.2kB/282.0kB (min=239.3kB, biggest=108.0kB) | arena=0.9kB | V_bus=5.132V I_bus=59.8mA P_bus=306.8mW E_total_accum=144.632mWh
13:00:06.507 > [BENCH] IDLE | t_inference_us=0 | heap=37.2kB/282.0kB (min=239.3kB, biggest=108.0kB) | arena=0.9kB | V_bus=5.128V I_bus=59.1mA P_bus=303.1mW E_total_accum=144.802mWh
13:00:08.525 > [BENCH] IDLE | t_inference_us=0 | heap=37.2kB/282.0kB (min=239.3kB, biggest=108.0kB) | arena=0.9kB | V_bus=5.132V I_bus=58.8mA P_bus=301.5mW E_total_accum=144.970mWh
13:00:10.525 > [BENCH] IDLE | t_inference_us=0 | heap=37.2kB/282.0kB (min=239.3kB, biggest=108.0kB) | arena=0.9kB | V_bus=5.128V I_bus=60.9mA P_bus=312.2mW E_total_accum=145.145mWh
13:00:12.553 > [BENCH] IDLE | t_inference_us=0 | heap=37.2kB/282.0kB (min=239.3kB, biggest=108.0kB) | arena=0.9kB | V_bus=5.128V I_bus=59.9mA P_bus=307.1mW E_total_accum=145.317mWh
13:00:14.554 > [BENCH] IDLE | t_inference_us=0 | heap=37.2kB/282.0kB (min=239.3kB, biggest=108.0kB) | arena=0.9kB | V_bus=5.132V I_bus=60.4mA P_bus=309.7mW E_total_accum=145.490mWh
13:00:16.166 > 
13:00:16.166 > [EVENT] type=HOUR  Tin=26.90 Hin=65.90 Tout=33.50 Hout=56.60
13:00:16.166 > [infer] REAL - Invoke executed (model ran)
13:00:16.175 > 
13:00:16.175 > [PWR] infer | E_inference_window(ΔE_total)=0.153µWh (E0=145.631622mWh E1=145.631775mWh) | E_inference_pipeline(ΔE_total)=0.366µWh (E0=145.631485mWh E1=145.631851mWh) | t_inference=1.074ms | t_inference_pipeline=3.974ms | E_total_accum=145.632mWh
13:00:16.194 > [BENCH] INFER_HOURLY | t_inference_us=1074 | heap=37.2kB/282.0kB (min=239.3kB, biggest=108.0kB) | arena=0.9kB | V_bus=5.120V I_bus=65.9mA P_bus=337.5mW E_total_accum=145.632mWh
13:00:16.213 > [HOUR] Tin=26.90 Hin=65.90 | Tp=27.62 Hp=65.27
13:00:16.217 > [HOUR] SAMPLES | N_ALL=4 N_T=4 N_H=4
13:00:16.221 > [HOUR] METRICS | MAE=nan RMSE=nan R2=NA | MAE_T=nan RMSE_T=nan R2_T=NA | MAE_H=nan RMSE_H=nan R2_H=NA
13:00:16.627 > [SENSORS] Health IN ok=789 err=0 reinit=0 pwr=0 | OUT ok=789 err=0 reinit=0 pwr=0
13:00:18.189 > [BENCH] IDLE | t_inference_us=0 | heap=37.2kB/282.0kB (min=239.3kB, biggest=108.0kB) | arena=0.9kB | V_bus=5.128V I_bus=65.5mA P_bus=335.7mW E_total_accum=145.820mWh
13:00:20.204 > [BENCH] IDLE | t_inference_us=0 | heap=37.2kB/282.0kB (min=239.3kB, biggest=108.0kB) | arena=0.9kB | V_bus=5.132V I_bus=63.6mA P_bus=326.2mW E_total_accum=146.002mWh
13:00:22.205 > [BENCH] IDLE | t_inference_us=0 | heap=37.2kB/282.0kB (min=239.3kB, biggest=108.0kB) | arena=0.9kB | V_bus=5.132V I_bus=62.5mA P_bus=320.5mW E_total_accum=146.182mWh
13:00:24.228 > [BENCH] IDLE | t_inference_us=0 | heap=37.2kB/282.0kB (min=239.3kB, biggest=108.0kB) | arena=0.9kB | V_bus=5.128V I_bus=63.9mA P_bus=327.9mW E_total_accum=146.365mWh
13:00:26.236 > [BENCH] IDLE | t_inference_us=0 | heap=37.2kB/282.0kB (min=239.3kB, biggest=108.0kB) | arena=0.9kB | V_bus=5.132V I_bus=62.2mA P_bus=319.0mW E_total_accum=146.544mWh
13:00:28.253 > [BENCH] IDLE | t_inference_us=0 | heap=37.2kB/282.0kB (min=239.3kB, biggest=108.0kB) | arena=0.9kB | V_bus=5.132V I_bus=61.8mA P_bus=316.8mW E_total_accum=146.721mWh
13:00:30.269 > [BENCH] IDLE | t_inference_us=0 | heap=37.2kB/282.0kB (min=239.3kB, biggest=108.0kB) | arena=0.9kB | V_bus=5.128V I_bus=60.6mA P_bus=310.7mW E_total_accum=146.895mWh
13:00:32.288 > [BENCH] IDLE | t_inference_us=0 | heap=37.2kB/282.0kB (min=239.3kB, biggest=108.0kB) | arena=0.9kB | V_bus=5.128V I_bus=59.6mA P_bus=305.6mW E_total_accum=147.066mWh
13:00:34.290 > [BENCH] IDLE | t_inference_us=0 | heap=37.2kB/282.0kB (min=239.3kB, biggest=108.0kB) | arena=0.9kB | V_bus=5.128V I_bus=60.4mA P_bus=309.5mW E_total_accum=147.239mWh
13:00:36.311 > [BENCH] IDLE | t_inference_us=0 | heap=37.2kB/282.0kB (min=239.3kB, biggest=108.0kB) | arena=0.9kB | V_bus=5.128V I_bus=59.5mA P_bus=305.1mW E_total_accum=147.410mWh
13:00:38.318 > [BENCH] IDLE | t_inference_us=0 | heap=37.2kB/282.0kB (min=239.3kB, biggest=108.0kB) | arena=0.9kB | V_bus=5.132V I_bus=58.9mA P_bus=301.9mW E_total_accum=147.578mWh
13:00:40.335 > [BENCH] IDLE | t_inference_us=0 | heap=37.2kB/282.0kB (min=239.3kB, biggest=108.0kB) | arena=0.9kB | V_bus=5.132V I_bus=60.1mA P_bus=308.3mW E_total_accum=147.751mWh
13:00:42.351 > [BENCH] IDLE | t_inference_us=0 | heap=37.2kB/282.0kB (min=239.3kB, biggest=108.0kB) | arena=0.9kB | V_bus=5.128V I_bus=59.2mA P_bus=303.7mW E_total_accum=147.921mWh
13:00:44.369 > [BENCH] IDLE | t_inference_us=0 | heap=37.2kB/282.0kB (min=239.3kB, biggest=108.0kB) | arena=0.9kB | V_bus=5.132V I_bus=58.6mA P_bus=300.6mW E_total_accum=148.089mWh
13:00:46.385 > [BENCH] IDLE | t_inference_us=0 | heap=37.2kB/282.0kB (min=239.3kB, biggest=108.0kB) | arena=0.9kB | V_bus=5.132V I_bus=59.9mA P_bus=307.5mW E_total_accum=148.261mWh
13:00:48.398 > [BENCH] IDLE | t_inference_us=0 | heap=37.2kB/282.0kB (min=239.3kB, biggest=108.0kB) | arena=0.9kB | V_bus=5.128V I_bus=59.2mA P_bus=303.6mW E_total_accum=148.431mWh
13:00:50.399 > [BENCH] IDLE | t_inference_us=0 | heap=37.2kB/282.0kB (min=239.3kB, biggest=108.0kB) | arena=0.9kB | V_bus=5.128V I_bus=58.5mA P_bus=300.2mW E_total_accum=148.599mWh
13:00:52.414 > [BENCH] IDLE | t_inference_us=0 | heap=37.2kB/282.0kB (min=239.3kB, biggest=108.0kB) | arena=0.9kB | V_bus=5.128V I_bus=57.9mA P_bus=297.1mW E_total_accum=148.764mWh
13:00:54.428 > [BENCH] IDLE | t_inference_us=0 | heap=37.2kB/282.0kB (min=239.3kB, biggest=108.0kB) | arena=0.9kB | V_bus=5.128V I_bus=58.5mA P_bus=300.2mW E_total_accum=148.932mWh
13:00:56.429 > [BENCH] IDLE | t_inference_us=0 | heap=37.2kB/282.0kB (min=239.3kB, biggest=108.0kB) | arena=0.9kB | V_bus=5.132V I_bus=58.0mA P_bus=297.8mW E_total_accum=149.099mWh
13:00:58.447 > [BENCH] IDLE | t_inference_us=0 | heap=37.2kB/282.0kB (min=239.3kB, biggest=108.0kB) | arena=0.9kB | V_bus=5.128V I_bus=57.5mA P_bus=295.1mW E_total_accum=149.264mWh
13:01:00.469 > [BENCH] IDLE | t_inference_us=0 | heap=37.2kB/282.0kB (min=239.3kB, biggest=108.0kB) | arena=0.9kB | V_bus=5.128V I_bus=57.8mA P_bus=296.7mW E_total_accum=149.430mWh
13:01:02.482 > [BENCH] IDLE | t_inference_us=0 | heap=37.2kB/282.0kB (min=239.3kB, biggest=108.0kB) | arena=0.9kB | V_bus=5.132V I_bus=57.4mA P_bus=294.6mW E_total_accum=149.595mWh
13:01:04.488 > [BENCH] IDLE | t_inference_us=0 | heap=37.2kB/282.0kB (min=239.3kB, biggest=108.0kB) | arena=0.9kB | V_bus=5.128V I_bus=57.0mA P_bus=292.2mW E_total_accum=149.758mWh
13:01:06.498 > [BENCH] IDLE | t_inference_us=0 | heap=37.2kB/282.0kB (min=239.3kB, biggest=108.0kB) | arena=0.9kB | V_bus=5.124V I_bus=58.6mA P_bus=300.6mW E_total_accum=149.926mWh
13:01:08.515 > [BENCH] IDLE | t_inference_us=0 | heap=37.2kB/282.0kB (min=239.3kB, biggest=108.0kB) | arena=0.9kB | V_bus=5.128V I_bus=58.1mA P_bus=297.9mW E_total_accum=150.093mWh
13:01:10.534 > [BENCH] IDLE | t_inference_us=0 | heap=37.2kB/282.0kB (min=239.3kB, biggest=108.0kB) | arena=0.9kB | V_bus=5.128V I_bus=57.8mA P_bus=296.5mW E_total_accum=150.259mWh
13:01:12.549 > [BENCH] IDLE | t_inference_us=0 | heap=37.2kB/282.0kB (min=239.3kB, biggest=108.0kB) | arena=0.9kB | V_bus=5.128V I_bus=59.3mA P_bus=304.3mW E_total_accum=150.429mWh
13:01:14.568 > [BENCH] IDLE | t_inference_us=0 | heap=37.2kB/282.0kB (min=239.3kB, biggest=108.0kB) | arena=0.9kB | V_bus=5.128V I_bus=58.6mA P_bus=300.5mW E_total_accum=150.597mWh
13:01:16.139 > 
13:01:16.139 > [EVENT] type=HOUR  Tin=26.40 Hin=66.97 Tout=33.80 Hout=55.60
13:01:16.139 > [infer] REAL - Invoke executed (model ran)
13:01:16.149 > 
13:01:16.149 > [PWR] infer | E_inference_window(ΔE_total)=0.137µWh (E0=150.732880mWh E1=150.733017mWh) | E_inference_pipeline(ΔE_total)=0.351µWh (E0=150.732742mWh E1=150.733093mWh) | t_inference=1.052ms | t_inference_pipeline=3.994ms | E_total_accum=150.733mWh
13:01:16.172 > [BENCH] INFER_HOURLY | t_inference_us=1052 | heap=37.2kB/282.0kB (min=239.3kB, biggest=108.0kB) | arena=0.9kB | V_bus=5.116V I_bus=64.2mA P_bus=328.8mW E_total_accum=150.733mWh
13:01:16.190 > [HOUR] Tin=26.40 Hin=66.97 | Tp=26.82 Hp=65.87
13:01:16.190 > [HOUR] SAMPLES | N_ALL=5 N_T=5 N_H=5
13:01:16.194 > [HOUR] METRICS | MAE=nan RMSE=nan R2=NA | MAE_T=nan RMSE_T=nan R2_T=NA | MAE_H=nan RMSE_H=nan R2_H=NA
13:01:16.629 > [SENSORS] Health IN ok=817 err=0 reinit=0 pwr=0 | OUT ok=817 err=0 reinit=0 pwr=0
13:01:18.158 > [BENCH] IDLE | t_inference_us=0 | heap=37.2kB/282.0kB (min=239.3kB, biggest=108.0kB) | arena=0.9kB | V_bus=5.128V I_bus=62.5mA P_bus=320.1mW E_total_accum=150.912mWh
13:01:20.170 > [BENCH] IDLE | t_inference_us=0 | heap=37.2kB/282.0kB (min=239.3kB, biggest=108.0kB) | arena=0.9kB | V_bus=5.112V I_bus=62.5mA P_bus=320.0mW E_total_accum=151.091mWh
13:01:22.175 > [BENCH] IDLE | t_inference_us=0 | heap=37.2kB/282.0kB (min=239.3kB, biggest=108.0kB) | arena=0.9kB | V_bus=5.128V I_bus=61.0mA P_bus=312.5mW E_total_accum=151.265mWh
13:01:24.193 > [BENCH] IDLE | t_inference_us=0 | heap=37.2kB/282.0kB (min=239.3kB, biggest=108.0kB) | arena=0.9kB | V_bus=5.128V I_bus=60.6mA P_bus=310.4mW E_total_accum=151.439mWh
13:01:26.207 > [BENCH] IDLE | t_inference_us=0 | heap=37.2kB/282.0kB (min=239.3kB, biggest=108.0kB) | arena=0.9kB | V_bus=5.128V I_bus=62.1mA P_bus=318.2mW E_total_accum=151.617mWh
13:01:28.207 > [BENCH] IDLE | t_inference_us=0 | heap=37.2kB/282.0kB (min=239.3kB, biggest=108.0kB) | arena=0.9kB | V_bus=5.128V I_bus=60.9mA P_bus=312.2mW E_total_accum=151.791mWh
13:01:30.223 > [BENCH] IDLE | t_inference_us=0 | heap=37.2kB/282.0kB (min=239.3kB, biggest=108.0kB) | arena=0.9kB | V_bus=5.128V I_bus=59.8mA P_bus=306.6mW E_total_accum=151.963mWh
13:01:32.242 > [BENCH] IDLE | t_inference_us=0 | heap=37.2kB/282.0kB (min=239.3kB, biggest=108.0kB) | arena=0.9kB | V_bus=5.132V I_bus=60.2mA P_bus=308.8mW E_total_accum=152.136mWh
13:01:34.259 > [BENCH] IDLE | t_inference_us=0 | heap=37.2kB/282.0kB (min=239.3kB, biggest=108.0kB) | arena=0.9kB | V_bus=5.128V I_bus=61.9mA P_bus=317.4mW E_total_accum=152.313mWh
13:01:36.267 > [BENCH] IDLE | t_inference_us=0 | heap=37.2kB/282.0kB (min=239.3kB, biggest=108.0kB) | arena=0.9kB | V_bus=5.132V I_bus=60.7mA P_bus=311.4mW E_total_accum=152.488mWh
13:01:38.289 > [BENCH] IDLE | t_inference_us=0 | heap=37.2kB/282.0kB (min=239.3kB, biggest=108.0kB) | arena=0.9kB | V_bus=5.132V I_bus=59.7mA P_bus=306.1mW E_total_accum=152.659mWh
13:01:40.289 > [BENCH] IDLE | t_inference_us=0 | heap=37.2kB/282.0kB (min=239.3kB, biggest=108.0kB) | arena=0.9kB | V_bus=5.132V I_bus=59.9mA P_bus=307.5mW E_total_accum=152.831mWh
13:01:42.316 > [BENCH] IDLE | t_inference_us=0 | heap=37.2kB/282.0kB (min=239.3kB, biggest=108.0kB) | arena=0.9kB | V_bus=5.132V I_bus=61.7mA P_bus=316.7mW E_total_accum=153.008mWh
13:01:44.331 > [BENCH] IDLE | t_inference_us=0 | heap=37.2kB/282.0kB (min=239.3kB, biggest=108.0kB) | arena=0.9kB | V_bus=5.128V I_bus=60.5mA P_bus=310.3mW E_total_accum=153.181mWh
13:01:46.334 > [BENCH] IDLE | t_inference_us=0 | heap=37.2kB/282.0kB (min=239.3kB, biggest=108.0kB) | arena=0.9kB | V_bus=5.132V I_bus=59.4mA P_bus=304.8mW E_total_accum=153.352mWh
13:01:48.354 > [BENCH] IDLE | t_inference_us=0 | heap=37.2kB/282.0kB (min=239.3kB, biggest=108.0kB) | arena=0.9kB | V_bus=5.128V I_bus=59.3mA P_bus=304.3mW E_total_accum=153.522mWh
13:01:50.371 > [BENCH] IDLE | t_inference_us=0 | heap=37.2kB/282.0kB (min=239.3kB, biggest=108.0kB) | arena=0.9kB | V_bus=5.128V I_bus=60.7mA P_bus=311.3mW E_total_accum=153.696mWh
13:01:52.387 > [BENCH] IDLE | t_inference_us=0 | heap=37.2kB/282.0kB (min=239.3kB, biggest=108.0kB) | arena=0.9kB | V_bus=5.128V I_bus=59.7mA P_bus=306.2mW E_total_accum=153.868mWh
13:01:54.388 > [BENCH] IDLE | t_inference_us=0 | heap=37.2kB/282.0kB (min=239.3kB, biggest=108.0kB) | arena=0.9kB | V_bus=5.132V I_bus=58.9mA P_bus=302.1mW E_total_accum=154.037mWh
13:01:56.402 > [BENCH] IDLE | t_inference_us=0 | heap=37.2kB/282.0kB (min=239.3kB, biggest=108.0kB) | arena=0.9kB | V_bus=5.128V I_bus=58.3mA P_bus=298.9mW E_total_accum=154.203mWh
13:01:58.402 > [BENCH] IDLE | t_inference_us=0 | heap=37.2kB/282.0kB (min=239.3kB, biggest=108.0kB) | arena=0.9kB | V_bus=5.132V I_bus=57.7mA P_bus=295.8mW E_total_accum=154.368mWh
13:02:00.424 > [BENCH] IDLE | t_inference_us=0 | heap=37.2kB/282.0kB (min=239.3kB, biggest=108.0kB) | arena=0.9kB | V_bus=5.128V I_bus=57.4mA P_bus=294.4mW E_total_accum=154.533mWh
13:02:02.436 > [BENCH] IDLE | t_inference_us=0 | heap=37.2kB/282.0kB (min=239.3kB, biggest=108.0kB) | arena=0.9kB | V_bus=5.128V I_bus=58.3mA P_bus=298.8mW E_total_accum=154.700mWh
13:02:04.458 > [BENCH] IDLE | t_inference_us=0 | heap=37.2kB/282.0kB (min=239.3kB, biggest=108.0kB) | arena=0.9kB | V_bus=5.132V I_bus=60.4mA P_bus=309.9mW E_total_accum=154.874mWh
13:02:06.466 > [BENCH] IDLE | t_inference_us=0 | heap=37.2kB/282.0kB (min=239.3kB, biggest=108.0kB) | arena=0.9kB | V_bus=5.128V I_bus=59.5mA P_bus=305.2mW E_total_accum=155.044mWh
13:02:08.487 > [BENCH] IDLE | t_inference_us=0 | heap=37.2kB/282.0kB (min=239.3kB, biggest=108.0kB) | arena=0.9kB | V_bus=5.128V I_bus=58.7mA P_bus=301.0mW E_total_accum=155.213mWh
13:02:10.500 > [BENCH] IDLE | t_inference_us=0 | heap=37.2kB/282.0kB (min=239.3kB, biggest=108.0kB) | arena=0.9kB | V_bus=5.128V I_bus=58.5mA P_bus=300.0mW E_total_accum=155.381mWh
13:02:12.500 > [BENCH] IDLE | t_inference_us=0 | heap=37.2kB/282.0kB (min=239.3kB, biggest=108.0kB) | arena=0.9kB | V_bus=5.128V I_bus=59.3mA P_bus=303.9mW E_total_accum=155.551mWh
13:02:14.517 > [BENCH] IDLE | t_inference_us=0 | heap=37.2kB/282.0kB (min=239.3kB, biggest=108.0kB) | arena=0.9kB | V_bus=5.132V I_bus=61.0mA P_bus=313.1mW E_total_accum=155.726mWh
13:02:16.134 > 
13:02:16.134 > [EVENT] type=HOUR  Tin=26.20 Hin=65.74 Tout=33.90 Hout=55.40
13:02:16.134 > [infer] REAL - Invoke executed (model ran)
13:02:16.151 > 
13:02:16.151 > [PWR] infer | E_inference_window(ΔE_total)=0.153µWh (E0=155.869797mWh E1=155.869949mWh) | E_inference_pipeline(ΔE_total)=0.381µWh (E0=155.869644mWh E1=155.870026mWh) | t_inference=1.071ms | t_inference_pipeline=4.012ms | E_total_accum=155.870mWh
13:02:16.171 > [BENCH] INFER_HOURLY | t_inference_us=1071 | heap=37.2kB/282.0kB (min=239.3kB, biggest=108.0kB) | arena=0.9kB | V_bus=5.120V I_bus=65.7mA P_bus=336.4mW E_total_accum=155.870mWh
13:02:16.186 > [HOUR] Tin=26.20 Hin=65.74 | Tp=26.42 Hp=67.00
13:02:16.188 > [HOUR] SAMPLES | N_ALL=6 N_T=6 N_H=6
13:02:16.194 > [HOUR] METRICS | MAE=nan RMSE=nan R2=NA | MAE_T=nan RMSE_T=nan R2_T=NA | MAE_H=nan RMSE_H=nan R2_H=NA
13:02:16.630 > [SENSORS] Health IN ok=845 err=0 reinit=0 pwr=0 | OUT ok=845 err=0 reinit=0 pwr=0
13:02:18.165 > [BENCH] IDLE | t_inference_us=0 | heap=37.2kB/282.0kB (min=239.3kB, biggest=108.0kB) | arena=0.9kB | V_bus=5.132V I_bus=66.2mA P_bus=339.5mW E_total_accum=156.060mWh
13:02:20.178 > [BENCH] IDLE | t_inference_us=0 | heap=37.2kB/282.0kB (min=239.3kB, biggest=108.0kB) | arena=0.9kB | V_bus=5.132V I_bus=64.1mA P_bus=328.4mW E_total_accum=156.244mWh
13:02:22.180 > [BENCH] IDLE | t_inference_us=0 | heap=37.2kB/282.0kB (min=239.3kB, biggest=108.0kB) | arena=0.9kB | V_bus=5.132V I_bus=62.3mA P_bus=319.3mW E_total_accum=156.423mWh
13:02:24.198 > [BENCH] IDLE | t_inference_us=0 | heap=37.2kB/282.0kB (min=239.3kB, biggest=108.0kB) | arena=0.9kB | V_bus=5.112V I_bus=64.2mA P_bus=328.9mW E_total_accum=156.607mWh
13:02:26.198 > [BENCH] IDLE | t_inference_us=0 | heap=37.2kB/282.0kB (min=239.3kB, biggest=108.0kB) | arena=0.9kB | V_bus=5.128V I_bus=62.3mA P_bus=319.5mW E_total_accum=156.784mWh
13:02:28.211 > [BENCH] IDLE | t_inference_us=0 | heap=37.2kB/282.0kB (min=239.3kB, biggest=108.0kB) | arena=0.9kB | V_bus=5.128V I_bus=61.3mA P_bus=314.1mW E_total_accum=156.960mWh
13:02:30.236 > [BENCH] IDLE | t_inference_us=0 | heap=37.2kB/282.0kB (min=239.3kB, biggest=108.0kB) | arena=0.9kB | V_bus=5.132V I_bus=61.3mA P_bus=314.2mW E_total_accum=157.136mWh
13:02:32.246 > [BENCH] IDLE | t_inference_us=0 | heap=37.2kB/282.0kB (min=239.3kB, biggest=108.0kB) | arena=0.9kB | V_bus=5.132V I_bus=62.5mA P_bus=320.4mW E_total_accum=157.315mWh
13:02:34.263 > [BENCH] IDLE | t_inference_us=0 | heap=37.2kB/282.0kB (min=239.3kB, biggest=108.0kB) | arena=0.9kB | V_bus=5.128V I_bus=61.2mA P_bus=313.7mW E_total_accum=157.490mWh
13:02:36.263 > [BENCH] IDLE | t_inference_us=0 | heap=37.2kB/282.0kB (min=239.3kB, biggest=108.0kB) | arena=0.9kB | V_bus=5.132V I_bus=60.1mA P_bus=308.3mW E_total_accum=157.663mWh
13:02:38.291 > [BENCH] IDLE | t_inference_us=0 | heap=37.2kB/282.0kB (min=239.3kB, biggest=108.0kB) | arena=0.9kB | V_bus=5.128V I_bus=59.1mA P_bus=302.9mW E_total_accum=157.832mWh
13:02:40.299 > [BENCH] IDLE | t_inference_us=0 | heap=37.2kB/282.0kB (min=239.3kB, biggest=108.0kB) | arena=0.9kB | V_bus=5.128V I_bus=58.6mA P_bus=300.7mW E_total_accum=158.001mWh
13:02:42.309 > [BENCH] IDLE | t_inference_us=0 | heap=37.2kB/282.0kB (min=239.3kB, biggest=108.0kB) | arena=0.9kB | V_bus=5.132V I_bus=59.1mA P_bus=303.4mW E_total_accum=158.170mWh
13:02:44.328 > [BENCH] IDLE | t_inference_us=0 | heap=37.2kB/282.0kB (min=239.3kB, biggest=108.0kB) | arena=0.9kB | V_bus=5.132V I_bus=60.6mA P_bus=311.1mW E_total_accum=158.344mWh
13:02:46.344 > [BENCH] IDLE | t_inference_us=0 | heap=37.2kB/282.0kB (min=239.3kB, biggest=108.0kB) | arena=0.9kB | V_bus=5.132V I_bus=59.7mA P_bus=306.1mW E_total_accum=158.516mWh
13:02:48.358 > [BENCH] IDLE | t_inference_us=0 | heap=37.2kB/282.0kB (min=239.3kB, biggest=108.0kB) | arena=0.9kB | V_bus=5.124V I_bus=58.9mA P_bus=302.0mW E_total_accum=158.685mWh
13:02:50.374 > [BENCH] IDLE | t_inference_us=0 | heap=37.2kB/282.0kB (min=239.3kB, biggest=108.0kB) | arena=0.9kB | V_bus=5.128V I_bus=58.1mA P_bus=297.9mW E_total_accum=158.851mWh
13:02:52.377 > [BENCH] IDLE | t_inference_us=0 | heap=37.2kB/282.0kB (min=239.3kB, biggest=108.0kB) | arena=0.9kB | V_bus=5.132V I_bus=57.5mA P_bus=294.8mW E_total_accum=159.016mWh
13:02:54.392 > [BENCH] IDLE | t_inference_us=0 | heap=37.2kB/282.0kB (min=239.3kB, biggest=108.0kB) | arena=0.9kB | V_bus=5.128V I_bus=57.6mA P_bus=295.2mW E_total_accum=159.181mWh
13:02:56.408 > [BENCH] IDLE | t_inference_us=0 | heap=37.2kB/282.0kB (min=239.3kB, biggest=108.0kB) | arena=0.9kB | V_bus=5.132V I_bus=58.5mA P_bus=300.0mW E_total_accum=159.349mWh
13:02:58.420 > [BENCH] IDLE | t_inference_us=0 | heap=37.2kB/282.0kB (min=239.3kB, biggest=108.0kB) | arena=0.9kB | V_bus=5.128V I_bus=60.0mA P_bus=307.8mW E_total_accum=159.521mWh
13:03:00.438 > [BENCH] IDLE | t_inference_us=0 | heap=37.2kB/282.0kB (min=239.3kB, biggest=108.0kB) | arena=0.9kB | V_bus=5.112V I_bus=61.8mA P_bus=316.7mW E_total_accum=159.698mWh
13:03:02.445 > [BENCH] IDLE | t_inference_us=0 | heap=37.2kB/282.0kB (min=239.3kB, biggest=108.0kB) | arena=0.9kB | V_bus=5.128V I_bus=61.5mA P_bus=315.5mW E_total_accum=159.874mWh
13:03:04.456 > [BENCH] IDLE | t_inference_us=0 | heap=37.2kB/282.0kB (min=239.3kB, biggest=108.0kB) | arena=0.9kB | V_bus=5.132V I_bus=62.3mA P_bus=319.4mW E_total_accum=160.053mWh
13:03:06.474 > [BENCH] IDLE | t_inference_us=0 | heap=37.2kB/282.0kB (min=239.3kB, biggest=108.0kB) | arena=0.9kB | V_bus=5.132V I_bus=63.6mA P_bus=325.9mW E_total_accum=160.235mWh
13:03:08.487 > [BENCH] IDLE | t_inference_us=0 | heap=37.2kB/282.0kB (min=239.3kB, biggest=108.0kB) | arena=0.9kB | V_bus=5.132V I_bus=61.9mA P_bus=317.7mW E_total_accum=160.413mWh
13:03:10.489 > [BENCH] IDLE | t_inference_us=0 | heap=37.2kB/282.0kB (min=239.3kB, biggest=108.0kB) | arena=0.9kB | V_bus=5.128V I_bus=60.6mA P_bus=311.0mW E_total_accum=160.587mWh
13:03:12.505 > [BENCH] IDLE | t_inference_us=0 | heap=37.2kB/282.0kB (min=239.3kB, biggest=108.0kB) | arena=0.9kB | V_bus=5.132V I_bus=59.6mA P_bus=305.8mW E_total_accum=160.758mWh
13:03:14.529 > [BENCH] IDLE | t_inference_us=0 | heap=37.2kB/282.0kB (min=239.3kB, biggest=108.0kB) | arena=0.9kB | V_bus=5.132V I_bus=58.8mA P_bus=301.6mW E_total_accum=160.926mWh
13:03:16.138 > 
13:03:16.138 > [EVENT] type=HOUR  Tin=25.80 Hin=65.48 Tout=33.70 Hout=56.30
13:03:16.138 > [infer] REAL - Invoke executed (model ran)
13:03:16.151 > 
13:03:16.151 > [PWR] infer | E_inference_window(ΔE_total)=0.137µWh (E0=161.064941mWh E1=161.065079mWh) | E_inference_pipeline(ΔE_total)=0.351µWh (E0=161.064804mWh E1=161.065155mWh) | t_inference=1.048ms | t_inference_pipeline=3.970ms | E_total_accum=161.065mWh
13:03:16.175 > [BENCH] INFER_HOURLY | t_inference_us=1048 | heap=37.2kB/282.0kB (min=239.3kB, biggest=108.0kB) | arena=0.9kB | V_bus=5.120V I_bus=65.8mA P_bus=337.1mW E_total_accum=161.065mWh
13:03:16.192 > [HOUR] Tin=25.80 Hin=65.48 | Tp=26.22 Hp=65.77
13:03:16.192 > [HOUR] SAMPLES | N_ALL=7 N_T=7 N_H=7
13:03:16.194 > [HOUR] METRICS | MAE=nan RMSE=nan R2=NA | MAE_T=nan RMSE_T=nan R2_T=NA | MAE_H=nan RMSE_H=nan R2_H=NA
13:03:16.622 > [SENSORS] Health IN ok=873 err=0 reinit=0 pwr=0 | OUT ok=873 err=0 reinit=0 pwr=0
13:03:18.159 > [BENCH] IDLE | t_inference_us=0 | heap=37.2kB/282.0kB (min=239.3kB, biggest=108.0kB) | arena=0.9kB | V_bus=5.132V I_bus=63.6mA P_bus=326.1mW E_total_accum=161.248mWh
13:03:20.180 > [BENCH] IDLE | t_inference_us=0 | heap=37.2kB/282.0kB (min=239.3kB, biggest=108.0kB) | arena=0.9kB | V_bus=5.128V I_bus=62.0mA P_bus=317.6mW E_total_accum=161.426mWh
13:03:22.183 > [BENCH] IDLE | t_inference_us=0 | heap=37.2kB/282.0kB (min=239.3kB, biggest=108.0kB) | arena=0.9kB | V_bus=5.132V I_bus=60.9mA P_bus=312.2mW E_total_accum=161.600mWh
13:03:24.202 > [BENCH] IDLE | t_inference_us=0 | heap=37.2kB/282.0kB (min=239.3kB, biggest=108.0kB) | arena=0.9kB | V_bus=5.132V I_bus=60.3mA P_bus=309.2mW E_total_accum=161.773mWh
13:03:26.219 > [BENCH] IDLE | t_inference_us=0 | heap=37.2kB/282.0kB (min=239.3kB, biggest=108.0kB) | arena=0.9kB | V_bus=5.132V I_bus=60.1mA P_bus=308.2mW E_total_accum=161.946mWh
13:03:28.220 > [BENCH] IDLE | t_inference_us=0 | heap=37.2kB/282.0kB (min=239.3kB, biggest=108.0kB) | arena=0.9kB | V_bus=5.132V I_bus=60.8mA P_bus=311.9mW E_total_accum=162.120mWh
13:03:30.232 > [BENCH] IDLE | t_inference_us=0 | heap=37.2kB/282.0kB (min=239.3kB, biggest=108.0kB) | arena=0.9kB | V_bus=5.128V I_bus=59.6mA P_bus=305.9mW E_total_accum=162.290mWh
13:03:32.251 > [BENCH] IDLE | t_inference_us=0 | heap=37.2kB/282.0kB (min=239.3kB, biggest=108.0kB) | arena=0.9kB | V_bus=5.128V I_bus=59.1mA P_bus=303.0mW E_total_accum=162.460mWh
13:03:34.250 > [BENCH] IDLE | t_inference_us=0 | heap=37.2kB/282.0kB (min=239.3kB, biggest=108.0kB) | arena=0.9kB | V_bus=5.132V I_bus=58.9mA P_bus=301.9mW E_total_accum=162.629mWh
13:03:36.266 > [BENCH] IDLE | t_inference_us=0 | heap=37.2kB/282.0kB (min=239.3kB, biggest=108.0kB) | arena=0.9kB | V_bus=5.128V I_bus=58.9mA P_bus=302.2mW E_total_accum=162.798mWh
13:03:38.284 > [BENCH] IDLE | t_inference_us=0 | heap=37.2kB/282.0kB (min=239.3kB, biggest=108.0kB) | arena=0.9kB | V_bus=5.128V I_bus=59.5mA P_bus=305.4mW E_total_accum=162.969mWh
13:03:40.307 > [BENCH] IDLE | t_inference_us=0 | heap=37.2kB/282.0kB (min=239.3kB, biggest=108.0kB) | arena=0.9kB | V_bus=5.132V I_bus=60.7mA P_bus=311.3mW E_total_accum=163.143mWh
13:03:42.312 > [BENCH] IDLE | t_inference_us=0 | heap=37.2kB/282.0kB (min=239.3kB, biggest=108.0kB) | arena=0.9kB | V_bus=5.128V I_bus=61.9mA P_bus=317.3mW E_total_accum=163.320mWh
13:03:44.331 > [BENCH] IDLE | t_inference_us=0 | heap=37.2kB/282.0kB (min=239.3kB, biggest=108.0kB) | arena=0.9kB | V_bus=5.128V I_bus=63.3mA P_bus=324.9mW E_total_accum=163.502mWh
13:03:46.348 > [BENCH] IDLE | t_inference_us=0 | heap=37.2kB/282.0kB (min=239.3kB, biggest=108.0kB) | arena=0.9kB | V_bus=5.132V I_bus=64.5mA P_bus=330.9mW E_total_accum=163.687mWh
13:03:48.361 > [BENCH] IDLE | t_inference_us=0 | heap=37.2kB/282.0kB (min=239.3kB, biggest=108.0kB) | arena=0.9kB | V_bus=5.132V I_bus=62.8mA P_bus=322.1mW E_total_accum=163.867mWh
13:03:50.376 > [BENCH] IDLE | t_inference_us=0 | heap=37.2kB/282.0kB (min=239.3kB, biggest=108.0kB) | arena=0.9kB | V_bus=5.128V I_bus=61.4mA P_bus=314.8mW E_total_accum=164.043mWh
13:03:52.387 > [BENCH] IDLE | t_inference_us=0 | heap=37.2kB/282.0kB (min=239.3kB, biggest=108.0kB) | arena=0.9kB | V_bus=5.128V I_bus=60.3mA P_bus=309.1mW E_total_accum=164.216mWh
13:03:54.395 > [BENCH] IDLE | t_inference_us=0 | heap=37.2kB/282.0kB (min=239.3kB, biggest=108.0kB) | arena=0.9kB | V_bus=5.128V I_bus=59.3mA P_bus=304.2mW E_total_accum=164.387mWh
13:03:56.413 > [BENCH] IDLE | t_inference_us=0 | heap=37.2kB/282.0kB (min=239.3kB, biggest=108.0kB) | arena=0.9kB | V_bus=5.132V I_bus=58.5mA P_bus=300.1mW E_total_accum=164.554mWh
13:03:58.430 > [BENCH] IDLE | t_inference_us=0 | heap=37.2kB/282.0kB (min=239.3kB, biggest=108.0kB) | arena=0.9kB | V_bus=5.132V I_bus=57.8mA P_bus=296.6mW E_total_accum=164.720mWh
13:04:00.443 > [BENCH] IDLE | t_inference_us=0 | heap=37.2kB/282.0kB (min=239.3kB, biggest=108.0kB) | arena=0.9kB | V_bus=5.128V I_bus=57.3mA P_bus=294.0mW E_total_accum=164.885mWh
13:04:02.460 > [BENCH] IDLE | t_inference_us=0 | heap=37.2kB/282.0kB (min=239.3kB, biggest=108.0kB) | arena=0.9kB | V_bus=5.132V I_bus=56.9mA P_bus=291.8mW E_total_accum=165.048mWh
13:04:04.461 > [BENCH] IDLE | t_inference_us=0 | heap=37.2kB/282.0kB (min=239.3kB, biggest=108.0kB) | arena=0.9kB | V_bus=5.112V I_bus=59.9mA P_bus=307.1mW E_total_accum=165.220mWh
13:04:06.472 > [BENCH] IDLE | t_inference_us=0 | heap=37.2kB/282.0kB (min=239.3kB, biggest=108.0kB) | arena=0.9kB | V_bus=5.128V I_bus=59.1mA P_bus=303.1mW E_total_accum=165.389mWh
13:04:08.479 > [BENCH] IDLE | t_inference_us=0 | heap=37.2kB/282.0kB (min=239.3kB, biggest=108.0kB) | arena=0.9kB | V_bus=5.132V I_bus=58.4mA P_bus=299.3mW E_total_accum=165.556mWh
13:04:10.492 > [BENCH] IDLE | t_inference_us=0 | heap=37.2kB/282.0kB (min=239.3kB, biggest=108.0kB) | arena=0.9kB | V_bus=5.128V I_bus=57.8mA P_bus=296.2mW E_total_accum=165.722mWh
13:04:12.508 > [BENCH] IDLE | t_inference_us=0 | heap=37.2kB/282.0kB (min=239.3kB, biggest=108.0kB) | arena=0.9kB | V_bus=5.128V I_bus=57.4mA P_bus=294.2mW E_total_accum=165.886mWh
13:04:14.525 > [BENCH] IDLE | t_inference_us=0 | heap=37.2kB/282.0kB (min=239.3kB, biggest=108.0kB) | arena=0.9kB | V_bus=5.124V I_bus=57.0mA P_bus=292.5mW E_total_accum=166.050mWh
13:04:16.138 > 
13:04:16.138 > [EVENT] type=HOUR  Tin=25.60 Hin=64.80 Tout=34.00 Hout=54.80
13:04:16.138 > [infer] REAL - Invoke executed (model ran)
13:04:16.153 > 
13:04:16.153 > [PWR] infer | E_inference_window(ΔE_total)=0.137µWh (E0=166.182571mWh E1=166.182709mWh) | E_inference_pipeline(ΔE_total)=0.351µWh (E0=166.182434mWh E1=166.182785mWh) | t_inference=1.076ms | t_inference_pipeline=3.981ms | E_total_accum=166.183mWh
13:04:16.175 > [BENCH] INFER_HOURLY | t_inference_us=1076 | heap=37.2kB/282.0kB (min=239.3kB, biggest=108.0kB) | arena=0.9kB | V_bus=5.120V I_bus=64.2mA P_bus=328.8mW E_total_accum=166.183mWh
13:04:16.189 > [HOUR] Tin=25.60 Hin=64.80 | Tp=25.91 Hp=65.58
13:04:16.194 > [HOUR] SAMPLES | N_ALL=8 N_T=8 N_H=8
13:04:16.198 > [HOUR] METRICS | MAE=nan RMSE=nan R2=NA | MAE_T=nan RMSE_T=nan R2_T=NA | MAE_H=nan RMSE_H=nan R2_H=NA
13:04:16.633 > [SENSORS] Health IN ok=901 err=0 reinit=0 pwr=0 | OUT ok=901 err=0 reinit=0 pwr=0
13:04:18.157 > [BENCH] IDLE | t_inference_us=0 | heap=37.2kB/282.0kB (min=239.3kB, biggest=108.0kB) | arena=0.9kB | V_bus=5.132V I_bus=64.8mA P_bus=331.9mW E_total_accum=166.369mWh
13:04:20.181 > [BENCH] IDLE | t_inference_us=0 | heap=37.2kB/282.0kB (min=239.3kB, biggest=108.0kB) | arena=0.9kB | V_bus=5.128V I_bus=65.6mA P_bus=336.4mW E_total_accum=166.557mWh
13:04:22.195 > [BENCH] IDLE | t_inference_us=0 | heap=37.2kB/282.0kB (min=239.3kB, biggest=108.0kB) | arena=0.9kB | V_bus=5.132V I_bus=66.2mA P_bus=339.6mW E_total_accum=166.747mWh
13:04:24.209 > [BENCH] IDLE | t_inference_us=0 | heap=37.2kB/282.0kB (min=239.3kB, biggest=108.0kB) | arena=0.9kB | V_bus=5.128V I_bus=64.0mA P_bus=328.3mW E_total_accum=166.931mWh
13:04:26.222 > [BENCH] IDLE | t_inference_us=0 | heap=37.2kB/282.0kB (min=239.3kB, biggest=108.0kB) | arena=0.9kB | V_bus=5.128V I_bus=65.1mA P_bus=333.7mW E_total_accum=167.117mWh
13:04:28.222 > [BENCH] IDLE | t_inference_us=0 | heap=37.2kB/282.0kB (min=239.3kB, biggest=108.0kB) | arena=0.9kB | V_bus=5.128V I_bus=63.2mA P_bus=324.1mW E_total_accum=167.299mWh
13:04:30.240 > [BENCH] IDLE | t_inference_us=0 | heap=37.2kB/282.0kB (min=239.3kB, biggest=108.0kB) | arena=0.9kB | V_bus=5.132V I_bus=61.7mA P_bus=316.6mW E_total_accum=167.476mWh
13:04:32.258 > [BENCH] IDLE | t_inference_us=0 | heap=37.2kB/282.0kB (min=239.3kB, biggest=108.0kB) | arena=0.9kB | V_bus=5.132V I_bus=60.6mA P_bus=310.8mW E_total_accum=167.650mWh
13:04:34.270 > [BENCH] IDLE | t_inference_us=0 | heap=37.2kB/282.0kB (min=239.3kB, biggest=108.0kB) | arena=0.9kB | V_bus=5.112V I_bus=62.3mA P_bus=319.3mW E_total_accum=167.828mWh
13:04:36.271 > [BENCH] IDLE | t_inference_us=0 | heap=37.2kB/282.0kB (min=239.3kB, biggest=108.0kB) | arena=0.9kB | V_bus=5.132V I_bus=61.5mA P_bus=315.1mW E_total_accum=168.003mWh
13:04:38.290 > [BENCH] IDLE | t_inference_us=0 | heap=37.2kB/282.0kB (min=239.3kB, biggest=108.0kB) | arena=0.9kB | V_bus=5.132V I_bus=60.6mA P_bus=311.0mW E_total_accum=168.177mWh
13:04:40.305 > [BENCH] IDLE | t_inference_us=0 | heap=37.2kB/282.0kB (min=239.3kB, biggest=108.0kB) | arena=0.9kB | V_bus=5.128V I_bus=60.0mA P_bus=307.5mW E_total_accum=168.349mWh
13:04:42.322 > [BENCH] IDLE | t_inference_us=0 | heap=37.2kB/282.0kB (min=239.3kB, biggest=108.0kB) | arena=0.9kB | V_bus=5.132V I_bus=59.5mA P_bus=305.1mW E_total_accum=168.520mWh
13:04:44.335 > [BENCH] IDLE | t_inference_us=0 | heap=37.2kB/282.0kB (min=239.3kB, biggest=108.0kB) | arena=0.9kB | V_bus=5.132V I_bus=59.0mA P_bus=302.7mW E_total_accum=168.689mWh
13:04:46.335 > [BENCH] IDLE | t_inference_us=0 | heap=37.2kB/282.0kB (min=239.3kB, biggest=108.0kB) | arena=0.9kB | V_bus=5.132V I_bus=58.6mA P_bus=300.4mW E_total_accum=168.858mWh
13:04:48.361 > [BENCH] IDLE | t_inference_us=0 | heap=37.2kB/282.0kB (min=239.3kB, biggest=108.0kB) | arena=0.9kB | V_bus=5.132V I_bus=58.1mA P_bus=298.1mW E_total_accum=169.024mWh
13:04:50.366 > [BENCH] IDLE | t_inference_us=0 | heap=37.2kB/282.0kB (min=239.3kB, biggest=108.0kB) | arena=0.9kB | V_bus=5.128V I_bus=57.7mA P_bus=296.2mW E_total_accum=169.190mWh
13:04:52.392 > [BENCH] IDLE | t_inference_us=0 | heap=37.2kB/282.0kB (min=239.3kB, biggest=108.0kB) | arena=0.9kB | V_bus=5.132V I_bus=57.4mA P_bus=294.6mW E_total_accum=169.355mWh
13:04:54.398 > [BENCH] IDLE | t_inference_us=0 | heap=37.2kB/282.0kB (min=239.3kB, biggest=108.0kB) | arena=0.9kB | V_bus=5.128V I_bus=57.1mA P_bus=292.9mW E_total_accum=169.519mWh
13:04:56.416 > [BENCH] IDLE | t_inference_us=0 | heap=37.2kB/282.0kB (min=239.3kB, biggest=108.0kB) | arena=0.9kB | V_bus=5.128V I_bus=56.7mA P_bus=290.7mW E_total_accum=169.681mWh
13:04:58.432 > [BENCH] IDLE | t_inference_us=0 | heap=37.2kB/282.0kB (min=239.3kB, biggest=108.0kB) | arena=0.9kB | V_bus=5.128V I_bus=56.4mA P_bus=289.2mW E_total_accum=169.843mWh
13:05:00.435 > [BENCH] IDLE | t_inference_us=0 | heap=37.2kB/282.0kB (min=239.3kB, biggest=108.0kB) | arena=0.9kB | V_bus=5.132V I_bus=56.1mA P_bus=288.0mW E_total_accum=170.004mWh
13:05:02.461 > [BENCH] IDLE | t_inference_us=0 | heap=37.2kB/282.0kB (min=239.3kB, biggest=108.0kB) | arena=0.9kB | V_bus=5.132V I_bus=56.0mA P_bus=287.3mW E_total_accum=170.165mWh
13:05:04.464 > [BENCH] IDLE | t_inference_us=0 | heap=37.2kB/282.0kB (min=239.3kB, biggest=108.0kB) | arena=0.9kB | V_bus=5.128V I_bus=55.8mA P_bus=286.3mW E_total_accum=170.325mWh
13:05:06.487 > [BENCH] IDLE | t_inference_us=0 | heap=37.2kB/282.0kB (min=239.3kB, biggest=108.0kB) | arena=0.9kB | V_bus=5.128V I_bus=55.7mA P_bus=285.6mW E_total_accum=170.485mWh
13:05:08.502 > [BENCH] IDLE | t_inference_us=0 | heap=37.2kB/282.0kB (min=239.3kB, biggest=108.0kB) | arena=0.9kB | V_bus=5.128V I_bus=55.7mA P_bus=285.5mW E_total_accum=170.645mWh
13:05:10.500 > [BENCH] IDLE | t_inference_us=0 | heap=37.2kB/282.0kB (min=239.3kB, biggest=108.0kB) | arena=0.9kB | V_bus=5.132V I_bus=57.6mA P_bus=295.3mW E_total_accum=170.809mWh
13:05:12.518 > [BENCH] IDLE | t_inference_us=0 | heap=37.2kB/282.0kB (min=239.3kB, biggest=108.0kB) | arena=0.9kB | V_bus=5.128V I_bus=58.7mA P_bus=300.9mW E_total_accum=170.977mWh
13:05:14.528 > [BENCH] IDLE | t_inference_us=0 | heap=37.2kB/282.0kB (min=239.3kB, biggest=108.0kB) | arena=0.9kB | V_bus=5.132V I_bus=59.0mA P_bus=302.8mW E_total_accum=171.147mWh
13:05:16.137 > 
13:05:16.137 > [EVENT] type=HOUR  Tin=25.40 Hin=64.10 Tout=34.20 Hout=54.90
13:05:16.137 > [infer] REAL - Invoke executed (model ran)
13:05:16.154 > 
13:05:16.154 > [PWR] infer | E_inference_window(ΔE_total)=0.137µWh (E0=171.285248mWh E1=171.285385mWh) | E_inference_pipeline(ΔE_total)=0.351µWh (E0=171.285110mWh E1=171.285461mWh) | t_inference=1.050ms | t_inference_pipeline=3.962ms | E_total_accum=171.285mWh
13:05:16.175 > [BENCH] INFER_HOURLY | t_inference_us=1050 | heap=37.2kB/282.0kB (min=239.3kB, biggest=108.0kB) | arena=0.9kB | V_bus=5.116V I_bus=65.0mA P_bus=333.0mW E_total_accum=171.285mWh
13:05:16.192 > [HOUR] Tin=25.40 Hin=64.10 | Tp=25.71 Hp=64.90
13:05:16.195 > [HOUR] SAMPLES | N_ALL=9 N_T=9 N_H=9
13:05:16.199 > [HOUR] METRICS | MAE=nan RMSE=nan R2=NA | MAE_T=nan RMSE_T=nan R2_T=NA | MAE_H=nan RMSE_H=nan R2_H=NA
13:05:16.632 > [SENSORS] Health IN ok=929 err=0 reinit=0 pwr=0 | OUT ok=929 err=0 reinit=0 pwr=0
13:05:18.167 > [BENCH] IDLE | t_inference_us=0 | heap=37.2kB/282.0kB (min=239.3kB, biggest=108.0kB) | arena=0.9kB | V_bus=5.128V I_bus=63.0mA P_bus=323.0mW E_total_accum=171.466mWh
13:05:20.180 > [BENCH] IDLE | t_inference_us=0 | heap=37.2kB/282.0kB (min=239.3kB, biggest=108.0kB) | arena=0.9kB | V_bus=5.132V I_bus=61.5mA P_bus=315.2mW E_total_accum=171.643mWh
13:05:22.196 > [BENCH] IDLE | t_inference_us=0 | heap=37.2kB/282.0kB (min=239.3kB, biggest=108.0kB) | arena=0.9kB | V_bus=5.132V I_bus=60.2mA P_bus=308.5mW E_total_accum=171.816mWh
13:05:24.198 > [BENCH] IDLE | t_inference_us=0 | heap=37.2kB/282.0kB (min=239.3kB, biggest=108.0kB) | arena=0.9kB | V_bus=5.132V I_bus=59.2mA P_bus=303.6mW E_total_accum=171.985mWh
13:05:26.210 > [BENCH] IDLE | t_inference_us=0 | heap=37.2kB/282.0kB (min=239.3kB, biggest=108.0kB) | arena=0.9kB | V_bus=5.132V I_bus=58.4mA P_bus=299.4mW E_total_accum=172.153mWh
13:05:28.228 > [BENCH] IDLE | t_inference_us=0 | heap=37.2kB/282.0kB (min=239.3kB, biggest=108.0kB) | arena=0.9kB | V_bus=5.124V I_bus=57.8mA P_bus=296.2mW E_total_accum=172.319mWh
13:05:30.245 > [BENCH] IDLE | t_inference_us=0 | heap=37.2kB/282.0kB (min=239.3kB, biggest=108.0kB) | arena=0.9kB | V_bus=5.128V I_bus=57.3mA P_bus=294.0mW E_total_accum=172.483mWh
13:05:32.262 > [BENCH] IDLE | t_inference_us=0 | heap=37.2kB/282.0kB (min=239.3kB, biggest=108.0kB) | arena=0.9kB | V_bus=5.128V I_bus=57.0mA P_bus=292.3mW E_total_accum=172.647mWh
13:05:34.279 > [BENCH] IDLE | t_inference_us=0 | heap=37.2kB/282.0kB (min=239.3kB, biggest=108.0kB) | arena=0.9kB | V_bus=5.132V I_bus=59.4mA P_bus=304.6mW E_total_accum=172.817mWh
13:05:36.294 > [BENCH] IDLE | t_inference_us=0 | heap=37.2kB/282.0kB (min=239.3kB, biggest=108.0kB) | arena=0.9kB | V_bus=5.128V I_bus=61.2mA P_bus=313.7mW E_total_accum=172.993mWh
13:05:38.308 > [BENCH] IDLE | t_inference_us=0 | heap=37.2kB/282.0kB (min=239.3kB, biggest=108.0kB) | arena=0.9kB | V_bus=5.116V I_bus=64.1mA P_bus=328.5mW E_total_accum=173.176mWh
13:05:40.309 > [BENCH] IDLE | t_inference_us=0 | heap=37.2kB/282.0kB (min=239.3kB, biggest=108.0kB) | arena=0.9kB | V_bus=5.132V I_bus=62.3mA P_bus=319.4mW E_total_accum=173.354mWh
13:05:42.326 > [BENCH] IDLE | t_inference_us=0 | heap=37.2kB/282.0kB (min=239.3kB, biggest=108.0kB) | arena=0.9kB | V_bus=5.132V I_bus=60.9mA P_bus=312.2mW E_total_accum=173.529mWh
13:05:44.339 > [BENCH] IDLE | t_inference_us=0 | heap=37.2kB/282.0kB (min=239.3kB, biggest=108.0kB) | arena=0.9kB | V_bus=5.132V I_bus=59.8mA P_bus=306.7mW E_total_accum=173.700mWh
13:05:46.339 > [BENCH] IDLE | t_inference_us=0 | heap=37.2kB/282.0kB (min=239.3kB, biggest=108.0kB) | arena=0.9kB | V_bus=5.132V I_bus=58.9mA P_bus=302.0mW E_total_accum=173.869mWh
13:05:48.355 > [BENCH] IDLE | t_inference_us=0 | heap=37.2kB/282.0kB (min=239.3kB, biggest=108.0kB) | arena=0.9kB | V_bus=5.132V I_bus=58.2mA P_bus=298.4mW E_total_accum=174.036mWh
13:05:50.374 > [BENCH] IDLE | t_inference_us=0 | heap=37.2kB/282.0kB (min=239.3kB, biggest=108.0kB) | arena=0.9kB | V_bus=5.132V I_bus=57.6mA P_bus=295.6mW E_total_accum=174.202mWh
13:05:52.389 > [BENCH] IDLE | t_inference_us=0 | heap=37.2kB/282.0kB (min=239.3kB, biggest=108.0kB) | arena=0.9kB | V_bus=5.132V I_bus=57.2mA P_bus=293.5mW E_total_accum=174.366mWh
13:05:54.410 > [BENCH] IDLE | t_inference_us=0 | heap=37.2kB/282.0kB (min=239.3kB, biggest=108.0kB) | arena=0.9kB | V_bus=5.132V I_bus=59.5mA P_bus=305.1mW E_total_accum=174.536mWh
13:05:56.421 > [BENCH] IDLE | t_inference_us=0 | heap=37.2kB/282.0kB (min=239.3kB, biggest=108.0kB) | arena=0.9kB | V_bus=5.132V I_bus=60.8mA P_bus=311.7mW E_total_accum=174.711mWh
13:05:58.436 > [BENCH] IDLE | t_inference_us=0 | heap=37.2kB/282.0kB (min=239.3kB, biggest=108.0kB) | arena=0.9kB | V_bus=5.128V I_bus=61.3mA P_bus=314.7mW E_total_accum=174.887mWh
13:06:00.449 > [BENCH] IDLE | t_inference_us=0 | heap=37.2kB/282.0kB (min=239.3kB, biggest=108.0kB) | arena=0.9kB | V_bus=5.132V I_bus=61.0mA P_bus=312.9mW E_total_accum=175.062mWh
13:06:02.456 > [BENCH] IDLE | t_inference_us=0 | heap=37.2kB/282.0kB (min=239.3kB, biggest=108.0kB) | arena=0.9kB | V_bus=5.132V I_bus=60.3mA P_bus=309.4mW E_total_accum=175.235mWh
13:06:04.480 > [BENCH] IDLE | t_inference_us=0 | heap=37.2kB/282.0kB (min=239.3kB, biggest=108.0kB) | arena=0.9kB | V_bus=5.132V I_bus=59.5mA P_bus=305.3mW E_total_accum=175.406mWh
13:06:06.479 > [BENCH] IDLE | t_inference_us=0 | heap=37.2kB/282.0kB (min=239.3kB, biggest=108.0kB) | arena=0.9kB | V_bus=5.132V I_bus=58.6mA P_bus=300.9mW E_total_accum=175.574mWh
13:06:08.508 > [BENCH] IDLE | t_inference_us=0 | heap=37.2kB/282.0kB (min=239.3kB, biggest=108.0kB) | arena=0.9kB | V_bus=5.128V I_bus=57.9mA P_bus=297.3mW E_total_accum=175.741mWh
13:06:10.522 > [BENCH] IDLE | t_inference_us=0 | heap=37.2kB/282.0kB (min=239.3kB, biggest=108.0kB) | arena=0.9kB | V_bus=5.128V I_bus=57.5mA P_bus=295.2mW E_total_accum=175.906mWh
13:06:12.535 > [BENCH] IDLE | t_inference_us=0 | heap=37.2kB/282.0kB (min=239.3kB, biggest=108.0kB) | arena=0.9kB | V_bus=5.132V I_bus=57.1mA P_bus=293.0mW E_total_accum=176.070mWh
13:06:14.544 > [BENCH] IDLE | t_inference_us=0 | heap=37.2kB/282.0kB (min=239.3kB, biggest=108.0kB) | arena=0.9kB | V_bus=5.116V I_bus=59.5mA P_bus=304.9mW E_total_accum=176.240mWh
13:06:16.151 > 
13:06:16.151 > [EVENT] type=HOUR  Tin=25.30 Hin=63.50 Tout=33.90 Hout=54.80
13:06:16.157 > [infer] REAL - Invoke executed (model ran)
13:06:16.160 > 
13:06:16.161 > [PWR] infer | E_inference_window(ΔE_total)=0.153µWh (E0=176.379242mWh E1=176.379395mWh) | E_inference_pipeline(ΔE_total)=0.366µWh (E0=176.379105mWh E1=176.379471mWh) | t_inference=1.075ms | t_inference_pipeline=3.966ms | E_total_accum=176.379mWh
13:06:16.182 > [BENCH] INFER_HOURLY | t_inference_us=1075 | heap=37.2kB/282.0kB (min=239.3kB, biggest=108.0kB) | arena=0.9kB | V_bus=5.120V I_bus=66.3mA P_bus=339.7mW E_total_accum=176.379mWh
13:06:16.198 > [HOUR] Tin=25.30 Hin=63.50 | Tp=25.51 Hp=64.20
13:06:16.201 > [HOUR] SAMPLES | N_ALL=10 N_T=10 N_H=10
13:06:16.204 > [HOUR] METRICS | MAE=nan RMSE=nan R2=NA | MAE_T=nan RMSE_T=nan R2_T=NA | MAE_H=nan RMSE_H=nan R2_H=NA
13:06:16.640 > [SENSORS] Health IN ok=957 err=0 reinit=0 pwr=0 | OUT ok=958 err=0 reinit=0 pwr=0
13:06:18.163 > [BENCH] IDLE | t_inference_us=0 | heap=37.2kB/282.0kB (min=239.3kB, biggest=108.0kB) | arena=0.9kB | V_bus=5.132V I_bus=64.2mA P_bus=328.8mW E_total_accum=176.564mWh
13:06:20.189 > [BENCH] IDLE | t_inference_us=0 | heap=37.2kB/282.0kB (min=239.3kB, biggest=108.0kB) | arena=0.9kB | V_bus=5.128V I_bus=62.5mA P_bus=320.2mW E_total_accum=176.743mWh
13:06:22.203 > [BENCH] IDLE | t_inference_us=0 | heap=37.2kB/282.0kB (min=239.3kB, biggest=108.0kB) | arena=0.9kB | V_bus=5.132V I_bus=63.7mA P_bus=326.5mW E_total_accum=176.926mWh
13:06:24.206 > [BENCH] IDLE | t_inference_us=0 | heap=37.2kB/282.0kB (min=239.3kB, biggest=108.0kB) | arena=0.9kB | V_bus=5.132V I_bus=64.0mA P_bus=328.4mW E_total_accum=177.109mWh
13:06:26.231 > [BENCH] IDLE | t_inference_us=0 | heap=37.2kB/282.0kB (min=239.3kB, biggest=108.0kB) | arena=0.9kB | V_bus=5.132V I_bus=63.4mA P_bus=325.1mW E_total_accum=177.291mWh
13:06:28.232 > [BENCH] IDLE | t_inference_us=0 | heap=37.2kB/282.0kB (min=239.3kB, biggest=108.0kB) | arena=0.9kB | V_bus=5.132V I_bus=62.3mA P_bus=319.6mW E_total_accum=177.470mWh
13:06:30.250 > [BENCH] IDLE | t_inference_us=0 | heap=37.2kB/282.0kB (min=239.3kB, biggest=108.0kB) | arena=0.9kB | V_bus=5.132V I_bus=60.8mA P_bus=312.0mW E_total_accum=177.645mWh
13:06:32.258 > [BENCH] IDLE | t_inference_us=0 | heap=37.2kB/282.0kB (min=239.3kB, biggest=108.0kB) | arena=0.9kB | V_bus=5.132V I_bus=59.6mA P_bus=305.6mW E_total_accum=177.816mWh
13:06:34.279 > [BENCH] IDLE | t_inference_us=0 | heap=37.2kB/282.0kB (min=239.3kB, biggest=108.0kB) | arena=0.9kB | V_bus=5.132V I_bus=58.7mA P_bus=301.2mW E_total_accum=177.984mWh
13:06:36.300 > [BENCH] IDLE | t_inference_us=0 | heap=37.2kB/282.0kB (min=239.3kB, biggest=108.0kB) | arena=0.9kB | V_bus=5.128V I_bus=58.1mA P_bus=298.0mW E_total_accum=178.151mWh
13:06:38.314 > [BENCH] IDLE | t_inference_us=0 | heap=37.2kB/282.0kB (min=239.3kB, biggest=108.0kB) | arena=0.9kB | V_bus=5.132V I_bus=60.2mA P_bus=308.8mW E_total_accum=178.324mWh
13:06:40.323 > [BENCH] IDLE | t_inference_us=0 | heap=37.2kB/282.0kB (min=239.3kB, biggest=108.0kB) | arena=0.9kB | V_bus=5.132V I_bus=61.1mA P_bus=313.6mW E_total_accum=178.499mWh
13:06:42.332 > [BENCH] IDLE | t_inference_us=0 | heap=37.2kB/282.0kB (min=239.3kB, biggest=108.0kB) | arena=0.9kB | V_bus=5.132V I_bus=60.7mA P_bus=311.3mW E_total_accum=178.673mWh
13:06:44.329 > [BENCH] IDLE | t_inference_us=0 | heap=37.2kB/282.0kB (min=239.3kB, biggest=108.0kB) | arena=0.9kB | V_bus=5.132V I_bus=59.7mA P_bus=306.1mW E_total_accum=178.843mWh
13:06:46.358 > [BENCH] IDLE | t_inference_us=0 | heap=37.2kB/282.0kB (min=239.3kB, biggest=108.0kB) | arena=0.9kB | V_bus=5.132V I_bus=61.4mA P_bus=315.2mW E_total_accum=179.020mWh
13:06:48.369 > [BENCH] IDLE | t_inference_us=0 | heap=37.2kB/282.0kB (min=239.3kB, biggest=108.0kB) | arena=0.9kB | V_bus=5.128V I_bus=62.2mA P_bus=318.9mW E_total_accum=179.198mWh
13:06:50.382 > [BENCH] IDLE | t_inference_us=0 | heap=37.2kB/282.0kB (min=239.3kB, biggest=108.0kB) | arena=0.9kB | V_bus=5.132V I_bus=61.6mA P_bus=316.1mW E_total_accum=179.375mWh
13:06:52.393 > [BENCH] IDLE | t_inference_us=0 | heap=37.2kB/282.0kB (min=239.3kB, biggest=108.0kB) | arena=0.9kB | V_bus=5.132V I_bus=60.7mA P_bus=311.7mW E_total_accum=179.549mWh
13:06:54.410 > [BENCH] IDLE | t_inference_us=0 | heap=37.2kB/282.0kB (min=239.3kB, biggest=108.0kB) | arena=0.9kB | V_bus=5.132V I_bus=59.6mA P_bus=305.6mW E_total_accum=179.720mWh
13:06:56.428 > [BENCH] IDLE | t_inference_us=0 | heap=37.2kB/282.0kB (min=239.3kB, biggest=108.0kB) | arena=0.9kB | V_bus=5.132V I_bus=58.7mA P_bus=301.1mW E_total_accum=179.889mWh
13:06:58.440 > [BENCH] IDLE | t_inference_us=0 | heap=37.2kB/282.0kB (min=239.3kB, biggest=108.0kB) | arena=0.9kB | V_bus=5.128V I_bus=58.0mA P_bus=297.5mW E_total_accum=180.055mWh
13:07:00.454 > [BENCH] IDLE | t_inference_us=0 | heap=37.2kB/282.0kB (min=239.3kB, biggest=108.0kB) | arena=0.9kB | V_bus=5.132V I_bus=60.0mA P_bus=307.7mW E_total_accum=180.227mWh
13:07:02.456 > [BENCH] IDLE | t_inference_us=0 | heap=37.2kB/282.0kB (min=239.3kB, biggest=108.0kB) | arena=0.9kB | V_bus=5.132V I_bus=60.5mA P_bus=310.5mW E_total_accum=180.401mWh
13:07:04.483 > [BENCH] IDLE | t_inference_us=0 | heap=37.2kB/282.0kB (min=239.3kB, biggest=108.0kB) | arena=0.9kB | V_bus=5.132V I_bus=60.1mA P_bus=308.2mW E_total_accum=180.574mWh
13:07:06.497 > [BENCH] IDLE | t_inference_us=0 | heap=37.2kB/282.0kB (min=239.3kB, biggest=108.0kB) | arena=0.9kB | V_bus=5.132V I_bus=59.0mA P_bus=303.0mW E_total_accum=180.743mWh
13:07:08.501 > [BENCH] IDLE | t_inference_us=0 | heap=37.2kB/282.0kB (min=239.3kB, biggest=108.0kB) | arena=0.9kB | V_bus=5.124V I_bus=58.4mA P_bus=299.4mW E_total_accum=180.910mWh
13:07:10.520 > [BENCH] IDLE | t_inference_us=0 | heap=37.2kB/282.0kB (min=239.3kB, biggest=108.0kB) | arena=0.9kB | V_bus=5.128V I_bus=57.9mA P_bus=296.8mW E_total_accum=181.077mWh
13:07:12.537 > [BENCH] IDLE | t_inference_us=0 | heap=37.2kB/282.0kB (min=239.3kB, biggest=108.0kB) | arena=0.9kB | V_bus=5.132V I_bus=59.9mA P_bus=307.5mW E_total_accum=181.249mWh
13:07:14.547 > [BENCH] IDLE | t_inference_us=0 | heap=37.2kB/282.0kB (min=239.3kB, biggest=108.0kB) | arena=0.9kB | V_bus=5.132V I_bus=60.4mA P_bus=310.0mW E_total_accum=181.422mWh
13:07:16.153 > 
13:07:16.153 > [EVENT] type=HOUR  Tin=25.20 Hin=62.90 Tout=33.90 Hout=55.50
13:07:16.156 > [infer] REAL - Invoke executed (model ran)
13:07:16.162 > 
13:07:16.163 > [PWR] infer | E_inference_window(ΔE_total)=0.137µWh (E0=181.560120mWh E1=181.560257mWh) | E_inference_pipeline(ΔE_total)=0.351µWh (E0=181.559982mWh E1=181.560333mWh) | t_inference=1.051ms | t_inference_pipeline=3.971ms | E_total_accum=181.560mWh
13:07:16.183 > [BENCH] INFER_HOURLY | t_inference_us=1051 | heap=37.2kB/282.0kB (min=239.3kB, biggest=108.0kB) | arena=0.9kB | V_bus=5.120V I_bus=65.9mA P_bus=337.8mW E_total_accum=181.560mWh
13:07:16.199 > [HOUR] Tin=25.20 Hin=62.90 | Tp=25.32 Hp=63.53
13:07:16.205 > [HOUR] SAMPLES | N_ALL=11 N_T=11 N_H=11
13:07:16.206 > [HOUR] METRICS | MAE=nan RMSE=nan R2=NA | MAE_T=nan RMSE_T=nan R2_T=NA | MAE_H=nan RMSE_H=nan R2_H=NA
13:07:16.646 > [SENSORS] Health IN ok=986 err=0 reinit=0 pwr=0 | OUT ok=986 err=0 reinit=0 pwr=0
13:07:18.175 > [BENCH] IDLE | t_inference_us=0 | heap=37.2kB/282.0kB (min=239.3kB, biggest=108.0kB) | arena=0.9kB | V_bus=5.132V I_bus=65.7mA P_bus=336.8mW E_total_accum=181.749mWh
13:07:20.191 > [BENCH] IDLE | t_inference_us=0 | heap=37.2kB/282.0kB (min=239.3kB, biggest=108.0kB) | arena=0.9kB | V_bus=5.132V I_bus=64.4mA P_bus=330.4mW E_total_accum=181.934mWh
13:07:22.192 > [BENCH] IDLE | t_inference_us=0 | heap=37.2kB/282.0kB (min=239.3kB, biggest=108.0kB) | arena=0.9kB | V_bus=5.132V I_bus=62.8mA P_bus=322.1mW E_total_accum=182.114mWh
13:07:24.206 > [BENCH] IDLE | t_inference_us=0 | heap=37.2kB/282.0kB (min=239.3kB, biggest=108.0kB) | arena=0.9kB | V_bus=5.132V I_bus=61.3mA P_bus=314.5mW E_total_accum=182.290mWh
13:07:26.228 > [BENCH] IDLE | t_inference_us=0 | heap=37.2kB/282.0kB (min=239.3kB, biggest=108.0kB) | arena=0.9kB | V_bus=5.128V I_bus=60.1mA P_bus=308.2mW E_total_accum=182.463mWh
13:07:28.245 > [BENCH] IDLE | t_inference_us=0 | heap=37.2kB/282.0kB (min=239.3kB, biggest=108.0kB) | arena=0.9kB | V_bus=5.132V I_bus=61.7mA P_bus=316.7mW E_total_accum=182.640mWh
13:07:30.258 > [BENCH] IDLE | t_inference_us=0 | heap=37.2kB/282.0kB (min=239.3kB, biggest=108.0kB) | arena=0.9kB | V_bus=5.132V I_bus=61.8mA P_bus=317.2mW E_total_accum=182.817mWh
13:07:32.275 > [BENCH] IDLE | t_inference_us=0 | heap=37.2kB/282.0kB (min=239.3kB, biggest=108.0kB) | arena=0.9kB | V_bus=5.132V I_bus=60.9mA P_bus=312.4mW E_total_accum=182.992mWh
13:07:34.288 > [BENCH] IDLE | t_inference_us=0 | heap=37.2kB/282.0kB (min=239.3kB, biggest=108.0kB) | arena=0.9kB | V_bus=5.128V I_bus=59.7mA P_bus=306.2mW E_total_accum=183.163mWh
13:07:36.292 > [BENCH] IDLE | t_inference_us=0 | heap=37.2kB/282.0kB (min=239.3kB, biggest=108.0kB) | arena=0.9kB | V_bus=5.132V I_bus=58.9mA P_bus=302.1mW E_total_accum=183.332mWh
13:07:38.316 > [BENCH] IDLE | t_inference_us=0 | heap=37.2kB/282.0kB (min=239.3kB, biggest=108.0kB) | arena=0.9kB | V_bus=5.132V I_bus=58.2mA P_bus=298.7mW E_total_accum=183.499mWh
13:07:40.331 > [BENCH] IDLE | t_inference_us=0 | heap=37.2kB/282.0kB (min=239.3kB, biggest=108.0kB) | arena=0.9kB | V_bus=5.132V I_bus=59.7mA P_bus=306.3mW E_total_accum=183.671mWh
13:07:42.337 > [BENCH] IDLE | t_inference_us=0 | heap=37.2kB/282.0kB (min=239.3kB, biggest=108.0kB) | arena=0.9kB | V_bus=5.132V I_bus=59.5mA P_bus=305.5mW E_total_accum=183.842mWh
13:07:44.356 > [BENCH] IDLE | t_inference_us=0 | heap=37.2kB/282.0kB (min=239.3kB, biggest=108.0kB) | arena=0.9kB | V_bus=5.132V I_bus=58.7mA P_bus=301.3mW E_total_accum=184.010mWh
13:07:46.372 > [BENCH] IDLE | t_inference_us=0 | heap=37.2kB/282.0kB (min=239.3kB, biggest=108.0kB) | arena=0.9kB | V_bus=5.132V I_bus=58.1mA P_bus=297.9mW E_total_accum=184.177mWh
13:07:48.380 > [BENCH] IDLE | t_inference_us=0 | heap=37.2kB/282.0kB (min=239.3kB, biggest=108.0kB) | arena=0.9kB | V_bus=5.116V I_bus=58.1mA P_bus=297.7mW E_total_accum=184.343mWh
13:07:50.378 > [BENCH] IDLE | t_inference_us=0 | heap=37.2kB/282.0kB (min=239.3kB, biggest=108.0kB) | arena=0.9kB | V_bus=5.132V I_bus=57.6mA P_bus=295.5mW E_total_accum=184.508mWh
13:07:52.402 > [BENCH] IDLE | t_inference_us=0 | heap=37.2kB/282.0kB (min=239.3kB, biggest=108.0kB) | arena=0.9kB | V_bus=5.132V I_bus=57.2mA P_bus=293.6mW E_total_accum=184.672mWh
13:07:54.406 > [BENCH] IDLE | t_inference_us=0 | heap=37.2kB/282.0kB (min=239.3kB, biggest=108.0kB) | arena=0.9kB | V_bus=5.132V I_bus=56.8mA P_bus=291.5mW E_total_accum=184.835mWh
13:07:56.426 > [BENCH] IDLE | t_inference_us=0 | heap=37.2kB/282.0kB (min=239.3kB, biggest=108.0kB) | arena=0.9kB | V_bus=5.132V I_bus=58.6mA P_bus=300.5mW E_total_accum=185.003mWh
13:07:58.445 > [BENCH] IDLE | t_inference_us=0 | heap=37.2kB/282.0kB (min=239.3kB, biggest=108.0kB) | arena=0.9kB | V_bus=5.128V I_bus=58.6mA P_bus=300.4mW E_total_accum=185.171mWh
13:08:00.454 > [BENCH] IDLE | t_inference_us=0 | heap=37.2kB/282.0kB (min=239.3kB, biggest=108.0kB) | arena=0.9kB | V_bus=5.132V I_bus=57.8mA P_bus=296.4mW E_total_accum=185.337mWh
13:08:02.467 > [BENCH] IDLE | t_inference_us=0 | heap=37.2kB/282.0kB (min=239.3kB, biggest=108.0kB) | arena=0.9kB | V_bus=5.132V I_bus=57.3mA P_bus=294.1mW E_total_accum=185.502mWh
13:08:04.484 > [BENCH] IDLE | t_inference_us=0 | heap=37.2kB/282.0kB (min=239.3kB, biggest=108.0kB) | arena=0.9kB | V_bus=5.128V I_bus=57.0mA P_bus=292.3mW E_total_accum=185.665mWh
13:08:06.499 > [BENCH] IDLE | t_inference_us=0 | heap=37.2kB/282.0kB (min=239.3kB, biggest=108.0kB) | arena=0.9kB | V_bus=5.136V I_bus=58.6mA P_bus=300.7mW E_total_accum=185.834mWh
13:08:08.514 > [BENCH] IDLE | t_inference_us=0 | heap=37.2kB/282.0kB (min=239.3kB, biggest=108.0kB) | arena=0.9kB | V_bus=5.132V I_bus=58.5mA P_bus=300.1mW E_total_accum=186.001mWh
13:08:10.524 > [BENCH] IDLE | t_inference_us=0 | heap=37.2kB/282.0kB (min=239.3kB, biggest=108.0kB) | arena=0.9kB | V_bus=5.128V I_bus=57.8mA P_bus=296.8mW E_total_accum=186.167mWh
13:08:12.538 > [BENCH] IDLE | t_inference_us=0 | heap=37.2kB/282.0kB (min=239.3kB, biggest=108.0kB) | arena=0.9kB | V_bus=5.128V I_bus=57.4mA P_bus=294.4mW E_total_accum=186.332mWh
13:08:14.547 > [BENCH] IDLE | t_inference_us=0 | heap=37.2kB/282.0kB (min=239.3kB, biggest=108.0kB) | arena=0.9kB | V_bus=5.132V I_bus=59.5mA P_bus=305.4mW E_total_accum=186.503mWh
13:08:16.121 > 
13:08:16.122 > [EVENT] type=HOUR  Tin=25.10 Hin=62.10 Tout=33.40 Hout=56.20
13:08:16.129 > [infer] REAL - Invoke executed (model ran)
13:08:16.131 > 
13:08:16.131 > [PWR] infer | E_inference_window(ΔE_total)=0.137µWh (E0=186.638550mWh E1=186.638687mWh) | E_inference_pipeline(ΔE_total)=0.351µWh (E0=186.638412mWh E1=186.638763mWh) | t_inference=1.075ms | t_inference_pipeline=3.948ms | E_total_accum=186.639mWh
13:08:16.153 > [BENCH] INFER_HOURLY | t_inference_us=1075 | heap=37.2kB/282.0kB (min=239.3kB, biggest=108.0kB) | arena=0.9kB | V_bus=5.112V I_bus=64.8mA P_bus=331.6mW E_total_accum=186.639mWh
13:08:16.169 > [HOUR] Tin=25.10 Hin=62.10 | Tp=25.22 Hp=62.93
13:08:16.174 > [HOUR] SAMPLES | N_ALL=12 N_T=12 N_H=12
13:08:16.176 > [HOUR] METRICS | MAE=nan RMSE=nan R2=NA | MAE_T=nan RMSE_T=nan R2_T=NA | MAE_H=nan RMSE_H=nan R2_H=NA
13:08:16.649 > [SENSORS] Health IN ok=1014 err=0 reinit=0 pwr=0 | OUT ok=1014 err=0 reinit=0 pwr=0
13:08:18.127 > [BENCH] IDLE | t_inference_us=0 | heap=37.2kB/282.0kB (min=239.3kB, biggest=108.0kB) | arena=0.9kB | V_bus=5.128V I_bus=64.4mA P_bus=329.8mW E_total_accum=186.823mWh
13:08:20.156 > [BENCH] IDLE | t_inference_us=0 | heap=37.2kB/282.0kB (min=239.3kB, biggest=108.0kB) | arena=0.9kB | V_bus=5.128V I_bus=63.2mA P_bus=323.4mW E_total_accum=187.004mWh
13:08:22.157 > [BENCH] IDLE | t_inference_us=0 | heap=37.2kB/282.0kB (min=239.3kB, biggest=108.0kB) | arena=0.9kB | V_bus=5.132V I_bus=61.5mA P_bus=315.2mW E_total_accum=187.181mWh
13:08:24.180 > [BENCH] IDLE | t_inference_us=0 | heap=37.2kB/282.0kB (min=239.3kB, biggest=108.0kB) | arena=0.9kB | V_bus=5.132V I_bus=60.2mA P_bus=308.7mW E_total_accum=187.353mWh
13:08:26.191 > [BENCH] IDLE | t_inference_us=0 | heap=37.2kB/282.0kB (min=239.3kB, biggest=108.0kB) | arena=0.9kB | V_bus=5.132V I_bus=59.3mA P_bus=303.7mW E_total_accum=187.523mWh
13:08:28.208 > [BENCH] IDLE | t_inference_us=0 | heap=37.2kB/282.0kB (min=239.3kB, biggest=108.0kB) | arena=0.9kB | V_bus=5.132V I_bus=60.4mA P_bus=309.8mW E_total_accum=187.696mWh
13:08:30.225 > [BENCH] IDLE | t_inference_us=0 | heap=37.2kB/282.0kB (min=239.3kB, biggest=108.0kB) | arena=0.9kB | V_bus=5.128V I_bus=60.0mA P_bus=307.4mW E_total_accum=187.868mWh
13:08:32.239 > [BENCH] IDLE | t_inference_us=0 | heap=37.2kB/282.0kB (min=239.3kB, biggest=108.0kB) | arena=0.9kB | V_bus=5.132V I_bus=59.0mA P_bus=302.5mW E_total_accum=188.038mWh
13:08:34.241 > [BENCH] IDLE | t_inference_us=0 | heap=37.2kB/282.0kB (min=239.3kB, biggest=108.0kB) | arena=0.9kB | V_bus=5.128V I_bus=58.3mA P_bus=299.2mW E_total_accum=188.205mWh
13:08:36.267 > [BENCH] IDLE | t_inference_us=0 | heap=37.2kB/282.0kB (min=239.3kB, biggest=108.0kB) | arena=0.9kB | V_bus=5.128V I_bus=60.4mA P_bus=309.7mW E_total_accum=188.378mWh
13:08:38.275 > [BENCH] IDLE | t_inference_us=0 | heap=37.2kB/282.0kB (min=239.3kB, biggest=108.0kB) | arena=0.9kB | V_bus=5.124V I_bus=61.2mA P_bus=313.8mW E_total_accum=188.554mWh
13:08:40.294 > [BENCH] IDLE | t_inference_us=0 | heap=37.2kB/282.0kB (min=239.3kB, biggest=108.0kB) | arena=0.9kB | V_bus=5.132V I_bus=60.5mA P_bus=310.0mW E_total_accum=188.727mWh
13:08:42.305 > [BENCH] IDLE | t_inference_us=0 | heap=37.2kB/282.0kB (min=239.3kB, biggest=108.0kB) | arena=0.9kB | V_bus=5.128V I_bus=59.3mA P_bus=304.0mW E_total_accum=188.897mWh
13:08:44.319 > [BENCH] IDLE | t_inference_us=0 | heap=37.2kB/282.0kB (min=239.3kB, biggest=108.0kB) | arena=0.9kB | V_bus=5.128V I_bus=58.4mA P_bus=299.6mW E_total_accum=189.065mWh
13:08:46.335 > [BENCH] IDLE | t_inference_us=0 | heap=37.2kB/282.0kB (min=239.3kB, biggest=108.0kB) | arena=0.9kB | V_bus=5.132V I_bus=60.4mA P_bus=309.6mW E_total_accum=189.238mWh
13:08:48.341 > [BENCH] IDLE | t_inference_us=0 | heap=37.2kB/282.0kB (min=239.3kB, biggest=108.0kB) | arena=0.9kB | V_bus=5.136V I_bus=61.2mA P_bus=313.8mW E_total_accum=189.414mWh
13:08:50.366 > [BENCH] IDLE | t_inference_us=0 | heap=37.2kB/282.0kB (min=239.3kB, biggest=108.0kB) | arena=0.9kB | V_bus=5.132V I_bus=60.5mA P_bus=310.4mW E_total_accum=189.588mWh
13:08:52.368 > [BENCH] IDLE | t_inference_us=0 | heap=37.2kB/282.0kB (min=239.3kB, biggest=108.0kB) | arena=0.9kB | V_bus=5.120V I_bus=60.5mA P_bus=310.3mW E_total_accum=189.761mWh
13:08:54.370 > [BENCH] IDLE | t_inference_us=0 | heap=37.2kB/282.0kB (min=239.3kB, biggest=108.0kB) | arena=0.9kB | V_bus=5.132V I_bus=61.4mA P_bus=315.1mW E_total_accum=189.937mWh
13:08:56.390 > [BENCH] IDLE | t_inference_us=0 | heap=37.2kB/282.0kB (min=239.3kB, biggest=108.0kB) | arena=0.9kB | V_bus=5.128V I_bus=60.9mA P_bus=312.3mW E_total_accum=190.111mWh
13:08:58.402 > [BENCH] IDLE | t_inference_us=0 | heap=37.2kB/282.0kB (min=239.3kB, biggest=108.0kB) | arena=0.9kB | V_bus=5.132V I_bus=59.7mA P_bus=306.4mW E_total_accum=190.283mWh
13:09:00.425 > [BENCH] IDLE | t_inference_us=0 | heap=37.2kB/282.0kB (min=239.3kB, biggest=108.0kB) | arena=0.9kB | V_bus=5.128V I_bus=58.9mA P_bus=302.0mW E_total_accum=190.452mWh
13:09:02.435 > [BENCH] IDLE | t_inference_us=0 | heap=37.2kB/282.0kB (min=239.3kB, biggest=108.0kB) | arena=0.9kB | V_bus=5.132V I_bus=60.7mA P_bus=311.6mW E_total_accum=190.626mWh
13:09:04.449 > [BENCH] IDLE | t_inference_us=0 | heap=37.2kB/282.0kB (min=239.3kB, biggest=108.0kB) | arena=0.9kB | V_bus=5.128V I_bus=61.0mA P_bus=312.8mW E_total_accum=190.801mWh
13:09:06.467 > [BENCH] IDLE | t_inference_us=0 | heap=37.2kB/282.0kB (min=239.3kB, biggest=108.0kB) | arena=0.9kB | V_bus=5.132V I_bus=60.0mA P_bus=307.6mW E_total_accum=190.973mWh
13:09:08.473 > [BENCH] IDLE | t_inference_us=0 | heap=37.2kB/282.0kB (min=239.3kB, biggest=108.0kB) | arena=0.9kB | V_bus=5.132V I_bus=59.1mA P_bus=303.0mW E_total_accum=191.143mWh
13:09:10.490 > [BENCH] IDLE | t_inference_us=0 | heap=37.2kB/282.0kB (min=239.3kB, biggest=108.0kB) | arena=0.9kB | V_bus=5.128V I_bus=58.3mA P_bus=299.3mW E_total_accum=191.310mWh
13:09:12.508 > [BENCH] IDLE | t_inference_us=0 | heap=37.2kB/282.0kB (min=239.3kB, biggest=108.0kB) | arena=0.9kB | V_bus=5.128V I_bus=60.1mA P_bus=308.0mW E_total_accum=191.482mWh
13:09:14.513 > [BENCH] IDLE | t_inference_us=0 | heap=37.2kB/282.0kB (min=239.3kB, biggest=108.0kB) | arena=0.9kB | V_bus=5.132V I_bus=60.3mA P_bus=309.1mW E_total_accum=191.655mWh
13:09:16.134 > 
13:09:16.135 > [EVENT] type=HOUR  Tin=25.60 Hin=62.67 Tout=33.50 Hout=56.40
13:09:16.140 > [infer] REAL - Invoke executed (model ran)
13:09:16.144 > 
13:09:16.144 > [PWR] infer | E_inference_window(ΔE_total)=0.153µWh (E0=191.796707mWh E1=191.796860mWh) | E_inference_pipeline(ΔE_total)=0.366µWh (E0=191.796570mWh E1=191.796936mWh) | t_inference=1.050ms | t_inference_pipeline=3.966ms | E_total_accum=191.797mWh
13:09:16.166 > [BENCH] INFER_HOURLY | t_inference_us=1050 | heap=37.2kB/282.0kB (min=239.3kB, biggest=108.0kB) | arena=0.9kB | V_bus=5.116V I_bus=66.2mA P_bus=339.1mW E_total_accum=191.797mWh
13:09:16.179 > [HOUR] Tin=25.60 Hin=62.67 | Tp=25.12 Hp=62.13
13:09:16.184 > [HOUR] SAMPLES | N_ALL=13 N_T=13 N_H=13
13:09:16.189 > [HOUR] METRICS | MAE=nan RMSE=nan R2=NA | MAE_T=nan RMSE_T=nan R2_T=NA | MAE_H=nan RMSE_H=nan R2_H=NA
13:09:16.650 > [SENSORS] Health IN ok=1042 err=0 reinit=0 pwr=0 | OUT ok=1042 err=0 reinit=0 pwr=0
13:09:18.148 > [BENCH] IDLE | t_inference_us=0 | heap=37.2kB/282.0kB (min=239.3kB, biggest=108.0kB) | arena=0.9kB | V_bus=5.128V I_bus=64.0mA P_bus=328.0mW E_total_accum=191.981mWh
13:09:20.165 > [BENCH] IDLE | t_inference_us=0 | heap=37.2kB/282.0kB (min=239.3kB, biggest=108.0kB) | arena=0.9kB | V_bus=5.124V I_bus=64.9mA P_bus=332.8mW E_total_accum=192.167mWh
13:09:22.165 > [BENCH] IDLE | t_inference_us=0 | heap=37.2kB/282.0kB (min=239.3kB, biggest=108.0kB) | arena=0.9kB | V_bus=5.132V I_bus=62.9mA P_bus=322.5mW E_total_accum=192.346mWh
13:09:24.177 > [BENCH] IDLE | t_inference_us=0 | heap=37.2kB/282.0kB (min=239.3kB, biggest=108.0kB) | arena=0.9kB | V_bus=5.128V I_bus=61.4mA P_bus=314.9mW E_total_accum=192.522mWh
13:09:26.195 > [BENCH] IDLE | t_inference_us=0 | heap=37.2kB/282.0kB (min=239.3kB, biggest=108.0kB) | arena=0.9kB | V_bus=5.132V I_bus=62.5mA P_bus=320.4mW E_total_accum=192.702mWh
13:09:28.215 > [BENCH] IDLE | t_inference_us=0 | heap=37.2kB/282.0kB (min=239.3kB, biggest=108.0kB) | arena=0.9kB | V_bus=5.128V I_bus=61.8mA P_bus=317.1mW E_total_accum=192.879mWh
13:09:30.229 > [BENCH] IDLE | t_inference_us=0 | heap=37.2kB/282.0kB (min=239.3kB, biggest=108.0kB) | arena=0.9kB | V_bus=5.132V I_bus=60.5mA P_bus=310.4mW E_total_accum=193.053mWh
13:09:32.243 > [BENCH] IDLE | t_inference_us=0 | heap=37.2kB/282.0kB (min=239.3kB, biggest=108.0kB) | arena=0.9kB | V_bus=5.132V I_bus=59.6mA P_bus=305.5mW E_total_accum=193.224mWh
13:09:34.257 > [BENCH] IDLE | t_inference_us=0 | heap=37.2kB/282.0kB (min=239.3kB, biggest=108.0kB) | arena=0.9kB | V_bus=5.132V I_bus=61.4mA P_bus=315.0mW E_total_accum=193.400mWh
13:09:36.256 > [BENCH] IDLE | t_inference_us=0 | heap=37.2kB/282.0kB (min=239.3kB, biggest=108.0kB) | arena=0.9kB | V_bus=5.132V I_bus=62.0mA P_bus=318.0mW E_total_accum=193.578mWh
13:09:38.277 > [BENCH] IDLE | t_inference_us=0 | heap=37.2kB/282.0kB (min=239.3kB, biggest=108.0kB) | arena=0.9kB | V_bus=5.132V I_bus=61.1mA P_bus=313.7mW E_total_accum=193.753mWh
13:09:40.294 > [BENCH] IDLE | t_inference_us=0 | heap=37.2kB/282.0kB (min=239.3kB, biggest=108.0kB) | arena=0.9kB | V_bus=5.132V I_bus=60.0mA P_bus=307.6mW E_total_accum=193.925mWh
13:09:42.313 > [BENCH] IDLE | t_inference_us=0 | heap=37.2kB/282.0kB (min=239.3kB, biggest=108.0kB) | arena=0.9kB | V_bus=5.128V I_bus=59.1mA P_bus=303.2mW E_total_accum=194.095mWh
13:09:44.320 > [BENCH] IDLE | t_inference_us=0 | heap=37.2kB/282.0kB (min=239.3kB, biggest=108.0kB) | arena=0.9kB | V_bus=5.132V I_bus=61.1mA P_bus=313.6mW E_total_accum=194.270mWh
13:09:46.340 > [BENCH] IDLE | t_inference_us=0 | heap=37.2kB/282.0kB (min=239.3kB, biggest=108.0kB) | arena=0.9kB | V_bus=5.128V I_bus=61.5mA P_bus=315.3mW E_total_accum=194.447mWh
13:09:48.355 > [BENCH] IDLE | t_inference_us=0 | heap=37.2kB/282.0kB (min=239.3kB, biggest=108.0kB) | arena=0.9kB | V_bus=5.128V I_bus=60.6mA P_bus=310.8mW E_total_accum=194.621mWh
13:09:50.363 > [BENCH] IDLE | t_inference_us=0 | heap=37.2kB/282.0kB (min=239.3kB, biggest=108.0kB) | arena=0.9kB | V_bus=5.132V I_bus=59.5mA P_bus=305.1mW E_total_accum=194.791mWh
13:09:52.376 > [BENCH] IDLE | t_inference_us=0 | heap=37.2kB/282.0kB (min=239.3kB, biggest=108.0kB) | arena=0.9kB | V_bus=5.128V I_bus=58.8mA P_bus=301.5mW E_total_accum=194.960mWh
13:09:54.390 > [BENCH] IDLE | t_inference_us=0 | heap=37.2kB/282.0kB (min=239.3kB, biggest=108.0kB) | arena=0.9kB | V_bus=5.132V I_bus=60.9mA P_bus=312.6mW E_total_accum=195.135mWh
13:09:56.404 > [BENCH] IDLE | t_inference_us=0 | heap=37.2kB/282.0kB (min=239.3kB, biggest=108.0kB) | arena=0.9kB | V_bus=5.112V I_bus=62.6mA P_bus=320.8mW E_total_accum=195.314mWh
13:09:58.405 > [BENCH] IDLE | t_inference_us=0 | heap=37.2kB/282.0kB (min=239.3kB, biggest=108.0kB) | arena=0.9kB | V_bus=5.104V I_bus=62.6mA P_bus=320.7mW E_total_accum=195.493mWh
13:10:00.423 > [BENCH] IDLE | t_inference_us=0 | heap=37.2kB/282.0kB (min=239.3kB, biggest=108.0kB) | arena=0.9kB | V_bus=5.104V I_bus=61.2mA P_bus=313.4mW E_total_accum=195.668mWh
13:10:02.435 > [BENCH] IDLE | t_inference_us=0 | heap=37.2kB/282.0kB (min=239.3kB, biggest=108.0kB) | arena=0.9kB | V_bus=5.108V I_bus=62.0mA P_bus=317.3mW E_total_accum=195.846mWh
13:10:04.453 > [BENCH] IDLE | t_inference_us=0 | heap=37.2kB/282.0kB (min=239.3kB, biggest=108.0kB) | arena=0.9kB | V_bus=5.104V I_bus=60.6mA P_bus=309.9mW E_total_accum=196.019mWh
13:10:06.468 > [BENCH] IDLE | t_inference_us=0 | heap=37.2kB/282.0kB (min=239.3kB, biggest=108.0kB) | arena=0.9kB | V_bus=5.104V I_bus=61.9mA P_bus=316.3mW E_total_accum=196.196mWh
13:10:08.472 > [BENCH] IDLE | t_inference_us=0 | heap=37.2kB/282.0kB (min=239.3kB, biggest=108.0kB) | arena=0.9kB | V_bus=5.104V I_bus=60.5mA P_bus=309.1mW E_total_accum=196.369mWh
13:10:10.488 > [BENCH] IDLE | t_inference_us=0 | heap=37.2kB/282.0kB (min=239.3kB, biggest=108.0kB) | arena=0.9kB | V_bus=5.120V I_bus=60.6mA P_bus=309.7mW E_total_accum=196.542mWh
13:10:12.510 > [BENCH] IDLE | t_inference_us=0 | heap=37.2kB/282.0kB (min=239.3kB, biggest=108.0kB) | arena=0.9kB | V_bus=5.104V I_bus=59.6mA P_bus=304.6mW E_total_accum=196.712mWh
13:10:14.523 > [BENCH] IDLE | t_inference_us=0 | heap=37.2kB/282.0kB (min=239.3kB, biggest=108.0kB) | arena=0.9kB | V_bus=5.132V I_bus=59.4mA P_bus=303.7mW E_total_accum=196.882mWh
13:10:16.129 > 
13:10:16.129 > [EVENT] type=HOUR  Tin=26.40 Hin=61.79 Tout=33.70 Hout=56.20
13:10:16.129 > [infer] REAL - Invoke executed (model ran)
13:10:16.144 > 
13:10:16.144 > [PWR] infer | E_inference_window(ΔE_total)=0.153µWh (E0=197.021912mWh E1=197.022064mWh) | E_inference_pipeline(ΔE_total)=0.366µWh (E0=197.021774mWh E1=197.022141mWh) | t_inference=1.072ms | t_inference_pipeline=3.959ms | E_total_accum=197.022mWh
13:10:16.176 > [BENCH] INFER_HOURLY | t_inference_us=1072 | heap=37.2kB/282.0kB (min=239.3kB, biggest=108.0kB) | arena=0.9kB | V_bus=5.120V I_bus=66.2mA P_bus=338.7mW E_total_accum=197.022mWh
13:10:16.180 > [HOUR] Tin=26.40 Hin=61.79 | Tp=25.62 Hp=62.71
13:10:16.187 > [HOUR] SAMPLES | N_ALL=14 N_T=14 N_H=14
13:10:16.190 > [HOUR] METRICS | MAE=nan RMSE=nan R2=NA | MAE_T=nan RMSE_T=nan R2_T=NA | MAE_H=nan RMSE_H=nan R2_H=NA
13:10:16.654 > [SENSORS] Health IN ok=1070 err=0 reinit=0 pwr=0 | OUT ok=1070 err=0 reinit=0 pwr=0
13:10:18.153 > [BENCH] IDLE | t_inference_us=0 | heap=37.2kB/282.0kB (min=239.3kB, biggest=108.0kB) | arena=0.9kB | V_bus=5.128V I_bus=64.1mA P_bus=328.5mW E_total_accum=197.206mWh
13:10:20.168 > [BENCH] IDLE | t_inference_us=0 | heap=37.2kB/282.0kB (min=239.3kB, biggest=108.0kB) | arena=0.9kB | V_bus=5.128V I_bus=65.1mA P_bus=333.6mW E_total_accum=197.393mWh
13:10:22.182 > [BENCH] IDLE | t_inference_us=0 | heap=37.2kB/282.0kB (min=239.3kB, biggest=108.0kB) | arena=0.9kB | V_bus=5.132V I_bus=65.0mA P_bus=333.0mW E_total_accum=197.579mWh
13:10:24.186 > [BENCH] IDLE | t_inference_us=0 | heap=37.2kB/282.0kB (min=239.3kB, biggest=108.0kB) | arena=0.9kB | V_bus=5.128V I_bus=63.8mA P_bus=326.8mW E_total_accum=197.762mWh
13:10:26.197 > [BENCH] IDLE | t_inference_us=0 | heap=37.2kB/282.0kB (min=239.3kB, biggest=108.0kB) | arena=0.9kB | V_bus=5.116V I_bus=63.8mA P_bus=326.7mW E_total_accum=197.944mWh
13:10:28.216 > [BENCH] IDLE | t_inference_us=0 | heap=37.2kB/282.0kB (min=239.3kB, biggest=108.0kB) | arena=0.9kB | V_bus=5.132V I_bus=64.7mA P_bus=331.6mW E_total_accum=198.129mWh
13:10:30.231 > [BENCH] IDLE | t_inference_us=0 | heap=37.2kB/282.0kB (min=239.3kB, biggest=108.0kB) | arena=0.9kB | V_bus=5.132V I_bus=64.4mA P_bus=330.1mW E_total_accum=198.314mWh
13:10:32.233 > [BENCH] IDLE | t_inference_us=0 | heap=37.2kB/282.0kB (min=239.3kB, biggest=108.0kB) | arena=0.9kB | V_bus=5.128V I_bus=63.3mA P_bus=324.6mW E_total_accum=198.495mWh
13:10:34.251 > [BENCH] IDLE | t_inference_us=0 | heap=37.2kB/282.0kB (min=239.3kB, biggest=108.0kB) | arena=0.9kB | V_bus=5.128V I_bus=61.7mA P_bus=316.5mW E_total_accum=198.672mWh
13:10:36.271 > [BENCH] IDLE | t_inference_us=0 | heap=37.2kB/282.0kB (min=239.3kB, biggest=108.0kB) | arena=0.9kB | V_bus=5.132V I_bus=60.4mA P_bus=309.5mW E_total_accum=198.846mWh
13:10:38.278 > [BENCH] IDLE | t_inference_us=0 | heap=37.2kB/282.0kB (min=239.3kB, biggest=108.0kB) | arena=0.9kB | V_bus=5.128V I_bus=59.4mA P_bus=304.7mW E_total_accum=199.016mWh
13:10:40.298 > [BENCH] IDLE | t_inference_us=0 | heap=37.2kB/282.0kB (min=239.3kB, biggest=108.0kB) | arena=0.9kB | V_bus=5.132V I_bus=58.7mA P_bus=301.2mW E_total_accum=199.185mWh
13:10:42.300 > [BENCH] IDLE | t_inference_us=0 | heap=37.2kB/282.0kB (min=239.3kB, biggest=108.0kB) | arena=0.9kB | V_bus=5.128V I_bus=60.6mA P_bus=310.9mW E_total_accum=199.358mWh
13:10:44.328 > [BENCH] IDLE | t_inference_us=0 | heap=37.2kB/282.0kB (min=239.3kB, biggest=108.0kB) | arena=0.9kB | V_bus=5.128V I_bus=61.5mA P_bus=315.3mW E_total_accum=199.535mWh
13:10:46.329 > [BENCH] IDLE | t_inference_us=0 | heap=37.2kB/282.0kB (min=239.3kB, biggest=108.0kB) | arena=0.9kB | V_bus=5.132V I_bus=61.1mA P_bus=313.4mW E_total_accum=199.710mWh
13:10:48.344 > [BENCH] IDLE | t_inference_us=0 | heap=37.2kB/282.0kB (min=239.3kB, biggest=108.0kB) | arena=0.9kB | V_bus=5.128V I_bus=60.3mA P_bus=309.2mW E_total_accum=199.883mWh
13:10:50.362 > [BENCH] IDLE | t_inference_us=0 | heap=37.2kB/282.0kB (min=239.3kB, biggest=108.0kB) | arena=0.9kB | V_bus=5.132V I_bus=59.2mA P_bus=303.8mW E_total_accum=200.053mWh
13:10:52.380 > [BENCH] IDLE | t_inference_us=0 | heap=37.2kB/282.0kB (min=239.3kB, biggest=108.0kB) | arena=0.9kB | V_bus=5.132V I_bus=58.4mA P_bus=299.7mW E_total_accum=200.221mWh
13:10:54.397 > [BENCH] IDLE | t_inference_us=0 | heap=37.2kB/282.0kB (min=239.3kB, biggest=108.0kB) | arena=0.9kB | V_bus=5.128V I_bus=57.9mA P_bus=297.1mW E_total_accum=200.387mWh
13:10:56.411 > [BENCH] IDLE | t_inference_us=0 | heap=37.2kB/282.0kB (min=239.3kB, biggest=108.0kB) | arena=0.9kB | V_bus=5.128V I_bus=57.5mA P_bus=295.1mW E_total_accum=200.552mWh
13:10:58.414 > [BENCH] IDLE | t_inference_us=0 | heap=37.2kB/282.0kB (min=239.3kB, biggest=108.0kB) | arena=0.9kB | V_bus=5.128V I_bus=59.8mA P_bus=306.9mW E_total_accum=200.724mWh
13:11:00.433 > [BENCH] IDLE | t_inference_us=0 | heap=37.2kB/282.0kB (min=239.3kB, biggest=108.0kB) | arena=0.9kB | V_bus=5.132V I_bus=61.1mA P_bus=313.5mW E_total_accum=200.899mWh
13:11:02.435 > [BENCH] IDLE | t_inference_us=0 | heap=37.2kB/282.0kB (min=239.3kB, biggest=108.0kB) | arena=0.9kB | V_bus=5.128V I_bus=60.0mA P_bus=307.7mW E_total_accum=201.070mWh
13:11:04.455 > [BENCH] IDLE | t_inference_us=0 | heap=37.2kB/282.0kB (min=239.3kB, biggest=108.0kB) | arena=0.9kB | V_bus=5.132V I_bus=59.2mA P_bus=303.7mW E_total_accum=201.240mWh
13:11:06.458 > [BENCH] IDLE | t_inference_us=0 | heap=37.2kB/282.0kB (min=239.3kB, biggest=108.0kB) | arena=0.9kB | V_bus=5.128V I_bus=58.6mA P_bus=300.5mW E_total_accum=201.408mWh
13:11:08.471 > [BENCH] IDLE | t_inference_us=0 | heap=37.2kB/282.0kB (min=239.3kB, biggest=108.0kB) | arena=0.9kB | V_bus=5.132V I_bus=58.0mA P_bus=297.7mW E_total_accum=201.575mWh
13:11:10.493 > [BENCH] IDLE | t_inference_us=0 | heap=37.2kB/282.0kB (min=239.3kB, biggest=108.0kB) | arena=0.9kB | V_bus=5.132V I_bus=60.1mA P_bus=308.5mW E_total_accum=201.747mWh
13:11:12.510 > [BENCH] IDLE | t_inference_us=0 | heap=37.2kB/282.0kB (min=239.3kB, biggest=108.0kB) | arena=0.9kB | V_bus=5.132V I_bus=61.2mA P_bus=314.0mW E_total_accum=201.923mWh
13:11:14.525 > [BENCH] IDLE | t_inference_us=0 | heap=37.2kB/282.0kB (min=239.3kB, biggest=108.0kB) | arena=0.9kB | V_bus=5.132V I_bus=61.4mA P_bus=315.2mW E_total_accum=202.099mWh
13:11:16.126 > 
13:11:16.126 > [EVENT] type=HOUR  Tin=27.00 Hin=59.95 Tout=33.70 Hout=55.40
13:11:16.142 > [infer] REAL - Invoke executed (model ran)
13:11:16.147 > 
13:11:16.147 > [PWR] infer | E_inference_window(ΔE_total)=0.153µWh (E0=202.242874mWh E1=202.243027mWh) | E_inference_pipeline(ΔE_total)=0.366µWh (E0=202.242737mWh E1=202.243103mWh) | t_inference=1.048ms | t_inference_pipeline=3.954ms | E_total_accum=202.243mWh
13:11:16.171 > [BENCH] INFER_HOURLY | t_inference_us=1048 | heap=37.2kB/282.0kB (min=239.3kB, biggest=108.0kB) | arena=0.9kB | V_bus=5.116V I_bus=66.0mA P_bus=338.1mW E_total_accum=202.243mWh
13:11:16.187 > [HOUR] Tin=27.00 Hin=59.95 | Tp=26.42 Hp=61.83
13:11:16.187 > [HOUR] SAMPLES | N_ALL=15 N_T=15 N_H=15
13:11:16.191 > [HOUR] METRICS | MAE=nan RMSE=nan R2=NA | MAE_T=nan RMSE_T=nan R2_T=NA | MAE_H=nan RMSE_H=nan R2_H=NA
13:11:16.665 > [SENSORS] Health IN ok=1098 err=0 reinit=0 pwr=0 | OUT ok=1098 err=0 reinit=0 pwr=0
13:11:18.155 > [BENCH] IDLE | t_inference_us=0 | heap=37.2kB/282.0kB (min=239.3kB, biggest=108.0kB) | arena=0.9kB | V_bus=5.132V I_bus=63.8mA P_bus=327.2mW E_total_accum=202.426mWh
13:11:20.174 > [BENCH] IDLE | t_inference_us=0 | heap=37.2kB/282.0kB (min=239.3kB, biggest=108.0kB) | arena=0.9kB | V_bus=5.132V I_bus=62.2mA P_bus=319.0mW E_total_accum=202.605mWh
13:11:22.187 > [BENCH] IDLE | t_inference_us=0 | heap=37.2kB/282.0kB (min=239.3kB, biggest=108.0kB) | arena=0.9kB | V_bus=5.128V I_bus=61.0mA P_bus=312.6mW E_total_accum=202.780mWh
13:11:24.190 > [BENCH] IDLE | t_inference_us=0 | heap=37.2kB/282.0kB (min=239.3kB, biggest=108.0kB) | arena=0.9kB | V_bus=5.128V I_bus=60.0mA P_bus=307.6mW E_total_accum=202.952mWh
13:11:26.216 > [BENCH] IDLE | t_inference_us=0 | heap=37.2kB/282.0kB (min=239.3kB, biggest=108.0kB) | arena=0.9kB | V_bus=5.128V I_bus=59.2mA P_bus=303.6mW E_total_accum=203.122mWh
13:11:28.230 > [BENCH] IDLE | t_inference_us=0 | heap=37.2kB/282.0kB (min=239.3kB, biggest=108.0kB) | arena=0.9kB | V_bus=5.132V I_bus=61.2mA P_bus=313.9mW E_total_accum=203.297mWh
13:11:30.233 > [BENCH] IDLE | t_inference_us=0 | heap=37.2kB/282.0kB (min=239.3kB, biggest=108.0kB) | arena=0.9kB | V_bus=5.116V I_bus=61.2mA P_bus=313.8mW E_total_accum=203.473mWh
13:11:32.238 > [BENCH] IDLE | t_inference_us=0 | heap=37.2kB/282.0kB (min=239.3kB, biggest=108.0kB) | arena=0.9kB | V_bus=5.128V I_bus=60.1mA P_bus=308.0mW E_total_accum=203.644mWh
13:11:34.258 > [BENCH] IDLE | t_inference_us=0 | heap=37.2kB/282.0kB (min=239.3kB, biggest=108.0kB) | arena=0.9kB | V_bus=5.124V I_bus=59.2mA P_bus=303.3mW E_total_accum=203.814mWh
13:11:36.271 > [BENCH] IDLE | t_inference_us=0 | heap=37.2kB/282.0kB (min=239.3kB, biggest=108.0kB) | arena=0.9kB | V_bus=5.128V I_bus=58.5mA P_bus=299.7mW E_total_accum=203.982mWh
13:11:38.285 > [BENCH] IDLE | t_inference_us=0 | heap=37.2kB/282.0kB (min=239.3kB, biggest=108.0kB) | arena=0.9kB | V_bus=5.132V I_bus=57.9mA P_bus=296.9mW E_total_accum=204.148mWh
13:11:40.301 > [BENCH] IDLE | t_inference_us=0 | heap=37.2kB/282.0kB (min=239.3kB, biggest=108.0kB) | arena=0.9kB | V_bus=5.128V I_bus=57.5mA P_bus=294.9mW E_total_accum=204.313mWh
13:11:42.315 > [BENCH] IDLE | t_inference_us=0 | heap=37.2kB/282.0kB (min=239.3kB, biggest=108.0kB) | arena=0.9kB | V_bus=5.128V I_bus=57.3mA P_bus=293.6mW E_total_accum=204.477mWh
13:11:44.320 > [BENCH] IDLE | t_inference_us=0 | heap=37.2kB/282.0kB (min=239.3kB, biggest=108.0kB) | arena=0.9kB | V_bus=5.132V I_bus=57.1mA P_bus=292.6mW E_total_accum=204.641mWh
13:11:46.340 > [BENCH] IDLE | t_inference_us=0 | heap=37.2kB/282.0kB (min=239.3kB, biggest=108.0kB) | arena=0.9kB | V_bus=5.128V I_bus=56.9mA P_bus=291.6mW E_total_accum=204.804mWh
13:11:48.349 > [BENCH] IDLE | t_inference_us=0 | heap=37.2kB/282.0kB (min=239.3kB, biggest=108.0kB) | arena=0.9kB | V_bus=5.132V I_bus=59.4mA P_bus=304.7mW E_total_accum=204.974mWh
13:11:50.363 > [BENCH] IDLE | t_inference_us=0 | heap=37.2kB/282.0kB (min=239.3kB, biggest=108.0kB) | arena=0.9kB | V_bus=5.128V I_bus=61.3mA P_bus=314.2mW E_total_accum=205.150mWh
13:11:52.382 > [BENCH] IDLE | t_inference_us=0 | heap=37.2kB/282.0kB (min=239.3kB, biggest=108.0kB) | arena=0.9kB | V_bus=5.128V I_bus=62.4mA P_bus=320.2mW E_total_accum=205.329mWh
13:11:54.384 > [BENCH] IDLE | t_inference_us=0 | heap=37.2kB/282.0kB (min=239.3kB, biggest=108.0kB) | arena=0.9kB | V_bus=5.128V I_bus=63.1mA P_bus=323.8mW E_total_accum=205.510mWh
13:11:56.402 > [BENCH] IDLE | t_inference_us=0 | heap=37.2kB/282.0kB (min=239.3kB, biggest=108.0kB) | arena=0.9kB | V_bus=5.132V I_bus=63.6mA P_bus=326.2mW E_total_accum=205.693mWh
13:11:58.413 > [BENCH] IDLE | t_inference_us=0 | heap=37.2kB/282.0kB (min=239.3kB, biggest=108.0kB) | arena=0.9kB | V_bus=5.132V I_bus=63.8mA P_bus=327.2mW E_total_accum=205.876mWh
13:12:00.437 > [BENCH] IDLE | t_inference_us=0 | heap=37.2kB/282.0kB (min=239.3kB, biggest=108.0kB) | arena=0.9kB | V_bus=5.128V I_bus=63.7mA P_bus=326.7mW E_total_accum=206.059mWh
13:12:02.442 > [BENCH] IDLE | t_inference_us=0 | heap=37.2kB/282.0kB (min=239.3kB, biggest=108.0kB) | arena=0.9kB | V_bus=5.128V I_bus=63.4mA P_bus=325.4mW E_total_accum=206.241mWh
13:12:04.468 > [BENCH] IDLE | t_inference_us=0 | heap=37.2kB/282.0kB (min=239.3kB, biggest=108.0kB) | arena=0.9kB | V_bus=5.132V I_bus=63.2mA P_bus=324.0mW E_total_accum=206.422mWh
13:12:06.470 > [BENCH] IDLE | t_inference_us=0 | heap=37.2kB/282.0kB (min=239.3kB, biggest=108.0kB) | arena=0.9kB | V_bus=5.112V I_bus=65.4mA P_bus=335.2mW E_total_accum=206.609mWh
13:12:08.484 > [BENCH] IDLE | t_inference_us=0 | heap=37.2kB/282.0kB (min=239.3kB, biggest=108.0kB) | arena=0.9kB | V_bus=5.128V I_bus=63.5mA P_bus=325.6mW E_total_accum=206.790mWh
13:12:10.495 > [BENCH] IDLE | t_inference_us=0 | heap=37.2kB/282.0kB (min=239.3kB, biggest=108.0kB) | arena=0.9kB | V_bus=5.132V I_bus=62.0mA P_bus=317.7mW E_total_accum=206.968mWh
13:12:12.511 > [BENCH] IDLE | t_inference_us=0 | heap=37.2kB/282.0kB (min=239.3kB, biggest=108.0kB) | arena=0.9kB | V_bus=5.132V I_bus=60.8mA P_bus=311.7mW E_total_accum=207.143mWh
13:12:14.513 > [BENCH] IDLE | t_inference_us=0 | heap=37.2kB/282.0kB (min=239.3kB, biggest=108.0kB) | arena=0.9kB | V_bus=5.128V I_bus=59.9mA P_bus=307.0mW E_total_accum=207.314mWh
13:12:16.130 > 
13:12:16.130 > [EVENT] type=HOUR  Tin=27.50 Hin=59.39 Tout=33.70 Hout=55.00
13:12:16.130 > [infer] REAL - Invoke executed (model ran)
13:12:16.147 > 
13:12:16.147 > [PWR] infer | E_inference_window(ΔE_total)=0.137µWh (E0=207.452499mWh E1=207.452637mWh) | E_inference_pipeline(ΔE_total)=0.366µWh (E0=207.452347mWh E1=207.452713mWh) | t_inference=1.079ms | t_inference_pipeline=4.065ms | E_total_accum=207.453mWh
13:12:16.167 > [BENCH] INFER_HOURLY | t_inference_us=1079 | heap=37.2kB/282.0kB (min=239.3kB, biggest=108.0kB) | arena=0.9kB | V_bus=5.116V I_bus=65.4mA P_bus=335.1mW E_total_accum=207.453mWh
13:12:16.184 > [HOUR] Tin=27.50 Hin=59.39 | Tp=27.02 Hp=59.98
13:12:16.186 > [HOUR] SAMPLES | N_ALL=16 N_T=16 N_H=16
13:12:16.192 > [HOUR] METRICS | MAE=nan RMSE=nan R2=NA | MAE_T=nan RMSE_T=nan R2_T=NA | MAE_H=nan RMSE_H=nan R2_H=NA
13:12:16.664 > [SENSORS] Health IN ok=1126 err=0 reinit=0 pwr=0 | OUT ok=1126 err=0 reinit=0 pwr=0
13:12:18.147 > [BENCH] IDLE | t_inference_us=0 | heap=37.2kB/282.0kB (min=239.3kB, biggest=108.0kB) | arena=0.9kB | V_bus=5.132V I_bus=65.8mA P_bus=337.3mW E_total_accum=207.642mWh
13:12:20.176 > [BENCH] IDLE | t_inference_us=0 | heap=37.2kB/282.0kB (min=239.3kB, biggest=108.0kB) | arena=0.9kB | V_bus=5.132V I_bus=66.6mA P_bus=341.2mW E_total_accum=207.833mWh
13:12:22.177 > [BENCH] IDLE | t_inference_us=0 | heap=37.2kB/282.0kB (min=239.3kB, biggest=108.0kB) | arena=0.9kB | V_bus=5.132V I_bus=67.1mA P_bus=344.1mW E_total_accum=208.025mWh
13:12:24.193 > [BENCH] IDLE | t_inference_us=0 | heap=37.2kB/282.0kB (min=239.3kB, biggest=108.0kB) | arena=0.9kB | V_bus=5.132V I_bus=67.6mA P_bus=346.6mW E_total_accum=208.219mWh
13:12:26.210 > [BENCH] IDLE | t_inference_us=0 | heap=37.2kB/282.0kB (min=239.3kB, biggest=108.0kB) | arena=0.9kB | V_bus=5.132V I_bus=67.9mA P_bus=348.0mW E_total_accum=208.414mWh
13:12:28.231 > [BENCH] IDLE | t_inference_us=0 | heap=37.2kB/282.0kB (min=239.3kB, biggest=108.0kB) | arena=0.9kB | V_bus=5.128V I_bus=68.1mA P_bus=349.4mW E_total_accum=208.609mWh
13:12:30.240 > [BENCH] IDLE | t_inference_us=0 | heap=37.2kB/282.0kB (min=239.3kB, biggest=108.0kB) | arena=0.9kB | V_bus=5.128V I_bus=68.4mA P_bus=350.6mW E_total_accum=208.805mWh
13:12:32.259 > [BENCH] IDLE | t_inference_us=0 | heap=37.2kB/282.0kB (min=239.3kB, biggest=108.0kB) | arena=0.9kB | V_bus=5.128V I_bus=68.6mA P_bus=351.7mW E_total_accum=209.002mWh
13:12:34.257 > [BENCH] IDLE | t_inference_us=0 | heap=37.2kB/282.0kB (min=239.3kB, biggest=108.0kB) | arena=0.9kB | V_bus=5.132V I_bus=68.8mA P_bus=352.7mW E_total_accum=209.199mWh
13:12:36.259 > [BENCH] IDLE | t_inference_us=0 | heap=37.2kB/282.0kB (min=239.3kB, biggest=108.0kB) | arena=0.9kB | V_bus=5.132V I_bus=66.7mA P_bus=341.9mW E_total_accum=209.389mWh
13:12:38.281 > [BENCH] IDLE | t_inference_us=0 | heap=37.2kB/282.0kB (min=239.3kB, biggest=108.0kB) | arena=0.9kB | V_bus=5.132V I_bus=65.0mA P_bus=333.3mW E_total_accum=209.576mWh
13:12:40.288 > [BENCH] IDLE | t_inference_us=0 | heap=37.2kB/282.0kB (min=239.3kB, biggest=108.0kB) | arena=0.9kB | V_bus=5.132V I_bus=63.6mA P_bus=326.5mW E_total_accum=209.759mWh
13:12:42.307 > [BENCH] IDLE | t_inference_us=0 | heap=37.2kB/282.0kB (min=239.3kB, biggest=108.0kB) | arena=0.9kB | V_bus=5.132V I_bus=62.6mA P_bus=321.2mW E_total_accum=209.938mWh
13:12:44.327 > [BENCH] IDLE | t_inference_us=0 | heap=37.2kB/282.0kB (min=239.3kB, biggest=108.0kB) | arena=0.9kB | V_bus=5.128V I_bus=61.9mA P_bus=317.8mW E_total_accum=210.116mWh
13:12:46.344 > [BENCH] IDLE | t_inference_us=0 | heap=37.2kB/282.0kB (min=239.3kB, biggest=108.0kB) | arena=0.9kB | V_bus=5.128V I_bus=61.5mA P_bus=315.2mW E_total_accum=210.292mWh
13:12:48.357 > [BENCH] IDLE | t_inference_us=0 | heap=37.2kB/282.0kB (min=239.3kB, biggest=108.0kB) | arena=0.9kB | V_bus=5.128V I_bus=61.2mA P_bus=313.9mW E_total_accum=210.468mWh
13:12:50.371 > [BENCH] IDLE | t_inference_us=0 | heap=37.2kB/282.0kB (min=239.3kB, biggest=108.0kB) | arena=0.9kB | V_bus=5.132V I_bus=61.0mA P_bus=312.7mW E_total_accum=210.643mWh
13:12:52.370 > [BENCH] IDLE | t_inference_us=0 | heap=37.2kB/282.0kB (min=239.3kB, biggest=108.0kB) | arena=0.9kB | V_bus=5.132V I_bus=61.1mA P_bus=313.2mW E_total_accum=210.818mWh
13:12:54.388 > [BENCH] IDLE | t_inference_us=0 | heap=37.2kB/282.0kB (min=239.3kB, biggest=108.0kB) | arena=0.9kB | V_bus=5.132V I_bus=61.3mA P_bus=314.7mW E_total_accum=210.994mWh
13:12:56.414 > [BENCH] IDLE | t_inference_us=0 | heap=37.2kB/282.0kB (min=239.3kB, biggest=108.0kB) | arena=0.9kB | V_bus=5.132V I_bus=61.9mA P_bus=317.6mW E_total_accum=211.172mWh
13:12:58.421 > [BENCH] IDLE | t_inference_us=0 | heap=37.2kB/282.0kB (min=239.3kB, biggest=108.0kB) | arena=0.9kB | V_bus=5.132V I_bus=62.5mA P_bus=320.9mW E_total_accum=211.351mWh
13:13:00.434 > [BENCH] IDLE | t_inference_us=0 | heap=37.2kB/282.0kB (min=239.3kB, biggest=108.0kB) | arena=0.9kB | V_bus=5.128V I_bus=63.2mA P_bus=324.1mW E_total_accum=211.533mWh
13:13:02.455 > [BENCH] IDLE | t_inference_us=0 | heap=37.2kB/282.0kB (min=239.3kB, biggest=108.0kB) | arena=0.9kB | V_bus=5.132V I_bus=63.8mA P_bus=327.3mW E_total_accum=211.716mWh
13:13:04.470 > [BENCH] IDLE | t_inference_us=0 | heap=37.2kB/282.0kB (min=239.3kB, biggest=108.0kB) | arena=0.9kB | V_bus=5.132V I_bus=64.7mA P_bus=332.0mW E_total_accum=211.902mWh
13:13:06.470 > [BENCH] IDLE | t_inference_us=0 | heap=37.2kB/282.0kB (min=239.3kB, biggest=108.0kB) | arena=0.9kB | V_bus=5.128V I_bus=65.6mA P_bus=336.6mW E_total_accum=212.090mWh
13:13:08.487 > [BENCH] IDLE | t_inference_us=0 | heap=37.2kB/282.0kB (min=239.3kB, biggest=108.0kB) | arena=0.9kB | V_bus=5.132V I_bus=66.4mA P_bus=340.9mW E_total_accum=212.281mWh
13:13:10.499 > [BENCH] IDLE | t_inference_us=0 | heap=37.2kB/282.0kB (min=239.3kB, biggest=108.0kB) | arena=0.9kB | V_bus=5.116V I_bus=66.4mA P_bus=340.7mW E_total_accum=212.471mWh
13:13:12.501 > [BENCH] IDLE | t_inference_us=0 | heap=37.2kB/282.0kB (min=239.3kB, biggest=108.0kB) | arena=0.9kB | V_bus=5.132V I_bus=65.0mA P_bus=333.5mW E_total_accum=212.657mWh
13:13:14.518 > [BENCH] IDLE | t_inference_us=0 | heap=37.2kB/282.0kB (min=239.3kB, biggest=108.0kB) | arena=0.9kB | V_bus=5.128V I_bus=64.1mA P_bus=328.6mW E_total_accum=212.840mWh
13:13:16.134 > 
13:13:16.134 > [EVENT] type=HOUR  Tin=27.90 Hin=57.92 Tout=33.60 Hout=54.70
13:13:16.134 > [infer] REAL - Invoke executed (model ran)
13:13:16.148 > 
13:13:16.148 > [PWR] infer | E_inference_window(ΔE_total)=0.153µWh (E0=212.989029mWh E1=212.989182mWh) | E_inference_pipeline(ΔE_total)=0.397µWh (E0=212.988861mWh E1=212.989258mWh) | t_inference=1.054ms | t_inference_pipeline=4.148ms | E_total_accum=212.989mWh
13:13:16.172 > [BENCH] INFER_HOURLY | t_inference_us=1054 | heap=37.2kB/282.0kB (min=239.3kB, biggest=108.0kB) | arena=0.9kB | V_bus=5.120V I_bus=67.3mA P_bus=345.0mW E_total_accum=212.989mWh
13:13:16.188 > [HOUR] Tin=27.90 Hin=57.92 | Tp=27.52 Hp=59.42
13:13:16.188 > [HOUR] SAMPLES | N_ALL=17 N_T=17 N_H=17
13:13:16.194 > [HOUR] METRICS | MAE=nan RMSE=nan R2=NA | MAE_T=nan RMSE_T=nan R2_T=NA | MAE_H=nan RMSE_H=nan R2_H=NA
13:13:16.668 > [SENSORS] Health IN ok=1154 err=0 reinit=0 pwr=0 | OUT ok=1154 err=0 reinit=0 pwr=0
13:13:18.151 > [BENCH] IDLE | t_inference_us=0 | heap=37.2kB/282.0kB (min=239.3kB, biggest=108.0kB) | arena=0.9kB | V_bus=5.132V I_bus=65.4mA P_bus=335.1mW E_total_accum=213.177mWh
13:13:20.165 > [BENCH] IDLE | t_inference_us=0 | heap=37.2kB/282.0kB (min=239.3kB, biggest=108.0kB) | arena=0.9kB | V_bus=5.132V I_bus=64.1mA P_bus=328.5mW E_total_accum=213.361mWh
13:13:22.184 > [BENCH] IDLE | t_inference_us=0 | heap=37.2kB/282.0kB (min=239.3kB, biggest=108.0kB) | arena=0.9kB | V_bus=5.128V I_bus=63.3mA P_bus=324.3mW E_total_accum=213.542mWh
13:13:24.199 > [BENCH] IDLE | t_inference_us=0 | heap=37.2kB/282.0kB (min=239.3kB, biggest=108.0kB) | arena=0.9kB | V_bus=5.128V I_bus=63.1mA P_bus=323.5mW E_total_accum=213.723mWh
13:13:26.215 > [BENCH] IDLE | t_inference_us=0 | heap=37.2kB/282.0kB (min=239.3kB, biggest=108.0kB) | arena=0.9kB | V_bus=5.128V I_bus=63.5mA P_bus=325.4mW E_total_accum=213.905mWh
13:13:28.231 > [BENCH] IDLE | t_inference_us=0 | heap=37.2kB/282.0kB (min=239.3kB, biggest=108.0kB) | arena=0.9kB | V_bus=5.128V I_bus=64.0mA P_bus=328.1mW E_total_accum=214.089mWh
13:13:30.237 > [BENCH] IDLE | t_inference_us=0 | heap=37.2kB/282.0kB (min=239.3kB, biggest=108.0kB) | arena=0.9kB | V_bus=5.132V I_bus=64.8mA P_bus=332.2mW E_total_accum=214.275mWh
13:13:32.246 > [BENCH] IDLE | t_inference_us=0 | heap=37.2kB/282.0kB (min=239.3kB, biggest=108.0kB) | arena=0.9kB | V_bus=5.132V I_bus=65.8mA P_bus=337.3mW E_total_accum=214.463mWh
13:13:34.263 > [BENCH] IDLE | t_inference_us=0 | heap=37.2kB/282.0kB (min=239.3kB, biggest=108.0kB) | arena=0.9kB | V_bus=5.132V I_bus=63.9mA P_bus=328.0mW E_total_accum=214.647mWh
13:13:36.279 > [BENCH] IDLE | t_inference_us=0 | heap=37.2kB/282.0kB (min=239.3kB, biggest=108.0kB) | arena=0.9kB | V_bus=5.132V I_bus=62.4mA P_bus=320.0mW E_total_accum=214.826mWh
13:13:38.297 > [BENCH] IDLE | t_inference_us=0 | heap=37.2kB/282.0kB (min=239.3kB, biggest=108.0kB) | arena=0.9kB | V_bus=5.128V I_bus=61.1mA P_bus=313.4mW E_total_accum=215.001mWh
13:13:40.297 > [BENCH] IDLE | t_inference_us=0 | heap=37.2kB/282.0kB (min=239.3kB, biggest=108.0kB) | arena=0.9kB | V_bus=5.116V I_bus=61.1mA P_bus=313.3mW E_total_accum=215.176mWh
13:13:42.318 > [BENCH] IDLE | t_inference_us=0 | heap=37.2kB/282.0kB (min=239.3kB, biggest=108.0kB) | arena=0.9kB | V_bus=5.128V I_bus=62.2mA P_bus=318.9mW E_total_accum=215.354mWh
13:13:44.327 > [BENCH] IDLE | t_inference_us=0 | heap=37.2kB/282.0kB (min=239.3kB, biggest=108.0kB) | arena=0.9kB | V_bus=5.132V I_bus=63.7mA P_bus=326.7mW E_total_accum=215.537mWh
13:13:46.345 > [BENCH] IDLE | t_inference_us=0 | heap=37.2kB/282.0kB (min=239.3kB, biggest=108.0kB) | arena=0.9kB | V_bus=5.128V I_bus=62.2mA P_bus=319.2mW E_total_accum=215.715mWh
13:13:48.346 > [BENCH] IDLE | t_inference_us=0 | heap=37.2kB/282.0kB (min=239.3kB, biggest=108.0kB) | arena=0.9kB | V_bus=5.128V I_bus=61.2mA P_bus=313.6mW E_total_accum=215.891mWh
13:13:50.373 > [BENCH] IDLE | t_inference_us=0 | heap=37.2kB/282.0kB (min=239.3kB, biggest=108.0kB) | arena=0.9kB | V_bus=5.124V I_bus=60.1mA P_bus=308.4mW E_total_accum=216.063mWh
13:13:52.376 > [BENCH] IDLE | t_inference_us=0 | heap=37.2kB/282.0kB (min=239.3kB, biggest=108.0kB) | arena=0.9kB | V_bus=5.132V I_bus=59.4mA P_bus=304.4mW E_total_accum=216.233mWh
13:13:54.393 > [BENCH] IDLE | t_inference_us=0 | heap=37.2kB/282.0kB (min=239.3kB, biggest=108.0kB) | arena=0.9kB | V_bus=5.128V I_bus=58.6mA P_bus=300.7mW E_total_accum=216.402mWh
13:13:56.409 > [BENCH] IDLE | t_inference_us=0 | heap=37.2kB/282.0kB (min=239.3kB, biggest=108.0kB) | arena=0.9kB | V_bus=5.132V I_bus=58.1mA P_bus=298.1mW E_total_accum=216.568mWh
13:13:58.426 > [BENCH] IDLE | t_inference_us=0 | heap=37.2kB/282.0kB (min=239.3kB, biggest=108.0kB) | arena=0.9kB | V_bus=5.128V I_bus=58.0mA P_bus=297.3mW E_total_accum=216.735mWh
13:14:00.443 > [BENCH] IDLE | t_inference_us=0 | heap=37.2kB/282.0kB (min=239.3kB, biggest=108.0kB) | arena=0.9kB | V_bus=5.132V I_bus=58.1mA P_bus=298.1mW E_total_accum=216.902mWh
13:14:02.457 > [BENCH] IDLE | t_inference_us=0 | heap=37.2kB/282.0kB (min=239.3kB, biggest=108.0kB) | arena=0.9kB | V_bus=5.128V I_bus=58.6mA P_bus=300.3mW E_total_accum=217.070mWh
13:14:04.458 > [BENCH] IDLE | t_inference_us=0 | heap=37.2kB/282.0kB (min=239.3kB, biggest=108.0kB) | arena=0.9kB | V_bus=5.132V I_bus=59.8mA P_bus=306.9mW E_total_accum=217.241mWh
13:14:06.473 > [BENCH] IDLE | t_inference_us=0 | heap=37.2kB/282.0kB (min=239.3kB, biggest=108.0kB) | arena=0.9kB | V_bus=5.124V I_bus=61.2mA P_bus=314.0mW E_total_accum=217.417mWh
13:14:08.491 > [BENCH] IDLE | t_inference_us=0 | heap=37.2kB/282.0kB (min=239.3kB, biggest=108.0kB) | arena=0.9kB | V_bus=5.132V I_bus=62.9mA P_bus=322.7mW E_total_accum=217.597mWh
13:14:10.513 > [BENCH] IDLE | t_inference_us=0 | heap=37.2kB/282.0kB (min=239.3kB, biggest=108.0kB) | arena=0.9kB | V_bus=5.124V I_bus=61.6mA P_bus=315.7mW E_total_accum=217.774mWh
13:14:12.521 > [BENCH] IDLE | t_inference_us=0 | heap=37.2kB/282.0kB (min=239.3kB, biggest=108.0kB) | arena=0.9kB | V_bus=5.128V I_bus=60.5mA P_bus=310.2mW E_total_accum=217.948mWh
13:14:14.539 > [BENCH] IDLE | t_inference_us=0 | heap=37.2kB/282.0kB (min=239.3kB, biggest=108.0kB) | arena=0.9kB | V_bus=5.128V I_bus=59.7mA P_bus=306.2mW E_total_accum=218.119mWh
13:14:16.093 > 
13:14:16.093 > [EVENT] type=HOUR  Tin=28.20 Hin=57.70 Tout=33.80 Hout=54.30
13:14:16.093 > [infer] REAL - Invoke executed (model ran)
13:14:16.110 > 
13:14:16.110 > [PWR] infer | E_inference_window(ΔE_total)=0.153µWh (E0=218.255188mWh E1=218.255341mWh) | E_inference_pipeline(ΔE_total)=0.381µWh (E0=218.255035mWh E1=218.255417mWh) | t_inference=1.079ms | t_inference_pipeline=4.130ms | E_total_accum=218.255mWh
13:14:16.132 > [BENCH] INFER_HOURLY | t_inference_us=1079 | heap=37.2kB/282.0kB (min=239.3kB, biggest=108.0kB) | arena=0.9kB | V_bus=5.120V I_bus=66.2mA P_bus=339.2mW E_total_accum=218.255mWh
13:14:16.146 > [HOUR] Tin=28.20 Hin=57.70 | Tp=27.92 Hp=57.95
13:14:16.152 > [HOUR] SAMPLES | N_ALL=18 N_T=18 N_H=18
13:14:16.155 > [HOUR] METRICS | MAE=nan RMSE=nan R2=NA | MAE_T=nan RMSE_T=nan R2_T=NA | MAE_H=nan RMSE_H=nan R2_H=NA
13:14:16.681 > [SENSORS] Health IN ok=1183 err=0 reinit=0 pwr=0 | OUT ok=1183 err=0 reinit=0 pwr=0
13:14:18.123 > [BENCH] IDLE | t_inference_us=0 | heap=37.2kB/282.0kB (min=239.3kB, biggest=108.0kB) | arena=0.9kB | V_bus=5.128V I_bus=64.2mA P_bus=329.1mW E_total_accum=218.440mWh
13:14:20.133 > [BENCH] IDLE | t_inference_us=0 | heap=37.2kB/282.0kB (min=239.3kB, biggest=108.0kB) | arena=0.9kB | V_bus=5.132V I_bus=63.1mA P_bus=323.2mW E_total_accum=218.621mWh
13:14:22.153 > [BENCH] IDLE | t_inference_us=0 | heap=37.2kB/282.0kB (min=239.3kB, biggest=108.0kB) | arena=0.9kB | V_bus=5.132V I_bus=62.5mA P_bus=320.6mW E_total_accum=218.800mWh
13:14:24.167 > [BENCH] IDLE | t_inference_us=0 | heap=37.2kB/282.0kB (min=239.3kB, biggest=108.0kB) | arena=0.9kB | V_bus=5.128V I_bus=63.0mA P_bus=322.8mW E_total_accum=218.981mWh
13:14:26.180 > [BENCH] IDLE | t_inference_us=0 | heap=37.2kB/282.0kB (min=239.3kB, biggest=108.0kB) | arena=0.9kB | V_bus=5.128V I_bus=63.8mA P_bus=327.0mW E_total_accum=219.164mWh
13:14:28.180 > [BENCH] IDLE | t_inference_us=0 | heap=37.2kB/282.0kB (min=239.3kB, biggest=108.0kB) | arena=0.9kB | V_bus=5.132V I_bus=65.1mA P_bus=333.8mW E_total_accum=219.350mWh
13:14:30.203 > [BENCH] IDLE | t_inference_us=0 | heap=37.2kB/282.0kB (min=239.3kB, biggest=108.0kB) | arena=0.9kB | V_bus=5.128V I_bus=63.4mA P_bus=325.0mW E_total_accum=219.532mWh
13:14:32.223 > [BENCH] IDLE | t_inference_us=0 | heap=37.2kB/282.0kB (min=239.3kB, biggest=108.0kB) | arena=0.9kB | V_bus=5.128V I_bus=61.9mA P_bus=317.7mW E_total_accum=219.710mWh
13:14:34.230 > [BENCH] IDLE | t_inference_us=0 | heap=37.2kB/282.0kB (min=239.3kB, biggest=108.0kB) | arena=0.9kB | V_bus=5.132V I_bus=60.7mA P_bus=311.2mW E_total_accum=219.884mWh
13:14:36.248 > [BENCH] IDLE | t_inference_us=0 | heap=37.2kB/282.0kB (min=239.3kB, biggest=108.0kB) | arena=0.9kB | V_bus=5.132V I_bus=59.7mA P_bus=306.0mW E_total_accum=220.055mWh
13:14:38.262 > [BENCH] IDLE | t_inference_us=0 | heap=37.2kB/282.0kB (min=239.3kB, biggest=108.0kB) | arena=0.9kB | V_bus=5.132V I_bus=59.3mA P_bus=304.0mW E_total_accum=220.225mWh
13:14:40.272 > [BENCH] IDLE | t_inference_us=0 | heap=37.2kB/282.0kB (min=239.3kB, biggest=108.0kB) | arena=0.9kB | V_bus=5.132V I_bus=59.4mA P_bus=304.5mW E_total_accum=220.396mWh
13:14:42.292 > [BENCH] IDLE | t_inference_us=0 | heap=37.2kB/282.0kB (min=239.3kB, biggest=108.0kB) | arena=0.9kB | V_bus=5.132V I_bus=60.3mA P_bus=309.4mW E_total_accum=220.569mWh
13:14:44.287 > [BENCH] IDLE | t_inference_us=0 | heap=37.2kB/282.0kB (min=239.3kB, biggest=108.0kB) | arena=0.9kB | V_bus=5.112V I_bus=62.5mA P_bus=320.4mW E_total_accum=220.747mWh
13:14:46.308 > [BENCH] IDLE | t_inference_us=0 | heap=37.2kB/282.0kB (min=239.3kB, biggest=108.0kB) | arena=0.9kB | V_bus=5.132V I_bus=61.7mA P_bus=316.5mW E_total_accum=220.924mWh
13:14:48.312 > [BENCH] IDLE | t_inference_us=0 | heap=37.2kB/282.0kB (min=239.3kB, biggest=108.0kB) | arena=0.9kB | V_bus=5.132V I_bus=61.7mA P_bus=316.6mW E_total_accum=221.101mWh
13:14:50.336 > [BENCH] IDLE | t_inference_us=0 | heap=37.2kB/282.0kB (min=239.3kB, biggest=108.0kB) | arena=0.9kB | V_bus=5.132V I_bus=62.7mA P_bus=321.4mW E_total_accum=221.281mWh
13:14:52.349 > [BENCH] IDLE | t_inference_us=0 | heap=37.2kB/282.0kB (min=239.3kB, biggest=108.0kB) | arena=0.9kB | V_bus=5.128V I_bus=64.1mA P_bus=328.9mW E_total_accum=221.465mWh
13:14:54.364 > [BENCH] IDLE | t_inference_us=0 | heap=37.2kB/282.0kB (min=239.3kB, biggest=108.0kB) | arena=0.9kB | V_bus=5.128V I_bus=62.6mA P_bus=321.1mW E_total_accum=221.645mWh
13:14:56.364 > [BENCH] IDLE | t_inference_us=0 | heap=37.2kB/282.0kB (min=239.3kB, biggest=108.0kB) | arena=0.9kB | V_bus=5.128V I_bus=61.4mA P_bus=314.8mW E_total_accum=221.821mWh
13:14:58.390 > [BENCH] IDLE | t_inference_us=0 | heap=37.2kB/282.0kB (min=239.3kB, biggest=108.0kB) | arena=0.9kB | V_bus=5.132V I_bus=60.2mA P_bus=308.8mW E_total_accum=221.994mWh
13:15:00.396 > [BENCH] IDLE | t_inference_us=0 | heap=37.2kB/282.0kB (min=239.3kB, biggest=108.0kB) | arena=0.9kB | V_bus=5.132V I_bus=59.4mA P_bus=304.6mW E_total_accum=222.164mWh
13:15:02.419 > [BENCH] IDLE | t_inference_us=0 | heap=37.2kB/282.0kB (min=239.3kB, biggest=108.0kB) | arena=0.9kB | V_bus=5.128V I_bus=59.3mA P_bus=304.0mW E_total_accum=222.334mWh
13:15:04.425 > [BENCH] IDLE | t_inference_us=0 | heap=37.2kB/282.0kB (min=239.3kB, biggest=108.0kB) | arena=0.9kB | V_bus=5.132V I_bus=60.0mA P_bus=307.6mW E_total_accum=222.506mWh
13:15:06.439 > [BENCH] IDLE | t_inference_us=0 | heap=37.2kB/282.0kB (min=239.3kB, biggest=108.0kB) | arena=0.9kB | V_bus=5.132V I_bus=61.4mA P_bus=314.8mW E_total_accum=222.682mWh
13:15:08.457 > [BENCH] IDLE | t_inference_us=0 | heap=37.2kB/282.0kB (min=239.3kB, biggest=108.0kB) | arena=0.9kB | V_bus=5.128V I_bus=60.3mA P_bus=309.4mW E_total_accum=222.855mWh
13:15:10.473 > [BENCH] IDLE | t_inference_us=0 | heap=37.2kB/282.0kB (min=239.3kB, biggest=108.0kB) | arena=0.9kB | V_bus=5.128V I_bus=59.5mA P_bus=305.2mW E_total_accum=223.026mWh
13:15:12.489 > [BENCH] IDLE | t_inference_us=0 | heap=37.2kB/282.0kB (min=239.3kB, biggest=108.0kB) | arena=0.9kB | V_bus=5.132V I_bus=58.9mA P_bus=302.2mW E_total_accum=223.195mWh
13:15:14.496 > [BENCH] IDLE | t_inference_us=0 | heap=37.2kB/282.0kB (min=239.3kB, biggest=108.0kB) | arena=0.9kB | V_bus=5.132V I_bus=58.3mA P_bus=299.3mW E_total_accum=223.363mWh
13:15:16.093 > 
13:15:16.093 > [EVENT] type=HOUR  Tin=28.40 Hin=57.40 Tout=34.10 Hout=54.40
13:15:16.093 > [infer] REAL - Invoke executed (model ran)
13:15:16.112 > 
13:15:16.112 > [PWR] infer | E_inference_window(ΔE_total)=0.137µWh (E0=223.496613mWh E1=223.496750mWh) | E_inference_pipeline(ΔE_total)=0.366µWh (E0=223.496460mWh E1=223.496826mWh) | t_inference=1.056ms | t_inference_pipeline=4.133ms | E_total_accum=223.497mWh
13:15:16.136 > [BENCH] INFER_HOURLY | t_inference_us=1056 | heap=37.2kB/282.0kB (min=239.3kB, biggest=108.0kB) | arena=0.9kB | V_bus=5.120V I_bus=64.4mA P_bus=330.2mW E_total_accum=223.497mWh
13:15:16.149 > [HOUR] Tin=28.40 Hin=57.40 | Tp=28.12 Hp=57.67
13:15:16.154 > [HOUR] SAMPLES | N_ALL=19 N_T=19 N_H=19
13:15:16.157 > [HOUR] METRICS | MAE=nan RMSE=nan R2=NA | MAE_T=nan RMSE_T=nan R2_T=NA | MAE_H=nan RMSE_H=nan R2_H=NA
13:15:16.672 > [SENSORS] Health IN ok=1211 err=0 reinit=0 pwr=0 | OUT ok=1211 err=0 reinit=0 pwr=0
13:15:18.126 > [BENCH] IDLE | t_inference_us=0 | heap=37.2kB/282.0kB (min=239.3kB, biggest=108.0kB) | arena=0.9kB | V_bus=5.128V I_bus=65.4mA P_bus=335.2mW E_total_accum=223.685mWh
13:15:20.133 > [BENCH] IDLE | t_inference_us=0 | heap=37.2kB/282.0kB (min=239.3kB, biggest=108.0kB) | arena=0.9kB | V_bus=5.128V I_bus=63.7mA P_bus=326.2mW E_total_accum=223.867mWh
13:15:22.152 > [BENCH] IDLE | t_inference_us=0 | heap=37.2kB/282.0kB (min=239.3kB, biggest=108.0kB) | arena=0.9kB | V_bus=5.132V I_bus=62.2mA P_bus=318.7mW E_total_accum=224.046mWh
13:15:24.169 > [BENCH] IDLE | t_inference_us=0 | heap=37.2kB/282.0kB (min=239.3kB, biggest=108.0kB) | arena=0.9kB | V_bus=5.128V I_bus=61.1mA P_bus=313.4mW E_total_accum=224.221mWh
13:15:26.175 > [BENCH] IDLE | t_inference_us=0 | heap=37.2kB/282.0kB (min=239.3kB, biggest=108.0kB) | arena=0.9kB | V_bus=5.128V I_bus=60.8mA P_bus=311.5mW E_total_accum=224.395mWh
13:15:28.189 > [BENCH] IDLE | t_inference_us=0 | heap=37.2kB/282.0kB (min=239.3kB, biggest=108.0kB) | arena=0.9kB | V_bus=5.128V I_bus=61.7mA P_bus=316.3mW E_total_accum=224.572mWh
13:15:30.204 > [BENCH] IDLE | t_inference_us=0 | heap=37.2kB/282.0kB (min=239.3kB, biggest=108.0kB) | arena=0.9kB | V_bus=5.132V I_bus=63.2mA P_bus=324.3mW E_total_accum=224.754mWh
13:15:32.224 > [BENCH] IDLE | t_inference_us=0 | heap=37.2kB/282.0kB (min=239.3kB, biggest=108.0kB) | arena=0.9kB | V_bus=5.132V I_bus=61.8mA P_bus=317.1mW E_total_accum=224.931mWh
13:15:34.238 > [BENCH] IDLE | t_inference_us=0 | heap=37.2kB/282.0kB (min=239.3kB, biggest=108.0kB) | arena=0.9kB | V_bus=5.132V I_bus=60.7mA P_bus=311.4mW E_total_accum=225.105mWh
13:15:36.251 > [BENCH] IDLE | t_inference_us=0 | heap=37.2kB/282.0kB (min=239.3kB, biggest=108.0kB) | arena=0.9kB | V_bus=5.132V I_bus=59.8mA P_bus=306.7mW E_total_accum=225.277mWh
13:15:38.262 > [BENCH] IDLE | t_inference_us=0 | heap=37.2kB/282.0kB (min=239.3kB, biggest=108.0kB) | arena=0.9kB | V_bus=5.132V I_bus=59.5mA P_bus=305.5mW E_total_accum=225.448mWh
13:15:40.266 > [BENCH] IDLE | t_inference_us=0 | heap=37.2kB/282.0kB (min=239.3kB, biggest=108.0kB) | arena=0.9kB | V_bus=5.132V I_bus=60.3mA P_bus=309.4mW E_total_accum=225.621mWh
13:15:42.280 > [BENCH] IDLE | t_inference_us=0 | heap=37.2kB/282.0kB (min=239.3kB, biggest=108.0kB) | arena=0.9kB | V_bus=5.132V I_bus=61.8mA P_bus=317.1mW E_total_accum=225.798mWh
13:15:44.308 > [BENCH] IDLE | t_inference_us=0 | heap=37.2kB/282.0kB (min=239.3kB, biggest=108.0kB) | arena=0.9kB | V_bus=5.128V I_bus=60.8mA P_bus=312.0mW E_total_accum=225.973mWh
13:15:46.320 > [BENCH] IDLE | t_inference_us=0 | heap=37.2kB/282.0kB (min=239.3kB, biggest=108.0kB) | arena=0.9kB | V_bus=5.128V I_bus=60.0mA P_bus=307.7mW E_total_accum=226.145mWh
13:15:48.323 > [BENCH] IDLE | t_inference_us=0 | heap=37.2kB/282.0kB (min=239.3kB, biggest=108.0kB) | arena=0.9kB | V_bus=5.116V I_bus=63.0mA P_bus=323.0mW E_total_accum=226.325mWh
13:15:50.327 > [BENCH] IDLE | t_inference_us=0 | heap=37.2kB/282.0kB (min=239.3kB, biggest=108.0kB) | arena=0.9kB | V_bus=5.132V I_bus=61.8mA P_bus=316.8mW E_total_accum=226.502mWh
13:15:52.347 > [BENCH] IDLE | t_inference_us=0 | heap=37.2kB/282.0kB (min=239.3kB, biggest=108.0kB) | arena=0.9kB | V_bus=5.132V I_bus=60.6mA P_bus=310.6mW E_total_accum=226.675mWh
13:15:54.366 > [BENCH] IDLE | t_inference_us=0 | heap=37.2kB/282.0kB (min=239.3kB, biggest=108.0kB) | arena=0.9kB | V_bus=5.132V I_bus=59.9mA P_bus=307.3mW E_total_accum=226.847mWh
13:15:56.377 > [BENCH] IDLE | t_inference_us=0 | heap=37.2kB/282.0kB (min=239.3kB, biggest=108.0kB) | arena=0.9kB | V_bus=5.128V I_bus=60.3mA P_bus=309.2mW E_total_accum=227.020mWh
13:15:58.379 > [BENCH] IDLE | t_inference_us=0 | heap=37.2kB/282.0kB (min=239.3kB, biggest=108.0kB) | arena=0.9kB | V_bus=5.132V I_bus=61.7mA P_bus=316.3mW E_total_accum=227.197mWh
13:16:00.395 > [BENCH] IDLE | t_inference_us=0 | heap=37.2kB/282.0kB (min=239.3kB, biggest=108.0kB) | arena=0.9kB | V_bus=5.132V I_bus=60.6mA P_bus=310.9mW E_total_accum=227.371mWh
13:16:02.418 > [BENCH] IDLE | t_inference_us=0 | heap=37.2kB/282.0kB (min=239.3kB, biggest=108.0kB) | arena=0.9kB | V_bus=5.128V I_bus=59.8mA P_bus=306.6mW E_total_accum=227.543mWh
13:16:04.436 > [BENCH] IDLE | t_inference_us=0 | heap=37.2kB/282.0kB (min=239.3kB, biggest=108.0kB) | arena=0.9kB | V_bus=5.132V I_bus=59.0mA P_bus=302.9mW E_total_accum=227.712mWh
13:16:06.441 > [BENCH] IDLE | t_inference_us=0 | heap=37.2kB/282.0kB (min=239.3kB, biggest=108.0kB) | arena=0.9kB | V_bus=5.136V I_bus=59.0mA P_bus=302.6mW E_total_accum=227.881mWh
13:16:08.458 > [BENCH] IDLE | t_inference_us=0 | heap=37.2kB/282.0kB (min=239.3kB, biggest=108.0kB) | arena=0.9kB | V_bus=5.132V I_bus=59.9mA P_bus=307.5mW E_total_accum=228.053mWh
13:16:10.476 > [BENCH] IDLE | t_inference_us=0 | heap=37.2kB/282.0kB (min=239.3kB, biggest=108.0kB) | arena=0.9kB | V_bus=5.124V I_bus=61.8mA P_bus=317.0mW E_total_accum=228.231mWh
13:16:12.488 > [BENCH] IDLE | t_inference_us=0 | heap=37.2kB/282.0kB (min=239.3kB, biggest=108.0kB) | arena=0.9kB | V_bus=5.128V I_bus=60.8mA P_bus=311.6mW E_total_accum=228.405mWh
13:16:14.505 > [BENCH] IDLE | t_inference_us=0 | heap=37.2kB/282.0kB (min=239.3kB, biggest=108.0kB) | arena=0.9kB | V_bus=5.132V I_bus=59.8mA P_bus=306.9mW E_total_accum=228.577mWh
13:16:16.117 > 
13:16:16.117 > [EVENT] type=HOUR  Tin=28.60 Hin=57.20 Tout=34.10 Hout=53.60
13:16:16.122 > [infer] REAL - Invoke executed (model ran)
13:16:16.126 > 
13:16:16.126 > [PWR] infer | E_inference_window(ΔE_total)=0.153µWh (E0=228.717560mWh E1=228.717712mWh) | E_inference_pipeline(ΔE_total)=0.381µWh (E0=228.717407mWh E1=228.717789mWh) | t_inference=1.080ms | t_inference_pipeline=4.139ms | E_total_accum=228.718mWh
13:16:16.148 > [BENCH] INFER_HOURLY | t_inference_us=1080 | heap=37.2kB/282.0kB (min=239.3kB, biggest=108.0kB) | arena=0.9kB | V_bus=5.120V I_bus=66.8mA P_bus=342.6mW E_total_accum=228.718mWh
13:16:16.163 > [HOUR] Tin=28.60 Hin=57.20 | Tp=28.32 Hp=57.30
13:16:16.169 > [HOUR] SAMPLES | N_ALL=20 N_T=20 N_H=20
13:16:16.171 > [HOUR] METRICS | MAE=nan RMSE=nan R2=NA | MAE_T=nan RMSE_T=nan R2_T=NA | MAE_H=nan RMSE_H=nan R2_H=NA
13:16:16.687 > [SENSORS] Health IN ok=1239 err=0 reinit=0 pwr=0 | OUT ok=1239 err=0 reinit=0 pwr=0
13:16:18.122 > [BENCH] IDLE | t_inference_us=0 | heap=37.2kB/282.0kB (min=239.3kB, biggest=108.0kB) | arena=0.9kB | V_bus=5.124V I_bus=66.8mA P_bus=342.5mW E_total_accum=228.909mWh
13:16:20.132 > [BENCH] IDLE | t_inference_us=0 | heap=37.2kB/282.0kB (min=239.3kB, biggest=108.0kB) | arena=0.9kB | V_bus=5.128V I_bus=64.8mA P_bus=332.0mW E_total_accum=229.094mWh
13:16:22.142 > [BENCH] IDLE | t_inference_us=0 | heap=37.2kB/282.0kB (min=239.3kB, biggest=108.0kB) | arena=0.9kB | V_bus=5.128V I_bus=63.1mA P_bus=323.2mW E_total_accum=229.275mWh
13:16:24.166 > [BENCH] IDLE | t_inference_us=0 | heap=37.2kB/282.0kB (min=239.3kB, biggest=108.0kB) | arena=0.9kB | V_bus=5.132V I_bus=62.3mA P_bus=319.3mW E_total_accum=229.454mWh
13:16:26.186 > [BENCH] IDLE | t_inference_us=0 | heap=37.2kB/282.0kB (min=239.3kB, biggest=108.0kB) | arena=0.9kB | V_bus=5.132V I_bus=63.0mA P_bus=323.0mW E_total_accum=229.635mWh
13:16:28.199 > [BENCH] IDLE | t_inference_us=0 | heap=37.2kB/282.0kB (min=239.3kB, biggest=108.0kB) | arena=0.9kB | V_bus=5.128V I_bus=61.7mA P_bus=316.4mW E_total_accum=229.812mWh
13:16:30.214 > [BENCH] IDLE | t_inference_us=0 | heap=37.2kB/282.0kB (min=239.3kB, biggest=108.0kB) | arena=0.9kB | V_bus=5.128V I_bus=60.7mA P_bus=311.1mW E_total_accum=229.986mWh
13:16:32.216 > [BENCH] IDLE | t_inference_us=0 | heap=37.2kB/282.0kB (min=239.3kB, biggest=108.0kB) | arena=0.9kB | V_bus=5.128V I_bus=59.8mA P_bus=306.4mW E_total_accum=230.157mWh
13:16:34.234 > [BENCH] IDLE | t_inference_us=0 | heap=37.2kB/282.0kB (min=239.3kB, biggest=108.0kB) | arena=0.9kB | V_bus=5.132V I_bus=59.5mA P_bus=305.4mW E_total_accum=230.328mWh
13:16:36.255 > [BENCH] IDLE | t_inference_us=0 | heap=37.2kB/282.0kB (min=239.3kB, biggest=108.0kB) | arena=0.9kB | V_bus=5.132V I_bus=60.7mA P_bus=311.1mW E_total_accum=230.502mWh
13:16:38.265 > [BENCH] IDLE | t_inference_us=0 | heap=37.2kB/282.0kB (min=239.3kB, biggest=108.0kB) | arena=0.9kB | V_bus=5.132V I_bus=62.4mA P_bus=320.1mW E_total_accum=230.681mWh
13:16:40.274 > [BENCH] IDLE | t_inference_us=0 | heap=37.2kB/282.0kB (min=239.3kB, biggest=108.0kB) | arena=0.9kB | V_bus=5.132V I_bus=61.2mA P_bus=314.0mW E_total_accum=230.857mWh
13:16:42.293 > [BENCH] IDLE | t_inference_us=0 | heap=37.2kB/282.0kB (min=239.3kB, biggest=108.0kB) | arena=0.9kB | V_bus=5.128V I_bus=60.2mA P_bus=308.8mW E_total_accum=231.030mWh
13:16:44.308 > [BENCH] IDLE | t_inference_us=0 | heap=37.2kB/282.0kB (min=239.3kB, biggest=108.0kB) | arena=0.9kB | V_bus=5.132V I_bus=59.9mA P_bus=307.5mW E_total_accum=231.202mWh
13:16:46.325 > [BENCH] IDLE | t_inference_us=0 | heap=37.2kB/282.0kB (min=239.3kB, biggest=108.0kB) | arena=0.9kB | V_bus=5.132V I_bus=61.2mA P_bus=313.8mW E_total_accum=231.377mWh
13:16:48.326 > [BENCH] IDLE | t_inference_us=0 | heap=37.2kB/282.0kB (min=239.3kB, biggest=108.0kB) | arena=0.9kB | V_bus=5.132V I_bus=60.2mA P_bus=308.8mW E_total_accum=231.550mWh
13:16:50.348 > [BENCH] IDLE | t_inference_us=0 | heap=37.2kB/282.0kB (min=239.3kB, biggest=108.0kB) | arena=0.9kB | V_bus=5.132V I_bus=59.4mA P_bus=304.8mW E_total_accum=231.720mWh
13:16:52.356 > [BENCH] IDLE | t_inference_us=0 | heap=37.2kB/282.0kB (min=239.3kB, biggest=108.0kB) | arena=0.9kB | V_bus=5.132V I_bus=58.8mA P_bus=301.6mW E_total_accum=231.889mWh
13:16:54.360 > [BENCH] IDLE | t_inference_us=0 | heap=37.2kB/282.0kB (min=239.3kB, biggest=108.0kB) | arena=0.9kB | V_bus=5.128V I_bus=58.3mA P_bus=299.4mW E_total_accum=232.056mWh
13:16:56.382 > [BENCH] IDLE | t_inference_us=0 | heap=37.2kB/282.0kB (min=239.3kB, biggest=108.0kB) | arena=0.9kB | V_bus=5.132V I_bus=57.9mA P_bus=297.2mW E_total_accum=232.222mWh
13:16:58.382 > [BENCH] IDLE | t_inference_us=0 | heap=37.2kB/282.0kB (min=239.3kB, biggest=108.0kB) | arena=0.9kB | V_bus=5.132V I_bus=58.3mA P_bus=299.0mW E_total_accum=232.389mWh
13:17:00.407 > [BENCH] IDLE | t_inference_us=0 | heap=37.2kB/282.0kB (min=239.3kB, biggest=108.0kB) | arena=0.9kB | V_bus=5.132V I_bus=59.9mA P_bus=307.6mW E_total_accum=232.561mWh
13:17:02.418 > [BENCH] IDLE | t_inference_us=0 | heap=37.2kB/282.0kB (min=239.3kB, biggest=108.0kB) | arena=0.9kB | V_bus=5.128V I_bus=59.2mA P_bus=303.7mW E_total_accum=232.731mWh
13:17:04.429 > [BENCH] IDLE | t_inference_us=0 | heap=37.2kB/282.0kB (min=239.3kB, biggest=108.0kB) | arena=0.9kB | V_bus=5.128V I_bus=58.7mA P_bus=301.0mW E_total_accum=232.900mWh
13:17:06.452 > [BENCH] IDLE | t_inference_us=0 | heap=37.2kB/282.0kB (min=239.3kB, biggest=108.0kB) | arena=0.9kB | V_bus=5.124V I_bus=58.4mA P_bus=299.3mW E_total_accum=233.067mWh
13:17:08.458 > [BENCH] IDLE | t_inference_us=0 | heap=37.2kB/282.0kB (min=239.3kB, biggest=108.0kB) | arena=0.9kB | V_bus=5.128V I_bus=59.0mA P_bus=302.6mW E_total_accum=233.236mWh
13:17:10.479 > [BENCH] IDLE | t_inference_us=0 | heap=37.2kB/282.0kB (min=239.3kB, biggest=108.0kB) | arena=0.9kB | V_bus=5.132V I_bus=60.9mA P_bus=312.5mW E_total_accum=233.411mWh
13:17:12.490 > [BENCH] IDLE | t_inference_us=0 | heap=37.2kB/282.0kB (min=239.3kB, biggest=108.0kB) | arena=0.9kB | V_bus=5.128V I_bus=60.0mA P_bus=307.8mW E_total_accum=233.583mWh
13:17:14.494 > [BENCH] IDLE | t_inference_us=0 | heap=37.2kB/282.0kB (min=239.3kB, biggest=108.0kB) | arena=0.9kB | V_bus=5.132V I_bus=59.3mA P_bus=304.0mW E_total_accum=233.753mWh
13:17:16.115 > 
13:17:16.115 > [EVENT] type=HOUR  Tin=28.70 Hin=57.05 Tout=34.20 Hout=53.20
13:17:16.115 > [infer] REAL - Invoke executed (model ran)
13:17:16.129 > 
13:17:16.129 > [PWR] infer | E_inference_window(ΔE_total)=0.153µWh (E0=233.893570mWh E1=233.893723mWh) | E_inference_pipeline(ΔE_total)=0.381µWh (E0=233.893417mWh E1=233.893799mWh) | t_inference=1.054ms | t_inference_pipeline=4.132ms | E_total_accum=233.894mWh
13:17:16.151 > [BENCH] INFER_HOURLY | t_inference_us=1054 | heap=37.2kB/282.0kB (min=239.3kB, biggest=108.0kB) | arena=0.9kB | V_bus=5.120V I_bus=66.5mA P_bus=340.9mW E_total_accum=233.894mWh
13:17:16.165 > [HOUR] Tin=28.70 Hin=57.05 | Tp=28.52 Hp=57.10
13:17:16.170 > [HOUR] SAMPLES | N_ALL=21 N_T=21 N_H=21
13:17:16.174 > [HOUR] METRICS | MAE=nan RMSE=nan R2=NA | MAE_T=nan RMSE_T=nan R2_T=NA | MAE_H=nan RMSE_H=nan R2_H=NA
13:17:16.688 > [SENSORS] Health IN ok=1267 err=0 reinit=0 pwr=0 | OUT ok=1267 err=0 reinit=0 pwr=0
13:17:18.142 > [BENCH] IDLE | t_inference_us=0 | heap=37.2kB/282.0kB (min=239.3kB, biggest=108.0kB) | arena=0.9kB | V_bus=5.124V I_bus=64.8mA P_bus=332.0mW E_total_accum=234.080mWh
13:17:20.146 > [BENCH] IDLE | t_inference_us=0 | heap=37.2kB/282.0kB (min=239.3kB, biggest=108.0kB) | arena=0.9kB | V_bus=5.124V I_bus=65.4mA P_bus=334.9mW E_total_accum=234.267mWh
13:17:22.162 > [BENCH] IDLE | t_inference_us=0 | heap=37.2kB/282.0kB (min=239.3kB, biggest=108.0kB) | arena=0.9kB | V_bus=5.112V I_bus=65.4mA P_bus=334.7mW E_total_accum=234.454mWh
13:17:24.162 > [BENCH] IDLE | t_inference_us=0 | heap=37.2kB/282.0kB (min=239.3kB, biggest=108.0kB) | arena=0.9kB | V_bus=5.124V I_bus=63.7mA P_bus=326.1mW E_total_accum=234.636mWh
13:17:26.187 > [BENCH] IDLE | t_inference_us=0 | heap=37.2kB/282.0kB (min=239.3kB, biggest=108.0kB) | arena=0.9kB | V_bus=5.124V I_bus=62.2mA P_bus=318.8mW E_total_accum=234.814mWh
13:17:28.197 > [BENCH] IDLE | t_inference_us=0 | heap=37.2kB/282.0kB (min=239.3kB, biggest=108.0kB) | arena=0.9kB | V_bus=5.128V I_bus=61.4mA P_bus=314.6mW E_total_accum=234.990mWh
13:17:30.213 > [BENCH] IDLE | t_inference_us=0 | heap=37.2kB/282.0kB (min=239.3kB, biggest=108.0kB) | arena=0.9kB | V_bus=5.128V I_bus=62.5mA P_bus=320.1mW E_total_accum=235.169mWh
13:17:32.227 > [BENCH] IDLE | t_inference_us=0 | heap=37.2kB/282.0kB (min=239.3kB, biggest=108.0kB) | arena=0.9kB | V_bus=5.128V I_bus=61.3mA P_bus=314.3mW E_total_accum=235.345mWh
13:17:34.242 > [BENCH] IDLE | t_inference_us=0 | heap=37.2kB/282.0kB (min=239.3kB, biggest=108.0kB) | arena=0.9kB | V_bus=5.132V I_bus=60.5mA P_bus=310.4mW E_total_accum=235.519mWh
13:17:36.243 > [BENCH] IDLE | t_inference_us=0 | heap=37.2kB/282.0kB (min=239.3kB, biggest=108.0kB) | arena=0.9kB | V_bus=5.132V I_bus=61.0mA P_bus=313.0mW E_total_accum=235.694mWh
13:17:38.265 > [BENCH] IDLE | t_inference_us=0 | heap=37.2kB/282.0kB (min=239.3kB, biggest=108.0kB) | arena=0.9kB | V_bus=5.132V I_bus=62.7mA P_bus=321.6mW E_total_accum=235.874mWh
13:17:40.283 > [BENCH] IDLE | t_inference_us=0 | heap=37.2kB/282.0kB (min=239.3kB, biggest=108.0kB) | arena=0.9kB | V_bus=5.132V I_bus=61.4mA P_bus=315.2mW E_total_accum=236.050mWh
13:17:42.290 > [BENCH] IDLE | t_inference_us=0 | heap=37.2kB/282.0kB (min=239.3kB, biggest=108.0kB) | arena=0.9kB | V_bus=5.128V I_bus=60.4mA P_bus=310.0mW E_total_accum=236.223mWh
13:17:44.307 > [BENCH] IDLE | t_inference_us=0 | heap=37.2kB/282.0kB (min=239.3kB, biggest=108.0kB) | arena=0.9kB | V_bus=5.128V I_bus=60.7mA P_bus=311.1mW E_total_accum=236.398mWh
13:17:46.324 > [BENCH] IDLE | t_inference_us=0 | heap=37.2kB/282.0kB (min=239.3kB, biggest=108.0kB) | arena=0.9kB | V_bus=5.132V I_bus=62.5mA P_bus=320.6mW E_total_accum=236.577mWh
13:17:48.328 > [BENCH] IDLE | t_inference_us=0 | heap=37.2kB/282.0kB (min=239.3kB, biggest=108.0kB) | arena=0.9kB | V_bus=5.128V I_bus=61.3mA P_bus=314.3mW E_total_accum=236.753mWh
13:17:50.339 > [BENCH] IDLE | t_inference_us=0 | heap=37.2kB/282.0kB (min=239.3kB, biggest=108.0kB) | arena=0.9kB | V_bus=5.132V I_bus=60.2mA P_bus=308.7mW E_total_accum=236.925mWh
13:17:52.354 > [BENCH] IDLE | t_inference_us=0 | heap=37.2kB/282.0kB (min=239.3kB, biggest=108.0kB) | arena=0.9kB | V_bus=5.132V I_bus=60.3mA P_bus=309.5mW E_total_accum=237.099mWh
13:17:54.382 > [BENCH] IDLE | t_inference_us=0 | heap=37.2kB/282.0kB (min=239.3kB, biggest=108.0kB) | arena=0.9kB | V_bus=5.132V I_bus=62.2mA P_bus=318.9mW E_total_accum=237.277mWh
13:17:56.388 > [BENCH] IDLE | t_inference_us=0 | heap=37.2kB/282.0kB (min=239.3kB, biggest=108.0kB) | arena=0.9kB | V_bus=5.128V I_bus=61.1mA P_bus=313.6mW E_total_accum=237.452mWh
13:17:58.390 > [BENCH] IDLE | t_inference_us=0 | heap=37.2kB/282.0kB (min=239.3kB, biggest=108.0kB) | arena=0.9kB | V_bus=5.116V I_bus=61.1mA P_bus=313.4mW E_total_accum=237.627mWh
13:18:00.401 > [BENCH] IDLE | t_inference_us=0 | heap=37.2kB/282.0kB (min=239.3kB, biggest=108.0kB) | arena=0.9kB | V_bus=5.128V I_bus=60.3mA P_bus=309.0mW E_total_accum=237.800mWh
13:18:02.422 > [BENCH] IDLE | t_inference_us=0 | heap=37.2kB/282.0kB (min=239.3kB, biggest=108.0kB) | arena=0.9kB | V_bus=5.132V I_bus=59.8mA P_bus=306.5mW E_total_accum=237.971mWh
13:18:04.436 > [BENCH] IDLE | t_inference_us=0 | heap=37.2kB/282.0kB (min=239.3kB, biggest=108.0kB) | arena=0.9kB | V_bus=5.128V I_bus=60.9mA P_bus=312.5mW E_total_accum=238.146mWh
13:18:06.451 > [BENCH] IDLE | t_inference_us=0 | heap=37.2kB/282.0kB (min=239.3kB, biggest=108.0kB) | arena=0.9kB | V_bus=5.128V I_bus=60.1mA P_bus=308.2mW E_total_accum=238.318mWh
13:18:08.466 > [BENCH] IDLE | t_inference_us=0 | heap=37.2kB/282.0kB (min=239.3kB, biggest=108.0kB) | arena=0.9kB | V_bus=5.132V I_bus=59.3mA P_bus=304.2mW E_total_accum=238.488mWh
13:18:10.479 > [BENCH] IDLE | t_inference_us=0 | heap=37.2kB/282.0kB (min=239.3kB, biggest=108.0kB) | arena=0.9kB | V_bus=5.132V I_bus=59.1mA P_bus=303.3mW E_total_accum=238.658mWh
13:18:12.483 > [BENCH] IDLE | t_inference_us=0 | heap=37.2kB/282.0kB (min=239.3kB, biggest=108.0kB) | arena=0.9kB | V_bus=5.128V I_bus=60.6mA P_bus=310.7mW E_total_accum=238.832mWh
13:18:14.500 > [BENCH] IDLE | t_inference_us=0 | heap=37.2kB/282.0kB (min=239.3kB, biggest=108.0kB) | arena=0.9kB | V_bus=5.128V I_bus=59.8mA P_bus=306.8mW E_total_accum=239.004mWh
13:18:16.117 > 
13:18:16.117 > [EVENT] type=HOUR  Tin=29.00 Hin=58.70 Tout=34.00 Hout=54.50
13:18:16.117 > [infer] REAL - Invoke executed (model ran)
13:18:16.130 > 
13:18:16.130 > [PWR] infer | E_inference_window(ΔE_total)=0.153µWh (E0=239.143265mWh E1=239.143417mWh) | E_inference_pipeline(ΔE_total)=0.381µWh (E0=239.143112mWh E1=239.143494mWh) | t_inference=1.079ms | t_inference_pipeline=4.130ms | E_total_accum=239.143mWh
13:18:16.178 > [BENCH] INFER_HOURLY | t_inference_us=1079 | heap=37.2kB/282.0kB (min=239.3kB, biggest=108.0kB) | arena=0.9kB | V_bus=5.116V I_bus=66.5mA P_bus=340.5mW E_total_accum=239.143mWh
13:18:16.178 > [HOUR] Tin=29.00 Hin=58.70 | Tp=28.62 Hp=57.01
13:18:16.178 > [HOUR] SAMPLES | N_ALL=22 N_T=22 N_H=22
13:18:16.178 > [HOUR] METRICS | MAE=nan RMSE=nan R2=NA | MAE_T=nan RMSE_T=nan R2_T=NA | MAE_H=nan RMSE_H=nan R2_H=NA
13:18:16.685 > [SENSORS] Health IN ok=1295 err=0 reinit=0 pwr=0 | OUT ok=1295 err=0 reinit=0 pwr=0
13:18:18.135 > [BENCH] IDLE | t_inference_us=0 | heap=37.2kB/282.0kB (min=239.3kB, biggest=108.0kB) | arena=0.9kB | V_bus=5.128V I_bus=64.4mA P_bus=330.1mW E_total_accum=239.328mWh
13:18:20.151 > [BENCH] IDLE | t_inference_us=0 | heap=37.2kB/282.0kB (min=239.3kB, biggest=108.0kB) | arena=0.9kB | V_bus=5.128V I_bus=63.5mA P_bus=325.4mW E_total_accum=239.511mWh
13:18:22.164 > [BENCH] IDLE | t_inference_us=0 | heap=37.2kB/282.0kB (min=239.3kB, biggest=108.0kB) | arena=0.9kB | V_bus=5.132V I_bus=64.4mA P_bus=330.0mW E_total_accum=239.695mWh
13:18:24.186 > [BENCH] IDLE | t_inference_us=0 | heap=37.2kB/282.0kB (min=239.3kB, biggest=108.0kB) | arena=0.9kB | V_bus=5.128V I_bus=62.8mA P_bus=321.9mW E_total_accum=239.875mWh
13:18:26.198 > [BENCH] IDLE | t_inference_us=0 | heap=37.2kB/282.0kB (min=239.3kB, biggest=108.0kB) | arena=0.9kB | V_bus=5.132V I_bus=61.5mA P_bus=315.3mW E_total_accum=240.052mWh
13:18:28.200 > [BENCH] IDLE | t_inference_us=0 | heap=37.2kB/282.0kB (min=239.3kB, biggest=108.0kB) | arena=0.9kB | V_bus=5.132V I_bus=60.5mA P_bus=310.3mW E_total_accum=240.224mWh
13:18:30.215 > [BENCH] IDLE | t_inference_us=0 | heap=37.2kB/282.0kB (min=239.3kB, biggest=108.0kB) | arena=0.9kB | V_bus=5.132V I_bus=60.1mA P_bus=308.5mW E_total_accum=240.397mWh
13:18:32.229 > [BENCH] IDLE | t_inference_us=0 | heap=37.2kB/282.0kB (min=239.3kB, biggest=108.0kB) | arena=0.9kB | V_bus=5.132V I_bus=61.5mA P_bus=315.7mW E_total_accum=240.573mWh
13:18:34.238 > [BENCH] IDLE | t_inference_us=0 | heap=37.2kB/282.0kB (min=239.3kB, biggest=108.0kB) | arena=0.9kB | V_bus=5.128V I_bus=60.5mA P_bus=310.4mW E_total_accum=240.747mWh
13:18:36.247 > [BENCH] IDLE | t_inference_us=0 | heap=37.2kB/282.0kB (min=239.3kB, biggest=108.0kB) | arena=0.9kB | V_bus=5.128V I_bus=59.6mA P_bus=305.8mW E_total_accum=240.918mWh
13:18:38.264 > [BENCH] IDLE | t_inference_us=0 | heap=37.2kB/282.0kB (min=239.3kB, biggest=108.0kB) | arena=0.9kB | V_bus=5.132V I_bus=59.8mA P_bus=306.6mW E_total_accum=241.090mWh
13:18:40.285 > [BENCH] IDLE | t_inference_us=0 | heap=37.2kB/282.0kB (min=239.3kB, biggest=108.0kB) | arena=0.9kB | V_bus=5.124V I_bus=61.9mA P_bus=317.2mW E_total_accum=241.267mWh
13:18:42.298 > [BENCH] IDLE | t_inference_us=0 | heap=37.2kB/282.0kB (min=239.3kB, biggest=108.0kB) | arena=0.9kB | V_bus=5.128V I_bus=60.7mA P_bus=311.2mW E_total_accum=241.441mWh
13:18:44.310 > [BENCH] IDLE | t_inference_us=0 | heap=37.2kB/282.0kB (min=239.3kB, biggest=108.0kB) | arena=0.9kB | V_bus=5.128V I_bus=60.8mA P_bus=312.0mW E_total_accum=241.616mWh
13:18:46.312 > [BENCH] IDLE | t_inference_us=0 | heap=37.2kB/282.0kB (min=239.3kB, biggest=108.0kB) | arena=0.9kB | V_bus=5.128V I_bus=62.5mA P_bus=320.6mW E_total_accum=241.795mWh
13:18:48.329 > [BENCH] IDLE | t_inference_us=0 | heap=37.2kB/282.0kB (min=239.3kB, biggest=108.0kB) | arena=0.9kB | V_bus=5.132V I_bus=61.3mA P_bus=314.6mW E_total_accum=241.971mWh
13:18:50.350 > [BENCH] IDLE | t_inference_us=0 | heap=37.2kB/282.0kB (min=239.3kB, biggest=108.0kB) | arena=0.9kB | V_bus=5.128V I_bus=60.7mA P_bus=311.4mW E_total_accum=242.145mWh
13:18:52.359 > [BENCH] IDLE | t_inference_us=0 | heap=37.2kB/282.0kB (min=239.3kB, biggest=108.0kB) | arena=0.9kB | V_bus=5.132V I_bus=61.8mA P_bus=317.2mW E_total_accum=242.323mWh
13:18:54.383 > [BENCH] IDLE | t_inference_us=0 | heap=37.2kB/282.0kB (min=239.3kB, biggest=108.0kB) | arena=0.9kB | V_bus=5.128V I_bus=60.8mA P_bus=312.0mW E_total_accum=242.497mWh
13:18:56.394 > [BENCH] IDLE | t_inference_us=0 | heap=37.2kB/282.0kB (min=239.3kB, biggest=108.0kB) | arena=0.9kB | V_bus=5.128V I_bus=59.9mA P_bus=307.4mW E_total_accum=242.669mWh
13:18:58.410 > [BENCH] IDLE | t_inference_us=0 | heap=37.2kB/282.0kB (min=239.3kB, biggest=108.0kB) | arena=0.9kB | V_bus=5.128V I_bus=60.2mA P_bus=308.7mW E_total_accum=242.842mWh
13:19:00.418 > [BENCH] IDLE | t_inference_us=0 | heap=37.2kB/282.0kB (min=239.3kB, biggest=108.0kB) | arena=0.9kB | V_bus=5.132V I_bus=62.1mA P_bus=318.8mW E_total_accum=243.020mWh
13:19:02.438 > [BENCH] IDLE | t_inference_us=0 | heap=37.2kB/282.0kB (min=239.3kB, biggest=108.0kB) | arena=0.9kB | V_bus=5.112V I_bus=62.1mA P_bus=318.6mW E_total_accum=243.198mWh
13:19:04.438 > [BENCH] IDLE | t_inference_us=0 | heap=37.2kB/282.0kB (min=239.3kB, biggest=108.0kB) | arena=0.9kB | V_bus=5.124V I_bus=61.0mA P_bus=312.5mW E_total_accum=243.372mWh
13:19:06.453 > [BENCH] IDLE | t_inference_us=0 | heap=37.2kB/282.0kB (min=239.3kB, biggest=108.0kB) | arena=0.9kB | V_bus=5.128V I_bus=60.5mA P_bus=310.1mW E_total_accum=243.546mWh
13:19:08.458 > [BENCH] IDLE | t_inference_us=0 | heap=37.2kB/282.0kB (min=239.3kB, biggest=108.0kB) | arena=0.9kB | V_bus=5.128V I_bus=62.3mA P_bus=319.6mW E_total_accum=243.725mWh
13:19:10.482 > [BENCH] IDLE | t_inference_us=0 | heap=37.2kB/282.0kB (min=239.3kB, biggest=108.0kB) | arena=0.9kB | V_bus=5.132V I_bus=61.2mA P_bus=314.0mW E_total_accum=243.900mWh
13:19:12.487 > [BENCH] IDLE | t_inference_us=0 | heap=37.2kB/282.0kB (min=239.3kB, biggest=108.0kB) | arena=0.9kB | V_bus=5.132V I_bus=60.7mA P_bus=311.3mW E_total_accum=244.074mWh
13:19:14.506 > [BENCH] IDLE | t_inference_us=0 | heap=37.2kB/282.0kB (min=239.3kB, biggest=108.0kB) | arena=0.9kB | V_bus=5.128V I_bus=61.9mA P_bus=317.7mW E_total_accum=244.252mWh
13:19:16.115 > 
13:19:16.115 > [EVENT] type=HOUR  Tin=29.20 Hin=63.34 Tout=33.80 Hout=55.70
13:19:16.128 > [infer] REAL - Invoke executed (model ran)
13:19:16.131 > 
13:19:16.131 > [PWR] infer | E_inference_window(ΔE_total)=0.153µWh (E0=244.398438mWh E1=244.398590mWh) | E_inference_pipeline(ΔE_total)=0.397µWh (E0=244.398270mWh E1=244.398666mWh) | t_inference=1.052ms | t_inference_pipeline=4.130ms | E_total_accum=244.399mWh
13:19:16.153 > [BENCH] INFER_HOURLY | t_inference_us=1052 | heap=37.3kB/282.0kB (min=239.1kB, biggest=108.0kB) | arena=0.9kB | V_bus=5.120V I_bus=66.8mA P_bus=342.0mW E_total_accum=244.399mWh
13:19:16.169 > [HOUR] Tin=29.20 Hin=63.34 | Tp=28.92 Hp=58.67
13:19:16.172 > [HOUR] SAMPLES | N_ALL=23 N_T=23 N_H=23
13:19:16.176 > [HOUR] METRICS | MAE=nan RMSE=nan R2=NA | MAE_T=nan RMSE_T=nan R2_T=NA | MAE_H=nan RMSE_H=nan R2_H=NA
13:19:16.692 > [SENSORS] Health IN ok=1323 err=0 reinit=0 pwr=0 | OUT ok=1323 err=0 reinit=0 pwr=0
13:19:18.145 > [BENCH] IDLE | t_inference_us=0 | heap=37.3kB/282.0kB (min=239.0kB, biggest=108.0kB) | arena=0.9kB | V_bus=5.128V I_bus=64.8mA P_bus=331.9mW E_total_accum=244.585mWh
13:19:20.154 > [BENCH] IDLE | t_inference_us=0 | heap=37.3kB/282.0kB (min=239.0kB, biggest=108.0kB) | arena=0.9kB | V_bus=5.132V I_bus=63.4mA P_bus=325.0mW E_total_accum=244.767mWh
13:19:22.170 > [BENCH] IDLE | t_inference_us=0 | heap=37.3kB/282.0kB (min=239.0kB, biggest=108.0kB) | arena=0.9kB | V_bus=5.124V I_bus=64.3mA P_bus=329.3mW E_total_accum=244.951mWh
13:19:24.187 > [BENCH] IDLE | t_inference_us=0 | heap=37.3kB/282.0kB (min=239.0kB, biggest=108.0kB) | arena=0.9kB | V_bus=5.124V I_bus=62.7mA P_bus=321.5mW E_total_accum=245.131mWh
13:19:26.199 > [BENCH] IDLE | t_inference_us=0 | heap=37.3kB/282.0kB (min=239.0kB, biggest=108.0kB) | arena=0.9kB | V_bus=5.128V I_bus=62.2mA P_bus=318.7mW E_total_accum=245.309mWh
13:19:28.216 > [BENCH] IDLE | t_inference_us=0 | heap=37.3kB/282.0kB (min=239.0kB, biggest=108.0kB) | arena=0.9kB | V_bus=5.132V I_bus=63.7mA P_bus=326.4mW E_total_accum=245.492mWh
13:19:30.221 > [BENCH] IDLE | t_inference_us=0 | heap=37.3kB/282.0kB (min=239.0kB, biggest=108.0kB) | arena=0.9kB | V_bus=5.132V I_bus=62.2mA P_bus=319.2mW E_total_accum=245.670mWh
13:19:32.237 > [BENCH] IDLE | t_inference_us=0 | heap=37.3kB/282.0kB (min=239.0kB, biggest=108.0kB) | arena=0.9kB | V_bus=5.112V I_bus=65.0mA P_bus=333.3mW E_total_accum=245.856mWh
13:19:34.232 > [BENCH] IDLE | t_inference_us=0 | heap=37.3kB/282.0kB (min=239.0kB, biggest=108.0kB) | arena=0.9kB | V_bus=5.132V I_bus=63.5mA P_bus=325.5mW E_total_accum=246.038mWh
13:19:36.249 > [BENCH] IDLE | t_inference_us=0 | heap=37.3kB/282.0kB (min=239.0kB, biggest=108.0kB) | arena=0.9kB | V_bus=5.132V I_bus=64.0mA P_bus=328.4mW E_total_accum=246.221mWh
13:19:38.266 > [BENCH] IDLE | t_inference_us=0 | heap=37.3kB/282.0kB (min=239.0kB, biggest=108.0kB) | arena=0.9kB | V_bus=5.128V I_bus=62.6mA P_bus=321.2mW E_total_accum=246.401mWh
13:19:40.285 > [BENCH] IDLE | t_inference_us=0 | heap=37.3kB/282.0kB (min=239.0kB, biggest=108.0kB) | arena=0.9kB | V_bus=5.128V I_bus=61.5mA P_bus=315.4mW E_total_accum=246.577mWh
13:19:42.302 > [BENCH] IDLE | t_inference_us=0 | heap=37.3kB/282.0kB (min=239.0kB, biggest=108.0kB) | arena=0.9kB | V_bus=5.128V I_bus=62.4mA P_bus=320.0mW E_total_accum=246.756mWh
13:19:44.315 > [BENCH] IDLE | t_inference_us=0 | heap=37.3kB/282.0kB (min=239.0kB, biggest=108.0kB) | arena=0.9kB | V_bus=5.128V I_bus=61.3mA P_bus=314.2mW E_total_accum=246.932mWh
13:19:46.331 > [BENCH] IDLE | t_inference_us=0 | heap=37.3kB/282.0kB (min=239.0kB, biggest=108.0kB) | arena=0.9kB | V_bus=5.132V I_bus=60.4mA P_bus=309.8mW E_total_accum=247.106mWh
13:19:48.334 > [BENCH] IDLE | t_inference_us=0 | heap=37.3kB/282.0kB (min=239.0kB, biggest=108.0kB) | arena=0.9kB | V_bus=5.132V I_bus=61.5mA P_bus=315.4mW E_total_accum=247.282mWh
13:19:50.348 > [BENCH] IDLE | t_inference_us=0 | heap=37.3kB/282.0kB (min=239.0kB, biggest=108.0kB) | arena=0.9kB | V_bus=5.128V I_bus=60.5mA P_bus=310.1mW E_total_accum=247.456mWh
13:19:52.367 > [BENCH] IDLE | t_inference_us=0 | heap=37.3kB/282.0kB (min=239.0kB, biggest=108.0kB) | arena=0.9kB | V_bus=5.128V I_bus=59.6mA P_bus=305.9mW E_total_accum=247.627mWh
13:19:54.379 > [BENCH] IDLE | t_inference_us=0 | heap=37.3kB/282.0kB (min=239.0kB, biggest=108.0kB) | arena=0.9kB | V_bus=5.128V I_bus=60.9mA P_bus=312.2mW E_total_accum=247.801mWh
13:19:56.396 > [BENCH] IDLE | t_inference_us=0 | heap=37.3kB/282.0kB (min=239.0kB, biggest=108.0kB) | arena=0.9kB | V_bus=5.128V I_bus=60.1mA P_bus=308.0mW E_total_accum=247.974mWh
13:19:58.414 > [BENCH] IDLE | t_inference_us=0 | heap=37.3kB/282.0kB (min=239.0kB, biggest=108.0kB) | arena=0.9kB | V_bus=5.128V I_bus=59.4mA P_bus=304.4mW E_total_accum=248.144mWh
13:20:00.417 > [BENCH] IDLE | t_inference_us=0 | heap=37.3kB/282.0kB (min=239.0kB, biggest=108.0kB) | arena=0.9kB | V_bus=5.132V I_bus=60.7mA P_bus=311.1mW E_total_accum=248.318mWh
13:20:02.435 > [BENCH] IDLE | t_inference_us=0 | heap=37.3kB/282.0kB (min=239.0kB, biggest=108.0kB) | arena=0.9kB | V_bus=5.132V I_bus=59.9mA P_bus=307.1mW E_total_accum=248.490mWh
13:20:04.447 > [BENCH] IDLE | t_inference_us=0 | heap=37.3kB/282.0kB (min=239.0kB, biggest=108.0kB) | arena=0.9kB | V_bus=5.128V I_bus=59.4mA P_bus=304.8mW E_total_accum=248.660mWh
13:20:06.469 > [BENCH] IDLE | t_inference_us=0 | heap=37.3kB/282.0kB (min=239.0kB, biggest=108.0kB) | arena=0.9kB | V_bus=5.124V I_bus=61.5mA P_bus=315.6mW E_total_accum=248.837mWh
13:20:08.464 > [BENCH] IDLE | t_inference_us=0 | heap=37.3kB/282.0kB (min=239.0kB, biggest=108.0kB) | arena=0.9kB | V_bus=5.128V I_bus=63.4mA P_bus=325.0mW E_total_accum=249.018mWh
13:20:10.479 > [BENCH] IDLE | t_inference_us=0 | heap=37.3kB/282.0kB (min=239.0kB, biggest=108.0kB) | arena=0.9kB | V_bus=5.124V I_bus=62.0mA P_bus=318.0mW E_total_accum=249.195mWh
13:20:12.496 > [BENCH] IDLE | t_inference_us=0 | heap=37.3kB/282.0kB (min=239.0kB, biggest=108.0kB) | arena=0.9kB | V_bus=5.132V I_bus=62.3mA P_bus=319.4mW E_total_accum=249.374mWh
13:20:14.508 > [BENCH] IDLE | t_inference_us=0 | heap=37.3kB/282.0kB (min=239.0kB, biggest=108.0kB) | arena=0.9kB | V_bus=5.132V I_bus=61.1mA P_bus=313.5mW E_total_accum=249.549mWh
13:20:16.085 > 
13:20:16.085 > [EVENT] type=HOUR  Tin=29.40 Hin=65.44 Tout=33.90 Hout=55.80
13:20:16.091 > [infer] REAL - Invoke executed (model ran)
13:20:16.095 > 
13:20:16.095 > [PWR] infer | E_inference_window(ΔE_total)=0.153µWh (E0=249.690033mWh E1=249.690186mWh) | E_inference_pipeline(ΔE_total)=0.381µWh (E0=249.689880mWh E1=249.690262mWh) | t_inference=1.092ms | t_inference_pipeline=4.144ms | E_total_accum=249.690mWh
13:20:16.116 > [BENCH] INFER_HOURLY | t_inference_us=1092 | heap=37.3kB/282.0kB (min=239.0kB, biggest=108.0kB) | arena=0.9kB | V_bus=5.116V I_bus=66.7mA P_bus=341.6mW E_total_accum=249.690mWh
13:20:16.132 > [HOUR] Tin=29.40 Hin=65.44 | Tp=29.12 Hp=63.31
13:20:16.136 > [HOUR] SAMPLES | N_ALL=24 N_T=24 N_H=24
13:20:16.140 > [HOUR] METRICS | MAE=0.7668 RMSE=1.1294 R2=0.8255 | MAE_T=0.4218 RMSE_T=0.5136 R2_T=0.8866 | MAE_H=1.1118 RMSE_H=1.5124 R2_H=0.7645
13:20:16.695 > [SENSORS] Health IN ok=1351 err=0 reinit=0 pwr=0 | OUT ok=1351 err=0 reinit=0 pwr=0
13:20:18.110 > [BENCH] IDLE | t_inference_us=0 | heap=37.3kB/282.0kB (min=239.0kB, biggest=108.0kB) | arena=0.9kB | V_bus=5.128V I_bus=64.8mA P_bus=331.7mW E_total_accum=249.876mWh
13:20:20.110 > [BENCH] IDLE | t_inference_us=0 | heap=37.3kB/282.0kB (min=239.0kB, biggest=108.0kB) | arena=0.9kB | V_bus=5.132V I_bus=63.9mA P_bus=327.3mW E_total_accum=250.059mWh
13:20:22.138 > [BENCH] IDLE | t_inference_us=0 | heap=37.3kB/282.0kB (min=239.0kB, biggest=108.0kB) | arena=0.9kB | V_bus=5.128V I_bus=62.5mA P_bus=320.1mW E_total_accum=250.238mWh
13:20:24.144 > [BENCH] IDLE | t_inference_us=0 | heap=37.3kB/282.0kB (min=239.0kB, biggest=108.0kB) | arena=0.9kB | V_bus=5.128V I_bus=61.4mA P_bus=314.8mW E_total_accum=250.415mWh
13:20:26.156 > [BENCH] IDLE | t_inference_us=0 | heap=37.3kB/282.0kB (min=239.0kB, biggest=108.0kB) | arena=0.9kB | V_bus=5.132V I_bus=62.4mA P_bus=320.1mW E_total_accum=250.594mWh
13:20:28.179 > [BENCH] IDLE | t_inference_us=0 | heap=37.3kB/282.0kB (min=239.0kB, biggest=108.0kB) | arena=0.9kB | V_bus=5.128V I_bus=61.2mA P_bus=313.9mW E_total_accum=250.769mWh
13:20:30.180 > [BENCH] IDLE | t_inference_us=0 | heap=37.3kB/282.0kB (min=239.0kB, biggest=108.0kB) | arena=0.9kB | V_bus=5.128V I_bus=61.3mA P_bus=314.2mW E_total_accum=250.945mWh
13:20:32.199 > [BENCH] IDLE | t_inference_us=0 | heap=37.3kB/282.0kB (min=239.0kB, biggest=108.0kB) | arena=0.9kB | V_bus=5.120V I_bus=60.4mA P_bus=309.7mW E_total_accum=251.118mWh
13:20:34.217 > [BENCH] IDLE | t_inference_us=0 | heap=37.3kB/282.0kB (min=239.0kB, biggest=108.0kB) | arena=0.9kB | V_bus=5.128V I_bus=60.2mA P_bus=308.7mW E_total_accum=251.291mWh
13:20:36.228 > [BENCH] IDLE | t_inference_us=0 | heap=37.3kB/282.0kB (min=239.0kB, biggest=108.0kB) | arena=0.9kB | V_bus=5.112V I_bus=62.5mA P_bus=320.2mW E_total_accum=251.469mWh
13:20:38.233 > [BENCH] IDLE | t_inference_us=0 | heap=37.3kB/282.0kB (min=239.0kB, biggest=108.0kB) | arena=0.9kB | V_bus=5.132V I_bus=64.0mA P_bus=328.2mW E_total_accum=251.653mWh
13:20:40.238 > [BENCH] IDLE | t_inference_us=0 | heap=37.3kB/282.0kB (min=239.0kB, biggest=108.0kB) | arena=0.9kB | V_bus=5.132V I_bus=62.5mA P_bus=320.4mW E_total_accum=251.832mWh
13:20:42.264 > [BENCH] IDLE | t_inference_us=0 | heap=37.3kB/282.0kB (min=239.0kB, biggest=108.0kB) | arena=0.9kB | V_bus=5.128V I_bus=62.4mA P_bus=320.1mW E_total_accum=252.011mWh
13:20:44.274 > [BENCH] IDLE | t_inference_us=0 | heap=37.3kB/282.0kB (min=239.0kB, biggest=108.0kB) | arena=0.9kB | V_bus=5.128V I_bus=61.3mA P_bus=314.1mW E_total_accum=252.187mWh
13:20:46.288 > [BENCH] IDLE | t_inference_us=0 | heap=37.3kB/282.0kB (min=239.0kB, biggest=108.0kB) | arena=0.9kB | V_bus=5.128V I_bus=60.4mA P_bus=309.8mW E_total_accum=252.360mWh
13:20:48.303 > [BENCH] IDLE | t_inference_us=0 | heap=37.3kB/282.0kB (min=239.0kB, biggest=108.0kB) | arena=0.9kB | V_bus=5.128V I_bus=61.9mA P_bus=317.3mW E_total_accum=252.537mWh
13:20:50.321 > [BENCH] IDLE | t_inference_us=0 | heap=37.3kB/282.0kB (min=239.0kB, biggest=108.0kB) | arena=0.9kB | V_bus=5.132V I_bus=60.9mA P_bus=312.1mW E_total_accum=252.712mWh
13:20:52.321 > [BENCH] IDLE | t_inference_us=0 | heap=37.3kB/282.0kB (min=239.0kB, biggest=108.0kB) | arena=0.9kB | V_bus=5.128V I_bus=60.7mA P_bus=311.0mW E_total_accum=252.886mWh
13:20:54.348 > [BENCH] IDLE | t_inference_us=0 | heap=37.3kB/282.0kB (min=239.0kB, biggest=108.0kB) | arena=0.9kB | V_bus=5.132V I_bus=62.7mA P_bus=321.4mW E_total_accum=253.066mWh
13:20:56.352 > [BENCH] IDLE | t_inference_us=0 | heap=37.3kB/282.0kB (min=239.0kB, biggest=108.0kB) | arena=0.9kB | V_bus=5.128V I_bus=61.3mA P_bus=314.5mW E_total_accum=253.242mWh
13:20:58.374 > [BENCH] IDLE | t_inference_us=0 | heap=37.3kB/282.0kB (min=239.0kB, biggest=108.0kB) | arena=0.9kB | V_bus=5.124V I_bus=62.1mA P_bus=318.6mW E_total_accum=253.420mWh
13:21:00.390 > [BENCH] IDLE | t_inference_us=0 | heap=37.3kB/282.0kB (min=239.0kB, biggest=108.0kB) | arena=0.9kB | V_bus=5.124V I_bus=61.1mA P_bus=313.3mW E_total_accum=253.595mWh
13:21:02.403 > [BENCH] IDLE | t_inference_us=0 | heap=37.3kB/282.0kB (min=239.0kB, biggest=108.0kB) | arena=0.9kB | V_bus=5.128V I_bus=61.3mA P_bus=314.4mW E_total_accum=253.771mWh
13:21:04.403 > [BENCH] IDLE | t_inference_us=0 | heap=37.3kB/282.0kB (min=239.0kB, biggest=108.0kB) | arena=0.9kB | V_bus=5.124V I_bus=60.5mA P_bus=309.9mW E_total_accum=253.945mWh
13:21:06.418 > [BENCH] IDLE | t_inference_us=0 | heap=37.3kB/282.0kB (min=239.0kB, biggest=108.0kB) | arena=0.9kB | V_bus=5.132V I_bus=60.1mA P_bus=308.1mW E_total_accum=254.117mWh
13:21:08.441 > [BENCH] IDLE | t_inference_us=0 | heap=37.3kB/282.0kB (min=239.0kB, biggest=108.0kB) | arena=0.9kB | V_bus=5.128V I_bus=59.4mA P_bus=304.4mW E_total_accum=254.287mWh
13:21:10.449 > [BENCH] IDLE | t_inference_us=0 | heap=37.3kB/282.0kB (min=239.0kB, biggest=108.0kB) | arena=0.9kB | V_bus=5.128V I_bus=58.9mA P_bus=302.0mW E_total_accum=254.456mWh
13:21:12.451 > [BENCH] IDLE | t_inference_us=0 | heap=37.3kB/282.0kB (min=239.0kB, biggest=108.0kB) | arena=0.9kB | V_bus=5.132V I_bus=58.4mA P_bus=299.4mW E_total_accum=254.623mWh
13:21:14.476 > [BENCH] IDLE | t_inference_us=0 | heap=37.3kB/282.0kB (min=239.0kB, biggest=108.0kB) | arena=0.9kB | V_bus=5.132V I_bus=60.1mA P_bus=308.4mW E_total_accum=254.795mWh
13:21:16.087 > 
