window_start,window_end,datetime_end,N,MAE,RMSE,R2,MAE_T,RMSE_T,R2_T,MAE_H,RMSE_H,R2_H
0,23,2018-10-14 14:00:00,24,0.0691,0.0933,0.724,0.0626,0.0838,0.6118,0.0757,0.1019,0.8362
1,24,2018-10-14 15:00:00,24,0.0691,0.0934,0.7196,0.0596,0.081,0.6142,0.0785,0.1043,0.825
2,25,2018-10-14 16:00:00,24,0.066,0.0911,0.744,0.055,0.0765,0.6611,0.0771,0.1037,0.827
3,26,2018-10-14 17:00:00,24,0.0618,0.0848,0.8079,0.0465,0.0602,0.7897,0.077,0.1037,0.8261
4,27,2018-10-14 18:00:00,24,0.0658,0.0874,0.7883,0.05,0.0636,0.7584,0.0815,0.1061,0.8181
5,28,2018-10-14 19:00:00,24,0.0704,0.0984,0.7541,0.0495,0.0633,0.7458,0.0912,0.1239,0.7624
6,29,2018-10-14 20:00:00,24,0.0713,0.0996,0.748,0.05,0.0634,0.7351,0.0927,0.1258,0.761
7,30,2018-10-14 21:00:00,24,0.0743,0.1032,0.7385,0.0481,0.0625,0.7155,0.1005,0.1318,0.7615
8,31,2018-10-14 22:00:00,24,0.0765,0.1078,0.7519,0.0454,0.0597,0.7392,0.1075,0.1404,0.7645
9,32,2018-10-14 23:00:00,24,0.078,0.1083,0.7563,0.0464,0.0599,0.7333,0.1096,0.141,0.7794
10,33,2018-10-15 00:00:00,24,0.0742,0.103,0.7915,0.0434,0.0552,0.75,0.1051,0.1348,0.8329
11,34,2018-10-15 01:00:00,24,0.0721,0.0993,0.7981,0.0452,0.0583,0.7162,0.0991,0.1277,0.8801
12,35,2018-10-15 02:00:00,24,0.0671,0.0958,0.8216,0.0395,0.0513,0.7417,0.0946,0.1253,0.9016
13,36,2018-10-15 03:00:00,24,0.0678,0.0958,0.7948,0.0418,0.0531,0.6719,0.0938,0.1246,0.9177
14,37,2018-10-15 04:00:00,24,0.0664,0.094,0.7643,0.0438,0.0546,0.5973,0.0889,0.1213,0.9313
15,38,2018-10-15 05:00:00,24,0.0681,0.0948,0.714,0.0442,0.0548,0.493,0.0919,0.1224,0.935
16,39,2018-10-15 06:00:00,24,0.0657,0.0938,0.7257,0.0413,0.052,0.513,0.09,0.122,0.9385
17,40,2018-10-15 07:00:00,24,0.0644,0.0928,0.7411,0.0402,0.0505,0.5398,0.0886,0.1211,0.9423
18,41,2018-10-15 08:00:00,24,0.0719,0.1044,0.5872,0.0539,0.0842,0.2297,0.09,0.1213,0.9446
19,42,2018-10-15 09:00:00,24,0.078,0.1112,0.4429,0.0636,0.0994,-0.0604,0.0924,0.1219,0.9461
20,43,2018-10-15 10:00:00,24,0.0775,0.111,0.4831,0.063,0.0989,0.0192,0.0921,0.1218,0.947
21,44,2018-10-15 11:00:00,24,0.0843,0.119,0.3352,0.0736,0.1141,-0.2741,0.0951,0.1237,0.9446
22,45,2018-10-15 12:00:00,24,0.0844,0.1185,0.3541,0.0754,0.1152,-0.2341,0.0935,0.1218,0.9424
23,46,2018-10-15 13:00:00,24,0.0918,0.1245,0.4168,0.0813,0.1191,-0.0947,0.1023,0.1297,0.9284
24,47,2018-10-15 14:00:00,24,0.1088,0.1581,0.6041,0.1015,0.1641,0.3115,0.116,0.1519,0.8968
25,48,2018-10-15 15:00:00,24,0.1156,0.1665,0.742,0.1051,0.166,0.6074,0.126,0.167,0.8765
26,49,2018-10-15 16:00:00,24,0.1269,0.1772,0.7429,0.1168,0.177,0.6111,0.1371,0.1774,0.8747
27,50,2018-10-15 17:00:00,24,0.132,0.1824,0.7644,0.1157,0.1769,0.6436,0.1484,0.1876,0.8852
28,51,2018-10-15 18:00:00,24,0.1399,0.1911,0.7946,0.1218,0.1828,0.6843,0.1581,0.199,0.9049
29,52,2018-10-15 19:00:00,24,0.1413,0.1899,0.8118,0.1289,0.187,0.6888,0.1536,0.1927,0.9347
30,53,2018-10-15 20:00:00,24,0.1425,0.1899,0.8198,0.1335,0.1887,0.6892,0.1515,0.1911,0.9504
31,54,2018-10-15 21:00:00,24,0.1453,0.1918,0.8265,0.1364,0.1893,0.6934,0.1542,0.1943,0.9597
32,55,2018-10-15 22:00:00,24,0.1465,0.1941,0.8328,0.1358,0.1892,0.6994,0.1573,0.1988,0.9661
33,56,2018-10-15 23:00:00,24,0.1516,0.1985,0.834,0.1364,0.1893,0.698,0.1668,0.2072,0.9699
34,57,2018-10-16 00:00:00,24,0.1553,0.2023,0.8308,0.1368,0.1894,0.6886,0.1737,0.2144,0.973
35,58,2018-10-16 01:00:00,24,0.1602,0.2073,0.8295,0.1366,0.1893,0.684,0.1837,0.2237,0.9749
36,59,2018-10-16 02:00:00,24,0.1637,0.2081,0.8265,0.1402,0.1901,0.6754,0.1872,0.2246,0.9777
37,60,2018-10-16 03:00:00,24,0.1606,0.2073,0.8219,0.138,0.1897,0.6642,0.1833,0.2235,0.9796
38,61,2018-10-16 04:00:00,24,0.1606,0.2073,0.8176,0.1367,0.1893,0.6546,0.1845,0.2238,0.9807
39,62,2018-10-16 05:00:00,24,0.1632,0.2085,0.8079,0.1384,0.1898,0.6351,0.1881,0.2257,0.9808
40,63,2018-10-16 06:00:00,24,0.1635,0.2086,0.7975,0.1379,0.1898,0.6143,0.1891,0.2258,0.9808
41,64,2018-10-16 07:00:00,24,0.163,0.2085,0.7861,0.1366,0.1895,0.5917,0.1894,0.2259,0.9804
42,65,2018-10-16 08:00:00,24,0.1625,0.207,0.7456,0.1345,0.186,0.5117,0.1904,0.2261,0.9795
43,66,2018-10-16 09:00:00,24,0.1615,0.2054,0.7225,0.1307,0.1817,0.4676,0.1922,0.2268,0.9775
44,67,2018-10-16 10:00:00,24,0.1658,0.208,0.6591,0.1316,0.1821,0.3448,0.2,0.231,0.9734
45,68,2018-10-16 11:00:00,24,0.1684,0.2136,0.569,0.1387,0.1957,0.1691,0.1982,0.2302,0.9689
46,69,2018-10-16 12:00:00,24,0.1673,0.2131,0.5325,0.1375,0.1952,0.1028,0.1971,0.2297,0.9622
47,70,2018-10-16 13:00:00,24,0.1659,0.2121,0.5274,0.1362,0.1943,0.1019,0.1957,0.2285,0.9529
48,71,2018-10-16 14:00:00,24,0.1516,0.1897,0.6269,0.1181,0.1595,0.3069,0.185,0.2158,0.9469
49,72,2018-10-16 15:00:00,24,0.1461,0.1836,0.5002,0.1205,0.1618,0.0606,0.1717,0.203,0.9398
50,73,2018-10-16 16:00:00,24,0.1385,0.1748,0.5697,0.1137,0.1522,0.213,0.1633,0.1948,0.9265
51,74,2018-10-16 17:00:00,24,0.134,0.1696,0.5657,0.1154,0.1525,0.2222,0.1527,0.1851,0.9092
52,75,2018-10-16 18:00:00,24,0.1306,0.1647,0.4069,0.1169,0.1551,-0.0761,0.1444,0.1738,0.8899
53,76,2018-10-16 19:00:00,24,0.1294,0.1634,0.3407,0.1148,0.1528,-0.1629,0.1439,0.1732,0.8443
54,77,2018-10-16 20:00:00,24,0.1269,0.1622,0.3097,0.1106,0.1508,-0.1392,0.1433,0.1728,0.7585
55,78,2018-10-16 21:00:00,24,0.1266,0.1609,0.2044,0.1153,0.1549,-0.2512,0.1379,0.1666,0.66
56,79,2018-10-16 22:00:00,24,0.1235,0.1556,0.1948,0.1163,0.1551,-0.2743,0.1307,0.1561,0.6639
57,80,2018-10-16 23:00:00,24,0.1195,0.1505,0.2545,0.1162,0.1551,-0.2395,0.1229,0.1457,0.7485
58,81,2018-10-17 00:00:00,24,0.1139,0.1443,0.337,0.1136,0.1545,-0.1615,0.1142,0.1334,0.8355
59,82,2018-10-17 01:00:00,24,0.1055,0.1356,0.3808,0.1096,0.1528,-0.1353,0.1013,0.1159,0.897
60,83,2018-10-17 02:00:00,24,0.1056,0.1361,0.3935,0.108,0.1521,-0.1226,0.1032,0.1178,0.9096
61,84,2018-10-17 03:00:00,24,0.106,0.1362,0.3985,0.1076,0.1521,-0.1232,0.1045,0.1181,0.9202
62,85,2018-10-17 04:00:00,24,0.1059,0.1362,0.4047,0.1088,0.1525,-0.1161,0.103,0.1177,0.9255
63,86,2018-10-17 05:00:00,24,0.1027,0.134,0.4156,0.1068,0.1518,-0.1028,0.0986,0.1133,0.934
64,87,2018-10-17 06:00:00,24,0.1031,0.134,0.4152,0.1076,0.1519,-0.1041,0.0986,0.1133,0.9346
65,88,2018-10-17 07:00:00,24,0.1044,0.1346,0.4124,0.109,0.1523,-0.1085,0.0998,0.1142,0.9332
66,89,2018-10-17 08:00:00,24,0.1055,0.1342,0.3563,0.1061,0.1475,-0.2162,0.105,0.1194,0.9288
67,90,2018-10-17 09:00:00,24,0.1065,0.1374,0.3833,0.1007,0.1436,-0.1567,0.1124,0.1308,0.9233
68,91,2018-10-17 10:00:00,24,0.1057,0.1361,0.4255,0.1044,0.147,-0.0877,0.1069,0.1243,0.9388
69,92,2018-10-17 11:00:00,24,0.1016,0.1238,0.6091,0.0928,0.12,0.2742,0.1104,0.1274,0.944
70,93,2018-10-17 12:00:00,24,0.103,0.1264,0.5529,0.099,0.1269,0.1559,0.1069,0.1259,0.9499
71,94,2018-10-17 13:00:00,24,0.0996,0.1236,0.5234,0.099,0.1269,0.0914,0.1001,0.1202,0.9554
72,95,2018-10-17 14:00:00,24,0.0998,0.1257,0.4706,0.1039,0.1337,-0.014,0.0956,0.1171,0.9551
73,96,2018-10-17 15:00:00,24,0.0957,0.1227,0.5173,0.0966,0.1283,0.0834,0.0948,0.1168,0.9512
74,97,2018-10-17 16:00:00,24,0.0951,0.1231,0.4482,0.0984,0.1305,-0.0508,0.0917,0.1153,0.9473
75,98,2018-10-17 17:00:00,24,0.0977,0.1253,0.4067,0.1034,0.1344,-0.1249,0.092,0.1155,0.9384
76,99,2018-10-17 18:00:00,24,0.0919,0.1176,0.4988,0.0955,0.1228,0.0659,0.0882,0.1122,0.9317
77,100,2018-10-17 19:00:00,24,0.0872,0.1127,0.5071,0.0936,0.1208,0.0804,0.0808,0.104,0.9338
78,101,2018-10-17 20:00:00,24,0.0882,0.1135,0.5,0.0943,0.121,0.0757,0.0821,0.1055,0.9243
79,102,2018-10-17 21:00:00,24,0.0855,0.1109,0.5121,0.0927,0.1187,0.102,0.0784,0.1025,0.9222
80,103,2018-10-17 22:00:00,24,0.0874,0.1124,0.505,0.096,0.121,0.0908,0.0787,0.103,0.9192
81,104,2018-10-17 23:00:00,24,0.0961,0.1302,0.3459,0.1134,0.1526,-0.223,0.0788,0.1031,0.9149
82,105,2018-10-18 00:00:00,24,0.1063,0.1468,0.1179,0.1326,0.1794,-0.6745,0.0801,0.1045,0.9102
83,106,2018-10-18 01:00:00,24,0.111,0.1503,0.1362,0.1332,0.1795,-0.6244,0.0887,0.1139,0.8968
84,107,2018-10-18 02:00:00,24,0.1104,0.1497,0.2114,0.1335,0.1796,-0.4841,0.0872,0.1122,0.907
85,108,2018-10-18 03:00:00,24,0.1139,0.1528,0.1642,0.1423,0.1849,-0.5829,0.0855,0.1118,0.9112
86,109,2018-10-18 04:00:00,24,0.117,0.1549,0.1855,0.1474,0.1882,-0.5369,0.0867,0.1122,0.9079
87,110,2018-10-18 05:00:00,24,0.1165,0.1548,0.2537,0.1478,0.1883,-0.391,0.0852,0.1116,0.8984
88,111,2018-10-18 06:00:00,24,0.1185,0.1557,0.2863,0.1481,0.1884,-0.2936,0.0889,0.1141,0.8662
89,112,2018-10-18 07:00:00,24,0.1169,0.1551,0.3143,0.147,0.1881,-0.2017,0.0867,0.1128,0.8303
90,113,2018-10-18 08:00:00,24,0.1197,0.1611,0.4632,0.1544,0.1995,0.1227,0.0849,0.1102,0.8037
91,114,2018-10-18 09:00:00,24,0.1221,0.1622,0.5113,0.1625,0.205,0.1843,0.0817,0.1029,0.8382
92,115,2018-10-18 10:00:00,24,0.1235,0.1635,0.5942,0.164,0.2064,0.3371,0.0831,0.1042,0.8513
93,116,2018-10-18 11:00:00,24,0.1286,0.1743,0.5462,0.1763,0.2245,0.2256,0.081,0.1016,0.8667
94,117,2018-10-18 12:00:00,24,0.132,0.1764,0.529,0.1732,0.2221,0.2316,0.0908,0.1136,0.8264
95,118,2018-10-18 13:00:00,24,0.1356,0.1789,0.497,0.1721,0.2216,0.2046,0.099,0.1219,0.7894
96,119,2018-10-18 14:00:00,24,0.1349,0.1771,0.5053,0.1677,0.2178,0.2327,0.102,0.1235,0.7779
97,120,2018-10-18 15:00:00,24,0.15,0.1973,0.5006,0.1913,0.2475,0.2307,0.1087,0.129,0.7705
98,121,2018-10-18 16:00:00,24,0.1568,0.2054,0.4736,0.2013,0.2593,0.158,0.1123,0.1307,0.7892
99,122,2018-10-18 17:00:00,24,0.1662,0.216,0.4195,0.2129,0.2725,0.0291,0.1195,0.1381,0.8098
100,123,2018-10-18 18:00:00,24,0.1676,0.2166,0.4474,0.2128,0.2725,0.0446,0.1224,0.14,0.8503
101,124,2018-10-18 19:00:00,24,0.1682,0.2169,0.4624,0.2139,0.2729,0.0442,0.1224,0.14,0.8806
102,125,2018-10-18 20:00:00,24,0.17,0.2176,0.469,0.2175,0.274,0.0317,0.1225,0.14,0.9063
103,126,2018-10-18 21:00:00,24,0.1725,0.2187,0.4696,0.2177,0.2741,0.0163,0.1273,0.1433,0.9229
104,127,2018-10-18 22:00:00,24,0.1701,0.2174,0.4615,0.2162,0.2736,-0.0168,0.1239,0.1404,0.9398
105,128,2018-10-18 23:00:00,24,0.1602,0.2068,0.5392,0.1991,0.2573,0.1279,0.1213,0.139,0.9505
106,129,2018-10-19 00:00:00,24,0.1622,0.2095,0.5206,0.2008,0.2604,0.0841,0.1236,0.1414,0.957
107,130,2018-10-19 01:00:00,24,0.1582,0.2072,0.5008,0.1997,0.2603,0.0365,0.1166,0.1344,0.9651
108,131,2018-10-19 02:00:00,24,0.1617,0.2097,0.4246,0.2073,0.2646,-0.119,0.116,0.134,0.9682
109,132,2018-10-19 03:00:00,24,0.1626,0.2103,0.4242,0.2083,0.2654,-0.1216,0.1168,0.134,0.9701
110,133,2018-10-19 04:00:00,24,0.1651,0.2116,0.4725,0.2073,0.2648,-0.0232,0.1229,0.1394,0.9682
111,134,2018-10-19 05:00:00,24,0.1674,0.2122,0.4829,0.2104,0.2656,-0.0022,0.1245,0.1399,0.968
112,135,2018-10-19 06:00:00,24,0.1677,0.2122,0.4876,0.2114,0.2658,0.0073,0.1239,0.1394,0.9679
113,136,2018-10-19 07:00:00,24,0.1723,0.2151,0.4824,0.2124,0.2659,0.0025,0.1322,0.1477,0.9623
114,137,2018-10-19 08:00:00,24,0.171,0.2149,0.4417,0.213,0.2669,-0.0769,0.129,0.1455,0.9603
115,138,2018-10-19 09:00:00,24,0.168,0.2124,0.4452,0.209,0.264,-0.0648,0.1271,0.1432,0.9552
116,139,2018-10-19 10:00:00,24,0.1654,0.2112,0.3849,0.2006,0.2604,-0.171,0.1301,0.1464,0.9408
117,140,2018-10-19 11:00:00,24,0.1603,0.2035,0.4268,0.1923,0.2485,-0.0701,0.1283,0.1453,0.9238
118,141,2018-10-19 12:00:00,24,0.1617,0.2075,0.4136,0.2031,0.2597,-0.0859,0.1202,0.1366,0.9132
119,142,2018-10-19 13:00:00,24,0.167,0.213,0.3788,0.2086,0.2631,-0.116,0.1253,0.1467,0.8736
120,143,2018-10-19 14:00:00,24,0.1746,0.2209,0.3814,0.2185,0.2725,-0.0646,0.1307,0.1527,0.8274
121,144,2018-10-19 15:00:00,24,0.172,0.2137,0.4586,0.2113,0.2592,0.1203,0.1327,0.1554,0.7969
122,145,2018-10-19 16:00:00,24,0.1665,0.2074,0.5653,0.1946,0.2447,0.3548,0.1384,0.1617,0.7759
123,146,2018-10-19 17:00:00,24,0.1596,0.1987,0.6632,0.1788,0.2278,0.5179,0.1403,0.1645,0.8086
124,147,2018-10-19 18:00:00,24,0.1609,0.2001,0.7022,0.1776,0.2274,0.5603,0.1441,0.1684,0.8441
125,148,2018-10-19 19:00:00,24,0.1631,0.2011,0.7261,0.1781,0.2277,0.5787,0.1481,0.1703,0.8735
126,149,2018-10-19 20:00:00,24,0.1597,0.1998,0.7407,0.177,0.2272,0.5843,0.1424,0.168,0.8971
127,150,2018-10-19 21:00:00,24,0.155,0.1976,0.7572,0.1707,0.225,0.5993,0.1394,0.1659,0.9152
128,151,2018-10-19 22:00:00,24,0.1566,0.1992,0.7677,0.1686,0.2244,0.6096,0.1446,0.1703,0.9259
129,152,2018-10-19 23:00:00,24,0.1584,0.1999,0.7792,0.1715,0.2254,0.622,0.1452,0.1705,0.9364
130,153,2018-10-20 00:00:00,24,0.1483,0.1857,0.8168,0.1533,0.2012,0.6898,0.1433,0.1687,0.9438
131,154,2018-10-20 01:00:00,24,0.1479,0.1856,0.8109,0.1541,0.2013,0.6734,0.1417,0.1684,0.9483
132,155,2018-10-20 02:00:00,24,0.1426,0.1821,0.8234,0.1462,0.1956,0.6944,0.139,0.1674,0.9524
133,156,2018-10-20 03:00:00,24,0.1387,0.1789,0.8389,0.1369,0.1895,0.7231,0.1404,0.1677,0.9548
134,157,2018-10-20 04:00:00,24,0.1317,0.1752,0.85,0.1305,0.1866,0.7414,0.1329,0.1631,0.9587
135,158,2018-10-20 05:00:00,24,0.131,0.1748,0.8526,0.1288,0.1858,0.746,0.1331,0.1631,0.9592
136,159,2018-10-20 06:00:00,24,0.128,0.174,0.8521,0.1267,0.1855,0.7443,0.1293,0.1617,0.9598
137,160,2018-10-20 07:00:00,24,0.1243,0.1707,0.8479,0.1259,0.1853,0.7343,0.1227,0.1548,0.9615
138,161,2018-10-20 08:00:00,24,0.1287,0.1745,0.8118,0.1234,0.1802,0.673,0.134,0.1687,0.9506
139,162,2018-10-20 09:00:00,24,0.1341,0.1861,0.7574,0.1202,0.1784,0.5869,0.1479,0.1935,0.9279
140,163,2018-10-20 10:00:00,24,0.1353,0.1861,0.6312,0.1248,0.1802,0.3444,0.1458,0.1917,0.918
141,164,2018-10-20 11:00:00,24,0.1369,0.1877,0.5388,0.1178,0.1729,0.1819,0.1561,0.2015,0.8956
142,165,2018-10-20 12:00:00,24,0.1361,0.1844,0.5524,0.1135,0.1643,0.222,0.1588,0.2026,0.8829
143,166,2018-10-20 13:00:00,24,0.1288,0.1761,0.462,0.108,0.1588,0.0329,0.1497,0.1919,0.8911
144,167,2018-10-20 14:00:00,24,0.123,0.1677,0.5974,0.0983,0.1423,0.3021,0.1476,0.1897,0.8926
145,168,2018-10-20 15:00:00,24,0.1165,0.1576,0.7432,0.0861,0.1184,0.593,0.1469,0.1888,0.8933
146,169,2018-10-20 16:00:00,24,0.1183,0.158,0.748,0.0908,0.1213,0.6009,0.1459,0.1876,0.8951
147,170,2018-10-20 17:00:00,24,0.1159,0.1556,0.7698,0.0886,0.1206,0.6403,0.1431,0.1841,0.8994
148,171,2018-10-20 18:00:00,24,0.1169,0.1562,0.7949,0.0909,0.1224,0.6907,0.143,0.1839,0.8992
149,172,2018-10-20 19:00:00,24,0.1148,0.1548,0.8167,0.0873,0.1196,0.7346,0.1422,0.1834,0.8987
150,173,2018-10-20 20:00:00,24,0.1197,0.1604,0.8248,0.0844,0.118,0.7613,0.155,0.1938,0.8882
151,174,2018-10-20 21:00:00,24,0.1228,0.1627,0.8292,0.0856,0.1182,0.7711,0.16,0.1974,0.8873
152,175,2018-10-20 22:00:00,24,0.1191,0.1601,0.8366,0.0844,0.1179,0.7821,0.1538,0.1932,0.891
153,176,2018-10-20 23:00:00,24,0.1197,0.1608,0.8446,0.0813,0.1158,0.8004,0.1582,0.1958,0.8889
154,177,2018-10-21 00:00:00,24,0.1176,0.1599,0.8537,0.079,0.1151,0.8131,0.1562,0.1947,0.8942
155,178,2018-10-21 01:00:00,24,0.1186,0.1601,0.8585,0.0795,0.1152,0.8204,0.1577,0.1949,0.8966
156,179,2018-10-21 02:00:00,24,0.1196,0.1604,0.8608,0.0801,0.1155,0.8242,0.1592,0.1953,0.8974
157,180,2018-10-21 03:00:00,24,0.1214,0.1616,0.8623,0.0798,0.1154,0.8294,0.163,0.1972,0.8953
158,181,2018-10-21 04:00:00,24,0.1232,0.162,0.8609,0.0829,0.1166,0.8271,0.1635,0.1972,0.8947
159,182,2018-10-21 05:00:00,24,0.1259,0.1639,0.8565,0.0839,0.1173,0.8226,0.1679,0.1999,0.8904
160,183,2018-10-21 06:00:00,24,0.1259,0.1639,0.8546,0.0838,0.1173,0.8202,0.1681,0.1999,0.8891
161,184,2018-10-21 07:00:00,24,0.1266,0.1644,0.8515,0.0832,0.1172,0.8162,0.1699,0.2009,0.8868
162,185,2018-10-21 08:00:00,24,0.1198,0.1546,0.8703,0.0725,0.0959,0.8483,0.1671,0.1965,0.8922
163,186,2018-10-21 09:00:00,24,0.1175,0.1453,0.8193,0.0825,0.1134,0.7233,0.1524,0.1714,0.9154
164,187,2018-10-21 10:00:00,24,0.1223,0.1521,0.7934,0.0849,0.1166,0.6862,0.1597,0.1808,0.9006
165,188,2018-10-21 11:00:00,24,0.1258,0.1566,0.7643,0.0905,0.1241,0.6442,0.1612,0.1835,0.8844
166,189,2018-10-21 12:00:00,24,0.1312,0.1666,0.8167,0.0869,0.1166,0.7983,0.1754,0.2048,0.8351
167,190,2018-10-21 13:00:00,24,0.1371,0.1766,0.8312,0.0862,0.1161,0.8619,0.1881,0.2211,0.8005
168,191,2018-10-21 14:00:00,24,0.1417,0.1883,0.8502,0.0818,0.1127,0.9039,0.2016,0.2412,0.7965
169,192,2018-10-21 15:00:00,24,0.1541,0.2136,0.7921,0.1067,0.1818,0.7522,0.2015,0.2412,0.832
170,193,2018-10-21 16:00:00,24,0.1508,0.2113,0.8056,0.1054,0.1809,0.7488,0.1963,0.2378,0.8623
171,194,2018-10-21 17:00:00,24,0.1541,0.2137,0.7986,0.117,0.1903,0.713,0.1912,0.2347,0.8843
172,195,2018-10-21 18:00:00,24,0.1751,0.2597,0.7238,0.1532,0.2766,0.5483,0.197,0.2415,0.8993
173,196,2018-10-21 19:00:00,24,0.1773,0.2618,0.7467,0.162,0.2814,0.5802,0.1926,0.2405,0.9131
174,197,2018-10-21 20:00:00,24,0.1792,0.2617,0.7522,0.1712,0.286,0.5802,0.1872,0.235,0.9242
175,198,2018-10-21 21:00:00,24,0.1793,0.2614,0.7612,0.1728,0.2863,0.5933,0.1858,0.2339,0.929
176,199,2018-10-21 22:00:00,24,0.1926,0.2764,0.7623,0.1983,0.3129,0.5926,0.1868,0.2342,0.932
177,200,2018-10-21 23:00:00,24,0.1979,0.2804,0.7643,0.2112,0.321,0.5925,0.1845,0.2328,0.936
178,201,2018-10-22 00:00:00,24,0.1998,0.2812,0.7728,0.2115,0.321,0.6071,0.1882,0.2348,0.9385
179,202,2018-10-22 01:00:00,24,0.2,0.2813,0.7789,0.2106,0.3209,0.6176,0.1894,0.2352,0.9402
180,203,2018-10-22 02:00:00,24,0.2001,0.2816,0.7838,0.2084,0.3207,0.6263,0.1918,0.2361,0.9412
181,204,2018-10-22 03:00:00,24,0.205,0.2843,0.7883,0.2204,0.3263,0.6343,0.1896,0.235,0.9423
182,205,2018-10-22 04:00:00,24,0.2075,0.2851,0.7995,0.2226,0.327,0.6573,0.1925,0.2358,0.9416
183,206,2018-10-22 05:00:00,24,0.2051,0.2842,0.8067,0.2207,0.3266,0.6739,0.1896,0.2341,0.9395
184,207,2018-10-22 06:00:00,24,0.2074,0.2845,0.8086,0.2242,0.3271,0.6825,0.1906,0.2342,0.9346
185,208,2018-10-22 07:00:00,24,0.2068,0.2841,0.8088,0.226,0.3273,0.6914,0.1875,0.233,0.9263
186,209,2018-10-22 08:00:00,24,0.2116,0.2875,0.8019,0.2353,0.3329,0.7018,0.188,0.2336,0.9021
187,210,2018-10-22 09:00:00,24,0.2099,0.2865,0.7847,0.2262,0.3275,0.7196,0.1936,0.2385,0.8498
188,211,2018-10-22 10:00:00,24,0.2033,0.2824,0.7482,0.2205,0.3255,0.72,0.1862,0.2314,0.7763
189,212,2018-10-22 11:00:00,24,0.1953,0.2767,0.6734,0.2158,0.323,0.7001,0.1747,0.2209,0.6467
190,213,2018-10-22 12:00:00,24,0.1874,0.2686,0.5684,0.2138,0.3219,0.6396,0.161,0.2017,0.4972
191,214,2018-10-22 13:00:00,24,0.1824,0.2629,0.4209,0.2134,0.3218,0.5027,0.1513,0.1862,0.3391
192,215,2018-10-22 14:00:00,24,0.1777,0.2546,0.2806,0.2174,0.3228,0.1018,0.1381,0.1595,0.4594
193,216,2018-10-22 15:00:00,24,0.1716,0.2402,0.3005,0.2035,0.2987,0.1163,0.1397,0.1619,0.4846
194,217,2018-10-22 16:00:00,24,0.1761,0.2431,0.2043,0.2091,0.3018,-0.1368,0.143,0.1646,0.5453
195,218,2018-10-22 17:00:00,24,0.1759,0.2421,0.2725,0.2061,0.2992,-0.0787,0.1457,0.1664,0.6236
196,219,2018-10-22 18:00:00,24,0.1519,0.19,0.6244,0.1706,0.2225,0.5046,0.1332,0.1507,0.7441
197,220,2018-10-22 19:00:00,24,0.1562,0.1924,0.6404,0.171,0.2229,0.5375,0.1414,0.1561,0.7432
198,221,2018-10-22 20:00:00,24,0.1516,0.1887,0.6652,0.1668,0.2191,0.5633,0.1365,0.1524,0.767
199,222,2018-10-22 21:00:00,24,0.1485,0.1872,0.68,0.1668,0.2191,0.5802,0.1302,0.1486,0.7799
200,223,2018-10-22 22:00:00,24,0.135,0.1642,0.7452,0.141,0.1789,0.704,0.1289,0.148,0.7863
201,224,2018-10-22 23:00:00,24,0.1305,0.1575,0.7722,0.131,0.1654,0.7487,0.1301,0.1491,0.7958
202,225,2018-10-23 00:00:00,24,0.132,0.1576,0.7853,0.1357,0.1675,0.7499,0.1282,0.1471,0.8207
203,226,2018-10-23 01:00:00,24,0.1373,0.1651,0.7701,0.1495,0.1821,0.7046,0.1251,0.1462,0.8357
204,227,2018-10-23 02:00:00,24,0.1411,0.1694,0.7595,0.15,0.1821,0.7043,0.1321,0.1556,0.8148
205,228,2018-10-23 03:00:00,24,0.1398,0.1689,0.7594,0.1389,0.1719,0.7269,0.1406,0.1657,0.7919
206,229,2018-10-23 04:00:00,24,0.1415,0.1725,0.7456,0.1341,0.1698,0.7123,0.1488,0.1752,0.7788
207,230,2018-10-23 05:00:00,24,0.1492,0.1824,0.7329,0.1368,0.171,0.6916,0.1617,0.1932,0.7742
208,231,2018-10-23 06:00:00,24,0.1553,0.189,0.7434,0.1364,0.1708,0.6816,0.1743,0.2056,0.8052
209,232,2018-10-23 07:00:00,24,0.1591,0.1931,0.7556,0.1344,0.1704,0.6671,0.1839,0.2134,0.844
210,233,2018-10-23 08:00:00,24,0.1555,0.1886,0.7638,0.1279,0.1614,0.6427,0.1831,0.2124,0.8849
211,234,2018-10-23 09:00:00,24,0.1547,0.187,0.7318,0.1322,0.165,0.5494,0.1773,0.2067,0.9143
212,235,2018-10-23 10:00:00,24,0.1595,0.1912,0.662,0.1422,0.1747,0.3974,0.1768,0.2064,0.9266
213,236,2018-10-23 11:00:00,24,0.1682,0.2,0.6404,0.15,0.1839,0.3542,0.1865,0.2149,0.9266
214,237,2018-10-23 12:00:00,24,0.1708,0.2027,0.6083,0.1549,0.1896,0.2857,0.1866,0.215,0.9308
215,238,2018-10-23 13:00:00,24,0.1687,0.2012,0.615,0.1559,0.19,0.2932,0.1815,0.2118,0.9369
216,239,2018-10-23 14:00:00,24,0.166,0.2002,0.6091,0.158,0.1917,0.2762,0.1741,0.2083,0.9419
217,240,2018-10-23 15:00:00,24,0.1648,0.2054,0.5836,0.1654,0.2088,0.22,0.1643,0.2019,0.9471
218,241,2018-10-23 16:00:00,24,0.1615,0.2028,0.6696,0.1624,0.206,0.3903,0.1607,0.1996,0.9489
219,242,2018-10-23 17:00:00,24,0.1563,0.1998,0.708,0.1537,0.2011,0.4669,0.1589,0.1985,0.9491
220,243,2018-10-23 18:00:00,24,0.1592,0.2015,0.6762,0.1546,0.2018,0.4056,0.1638,0.2011,0.9469
221,244,2018-10-23 19:00:00,24,0.1579,0.1999,0.7104,0.1523,0.1991,0.4734,0.1634,0.2007,0.9475
222,245,2018-10-23 20:00:00,24,0.1602,0.2014,0.7505,0.1511,0.1983,0.5546,0.1693,0.2045,0.9464
223,246,2018-10-23 21:00:00,24,0.1615,0.2021,0.7566,0.1541,0.1998,0.5671,0.169,0.2044,0.9461
224,247,2018-10-23 22:00:00,24,0.162,0.2022,0.758,0.1557,0.2,0.5719,0.1683,0.2043,0.9441
225,248,2018-10-23 23:00:00,24,0.1594,0.201,0.7616,0.1525,0.1988,0.5833,0.1663,0.2031,0.9398
226,249,2018-10-24 00:00:00,24,0.1582,0.2005,0.7509,0.1498,0.1975,0.5717,0.1667,0.2034,0.9301
227,250,2018-10-24 01:00:00,24,0.1582,0.1974,0.7741,0.1421,0.1871,0.6367,0.1744,0.2072,0.9115
228,251,2018-10-24 02:00:00,24,0.1591,0.1976,0.7725,0.1436,0.1874,0.6475,0.1745,0.2073,0.8975
229,252,2018-10-24 03:00:00,24,0.157,0.1951,0.7766,0.1437,0.1875,0.6593,0.1704,0.2024,0.8939
230,253,2018-10-24 04:00:00,24,0.1596,0.1969,0.7844,0.1472,0.1886,0.6737,0.172,0.2049,0.8951
231,254,2018-10-24 05:00:00,24,0.1568,0.1918,0.7999,0.1475,0.1888,0.6814,0.1661,0.1949,0.9185
232,255,2018-10-24 06:00:00,24,0.1523,0.1862,0.8155,0.1472,0.1886,0.6918,0.1574,0.1838,0.9391
233,256,2018-10-24 07:00:00,24,0.1481,0.1821,0.8264,0.1468,0.1886,0.6998,0.1495,0.1753,0.953
234,257,2018-10-24 08:00:00,24,0.1441,0.1784,0.8413,0.1464,0.1883,0.7209,0.1418,0.168,0.9618
235,258,2018-10-24 09:00:00,24,0.1423,0.1779,0.8416,0.1473,0.1892,0.7168,0.1374,0.1658,0.9665
236,259,2018-10-24 10:00:00,24,0.1376,0.1731,0.8432,0.1393,0.1811,0.7178,0.1359,0.1648,0.9687
237,260,2018-10-24 11:00:00,24,0.1353,0.1712,0.7712,0.1419,0.1859,0.5703,0.1286,0.1551,0.9722
238,261,2018-10-24 12:00:00,24,0.1375,0.1736,0.7266,0.1411,0.1847,0.4854,0.1338,0.1616,0.9678
239,262,2018-10-24 13:00:00,24,0.1457,0.182,0.6613,0.1501,0.1942,0.3609,0.1413,0.169,0.9616
240,263,2018-10-24 14:00:00,24,0.1435,0.1804,0.6628,0.1452,0.1911,0.3685,0.1418,0.169,0.9572
241,264,2018-10-24 15:00:00,24,0.1358,0.1633,0.8148,0.1247,0.1549,0.68,0.1469,0.1713,0.9495
242,265,2018-10-24 16:00:00,24,0.1401,0.1679,0.8181,0.1263,0.1568,0.6992,0.1539,0.1783,0.9369
243,266,2018-10-24 17:00:00,24,0.1455,0.1715,0.8087,0.1327,0.1603,0.6924,0.1582,0.1819,0.9251
244,267,2018-10-24 18:00:00,24,0.1435,0.1707,0.8129,0.1274,0.157,0.7082,0.1596,0.1834,0.9176
245,268,2018-10-24 19:00:00,24,0.138,0.1662,0.8218,0.1221,0.1518,0.7254,0.1539,0.1795,0.9182
246,269,2018-10-24 20:00:00,24,0.1357,0.1646,0.819,0.1193,0.1502,0.7198,0.1522,0.1778,0.9182
247,270,2018-10-24 21:00:00,24,0.1356,0.1642,0.8219,0.1149,0.1476,0.7269,0.1563,0.1792,0.9169
248,271,2018-10-24 22:00:00,24,0.1373,0.1651,0.8174,0.1188,0.1499,0.7172,0.1558,0.1791,0.9176
249,272,2018-10-24 23:00:00,24,0.1355,0.1646,0.819,0.1185,0.1498,0.7177,0.1524,0.1781,0.9203
250,273,2018-10-25 00:00:00,24,0.1342,0.164,0.8232,0.1168,0.1493,0.7209,0.1515,0.1775,0.9255
251,274,2018-10-25 01:00:00,24,0.1346,0.1662,0.8093,0.1227,0.1583,0.686,0.1465,0.1737,0.9327
252,275,2018-10-25 02:00:00,24,0.1316,0.1622,0.8168,0.1226,0.1583,0.6926,0.1406,0.1661,0.9411
253,276,2018-10-25 03:00:00,24,0.132,0.1632,0.8194,0.1219,0.1582,0.6985,0.1422,0.1681,0.9403
254,277,2018-10-25 04:00:00,24,0.1278,0.1588,0.8231,0.1178,0.1568,0.702,0.1379,0.1607,0.9442
255,278,2018-10-25 05:00:00,24,0.1247,0.1551,0.8323,0.116,0.1557,0.7197,0.1334,0.1545,0.945
256,279,2018-10-25 06:00:00,24,0.1255,0.1569,0.8317,0.114,0.1551,0.7273,0.1369,0.1587,0.9361
257,280,2018-10-25 07:00:00,24,0.135,0.1722,0.8204,0.1162,0.1555,0.7359,0.1537,0.1873,0.9048
258,281,2018-10-25 08:00:00,24,0.1373,0.1743,0.8141,0.1146,0.1542,0.7287,0.16,0.1922,0.8994
259,282,2018-10-25 09:00:00,24,0.1375,0.1738,0.8148,0.1132,0.1525,0.7301,0.1618,0.1927,0.8995
260,283,2018-10-25 10:00:00,24,0.1376,0.174,0.8127,0.1146,0.1535,0.7215,0.1606,0.1923,0.904
261,284,2018-10-25 11:00:00,24,0.1331,0.1684,0.8348,0.1095,0.1428,0.7588,0.1567,0.1906,0.9108
262,285,2018-10-25 12:00:00,24,0.1273,0.1619,0.8498,0.1025,0.1341,0.7793,0.1521,0.1856,0.9204
263,286,2018-10-25 13:00:00,24,0.1236,0.1574,0.8373,0.1014,0.1316,0.7452,0.1458,0.1795,0.9294
264,287,2018-10-25 14:00:00,24,0.1286,0.162,0.8032,0.1101,0.1421,0.6732,0.147,0.1798,0.9332
265,288,2018-10-25 15:00:00,24,0.1262,0.1608,0.7591,0.1101,0.1422,0.58,0.1422,0.1776,0.9382
266,289,2018-10-25 16:00:00,24,0.1227,0.1567,0.7196,0.1084,0.1399,0.4958,0.1371,0.1718,0.9434
267,290,2018-10-25 17:00:00,24,0.1195,0.1545,0.703,0.1026,0.1361,0.4627,0.1364,0.171,0.9432
268,291,2018-10-25 18:00:00,24,0.1155,0.1518,0.6732,0.1027,0.1361,0.4021,0.1283,0.1661,0.9442
269,292,2018-10-25 19:00:00,24,0.1187,0.1551,0.6219,0.1089,0.1432,0.3035,0.1285,0.1661,0.9403
270,293,2018-10-25 20:00:00,24,0.119,0.1565,0.6135,0.1068,0.1427,0.2916,0.1311,0.1691,0.9354
271,294,2018-10-25 21:00:00,24,0.117,0.1558,0.6174,0.1072,0.1428,0.3035,0.1269,0.1677,0.9313
272,295,2018-10-25 22:00:00,24,0.1161,0.1549,0.5905,0.1039,0.1406,0.258,0.1283,0.168,0.923
273,296,2018-10-25 23:00:00,24,0.1202,0.1577,0.5365,0.104,0.1407,0.1677,0.1364,0.1732,0.9052
274,297,2018-10-26 00:00:00,24,0.123,0.1604,0.436,0.1048,0.1409,-0.0037,0.1412,0.1779,0.8758
275,298,2018-10-26 01:00:00,24,0.1231,0.1622,0.4529,0.1068,0.1454,0.0644,0.1394,0.1774,0.8413
276,299,2018-10-26 02:00:00,24,0.1239,0.1641,0.4703,0.1048,0.1449,0.1602,0.143,0.1813,0.7803
277,300,2018-10-26 03:00:00,24,0.1271,0.1673,0.4362,0.1078,0.146,0.1782,0.1464,0.1862,0.6943
278,301,2018-10-26 04:00:00,24,0.127,0.1663,0.4317,0.1094,0.1462,0.227,0.1445,0.1841,0.6363
279,302,2018-10-26 05:00:00,24,0.1282,0.1693,0.4248,0.1068,0.1455,0.2713,0.1497,0.1902,0.5783
280,303,2018-10-26 06:00:00,24,0.1292,0.1709,0.4586,0.1065,0.1454,0.3036,0.1519,0.1931,0.6136
281,304,2018-10-26 07:00:00,24,0.1269,0.1654,0.5509,0.106,0.1452,0.3415,0.1477,0.1833,0.7603
282,305,2018-10-26 08:00:00,24,0.1276,0.1657,0.5776,0.1085,0.1476,0.3243,0.1466,0.182,0.8309
283,306,2018-10-26 09:00:00,24,0.1256,0.1643,0.6029,0.1055,0.1448,0.3367,0.1457,0.1817,0.8691
284,307,2018-10-26 10:00:00,24,0.1221,0.163,0.6255,0.1004,0.1424,0.359,0.1437,0.1813,0.892
285,308,2018-10-26 11:00:00,24,0.1292,0.172,0.6117,0.1067,0.1558,0.3274,0.1517,0.1868,0.896
286,309,2018-10-26 12:00:00,24,0.133,0.1762,0.6651,0.1088,0.1574,0.437,0.1571,0.1931,0.8933
287,310,2018-10-26 13:00:00,24,0.1358,0.1797,0.7619,0.1043,0.1508,0.6432,0.1673,0.2045,0.8805
288,311,2018-10-26 14:00:00,24,0.1373,0.1813,0.8004,0.0963,0.1412,0.7314,0.1782,0.214,0.8693
289,312,2018-10-26 15:00:00,24,0.1421,0.1839,0.8198,0.0992,0.1431,0.7728,0.1849,0.2172,0.8669
290,313,2018-10-26 16:00:00,24,0.1603,0.2181,0.708,0.121,0.1972,0.565,0.1995,0.2371,0.8511
291,314,2018-10-26 17:00:00,24,0.1657,0.2234,0.6925,0.1357,0.2116,0.5227,0.1956,0.2347,0.8622
292,315,2018-10-26 18:00:00,24,0.1671,0.2238,0.7061,0.1351,0.2115,0.5412,0.1992,0.2355,0.8711
293,316,2018-10-26 19:00:00,24,0.1634,0.2214,0.727,0.1282,0.2065,0.5762,0.1986,0.2353,0.8778
294,317,2018-10-26 20:00:00,24,0.1626,0.2201,0.7294,0.1339,0.2085,0.5709,0.1913,0.2311,0.8879
295,318,2018-10-26 21:00:00,24,0.1625,0.22,0.733,0.1333,0.2084,0.5727,0.1916,0.2311,0.8932
296,319,2018-10-26 22:00:00,24,0.1609,0.2198,0.7372,0.1311,0.2081,0.5762,0.1906,0.2309,0.8981
297,320,2018-10-26 23:00:00,24,0.161,0.2196,0.7404,0.1321,0.2082,0.5769,0.19,0.2304,0.904
298,321,2018-10-27 00:00:00,24,0.1585,0.218,0.7449,0.1307,0.2081,0.5786,0.1863,0.2274,0.9113
299,322,2018-10-27 01:00:00,24,0.1594,0.2167,0.7436,0.1277,0.2034,0.5752,0.1912,0.2293,0.9121
300,323,2018-10-27 02:00:00,24,0.1647,0.2234,0.7289,0.1298,0.2038,0.555,0.1997,0.2415,0.9027
301,324,2018-10-27 03:00:00,24,0.1623,0.2204,0.7189,0.1316,0.2047,0.5295,0.193,0.235,0.9083
302,325,2018-10-27 04:00:00,24,0.1632,0.2211,0.7002,0.1319,0.2048,0.4932,0.1945,0.2363,0.9071
303,326,2018-10-27 05:00:00,24,0.1583,0.2174,0.6757,0.1322,0.2048,0.4398,0.1843,0.2293,0.9117
304,327,2018-10-27 06:00:00,24,0.1546,0.214,0.6455,0.134,0.2051,0.3768,0.1751,0.2224,0.9141
305,328,2018-10-27 07:00:00,24,0.1455,0.206,0.5946,0.1322,0.2049,0.271,0.1588,0.2071,0.9182
306,329,2018-10-27 08:00:00,24,0.1512,0.2129,0.5801,0.1392,0.2133,0.2592,0.1633,0.2125,0.901
307,330,2018-10-27 09:00:00,24,0.1548,0.2152,0.5843,0.1389,0.2131,0.2892,0.1707,0.2173,0.8794
308,331,2018-10-27 10:00:00,24,0.1628,0.2193,0.5376,0.1494,0.2194,0.2193,0.1762,0.2192,0.8559
309,332,2018-10-27 11:00:00,24,0.1537,0.2103,0.5769,0.1383,0.2058,0.3045,0.1692,0.2148,0.8494
310,333,2018-10-27 12:00:00,24,0.1536,0.2127,0.5698,0.1484,0.2183,0.2808,0.1588,0.207,0.8589
311,334,2018-10-27 13:00:00,24,0.1496,0.208,0.617,0.1473,0.2175,0.3601,0.1519,0.198,0.874
312,335,2018-10-27 14:00:00,24,0.1496,0.2068,0.614,0.1537,0.2222,0.3399,0.1454,0.1902,0.8881
313,336,2018-10-27 15:00:00,24,0.1506,0.2085,0.5515,0.1599,0.2278,0.2058,0.1412,0.1872,0.8972
314,337,2018-10-27 16:00:00,24,0.1312,0.1732,0.6941,0.1412,0.1863,0.4602,0.1211,0.159,0.9279
315,338,2018-10-27 17:00:00,24,0.1233,0.1644,0.7347,0.1258,0.1698,0.5403,0.1209,0.1588,0.929
316,339,2018-10-27 18:00:00,24,0.123,0.1642,0.7251,0.1263,0.1699,0.5211,0.1198,0.1583,0.9291
317,340,2018-10-27 19:00:00,24,0.129,0.1693,0.7081,0.1345,0.1778,0.4916,0.1235,0.1604,0.9247
318,341,2018-10-27 20:00:00,24,0.1348,0.1754,0.7023,0.1346,0.1779,0.498,0.135,0.173,0.9067
319,342,2018-10-27 21:00:00,24,0.1525,0.1985,0.6441,0.1483,0.1924,0.4266,0.1567,0.2044,0.8616
320,343,2018-10-27 22:00:00,24,0.1596,0.204,0.6376,0.1503,0.1927,0.4308,0.1688,0.2148,0.8444
321,344,2018-10-27 23:00:00,24,0.1583,0.2033,0.6371,0.1494,0.1925,0.4326,0.1672,0.2136,0.8417
322,345,2018-10-28 00:00:00,24,0.1588,0.2031,0.6322,0.1519,0.193,0.4293,0.1657,0.2127,0.835
323,346,2018-10-28 01:00:00,24,0.1519,0.1982,0.6456,0.1416,0.1845,0.4568,0.1623,0.211,0.8343
324,347,2018-10-28 02:00:00,24,0.1438,0.1879,0.6488,0.1403,0.1842,0.4218,0.1473,0.1916,0.8757
325,348,2018-10-28 03:00:00,24,0.1409,0.1863,0.6531,0.1389,0.1833,0.4164,0.1428,0.1893,0.8898
326,349,2018-10-28 04:00:00,24,0.1379,0.1838,0.656,0.139,0.1833,0.4092,0.1368,0.1843,0.9027
327,350,2018-10-28 05:00:00,24,0.1373,0.1838,0.6571,0.1386,0.1833,0.4055,0.1361,0.1842,0.9087
328,351,2018-10-28 06:00:00,24,0.1368,0.1837,0.657,0.1394,0.1836,0.4004,0.1343,0.1839,0.9137
329,352,2018-10-28 07:00:00,24,0.1391,0.1841,0.6568,0.1414,0.1839,0.3972,0.1368,0.1844,0.9165
330,353,2018-10-28 08:00:00,24,0.1298,0.1738,0.6539,0.1288,0.171,0.3841,0.1307,0.1766,0.9237
331,354,2018-10-28 09:00:00,24,0.1257,0.1706,0.6156,0.1276,0.1705,0.3041,0.1237,0.1707,0.9271
332,355,2018-10-28 10:00:00,24,0.1244,0.1691,0.6275,0.126,0.1682,0.3309,0.1227,0.17,0.924
333,356,2018-10-28 11:00:00,24,0.1234,0.1685,0.6474,0.124,0.167,0.3767,0.1229,0.17,0.918
334,357,2018-10-28 12:00:00,24,0.12,0.1614,0.7018,0.1152,0.1516,0.4942,0.1247,0.1706,0.9094
335,358,2018-10-28 13:00:00,24,0.1196,0.1611,0.709,0.1164,0.1529,0.5122,0.1228,0.1688,0.9058
336,359,2018-10-28 14:00:00,24,0.1215,0.1635,0.7161,0.1161,0.1524,0.5336,0.1269,0.1738,0.8986
337,360,2018-10-28 15:00:00,24,0.1237,0.1681,0.6802,0.1208,0.1624,0.4668,0.1266,0.1737,0.8937
338,361,2018-10-28 16:00:00,24,0.1257,0.1685,0.6781,0.1202,0.1615,0.4772,0.1312,0.1752,0.879
339,362,2018-10-28 17:00:00,24,0.1274,0.169,0.6715,0.1246,0.1631,0.4895,0.1301,0.1747,0.8534
340,363,2018-10-28 18:00:00,24,0.1269,0.1688,0.643,0.1252,0.1633,0.4981,0.1285,0.1743,0.7879
341,364,2018-10-28 19:00:00,24,0.1197,0.1634,0.5925,0.1159,0.1542,0.5378,0.1236,0.1722,0.6473
342,365,2018-10-28 20:00:00,24,0.1125,0.1563,0.5138,0.1099,0.1514,0.5519,0.1151,0.161,0.4756
343,366,2018-10-28 21:00:00,24,0.0959,0.1262,0.6471,0.0952,0.1323,0.6435,0.0966,0.1198,0.6507
344,367,2018-10-28 22:00:00,24,0.0899,0.1173,0.6909,0.0949,0.1322,0.6332,0.0849,0.1002,0.7486
345,368,2018-10-28 23:00:00,24,0.0867,0.1152,0.7006,0.0945,0.1321,0.6266,0.079,0.0954,0.7747
346,369,2018-10-29 00:00:00,24,0.0844,0.114,0.7081,0.0935,0.1317,0.6263,0.0752,0.093,0.7899
347,370,2018-10-29 01:00:00,24,0.0841,0.114,0.7092,0.0952,0.1324,0.6224,0.073,0.0921,0.796
348,371,2018-10-29 02:00:00,24,0.0847,0.1145,0.7045,0.0953,0.1324,0.6212,0.0742,0.0932,0.7877
349,372,2018-10-29 03:00:00,24,0.0826,0.1135,0.7064,0.0927,0.1311,0.6207,0.0725,0.0927,0.792
350,373,2018-10-29 04:00:00,24,0.0822,0.1134,0.7048,0.0942,0.1318,0.6172,0.0701,0.0914,0.7925
351,374,2018-10-29 05:00:00,24,0.0837,0.1141,0.7068,0.0973,0.133,0.6198,0.07,0.0914,0.7938
352,375,2018-10-29 06:00:00,24,0.0841,0.1141,0.709,0.0963,0.1324,0.6317,0.072,0.0922,0.7862
353,376,2018-10-29 07:00:00,24,0.0856,0.1152,0.7131,0.0969,0.1327,0.6434,0.0744,0.0947,0.7829
354,377,2018-10-29 08:00:00,24,0.0887,0.1216,0.7275,0.1087,0.1471,0.6561,0.0688,0.089,0.7989
355,378,2018-10-29 09:00:00,24,0.0916,0.1246,0.75,0.1087,0.1471,0.7037,0.0745,0.0969,0.7962
356,379,2018-10-29 10:00:00,24,0.0913,0.1254,0.7982,0.1022,0.1408,0.7613,0.0804,0.1078,0.8351
357,380,2018-10-29 11:00:00,24,0.0987,0.1371,0.7804,0.1148,0.16,0.6781,0.0827,0.1097,0.8826
358,381,2018-10-29 12:00:00,24,0.1003,0.1402,0.755,0.1188,0.1655,0.6019,0.0817,0.1091,0.9082
359,382,2018-10-29 13:00:00,24,0.0967,0.1377,0.6736,0.1165,0.1635,0.4189,0.0768,0.1057,0.9282
360,383,2018-10-29 14:00:00,24,0.093,0.1322,0.6152,0.1138,0.1602,0.2866,0.0722,0.0965,0.9439
361,384,2018-10-29 15:00:00,24,0.0875,0.121,0.6853,0.1028,0.1414,0.4266,0.0721,0.0965,0.944
362,385,2018-10-29 16:00:00,24,0.082,0.1159,0.7219,0.0946,0.1341,0.496,0.0694,0.0942,0.9477
363,386,2018-10-29 17:00:00,24,0.0848,0.1216,0.6869,0.1019,0.1444,0.4253,0.0678,0.0935,0.9484
364,387,2018-10-29 18:00:00,24,0.0866,0.1226,0.6982,0.1022,0.1445,0.4495,0.071,0.0958,0.947
365,388,2018-10-29 19:00:00,24,0.0953,0.1334,0.7102,0.1062,0.147,0.4939,0.0844,0.1182,0.9264
366,389,2018-10-29 20:00:00,24,0.0966,0.1343,0.7362,0.1069,0.147,0.5426,0.0862,0.1202,0.9298
367,390,2018-10-29 21:00:00,24,0.0968,0.1343,0.7451,0.1102,0.1481,0.5553,0.0833,0.1189,0.935
368,391,2018-10-29 22:00:00,24,0.0974,0.1349,0.7506,0.1089,0.1478,0.5677,0.0859,0.1205,0.9335
369,392,2018-10-29 23:00:00,24,0.0994,0.136,0.751,0.1082,0.1478,0.5749,0.0907,0.1231,0.9271
370,393,2018-10-30 00:00:00,24,0.1016,0.1372,0.7302,0.1116,0.1498,0.5383,0.0915,0.1233,0.9222
371,394,2018-10-30 01:00:00,24,0.1009,0.1369,0.7177,0.1103,0.1493,0.5199,0.0914,0.1233,0.9154
372,395,2018-10-30 02:00:00,24,0.0997,0.1364,0.6993,0.112,0.1499,0.4868,0.0875,0.1214,0.9118
373,396,2018-10-30 03:00:00,24,0.1001,0.1364,0.6819,0.1112,0.1497,0.4616,0.089,0.1217,0.9023
374,397,2018-10-30 04:00:00,24,0.1028,0.1389,0.663,0.1094,0.1489,0.4456,0.0963,0.1281,0.8805
375,398,2018-10-30 05:00:00,24,0.1013,0.1384,0.6548,0.1063,0.1479,0.4462,0.0962,0.1281,0.8634
376,399,2018-10-30 06:00:00,24,0.1,0.138,0.6455,0.1048,0.1476,0.4486,0.0952,0.1277,0.8424
377,400,2018-10-30 07:00:00,24,0.0988,0.1372,0.6413,0.1043,0.1474,0.4527,0.0933,0.1261,0.8299
378,401,2018-10-30 08:00:00,24,0.1,0.14,0.6399,0.1066,0.1527,0.4767,0.0933,0.1261,0.8032
379,402,2018-10-30 09:00:00,24,0.106,0.148,0.606,0.1151,0.1618,0.4095,0.0969,0.1328,0.8025
380,403,2018-10-30 10:00:00,24,0.1011,0.1433,0.628,0.113,0.1613,0.396,0.0892,0.1227,0.8601
381,404,2018-10-30 11:00:00,24,0.1017,0.1474,0.6207,0.1162,0.1696,0.3623,0.0871,0.1211,0.879
382,405,2018-10-30 12:00:00,24,0.1058,0.1519,0.6448,0.1178,0.1722,0.4246,0.0939,0.1285,0.865
383,406,2018-10-30 13:00:00,24,0.1095,0.1544,0.6589,0.1175,0.1721,0.4714,0.1014,0.1345,0.8464
384,407,2018-10-30 14:00:00,24,0.1183,0.1692,0.6696,0.1289,0.1909,0.535,0.1077,0.1444,0.8041
385,408,2018-10-30 15:00:00,24,0.1316,0.1967,0.5147,0.1526,0.2364,0.2655,0.1106,0.1466,0.7639
386,409,2018-10-30 16:00:00,24,0.136,0.1986,0.4613,0.158,0.2384,0.2135,0.114,0.1486,0.709
387,410,2018-10-30 17:00:00,24,0.1358,0.1967,0.4421,0.1518,0.2328,0.2574,0.1198,0.1521,0.6267
388,411,2018-10-30 18:00:00,24,0.1448,0.2059,0.3774,0.1654,0.2454,0.1992,0.1243,0.1567,0.5555
389,412,2018-10-30 19:00:00,24,0.1435,0.2036,0.416,0.1704,0.2494,0.1576,0.1165,0.144,0.6744
390,413,2018-10-30 20:00:00,24,0.1441,0.2042,0.4387,0.1705,0.2494,0.1387,0.1177,0.1455,0.7387
391,414,2018-10-30 21:00:00,24,0.1512,0.2089,0.4389,0.1761,0.2528,0.1448,0.1264,0.1528,0.7329
392,415,2018-10-30 22:00:00,24,0.1536,0.211,0.4383,0.1756,0.2528,0.1708,0.1316,0.1584,0.7058
393,416,2018-10-30 23:00:00,24,0.1556,0.2114,0.4217,0.1806,0.254,0.1613,0.1306,0.1577,0.6821
394,417,2018-10-31 00:00:00,24,0.154,0.2108,0.4174,0.1761,0.2527,0.1801,0.1319,0.1581,0.6546
395,418,2018-10-31 01:00:00,24,0.1543,0.2108,0.4012,0.1752,0.2526,0.1875,0.1335,0.1584,0.615
396,419,2018-10-31 02:00:00,24,0.1538,0.2107,0.3858,0.1728,0.2522,0.1967,0.1347,0.1586,0.5749
397,420,2018-10-31 03:00:00,24,0.1529,0.2106,0.3666,0.1726,0.2522,0.199,0.1332,0.1584,0.5342
398,421,2018-10-31 04:00:00,24,0.1488,0.2086,0.3829,0.1724,0.2521,0.2073,0.1253,0.1532,0.5585
399,422,2018-10-31 05:00:00,24,0.1497,0.2087,0.3892,0.1729,0.2522,0.2181,0.1264,0.1535,0.5603
400,423,2018-10-31 06:00:00,24,0.1507,0.2091,0.3893,0.1723,0.2521,0.2277,0.1291,0.1546,0.5509
401,424,2018-10-31 07:00:00,24,0.1506,0.2093,0.3961,0.1708,0.2519,0.2441,0.1305,0.1555,0.548
402,425,2018-10-31 08:00:00,24,0.1471,0.205,0.4172,0.1648,0.2448,0.286,0.1294,0.1554,0.5483
403,426,2018-10-31 09:00:00,24,0.1405,0.1985,0.4622,0.1579,0.2394,0.3414,0.123,0.1466,0.583
404,427,2018-10-31 10:00:00,24,0.143,0.1993,0.4751,0.1619,0.2404,0.3803,0.1241,0.1472,0.5699
405,428,2018-10-31 11:00:00,24,0.141,0.1938,0.4786,0.1558,0.2305,0.4097,0.1261,0.1484,0.5475
406,429,2018-10-31 12:00:00,24,0.1367,0.1899,0.4463,0.1536,0.2277,0.3136,0.1199,0.1424,0.5791
407,430,2018-10-31 13:00:00,24,0.1324,0.1874,0.41,0.1512,0.2268,0.214,0.1137,0.137,0.6061
408,431,2018-10-31 14:00:00,24,0.1295,0.1856,0.1936,0.1532,0.2308,-0.2112,0.1058,0.1249,0.5984
409,432,2018-10-31 15:00:00,24,0.1196,0.1604,0.5071,0.1278,0.183,0.4562,0.1113,0.1339,0.5581
410,433,2018-10-31 16:00:00,24,0.1199,0.163,0.6187,0.122,0.1803,0.5911,0.1178,0.1436,0.6463
411,434,2018-10-31 17:00:00,24,0.1218,0.1649,0.6887,0.1247,0.1829,0.6143,0.1188,0.1447,0.7632
412,435,2018-10-31 18:00:00,24,0.1127,0.1532,0.761,0.1125,0.1663,0.685,0.1129,0.1388,0.8371
413,436,2018-10-31 19:00:00,24,0.1071,0.1477,0.7958,0.1052,0.1586,0.7195,0.1091,0.1358,0.8721
414,437,2018-10-31 20:00:00,24,0.1068,0.1465,0.7994,0.109,0.1602,0.7151,0.1046,0.1313,0.8836
415,438,2018-10-31 21:00:00,24,0.1012,0.1404,0.8141,0.1031,0.1546,0.73,0.0993,0.1245,0.8981
416,439,2018-10-31 22:00:00,24,0.0993,0.1373,0.8203,0.1044,0.1547,0.7232,0.0943,0.1173,0.9173
417,440,2018-10-31 23:00:00,24,0.0967,0.1359,0.8285,0.1002,0.1528,0.7301,0.0931,0.1165,0.9268
418,441,2018-11-01 00:00:00,24,0.097,0.136,0.8318,0.1027,0.1536,0.7295,0.0914,0.1158,0.9342
419,442,2018-11-01 01:00:00,24,0.0978,0.1363,0.8325,0.1044,0.1541,0.7252,0.0913,0.1158,0.9398
420,443,2018-11-01 02:00:00,24,0.1008,0.1377,0.8307,0.1072,0.1549,0.7212,0.0944,0.118,0.9402
421,444,2018-11-01 03:00:00,24,0.1015,0.1378,0.8299,0.1083,0.1551,0.7174,0.0948,0.118,0.9425
422,445,2018-11-01 04:00:00,24,0.1015,0.1378,0.8265,0.1081,0.1551,0.709,0.0949,0.118,0.944
423,446,2018-11-01 05:00:00,24,0.1018,0.1381,0.8191,0.1104,0.1558,0.6928,0.0932,0.1176,0.9455
424,447,2018-11-01 06:00:00,24,0.1054,0.1413,0.8067,0.1122,0.1562,0.6763,0.0985,0.1247,0.937
425,448,2018-11-01 07:00:00,24,0.1048,0.1408,0.7943,0.1132,0.1563,0.6534,0.0964,0.1233,0.9352
426,449,2018-11-01 08:00:00,24,0.1086,0.1467,0.7432,0.1189,0.1667,0.5563,0.0983,0.1236,0.9301
427,450,2018-11-01 09:00:00,24,0.113,0.1526,0.6964,0.1207,0.168,0.49,0.1054,0.1354,0.9029
428,451,2018-11-01 10:00:00,24,0.1122,0.1521,0.6304,0.1206,0.168,0.3814,0.1038,0.1344,0.8795
429,452,2018-11-01 11:00:00,24,0.1084,0.1482,0.6156,0.1173,0.1624,0.3796,0.0996,0.1325,0.8516
430,453,2018-11-01 12:00:00,24,0.102,0.1433,0.6294,0.107,0.1539,0.4544,0.097,0.1318,0.8045
431,454,2018-11-01 13:00:00,24,0.1032,0.1447,0.5841,0.105,0.1535,0.4659,0.1015,0.1353,0.7023
432,455,2018-11-01 14:00:00,24,0.0923,0.1259,0.5884,0.0863,0.1176,0.6506,0.0983,0.1336,0.5263
433,456,2018-11-01 15:00:00,24,0.0873,0.1195,0.5324,0.0865,0.1177,0.5711,0.0882,0.1212,0.4936
434,457,2018-11-01 16:00:00,24,0.0838,0.1137,0.5256,0.0913,0.1206,0.4591,0.0764,0.1065,0.5921
435,458,2018-11-01 17:00:00,24,0.0768,0.1069,0.5955,0.0844,0.1135,0.5375,0.0692,0.0997,0.6534
436,459,2018-11-01 18:00:00,24,0.0764,0.1069,0.6336,0.0854,0.1145,0.6127,0.0673,0.0988,0.6545
437,460,2018-11-01 19:00:00,24,0.0745,0.106,0.6704,0.0834,0.1135,0.6865,0.0655,0.098,0.6544
438,461,2018-11-01 20:00:00,24,0.0765,0.1119,0.678,0.0789,0.1112,0.7474,0.074,0.1127,0.6087
439,462,2018-11-01 21:00:00,24,0.0805,0.1173,0.6939,0.0856,0.1202,0.706,0.0755,0.1144,0.6818
440,463,2018-11-01 22:00:00,24,0.0821,0.1192,0.6885,0.0856,0.1202,0.7058,0.0785,0.1181,0.6711
441,464,2018-11-01 23:00:00,24,0.0869,0.1265,0.6324,0.0856,0.1202,0.7039,0.0881,0.1325,0.561
442,465,2018-11-02 00:00:00,24,0.0891,0.1292,0.6061,0.0827,0.1191,0.6917,0.0954,0.1385,0.5204
443,466,2018-11-02 01:00:00,24,0.0909,0.1311,0.6126,0.0811,0.1186,0.6821,0.1007,0.1425,0.5431
444,467,2018-11-02 02:00:00,24,0.0891,0.1303,0.6437,0.0781,0.1174,0.6514,0.1001,0.142,0.6361
445,468,2018-11-02 03:00:00,24,0.0901,0.1308,0.6616,0.0772,0.1172,0.6152,0.103,0.1431,0.7079
446,469,2018-11-02 04:00:00,24,0.0908,0.131,0.673,0.0767,0.1171,0.5797,0.105,0.1435,0.7662
447,470,2018-11-02 05:00:00,24,0.0897,0.1305,0.6846,0.0739,0.116,0.5659,0.1055,0.1436,0.8033
448,471,2018-11-02 06:00:00,24,0.0893,0.1293,0.6599,0.0749,0.1165,0.4944,0.1037,0.1409,0.8254
449,472,2018-11-02 07:00:00,24,0.0902,0.1302,0.5985,0.074,0.1163,0.3698,0.1065,0.1428,0.8271
450,473,2018-11-02 08:00:00,24,0.0876,0.1256,0.7126,0.0705,0.1061,0.5916,0.1047,0.1425,0.8335
451,474,2018-11-02 09:00:00,24,0.0836,0.1193,0.7463,0.0678,0.1032,0.6421,0.0995,0.1335,0.8506
452,475,2018-11-02 10:00:00,24,0.0865,0.1221,0.729,0.0706,0.1069,0.6185,0.1024,0.1356,0.8394
453,476,2018-11-02 11:00:00,24,0.089,0.1236,0.6929,0.0706,0.1068,0.562,0.1075,0.1384,0.8237
454,477,2018-11-02 12:00:00,24,0.0919,0.1246,0.6478,0.0732,0.1078,0.4829,0.1107,0.1393,0.8128
455,478,2018-11-02 13:00:00,24,0.0891,0.1225,0.6025,0.0737,0.1078,0.3863,0.1045,0.1356,0.8187
456,479,2018-11-02 14:00:00,24,0.0969,0.1303,0.5788,0.0822,0.1181,0.3469,0.1116,0.1414,0.8107
457,480,2018-11-02 15:00:00,24,0.0967,0.1301,0.6112,0.0815,0.1177,0.4115,0.1119,0.1415,0.8109
458,481,2018-11-02 16:00:00,24,0.1042,0.1439,0.4621,0.0946,0.1461,0.1187,0.1138,0.1418,0.8054
459,482,2018-11-02 17:00:00,24,0.1077,0.1464,0.4321,0.1009,0.1508,0.0658,0.1146,0.1419,0.7984
460,483,2018-11-02 18:00:00,24,0.1067,0.1457,0.4352,0.098,0.1492,0.0765,0.1154,0.1421,0.7938
461,484,2018-11-02 19:00:00,24,0.107,0.1458,0.4264,0.099,0.1496,0.0647,0.1149,0.142,0.7881
462,485,2018-11-02 20:00:00,24,0.1055,0.142,0.3878,0.1019,0.1503,0.0094,0.1092,0.1331,0.7663
463,486,2018-11-02 21:00:00,24,0.1017,0.1383,0.3611,0.0936,0.1425,0.1075,0.1099,0.1339,0.6148
464,487,2018-11-02 22:00:00,24,0.0979,0.1357,0.262,0.093,0.1424,0.1141,0.1027,0.1287,0.4099
465,488,2018-11-02 23:00:00,24,0.0943,0.1295,0.2853,0.0964,0.1438,0.1298,0.0922,0.1134,0.4407
466,489,2018-11-03 00:00:00,24,0.0949,0.1286,0.3353,0.1007,0.1456,0.1885,0.0892,0.109,0.4821
467,490,2018-11-03 01:00:00,24,0.0931,0.1267,0.3999,0.1018,0.1459,0.2205,0.0845,0.1039,0.5793
468,491,2018-11-03 02:00:00,24,0.0941,0.1275,0.431,0.102,0.1459,0.2399,0.0861,0.1059,0.622
469,492,2018-11-03 03:00:00,24,0.0973,0.1304,0.4688,0.1039,0.1464,0.2667,0.0908,0.112,0.6709
470,493,2018-11-03 04:00:00,24,0.097,0.1303,0.497,0.1035,0.1464,0.2758,0.0904,0.1118,0.7182
471,494,2018-11-03 05:00:00,24,0.0974,0.1304,0.5072,0.1032,0.1464,0.2708,0.0915,0.1121,0.7436
472,495,2018-11-03 06:00:00,24,0.0956,0.1291,0.5413,0.1011,0.1457,0.2799,0.0901,0.11,0.8027
473,496,2018-11-03 07:00:00,24,0.0958,0.1289,0.5557,0.1024,0.146,0.2609,0.0893,0.1091,0.8505
474,497,2018-11-03 08:00:00,24,0.0992,0.1307,0.4727,0.0987,0.14,0.0778,0.0997,0.1207,0.8677
475,498,2018-11-03 09:00:00,24,0.1045,0.1385,0.251,0.1036,0.1448,-0.3912,0.1054,0.1318,0.8931
476,499,2018-11-03 10:00:00,24,0.103,0.1372,0.176,0.0997,0.1414,-0.5692,0.1063,0.1328,0.9212
477,500,2018-11-03 11:00:00,24,0.0999,0.1352,0.2722,0.0901,0.1332,-0.3928,0.1097,0.1371,0.9371
478,501,2018-11-03 12:00:00,24,0.1032,0.1385,0.3529,0.0962,0.1396,-0.2433,0.1101,0.1374,0.9491
479,502,2018-11-03 13:00:00,24,0.1122,0.1467,0.2538,0.1072,0.1511,-0.4476,0.1172,0.1421,0.9552
480,503,2018-11-03 14:00:00,24,0.1082,0.142,0.2414,0.1028,0.1456,-0.4803,0.1137,0.1382,0.963
481,504,2018-11-03 15:00:00,24,0.11,0.1431,0.1808,0.1056,0.1476,-0.6049,0.1145,0.1385,0.9666
482,505,2018-11-03 16:00:00,24,0.1033,0.1301,0.2618,0.0872,0.1167,-0.4445,0.1194,0.1422,0.9681
483,506,2018-11-03 17:00:00,24,0.1053,0.1324,0.2635,0.0822,0.1112,-0.4408,0.1283,0.1506,0.9679
484,507,2018-11-03 18:00:00,24,0.1083,0.1343,0.278,0.0864,0.1147,-0.4137,0.1302,0.1514,0.9698
485,508,2018-11-03 19:00:00,24,0.1164,0.1421,0.1975,0.0915,0.12,-0.5734,0.1413,0.1612,0.9683
486,509,2018-11-03 20:00:00,24,0.1159,0.1428,0.1152,0.0887,0.1191,-0.7398,0.1431,0.1631,0.9701
487,510,2018-11-03 21:00:00,24,0.1151,0.142,0.0181,0.089,0.1192,-0.9366,0.1412,0.1615,0.9729
488,511,2018-11-03 22:00:00,24,0.1184,0.1436,-0.0322,0.0901,0.1196,-1.038,0.1468,0.1641,0.9735
489,512,2018-11-03 23:00:00,24,0.1165,0.1428,-0.006,0.0869,0.1178,-0.9861,0.1461,0.164,0.9741
490,513,2018-11-04 00:00:00,24,0.1167,0.1451,0.0235,0.0824,0.1155,-0.926,0.1511,0.1696,0.9731
491,514,2018-11-04 01:00:00,24,0.1158,0.1448,0.0251,0.0815,0.1153,-0.923,0.15,0.1693,0.9732
492,515,2018-11-04 02:00:00,24,0.1143,0.1437,0.026,0.084,0.1162,-0.9216,0.1446,0.1668,0.9735
493,516,2018-11-04 03:00:00,24,0.1119,0.1416,0.0298,0.0829,0.1157,-0.9145,0.141,0.1634,0.9742
494,517,2018-11-04 04:00:00,24,0.1129,0.1419,0.0447,0.0857,0.1167,-0.8838,0.1402,0.1632,0.9732
495,518,2018-11-04 05:00:00,24,0.1122,0.1418,0.0628,0.086,0.1167,-0.8456,0.1384,0.163,0.9712
496,519,2018-11-04 06:00:00,24,0.1123,0.142,0.0954,0.0857,0.1167,-0.7781,0.139,0.1635,0.9688
497,520,2018-11-04 07:00:00,24,0.1105,0.1412,0.1555,0.0856,0.1167,-0.655,0.1354,0.162,0.966
498,521,2018-11-04 08:00:00,24,0.1031,0.134,0.047,0.0787,0.1102,-0.8722,0.1275,0.1541,0.9662
499,522,2018-11-04 09:00:00,24,0.0958,0.1244,0.1366,0.0759,0.1059,-0.6961,0.1158,0.1404,0.9693
500,523,2018-11-04 10:00:00,24,0.0982,0.1272,0.2321,0.0781,0.108,-0.4994,0.1184,0.1438,0.9636
501,524,2018-11-04 11:00:00,24,0.103,0.1316,0.493,0.0864,0.1156,0.0293,0.1196,0.1459,0.9567
502,525,2018-11-04 12:00:00,24,0.1085,0.142,0.7061,0.0844,0.1122,0.4797,0.1327,0.1666,0.9324
503,526,2018-11-04 13:00:00,24,0.1067,0.1415,0.8323,0.0746,0.0966,0.7523,0.1387,0.1753,0.9124
504,527,2018-11-04 14:00:00,24,0.1091,0.1456,0.8659,0.0723,0.094,0.8391,0.1458,0.1832,0.8928
505,528,2018-11-04 15:00:00,24,0.1109,0.1497,0.882,0.0668,0.0897,0.8857,0.155,0.1918,0.8783
506,529,2018-11-04 16:00:00,24,0.1107,0.1487,0.8954,0.0695,0.0907,0.906,0.1519,0.1897,0.8848
507,530,2018-11-04 17:00:00,24,0.1075,0.145,0.9102,0.0698,0.0909,0.9175,0.1451,0.1838,0.903
508,531,2018-11-04 19:00:00,24,0.1083,0.1463,0.9124,0.0723,0.0956,0.9135,0.1443,0.1834,0.9113
509,532,2018-11-04 20:00:00,24,0.1044,0.1411,0.9217,0.0699,0.0918,0.9201,0.1388,0.1772,0.9233
510,533,2018-11-04 21:00:00,24,0.1066,0.142,0.9202,0.0743,0.0944,0.9137,0.1389,0.1772,0.9268
511,534,2018-11-04 22:00:00,24,0.1061,0.1421,0.9208,0.0728,0.0939,0.9132,0.1394,0.1776,0.9283
512,535,2018-11-04 23:00:00,24,0.1064,0.142,0.9187,0.0758,0.0966,0.9067,0.1371,0.176,0.9308
513,536,2018-11-05 00:00:00,24,0.1099,0.145,0.9158,0.0755,0.0965,0.9048,0.1442,0.1809,0.9267
514,537,2018-11-05 01:00:00,24,0.1057,0.1406,0.9168,0.0759,0.0966,0.9025,0.1355,0.1739,0.9311
515,538,2018-11-05 02:00:00,24,0.1057,0.1407,0.9139,0.077,0.097,0.8983,0.1344,0.1738,0.9295
516,539,2018-11-05 03:00:00,24,0.1087,0.1427,0.9093,0.0765,0.0967,0.8936,0.141,0.1772,0.925
517,540,2018-11-05 04:00:00,24,0.1074,0.142,0.9061,0.0771,0.097,0.889,0.1377,0.1759,0.9231
518,541,2018-11-05 05:00:00,24,0.1063,0.1416,0.902,0.0753,0.096,0.8841,0.1373,0.1758,0.9199
519,542,2018-11-05 06:00:00,24,0.1083,0.1424,0.8952,0.0751,0.0959,0.8749,0.1416,0.1771,0.9155
520,543,2018-11-05 07:00:00,24,0.1081,0.1415,0.8872,0.0778,0.0973,0.8622,0.1384,0.1749,0.9122
521,544,2018-11-05 08:00:00,24,0.1122,0.1455,0.8683,0.0858,0.1084,0.8308,0.1386,0.1749,0.9057
522,545,2018-11-05 09:00:00,24,0.1128,0.1457,0.864,0.0866,0.1086,0.8301,0.139,0.1751,0.8979
523,546,2018-11-05 10:00:00,24,0.1133,0.1458,0.8712,0.0835,0.1059,0.8521,0.143,0.1769,0.8903
524,547,2018-11-05 11:00:00,24,0.1138,0.1478,0.8552,0.0902,0.1186,0.8152,0.1374,0.1721,0.8953
525,548,2018-11-05 12:00:00,24,0.1122,0.1469,0.8594,0.0938,0.1257,0.8136,0.1305,0.1654,0.9053
526,549,2018-11-05 13:00:00,24,0.1137,0.1506,0.8211,0.1057,0.1524,0.7165,0.1217,0.1487,0.9256
527,550,2018-11-05 14:00:00,24,0.1149,0.1497,0.8093,0.1112,0.1566,0.6868,0.1185,0.1424,0.9318
528,551,2018-11-05 15:00:00,24,0.1203,0.1574,0.7706,0.1183,0.1638,0.6198,0.1222,0.1508,0.9214
529,552,2018-11-05 16:00:00,24,0.1192,0.1539,0.7486,0.123,0.1656,0.5722,0.1154,0.1413,0.925
530,553,2018-11-05 17:00:00,24,0.1181,0.1536,0.7066,0.1212,0.1651,0.4964,0.1151,0.1411,0.9167
531,554,2018-11-05 18:00:00,24,0.1171,0.1532,0.6729,0.121,0.165,0.441,0.1132,0.1403,0.9049
532,555,2018-11-05 19:00:00,24,0.1181,0.1535,0.6493,0.1197,0.1636,0.415,0.1164,0.1427,0.8836
533,556,2018-11-05 20:00:00,24,0.1191,0.1545,0.6211,0.1209,0.1646,0.3808,0.1173,0.1436,0.8613
534,557,2018-11-05 21:00:00,24,0.1139,0.1513,0.6188,0.1169,0.1631,0.3801,0.111,0.1385,0.8574
535,558,2018-11-05 22:00:00,24,0.1133,0.1506,0.6037,0.1185,0.1634,0.3568,0.1081,0.1366,0.8507
536,559,2018-11-05 23:00:00,24,0.1258,0.1722,0.5667,0.1355,0.1943,0.3012,0.1161,0.1469,0.8323
537,560,2018-11-06 00:00:00,24,0.1349,0.1901,0.4399,0.1596,0.2288,0.0226,0.1102,0.1412,0.8571
538,561,2018-11-06 01:00:00,24,0.1357,0.1903,0.4428,0.1617,0.2292,0.0193,0.1098,0.1411,0.8663
539,562,2018-11-06 02:00:00,24,0.1381,0.1914,0.4433,0.1605,0.229,0.0221,0.1157,0.1444,0.8645
540,563,2018-11-06 03:00:00,24,0.1339,0.1896,0.4525,0.1585,0.2286,0.0286,0.1094,0.1402,0.8764
541,564,2018-11-06 04:00:00,24,0.1333,0.1895,0.4544,0.1581,0.2286,0.0297,0.1085,0.14,0.8792
542,565,2018-11-06 05:00:00,24,0.1362,0.1913,0.4496,0.157,0.2285,0.0298,0.1153,0.1449,0.8695
543,566,2018-11-06 06:00:00,24,0.1366,0.1912,0.447,0.1597,0.229,0.0267,0.1135,0.1438,0.8674
544,567,2018-11-06 07:00:00,24,0.1356,0.1909,0.4379,0.1599,0.2291,0.0155,0.1113,0.1429,0.8604
545,568,2018-11-06 08:00:00,24,0.1358,0.1911,0.4224,0.1601,0.2293,-0.0021,0.1115,0.143,0.8468
546,569,2018-11-06 09:00:00,24,0.1365,0.1914,0.3916,0.1628,0.2302,-0.0406,0.1103,0.1425,0.8238
547,570,2018-11-06 10:00:00,24,0.1366,0.1917,0.3011,0.1667,0.232,-0.1711,0.1065,0.1403,0.7733
548,571,2018-11-06 11:00:00,24,0.1325,0.1878,0.2861,0.1605,0.226,-0.114,0.1045,0.1394,0.6863
549,572,2018-11-06 12:00:00,24,0.1331,0.1878,0.1576,0.1598,0.2253,-0.1684,0.1063,0.1407,0.4837
550,573,2018-11-06 13:00:00,24,0.1301,0.1812,0.1655,0.1517,0.212,0.1582,0.1084,0.144,0.1728
551,574,2018-11-06 14:00:00,24,0.1457,0.2132,0.0717,0.1708,0.2462,-0.122,0.1206,0.1741,0.2654
552,575,2018-11-06 15:00:00,24,0.1465,0.2178,0.2224,0.1825,0.264,-0.1909,0.1106,0.1588,0.6357
553,576,2018-11-06 16:00:00,24,0.1563,0.2284,0.202,0.1942,0.2754,-0.357,0.1183,0.1689,0.761
554,577,2018-11-06 17:00:00,24,0.163,0.2322,0.2145,0.2034,0.2797,-0.4086,0.1225,0.1721,0.8377
555,578,2018-11-06 18:00:00,24,0.1691,0.2359,0.1132,0.2111,0.2842,-0.64,0.1271,0.1746,0.8664
556,579,2018-11-06 19:00:00,24,0.171,0.2373,0.1111,0.2122,0.285,-0.6533,0.1298,0.1774,0.8755
557,580,2018-11-06 20:00:00,24,0.1709,0.2376,0.1195,0.2095,0.2838,-0.6361,0.1323,0.18,0.8751
558,581,2018-11-06 21:00:00,24,0.1774,0.2405,0.1614,0.2174,0.2867,-0.5483,0.1375,0.1829,0.8712
559,582,2018-11-06 22:00:00,24,0.1784,0.2407,0.1847,0.2191,0.2871,-0.4983,0.1377,0.1829,0.8678
560,583,2018-11-06 23:00:00,24,0.166,0.2258,0.1334,0.202,0.2672,-0.6119,0.1299,0.1749,0.8787
561,584,2018-11-07 00:00:00,24,0.1539,0.2089,0.2998,0.1793,0.2385,-0.2797,0.1284,0.1745,0.8793
562,585,2018-11-07 01:00:00,24,0.1541,0.2091,0.2999,0.1772,0.2381,-0.2784,0.1309,0.1753,0.8783
563,586,2018-11-07 02:00:00,24,0.152,0.2082,0.2937,0.1763,0.2381,-0.2924,0.1276,0.1733,0.8799
564,587,2018-11-07 03:00:00,24,0.1527,0.2083,0.288,0.1778,0.2383,-0.3021,0.1277,0.1733,0.8782
565,588,2018-11-07 04:00:00,24,0.1534,0.2084,0.2898,0.1773,0.2382,-0.2965,0.1296,0.1736,0.8761
566,589,2018-11-07 05:00:00,24,0.1504,0.2068,0.2954,0.1779,0.2382,-0.2845,0.1229,0.1696,0.8753
567,590,2018-11-07 06:00:00,24,0.1522,0.208,0.2839,0.1765,0.2378,-0.2918,0.128,0.1732,0.8597
568,591,2018-11-07 07:00:00,24,0.1514,0.2079,0.2853,0.1733,0.2372,-0.2759,0.1295,0.1736,0.8464
569,592,2018-11-07 08:00:00,24,0.1481,0.2052,0.277,0.1648,0.232,-0.2743,0.1315,0.1742,0.8283
570,593,2018-11-07 09:00:00,24,0.1483,0.2056,0.2652,0.1609,0.231,-0.2682,0.1358,0.1766,0.7985
571,594,2018-11-07 10:00:00,24,0.1459,0.2045,0.2752,0.1558,0.229,-0.207,0.136,0.1766,0.7574
572,595,2018-11-07 11:00:00,24,0.1532,0.2107,0.1955,0.1631,0.2362,-0.2838,0.1433,0.1817,0.6748
573,596,2018-11-07 12:00:00,24,0.1525,0.2096,0.1366,0.1588,0.2322,-0.3083,0.1463,0.1843,0.5814
574,597,2018-11-07 13:00:00,24,0.146,0.2041,-0.2211,0.1522,0.227,-1.0013,0.1398,0.1783,0.5591
575,598,2018-11-07 14:00:00,24,0.1272,0.1671,0.2679,0.1304,0.1872,-0.1904,0.124,0.1442,0.7263
576,599,2018-11-07 15:00:00,24,0.1199,0.1514,0.393,0.112,0.1538,0.0408,0.1279,0.1489,0.7452
577,600,2018-11-07 16:00:00,24,0.112,0.1376,0.6381,0.0992,0.1316,0.4767,0.1248,0.1433,0.7995
578,601,2018-11-07 17:00:00,24,0.1078,0.1339,0.7253,0.0897,0.1221,0.619,0.1259,0.1447,0.8316
579,602,2018-11-07 18:00:00,24,0.1056,0.1304,0.8088,0.0856,0.1148,0.7439,0.1256,0.1444,0.8738
580,603,2018-11-07 19:00:00,24,0.0985,0.1236,0.8579,0.0781,0.1072,0.8088,0.1189,0.1381,0.9069
581,604,2018-11-07 20:00:00,24,0.0963,0.1222,0.8625,0.0826,0.113,0.7952,0.1101,0.1307,0.9299
582,605,2018-11-07 21:00:00,24,0.0972,0.1258,0.8687,0.0778,0.1068,0.8034,0.1166,0.1423,0.9339
583,606,2018-11-07 22:00:00,24,0.0981,0.1271,0.8717,0.0755,0.1054,0.8,0.1208,0.1456,0.9435
584,607,2018-11-07 23:00:00,24,0.0994,0.1284,0.8727,0.0753,0.1052,0.7944,0.1236,0.148,0.9511
585,608,2018-11-08 00:00:00,24,0.107,0.136,0.8593,0.0809,0.1112,0.7698,0.1331,0.157,0.9488
586,609,2018-11-08 01:00:00,24,0.1059,0.1356,0.861,0.0817,0.1113,0.7699,0.1302,0.1561,0.9521
587,610,2018-11-08 02:00:00,24,0.1074,0.136,0.8626,0.0847,0.1124,0.7716,0.1301,0.156,0.9535
588,611,2018-11-08 03:00:00,24,0.1104,0.1383,0.8648,0.0841,0.1122,0.7788,0.1367,0.1602,0.9507
589,612,2018-11-08 04:00:00,24,0.116,0.1438,0.8648,0.0864,0.1133,0.7858,0.1455,0.1688,0.9437
590,613,2018-11-08 05:00:00,24,0.1172,0.1443,0.867,0.0863,0.1133,0.7934,0.1482,0.1697,0.9406
591,614,2018-11-08 06:00:00,24,0.1173,0.1449,0.8684,0.0853,0.1131,0.8024,0.1493,0.171,0.9345
592,615,2018-11-08 07:00:00,24,0.1203,0.1466,0.869,0.088,0.1141,0.8109,0.1526,0.1731,0.9272
593,616,2018-11-08 08:00:00,24,0.124,0.1494,0.8701,0.0911,0.1161,0.8232,0.157,0.1764,0.9171
594,617,2018-11-08 09:00:00,24,0.1292,0.1535,0.8544,0.0988,0.1228,0.805,0.1597,0.1791,0.9037
595,618,2018-11-08 10:00:00,24,0.1327,0.1556,0.8373,0.1043,0.1271,0.7825,0.1611,0.1795,0.8921
596,619,2018-11-08 11:00:00,24,0.1229,0.1456,0.8664,0.0925,0.1096,0.8394,0.1533,0.1743,0.8934
597,620,2018-11-08 12:00:00,24,0.1194,0.1423,0.8705,0.0903,0.1067,0.8449,0.1485,0.1705,0.8961
598,621,2018-11-08 13:00:00,24,0.1278,0.1545,0.836,0.102,0.1307,0.7852,0.1536,0.175,0.8869
599,622,2018-11-08 14:00:00,24,0.1305,0.1574,0.8412,0.1043,0.1333,0.8041,0.1566,0.1783,0.8782
600,623,2018-11-08 15:00:00,24,0.1315,0.1579,0.8533,0.1071,0.1357,0.8293,0.1559,0.1774,0.8774
601,624,2018-11-08 16:00:00,24,0.1313,0.16,0.8625,0.1035,0.1343,0.8532,0.159,0.1822,0.8718
602,625,2018-11-08 17:00:00,24,0.1385,0.1699,0.8573,0.1089,0.1373,0.8561,0.1681,0.1972,0.8586
603,626,2018-11-08 18:00:00,24,0.1402,0.1751,0.8637,0.1033,0.1336,0.8668,0.1772,0.2085,0.8607
604,627,2018-11-08 19:00:00,24,0.1446,0.1779,0.8632,0.1112,0.1405,0.8498,0.178,0.2087,0.8766
605,628,2018-11-08 20:00:00,24,0.1457,0.1784,0.8676,0.112,0.1416,0.8458,0.1795,0.2089,0.8894
606,629,2018-11-08 21:00:00,24,0.1419,0.1737,0.8753,0.1153,0.1446,0.8419,0.1684,0.1987,0.9087
607,630,2018-11-08 22:00:00,24,0.1405,0.1728,0.8807,0.1149,0.1445,0.8438,0.1661,0.1971,0.9176
608,631,2018-11-08 23:00:00,24,0.1508,0.1902,0.8446,0.1324,0.1794,0.7657,0.1693,0.2003,0.9235
609,632,2018-11-09 00:00:00,24,0.1534,0.1983,0.8189,0.1455,0.2027,0.7009,0.1614,0.1937,0.9368
610,633,2018-11-09 01:00:00,24,0.1563,0.1991,0.821,0.1482,0.2036,0.7002,0.1644,0.1946,0.9417
611,634,2018-11-09 02:00:00,24,0.1553,0.1988,0.8222,0.147,0.2033,0.6984,0.1635,0.1943,0.946
612,635,2018-11-09 03:00:00,24,0.1552,0.1983,0.8191,0.149,0.2038,0.6886,0.1614,0.1926,0.9496
613,636,2018-11-09 04:00:00,24,0.1506,0.1946,0.8124,0.1476,0.2034,0.6701,0.1535,0.1854,0.9548
614,637,2018-11-09 05:00:00,24,0.1529,0.1954,0.8,0.1505,0.2041,0.6451,0.1552,0.1864,0.9549
615,638,2018-11-09 06:00:00,24,0.1503,0.1934,0.7851,0.1517,0.2043,0.6136,0.149,0.1818,0.9565
616,639,2018-11-09 07:00:00,24,0.1464,0.1919,0.7563,0.1492,0.2037,0.5563,0.1436,0.1793,0.9563
617,640,2018-11-09 08:00:00,24,0.1497,0.1996,0.6537,0.1627,0.2212,0.3521,0.1367,0.1753,0.9553
618,641,2018-11-09 09:00:00,24,0.1464,0.197,0.6083,0.1583,0.2184,0.2659,0.1344,0.173,0.9507
619,642,2018-11-09 10:00:00,24,0.1471,0.1973,0.5978,0.1561,0.217,0.256,0.1381,0.1755,0.9397
620,643,2018-11-09 11:00:00,24,0.152,0.1995,0.6058,0.1606,0.2188,0.2895,0.1435,0.1782,0.922
621,644,2018-11-09 12:00:00,24,0.1509,0.1993,0.6321,0.1568,0.2176,0.3654,0.1451,0.1791,0.8987
622,645,2018-11-09 13:00:00,24,0.1406,0.1894,0.6786,0.1448,0.204,0.4776,0.1365,0.1737,0.8797
623,646,2018-11-09 14:00:00,24,0.1367,0.1862,0.6632,0.1436,0.203,0.4636,0.1298,0.1678,0.8628
624,647,2018-11-09 15:00:00,24,0.1318,0.1834,0.6237,0.1376,0.2007,0.4035,0.1261,0.1642,0.844
625,648,2018-11-09 16:00:00,24,0.1283,0.1786,0.5759,0.1414,0.2018,0.2914,0.1152,0.1519,0.8603
626,649,2018-11-09 17:00:00,24,0.118,0.1667,0.5602,0.1375,0.1999,0.2096,0.0984,0.1249,0.9109
627,650,2018-11-09 18:00:00,24,0.1131,0.1595,0.5036,0.142,0.2016,0.0619,0.0842,0.1011,0.9453
628,651,2018-11-09 19:00:00,24,0.1104,0.1573,0.498,0.1384,0.1986,0.0471,0.0824,0.1002,0.9488
629,652,2018-11-09 20:00:00,24,0.1104,0.1575,0.5211,0.131,0.1938,0.098,0.0898,0.1097,0.9442
630,653,2018-11-09 21:00:00,24,0.1145,0.1629,0.5097,0.128,0.1918,0.0843,0.101,0.1276,0.9351
631,654,2018-11-09 22:00:00,24,0.1137,0.1624,0.4983,0.1293,0.192,0.0533,0.0981,0.1259,0.9433
632,655,2018-11-09 23:00:00,24,0.0983,0.1388,0.6096,0.1077,0.1582,0.2669,0.089,0.1163,0.9523
633,656,2018-11-11 00:00:00,24,0.0897,0.1195,0.7512,0.09,0.1223,0.5511,0.0895,0.1166,0.9512
634,657,2018-11-11 01:00:00,24,0.0864,0.118,0.7395,0.0866,0.1207,0.5286,0.0862,0.1152,0.9504
635,658,2018-11-11 02:00:00,24,0.0849,0.1176,0.7067,0.0852,0.1203,0.4657,0.0846,0.1148,0.9476
636,659,2018-11-11 03:00:00,24,0.0811,0.1156,0.6865,0.0824,0.1192,0.4258,0.0799,0.1118,0.9472
637,660,2018-11-11 04:00:00,24,0.0795,0.115,0.668,0.0824,0.1192,0.3914,0.0767,0.1107,0.9446
638,661,2018-11-11 05:00:00,24,0.0762,0.113,0.6206,0.0799,0.118,0.297,0.0725,0.1077,0.9442
639,662,2018-11-11 06:00:00,24,0.0762,0.1132,0.5669,0.0787,0.1177,0.1934,0.0736,0.1085,0.9404
640,663,2018-11-11 07:00:00,24,0.0816,0.1177,0.4446,0.0816,0.1189,-0.0411,0.0815,0.1165,0.9302
641,664,2018-11-11 08:00:00,24,0.0769,0.1047,0.7234,0.0636,0.0786,0.5256,0.0902,0.1255,0.9212
642,665,2018-11-11 09:00:00,24,0.0744,0.1028,0.7261,0.0646,0.0799,0.5231,0.0843,0.1214,0.929
643,666,2018-11-11 10:00:00,24,0.0711,0.0994,0.7475,0.0622,0.0774,0.5597,0.08,0.1174,0.9353
644,667,2018-11-11 11:00:00,24,0.0701,0.0985,0.7474,0.0634,0.0798,0.5545,0.0767,0.1142,0.9402
645,668,2018-11-11 12:00:00,24,0.0753,0.1049,0.769,0.0708,0.0897,0.603,0.0797,0.1181,0.9351
646,669,2018-11-11 13:00:00,24,0.0796,0.1112,0.8228,0.0685,0.0879,0.7293,0.0907,0.1305,0.9164
647,670,2018-11-11 14:00:00,24,0.08,0.1137,0.8605,0.0626,0.0827,0.8223,0.0974,0.1379,0.8987
648,671,2018-11-11 15:00:00,24,0.0848,0.1224,0.796,0.0762,0.1072,0.7042,0.0933,0.1358,0.8877
649,672,2018-11-11 16:00:00,24,0.0872,0.1254,0.7576,0.081,0.1141,0.6438,0.0935,0.1359,0.8714
650,673,2018-11-11 17:00:00,24,0.0885,0.1264,0.7378,0.0838,0.1161,0.6269,0.0932,0.1358,0.8487
651,674,2018-11-11 18:00:00,24,0.0918,0.1305,0.7215,0.0804,0.1135,0.6569,0.1031,0.1456,0.7862
652,675,2018-11-11 19:00:00,24,0.0951,0.1335,0.6922,0.0792,0.1122,0.6787,0.111,0.1519,0.7056
653,676,2018-11-11 20:00:00,24,0.0951,0.133,0.6941,0.08,0.1126,0.6937,0.1101,0.1507,0.6945
654,677,2018-11-11 21:00:00,24,0.0933,0.1286,0.7482,0.0814,0.1139,0.7262,0.1052,0.1418,0.7703
655,678,2018-11-11 22:00:00,24,0.0959,0.1317,0.7831,0.0795,0.1134,0.757,0.1123,0.1478,0.8091
656,679,2018-11-11 23:00:00,24,0.097,0.132,0.8111,0.0804,0.1136,0.7799,0.1136,0.1481,0.8424
657,680,2018-11-12 00:00:00,24,0.0951,0.1312,0.835,0.0782,0.1127,0.8018,0.1121,0.1474,0.8683
658,681,2018-11-12 01:00:00,24,0.0972,0.132,0.8516,0.0788,0.1128,0.8175,0.1157,0.1488,0.8856
659,682,2018-11-12 02:00:00,24,0.0999,0.1335,0.8652,0.0789,0.1128,0.8307,0.1209,0.1513,0.8997
660,683,2018-11-12 03:00:00,24,0.1036,0.1353,0.8769,0.0807,0.1134,0.8422,0.1264,0.1541,0.9116
661,684,2018-11-12 04:00:00,24,0.1077,0.1386,0.8879,0.0804,0.1133,0.8555,0.1351,0.16,0.9204
662,685,2018-11-12 05:00:00,24,0.1072,0.1385,0.8982,0.0798,0.1132,0.866,0.1345,0.1599,0.9303
663,686,2018-11-12 06:00:00,24,0.1073,0.1385,0.9066,0.0826,0.1144,0.8748,0.1321,0.1591,0.9384
664,687,2018-11-12 07:00:00,24,0.1031,0.135,0.9175,0.0808,0.1134,0.8875,0.1253,0.1535,0.9476
665,688,2018-11-12 08:00:00,24,0.1067,0.1397,0.9155,0.0944,0.1319,0.8757,0.1191,0.1471,0.9553
666,689,2018-11-12 09:00:00,24,0.1096,0.1414,0.9203,0.0955,0.1329,0.8848,0.1238,0.1494,0.9559
667,690,2018-11-12 10:00:00,24,0.1151,0.1461,0.9162,0.1008,0.1376,0.8786,0.1294,0.1541,0.9538
668,691,2018-11-12 11:00:00,24,0.1149,0.1456,0.9152,0.0976,0.1344,0.8779,0.1322,0.1561,0.9524
669,692,2018-11-12 12:00:00,24,0.1144,0.1451,0.9051,0.0952,0.1313,0.8606,0.1335,0.1578,0.9497
670,693,2018-11-12 13:00:00,24,0.1243,0.1625,0.8369,0.1143,0.1657,0.729,0.1344,0.1592,0.9448
671,694,2018-11-12 14:00:00,24,0.1257,0.1627,0.7836,0.1172,0.1664,0.629,0.1343,0.1591,0.9382
672,695,2018-11-12 15:00:00,24,0.126,0.1603,0.7974,0.1132,0.1594,0.6663,0.1388,0.1612,0.9285
673,696,2018-11-12 16:00:00,24,0.1247,0.1587,0.8288,0.1104,0.1562,0.7374,0.139,0.1612,0.9203
674,697,2018-11-12 17:00:00,24,0.1271,0.1613,0.8249,0.1151,0.1612,0.7394,0.1392,0.1613,0.9103
675,698,2018-11-12 18:00:00,24,0.13,0.1637,0.8065,0.1251,0.1714,0.7032,0.1348,0.1556,0.9099
676,699,2018-11-12 19:00:00,24,0.132,0.1655,0.797,0.129,0.1746,0.6896,0.1349,0.1558,0.9043
677,700,2018-11-12 20:00:00,24,0.1331,0.1661,0.7937,0.1312,0.1757,0.6873,0.135,0.156,0.9
678,701,2018-11-12 21:00:00,24,0.1357,0.169,0.7853,0.1351,0.1795,0.6745,0.1364,0.1578,0.8961
679,702,2018-11-12 22:00:00,24,0.1347,0.1677,0.7871,0.1408,0.1819,0.671,0.1285,0.1521,0.9032
680,703,2018-11-12 23:00:00,24,0.1331,0.1674,0.7896,0.1395,0.1817,0.6754,0.1266,0.1518,0.9038
681,704,2018-11-13 00:00:00,24,0.1345,0.1678,0.7885,0.1418,0.1824,0.6735,0.1271,0.1519,0.9036
682,705,2018-11-13 01:00:00,24,0.1358,0.1686,0.7852,0.1463,0.1844,0.6661,0.1254,0.1511,0.9043
683,706,2018-11-13 02:00:00,24,0.1354,0.1681,0.7865,0.1496,0.1854,0.6668,0.1212,0.1487,0.9062
684,707,2018-11-13 03:00:00,24,0.1329,0.1668,0.7898,0.1491,0.1853,0.6729,0.1167,0.146,0.9066
685,708,2018-11-13 04:00:00,24,0.1297,0.1645,0.7917,0.1474,0.185,0.6781,0.1121,0.1409,0.9054
686,709,2018-11-13 05:00:00,24,0.1302,0.1645,0.7901,0.1483,0.1852,0.6851,0.1122,0.1409,0.895
687,710,2018-11-13 06:00:00,24,0.1289,0.1642,0.7871,0.1464,0.1845,0.6941,0.1113,0.1408,0.8802
688,711,2018-11-13 07:00:00,24,0.1315,0.1658,0.7801,0.1466,0.1846,0.7026,0.1163,0.1445,0.8575
689,712,2018-11-13 08:00:00,24,0.13,0.1627,0.7856,0.1428,0.1786,0.7266,0.1172,0.145,0.8446
690,713,2018-11-13 09:00:00,24,0.1297,0.1632,0.7946,0.139,0.1766,0.7461,0.1203,0.1486,0.8431
691,714,2018-11-13 10:00:00,24,0.1253,0.1597,0.8262,0.1364,0.1743,0.7847,0.1142,0.1436,0.8677
692,715,2018-11-13 11:00:00,24,0.1249,0.1597,0.8398,0.1392,0.1764,0.7961,0.1106,0.141,0.8836
693,716,2018-11-13 12:00:00,24,0.1279,0.1659,0.8298,0.1494,0.1913,0.7615,0.1064,0.1359,0.8981
694,717,2018-11-13 13:00:00,24,0.1131,0.144,0.8674,0.1291,0.1623,0.8172,0.097,0.123,0.9175
695,718,2018-11-13 14:00:00,24,0.1136,0.1465,0.8533,0.1387,0.1731,0.7813,0.0885,0.114,0.9252
696,719,2018-11-13 15:00:00,24,0.1103,0.1439,0.8366,0.1295,0.1661,0.766,0.0912,0.1177,0.9072
697,720,2018-11-13 16:00:00,24,0.1159,0.1504,0.7762,0.1309,0.1674,0.6957,0.1009,0.1312,0.8566
698,721,2018-11-13 17:00:00,24,0.117,0.1525,0.7357,0.1219,0.1608,0.6804,0.1121,0.1437,0.791
699,722,2018-11-13 18:00:00,24,0.1162,0.1512,0.7549,0.1159,0.1525,0.7294,0.1166,0.1499,0.7804
700,723,2018-11-13 19:00:00,24,0.1138,0.1484,0.7906,0.1135,0.15,0.7494,0.1141,0.1468,0.8318
701,724,2018-11-13 20:00:00,24,0.1085,0.1448,0.8191,0.1112,0.1487,0.7603,0.1057,0.1407,0.8779
702,725,2018-11-13 21:00:00,24,0.1044,0.1397,0.8467,0.1089,0.1456,0.7808,0.0999,0.1336,0.9126
703,726,2018-11-13 22:00:00,24,0.1062,0.1426,0.8583,0.1031,0.1426,0.793,0.1094,0.1427,0.9235
704,727,2018-11-13 23:00:00,24,0.1123,0.1476,0.8635,0.1046,0.1429,0.7929,0.12,0.1521,0.934
705,728,2018-11-14 00:00:00,24,0.1112,0.1472,0.8734,0.1033,0.1423,0.8001,0.1192,0.1519,0.9467
706,729,2018-11-14 01:00:00,24,0.1119,0.1478,0.8835,0.1,0.14,0.8164,0.1237,0.1552,0.9506
707,730,2018-11-14 02:00:00,24,0.1104,0.1473,0.8898,0.0982,0.139,0.8242,0.1227,0.1551,0.9553
708,731,2018-11-14 03:00:00,24,0.1109,0.1479,0.8895,0.1008,0.1405,0.82,0.1211,0.1549,0.9589
709,732,2018-11-14 04:00:00,24,0.1152,0.1505,0.8849,0.1065,0.1434,0.8106,0.1238,0.1572,0.9592
710,733,2018-11-14 05:00:00,24,0.1153,0.1505,0.8833,0.107,0.1436,0.8064,0.1237,0.1572,0.9602
711,734,2018-11-14 06:00:00,24,0.1167,0.1509,0.8801,0.107,0.1436,0.8001,0.1264,0.1579,0.9602
712,735,2018-11-14 07:00:00,24,0.117,0.1511,0.8737,0.1074,0.1437,0.7884,0.1267,0.1582,0.9589
713,736,2018-11-14 08:00:00,24,0.1226,0.1603,0.8346,0.1144,0.1585,0.7151,0.1307,0.162,0.9542
714,737,2018-11-14 09:00:00,24,0.1257,0.1639,0.8091,0.1166,0.1596,0.6736,0.1348,0.1682,0.9447
715,738,2018-11-14 10:00:00,24,0.1308,0.1718,0.7591,0.1131,0.1579,0.5937,0.1485,0.1846,0.9244
716,739,2018-11-14 11:00:00,24,0.1385,0.1803,0.6524,0.1199,0.1679,0.3947,0.1572,0.192,0.9102
717,740,2018-11-14 12:00:00,24,0.1315,0.1713,0.7044,0.1065,0.1483,0.503,0.1565,0.1916,0.9058
718,741,2018-11-14 13:00:00,24,0.1358,0.1735,0.6877,0.1112,0.1503,0.4724,0.1604,0.1939,0.9031
719,742,2018-11-14 14:00:00,24,0.1381,0.1736,0.7055,0.1081,0.1448,0.5086,0.168,0.1983,0.9025
720,743,2018-11-14 15:00:00,24,0.139,0.1751,0.6993,0.1178,0.1534,0.4851,0.1603,0.1944,0.9134
721,744,2018-11-14 16:00:00,24,0.1342,0.1698,0.7385,0.1159,0.1515,0.5501,0.1525,0.1864,0.9269
722,745,2018-11-14 17:00:00,24,0.1416,0.1778,0.6876,0.1296,0.1667,0.4465,0.1537,0.1882,0.9288
723,746,2018-11-14 18:00:00,24,0.1433,0.1805,0.6742,0.1297,0.1668,0.4224,0.1569,0.1932,0.926
724,747,2018-11-14 19:00:00,24,0.1444,0.182,0.6739,0.1284,0.1659,0.4249,0.1604,0.1968,0.923
725,748,2018-11-14 20:00:00,24,0.1493,0.1844,0.6668,0.1314,0.1675,0.4135,0.1673,0.1998,0.9202
726,749,2018-11-14 21:00:00,24,0.1489,0.184,0.6609,0.1286,0.1653,0.4032,0.1693,0.201,0.9186
727,750,2018-11-14 22:00:00,24,0.1472,0.1815,0.6474,0.1309,0.1658,0.3739,0.1635,0.1959,0.9208
728,751,2018-11-14 23:00:00,24,0.1423,0.1776,0.6405,0.1304,0.1657,0.3594,0.1543,0.1888,0.9215
729,752,2018-11-15 00:00:00,24,0.1438,0.1782,0.6181,0.1331,0.1669,0.3215,0.1544,0.1888,0.9148
730,753,2018-11-15 01:00:00,24,0.1406,0.1765,0.5972,0.1324,0.1667,0.2825,0.1489,0.1858,0.9119
731,754,2018-11-15 02:00:00,24,0.1403,0.1764,0.5867,0.1315,0.1665,0.2683,0.1491,0.1859,0.9052
732,755,2018-11-15 03:00:00,24,0.1389,0.1758,0.5923,0.1271,0.165,0.2884,0.1507,0.186,0.8962
733,756,2018-11-15 04:00:00,24,0.1332,0.1731,0.5987,0.1215,0.1625,0.3045,0.1448,0.183,0.8929
734,757,2018-11-15 05:00:00,24,0.1328,0.173,0.5953,0.1198,0.1622,0.3058,0.1458,0.1832,0.8847
735,758,2018-11-15 06:00:00,24,0.1322,0.1728,0.5885,0.1198,0.1622,0.3002,0.1445,0.1827,0.8768
736,759,2018-11-15 07:00:00,24,0.1306,0.1716,0.5893,0.1194,0.1621,0.3051,0.1417,0.1806,0.8735
737,760,2018-11-15 08:00:00,24,0.1282,0.1664,0.6046,0.1126,0.1478,0.3434,0.1438,0.1832,0.8657
738,761,2018-11-15 09:00:00,24,0.1305,0.1687,0.5222,0.1169,0.1523,0.178,0.1441,0.1836,0.8664
739,762,2018-11-15 10:00:00,24,0.1274,0.1619,0.3623,0.1206,0.1542,-0.1639,0.1342,0.1692,0.8885
740,763,2018-11-15 11:00:00,24,0.1228,0.155,0.4656,0.1145,0.144,0.035,0.1312,0.1651,0.8962
741,764,2018-11-15 12:00:00,24,0.1343,0.1753,0.5723,0.1347,0.183,0.2469,0.1339,0.1673,0.8978
742,765,2018-11-15 13:00:00,24,0.1299,0.1731,0.6878,0.1315,0.1815,0.4735,0.1283,0.1642,0.902
743,766,2018-11-15 14:00:00,24,0.1221,0.1674,0.7557,0.1231,0.1755,0.6079,0.121,0.1589,0.9036
744,767,2018-11-15 15:00:00,24,0.1217,0.1659,0.7829,0.1148,0.1683,0.6683,0.1286,0.1636,0.8974
745,768,2018-11-15 16:00:00,24,0.1263,0.1722,0.736,0.1232,0.1799,0.5692,0.1294,0.1641,0.9028
746,769,2018-11-15 17:00:00,24,0.1172,0.1604,0.7756,0.1117,0.1664,0.6252,0.1228,0.1543,0.926
747,770,2018-11-15 18:00:00,24,0.1113,0.1529,0.78,0.1094,0.1647,0.6117,0.1133,0.14,0.9483
748,771,2018-11-15 19:00:00,24,0.1057,0.1482,0.7861,0.1073,0.1637,0.6119,0.104,0.1309,0.9603
749,772,2018-11-15 20:00:00,24,0.1041,0.1469,0.7972,0.1056,0.1626,0.629,0.1026,0.1292,0.9653
750,773,2018-11-15 21:00:00,24,0.1026,0.1465,0.8018,0.102,0.1614,0.6374,0.1032,0.13,0.9662
751,774,2018-11-15 22:00:00,24,0.1074,0.1529,0.8038,0.1029,0.1618,0.6504,0.1119,0.1434,0.9571
752,775,2018-11-15 23:00:00,24,0.1145,0.1599,0.8088,0.1055,0.1628,0.6726,0.1235,0.1569,0.9449
753,776,2018-11-16 00:00:00,24,0.1171,0.162,0.807,0.1037,0.1618,0.6778,0.1305,0.1623,0.9361
754,777,2018-11-16 01:00:00,24,0.1193,0.1633,0.7973,0.1036,0.1618,0.6663,0.135,0.1647,0.9282
755,778,2018-11-16 02:00:00,24,0.1197,0.1633,0.7799,0.1043,0.1619,0.6393,0.1352,0.1647,0.9206
756,779,2018-11-16 03:00:00,24,0.1193,0.1633,0.7563,0.105,0.162,0.6009,0.1335,0.1645,0.9118
757,780,2018-11-16 04:00:00,24,0.12,0.1634,0.7228,0.1064,0.1622,0.5456,0.1336,0.1646,0.8999
758,781,2018-11-16 05:00:00,24,0.1237,0.1661,0.6748,0.1065,0.1622,0.4747,0.141,0.17,0.875
759,782,2018-11-16 06:00:00,24,0.1274,0.1692,0.6139,0.1061,0.1621,0.3901,0.1487,0.176,0.8378
760,783,2018-11-16 07:00:00,24,0.1304,0.172,0.54,0.1067,0.1623,0.2891,0.1542,0.1812,0.7908
761,784,2018-11-16 08:00:00,24,0.1305,0.1726,0.5521,0.1041,0.159,0.3442,0.1568,0.1852,0.7601
762,785,2018-11-16 09:00:00,24,0.1284,0.1696,0.5145,0.1026,0.1572,0.2453,0.1542,0.1812,0.7837
763,786,2018-11-16 10:00:00,24,0.1268,0.1694,0.355,0.0979,0.1551,-0.0948,0.1558,0.1826,0.8048
764,787,2018-11-16 11:00:00,24,0.1247,0.1686,0.2418,0.1002,0.1582,-0.3517,0.1493,0.1784,0.8352
765,788,2018-11-16 12:00:00,24,0.117,0.1518,0.619,0.0884,0.1233,0.3856,0.1455,0.1758,0.8525
766,789,2018-11-16 13:00:00,24,0.1212,0.1546,0.706,0.0948,0.1292,0.5538,0.1476,0.1764,0.8582
767,790,2018-11-16 14:00:00,24,0.1276,0.1591,0.7715,0.1024,0.1362,0.6875,0.1528,0.1792,0.8554
768,791,2018-11-16 15:00:00,24,0.1377,0.1732,0.8042,0.1157,0.1552,0.7709,0.1598,0.1895,0.8376
769,792,2018-11-16 16:00:00,24,0.1351,0.1692,0.8462,0.1058,0.1404,0.8591,0.1644,0.1938,0.8332
770,793,2018-11-16 17:00:00,24,0.1364,0.17,0.8575,0.1076,0.1414,0.8784,0.1652,0.1945,0.8365
771,794,2018-11-16 18:00:00,24,0.1371,0.1709,0.8678,0.1063,0.1407,0.8965,0.168,0.1965,0.8391
772,795,2018-11-16 19:00:00,24,0.1389,0.1719,0.8724,0.1099,0.1431,0.9012,0.1679,0.1964,0.8436
773,796,2018-11-16 20:00:00,24,0.1373,0.171,0.8736,0.1097,0.143,0.9053,0.1648,0.1949,0.842
774,797,2018-11-16 21:00:00,24,0.1352,0.1696,0.8774,0.1117,0.1435,0.9085,0.1587,0.1921,0.8464
775,798,2018-11-16 22:00:00,24,0.1437,0.1832,0.8601,0.1283,0.1729,0.8628,0.1591,0.1929,0.8574
776,799,2018-11-16 23:00:00,24,0.1412,0.1815,0.8626,0.1361,0.1812,0.8432,0.1464,0.1819,0.882
777,800,2018-11-17 00:00:00,24,0.1394,0.1798,0.8644,0.1378,0.182,0.8376,0.1409,0.1776,0.8913
778,801,2018-11-17 01:00:00,24,0.139,0.1801,0.8613,0.1363,0.1819,0.8325,0.1417,0.1783,0.8901
779,802,2018-11-17 02:00:00,24,0.1424,0.1822,0.854,0.1355,0.1817,0.8269,0.1492,0.1828,0.8812
780,803,2018-11-17 03:00:00,24,0.1468,0.1844,0.8445,0.1364,0.1818,0.8176,0.1572,0.1869,0.8713
781,804,2018-11-17 04:00:00,24,0.1492,0.186,0.8343,0.1351,0.1817,0.8069,0.1633,0.1902,0.8616
782,805,2018-11-17 05:00:00,24,0.1471,0.1838,0.8289,0.1372,0.182,0.7912,0.157,0.1856,0.8665
783,806,2018-11-17 06:00:00,24,0.1434,0.181,0.8203,0.1374,0.1821,0.7652,0.1494,0.1799,0.8754
784,807,2018-11-17 07:00:00,24,0.1388,0.1777,0.8086,0.1367,0.1819,0.7332,0.1409,0.1735,0.8839
785,808,2018-11-17 08:00:00,24,0.1453,0.2045,0.6953,0.1621,0.2399,0.4937,0.1285,0.1615,0.8969
786,809,2018-11-17 09:00:00,24,0.1406,0.2014,0.7017,0.1557,0.2374,0.5068,0.1254,0.1574,0.8965
787,810,2018-11-17 10:00:00,24,0.1432,0.2046,0.6921,0.1556,0.2373,0.5044,0.1308,0.1656,0.8799
788,811,2018-11-17 11:00:00,24,0.1433,0.2037,0.7014,0.1515,0.2342,0.5281,0.1351,0.1678,0.8746
789,812,2018-11-17 12:00:00,24,0.1416,0.2015,0.7188,0.147,0.2299,0.5579,0.1361,0.1684,0.8796
790,813,2018-11-17 13:00:00,24,0.1384,0.1998,0.7327,0.143,0.2274,0.576,0.1337,0.1677,0.8895
791,814,2018-11-17 14:00:00,24,0.1395,0.2012,0.7293,0.1454,0.2299,0.5625,0.1337,0.1677,0.8961
792,815,2018-11-17 15:00:00,24,0.1289,0.1895,0.7391,0.1301,0.2172,0.5651,0.1277,0.1571,0.913
793,816,2018-11-17 16:00:00,24,0.1286,0.1905,0.7219,0.1273,0.2163,0.534,0.1299,0.1607,0.9099
794,817,2018-11-17 17:00:00,24,0.1304,0.1929,0.7119,0.1266,0.216,0.5222,0.1342,0.1666,0.9016
795,818,2018-11-17 18:00:00,24,0.1369,0.1996,0.6639,0.1382,0.2266,0.4315,0.1356,0.1683,0.8962
796,819,2018-11-17 19:00:00,24,0.1378,0.2004,0.6487,0.1404,0.2281,0.4051,0.1352,0.1682,0.8923
797,820,2018-11-17 20:00:00,24,0.1397,0.2014,0.6488,0.1433,0.2296,0.4097,0.1361,0.1686,0.8879
798,821,2018-11-17 21:00:00,24,0.1396,0.2014,0.6527,0.1429,0.2295,0.4226,0.1363,0.1687,0.8829
799,822,2018-11-17 22:00:00,24,0.1282,0.1852,0.7068,0.1266,0.2083,0.5303,0.1299,0.1588,0.8834
800,823,2018-11-17 23:00:00,24,0.1249,0.1813,0.7198,0.1169,0.2005,0.5728,0.1329,0.1597,0.8668
801,824,2018-11-18 00:00:00,24,0.1233,0.1806,0.7166,0.1142,0.1995,0.5784,0.1323,0.1595,0.8548
802,825,2018-11-18 01:00:00,24,0.124,0.1805,0.7153,0.1162,0.1997,0.575,0.1318,0.1589,0.8556
803,826,2018-11-18 02:00:00,24,0.1205,0.1783,0.7204,0.1169,0.1998,0.5698,0.1241,0.1537,0.871
804,827,2018-11-18 03:00:00,24,0.1158,0.176,0.7273,0.1153,0.1997,0.5673,0.1163,0.1487,0.8872
805,828,2018-11-18 04:00:00,24,0.1131,0.1743,0.7334,0.1155,0.1997,0.5648,0.1107,0.1446,0.9019
806,829,2018-11-18 05:00:00,24,0.1134,0.1745,0.7327,0.1154,0.1997,0.556,0.1115,0.145,0.9095
807,830,2018-11-18 06:00:00,24,0.115,0.1753,0.7324,0.1151,0.1996,0.5496,0.1149,0.147,0.9153
808,831,2018-11-18 07:00:00,24,0.1161,0.1757,0.7326,0.1146,0.1995,0.5462,0.1176,0.1482,0.919
809,832,2018-11-18 08:00:00,24,0.1026,0.1354,0.8581,0.0871,0.1211,0.7931,0.1182,0.1482,0.9231
810,833,2018-11-18 09:00:00,24,0.1035,0.1362,0.8171,0.0944,0.1274,0.7055,0.1126,0.1444,0.9288
811,834,2018-11-18 10:00:00,24,0.0997,0.1301,0.7632,0.0942,0.1274,0.5902,0.1051,0.1327,0.9362
812,835,2018-11-18 11:00:00,24,0.0967,0.1277,0.7002,0.0914,0.1252,0.4701,0.1019,0.1302,0.9303
813,836,2018-11-18 12:00:00,24,0.0938,0.1257,0.6514,0.0894,0.1229,0.3876,0.0981,0.1285,0.9152
814,837,2018-11-18 13:00:00,24,0.0933,0.1254,0.5959,0.0885,0.1222,0.3119,0.098,0.1285,0.8798
815,838,2018-11-18 14:00:00,24,0.0884,0.1189,0.6296,0.0826,0.1122,0.4344,0.0942,0.1253,0.8248
816,839,2018-11-18 15:00:00,24,0.0887,0.1173,0.6109,0.0882,0.1157,0.4745,0.0893,0.119,0.7472
817,840,2018-11-18 16:00:00,24,0.084,0.1102,0.6299,0.0891,0.116,0.5481,0.079,0.104,0.7117
818,841,2018-11-18 17:00:00,24,0.0775,0.102,0.6821,0.0865,0.1148,0.6169,0.0685,0.0873,0.7474
819,842,2018-11-18 18:00:00,24,0.0688,0.0857,0.7667,0.077,0.0941,0.7472,0.0607,0.0764,0.7862
820,843,2018-11-18 19:00:00,24,0.068,0.0828,0.7751,0.0726,0.0874,0.789,0.0634,0.078,0.7612
821,844,2018-11-18 20:00:00,24,0.0705,0.0874,0.7422,0.0715,0.0856,0.7931,0.0695,0.0892,0.6914
822,845,2018-11-18 21:00:00,24,0.0763,0.0965,0.7217,0.0724,0.0863,0.7791,0.0803,0.1056,0.6643
823,846,2018-11-18 22:00:00,24,0.0785,0.1004,0.7731,0.0735,0.0876,0.7689,0.0834,0.1117,0.7774
824,847,2018-11-18 23:00:00,24,0.0778,0.1,0.8056,0.0742,0.088,0.7694,0.0814,0.1107,0.8419
825,848,2018-11-19 00:00:00,24,0.0789,0.1013,0.8147,0.0732,0.0876,0.7723,0.0845,0.1133,0.8572
826,849,2018-11-19 01:00:00,24,0.076,0.0991,0.8273,0.0714,0.0871,0.7766,0.0806,0.1098,0.8779
827,850,2018-11-19 02:00:00,24,0.0795,0.1018,0.8223,0.0727,0.088,0.772,0.0862,0.1139,0.8725
828,851,2018-11-19 03:00:00,24,0.0818,0.1026,0.8195,0.0743,0.0884,0.7704,0.0893,0.115,0.8686
829,852,2018-11-19 04:00:00,24,0.0817,0.1025,0.819,0.0748,0.0886,0.7713,0.0886,0.1148,0.8668
830,853,2018-11-19 05:00:00,24,0.0823,0.1031,0.8187,0.0745,0.0884,0.7748,0.09,0.116,0.8627
831,854,2018-11-19 06:00:00,24,0.0818,0.1025,0.8207,0.0748,0.0885,0.7761,0.0888,0.1148,0.8653
832,855,2018-11-19 07:00:00,24,0.0795,0.1014,0.8238,0.074,0.0883,0.7796,0.085,0.1131,0.868
833,856,2018-11-19 08:00:00,24,0.085,0.1156,0.7793,0.0857,0.1182,0.6915,0.0844,0.113,0.867
834,857,2018-11-19 09:00:00,24,0.0861,0.1184,0.8033,0.0782,0.1113,0.7642,0.094,0.125,0.8423
835,858,2018-11-19 10:00:00,24,0.0868,0.1187,0.823,0.0791,0.1114,0.7967,0.0945,0.1255,0.8493
836,859,2018-11-19 11:00:00,24,0.0932,0.1288,0.7866,0.0906,0.1311,0.7173,0.0959,0.1264,0.856
837,860,2018-11-19 12:00:00,24,0.0951,0.1296,0.7866,0.0909,0.1314,0.7166,0.0992,0.1277,0.8567
838,861,2018-11-19 13:00:00,24,0.0977,0.131,0.7822,0.0921,0.1322,0.7125,0.1033,0.1299,0.8518
839,862,2018-11-19 14:00:00,24,0.0982,0.1321,0.7779,0.0883,0.1299,0.7176,0.1081,0.1343,0.8382
840,863,2018-11-19 15:00:00,24,0.0987,0.1327,0.7665,0.0865,0.1283,0.705,0.1109,0.137,0.8279
841,864,2018-11-19 16:00:00,24,0.1022,0.1358,0.729,0.0926,0.1343,0.6329,0.1117,0.1373,0.8251
842,865,2018-11-19 17:00:00,24,0.1046,0.1376,0.6853,0.0979,0.1379,0.5484,0.1114,0.1372,0.8223
843,866,2018-11-19 18:00:00,24,0.1057,0.139,0.6569,0.0933,0.1359,0.506,0.118,0.142,0.8078
844,867,2018-11-19 19:00:00,24,0.1066,0.1399,0.6421,0.0924,0.1354,0.476,0.1209,0.1442,0.8083
845,868,2018-11-19 20:00:00,24,0.1051,0.1388,0.6631,0.0897,0.1336,0.4993,0.1206,0.1437,0.8269
846,869,2018-11-19 21:00:00,24,0.1034,0.1352,0.663,0.0922,0.1356,0.4689,0.1145,0.1348,0.8571
847,870,2018-11-19 22:00:00,24,0.0974,0.1296,0.6733,0.0895,0.134,0.4784,0.1053,0.125,0.8681
848,871,2018-11-19 23:00:00,24,0.098,0.13,0.6582,0.091,0.1349,0.4653,0.105,0.1249,0.851
849,872,2018-11-20 00:00:00,24,0.0976,0.1293,0.6445,0.0931,0.1356,0.4453,0.102,0.1226,0.8437
850,873,2018-11-20 01:00:00,24,0.0966,0.1291,0.628,0.0932,0.1356,0.4297,0.1,0.1221,0.8262
851,874,2018-11-20 02:00:00,24,0.0929,0.1269,0.6125,0.0902,0.1347,0.3969,0.0956,0.1186,0.8281
852,875,2018-11-20 03:00:00,24,0.0936,0.1273,0.5941,0.0909,0.135,0.3634,0.0963,0.1192,0.8248
853,876,2018-11-20 04:00:00,24,0.0937,0.1275,0.5785,0.0897,0.1348,0.334,0.0977,0.1196,0.823
854,877,2018-11-20 05:00:00,24,0.0907,0.1263,0.577,0.0877,0.1345,0.3251,0.0937,0.1174,0.8288
855,878,2018-11-20 06:00:00,24,0.0905,0.1266,0.5688,0.0864,0.1343,0.3016,0.0946,0.1183,0.8361
856,879,2018-11-20 07:00:00,24,0.0944,0.1294,0.5569,0.0866,0.1343,0.2738,0.1022,0.1242,0.8399
857,880,2018-11-20 08:00:00,24,0.0945,0.1256,0.6369,0.0834,0.1256,0.4226,0.1055,0.1257,0.8511
858,881,2018-11-20 09:00:00,24,0.0949,0.1236,0.633,0.0886,0.1287,0.3735,0.1012,0.1182,0.8925
859,882,2018-11-20 10:00:00,24,0.0947,0.1231,0.6531,0.0923,0.1306,0.3919,0.0971,0.115,0.9143
860,883,2018-11-20 11:00:00,24,0.0887,0.1137,0.7481,0.084,0.114,0.5693,0.0934,0.1134,0.927
861,884,2018-11-20 12:00:00,24,0.0894,0.1157,0.7649,0.0802,0.1113,0.6085,0.0985,0.12,0.9213
862,885,2018-11-20 13:00:00,24,0.0953,0.1248,0.6854,0.0873,0.1229,0.4599,0.1033,0.1267,0.911
863,886,2018-11-20 14:00:00,24,0.103,0.1358,0.6239,0.0982,0.1368,0.3545,0.1078,0.1347,0.8932
864,887,2018-11-20 15:00:00,24,0.1072,0.1436,0.6154,0.0983,0.1369,0.3716,0.116,0.15,0.8593
865,888,2018-11-20 16:00:00,24,0.1096,0.1484,0.6806,0.0917,0.1307,0.5236,0.1274,0.1641,0.8377
866,889,2018-11-20 17:00:00,24,0.1129,0.1517,0.7174,0.0884,0.1278,0.5872,0.1375,0.1724,0.8475
867,890,2018-11-20 18:00:00,24,0.1186,0.157,0.7189,0.0955,0.1326,0.5581,0.1418,0.178,0.8796
868,891,2018-11-20 19:00:00,24,0.124,0.1625,0.7265,0.1012,0.138,0.5452,0.1467,0.1837,0.9078
869,892,2018-11-20 20:00:00,24,0.1272,0.1653,0.7115,0.1065,0.1426,0.4913,0.148,0.1853,0.9317
870,893,2018-11-20 21:00:00,24,0.1271,0.1665,0.7235,0.102,0.14,0.501,0.1521,0.1893,0.946
871,894,2018-11-20 22:00:00,24,0.1351,0.1779,0.7249,0.1009,0.1397,0.4992,0.1693,0.2093,0.9505
872,895,2018-11-20 23:00:00,24,0.1392,0.1811,0.7321,0.0999,0.1391,0.505,0.1784,0.2151,0.9591
873,896,2018-11-21 00:00:00,24,0.1418,0.1834,0.7389,0.0988,0.1386,0.5123,0.1848,0.2192,0.9655
874,897,2018-11-21 01:00:00,24,0.1486,0.1868,0.7431,0.1036,0.1407,0.5161,0.1935,0.2236,0.9701
875,898,2018-11-21 02:00:00,24,0.1489,0.1869,0.7543,0.1058,0.1413,0.5348,0.192,0.2234,0.9739
876,899,2018-11-21 03:00:00,24,0.1471,0.1864,0.7675,0.105,0.141,0.5585,0.1892,0.2227,0.9765
877,900,2018-11-21 04:00:00,24,0.1484,0.1867,0.7734,0.1063,0.1411,0.5687,0.1906,0.2231,0.9782
878,901,2018-11-21 05:00:00,24,0.1507,0.1872,0.7807,0.1075,0.1413,0.582,0.194,0.224,0.9793
879,902,2018-11-21 06:00:00,24,0.1526,0.1878,0.7714,0.1134,0.1442,0.5627,0.1917,0.223,0.9801
880,903,2018-11-21 07:00:00,24,0.1494,0.186,0.7705,0.1136,0.1443,0.5603,0.1851,0.2199,0.9807
881,904,2018-11-21 08:00:00,24,0.1524,0.1957,0.7136,0.1226,0.1692,0.447,0.1823,0.2191,0.9803
882,905,2018-11-21 09:00:00,24,0.1517,0.1962,0.753,0.1182,0.1669,0.5278,0.1852,0.2217,0.9782
883,906,2018-11-21 10:00:00,24,0.1537,0.1972,0.78,0.1172,0.1663,0.5851,0.1901,0.2239,0.9748
884,907,2018-11-21 11:00:00,24,0.1559,0.1981,0.8039,0.1145,0.1644,0.6385,0.1973,0.2268,0.9693
885,908,2018-11-21 12:00:00,24,0.1575,0.1985,0.7918,0.1211,0.1689,0.6204,0.1939,0.2243,0.9632
886,909,2018-11-21 13:00:00,24,0.1485,0.1917,0.8165,0.1113,0.1594,0.6776,0.1857,0.2194,0.9553
887,910,2018-11-21 14:00:00,24,0.1388,0.1827,0.8391,0.1009,0.1477,0.7326,0.1767,0.2119,0.9455
888,911,2018-11-21 15:00:00,24,0.1392,0.1825,0.7968,0.1112,0.1623,0.6581,0.1673,0.2006,0.9356
889,912,2018-11-21 16:00:00,24,0.1379,0.1789,0.7721,0.116,0.1655,0.6221,0.1598,0.1913,0.9221
890,913,2018-11-21 17:00:00,24,0.1382,0.1808,0.7241,0.1266,0.1777,0.5477,0.1498,0.1839,0.9005
891,914,2018-11-21 18:00:00,24,0.1321,0.1756,0.7113,0.1253,0.1766,0.5505,0.1389,0.1747,0.8722
892,915,2018-11-21 19:00:00,24,0.128,0.172,0.6814,0.1261,0.1776,0.5351,0.1298,0.1663,0.8277
893,916,2018-11-21 20:00:00,24,0.1218,0.1667,0.664,0.1207,0.1739,0.5711,0.1229,0.1592,0.757
894,917,2018-11-21 21:00:00,24,0.1226,0.1673,0.613,0.1217,0.1741,0.5948,0.1236,0.1603,0.6312
895,918,2018-11-21 22:00:00,24,0.1158,0.1556,0.6549,0.1248,0.1751,0.5984,0.1068,0.1332,0.7114
896,919,2018-11-21 23:00:00,24,0.1152,0.1541,0.6494,0.1273,0.1766,0.5845,0.1032,0.1277,0.7142
897,920,2018-11-22 00:00:00,24,0.1129,0.1521,0.6521,0.1259,0.1763,0.5736,0.1,0.1231,0.7306
898,921,2018-11-22 01:00:00,24,0.1084,0.1485,0.6507,0.1219,0.1747,0.547,0.0948,0.1165,0.7545
899,922,2018-11-22 02:00:00,24,0.1092,0.1487,0.6234,0.1206,0.1744,0.4897,0.0979,0.1176,0.757
900,923,2018-11-22 03:00:00,24,0.1108,0.1494,0.5721,0.121,0.1745,0.3958,0.1007,0.119,0.7484
901,924,2018-11-22 04:00:00,24,0.1115,0.1499,0.5117,0.1251,0.1764,0.2748,0.0979,0.1177,0.7487
902,925,2018-11-22 05:00:00,24,0.1145,0.1529,0.4018,0.1256,0.1765,0.092,0.1033,0.125,0.7117
903,926,2018-11-22 06:00:00,24,0.1139,0.1524,0.3439,0.1234,0.175,-0.0324,0.1044,0.1257,0.7203
904,927,2018-11-22 07:00:00,24,0.1142,0.1524,0.2271,0.124,0.1751,-0.2564,0.1045,0.1257,0.7107
905,928,2018-11-22 08:00:00,24,0.1091,0.138,0.4886,0.1141,0.1493,0.2875,0.1042,0.1256,0.6897
906,929,2018-11-22 09:00:00,24,0.1123,0.1427,0.4376,0.1265,0.1639,0.1342,0.0982,0.1178,0.7409
907,930,2018-11-22 10:00:00,24,0.1126,0.1429,0.4597,0.1299,0.1665,0.1484,0.0953,0.1147,0.771
908,931,2018-11-22 11:00:00,24,0.1086,0.1404,0.5366,0.1293,0.1662,0.2727,0.0878,0.1087,0.8004
909,932,2018-11-22 12:00:00,24,0.1073,0.1407,0.5417,0.1314,0.1688,0.2715,0.0832,0.1054,0.8119
910,933,2018-11-22 13:00:00,24,0.108,0.1413,0.5604,0.1338,0.1699,0.3134,0.0821,0.1052,0.8074
911,934,2018-11-22 14:00:00,24,0.1101,0.1429,0.5763,0.1343,0.17,0.3442,0.0858,0.1092,0.8084
912,935,2018-11-22 15:00:00,24,0.1034,0.1337,0.6083,0.1245,0.1564,0.3801,0.0823,0.1061,0.8364
913,936,2018-11-22 16:00:00,24,0.1014,0.132,0.5194,0.1203,0.1534,0.1801,0.0825,0.1064,0.8586
914,937,2018-11-22 17:00:00,24,0.0986,0.1252,0.5696,0.1116,0.1402,0.2653,0.0856,0.108,0.8738
915,938,2018-11-22 18:00:00,24,0.0954,0.1234,0.5063,0.106,0.1371,0.1271,0.0848,0.1079,0.8855
916,939,2018-11-22 19:00:00,24,0.0943,0.1229,0.5153,0.1057,0.1367,0.1361,0.0829,0.1075,0.8946
917,940,2018-11-22 20:00:00,24,0.0974,0.1263,0.5073,0.1067,0.1372,0.1229,0.0882,0.1144,0.8917
918,941,2018-11-22 21:00:00,24,0.0957,0.1229,0.5199,0.1095,0.1389,0.1382,0.082,0.1045,0.9016
919,942,2018-11-22 22:00:00,24,0.099,0.1263,0.5286,0.1088,0.1385,0.2002,0.0893,0.1128,0.857
920,943,2018-11-22 23:00:00,24,0.0946,0.123,0.5326,0.1041,0.1358,0.2309,0.085,0.1087,0.8343
921,944,2018-11-23 00:00:00,24,0.095,0.1229,0.5325,0.1056,0.1362,0.2618,0.0844,0.1079,0.8032
922,945,2018-11-23 01:00:00,24,0.0942,0.1226,0.5417,0.1075,0.1369,0.309,0.0809,0.1064,0.7745
923,946,2018-11-23 02:00:00,24,0.0936,0.1223,0.5312,0.1088,0.1373,0.315,0.0785,0.1052,0.7474
924,947,2018-11-23 03:00:00,24,0.0912,0.1214,0.5221,0.1076,0.137,0.3111,0.0748,0.1034,0.7332
925,948,2018-11-23 04:00:00,24,0.0924,0.1228,0.499,0.1035,0.1345,0.3538,0.0814,0.1098,0.6443
926,949,2018-11-23 05:00:00,24,0.0874,0.1182,0.5335,0.1022,0.1343,0.369,0.0726,0.0995,0.698
927,950,2018-11-23 06:00:00,24,0.0842,0.1168,0.5414,0.0989,0.133,0.3879,0.0694,0.0978,0.6949
928,951,2018-11-23 07:00:00,24,0.0886,0.121,0.5114,0.0999,0.1334,0.383,0.0773,0.1073,0.6398
929,952,2018-11-23 08:00:00,24,0.0933,0.1261,0.4775,0.0977,0.1286,0.3824,0.089,0.1236,0.5727
930,953,2018-11-23 09:00:00,24,0.0928,0.1228,0.5663,0.0927,0.1176,0.487,0.093,0.1278,0.6456
931,954,2018-11-23 10:00:00,24,0.0924,0.1225,0.6087,0.0927,0.1176,0.4956,0.0921,0.1273,0.7219
932,955,2018-11-23 11:00:00,24,0.1009,0.1347,0.4686,0.1058,0.1404,0.1659,0.0961,0.1288,0.7712
933,956,2018-11-23 12:00:00,24,0.0995,0.1316,0.5345,0.1004,0.1335,0.2796,0.0986,0.1298,0.7893
934,957,2018-11-23 13:00:00,24,0.1081,0.1412,0.5316,0.1066,0.1414,0.3181,0.1096,0.1409,0.745
935,958,2018-11-23 14:00:00,24,0.1113,0.1451,0.5837,0.1086,0.1426,0.4475,0.114,0.1476,0.72
936,959,2018-11-23 15:00:00,24,0.1139,0.1469,0.5997,0.1096,0.1434,0.4819,0.1181,0.1503,0.7175
937,960,2018-11-23 16:00:00,24,0.1166,0.1531,0.5207,0.1213,0.1591,0.3037,0.1119,0.1469,0.7378
938,961,2018-11-23 17:00:00,24,0.1178,0.1541,0.5264,0.1208,0.1587,0.3025,0.1148,0.1493,0.7502
939,962,2018-11-23 18:00:00,24,0.1194,0.1545,0.5181,0.1235,0.1594,0.2677,0.1152,0.1494,0.7684
940,963,2018-11-23 19:00:00,24,0.1182,0.1524,0.5434,0.117,0.154,0.316,0.1193,0.1508,0.7708
941,964,2018-11-23 20:00:00,24,0.1215,0.1566,0.5289,0.1199,0.1561,0.3183,0.1231,0.1571,0.7395
942,965,2018-11-23 21:00:00,24,0.1251,0.1601,0.5084,0.1232,0.1595,0.2891,0.1269,0.1606,0.7277
943,966,2018-11-23 22:00:00,24,0.1254,0.1612,0.5054,0.1218,0.159,0.2915,0.1289,0.1634,0.7193
944,967,2018-11-23 23:00:00,24,0.1251,0.1612,0.5036,0.1216,0.1589,0.2868,0.1286,0.1633,0.7203
945,968,2018-11-24 00:00:00,24,0.1275,0.1628,0.4909,0.125,0.1609,0.2722,0.1301,0.1646,0.7097
946,969,2018-11-24 01:00:00,24,0.1286,0.163,0.4914,0.1247,0.1608,0.2853,0.1325,0.1651,0.6975
947,970,2018-11-24 02:00:00,24,0.1278,0.1628,0.5003,0.1236,0.1605,0.3152,0.132,0.1651,0.6854
948,971,2018-11-24 03:00:00,24,0.1291,0.163,0.4956,0.1243,0.1606,0.3269,0.134,0.1654,0.6643
949,972,2018-11-24 04:00:00,24,0.1258,0.161,0.5111,0.1231,0.1604,0.344,0.1284,0.1615,0.6781
950,973,2018-11-24 05:00:00,24,0.1272,0.1614,0.5143,0.1234,0.1605,0.358,0.1311,0.1623,0.6706
951,974,2018-11-24 06:00:00,24,0.1303,0.1631,0.5072,0.1231,0.1605,0.3681,0.1374,0.1657,0.6464
952,975,2018-11-24 07:00:00,24,0.1256,0.1599,0.5165,0.1216,0.16,0.3615,0.1295,0.1598,0.6716
953,976,2018-11-24 08:00:00,24,0.1243,0.1603,0.4527,0.1271,0.1707,0.2012,0.1214,0.149,0.7042
954,977,2018-11-24 09:00:00,24,0.1179,0.1554,0.47,0.1211,0.1657,0.2504,0.1146,0.1445,0.6895
955,978,2018-11-24 10:00:00,24,0.1198,0.1576,0.4045,0.1179,0.1632,0.223,0.1217,0.1518,0.5859
956,979,2018-11-24 11:00:00,24,0.1152,0.15,0.3763,0.1103,0.1489,0.3633,0.1201,0.151,0.3893
957,980,2018-11-24 12:00:00,24,0.1193,0.155,0.1298,0.1177,0.1585,0.2965,0.1208,0.1515,-0.0369
958,981,2018-11-24 13:00:00,24,0.1116,0.1466,0.0721,0.1094,0.1505,0.3035,0.1139,0.1427,-0.1594
959,982,2018-11-24 14:00:00,24,0.1114,0.1458,0.1362,0.1148,0.1565,0.2081,0.108,0.1343,0.0643
960,983,2018-11-24 15:00:00,24,0.1089,0.1445,0.2818,0.11,0.1542,0.2953,0.1078,0.1341,0.2682
961,984,2018-11-24 16:00:00,24,0.1063,0.1379,0.4913,0.099,0.1384,0.539,0.1135,0.1374,0.4436
962,985,2018-11-24 17:00:00,24,0.1049,0.1373,0.5992,0.0959,0.1368,0.5886,0.1139,0.1378,0.6097
963,986,2018-11-24 18:00:00,24,0.111,0.1424,0.6867,0.0999,0.1403,0.646,0.1222,0.1443,0.7273
964,987,2018-11-24 19:00:00,24,0.1147,0.1464,0.7614,0.101,0.1409,0.7098,0.1283,0.1517,0.813
965,988,2018-11-24 20:00:00,24,0.1227,0.1689,0.773,0.1028,0.1431,0.7018,0.1427,0.1912,0.8442
966,989,2018-11-24 21:00:00,24,0.1302,0.1868,0.7974,0.1006,0.1403,0.7149,0.1598,0.2238,0.8799
967,990,2018-11-24 22:00:00,24,0.1429,0.2113,0.7916,0.1077,0.1468,0.6769,0.1782,0.2602,0.9063
968,991,2018-11-24 23:00:00,24,0.1511,0.2176,0.7973,0.1116,0.1484,0.6622,0.1906,0.2695,0.9324
969,992,2018-11-25 00:00:00,24,0.1476,0.2159,0.8069,0.1099,0.1471,0.6657,0.1853,0.2676,0.9482
970,993,2018-11-25 01:00:00,24,0.1491,0.2166,0.811,0.1103,0.1473,0.665,0.1879,0.2686,0.957
971,994,2018-11-25 02:00:00,24,0.1498,0.2168,0.8142,0.109,0.1472,0.6656,0.1906,0.269,0.9628
972,995,2018-11-25 03:00:00,24,0.1488,0.2167,0.8166,0.1089,0.1471,0.6668,0.1888,0.2688,0.9664
973,996,2018-11-25 04:00:00,24,0.1516,0.2178,0.8166,0.1098,0.1472,0.6653,0.1934,0.2706,0.968
974,997,2018-11-25 05:00:00,24,0.1538,0.2189,0.8161,0.1107,0.1474,0.6636,0.1969,0.2722,0.9687
975,998,2018-11-25 06:00:00,24,0.1557,0.2197,0.8147,0.1127,0.1478,0.6611,0.1986,0.2733,0.9683
976,999,2018-11-25 07:00:00,24,0.1571,0.2202,0.8095,0.1161,0.1493,0.6513,0.1981,0.2733,0.9676
977,1000,2018-11-25 08:00:00,24,0.1494,0.2128,0.8307,0.1024,0.1272,0.6946,0.1964,0.2727,0.9668
978,1001,2018-11-25 09:00:00,24,0.1518,0.2146,0.8024,0.0995,0.1264,0.6405,0.2041,0.2758,0.9642
979,1002,2018-11-25 10:00:00,24,0.1541,0.2168,0.7121,0.1013,0.1279,0.4645,0.2069,0.2786,0.9597
980,1003,2018-11-25 11:00:00,24,0.1538,0.2162,0.6659,0.0993,0.1252,0.3771,0.2083,0.279,0.9547
981,1004,2018-11-25 12:00:00,24,0.1534,0.2152,0.7361,0.0969,0.1201,0.5244,0.2099,0.2796,0.9478
982,1005,2018-11-25 13:00:00,24,0.1652,0.2268,0.6293,0.1093,0.1394,0.3234,0.221,0.2888,0.9352
983,1006,2018-11-25 14:00:00,24,0.1627,0.2248,0.6548,0.1045,0.1331,0.3868,0.2209,0.2888,0.9228
984,1007,2018-11-25 15:00:00,24,0.1663,0.2265,0.6258,0.1115,0.1383,0.3472,0.2211,0.2889,0.9045
985,1008,2018-11-25 16:00:00,24,0.1659,0.2262,0.6249,0.1126,0.139,0.3727,0.2192,0.2881,0.8772
986,1009,2018-11-25 17:00:00,24,0.1631,0.225,0.6104,0.1135,0.1393,0.3864,0.2126,0.2861,0.8344
987,1010,2018-11-25 18:00:00,24,0.1586,0.2226,0.582,0.1071,0.135,0.4027,0.2101,0.2845,0.7612
988,1011,2018-11-25 19:00:00,24,0.1573,0.2212,0.4389,0.1111,0.1386,0.2364,0.2035,0.2805,0.6415
989,1012,2018-11-25 20:00:00,24,0.1458,0.2027,0.4655,0.1035,0.1329,0.2681,0.1881,0.254,0.663
990,1013,2018-11-25 21:00:00,24,0.1343,0.1831,0.5236,0.1015,0.1311,0.2826,0.167,0.2233,0.7646
991,1014,2018-11-25 22:00:00,24,0.1195,0.1519,0.598,0.0934,0.1235,0.3307,0.1457,0.1758,0.8653
992,1015,2018-11-25 23:00:00,24,0.1173,0.1493,0.5546,0.0907,0.1218,0.2441,0.1439,0.1725,0.8651
993,1016,2018-11-26 00:00:00,24,0.1202,0.1532,0.5229,0.0872,0.1204,0.2046,0.1532,0.1802,0.8411
994,1017,2018-11-26 01:00:00,24,0.1174,0.152,0.5143,0.0866,0.12,0.2062,0.1483,0.1783,0.8225
995,1018,2018-11-26 02:00:00,24,0.1185,0.1524,0.4806,0.0873,0.1201,0.1788,0.1496,0.1789,0.7824
996,1019,2018-11-26 03:00:00,24,0.1202,0.1529,0.4369,0.0897,0.1213,0.1598,0.1507,0.1791,0.7141
997,1020,2018-11-26 04:00:00,24,0.117,0.1512,0.3849,0.0899,0.1213,0.1266,0.1442,0.1761,0.6432
998,1021,2018-11-26 05:00:00,24,0.1189,0.1531,0.3312,0.0978,0.1297,0.0847,0.1401,0.1733,0.5777
999,1022,2018-11-26 06:00:00,24,0.1173,0.1511,0.3252,0.0986,0.1301,0.1105,0.1361,0.1696,0.5399
1000,1023,2018-11-26 07:00:00,24,0.1178,0.1515,0.299,0.0949,0.1283,0.135,0.1408,0.1716,0.463
1001,1024,2018-11-26 08:00:00,24,0.1291,0.1655,0.3049,0.1061,0.1441,0.2399,0.1521,0.1844,0.3699
1002,1025,2018-11-26 09:00:00,24,0.1329,0.1676,0.3636,0.1136,0.1489,0.2533,0.1521,0.1844,0.4739
1003,1026,2018-11-26 10:00:00,24,0.13,0.1651,0.3939,0.1192,0.1561,0.1759,0.1409,0.1736,0.6118
1004,1027,2018-11-26 11:00:00,24,0.1328,0.168,0.443,0.1231,0.161,0.2025,0.1425,0.1747,0.6836
1005,1028,2018-11-26 12:00:00,24,0.138,0.1841,0.2548,0.138,0.195,-0.2309,0.138,0.1725,0.7406
1006,1029,2018-11-26 13:00:00,24,0.1299,0.1722,0.4683,0.1291,0.1835,0.1246,0.1307,0.1602,0.8119
1007,1030,2018-11-26 14:00:00,24,0.1319,0.1747,0.4591,0.1344,0.1889,0.0827,0.1294,0.1593,0.8354
1008,1031,2018-11-26 15:00:00,24,0.1302,0.1742,0.513,0.1358,0.1903,0.1703,0.1246,0.1564,0.8557
1009,1032,2018-11-26 16:00:00,24,0.1291,0.1738,0.5567,0.133,0.1893,0.2516,0.1252,0.1568,0.8618
1010,1033,2018-11-26 17:00:00,24,0.1293,0.1739,0.589,0.1308,0.189,0.3157,0.1278,0.1575,0.8623
1011,1034,2018-11-26 18:00:00,24,0.1356,0.1804,0.6403,0.1445,0.2016,0.4163,0.1267,0.1565,0.8643
1012,1035,2018-11-26 19:00:00,24,0.1347,0.1798,0.6791,0.1433,0.2006,0.4934,0.1262,0.1562,0.8648
1013,1036,2018-11-26 20:00:00,24,0.1372,0.1803,0.6784,0.1526,0.2062,0.4782,0.1219,0.1499,0.8786
1014,1037,2018-11-26 21:00:00,24,0.1346,0.1794,0.6844,0.1492,0.2053,0.4881,0.1201,0.149,0.8807
1015,1038,2018-11-26 22:00:00,24,0.1367,0.1801,0.6922,0.1557,0.2084,0.4989,0.1176,0.1464,0.8855
1016,1039,2018-11-26 23:00:00,24,0.135,0.1775,0.7095,0.1559,0.2085,0.526,0.1141,0.1399,0.893
1017,1040,2018-11-27 00:00:00,24,0.1312,0.1738,0.7244,0.1571,0.2086,0.5501,0.1052,0.13,0.8988
1018,1041,2018-11-27 01:00:00,24,0.1311,0.1737,0.7264,0.1565,0.2084,0.5648,0.1058,0.1301,0.888
1019,1042,2018-11-27 02:00:00,24,0.13,0.1732,0.7298,0.1572,0.2085,0.5773,0.1029,0.1285,0.8822
1020,1043,2018-11-27 03:00:00,24,0.1294,0.173,0.7262,0.154,0.2077,0.5829,0.1047,0.1293,0.8694
1021,1044,2018-11-27 04:00:00,24,0.1299,0.1731,0.72,0.1542,0.2078,0.5861,0.1055,0.1294,0.8539
1022,1045,2018-11-27 05:00:00,24,0.1264,0.1702,0.6999,0.1465,0.2027,0.5763,0.1063,0.1299,0.8236
1023,1046,2018-11-27 06:00:00,24,0.1288,0.1721,0.6676,0.1515,0.206,0.5309,0.106,0.1297,0.8042
1024,1047,2018-11-27 07:00:00,24,0.129,0.1718,0.6481,0.1539,0.2065,0.4918,0.1041,0.1281,0.8043
1025,1048,2018-11-27 08:00:00,24,0.1219,0.1643,0.633,0.1534,0.2058,0.3941,0.0903,0.108,0.872
1026,1049,2018-11-27 09:00:00,24,0.1208,0.1634,0.5829,0.1546,0.2069,0.2766,0.087,0.1028,0.8892
1027,1050,2018-11-27 10:00:00,24,0.1216,0.165,0.6388,0.1564,0.2095,0.3857,0.0868,0.1028,0.8919
1028,1051,2018-11-27 11:00:00,24,0.1256,0.1713,0.5499,0.1621,0.2177,0.2104,0.0892,0.1064,0.8895
1029,1052,2018-11-27 12:00:00,24,0.1223,0.1567,0.6952,0.1502,0.192,0.5009,0.0944,0.1108,0.8895
1030,1053,2018-11-27 13:00:00,24,0.121,0.1554,0.7217,0.1503,0.192,0.542,0.0918,0.1069,0.9014
1031,1054,2018-11-27 14:00:00,24,0.1187,0.153,0.7344,0.1474,0.1887,0.5674,0.09,0.1057,0.9013
1032,1055,2018-11-27 15:00:00,24,0.1169,0.1507,0.7392,0.1432,0.185,0.5855,0.0905,0.1059,0.893
1033,1056,2018-11-27 16:00:00,24,0.1229,0.1565,0.7312,0.1492,0.1885,0.5828,0.0966,0.1161,0.8797
1034,1057,2018-11-27 17:00:00,24,0.1249,0.1577,0.7439,0.1554,0.191,0.6026,0.0945,0.1152,0.8851
1035,1058,2018-11-27 18:00:00,24,0.1241,0.1591,0.7101,0.1574,0.1948,0.526,0.0908,0.1126,0.8942
1036,1059,2018-11-27 19:00:00,24,0.1221,0.1578,0.6971,0.1546,0.1931,0.4974,0.0895,0.1119,0.8968
1037,1060,2018-11-27 20:00:00,24,0.1201,0.1581,0.6892,0.1454,0.1871,0.5234,0.0947,0.1224,0.855
1038,1061,2018-11-27 21:00:00,24,0.1255,0.1635,0.6596,0.1463,0.1873,0.5158,0.1047,0.1356,0.8033
1039,1062,2018-11-27 22:00:00,24,0.1253,0.1659,0.6459,0.139,0.1837,0.5027,0.1117,0.146,0.7891
1040,1063,2018-11-27 23:00:00,24,0.1221,0.1634,0.643,0.1414,0.1847,0.4556,0.1029,0.1389,0.8303
1041,1064,2018-11-28 00:00:00,24,0.1248,0.165,0.6153,0.1417,0.1847,0.3829,0.1079,0.1426,0.8477
1042,1065,2018-11-28 01:00:00,24,0.1276,0.1662,0.5777,0.1436,0.1854,0.2994,0.1117,0.1444,0.856
1043,1066,2018-11-28 02:00:00,24,0.1311,0.1686,0.5059,0.1437,0.1854,0.1705,0.1185,0.1499,0.8413
1044,1067,2018-11-28 03:00:00,24,0.131,0.1684,0.4151,0.1452,0.1857,-0.0098,0.1168,0.1492,0.8401
1045,1068,2018-11-28 04:00:00,24,0.1336,0.1704,0.2347,0.1437,0.1855,-0.3487,0.1236,0.1539,0.8181
1046,1069,2018-11-28 05:00:00,24,0.1343,0.1713,-0.0525,0.1422,0.1853,-0.8943,0.1263,0.156,0.7894
1047,1070,2018-11-28 06:00:00,24,0.1304,0.1688,-0.1197,0.136,0.1813,-1.0103,0.1248,0.1552,0.7708
1048,1071,2018-11-28 07:00:00,24,0.1308,0.1695,-0.1822,0.1338,0.1807,-1.1161,0.1277,0.1574,0.7517
1049,1072,2018-11-28 08:00:00,24,0.1345,0.1715,-0.0319,0.1339,0.1809,-0.7986,0.135,0.1617,0.7347
1050,1073,2018-11-28 09:00:00,24,0.1363,0.1733,-0.0157,0.1343,0.1813,-0.7593,0.1383,0.1649,0.728
1051,1074,2018-11-28 10:00:00,24,0.1371,0.1719,-0.1402,0.1285,0.1734,-1.0206,0.1458,0.1704,0.7402
1052,1075,2018-11-28 11:00:00,24,0.1303,0.1643,0.0818,0.1127,0.1551,-0.6337,0.1479,0.173,0.7973
1053,1076,2018-11-28 12:00:00,24,0.1326,0.1706,0.1762,0.1188,0.1693,-0.4955,0.1465,0.1719,0.848
1054,1077,2018-11-28 13:00:00,24,0.1332,0.1712,0.4735,0.1207,0.1711,0.0654,0.1457,0.1713,0.8817
1055,1078,2018-11-28 14:00:00,24,0.1334,0.1708,0.581,0.1176,0.1685,0.2666,0.1491,0.1731,0.8953
1056,1079,2018-11-28 15:00:00,24,0.1408,0.182,0.4834,0.1313,0.1901,0.0627,0.1502,0.1735,0.9041
1057,1080,2018-11-28 16:00:00,24,0.1403,0.183,0.5143,0.1375,0.1983,0.1105,0.1432,0.1663,0.9182
1058,1081,2018-11-28 17:00:00,24,0.146,0.1874,0.4704,0.142,0.2028,0.0194,0.1501,0.1706,0.9214
1059,1082,2018-11-28 18:00:00,24,0.1407,0.1795,0.5427,0.1284,0.1869,0.1581,0.153,0.1718,0.9272
1060,1083,2018-11-28 19:00:00,24,0.1413,0.1799,0.5518,0.1301,0.1878,0.1719,0.1525,0.1717,0.9318
1061,1084,2018-11-28 20:00:00,24,0.1389,0.1758,0.5779,0.1331,0.1886,0.2138,0.1446,0.162,0.942
1062,1085,2018-11-28 21:00:00,24,0.1448,0.1893,0.574,0.1337,0.1888,0.2298,0.156,0.1898,0.9182
1063,1086,2018-11-28 22:00:00,24,0.154,0.2078,0.5732,0.1369,0.1895,0.2675,0.1712,0.2247,0.879
1064,1087,2018-11-28 23:00:00,24,0.1653,0.2232,0.5915,0.1363,0.1892,0.3311,0.1944,0.2527,0.8518
1065,1088,2018-11-29 00:00:00,24,0.1697,0.2284,0.6249,0.1365,0.1892,0.3958,0.203,0.2617,0.854
1066,1089,2018-11-29 01:00:00,24,0.1714,0.2305,0.6557,0.1337,0.1884,0.4403,0.2091,0.266,0.871
1067,1090,2018-11-29 02:00:00,24,0.1705,0.2295,0.6926,0.1365,0.1896,0.4917,0.2045,0.2635,0.8935
1068,1091,2018-11-29 03:00:00,24,0.1722,0.2301,0.7163,0.1366,0.1896,0.5234,0.2079,0.2645,0.9091
1069,1092,2018-11-29 04:00:00,24,0.1725,0.2302,0.7366,0.137,0.1896,0.5495,0.2081,0.2647,0.9238
1070,1093,2018-11-29 05:00:00,24,0.1702,0.2292,0.7522,0.1371,0.1896,0.5697,0.2033,0.2629,0.9346
1071,1094,2018-11-29 06:00:00,24,0.1732,0.2305,0.7661,0.1391,0.1903,0.5924,0.2074,0.2647,0.9398
1072,1095,2018-11-29 07:00:00,24,0.1745,0.2318,0.7787,0.1385,0.1902,0.6127,0.2105,0.267,0.9448
1073,1096,2018-11-29 08:00:00,24,0.1704,0.2291,0.8142,0.1365,0.1871,0.678,0.2042,0.2645,0.9503
1074,1097,2018-11-29 09:00:00,24,0.166,0.2264,0.8302,0.1344,0.1849,0.7063,0.1977,0.2614,0.9542
1075,1098,2018-11-29 10:00:00,24,0.1732,0.2362,0.8212,0.1373,0.1881,0.6932,0.209,0.2761,0.9492
1076,1099,2018-11-29 11:00:00,24,0.1722,0.2346,0.8201,0.1406,0.1888,0.691,0.2037,0.2727,0.9492
1077,1100,2018-11-29 12:00:00,24,0.1679,0.2304,0.8058,0.1365,0.18,0.6641,0.1992,0.2716,0.9475
1078,1101,2018-11-29 13:00:00,24,0.1707,0.233,0.7351,0.1408,0.1856,0.5269,0.2006,0.2723,0.9434
1079,1102,2018-11-29 14:00:00,24,0.1736,0.2349,0.6147,0.1452,0.1893,0.2909,0.202,0.2731,0.9386
1080,1103,2018-11-29 15:00:00,24,0.1746,0.2336,0.6474,0.1349,0.1707,0.3662,0.2142,0.2829,0.9285
1081,1104,2018-11-29 16:00:00,24,0.1782,0.237,0.6773,0.1374,0.176,0.4349,0.2189,0.2853,0.9198
1082,1105,2018-11-29 17:00:00,24,0.1788,0.2379,0.6895,0.1337,0.1713,0.473,0.2239,0.2895,0.906
1083,1106,2018-11-29 18:00:00,24,0.1852,0.2424,0.6942,0.1394,0.1757,0.5005,0.2311,0.2943,0.8878
1084,1107,2018-11-29 19:00:00,24,0.188,0.2436,0.6865,0.1423,0.1783,0.5036,0.2336,0.2949,0.8693
1085,1108,2018-11-29 20:00:00,24,0.1911,0.2457,0.679,0.1434,0.1789,0.5057,0.2388,0.2978,0.8523
1086,1109,2018-11-29 21:00:00,24,0.1863,0.2358,0.6898,0.1453,0.1797,0.5159,0.2273,0.2809,0.8637
1087,1110,2018-11-29 22:00:00,24,0.1809,0.221,0.6842,0.1533,0.1874,0.4731,0.2084,0.2502,0.8953
1088,1111,2018-11-29 23:00:00,24,0.1697,0.2053,0.6985,0.1512,0.1866,0.476,0.1883,0.2224,0.9211
1089,1112,2018-11-30 00:00:00,24,0.1667,0.2006,0.6984,0.1579,0.1913,0.4637,0.1755,0.2095,0.9331
1090,1113,2018-11-30 01:00:00,24,0.162,0.1972,0.7052,0.1591,0.1915,0.4718,0.1648,0.2027,0.9386
1091,1114,2018-11-30 02:00:00,24,0.1616,0.1972,0.7042,0.1569,0.1906,0.4696,0.1663,0.2035,0.9389
1092,1115,2018-11-30 03:00:00,24,0.1652,0.1994,0.6937,0.1611,0.1927,0.4496,0.1694,0.2059,0.9379
1093,1116,2018-11-30 04:00:00,24,0.1636,0.1981,0.6872,0.1648,0.1938,0.4368,0.1624,0.2023,0.9377
1094,1117,2018-11-30 05:00:00,24,0.1682,0.1999,0.6809,0.1693,0.1953,0.428,0.1671,0.2045,0.9338
1095,1118,2018-11-30 06:00:00,24,0.1654,0.1985,0.6673,0.1694,0.1953,0.4016,0.1614,0.2017,0.9331
1096,1119,2018-11-30 07:00:00,24,0.1622,0.196,0.6468,0.1718,0.1958,0.3642,0.1526,0.1963,0.9294
1097,1120,2018-11-30 08:00:00,24,0.1577,0.1924,0.5732,0.1609,0.1879,0.2313,0.1544,0.1968,0.9151
1098,1121,2018-11-30 09:00:00,24,0.1647,0.1997,0.469,0.169,0.1991,0.0481,0.1605,0.2003,0.8899
1099,1122,2018-11-30 10:00:00,24,0.1519,0.1845,0.4993,0.1633,0.1942,0.0944,0.1406,0.1742,0.9041
1100,1123,2018-11-30 11:00:00,24,0.1543,0.1875,0.5193,0.1711,0.201,0.1497,0.1375,0.1729,0.889
1101,1124,2018-11-30 12:00:00,24,0.1559,0.1866,0.5279,0.1687,0.1972,0.1986,0.143,0.1754,0.8573
1102,1125,2018-11-30 13:00:00,24,0.1495,0.1812,0.5077,0.1583,0.1883,0.1948,0.1407,0.1738,0.8206
1103,1126,2018-11-30 14:00:00,24,0.1466,0.1795,0.4701,0.1579,0.1879,0.1681,0.1353,0.1707,0.7721
1104,1127,2018-11-30 15:00:00,24,0.1414,0.1729,0.4877,0.1597,0.19,0.2014,0.123,0.1538,0.7739
1105,1128,2018-11-30 16:00:00,24,0.1331,0.1631,0.4817,0.1513,0.1768,0.207,0.115,0.1482,0.7563
1106,1129,2018-11-30 17:00:00,24,0.1318,0.1628,0.5023,0.1582,0.1863,0.2189,0.1053,0.1352,0.7857
1107,1130,2018-11-30 18:00:00,24,0.1245,0.1557,0.523,0.1517,0.1819,0.2194,0.0974,0.1241,0.8265
1108,1131,2018-11-30 19:00:00,24,0.1262,0.1583,0.4898,0.1555,0.1866,0.142,0.097,0.1238,0.8375
1109,1132,2018-11-30 20:00:00,24,0.1199,0.154,0.5084,0.1518,0.1852,0.1462,0.0881,0.1144,0.8707
1110,1133,2018-11-30 21:00:00,24,0.1151,0.149,0.5065,0.1481,0.1842,0.1178,0.082,0.1024,0.8951
1111,1134,2018-11-30 22:00:00,24,0.1076,0.1416,0.5462,0.137,0.1756,0.1955,0.0783,0.0963,0.8968
1112,1135,2018-11-30 23:00:00,24,0.1077,0.1417,0.5337,0.1369,0.1756,0.1955,0.0786,0.0967,0.872
1113,1136,2018-12-01 00:00:00,24,0.1056,0.1392,0.5098,0.1316,0.1711,0.1806,0.0797,0.0975,0.8389
1114,1137,2018-12-01 01:00:00,24,0.1068,0.1395,0.4526,0.1311,0.1709,0.13,0.0825,0.0986,0.7752
1115,1138,2018-12-01 02:00:00,24,0.1053,0.1386,0.4103,0.1314,0.171,0.1146,0.0792,0.0956,0.7061
1116,1139,2018-12-01 03:00:00,24,0.1011,0.1354,0.428,0.1254,0.1683,0.1637,0.0768,0.0914,0.6923
1117,1140,2018-12-01 04:00:00,24,0.1047,0.1394,0.4077,0.1232,0.1674,0.2102,0.0862,0.1043,0.6052
1118,1141,2018-12-01 05:00:00,24,0.1027,0.1378,0.4526,0.1226,0.167,0.2139,0.0828,0.1006,0.6914
1119,1142,2018-12-01 06:00:00,24,0.1035,0.1389,0.4811,0.119,0.1659,0.2277,0.088,0.1053,0.7345
1120,1143,2018-12-01 07:00:00,24,0.1029,0.1388,0.5129,0.1163,0.1653,0.2417,0.0894,0.1058,0.784
1121,1144,2018-12-01 08:00:00,24,0.1105,0.1475,0.4928,0.13,0.179,0.1696,0.091,0.1071,0.816
1122,1145,2018-12-01 09:00:00,24,0.1063,0.1414,0.5798,0.1177,0.1634,0.3055,0.0948,0.1153,0.8541
1123,1146,2018-12-01 10:00:00,24,0.1097,0.1437,0.5993,0.1171,0.1631,0.3131,0.1023,0.1213,0.8855
1124,1147,2018-12-01 11:00:00,24,0.1064,0.1392,0.5848,0.1081,0.1541,0.2585,0.1047,0.1226,0.9112
1125,1148,2018-12-01 12:00:00,24,0.1017,0.1331,0.6266,0.1021,0.1452,0.3202,0.1014,0.1198,0.9329
1126,1149,2018-12-01 13:00:00,24,0.1065,0.1397,0.5472,0.1133,0.1579,0.1512,0.0998,0.1188,0.9432
1127,1150,2018-12-01 14:00:00,24,0.1088,0.1413,0.6093,0.1138,0.1587,0.2733,0.1038,0.1216,0.9454
1128,1151,2018-12-01 15:00:00,24,0.1159,0.1563,0.4877,0.1247,0.1825,0.0312,0.1072,0.1248,0.9442
1129,1152,2018-12-01 16:00:00,24,0.1228,0.1647,0.4563,0.1325,0.1942,-0.0283,0.1131,0.1285,0.9408
1130,1153,2018-12-01 17:00:00,24,0.1218,0.1615,0.4411,0.1272,0.1867,-0.0558,0.1165,0.1315,0.938
1131,1154,2018-12-01 18:00:00,24,0.129,0.1687,0.3757,0.1321,0.1895,-0.1771,0.1258,0.1449,0.9286
1132,1155,2018-12-01 19:00:00,24,0.1231,0.1636,0.4422,0.1225,0.1811,-0.0474,0.1238,0.144,0.9319
1133,1156,2018-12-01 20:00:00,24,0.124,0.1638,0.443,0.124,0.1815,-0.0472,0.124,0.144,0.9331
1134,1157,2018-12-01 21:00:00,24,0.1328,0.1738,0.4452,0.1314,0.1853,-0.0202,0.1341,0.1615,0.9106
1135,1158,2018-12-01 22:00:00,24,0.142,0.1839,0.4921,0.138,0.1883,0.1065,0.146,0.1795,0.8777
1136,1159,2018-12-01 23:00:00,24,0.1509,0.1973,0.5375,0.1388,0.1885,0.2472,0.163,0.2058,0.8278
1137,1160,2018-12-02 00:00:00,24,0.1519,0.1979,0.5624,0.1388,0.1885,0.2994,0.165,0.2069,0.8254
1138,1161,2018-12-02 01:00:00,24,0.1536,0.1986,0.5665,0.1401,0.1889,0.3127,0.1671,0.2079,0.8202
1139,1162,2018-12-02 02:00:00,24,0.1525,0.1984,0.5678,0.1391,0.1886,0.3175,0.1659,0.2077,0.8181
1140,1163,2018-12-02 03:00:00,24,0.1512,0.1976,0.563,0.1397,0.1886,0.304,0.1627,0.2062,0.822
1141,1164,2018-12-02 04:00:00,24,0.1483,0.195,0.5457,0.1394,0.1885,0.2568,0.1572,0.2013,0.8346
1142,1165,2018-12-02 05:00:00,24,0.1491,0.196,0.5426,0.1363,0.1874,0.2546,0.1619,0.2042,0.8306
1143,1166,2018-12-02 06:00:00,24,0.1504,0.1962,0.5236,0.1391,0.188,0.2159,0.1618,0.2041,0.8313
1144,1167,2018-12-02 07:00:00,24,0.1511,0.1963,0.5044,0.141,0.1883,0.1764,0.1613,0.204,0.8323
1145,1168,2018-12-02 08:00:00,24,0.1485,0.1939,0.5515,0.1287,0.1755,0.2815,0.1684,0.2107,0.8214
1146,1169,2018-12-02 09:00:00,24,0.1429,0.1895,0.5491,0.128,0.1753,0.2657,0.1578,0.2028,0.8324
1147,1170,2018-12-02 10:00:00,24,0.1402,0.1878,0.5482,0.1276,0.175,0.2646,0.1528,0.1997,0.8318
1148,1171,2018-12-02 11:00:00,24,0.1409,0.188,0.542,0.1292,0.1757,0.2624,0.1526,0.1996,0.8216
1149,1172,2018-12-02 12:00:00,24,0.1449,0.193,0.5349,0.126,0.1737,0.2813,0.1639,0.2106,0.7884
1150,1173,2018-12-02 13:00:00,24,0.1413,0.1887,0.5419,0.1161,0.1626,0.3088,0.1665,0.2117,0.775
1151,1174,2018-12-02 14:00:00,24,0.1376,0.186,0.4365,0.11,0.1572,0.0996,0.1653,0.211,0.7735
1152,1175,2018-12-02 15:00:00,24,0.1275,0.1712,0.6394,0.0899,0.1188,0.5111,0.1652,0.2109,0.7676
1153,1176,2018-12-02 16:00:00,24,0.1226,0.1651,0.6224,0.0847,0.1042,0.4757,0.1606,0.2089,0.769
1154,1177,2018-12-02 17:00:00,24,0.1227,0.1651,0.607,0.0833,0.1017,0.4629,0.1622,0.2102,0.751
1155,1178,2018-12-02 18:00:00,24,0.1193,0.1621,0.6177,0.0779,0.0962,0.5257,0.1607,0.2081,0.7096
1156,1179,2018-12-02 19:00:00,24,0.123,0.1655,0.588,0.0772,0.0959,0.5274,0.1688,0.2136,0.6487
1157,1180,2018-12-02 20:00:00,24,0.1305,0.1727,0.5627,0.0793,0.0978,0.5206,0.1817,0.2238,0.6049
1158,1181,2018-12-02 21:00:00,24,0.1318,0.1813,0.6508,0.0742,0.0912,0.5944,0.1893,0.2396,0.7073
1159,1182,2018-12-02 22:00:00,24,0.1257,0.1729,0.7333,0.0706,0.0863,0.6455,0.1809,0.2288,0.8211
1160,1183,2018-12-02 23:00:00,24,0.1225,0.1637,0.7481,0.0719,0.0874,0.6092,0.1731,0.2144,0.887
1161,1184,2018-12-03 00:00:00,24,0.1259,0.17,0.7662,0.0696,0.0858,0.6249,0.1821,0.2246,0.9076
1162,1185,2018-12-03 01:00:00,24,0.1278,0.1718,0.7759,0.0697,0.0859,0.6257,0.1858,0.2272,0.9261
1163,1186,2018-12-03 02:00:00,24,0.1299,0.1726,0.7814,0.0696,0.0858,0.6278,0.1902,0.2286,0.9351
1164,1187,2018-12-03 03:00:00,24,0.1319,0.1733,0.7758,0.0722,0.0874,0.6114,0.1916,0.229,0.9402
1165,1188,2018-12-03 04:00:00,24,0.1306,0.1727,0.7786,0.0725,0.0875,0.6123,0.1886,0.228,0.9448
1166,1189,2018-12-03 05:00:00,24,0.1287,0.1711,0.7759,0.074,0.0883,0.6031,0.1835,0.2254,0.9488
1167,1190,2018-12-03 06:00:00,24,0.1258,0.1696,0.7822,0.0724,0.0874,0.6128,0.1792,0.2234,0.9517
1168,1191,2018-12-03 07:00:00,24,0.1246,0.1694,0.7873,0.071,0.0868,0.6217,0.1782,0.2233,0.953
1169,1192,2018-12-03 08:00:00,24,0.1224,0.1672,0.7761,0.0782,0.0969,0.5947,0.1666,0.2158,0.9574
1170,1193,2018-12-03 09:00:00,24,0.1265,0.1694,0.7601,0.0826,0.1015,0.5622,0.1704,0.2171,0.9581
1171,1194,2018-12-03 10:00:00,24,0.1321,0.174,0.7556,0.0886,0.11,0.5531,0.1756,0.2201,0.958
1172,1195,2018-12-03 11:00:00,24,0.1378,0.1824,0.6004,0.1013,0.1353,0.2426,0.1742,0.2196,0.9582
1173,1196,2018-12-03 12:00:00,24,0.1349,0.1791,0.5435,0.1085,0.1434,0.1267,0.1612,0.2087,0.9602
1174,1197,2018-12-03 13:00:00,24,0.139,0.1822,0.4304,0.1135,0.1478,-0.0939,0.1645,0.2111,0.9547
1175,1198,2018-12-03 14:00:00,24,0.1379,0.1821,0.1948,0.1152,0.1489,-0.5575,0.1605,0.2101,0.947
1176,1199,2018-12-03 15:00:00,24,0.1386,0.182,-0.2376,0.1185,0.1502,-1.411,0.1586,0.2089,0.9359
1177,1200,2018-12-03 16:00:00,24,0.1354,0.179,-0.12,0.1093,0.1413,-1.1541,0.1616,0.21,0.914
1178,1201,2018-12-03 17:00:00,24,0.1342,0.1787,-0.0715,0.1048,0.1375,-1.0191,0.1635,0.212,0.8761
1179,1202,2018-12-03 18:00:00,24,0.1391,0.1831,-0.093,0.1164,0.1516,-1.0052,0.1618,0.2099,0.8193
1180,1203,2018-12-03 19:00:00,24,0.1424,0.1895,-0.0333,0.1156,0.1515,-0.7602,0.1692,0.2211,0.6936
1181,1204,2018-12-03 20:00:00,24,0.1468,0.2036,-0.0279,0.1124,0.1499,-0.6381,0.1813,0.2458,0.5823
1182,1205,2018-12-03 21:00:00,24,0.1395,0.1885,0.0084,0.1133,0.1504,-0.6567,0.1656,0.2201,0.6735
1183,1206,2018-12-03 22:00:00,24,0.1376,0.1877,0.0339,0.1174,0.1538,-0.6284,0.1577,0.2164,0.6961
1184,1207,2018-12-03 23:00:00,24,0.1298,0.1818,0.0991,0.1146,0.1529,-0.5477,0.145,0.2066,0.746
1185,1208,2018-12-04 00:00:00,24,0.1261,0.1757,0.1835,0.118,0.1545,-0.4253,0.1342,0.1945,0.7922
1186,1209,2018-12-04 01:00:00,24,0.1265,0.1764,0.2124,0.1174,0.1543,-0.3711,0.1355,0.1961,0.7959
1187,1210,2018-12-04 02:00:00,24,0.1243,0.1755,0.2123,0.1174,0.1542,-0.3771,0.1313,0.1945,0.8018
1188,1211,2018-12-04 03:00:00,24,0.1246,0.176,0.219,0.1157,0.1536,-0.3576,0.1335,0.1959,0.7957
1189,1212,2018-12-04 04:00:00,24,0.1244,0.1761,0.2274,0.114,0.1533,-0.3369,0.1348,0.1963,0.7916
1190,1213,2018-12-04 05:00:00,24,0.1246,0.1764,0.216,0.1123,0.1528,-0.3511,0.1369,0.1972,0.7832
1191,1214,2018-12-04 06:00:00,24,0.126,0.1772,0.2051,0.1115,0.1527,-0.3582,0.1404,0.1988,0.7684
1192,1215,2018-12-04 07:00:00,24,0.1272,0.1776,0.1986,0.1144,0.1536,-0.3588,0.1401,0.1988,0.756
1193,1216,2018-12-04 08:00:00,24,0.1324,0.1812,0.1696,0.1149,0.1543,-0.3897,0.1499,0.2045,0.7288
1194,1217,2018-12-04 09:00:00,24,0.1344,0.1829,0.1499,0.116,0.1555,-0.4188,0.1528,0.2067,0.7186
1195,1218,2018-12-04 10:00:00,24,0.1329,0.1818,0.0968,0.1112,0.1503,-0.5355,0.1547,0.2087,0.7292
1196,1219,2018-12-04 11:00:00,24,0.1344,0.1855,0.1486,0.1143,0.159,-0.4376,0.1545,0.2086,0.7348
1197,1220,2018-12-04 12:00:00,24,0.1375,0.1871,0.367,0.1142,0.1589,0.012,0.1609,0.2117,0.722
1198,1221,2018-12-04 13:00:00,24,0.1364,0.1867,0.5174,0.11,0.1552,0.3426,0.1628,0.2136,0.6921
1199,1222,2018-12-04 14:00:00,24,0.1392,0.1879,0.542,0.1092,0.1547,0.426,0.1692,0.2161,0.6579
1200,1223,2018-12-04 15:00:00,24,0.144,0.1941,0.5151,0.1085,0.1543,0.4193,0.1795,0.227,0.611
1201,1224,2018-12-04 16:00:00,24,0.151,0.1994,0.5155,0.1183,0.1634,0.4303,0.1837,0.2299,0.6007
1202,1225,2018-12-04 17:00:00,24,0.1544,0.202,0.5114,0.1267,0.1717,0.3429,0.1821,0.2283,0.68
1203,1226,2018-12-04 18:00:00,24,0.1487,0.1972,0.6038,0.1147,0.1592,0.4423,0.1827,0.229,0.7654
1204,1227,2018-12-04 19:00:00,24,0.145,0.1896,0.6299,0.1201,0.1617,0.4266,0.1699,0.2138,0.8332
1205,1228,2018-12-04 20:00:00,24,0.1345,0.168,0.6595,0.1198,0.1617,0.4261,0.1491,0.1741,0.893
1206,1229,2018-12-04 21:00:00,24,0.1344,0.1682,0.6627,0.1192,0.1614,0.4231,0.1497,0.1747,0.9022
1207,1230,2018-12-04 22:00:00,24,0.1352,0.1681,0.6688,0.1185,0.1607,0.4287,0.1519,0.1751,0.9088
1208,1231,2018-12-04 23:00:00,24,0.1431,0.1762,0.6653,0.1194,0.1608,0.4245,0.1668,0.1904,0.9061
1209,1232,2018-12-05 00:00:00,24,0.1452,0.1783,0.6743,0.1182,0.1601,0.4326,0.1721,0.1949,0.9161
1210,1233,2018-12-05 01:00:00,24,0.1444,0.1771,0.6813,0.1189,0.1604,0.431,0.1698,0.1923,0.9316
1211,1234,2018-12-05 02:00:00,24,0.1475,0.1788,0.6828,0.1188,0.1603,0.426,0.1761,0.1955,0.9396
1212,1235,2018-12-05 03:00:00,24,0.1469,0.1782,0.6868,0.1214,0.1615,0.4262,0.1724,0.1935,0.9473
1213,1236,2018-12-05 04:00:00,24,0.1469,0.1781,0.6841,0.1235,0.1619,0.4161,0.1703,0.193,0.9522
1214,1237,2018-12-05 05:00:00,24,0.1455,0.1775,0.6745,0.1239,0.162,0.3936,0.1671,0.1918,0.9553
1215,1238,2018-12-05 06:00:00,24,0.1437,0.1766,0.6581,0.1249,0.1621,0.358,0.1625,0.1899,0.9582
1216,1239,2018-12-05 07:00:00,24,0.1466,0.179,0.6508,0.1218,0.1612,0.3454,0.1713,0.1951,0.9563
1217,1240,2018-12-05 08:00:00,24,0.1485,0.1821,0.581,0.1261,0.1685,0.2076,0.171,0.1947,0.9544
1218,1241,2018-12-05 09:00:00,24,0.1463,0.1801,0.5608,0.1251,0.1675,0.1703,0.1674,0.192,0.9512
1219,1242,2018-12-05 10:00:00,24,0.1428,0.1772,0.4925,0.1232,0.1665,0.0398,0.1623,0.1873,0.9451
1220,1243,2018-12-05 11:00:00,24,0.1423,0.1714,0.5927,0.1147,0.1465,0.2565,0.17,0.1932,0.9289
1221,1244,2018-12-05 12:00:00,24,0.1398,0.1686,0.5882,0.1107,0.1411,0.263,0.1688,0.1922,0.9134
1222,1245,2018-12-05 13:00:00,24,0.1413,0.1712,0.4488,0.1202,0.1542,-0.0021,0.1624,0.1867,0.8998
1223,1246,2018-12-05 14:00:00,24,0.1415,0.1728,0.433,0.1171,0.153,-0.0084,0.1659,0.1905,0.8744
1224,1247,2018-12-05 15:00:00,24,0.1342,0.1647,0.4412,0.1158,0.1525,0.0037,0.1526,0.1762,0.8788
1225,1248,2018-12-05 16:00:00,24,0.1258,0.1576,0.3468,0.1074,0.1431,-0.1807,0.1442,0.1709,0.8743
1226,1249,2018-12-05 17:00:00,24,0.123,0.1552,0.4224,0.0991,0.1331,-0.0058,0.1469,0.1746,0.8506
1227,1250,2018-12-05 18:00:00,24,0.1313,0.1696,0.3607,0.1047,0.1371,-0.0692,0.1578,0.1968,0.7906
1228,1251,2018-12-05 19:00:00,24,0.1351,0.1767,0.3452,0.1009,0.1345,-0.0484,0.1692,0.2105,0.7389
1229,1252,2018-12-05 20:00:00,24,0.141,0.1821,0.3137,0.1052,0.137,-0.0805,0.1768,0.2181,0.7079
1230,1253,2018-12-05 21:00:00,24,0.1409,0.1815,0.2482,0.1084,0.1396,-0.2456,0.1733,0.2154,0.742
1231,1254,2018-12-05 22:00:00,24,0.1407,0.1821,0.2779,0.1025,0.1358,-0.1852,0.179,0.2188,0.741
1232,1255,2018-12-05 23:00:00,24,0.1362,0.1762,0.2753,0.101,0.1355,-0.2253,0.1714,0.2091,0.7759
1233,1256,2018-12-06 00:00:00,24,0.1321,0.1734,0.2926,0.0979,0.1345,-0.2075,0.1663,0.2051,0.7926
1234,1257,2018-12-06 01:00:00,24,0.13,0.1722,0.302,0.0956,0.1337,-0.1939,0.1645,0.2036,0.798
1235,1258,2018-12-06 02:00:00,24,0.128,0.1711,0.3028,0.0942,0.1335,-0.1918,0.1618,0.2018,0.7973
1236,1259,2018-12-06 03:00:00,24,0.1266,0.1705,0.3055,0.0928,0.1326,-0.1835,0.1604,0.2015,0.7945
1237,1260,2018-12-06 04:00:00,24,0.1285,0.1712,0.2805,0.0946,0.1337,-0.2259,0.1623,0.202,0.787
1238,1261,2018-12-06 05:00:00,24,0.1289,0.1713,0.2683,0.0949,0.1337,-0.2446,0.163,0.2021,0.7812
1239,1262,2018-12-06 06:00:00,24,0.1294,0.1715,0.2678,0.0937,0.1335,-0.2365,0.165,0.2026,0.772
1240,1263,2018-12-06 07:00:00,24,0.1272,0.1691,0.2641,0.0966,0.1345,-0.2531,0.1577,0.1978,0.7812
1241,1264,2018-12-06 08:00:00,24,0.1294,0.1728,0.3159,0.0966,0.1344,-0.1427,0.1622,0.2041,0.7744
1242,1265,2018-12-06 09:00:00,24,0.1257,0.1708,0.454,0.0912,0.1306,0.1228,0.1602,0.2033,0.7853
1243,1266,2018-12-06 10:00:00,24,0.1242,0.1703,0.4674,0.0923,0.1312,0.1407,0.1562,0.202,0.7941
1244,1267,2018-12-06 11:00:00,24,0.1163,0.1631,0.6065,0.0859,0.1215,0.4052,0.1467,0.1961,0.8078
1245,1268,2018-12-06 12:00:00,24,0.1196,0.1697,0.4986,0.0956,0.1409,0.1916,0.1436,0.1943,0.8056
1246,1269,2018-12-06 13:00:00,24,0.1183,0.167,0.5169,0.0917,0.1331,0.244,0.1449,0.195,0.7897
1247,1270,2018-12-06 14:00:00,24,0.1185,0.1667,0.5092,0.1006,0.1413,0.2569,0.1363,0.1887,0.7614
1248,1271,2018-12-06 15:00:00,24,0.1179,0.1666,0.495,0.1008,0.1413,0.3047,0.135,0.1885,0.6853
1249,1272,2018-12-06 16:00:00,24,0.1217,0.1696,0.3565,0.1076,0.1481,0.1985,0.1359,0.1886,0.5145
1250,1273,2018-12-06 17:00:00,24,0.1196,0.167,0.2075,0.1122,0.1518,0.0693,0.1269,0.1809,0.3458
1251,1274,2018-12-06 18:00:00,24,0.1074,0.1485,0.3321,0.1057,0.1481,0.1118,0.1091,0.1488,0.5523
1252,1275,2018-12-06 19:00:00,24,0.1008,0.1383,0.3872,0.105,0.1479,0.0826,0.0967,0.1279,0.6917
1253,1276,2018-12-06 20:00:00,24,0.0956,0.1321,0.413,0.1066,0.1496,0.0847,0.0846,0.1119,0.7413
1254,1277,2018-12-06 21:00:00,24,0.0944,0.131,0.3781,0.1038,0.1474,0.072,0.085,0.1123,0.6842
1255,1278,2018-12-06 22:00:00,24,0.096,0.1326,0.3686,0.1055,0.1478,0.0156,0.0866,0.1154,0.7217
1256,1279,2018-12-06 23:00:00,24,0.0989,0.1348,0.3757,0.1092,0.149,-0.0487,0.0885,0.1189,0.8001
1257,1280,2018-12-07 00:00:00,24,0.1073,0.1491,0.3725,0.1117,0.1496,-0.0826,0.103,0.1486,0.8276
1258,1281,2018-12-07 01:00:00,24,0.1059,0.1481,0.3694,0.1139,0.1503,-0.1459,0.098,0.1458,0.8846
1259,1282,2018-12-07 02:00:00,24,0.1066,0.1482,0.3569,0.115,0.1504,-0.2,0.0982,0.1459,0.9138
1260,1283,2018-12-07 03:00:00,24,0.1072,0.1483,0.3582,0.1147,0.1502,-0.2147,0.0998,0.1464,0.931
1261,1284,2018-12-07 04:00:00,24,0.105,0.1474,0.3265,0.1111,0.1489,-0.2899,0.0989,0.146,0.943
1262,1285,2018-12-07 05:00:00,24,0.1044,0.1473,0.2918,0.1104,0.1487,-0.3674,0.0983,0.1458,0.9511
1263,1286,2018-12-07 06:00:00,24,0.106,0.1486,0.2603,0.1102,0.1487,-0.4328,0.1017,0.1485,0.9534
1264,1287,2018-12-07 07:00:00,24,0.1053,0.1484,0.1663,0.1075,0.1478,-0.624,0.1031,0.149,0.9566
1265,1288,2018-12-07 08:00:00,24,0.1007,0.1396,0.3703,0.1028,0.139,-0.2208,0.0985,0.1401,0.9614
1266,1289,2018-12-07 09:00:00,24,0.1101,0.1523,0.3564,0.1071,0.1415,-0.2321,0.1132,0.1623,0.9449
1267,1290,2018-12-07 10:00:00,24,0.1118,0.1533,0.4099,0.1049,0.1405,-0.1182,0.1187,0.1652,0.938
1268,1291,2018-12-07 11:00:00,24,0.1202,0.1672,0.2514,0.12,0.1689,-0.4289,0.1205,0.1655,0.9316
1269,1292,2018-12-07 12:00:00,24,0.1134,0.1582,0.442,0.1068,0.1508,-0.0411,0.12,0.1653,0.9251
1270,1293,2018-12-07 13:00:00,24,0.1078,0.1542,0.5469,0.0983,0.1438,0.174,0.1172,0.1638,0.9198
1271,1294,2018-12-07 14:00:00,24,0.1032,0.1505,0.5754,0.0893,0.1358,0.2393,0.117,0.1638,0.9116
1272,1295,2018-12-07 15:00:00,24,0.1075,0.1527,0.5225,0.0923,0.1379,0.1476,0.1227,0.1663,0.8974
1273,1296,2018-12-07 16:00:00,24,0.1069,0.1516,0.5643,0.085,0.1304,0.2522,0.1289,0.1702,0.8764
1274,1297,2018-12-07 17:00:00,24,0.1095,0.1549,0.5845,0.0892,0.1375,0.3128,0.1298,0.1706,0.8563
1275,1298,2018-12-07 18:00:00,24,0.1087,0.1546,0.6256,0.0895,0.1375,0.4135,0.1279,0.1699,0.8376
1276,1299,2018-12-07 19:00:00,24,0.1148,0.1595,0.5917,0.0971,0.1441,0.366,0.1325,0.1736,0.8174
1277,1300,2018-12-07 20:00:00,24,0.1158,0.1597,0.5807,0.0968,0.1437,0.3635,0.1349,0.1742,0.798
1278,1301,2018-12-07 21:00:00,24,0.1223,0.1676,0.5472,0.1076,0.1586,0.2993,0.1371,0.1762,0.7951
1279,1302,2018-12-07 22:00:00,24,0.1189,0.1645,0.5738,0.1082,0.1588,0.3275,0.1295,0.1699,0.82
1280,1303,2018-12-07 23:00:00,24,0.1172,0.1637,0.5964,0.1053,0.1578,0.3468,0.1292,0.1694,0.8459
1281,1304,2018-12-08 00:00:00,24,0.109,0.1505,0.6128,0.105,0.1577,0.3277,0.1129,0.143,0.898
1282,1305,2018-12-08 01:00:00,24,0.1109,0.1522,0.6048,0.1026,0.157,0.3168,0.1192,0.1472,0.8928
1283,1306,2018-12-08 02:00:00,24,0.1091,0.1514,0.591,0.102,0.157,0.2909,0.1162,0.1457,0.8911
1284,1307,2018-12-08 03:00:00,24,0.108,0.1512,0.578,0.0996,0.1564,0.2751,0.1164,0.1458,0.8809
1285,1308,2018-12-08 04:00:00,24,0.1119,0.1537,0.5559,0.1018,0.157,0.2537,0.1221,0.1503,0.8582
1286,1309,2018-12-08 05:00:00,24,0.1131,0.1541,0.526,0.1039,0.1576,0.2243,0.1224,0.1504,0.8276
1287,1310,2018-12-08 06:00:00,24,0.1134,0.1537,0.4971,0.1056,0.1579,0.2016,0.1213,0.1493,0.7926
1288,1311,2018-12-08 07:00:00,24,0.1161,0.1557,0.4299,0.1063,0.158,0.1681,0.1258,0.1534,0.6916
1289,1312,2018-12-08 08:00:00,24,0.1141,0.1559,0.3657,0.1105,0.1649,0.1061,0.1177,0.1464,0.6253
1290,1313,2018-12-08 09:00:00,24,0.1127,0.1512,0.3691,0.1134,0.1678,0.0257,0.112,0.1326,0.7125
1291,1314,2018-12-08 10:00:00,24,0.1171,0.1571,0.2932,0.1148,0.1683,-0.1582,0.1193,0.1451,0.7447
1292,1315,2018-12-08 11:00:00,24,0.1131,0.1457,0.4688,0.104,0.1445,0.1403,0.1222,0.1468,0.7973
1293,1316,2018-12-08 12:00:00,24,0.1153,0.1478,0.4718,0.1093,0.1491,0.1256,0.1213,0.1465,0.818
1294,1317,2018-12-08 13:00:00,24,0.1166,0.1482,0.5154,0.1119,0.1499,0.2132,0.1214,0.1465,0.8175
1295,1318,2018-12-08 14:00:00,24,0.1195,0.1494,0.5243,0.1154,0.1513,0.233,0.1236,0.1474,0.8157
1296,1319,2018-12-08 15:00:00,24,0.1164,0.1473,0.5629,0.1124,0.1495,0.2995,0.1203,0.1451,0.8263
1297,1320,2018-12-08 16:00:00,24,0.1172,0.1478,0.5508,0.1184,0.1542,0.2544,0.116,0.1412,0.8472
1298,1321,2018-12-08 17:00:00,24,0.1171,0.149,0.5492,0.1198,0.1569,0.2425,0.1145,0.1406,0.8559
1299,1322,2018-12-08 18:00:00,24,0.1235,0.1535,0.5065,0.1252,0.1596,0.156,0.1219,0.147,0.857
1300,1323,2018-12-08 19:00:00,24,0.1258,0.1627,0.5105,0.1182,0.1539,0.2171,0.1334,0.1711,0.8039
1301,1324,2018-12-08 20:00:00,24,0.1264,0.1636,0.5095,0.1141,0.1509,0.2386,0.1387,0.1753,0.7805
1302,1325,2018-12-08 21:00:00,24,0.1183,0.1544,0.5783,0.1019,0.1345,0.3718,0.1347,0.1721,0.7848
1303,1326,2018-12-08 22:00:00,24,0.1208,0.1573,0.567,0.0998,0.1337,0.3665,0.1417,0.1777,0.7675
1304,1327,2018-12-08 23:00:00,24,0.1179,0.1543,0.5692,0.1012,0.1341,0.3525,0.1347,0.1722,0.786
1305,1328,2018-12-09 00:00:00,24,0.1198,0.1554,0.5679,0.1038,0.1359,0.3468,0.1358,0.1727,0.7889
1306,1329,2018-12-09 01:00:00,24,0.1218,0.1561,0.5638,0.1077,0.1376,0.3307,0.1358,0.1727,0.797
1307,1330,2018-12-09 02:00:00,24,0.1216,0.1561,0.5643,0.1076,0.1376,0.3257,0.1356,0.1726,0.8029
1308,1331,2018-12-09 03:00:00,24,0.123,0.157,0.5613,0.1076,0.1376,0.3261,0.1384,0.1743,0.7964
1309,1332,2018-12-09 04:00:00,24,0.1202,0.1549,0.5668,0.107,0.1374,0.3226,0.1334,0.1706,0.811
1310,1333,2018-12-09 05:00:00,24,0.1198,0.1548,0.5717,0.1051,0.1367,0.3298,0.1345,0.1709,0.8137
1311,1334,2018-12-09 06:00:00,24,0.1182,0.1539,0.5734,0.1042,0.1364,0.3313,0.1321,0.1696,0.8154
1312,1335,2018-12-09 07:00:00,24,0.1145,0.1515,0.5793,0.1046,0.1366,0.3268,0.1244,0.1652,0.8317
1313,1336,2018-12-09 08:00:00,24,0.1112,0.1465,0.5742,0.0925,0.1205,0.3225,0.13,0.1685,0.8259
1314,1337,2018-12-09 09:00:00,24,0.1043,0.1392,0.579,0.0887,0.1154,0.3117,0.1199,0.1595,0.8463
1315,1338,2018-12-09 10:00:00,24,0.1034,0.1356,0.5738,0.0921,0.1186,0.2821,0.1147,0.1507,0.8656
1316,1339,2018-12-09 11:00:00,24,0.0996,0.1318,0.6464,0.0867,0.1118,0.4294,0.1124,0.1492,0.8634
1317,1340,2018-12-09 12:00:00,24,0.0974,0.1295,0.6975,0.0821,0.1061,0.5356,0.1127,0.1493,0.8594
1318,1341,2018-12-09 13:00:00,24,0.0999,0.1337,0.73,0.0892,0.1166,0.6046,0.1106,0.1489,0.8554
1319,1342,2018-12-09 14:00:00,24,0.1012,0.1348,0.7921,0.0895,0.1169,0.7391,0.113,0.1507,0.8452
1320,1343,2018-12-09 15:00:00,24,0.1062,0.1411,0.8065,0.0897,0.117,0.7923,0.1226,0.1617,0.8206
1321,1344,2018-12-09 16:00:00,24,0.1029,0.1386,0.8302,0.0824,0.1103,0.8518,0.1233,0.162,0.8087
1322,1345,2018-12-09 17:00:00,24,0.1006,0.134,0.8522,0.0716,0.0906,0.9088,0.1296,0.1664,0.7957
1323,1346,2018-12-09 18:00:00,24,0.0966,0.13,0.844,0.0677,0.0863,0.9238,0.1256,0.1623,0.7642
1324,1347,2018-12-09 19:00:00,24,0.0957,0.1216,0.8809,0.0726,0.092,0.9154,0.1189,0.1454,0.8464
1325,1348,2018-12-09 20:00:00,24,0.1008,0.1293,0.8889,0.078,0.0993,0.8992,0.1236,0.1535,0.8786
1326,1349,2018-12-09 21:00:00,24,0.0996,0.1287,0.8988,0.0772,0.099,0.896,0.1221,0.1528,0.9017
1327,1350,2018-12-09 22:00:00,24,0.0988,0.1274,0.8997,0.0839,0.1058,0.8761,0.1136,0.1459,0.9232
1328,1351,2018-12-09 23:00:00,24,0.0982,0.1273,0.9014,0.0822,0.1052,0.8736,0.1141,0.1461,0.9292
1329,1352,2018-12-10 00:00:00,24,0.0964,0.1261,0.9017,0.0791,0.1027,0.8704,0.1136,0.1458,0.9329
1330,1353,2018-12-10 01:00:00,24,0.0961,0.1268,0.9007,0.0766,0.1008,0.8698,0.1156,0.1484,0.9316
1331,1354,2018-12-10 02:00:00,24,0.0963,0.1269,0.8972,0.0781,0.1011,0.8623,0.1145,0.1483,0.9322
1332,1355,2018-12-10 03:00:00,24,0.0973,0.1281,0.8916,0.078,0.1011,0.8554,0.1165,0.1504,0.9279
1333,1356,2018-12-10 04:00:00,24,0.0969,0.128,0.8851,0.0772,0.1008,0.8448,0.1166,0.1504,0.9253
1334,1357,2018-12-10 05:00:00,24,0.0964,0.1279,0.8773,0.0782,0.1012,0.8328,0.1146,0.1499,0.9217
1335,1358,2018-12-10 06:00:00,24,0.0977,0.1291,0.8665,0.0776,0.1011,0.8177,0.1177,0.152,0.9153
1336,1359,2018-12-10 07:00:00,24,0.099,0.1295,0.8529,0.0775,0.1011,0.796,0.1205,0.1527,0.9099
1337,1360,2018-12-10 08:00:00,24,0.1033,0.1386,0.8038,0.0923,0.1274,0.7032,0.1142,0.1489,0.9044
1338,1361,2018-12-10 09:00:00,24,0.1098,0.1471,0.7967,0.0921,0.1272,0.7227,0.1274,0.1646,0.8707
1339,1362,2018-12-10 10:00:00,24,0.1132,0.1524,0.8144,0.0987,0.1387,0.7592,0.1277,0.1649,0.8697
1340,1363,2018-12-10 11:00:00,24,0.1234,0.1761,0.716,0.1212,0.187,0.5636,0.1257,0.1644,0.8683
1341,1364,2018-12-10 12:00:00,24,0.1284,0.1811,0.7,0.1304,0.1962,0.53,0.1264,0.1646,0.8701
1342,1365,2018-12-10 13:00:00,24,0.126,0.1781,0.7094,0.1221,0.1898,0.5517,0.1298,0.1656,0.867
1343,1366,2018-12-10 14:00:00,24,0.1251,0.178,0.6851,0.1246,0.1916,0.4948,0.1257,0.1632,0.8754
1344,1367,2018-12-10 15:00:00,24,0.1269,0.1794,0.6493,0.1352,0.2018,0.3982,0.1185,0.1538,0.9003
1345,1368,2018-12-10 16:00:00,24,0.128,0.18,0.6202,0.1356,0.2018,0.3293,0.1203,0.1552,0.9111
1346,1369,2018-12-10 17:00:00,24,0.126,0.1789,0.5965,0.139,0.2034,0.2678,0.1131,0.1504,0.9252
1347,1370,2018-12-10 18:00:00,24,0.1259,0.1794,0.5372,0.1435,0.2057,0.1417,0.1084,0.1485,0.9327
1348,1371,2018-12-10 19:00:00,24,0.1221,0.1765,0.4917,0.148,0.2105,0.0368,0.0963,0.1343,0.9465
1349,1372,2018-12-10 20:00:00,24,0.1163,0.1704,0.4925,0.1472,0.2098,0.0289,0.0854,0.1186,0.9561
1350,1373,2018-12-10 21:00:00,24,0.1248,0.181,0.4577,0.1486,0.2101,-0.0085,0.101,0.1463,0.9238
1351,1374,2018-12-10 22:00:00,24,0.1336,0.1954,0.4464,0.145,0.2076,0.0299,0.1223,0.1822,0.863
1352,1375,2018-12-10 23:00:00,24,0.1401,0.2007,0.4457,0.1473,0.2081,0.0591,0.1328,0.193,0.8323
1353,1376,2018-12-11 00:00:00,24,0.1436,0.2025,0.4284,0.1515,0.2101,0.0309,0.1357,0.1946,0.8258
1354,1377,2018-12-11 01:00:00,24,0.1418,0.2012,0.424,0.1562,0.2125,0.0061,0.1274,0.1894,0.8419
1355,1378,2018-12-11 02:00:00,24,0.141,0.2012,0.4213,0.1549,0.2123,-0.0068,0.1272,0.1894,0.8494
1356,1379,2018-12-11 03:00:00,24,0.1414,0.2007,0.4278,0.1606,0.2143,-0.008,0.1223,0.1861,0.8636
1357,1380,2018-12-11 04:00:00,24,0.1427,0.2011,0.4235,0.1632,0.2151,-0.0235,0.1223,0.1861,0.8705
1358,1381,2018-12-11 05:00:00,24,0.1425,0.2011,0.4301,0.1633,0.2151,-0.0174,0.1217,0.1861,0.8776
1359,1382,2018-12-11 06:00:00,24,0.1402,0.2001,0.4348,0.163,0.2151,-0.017,0.1174,0.184,0.8866
1360,1383,2018-12-11 07:00:00,24,0.139,0.1999,0.4398,0.1616,0.2149,-0.0119,0.1164,0.1837,0.8914
1361,1384,2018-12-11 08:00:00,24,0.1382,0.1969,0.4438,0.1577,0.2088,-0.0082,0.1187,0.1842,0.8958
1362,1385,2018-12-11 09:00:00,24,0.1343,0.192,0.4457,0.1566,0.2083,-0.017,0.112,0.1743,0.9084
1363,1386,2018-12-11 10:00:00,24,0.1291,0.187,0.2536,0.1524,0.203,-0.4054,0.1059,0.1696,0.9126
1364,1387,2018-12-11 11:00:00,24,0.1198,0.1664,0.5338,0.1345,0.1633,0.1563,0.1051,0.1695,0.9114
1365,1388,2018-12-11 12:00:00,24,0.113,0.1604,0.5578,0.1227,0.1513,0.2065,0.1033,0.1691,0.9091
1366,1389,2018-12-11 13:00:00,24,0.1125,0.1605,0.4526,0.121,0.151,-0.0018,0.1041,0.1695,0.9071
1367,1390,2018-12-11 14:00:00,24,0.11,0.1588,0.4232,0.116,0.1474,-0.0578,0.1039,0.1695,0.9041
1368,1391,2018-12-11 15:00:00,24,0.1091,0.1565,0.5832,0.1103,0.1374,0.276,0.108,0.1735,0.8904
1369,1392,2018-12-11 16:00:00,24,0.1117,0.1589,0.655,0.1118,0.1379,0.4418,0.1117,0.1774,0.8683
1370,1393,2018-12-11 17:00:00,24,0.1137,0.1596,0.7164,0.1116,0.1378,0.591,0.1158,0.1789,0.8418
1371,1394,2018-12-11 18:00:00,24,0.115,0.1602,0.7457,0.107,0.1342,0.6873,0.1231,0.1825,0.804
1372,1395,2018-12-11 19:00:00,24,0.1167,0.16,0.7312,0.1047,0.13,0.7025,0.1287,0.1851,0.76
1373,1396,2018-12-11 20:00:00,24,0.1176,0.1606,0.7239,0.1008,0.1261,0.7416,0.1343,0.1888,0.7061
1374,1397,2018-12-11 21:00:00,24,0.1107,0.1491,0.7696,0.1013,0.1263,0.7479,0.1202,0.1689,0.7914
1375,1398,2018-12-11 22:00:00,24,0.1005,0.128,0.8279,0.0984,0.1249,0.7629,0.1025,0.1311,0.8929
1376,1399,2018-12-11 23:00:00,24,0.0948,0.1199,0.8488,0.0963,0.1241,0.7747,0.0932,0.1155,0.923
1377,1400,2018-12-12 00:00:00,24,0.0932,0.1196,0.8451,0.0984,0.1269,0.76,0.0881,0.1118,0.9302
1378,1401,2018-12-12 01:00:00,24,0.0948,0.1204,0.8408,0.0958,0.1243,0.7535,0.0938,0.1163,0.9281
1379,1402,2018-12-12 02:00:00,24,0.0955,0.1205,0.8316,0.0954,0.1243,0.7348,0.0957,0.1167,0.9284
1380,1403,2018-12-12 03:00:00,24,0.0922,0.1185,0.8156,0.09,0.1209,0.7031,0.0945,0.1162,0.928
1381,1404,2018-12-12 04:00:00,24,0.0902,0.1175,0.8008,0.0877,0.1195,0.6743,0.0927,0.1155,0.9272
1382,1405,2018-12-12 05:00:00,24,0.094,0.1215,0.767,0.0865,0.1191,0.6178,0.1016,0.1238,0.9161
1383,1406,2018-12-12 06:00:00,24,0.094,0.1215,0.7271,0.0865,0.1191,0.54,0.1014,0.1237,0.9142
1384,1407,2018-12-12 07:00:00,24,0.0939,0.1214,0.6691,0.0868,0.1192,0.4285,0.1009,0.1236,0.9097
1385,1408,2018-12-12 08:00:00,24,0.0971,0.1254,0.6943,0.0838,0.1128,0.5026,0.1104,0.1369,0.8859
1386,1409,2018-12-12 09:00:00,24,0.0971,0.1257,0.6931,0.083,0.1123,0.4964,0.1111,0.1379,0.8899
1387,1410,2018-12-12 10:00:00,24,0.0975,0.126,0.6857,0.0775,0.1049,0.4804,0.1175,0.144,0.891
1388,1411,2018-12-12 11:00:00,24,0.1001,0.1272,0.6745,0.0772,0.1043,0.4523,0.1231,0.1466,0.8967
1389,1412,2018-12-12 12:00:00,24,0.1112,0.1493,0.5635,0.0989,0.152,0.2273,0.1234,0.1467,0.8996
1390,1413,2018-12-12 13:00:00,24,0.1137,0.1505,0.6747,0.104,0.1543,0.4599,0.1234,0.1466,0.8895
1391,1414,2018-12-12 14:00:00,24,0.1169,0.1531,0.7235,0.1037,0.1542,0.5925,0.1301,0.152,0.8544
1392,1415,2018-12-12 15:00:00,24,0.1154,0.1545,0.6985,0.1095,0.1633,0.5569,0.1212,0.1452,0.8402
1393,1416,2018-12-12 16:00:00,24,0.1166,0.1549,0.6792,0.1136,0.166,0.5283,0.1195,0.1428,0.8301
1394,1417,2018-12-12 17:00:00,24,0.1154,0.1543,0.6549,0.1102,0.1642,0.4916,0.1207,0.1439,0.8182
1395,1418,2018-12-12 18:00:00,24,0.1161,0.1555,0.63,0.1094,0.164,0.4373,0.1227,0.1466,0.8228
1396,1419,2018-12-12 19:00:00,24,0.1148,0.1556,0.6525,0.1023,0.1582,0.4654,0.1273,0.1531,0.8397
1397,1420,2018-12-12 20:00:00,24,0.1149,0.1565,0.6534,0.1008,0.1576,0.4357,0.1291,0.1554,0.871
1398,1421,2018-12-12 21:00:00,24,0.1155,0.1576,0.6517,0.0985,0.1569,0.4219,0.1326,0.1583,0.8815
1399,1422,2018-12-12 22:00:00,24,0.1198,0.1617,0.6316,0.1004,0.1576,0.3929,0.1391,0.1658,0.8703
1400,1423,2018-12-12 23:00:00,24,0.121,0.1622,0.618,0.1025,0.1582,0.3729,0.1395,0.166,0.8631
1401,1424,2018-12-13 00:00:00,24,0.1227,0.1636,0.6275,0.0967,0.1533,0.418,0.1488,0.1732,0.8371
1402,1425,2018-12-13 01:00:00,24,0.1211,0.1633,0.6315,0.0929,0.152,0.4362,0.1494,0.1739,0.8267
1403,1426,2018-12-13 02:00:00,24,0.1225,0.1636,0.6335,0.0949,0.1523,0.4537,0.1502,0.1741,0.8133
1404,1427,2018-12-13 03:00:00,24,0.126,0.1653,0.6296,0.0965,0.1527,0.4628,0.1555,0.1771,0.7964
1405,1428,2018-12-13 04:00:00,24,0.1275,0.1659,0.6168,0.0989,0.1538,0.4556,0.1561,0.1773,0.778
1406,1429,2018-12-13 05:00:00,24,0.1277,0.1648,0.6195,0.1029,0.1556,0.4607,0.1524,0.1735,0.7782
1407,1430,2018-12-13 06:00:00,24,0.1313,0.1665,0.6173,0.1049,0.156,0.4679,0.1577,0.1764,0.7668
1408,1431,2018-12-13 07:00:00,24,0.1312,0.1665,0.6183,0.1047,0.156,0.4797,0.1578,0.1765,0.7569
1409,1432,2018-12-13 08:00:00,24,0.131,0.1662,0.6407,0.1044,0.1556,0.5295,0.1576,0.1762,0.7519
1410,1433,2018-12-13 09:00:00,24,0.1381,0.175,0.6052,0.1118,0.1626,0.4891,0.1644,0.1867,0.7213
1411,1434,2018-12-13 10:00:00,24,0.1396,0.1786,0.6029,0.1098,0.1619,0.4868,0.1694,0.1938,0.719
1412,1435,2018-12-13 11:00:00,24,0.1376,0.1773,0.6304,0.1047,0.1581,0.52,0.1706,0.1947,0.7409
1413,1436,2018-12-13 12:00:00,24,0.134,0.1649,0.6927,0.0936,0.1262,0.6365,0.1743,0.1962,0.7488
1414,1437,2018-12-13 13:00:00,24,0.1354,0.1669,0.5922,0.0979,0.1323,0.4201,0.1729,0.1955,0.7643
1415,1438,2018-12-13 14:00:00,24,0.1311,0.1643,0.2576,0.0963,0.132,-0.2677,0.166,0.1913,0.783
1416,1439,2018-12-13 15:00:00,24,0.1254,0.1578,0.216,0.0841,0.115,-0.3552,0.1666,0.1913,0.7871
1417,1440,2018-12-13 16:00:00,24,0.1228,0.1558,0.3044,0.0843,0.1151,-0.1942,0.1613,0.1879,0.803
1418,1441,2018-12-13 17:00:00,24,0.1214,0.155,0.3345,0.0859,0.1161,-0.1459,0.1568,0.1859,0.8149
1419,1442,2018-12-13 18:00:00,24,0.1229,0.1566,0.1975,0.0958,0.1283,-0.4342,0.15,0.1805,0.8292
1420,1443,2018-12-13 19:00:00,24,0.1198,0.1527,0.133,0.0985,0.1299,-0.5779,0.1411,0.1725,0.8438
1421,1444,2018-12-13 20:00:00,24,0.1204,0.1521,0.1587,0.1024,0.1326,-0.5279,0.1383,0.1693,0.8453
1422,1445,2018-12-13 21:00:00,24,0.1197,0.1517,0.1061,0.1081,0.1361,-0.6413,0.1314,0.1658,0.8534
1423,1446,2018-12-13 22:00:00,24,0.1142,0.1466,0.0485,0.107,0.1356,-0.7768,0.1213,0.1568,0.8738
1424,1447,2018-12-13 23:00:00,24,0.1137,0.1463,0.0734,0.1074,0.1358,-0.7339,0.12,0.1561,0.8806
1425,1448,2018-12-14 00:00:00,24,0.114,0.1474,0.0538,0.1066,0.1355,-0.7684,0.1214,0.1584,0.876
1426,1449,2018-12-14 01:00:00,24,0.1136,0.1463,0.005,0.1088,0.1361,-0.8643,0.1185,0.1558,0.8742
1427,1450,2018-12-14 02:00:00,24,0.1119,0.1459,0.0258,0.1079,0.1358,-0.8137,0.116,0.1553,0.8653
1428,1451,2018-12-14 03:00:00,24,0.1108,0.1453,0.0221,0.1065,0.1355,-0.8032,0.1151,0.1544,0.8473
1429,1452,2018-12-14 04:00:00,24,0.1094,0.1446,-0.0441,0.1037,0.1341,-0.9126,0.1151,0.1544,0.8244
1430,1453,2018-12-14 05:00:00,24,0.1048,0.1424,-0.0022,0.0993,0.1319,-0.8139,0.1103,0.1522,0.8095
1431,1454,2018-12-14 06:00:00,24,0.1017,0.1405,0.0382,0.0979,0.1316,-0.6965,0.1055,0.1489,0.7729
1432,1455,2018-12-14 07:00:00,24,0.1034,0.1415,0.0388,0.0978,0.1316,-0.6085,0.1091,0.1508,0.6862
1433,1456,2018-12-14 08:00:00,24,0.0983,0.1342,0.2099,0.0939,0.1267,-0.2418,0.1027,0.1414,0.6616
1434,1457,2018-12-14 09:00:00,24,0.0974,0.1319,0.197,0.0944,0.1276,-0.282,0.1004,0.136,0.676
1435,1458,2018-12-14 10:00:00,24,0.0983,0.1304,0.2127,0.0985,0.1302,-0.2952,0.0981,0.1306,0.7207
1436,1459,2018-12-14 11:00:00,24,0.0984,0.1303,0.2099,0.099,0.1304,-0.3258,0.0978,0.1303,0.7455
1437,1460,2018-12-14 12:00:00,24,0.1021,0.1428,0.1979,0.1083,0.1556,-0.3872,0.0958,0.1288,0.783
1438,1461,2018-12-14 13:00:00,24,0.1038,0.1463,0.16,0.112,0.162,-0.4779,0.0957,0.1287,0.798
1439,1462,2018-12-14 14:00:00,24,0.1094,0.1496,0.2336,0.1193,0.166,-0.327,0.0995,0.1311,0.7943
1440,1463,2018-12-14 15:00:00,24,0.1161,0.1548,0.2201,0.1233,0.1678,-0.3221,0.109,0.1405,0.7623
1441,1464,2018-12-14 16:00:00,24,0.1146,0.1539,0.2371,0.1172,0.1645,-0.2827,0.112,0.1425,0.7569
1442,1465,2018-12-14 17:00:00,24,0.1212,0.1647,0.334,0.1308,0.1843,-0.0925,0.1116,0.1424,0.7605
1443,1466,2018-12-14 18:00:00,24,0.1166,0.1605,0.4432,0.124,0.1772,0.1188,0.1092,0.1418,0.7677
1444,1467,2018-12-14 19:00:00,24,0.1156,0.1601,0.4945,0.12,0.1758,0.226,0.1112,0.1428,0.7629
1445,1468,2018-12-14 20:00:00,24,0.1167,0.1614,0.4677,0.1231,0.1789,0.1813,0.1103,0.1418,0.754
1446,1469,2018-12-14 21:00:00,24,0.1187,0.162,0.4735,0.1212,0.1776,0.2113,0.1161,0.1447,0.7357
1447,1470,2018-12-14 22:00:00,24,0.1341,0.1887,0.4018,0.126,0.1804,0.1859,0.1423,0.1966,0.6176
1448,1471,2018-12-14 23:00:00,24,0.1478,0.2142,0.4298,0.127,0.1809,0.187,0.1686,0.2429,0.6727
1449,1472,2018-12-15 00:00:00,24,0.1504,0.2166,0.4848,0.1293,0.1818,0.1711,0.1715,0.2466,0.7986
1450,1473,2018-12-15 01:00:00,24,0.1491,0.2162,0.5143,0.1283,0.1815,0.1711,0.1698,0.2461,0.8575
1451,1474,2018-12-15 02:00:00,24,0.1529,0.2174,0.5177,0.1329,0.1836,0.146,0.1729,0.2466,0.8894
1452,1475,2018-12-15 03:00:00,24,0.1509,0.2166,0.5132,0.1343,0.1838,0.1164,0.1675,0.2449,0.91
1453,1476,2018-12-15 04:00:00,24,0.1509,0.2167,0.5037,0.1358,0.1843,0.0846,0.1659,0.2448,0.9228
1454,1477,2018-12-15 05:00:00,24,0.1533,0.2173,0.4915,0.1365,0.1844,0.0507,0.1701,0.2459,0.9322
1455,1478,2018-12-15 06:00:00,24,0.1555,0.2184,0.4642,0.1363,0.1843,-0.009,0.1747,0.2477,0.9374
1456,1479,2018-12-15 07:00:00,24,0.1545,0.2179,0.4128,0.1392,0.185,-0.1171,0.1697,0.2464,0.9426
1457,1480,2018-12-15 08:00:00,24,0.1567,0.2197,0.2727,0.1402,0.1857,-0.3983,0.1732,0.249,0.9437
1458,1481,2018-12-15 09:00:00,24,0.1528,0.2176,0.3443,0.1311,0.1786,-0.2537,0.1745,0.2507,0.9423
1459,1482,2018-12-15 10:00:00,24,0.1519,0.2165,0.3462,0.1314,0.1788,-0.2479,0.1724,0.2486,0.9403
1460,1483,2018-12-15 11:00:00,24,0.1531,0.2177,0.3483,0.1311,0.1788,-0.2372,0.1752,0.2506,0.9338
1461,1484,2018-12-15 12:00:00,24,0.1467,0.2069,0.4553,0.1155,0.1491,-0.0145,0.1779,0.2518,0.925
1462,1485,2018-12-15 13:00:00,24,0.1416,0.202,0.5437,0.1048,0.1345,0.1726,0.1785,0.252,0.9149
1463,1486,2018-12-15 14:00:00,24,0.1401,0.2009,0.5515,0.1009,0.1306,0.1993,0.1792,0.2524,0.9036
1464,1487,2018-12-15 15:00:00,24,0.1368,0.1989,0.5632,0.0968,0.1283,0.2294,0.1769,0.2503,0.897
1465,1488,2018-12-15 16:00:00,24,0.1395,0.2001,0.5691,0.1004,0.13,0.248,0.1786,0.2513,0.8901
1466,1489,2018-12-15 17:00:00,24,0.135,0.1931,0.6658,0.0915,0.1067,0.4472,0.1786,0.2513,0.8843
1467,1490,2018-12-15 18:00:00,24,0.1384,0.1945,0.6132,0.0937,0.1094,0.3513,0.1831,0.2524,0.8751
1468,1491,2018-12-15 19:00:00,24,0.1416,0.1962,0.5481,0.0963,0.1104,0.2329,0.1869,0.2546,0.8634
1469,1492,2018-12-15 20:00:00,24,0.1385,0.194,0.6125,0.09,0.1023,0.3743,0.187,0.2547,0.8508
1470,1493,2018-12-15 21:00:00,24,0.1357,0.1929,0.6205,0.0863,0.1,0.3956,0.1851,0.2538,0.8455
1471,1494,2018-12-15 22:00:00,24,0.1266,0.1734,0.5887,0.0931,0.1155,0.2835,0.1601,0.2163,0.8939
1472,1495,2018-12-15 23:00:00,24,0.1172,0.1474,0.6493,0.0903,0.1138,0.3663,0.1442,0.1746,0.9323
1473,1496,2018-12-16 00:00:00,24,0.1129,0.1413,0.6925,0.0873,0.1122,0.4476,0.1386,0.1654,0.9375
1474,1497,2018-12-16 01:00:00,24,0.1136,0.1416,0.7114,0.0876,0.1123,0.4892,0.1395,0.1658,0.9337
1475,1498,2018-12-16 02:00:00,24,0.1108,0.14,0.7357,0.0833,0.1089,0.543,0.1382,0.1653,0.9285
1476,1499,2018-12-16 03:00:00,24,0.1152,0.1438,0.7483,0.083,0.1088,0.5821,0.1474,0.1719,0.9145
1477,1500,2018-12-16 04:00:00,24,0.1152,0.1437,0.7639,0.0816,0.1081,0.6252,0.1488,0.172,0.9026
1478,1501,2018-12-16 05:00:00,24,0.1144,0.1431,0.7665,0.0818,0.1082,0.6526,0.147,0.1711,0.8805
1479,1502,2018-12-16 06:00:00,24,0.1155,0.1447,0.7612,0.0816,0.1081,0.6766,0.1495,0.1738,0.8458
1480,1503,2018-12-16 07:00:00,24,0.1154,0.1446,0.7347,0.081,0.1078,0.6892,0.1498,0.1738,0.7802
1481,1504,2018-12-16 08:00:00,24,0.1093,0.1397,0.7118,0.0757,0.1039,0.7244,0.1428,0.1681,0.6992
1482,1505,2018-12-16 09:00:00,24,0.1042,0.1316,0.6937,0.0759,0.1039,0.7298,0.1326,0.1544,0.6576
1483,1506,2018-12-16 10:00:00,24,0.1038,0.131,0.6652,0.0754,0.1033,0.734,0.1322,0.1538,0.5963
1484,1507,2018-12-16 11:00:00,24,0.1008,0.1278,0.6644,0.0774,0.1051,0.7246,0.1242,0.1471,0.6042
1485,1508,2018-12-16 12:00:00,24,0.1053,0.135,0.6523,0.0853,0.1203,0.6729,0.1252,0.1482,0.6316
1486,1509,2018-12-16 13:00:00,24,0.1101,0.1409,0.6897,0.0944,0.1328,0.6951,0.1258,0.1485,0.6844
1487,1510,2018-12-16 14:00:00,24,0.1084,0.1396,0.7532,0.0942,0.1327,0.7596,0.1226,0.1462,0.7468
1488,1511,2018-12-16 15:00:00,24,0.111,0.1411,0.8056,0.0995,0.1362,0.8062,0.1224,0.1459,0.8051
1489,1512,2018-12-16 16:00:00,24,0.109,0.1398,0.8468,0.101,0.1375,0.8476,0.117,0.1421,0.8459
1490,1513,2018-12-16 17:00:00,24,0.1147,0.1471,0.862,0.0989,0.1347,0.8679,0.1305,0.1586,0.8561
1491,1514,2018-12-16 18:00:00,24,0.1199,0.1541,0.871,0.1046,0.1439,0.8537,0.1353,0.1637,0.8884
1492,1515,2018-12-16 19:00:00,24,0.1196,0.1553,0.8754,0.1115,0.1514,0.838,0.1277,0.1591,0.9128
1493,1516,2018-12-16 20:00:00,24,0.1168,0.1538,0.881,0.1096,0.1509,0.839,0.124,0.1567,0.9229
1494,1517,2018-12-16 21:00:00,24,0.1188,0.1547,0.8796,0.1123,0.1518,0.8367,0.1252,0.1576,0.9224
1495,1518,2018-12-16 22:00:00,24,0.1185,0.1546,0.8836,0.1005,0.1367,0.8651,0.1366,0.1706,0.9022
1496,1519,2018-12-16 23:00:00,24,0.114,0.1482,0.8863,0.103,0.1379,0.8586,0.1251,0.1578,0.9141
1497,1520,2018-12-17 00:00:00,24,0.1133,0.1478,0.8815,0.1104,0.1438,0.8427,0.1163,0.1518,0.9204
1498,1521,2018-12-17 01:00:00,24,0.1143,0.1485,0.8801,0.1105,0.1439,0.8393,0.1181,0.153,0.921
1499,1522,2018-12-17 02:00:00,24,0.1141,0.1486,0.8792,0.1091,0.1437,0.8369,0.1191,0.1534,0.9214
1500,1523,2018-12-17 03:00:00,24,0.1102,0.145,0.8785,0.1099,0.144,0.8302,0.1105,0.146,0.9268
1501,1524,2018-12-17 04:00:00,24,0.1124,0.1462,0.8711,0.1103,0.1441,0.8205,0.1145,0.1483,0.9217
1502,1525,2018-12-17 05:00:00,24,0.1134,0.1468,0.8634,0.1103,0.1441,0.8115,0.1164,0.1495,0.9153
1503,1526,2018-12-17 06:00:00,24,0.1124,0.1448,0.8532,0.1121,0.1444,0.7977,0.1126,0.1451,0.9088
1504,1527,2018-12-17 07:00:00,24,0.1148,0.1462,0.8381,0.1113,0.1441,0.7865,0.1183,0.1482,0.8896
1505,1528,2018-12-17 08:00:00,24,0.1213,0.1534,0.8058,0.1241,0.1583,0.7465,0.1184,0.1482,0.865
1506,1529,2018-12-17 09:00:00,24,0.1274,0.1587,0.776,0.1314,0.1638,0.7178,0.1234,0.1533,0.8342
1507,1530,2018-12-17 10:00:00,24,0.1298,0.1616,0.78,0.137,0.1703,0.7219,0.1226,0.1523,0.8381
1508,1531,2018-12-17 11:00:00,24,0.1371,0.1721,0.7484,0.1498,0.1893,0.6546,0.1244,0.1529,0.8422
1509,1532,2018-12-17 12:00:00,24,0.1343,0.1681,0.7698,0.1451,0.1828,0.6767,0.1236,0.1521,0.863
1510,1533,2018-12-17 13:00:00,24,0.1479,0.2139,0.6865,0.1733,0.2619,0.4952,0.1225,0.1515,0.8778
1511,1534,2018-12-17 14:00:00,24,0.1605,0.2358,0.7573,0.1988,0.2971,0.624,0.1221,0.1513,0.8906
1512,1535,2018-12-17 15:00:00,24,0.1576,0.2342,0.8133,0.1957,0.2959,0.7189,0.1195,0.1486,0.9076
1513,1536,2018-12-17 16:00:00,24,0.1626,0.239,0.8226,0.2047,0.3033,0.7307,0.1206,0.149,0.9145
1514,1537,2018-12-17 17:00:00,24,0.1551,0.2331,0.8443,0.2014,0.3021,0.753,0.1088,0.1318,0.9355
1515,1538,2018-12-17 18:00:00,24,0.1459,0.2271,0.8622,0.1925,0.2966,0.7833,0.0992,0.1232,0.9411
1516,1539,2018-12-17 19:00:00,24,0.1444,0.2252,0.8675,0.1874,0.2934,0.7988,0.1015,0.1238,0.9361
1517,1540,2018-12-17 20:00:00,24,0.1484,0.2275,0.8658,0.1883,0.2935,0.8076,0.1086,0.1316,0.9241
1518,1541,2018-12-17 21:00:00,24,0.1542,0.2318,0.8611,0.1956,0.2978,0.8139,0.1128,0.1372,0.9082
1519,1542,2018-12-17 22:00:00,24,0.1529,0.2306,0.864,0.1947,0.2977,0.8217,0.1111,0.1332,0.9064
1520,1543,2018-12-17 23:00:00,24,0.1601,0.2365,0.8485,0.1961,0.2982,0.8243,0.1241,0.1516,0.8727
1521,1544,2018-12-18 00:00:00,24,0.1567,0.2348,0.8457,0.1881,0.2953,0.8256,0.1252,0.1517,0.8658
1522,1545,2018-12-18 01:00:00,24,0.1565,0.2346,0.8383,0.1903,0.2958,0.8228,0.1228,0.1502,0.8539
1523,1546,2018-12-18 02:00:00,24,0.1579,0.2348,0.8271,0.1931,0.2962,0.8184,0.1227,0.1501,0.8357
1524,1547,2018-12-18 03:00:00,24,0.1583,0.2349,0.8111,0.1916,0.2959,0.8136,0.1251,0.151,0.8086
1525,1548,2018-12-18 04:00:00,24,0.1573,0.2346,0.7968,0.1907,0.2958,0.8066,0.124,0.1501,0.787
1526,1549,2018-12-18 05:00:00,24,0.1565,0.2343,0.7815,0.1903,0.2958,0.7948,0.1227,0.1492,0.7683
1527,1550,2018-12-18 06:00:00,24,0.1556,0.2341,0.7642,0.1888,0.2957,0.7796,0.1224,0.149,0.7488
1528,1551,2018-12-18 07:00:00,24,0.1528,0.2331,0.7537,0.1873,0.2955,0.7596,0.1183,0.1462,0.7478
1529,1552,2018-12-18 08:00:00,24,0.1545,0.2331,0.7116,0.184,0.2923,0.7051,0.125,0.1525,0.7181
1530,1553,2018-12-18 09:00:00,24,0.1918,0.3296,0.5152,0.2359,0.4147,0.4297,0.1476,0.2127,0.6008
1531,1554,2018-12-18 10:00:00,24,0.1988,0.3419,0.525,0.229,0.4118,0.3557,0.1686,0.2533,0.6944
1532,1555,2018-12-18 11:00:00,24,0.1959,0.3394,0.567,0.213,0.4028,0.3346,0.1788,0.2611,0.7995
1533,1556,2018-12-18 12:00:00,24,0.2003,0.3428,0.5907,0.2122,0.4024,0.3231,0.1884,0.2704,0.8583
1534,1557,2018-12-18 13:00:00,24,0.1898,0.3184,0.7404,0.1794,0.3532,0.5867,0.2001,0.2794,0.8942
1535,1558,2018-12-18 14:00:00,24,0.1791,0.3034,0.82,0.1578,0.3255,0.722,0.2004,0.2794,0.9179
1536,1559,2018-12-18 15:00:00,24,0.176,0.3027,0.8513,0.1558,0.3252,0.77,0.1963,0.2783,0.9327
1537,1560,2018-12-18 16:00:00,24,0.1697,0.2985,0.8753,0.1415,0.317,0.8084,0.1979,0.2788,0.9423
1538,1561,2018-12-18 17:00:00,24,0.171,0.2991,0.8868,0.1403,0.3168,0.8243,0.2016,0.2802,0.9493
1539,1562,2018-12-18 18:00:00,24,0.1738,0.3003,0.895,0.1377,0.3164,0.8356,0.2099,0.2832,0.9544
1540,1563,2018-12-18 19:00:00,24,0.1859,0.3118,0.8924,0.1409,0.318,0.8351,0.2309,0.3055,0.9497
1541,1564,2018-12-18 20:00:00,24,0.201,0.33,0.8826,0.1497,0.322,0.8262,0.2523,0.3378,0.9391
1542,1565,2018-12-18 21:00:00,24,0.2116,0.3462,0.8744,0.1481,0.3208,0.8231,0.275,0.3699,0.9258
1543,1566,2018-12-18 22:00:00,24,0.2285,0.3689,0.8605,0.156,0.3237,0.8132,0.3009,0.4092,0.9077
1544,1567,2018-12-18 23:00:00,24,0.2509,0.3985,0.8332,0.18,0.3531,0.7717,0.3218,0.4392,0.8946
1545,1568,2018-12-19 00:00:00,24,0.2602,0.403,0.8303,0.1826,0.3534,0.7657,0.3378,0.4472,0.8949
1546,1569,2018-12-19 01:00:00,24,0.262,0.4039,0.8265,0.1874,0.3556,0.7537,0.3365,0.447,0.8992
1547,1570,2018-12-19 02:00:00,24,0.2673,0.4057,0.8189,0.1944,0.3585,0.7363,0.3401,0.4479,0.9016
1548,1571,2018-12-19 03:00:00,24,0.2728,0.4077,0.8099,0.1973,0.359,0.7186,0.3483,0.4512,0.9012
1549,1572,2018-12-19 04:00:00,24,0.2784,0.4109,0.7978,0.1977,0.3591,0.6975,0.3591,0.4568,0.8981
1550,1573,2018-12-19 05:00:00,24,0.2856,0.4152,0.7815,0.1982,0.3591,0.6708,0.3731,0.4646,0.8923
1551,1574,2018-12-19 06:00:00,24,0.292,0.4193,0.7608,0.1983,0.3591,0.6357,0.3858,0.4719,0.8858
1552,1575,2018-12-19 07:00:00,24,0.2999,0.4233,0.7328,0.1992,0.3592,0.587,0.4007,0.479,0.8786
1553,1576,2018-12-19 08:00:00,24,0.3005,0.4258,0.6741,0.1905,0.3558,0.4756,0.4105,0.4858,0.8727
1554,1577,2018-12-19 09:00:00,24,0.2636,0.3588,0.8624,0.1311,0.1956,0.8415,0.3962,0.4683,0.8833
1555,1578,2018-12-19 10:00:00,24,0.2595,0.3512,0.8663,0.1321,0.1961,0.8396,0.3868,0.4563,0.893
1556,1579,2018-12-19 11:00:00,24,0.2619,0.3517,0.8667,0.138,0.1993,0.8354,0.3858,0.4557,0.898
1557,1580,2018-12-19 12:00:00,24,0.2552,0.3479,0.8722,0.1315,0.196,0.8398,0.379,0.4513,0.9046
1558,1581,2018-12-19 13:00:00,24,0.2523,0.3456,0.875,0.1302,0.1949,0.8397,0.3744,0.4482,0.9103
1559,1582,2018-12-19 14:00:00,24,0.2525,0.3455,0.8731,0.1278,0.1932,0.8329,0.3771,0.4488,0.9132
1560,1583,2018-12-19 15:00:00,24,0.2532,0.3456,0.8689,0.1276,0.1932,0.8214,0.3788,0.449,0.9164
1561,1584,2018-12-19 16:00:00,24,0.2559,0.3463,0.8616,0.1308,0.194,0.8051,0.381,0.4496,0.9181
1562,1585,2018-12-19 17:00:00,24,0.2657,0.3536,0.8218,0.1493,0.218,0.7251,0.382,0.45,0.9185
1563,1586,2018-12-19 18:00:00,24,0.2655,0.353,0.8013,0.1531,0.219,0.6842,0.3778,0.4486,0.9184
1564,1587,2018-12-19 19:00:00,24,0.2523,0.3427,0.7956,0.1456,0.2153,0.6665,0.3589,0.4341,0.9246
1565,1588,2018-12-19 20:00:00,24,0.2337,0.3238,0.8046,0.1359,0.2092,0.6737,0.3315,0.4073,0.9355
1566,1589,2018-12-19 21:00:00,24,0.2279,0.3137,0.812,0.1333,0.2068,0.6808,0.3226,0.3925,0.9431
1567,1590,2018-12-19 22:00:00,24,0.2193,0.2958,0.8248,0.1301,0.2042,0.6966,0.3085,0.3652,0.953
1568,1591,2018-12-19 23:00:00,24,0.196,0.2562,0.8894,0.1016,0.1452,0.8173,0.2905,0.3319,0.9614
1569,1592,2018-12-20 00:00:00,24,0.1925,0.2531,0.8583,0.0986,0.1445,0.7556,0.2865,0.3275,0.9611
1570,1593,2018-12-20 01:00:00,24,0.192,0.2533,0.838,0.0896,0.1376,0.7184,0.2943,0.3307,0.9576
1571,1594,2018-12-20 02:00:00,24,0.1892,0.252,0.8353,0.0816,0.1292,0.7171,0.2969,0.3321,0.9535
1572,1595,2018-12-20 03:00:00,24,0.1874,0.2504,0.8177,0.081,0.1288,0.6853,0.2937,0.3298,0.9501
1573,1596,2018-12-20 04:00:00,24,0.1827,0.246,0.7995,0.0798,0.1286,0.6509,0.2857,0.3233,0.948
1574,1597,2018-12-20 05:00:00,24,0.1768,0.239,0.7804,0.0802,0.1288,0.6127,0.2735,0.3126,0.9481
1575,1598,2018-12-20 06:00:00,24,0.1708,0.2317,0.7568,0.0819,0.1292,0.5645,0.2598,0.3011,0.9491
1576,1599,2018-12-20 07:00:00,24,0.1646,0.2247,0.7309,0.085,0.1309,0.511,0.2441,0.2896,0.9508
1577,1600,2018-12-20 08:00:00,24,0.1578,0.2155,0.7145,0.0865,0.1315,0.4743,0.229,0.275,0.9548
1578,1601,2018-12-20 09:00:00,24,0.1542,0.2092,0.6977,0.0886,0.1324,0.4366,0.2198,0.2645,0.9587
1579,1602,2018-12-20 10:00:00,24,0.1478,0.1993,0.7067,0.0875,0.1315,0.4484,0.2082,0.2493,0.965
1580,1603,2018-12-20 11:00:00,24,0.1434,0.1949,0.7168,0.0843,0.128,0.4662,0.2025,0.2441,0.9675
1581,1604,2018-12-20 12:00:00,24,0.1425,0.1935,0.7149,0.0866,0.129,0.461,0.1983,0.2414,0.9688
1582,1605,2018-12-20 13:00:00,24,0.1419,0.1942,0.7162,0.083,0.1261,0.4643,0.2007,0.244,0.968
1583,1606,2018-12-20 14:00:00,24,0.1467,0.2001,0.7481,0.0931,0.1438,0.529,0.2002,0.2438,0.9671
1584,1607,2018-12-20 15:00:00,24,0.1521,0.2044,0.7939,0.0948,0.1443,0.6243,0.2095,0.2504,0.9635
1585,1608,2018-12-20 16:00:00,24,0.1518,0.2046,0.8356,0.093,0.1435,0.7111,0.2107,0.2513,0.9601
1586,1609,2018-12-20 17:00:00,24,0.1485,0.198,0.8992,0.0795,0.1085,0.8455,0.2175,0.2581,0.9528
1587,1610,2018-12-20 18:00:00,24,0.1548,0.207,0.8318,0.0932,0.1386,0.719,0.2165,0.2578,0.9445
1588,1611,2018-12-20 19:00:00,24,0.1622,0.2159,0.7574,0.1107,0.1649,0.5857,0.2137,0.257,0.9292
1589,1612,2018-12-20 20:00:00,24,0.1674,0.2193,0.7174,0.1133,0.1657,0.5439,0.2215,0.2622,0.8909
1590,1613,2018-12-20 21:00:00,24,0.1613,0.2075,0.6917,0.1139,0.1663,0.5186,0.2087,0.2417,0.8648
1591,1614,2018-12-20 22:00:00,24,0.1621,0.2042,0.6542,0.1245,0.1822,0.4781,0.1997,0.224,0.8304
1592,1615,2018-12-20 23:00:00,24,0.1673,0.2097,0.6396,0.1315,0.1861,0.5377,0.203,0.2308,0.7414
1593,1616,2018-12-21 00:00:00,24,0.1724,0.2139,0.6306,0.1385,0.1893,0.609,0.2063,0.2359,0.6523
1594,1617,2018-12-21 01:00:00,24,0.1744,0.2156,0.6411,0.1397,0.1894,0.6632,0.2091,0.2389,0.6191
1595,1618,2018-12-21 02:00:00,24,0.1769,0.2168,0.6585,0.1472,0.1946,0.6574,0.2065,0.2369,0.6597
1596,1619,2018-12-21 03:00:00,24,0.1717,0.2145,0.6911,0.1452,0.194,0.6704,0.1982,0.2332,0.7118
1597,1620,2018-12-21 04:00:00,24,0.1707,0.2135,0.7091,0.1477,0.1944,0.6733,0.1937,0.231,0.745
1598,1621,2018-12-21 05:00:00,24,0.1692,0.2129,0.7203,0.1465,0.1942,0.6771,0.192,0.2301,0.7634
1599,1622,2018-12-21 06:00:00,24,0.1683,0.2127,0.7264,0.1453,0.194,0.6806,0.1913,0.2299,0.7723
1600,1623,2018-12-21 07:00:00,24,0.1686,0.2127,0.7296,0.1432,0.1931,0.6854,0.194,0.2306,0.7738
1601,1624,2018-12-21 08:00:00,24,0.1682,0.2128,0.7279,0.1411,0.1926,0.688,0.1954,0.2312,0.7679
1602,1625,2018-12-21 09:00:00,24,0.171,0.2148,0.7203,0.1448,0.195,0.6873,0.1972,0.2329,0.7534
1603,1626,2018-12-21 10:00:00,24,0.173,0.2161,0.6967,0.1481,0.1972,0.6785,0.1978,0.2335,0.7149
1604,1627,2018-12-21 11:00:00,24,0.1702,0.2148,0.6826,0.1476,0.1969,0.6795,0.1927,0.2314,0.6857
1605,1628,2018-12-21 12:00:00,24,0.1766,0.2202,0.66,0.1571,0.2061,0.667,0.1961,0.2335,0.6529
1606,1629,2018-12-21 13:00:00,24,0.1761,0.2196,0.6867,0.1662,0.2134,0.692,0.186,0.2257,0.6813
1607,1630,2018-12-21 14:00:00,24,0.1692,0.2138,0.7257,0.1574,0.2027,0.7531,0.1811,0.2244,0.6983
1608,1631,2018-12-21 15:00:00,24,0.1648,0.2101,0.7593,0.1566,0.2025,0.7879,0.173,0.2174,0.7307
1609,1632,2018-12-21 16:00:00,24,0.1686,0.216,0.7512,0.1712,0.2178,0.7531,0.166,0.2141,0.7493
1610,1633,2018-12-21 17:00:00,24,0.1809,0.24,0.6813,0.195,0.2626,0.618,0.1667,0.2152,0.7447
1611,1634,2018-12-21 18:00:00,24,0.1757,0.2335,0.6998,0.1857,0.2508,0.6537,0.1656,0.2149,0.7458
1612,1635,2018-12-21 19:00:00,24,0.1681,0.2251,0.7227,0.169,0.2345,0.6959,0.1672,0.2153,0.7495
1613,1636,2018-12-21 20:00:00,24,0.1623,0.2216,0.7309,0.1679,0.2342,0.7009,0.1566,0.2082,0.7609
1614,1637,2018-12-21 21:00:00,24,0.1852,0.2687,0.5879,0.1864,0.2632,0.6281,0.1839,0.274,0.5476
1615,1638,2018-12-21 22:00:00,24,0.1909,0.2897,0.5961,0.1746,0.2519,0.6608,0.2072,0.3231,0.5313
1616,1639,2018-12-21 23:00:00,24,0.1871,0.2843,0.6529,0.1808,0.2582,0.6253,0.1935,0.3082,0.6805
1617,1640,2018-12-22 00:00:00,24,0.1803,0.2787,0.6714,0.1806,0.2582,0.5931,0.18,0.2978,0.7497
1618,1641,2018-12-22 01:00:00,24,0.1764,0.2758,0.6673,0.181,0.2582,0.5535,0.1717,0.2922,0.781
1619,1642,2018-12-22 02:00:00,24,0.1711,0.2733,0.6724,0.1743,0.2545,0.5504,0.168,0.2908,0.7944
1620,1643,2018-12-22 03:00:00,24,0.1735,0.2737,0.6628,0.1749,0.2546,0.5261,0.1722,0.2916,0.7995
1621,1644,2018-12-22 04:00:00,24,0.1742,0.274,0.6558,0.1745,0.2545,0.5091,0.1739,0.2921,0.8026
1622,1645,2018-12-22 05:00:00,24,0.1756,0.2742,0.6454,0.1769,0.2549,0.4863,0.1744,0.2923,0.8045
1623,1646,2018-12-22 06:00:00,24,0.1764,0.2744,0.6332,0.178,0.2551,0.4608,0.1747,0.2924,0.8056
1624,1647,2018-12-22 07:00:00,24,0.1759,0.2742,0.6156,0.1783,0.2552,0.4253,0.1735,0.292,0.8059
1625,1648,2018-12-22 08:00:00,24,0.1759,0.274,0.5947,0.1811,0.2557,0.3838,0.1707,0.2911,0.8057
1626,1649,2018-12-22 09:00:00,24,0.1707,0.2714,0.5577,0.1758,0.2535,0.3054,0.1657,0.2881,0.81
1627,1650,2018-12-22 10:00:00,24,0.1688,0.2706,0.5422,0.1713,0.2515,0.2737,0.1662,0.2885,0.8108
1628,1651,2018-12-22 11:00:00,24,0.1672,0.2703,0.5365,0.168,0.2509,0.2608,0.1663,0.2885,0.8122
1629,1652,2018-12-22 12:00:00,24,0.16,0.2657,0.5616,0.1577,0.2432,0.312,0.1622,0.2865,0.8113
1630,1653,2018-12-22 13:00:00,24,0.1583,0.264,0.5608,0.1495,0.237,0.3218,0.1672,0.2885,0.7997
1631,1654,2018-12-22 14:00:00,24,0.1641,0.2678,0.5232,0.1474,0.236,0.2728,0.1808,0.2963,0.7735
1632,1655,2018-12-22 15:00:00,24,0.1647,0.2683,0.4612,0.1462,0.2358,0.1672,0.1832,0.2973,0.7551
1633,1656,2018-12-22 16:00:00,24,0.1588,0.2625,0.5147,0.1336,0.2224,0.2971,0.1839,0.2973,0.7322
1634,1657,2018-12-22 17:00:00,24,0.1392,0.2351,0.6732,0.1077,0.1654,0.6087,0.1707,0.2884,0.7377
1635,1658,2018-12-22 18:00:00,24,0.1374,0.2337,0.685,0.102,0.1603,0.65,0.1728,0.2889,0.72
1636,1659,2018-12-22 19:00:00,24,0.1371,0.2335,0.6763,0.1028,0.1606,0.6615,0.1714,0.2886,0.691
1637,1660,2018-12-22 20:00:00,24,0.1429,0.2368,0.636,0.1116,0.1691,0.6244,0.1741,0.2891,0.6476
1638,1661,2018-12-22 21:00:00,24,0.1142,0.1773,0.7799,0.0917,0.117,0.7664,0.1368,0.2218,0.7933
1639,1662,2018-12-22 22:00:00,24,0.1088,0.1434,0.7363,0.0978,0.1261,0.5906,0.1197,0.1587,0.8819
1640,1663,2018-12-22 23:00:00,24,0.1248,0.1915,0.6916,0.1014,0.1363,0.625,0.1482,0.234,0.7582
1641,1664,2018-12-23 00:00:00,24,0.1342,0.2088,0.7544,0.0983,0.1333,0.73,0.1701,0.2635,0.7788
1642,1665,2018-12-23 01:00:00,24,0.1424,0.2212,0.8048,0.0973,0.1331,0.7775,0.1875,0.283,0.8321
1643,1666,2018-12-23 02:00:00,24,0.1496,0.2263,0.8082,0.1071,0.1458,0.7394,0.192,0.2849,0.877
1644,1667,2018-12-23 03:00:00,24,0.1469,0.2257,0.8236,0.105,0.1454,0.7443,0.1889,0.2842,0.9029
1645,1668,2018-12-23 04:00:00,24,0.145,0.2252,0.8327,0.1041,0.1451,0.7474,0.186,0.2835,0.9181
1646,1669,2018-12-23 05:00:00,24,0.1435,0.2247,0.8386,0.1031,0.1447,0.7499,0.1839,0.2829,0.9273
1647,1670,2018-12-23 06:00:00,24,0.1434,0.2247,0.8422,0.1033,0.1448,0.7516,0.1835,0.2828,0.9327
1648,1671,2018-12-23 07:00:00,24,0.1439,0.2249,0.8441,0.1031,0.1447,0.7528,0.1848,0.2832,0.9354
1649,1672,2018-12-23 08:00:00,24,0.1431,0.2248,0.8456,0.1037,0.1451,0.7542,0.1824,0.2829,0.937
1650,1673,2018-12-23 09:00:00,24,0.1499,0.2298,0.8425,0.1103,0.1505,0.749,0.1896,0.288,0.936
1651,1674,2018-12-23 10:00:00,24,0.1473,0.2282,0.8474,0.1082,0.15,0.7586,0.1863,0.2858,0.9362
1652,1675,2018-12-23 11:00:00,24,0.1508,0.2297,0.8459,0.1094,0.1502,0.7586,0.1921,0.288,0.9331
1653,1676,2018-12-23 12:00:00,24,0.1524,0.2304,0.8416,0.1105,0.1507,0.7535,0.1943,0.2889,0.9296
1654,1677,2018-12-23 13:00:00,24,0.1542,0.2319,0.827,0.1175,0.1581,0.7274,0.1908,0.2873,0.9267
1655,1678,2018-12-23 14:00:00,24,0.1592,0.2413,0.813,0.1176,0.1582,0.7068,0.2007,0.3023,0.9193
1656,1679,2018-12-23 15:00:00,24,0.171,0.2594,0.7914,0.1197,0.1587,0.6732,0.2224,0.3307,0.9097
1657,1680,2018-12-23 16:00:00,24,0.1729,0.2602,0.7851,0.1176,0.1578,0.6577,0.2281,0.3325,0.9124
1658,1681,2018-12-23 17:00:00,24,0.1765,0.2625,0.7924,0.1159,0.1568,0.6721,0.2372,0.3365,0.9127
1659,1682,2018-12-23 18:00:00,24,0.1872,0.2724,0.7102,0.1325,0.1836,0.5079,0.2419,0.3386,0.9125
1660,1683,2018-12-23 19:00:00,24,0.1932,0.2768,0.648,0.1445,0.1963,0.3866,0.2419,0.3386,0.9094
1661,1684,2018-12-23 20:00:00,24,0.1882,0.2742,0.6645,0.1378,0.1898,0.4278,0.2387,0.3382,0.9013
1662,1685,2018-12-23 21:00:00,24,0.188,0.2739,0.6574,0.1349,0.1882,0.4307,0.2411,0.3385,0.8842
1663,1686,2018-12-23 22:00:00,24,0.1858,0.2702,0.6695,0.1349,0.1883,0.4616,0.2366,0.3326,0.8774
1664,1687,2018-12-23 23:00:00,24,0.1774,0.2489,0.7245,0.1349,0.1883,0.541,0.2199,0.2975,0.908
1665,1688,2018-12-24 00:00:00,24,0.1685,0.2352,0.7512,0.1333,0.1877,0.5727,0.2037,0.2746,0.9297
1666,1689,2018-12-24 01:00:00,24,0.1674,0.2294,0.7128,0.1472,0.2005,0.4811,0.1876,0.2551,0.9444
1667,1690,2018-12-24 02:00:00,24,0.1642,0.2267,0.7355,0.1388,0.1921,0.5249,0.1897,0.2567,0.946
1668,1691,2018-12-24 03:00:00,24,0.1718,0.2318,0.7325,0.1413,0.1925,0.523,0.2023,0.2654,0.9421
1669,1692,2018-12-24 04:00:00,24,0.1763,0.2351,0.7299,0.1405,0.1924,0.5224,0.2122,0.2712,0.9374
1670,1693,2018-12-24 05:00:00,24,0.1806,0.2384,0.7264,0.1392,0.1922,0.5223,0.222,0.2771,0.9305
1671,1694,2018-12-24 06:00:00,24,0.1843,0.2408,0.7222,0.1395,0.1923,0.5225,0.229,0.2811,0.9219
1672,1695,2018-12-24 07:00:00,24,0.1882,0.2436,0.7157,0.1403,0.1925,0.5213,0.2362,0.2857,0.91
1673,1696,2018-12-24 08:00:00,24,0.1947,0.2479,0.7094,0.1401,0.1925,0.5245,0.2494,0.293,0.8944
1674,1697,2018-12-24 09:00:00,24,0.1902,0.2443,0.7123,0.1361,0.1893,0.5334,0.2443,0.2891,0.8912
1675,1698,2018-12-24 10:00:00,24,0.1879,0.2434,0.7095,0.137,0.1894,0.5306,0.2388,0.2875,0.8884
1676,1699,2018-12-24 11:00:00,24,0.1874,0.2435,0.7089,0.1357,0.1892,0.5339,0.2392,0.2878,0.884
1677,1700,2018-12-24 12:00:00,24,0.1874,0.2439,0.7145,0.1398,0.1922,0.5466,0.235,0.2865,0.8824
1678,1701,2018-12-24 13:00:00,24,0.1859,0.2425,0.7359,0.136,0.1881,0.5927,0.2358,0.2867,0.879
1679,1702,2018-12-24 14:00:00,24,0.1818,0.2332,0.777,0.1441,0.1965,0.6556,0.2195,0.2648,0.8984
1680,1703,2018-12-24 15:00:00,24,0.168,0.2119,0.8294,0.1439,0.1964,0.7298,0.1922,0.2263,0.929
1681,1704,2018-12-24 16:00:00,24,0.1662,0.2108,0.8492,0.1459,0.1972,0.7652,0.1864,0.2237,0.9331
1682,1705,2018-12-24 17:00:00,24,0.1783,0.2276,0.824,0.1591,0.2123,0.7264,0.1974,0.2418,0.9216
1683,1706,2018-12-24 18:00:00,24,0.1873,0.2464,0.8205,0.1549,0.2036,0.7489,0.2197,0.2827,0.8921
1684,1707,2018-12-24 19:00:00,24,0.1998,0.2661,0.8141,0.1513,0.1983,0.7591,0.2483,0.3197,0.869
1685,1708,2018-12-24 20:00:00,24,0.213,0.2784,0.8109,0.1552,0.2012,0.7521,0.2707,0.3384,0.8697
1686,1709,2018-12-24 21:00:00,24,0.2259,0.2921,0.8171,0.159,0.2033,0.7562,0.2928,0.3596,0.8779
1687,1710,2018-12-24 22:00:00,24,0.2234,0.2924,0.8364,0.1506,0.1969,0.7749,0.2962,0.3636,0.898
1688,1711,2018-12-24 23:00:00,24,0.2242,0.2956,0.8549,0.1452,0.1869,0.7956,0.3032,0.374,0.9141
1689,1712,2018-12-25 00:00:00,24,0.2356,0.3062,0.8651,0.1551,0.1958,0.8027,0.316,0.3863,0.9276
1690,1713,2018-12-25 01:00:00,24,0.2312,0.3035,0.8981,0.142,0.1828,0.8555,0.3204,0.3883,0.9407
1691,1714,2018-12-25 02:00:00,24,0.236,0.3087,0.8889,0.1567,0.2036,0.8278,0.3153,0.3862,0.95
1692,1715,2018-12-25 03:00:00,24,0.2416,0.3123,0.8801,0.1695,0.2167,0.8049,0.3136,0.3848,0.9554
1693,1716,2018-12-25 04:00:00,24,0.2437,0.314,0.8811,0.1704,0.2168,0.8047,0.317,0.3876,0.9575
1694,1717,2018-12-25 05:00:00,24,0.2477,0.3165,0.8804,0.1745,0.2181,0.8027,0.321,0.3909,0.9581
1695,1718,2018-12-25 06:00:00,24,0.2495,0.3191,0.8806,0.1725,0.2177,0.804,0.3266,0.3954,0.9572
1696,1719,2018-12-25 07:00:00,24,0.2531,0.3237,0.8797,0.1714,0.2174,0.8051,0.3348,0.4029,0.9544
1697,1720,2018-12-25 08:00:00,24,0.2493,0.3219,0.8796,0.1674,0.2165,0.8066,0.3312,0.4005,0.9526
1698,1721,2018-12-25 09:00:00,24,0.2552,0.3263,0.8753,0.1705,0.2185,0.8031,0.34,0.4064,0.9474
1699,1722,2018-12-25 10:00:00,24,0.2637,0.3301,0.8715,0.1747,0.2201,0.8018,0.3527,0.4116,0.9413
1700,1723,2018-12-25 11:00:00,24,0.2618,0.3291,0.8699,0.1755,0.2202,0.8031,0.3481,0.4101,0.9367
1701,1724,2018-12-25 12:00:00,24,0.2615,0.3293,0.8678,0.1763,0.2209,0.805,0.3466,0.41,0.9306
1702,1725,2018-12-25 13:00:00,24,0.2617,0.3295,0.8662,0.1767,0.2212,0.8093,0.3467,0.4101,0.9231
1703,1726,2018-12-25 14:00:00,24,0.2544,0.3259,0.8646,0.1659,0.2129,0.814,0.3428,0.4088,0.9152
1704,1727,2018-12-25 15:00:00,24,0.2535,0.3259,0.8512,0.1647,0.2127,0.7982,0.3423,0.4088,0.9042
1705,1728,2018-12-25 16:00:00,24,0.2536,0.326,0.8378,0.1615,0.2118,0.7857,0.3457,0.4095,0.89
1706,1729,2018-12-25 17:00:00,24,0.2375,0.3126,0.8565,0.146,0.1961,0.8242,0.3289,0.3963,0.8888
1707,1730,2018-12-25 18:00:00,24,0.2187,0.2894,0.8798,0.1362,0.1829,0.8555,0.3012,0.3661,0.9042
1708,1731,2018-12-25 19:00:00,24,0.2167,0.282,0.8707,0.1457,0.2012,0.8254,0.2877,0.3444,0.916
1709,1732,2018-12-25 20:00:00,24,0.2236,0.2912,0.8554,0.1564,0.2179,0.797,0.2908,0.3495,0.9137
1710,1733,2018-12-25 21:00:00,24,0.2228,0.2895,0.857,0.1567,0.2181,0.7991,0.2889,0.3465,0.915
1711,1734,2018-12-25 22:00:00,24,0.2289,0.2957,0.8557,0.1638,0.2226,0.8003,0.294,0.3541,0.911
1712,1735,2018-12-25 23:00:00,24,0.2258,0.2906,0.864,0.1622,0.2205,0.8143,0.2895,0.3468,0.9136
1713,1736,2018-12-26 00:00:00,24,0.2131,0.2784,0.8668,0.1548,0.2136,0.8168,0.2715,0.3307,0.9167
1714,1737,2018-12-26 01:00:00,24,0.2182,0.2839,0.8296,0.1721,0.2321,0.7493,0.2644,0.3275,0.9098
1715,1738,2018-12-26 02:00:00,24,0.216,0.2796,0.8323,0.1628,0.2182,0.7673,0.2691,0.3298,0.8974
1716,1739,2018-12-26 03:00:00,24,0.2103,0.2751,0.8396,0.1509,0.2055,0.7936,0.2697,0.3304,0.8856
1717,1740,2018-12-26 04:00:00,24,0.2089,0.2722,0.8365,0.1556,0.2075,0.792,0.2623,0.3243,0.881
1718,1741,2018-12-26 05:00:00,24,0.2046,0.2681,0.838,0.154,0.2067,0.7958,0.2552,0.3178,0.8803
1719,1742,2018-12-26 06:00:00,24,0.2008,0.2641,0.8403,0.1536,0.2067,0.7978,0.248,0.3111,0.8828
1720,1743,2018-12-26 07:00:00,24,0.1946,0.2568,0.8459,0.1528,0.2065,0.8,0.2363,0.2987,0.8918
1721,1744,2018-12-26 08:00:00,24,0.1943,0.2565,0.847,0.1529,0.2065,0.8016,0.2357,0.2982,0.8924
1722,1745,2018-12-26 09:00:00,24,0.1892,0.2525,0.8524,0.147,0.2034,0.8087,0.2314,0.2935,0.8961
1723,1746,2018-12-26 10:00:00,24,0.1804,0.2475,0.8553,0.1427,0.2016,0.8113,0.2181,0.2861,0.8993
1724,1747,2018-12-26 11:00:00,24,0.1858,0.2519,0.8494,0.1429,0.2016,0.8096,0.2287,0.2937,0.8892
1725,1748,2018-12-26 12:00:00,24,0.1875,0.252,0.8438,0.1388,0.1984,0.8066,0.2362,0.296,0.8811
1726,1749,2018-12-26 13:00:00,24,0.1903,0.2572,0.8205,0.149,0.2127,0.7654,0.2317,0.2951,0.8757
1727,1750,2018-12-26 14:00:00,24,0.1939,0.26,0.8129,0.1591,0.22,0.756,0.2287,0.2946,0.8698
1728,1751,2018-12-26 15:00:00,24,0.1986,0.2616,0.8088,0.1606,0.2203,0.7587,0.2365,0.2971,0.8589
1729,1752,2018-12-26 16:00:00,24,0.2004,0.2625,0.802,0.1613,0.2204,0.7609,0.2396,0.2987,0.8432
1730,1753,2018-12-26 17:00:00,24,0.2004,0.2626,0.7899,0.1606,0.2204,0.7616,0.2402,0.299,0.8181
1731,1754,2018-12-26 18:00:00,24,0.1968,0.2617,0.7806,0.1566,0.2188,0.7776,0.2369,0.2985,0.7836
1732,1755,2018-12-26 19:00:00,24,0.1793,0.2452,0.8099,0.1377,0.1951,0.8447,0.221,0.2866,0.7752
1733,1756,2018-12-26 20:00:00,24,0.1601,0.2194,0.8502,0.1229,0.1729,0.8869,0.1972,0.2576,0.8134
1734,1757,2018-12-26 21:00:00,24,0.1671,0.2304,0.8344,0.1344,0.1919,0.8571,0.1997,0.2634,0.8117
1735,1758,2018-12-26 22:00:00,24,0.1667,0.2285,0.8363,0.136,0.1939,0.8406,0.1975,0.2585,0.8321
1736,1759,2018-12-26 23:00:00,24,0.1782,0.2525,0.7995,0.1492,0.2201,0.7656,0.2071,0.2812,0.8334
1737,1760,2018-12-27 00:00:00,24,0.1931,0.2704,0.7994,0.157,0.2273,0.7458,0.2291,0.3075,0.853
1738,1761,2018-12-27 01:00:00,24,0.1956,0.2748,0.8007,0.1616,0.2374,0.7165,0.2295,0.3076,0.8848
1739,1762,2018-12-27 02:00:00,24,0.1913,0.2725,0.8127,0.16,0.236,0.7187,0.2227,0.3046,0.9066
1740,1763,2018-12-27 03:00:00,24,0.1871,0.2699,0.819,0.1566,0.2354,0.7176,0.2175,0.3004,0.9205
1741,1764,2018-12-27 04:00:00,24,0.1859,0.2706,0.8197,0.1508,0.2336,0.7144,0.2211,0.3031,0.9251
1742,1765,2018-12-27 05:00:00,24,0.1869,0.2721,0.8152,0.1491,0.2332,0.704,0.2248,0.3061,0.9264
1743,1766,2018-12-27 06:00:00,24,0.1888,0.273,0.8083,0.1508,0.2334,0.6904,0.2268,0.3076,0.9262
1744,1767,2018-12-27 07:00:00,24,0.1902,0.274,0.799,0.1513,0.2335,0.6741,0.2292,0.3093,0.9238
1745,1768,2018-12-27 08:00:00,24,0.193,0.2758,0.7876,0.1534,0.2337,0.6566,0.2327,0.3122,0.9186
1746,1769,2018-12-27 09:00:00,24,0.193,0.2764,0.7765,0.152,0.2336,0.6419,0.2339,0.3134,0.911
1747,1770,2018-12-27 10:00:00,24,0.2018,0.282,0.7594,0.1537,0.234,0.6208,0.2498,0.3229,0.898
1748,1771,2018-12-27 11:00:00,24,0.1958,0.278,0.7507,0.153,0.2339,0.6026,0.2386,0.316,0.8988
1749,1772,2018-12-27 12:00:00,24,0.1975,0.2797,0.7366,0.1605,0.2402,0.5758,0.2345,0.3142,0.8973
1750,1773,2018-12-27 13:00:00,24,0.197,0.2769,0.7474,0.1556,0.2329,0.6014,0.2385,0.3149,0.8935
1751,1774,2018-12-27 14:00:00,24,0.1937,0.2744,0.7468,0.1456,0.226,0.6048,0.2418,0.3155,0.8888
1752,1775,2018-12-27 15:00:00,24,0.1915,0.2733,0.7355,0.1472,0.2266,0.5832,0.2358,0.3132,0.8878
1753,1776,2018-12-27 16:00:00,24,0.1902,0.2726,0.724,0.1475,0.2266,0.561,0.233,0.3118,0.887
1754,1777,2018-12-27 17:00:00,24,0.1903,0.2723,0.7057,0.1515,0.2275,0.5238,0.2291,0.3107,0.8876
1755,1778,2018-12-27 18:00:00,24,0.1942,0.2733,0.6817,0.1539,0.2283,0.4756,0.2346,0.3119,0.8879
1756,1779,2018-12-27 19:00:00,24,0.1939,0.2733,0.65,0.1531,0.2282,0.4111,0.2348,0.3119,0.8889
1757,1780,2018-12-27 20:00:00,24,0.2056,0.2822,0.5622,0.1638,0.2386,0.2426,0.2475,0.3199,0.8817
1758,1781,2018-12-27 21:00:00,24,0.2033,0.2783,0.5904,0.1606,0.2332,0.2971,0.246,0.3171,0.8836
1759,1782,2018-12-27 22:00:00,24,0.2123,0.2967,0.6208,0.1657,0.2401,0.3758,0.2589,0.3442,0.8658
1760,1783,2018-12-27 23:00:00,24,0.1998,0.2768,0.6779,0.1485,0.2125,0.4747,0.251,0.3288,0.881
1761,1784,2018-12-28 00:00:00,24,0.1896,0.2648,0.6178,0.1372,0.2035,0.3435,0.2419,0.3144,0.8922
1762,1785,2018-12-28 01:00:00,24,0.1834,0.2549,0.6932,0.1244,0.1762,0.4931,0.2425,0.3146,0.8933
1763,1786,2018-12-28 02:00:00,24,0.1853,0.2558,0.6973,0.1215,0.1737,0.5045,0.2491,0.3173,0.8902
1764,1787,2018-12-28 03:00:00,24,0.1876,0.2573,0.6962,0.1228,0.1738,0.5058,0.2524,0.3196,0.8866
1765,1788,2018-12-28 04:00:00,24,0.1871,0.2566,0.6961,0.1231,0.1738,0.5061,0.251,0.3185,0.8861
1766,1789,2018-12-28 05:00:00,24,0.192,0.262,0.6527,0.1405,0.1974,0.4154,0.2434,0.3136,0.89
1767,1790,2018-12-28 06:00:00,24,0.1927,0.2634,0.6866,0.1517,0.2077,0.4781,0.2336,0.3093,0.895
1768,1791,2018-12-28 07:00:00,24,0.1924,0.2628,0.7414,0.1584,0.2116,0.5824,0.2263,0.3056,0.9003
1769,1792,2018-12-28 08:00:00,24,0.1957,0.2648,0.7328,0.1702,0.2222,0.5617,0.2211,0.3015,0.904
1770,1793,2018-12-28 09:00:00,24,0.1926,0.2617,0.7381,0.1732,0.2228,0.5693,0.2121,0.2956,0.9069
1771,1794,2018-12-28 10:00:00,24,0.1869,0.2563,0.7414,0.1732,0.2228,0.5738,0.2006,0.2859,0.909
1772,1795,2018-12-28 11:00:00,24,0.1885,0.2566,0.7341,0.1751,0.2231,0.5654,0.2019,0.2863,0.9028
1773,1796,2018-12-28 12:00:00,24,0.1892,0.2582,0.7271,0.1778,0.2271,0.5584,0.2006,0.2859,0.8958
1774,1797,2018-12-28 13:00:00,24,0.19,0.2584,0.7365,0.1722,0.2215,0.588,0.2078,0.2906,0.8849
1775,1798,2018-12-28 14:00:00,24,0.2014,0.2683,0.7381,0.1794,0.2256,0.6084,0.2233,0.3052,0.8677
1776,1799,2018-12-28 15:00:00,24,0.2082,0.2752,0.7496,0.1768,0.2247,0.6451,0.2396,0.3177,0.8542
1777,1800,2018-12-28 16:00:00,24,0.2114,0.2779,0.7656,0.176,0.2246,0.6803,0.2468,0.3225,0.851
1778,1801,2018-12-28 17:00:00,24,0.2155,0.28,0.7757,0.176,0.2246,0.7051,0.255,0.326,0.8463
1779,1802,2018-12-28 18:00:00,24,0.2179,0.2812,0.7719,0.1781,0.2258,0.709,0.2577,0.3274,0.8349
1780,1803,2018-12-28 19:00:00,24,0.2222,0.2824,0.7592,0.1815,0.2266,0.7077,0.2628,0.3288,0.8108
1781,1804,2018-12-28 20:00:00,24,0.225,0.2863,0.7458,0.1853,0.2332,0.6895,0.2647,0.331,0.8022
1782,1805,2018-12-28 21:00:00,24,0.2269,0.2909,0.7613,0.1846,0.2321,0.6935,0.2693,0.3396,0.8291
1783,1806,2018-12-28 22:00:00,24,0.2213,0.2807,0.798,0.1782,0.2236,0.7068,0.2644,0.328,0.8893
1784,1807,2018-12-28 23:00:00,24,0.2207,0.2826,0.8184,0.1746,0.2217,0.716,0.2669,0.3325,0.9208
1785,1808,2018-12-29 00:00:00,24,0.2218,0.2841,0.8301,0.1747,0.2217,0.7193,0.2689,0.335,0.9408
1786,1809,2018-12-29 01:00:00,24,0.218,0.2823,0.8474,0.1645,0.2158,0.7422,0.2715,0.3359,0.9526
1787,1810,2018-12-29 02:00:00,24,0.2149,0.2808,0.8562,0.1635,0.2153,0.7519,0.2663,0.3336,0.9605
1788,1811,2018-12-29 03:00:00,24,0.2132,0.2792,0.8615,0.1686,0.2175,0.7572,0.2579,0.3296,0.9659
1789,1812,2018-12-29 04:00:00,24,0.2126,0.2781,0.8669,0.1738,0.2192,0.7646,0.2513,0.3265,0.9692
1790,1813,2018-12-29 05:00:00,24,0.2046,0.2704,0.8932,0.1602,0.1999,0.8155,0.249,0.3259,0.9709
1791,1814,2018-12-29 06:00:00,24,0.2103,0.2737,0.9026,0.1578,0.1963,0.8342,0.2628,0.3337,0.9709
1792,1815,2018-12-29 07:00:00,24,0.2143,0.2761,0.9087,0.1587,0.1973,0.8459,0.2699,0.337,0.9714
1793,1816,2018-12-29 08:00:00,24,0.2141,0.2769,0.9079,0.1607,0.201,0.8445,0.2676,0.336,0.9714
1794,1817,2018-12-29 09:00:00,24,0.2201,0.2806,0.9062,0.1636,0.2025,0.8435,0.2766,0.3413,0.9688
1795,1818,2018-12-29 10:00:00,24,0.2299,0.2887,0.9,0.1695,0.2067,0.8363,0.2904,0.3521,0.9636
1796,1819,2018-12-29 11:00:00,24,0.2383,0.2952,0.8955,0.1727,0.2082,0.8347,0.3038,0.3618,0.9563
1797,1820,2018-12-29 12:00:00,24,0.2404,0.2965,0.8995,0.1627,0.1965,0.8533,0.318,0.3705,0.9457
1798,1821,2018-12-29 13:00:00,24,0.2373,0.2954,0.8947,0.1572,0.194,0.8546,0.3174,0.37,0.9348
1799,1822,2018-12-29 14:00:00,24,0.2276,0.2871,0.8893,0.1503,0.1893,0.8517,0.305,0.3592,0.9269
1800,1823,2018-12-29 15:00:00,24,0.2246,0.2827,0.881,0.1518,0.1897,0.8428,0.2975,0.3519,0.9192
1801,1824,2018-12-29 16:00:00,24,0.2236,0.282,0.8716,0.1511,0.1897,0.8325,0.2961,0.3508,0.9108
1802,1825,2018-12-29 17:00:00,24,0.2239,0.2841,0.8661,0.147,0.1886,0.8281,0.3009,0.3547,0.9041
1803,1826,2018-12-29 18:00:00,24,0.2255,0.2875,0.8692,0.1419,0.1861,0.8355,0.3091,0.3615,0.9028
1804,1827,2018-12-29 19:00:00,24,0.2283,0.291,0.8557,0.153,0.1991,0.8034,0.3036,0.3602,0.9079
1805,1828,2018-12-29 20:00:00,24,0.2297,0.2933,0.849,0.156,0.2062,0.7867,0.3034,0.3599,0.9113
1806,1829,2018-12-29 21:00:00,24,0.2207,0.279,0.8642,0.1496,0.1977,0.8051,0.2917,0.3416,0.9233
1807,1830,2018-12-29 22:00:00,24,0.2173,0.2699,0.8681,0.1519,0.2006,0.804,0.2827,0.3247,0.9322
1808,1831,2018-12-29 23:00:00,24,0.2111,0.2575,0.8745,0.1565,0.2035,0.8074,0.2657,0.3021,0.9417
1809,1832,2018-12-30 00:00:00,24,0.2131,0.2606,0.8494,0.1768,0.2295,0.7527,0.2494,0.2883,0.946
1810,1833,2018-12-30 01:00:00,24,0.2175,0.2624,0.8465,0.183,0.2316,0.7487,0.252,0.2899,0.9444
1811,1834,2018-12-30 02:00:00,24,0.2223,0.2669,0.8455,0.1812,0.231,0.7507,0.2633,0.2984,0.9403
1812,1835,2018-12-30 03:00:00,24,0.2246,0.2696,0.8453,0.1753,0.2289,0.7534,0.2739,0.3049,0.9372
1813,1836,2018-12-30 04:00:00,24,0.2259,0.2712,0.8425,0.1704,0.2273,0.7501,0.2815,0.309,0.9349
1814,1837,2018-12-30 05:00:00,24,0.2287,0.2738,0.8357,0.166,0.2257,0.7394,0.2914,0.3146,0.932
1815,1838,2018-12-30 06:00:00,24,0.2225,0.27,0.8229,0.1554,0.2193,0.716,0.2896,0.3127,0.9298
1816,1839,2018-12-30 07:00:00,24,0.2205,0.2693,0.775,0.1494,0.2151,0.6275,0.2915,0.3142,0.9225
1817,1840,2018-12-30 08:00:00,24,0.2167,0.2661,0.769,0.1351,0.2003,0.6252,0.2984,0.3186,0.9129
1818,1841,2018-12-30 09:00:00,24,0.2137,0.2645,0.7548,0.1305,0.1982,0.6006,0.2968,0.3172,0.9091
1819,1842,2018-12-30 10:00:00,24,0.2093,0.2608,0.7675,0.1243,0.1938,0.621,0.2943,0.3139,0.914
1820,1843,2018-12-30 11:00:00,24,0.2051,0.2559,0.7635,0.129,0.1983,0.6021,0.2812,0.3028,0.9249
1821,1844,2018-12-30 12:00:00,24,0.1989,0.2509,0.7691,0.1329,0.2015,0.6031,0.265,0.292,0.935
1822,1845,2018-12-30 13:00:00,24,0.2106,0.2666,0.7563,0.1399,0.2053,0.5896,0.2813,0.3163,0.923
1823,1846,2018-12-30 14:00:00,24,0.2212,0.2821,0.747,0.1407,0.2055,0.5891,0.3017,0.3419,0.905
1824,1847,2018-12-30 15:00:00,24,0.2317,0.2922,0.7354,0.1544,0.2209,0.5755,0.3091,0.3493,0.8952
1825,1848,2018-12-30 16:00:00,24,0.2349,0.2954,0.7557,0.1552,0.221,0.6238,0.3147,0.3546,0.8875
1826,1849,2018-12-30 17:00:00,24,0.2338,0.2932,0.7547,0.165,0.2262,0.6194,0.3027,0.3475,0.8901
1827,1850,2018-12-30 18:00:00,24,0.2302,0.2891,0.7479,0.172,0.2298,0.6003,0.2884,0.3382,0.8956
1828,1851,2018-12-30 19:00:00,24,0.2282,0.2862,0.771,0.1604,0.2184,0.6482,0.296,0.3408,0.8938
1829,1852,2018-12-30 20:00:00,24,0.2232,0.2834,0.757,0.163,0.2248,0.6162,0.2834,0.3318,0.8977
1830,1853,2018-12-30 21:00:00,24,0.2278,0.2883,0.7364,0.1728,0.238,0.5787,0.2827,0.331,0.894
1831,1854,2018-12-30 22:00:00,24,0.2284,0.2903,0.7343,0.1709,0.236,0.5858,0.2858,0.336,0.8827
1832,1855,2018-12-30 23:00:00,24,0.2353,0.2979,0.671,0.1739,0.2386,0.4755,0.2967,0.3471,0.8666
1833,1856,2018-12-31 00:00:00,24,0.2285,0.2897,0.7201,0.154,0.2138,0.5799,0.303,0.3495,0.8603
1834,1857,2018-12-31 01:00:00,24,0.2284,0.2896,0.7177,0.1542,0.2139,0.5795,0.3027,0.3493,0.856
1835,1858,2018-12-31 02:00:00,24,0.2274,0.2883,0.7166,0.1544,0.214,0.5782,0.3004,0.3471,0.8549
1836,1859,2018-12-31 03:00:00,24,0.2293,0.291,0.7129,0.1539,0.2139,0.5778,0.3047,0.3516,0.8479
1837,1860,2018-12-31 04:00:00,24,0.2316,0.2934,0.7099,0.1539,0.2139,0.5777,0.3092,0.3555,0.8421
1838,1861,2018-12-31 05:00:00,24,0.2322,0.2937,0.7098,0.1547,0.2141,0.5776,0.3096,0.3559,0.842
1839,1862,2018-12-31 06:00:00,24,0.2328,0.2938,0.711,0.1558,0.2142,0.5773,0.3097,0.356,0.8448
1840,1863,2018-12-31 07:00:00,24,0.2331,0.2946,0.7136,0.1548,0.2139,0.578,0.3115,0.3575,0.8492
1841,1864,2018-12-31 08:00:00,24,0.234,0.2956,0.7174,0.1544,0.2138,0.5786,0.3135,0.3592,0.8563
1842,1865,2018-12-31 09:00:00,24,0.2335,0.2952,0.7132,0.163,0.2194,0.561,0.3039,0.3552,0.8655
1843,1866,2018-12-31 10:00:00,24,0.2286,0.2908,0.7169,0.163,0.2193,0.5601,0.2942,0.3479,0.8737
1844,1867,2018-12-31 11:00:00,24,0.23,0.2917,0.7259,0.1592,0.2159,0.5744,0.3009,0.3515,0.8773
1845,1868,2018-12-31 12:00:00,24,0.2321,0.2918,0.7328,0.1567,0.2137,0.5809,0.3075,0.353,0.8847
1846,1869,2018-12-31 13:00:00,24,0.217,0.2754,0.7578,0.1491,0.2101,0.6024,0.2849,0.328,0.9132
1847,1870,2018-12-31 14:00:00,24,0.203,0.2584,0.7755,0.1468,0.2097,0.6144,0.2592,0.2993,0.9366
1848,1871,2018-12-31 15:00:00,24,0.2,0.254,0.7676,0.1429,0.2029,0.5931,0.257,0.2964,0.9422
1849,1872,2018-12-31 16:00:00,24,0.2035,0.2551,0.7148,0.151,0.2077,0.4854,0.2559,0.295,0.9441
1850,1873,2018-12-31 17:00:00,24,0.1997,0.2531,0.6943,0.1455,0.2031,0.4434,0.254,0.2947,0.9451
1851,1874,2018-12-31 18:00:00,24,0.2044,0.2564,0.683,0.1439,0.2017,0.4215,0.2648,0.3013,0.9445
1852,1875,2018-12-31 19:00:00,24,0.2172,0.273,0.628,0.1519,0.2085,0.3155,0.2825,0.325,0.9406
1853,1876,2018-12-31 20:00:00,24,0.217,0.2735,0.7383,0.1305,0.1723,0.5366,0.3035,0.3464,0.94
1854,1877,2018-12-31 21:00:00,24,0.2063,0.2637,0.7392,0.1248,0.1598,0.531,0.2878,0.3369,0.9473
1855,1878,2018-12-31 22:00:00,24,0.2026,0.2561,0.6564,0.1298,0.1688,0.361,0.2753,0.3203,0.9519
1856,1879,2018-12-31 23:00:00,24,0.1987,0.2501,0.7393,0.1305,0.17,0.5286,0.2669,0.3103,0.9501
1857,1880,2019-01-01 00:00:00,24,0.2019,0.2518,0.8023,0.1354,0.1729,0.665,0.2685,0.3114,0.9395
1858,1881,2019-01-01 01:00:00,24,0.2059,0.2561,0.8434,0.1363,0.1738,0.7668,0.2754,0.3177,0.92
1859,1882,2019-01-01 02:00:00,24,0.2105,0.2634,0.7973,0.1557,0.2036,0.6952,0.2654,0.3119,0.8994
1860,1883,2019-01-01 03:00:00,24,0.2054,0.2572,0.7892,0.1579,0.2039,0.7003,0.2529,0.3012,0.8781
1861,1884,2019-01-01 04:00:00,24,0.2007,0.2525,0.7758,0.1582,0.2039,0.7006,0.2432,0.2931,0.851
1862,1885,2019-01-01 05:00:00,24,0.1972,0.2493,0.7567,0.1587,0.204,0.6963,0.2357,0.2875,0.817
1863,1886,2019-01-01 06:00:00,24,0.1926,0.2457,0.7364,0.1577,0.2039,0.6903,0.2275,0.2814,0.7825
1864,1887,2019-01-01 07:00:00,24,0.192,0.2461,0.7211,0.1558,0.2036,0.6834,0.2282,0.2823,0.7588
1865,1888,2019-01-01 08:00:00,24,0.194,0.2479,0.72,0.1578,0.2042,0.6703,0.2302,0.2849,0.7698
1866,1889,2019-01-01 09:00:00,24,0.1967,0.252,0.7363,0.148,0.1981,0.6875,0.2454,0.2963,0.785
1867,1890,2019-01-01 10:00:00,24,0.2097,0.2654,0.7095,0.1657,0.2213,0.6355,0.2538,0.3031,0.7834
1868,1891,2019-01-01 11:00:00,24,0.2126,0.2716,0.7074,0.1615,0.2192,0.6538,0.2637,0.3154,0.761
1869,1892,2019-01-01 12:00:00,24,0.2207,0.2854,0.6803,0.1577,0.2175,0.6483,0.2837,0.3401,0.7123
1870,1893,2019-01-01 13:00:00,24,0.2367,0.3077,0.6374,0.1607,0.2181,0.6072,0.3126,0.3766,0.6675
1871,1894,2019-01-01 14:00:00,24,0.2532,0.3286,0.6072,0.1622,0.2183,0.5317,0.3442,0.4103,0.6827
1872,1895,2019-01-01 15:00:00,24,0.2556,0.3396,0.6419,0.1508,0.2091,0.5374,0.3604,0.4324,0.7465
1873,1896,2019-01-01 16:00:00,24,0.2613,0.3548,0.6794,0.143,0.2044,0.5503,0.3795,0.4582,0.8084
1874,1897,2019-01-01 17:00:00,24,0.2761,0.3702,0.7087,0.1429,0.2043,0.5588,0.4094,0.4821,0.8586
1875,1898,2019-01-01 18:00:00,24,0.2747,0.3714,0.7415,0.1362,0.2016,0.5855,0.4132,0.4849,0.8975
1876,1899,2019-01-01 19:00:00,24,0.2697,0.3647,0.6931,0.1428,0.2127,0.4607,0.3967,0.4699,0.9255
1877,1900,2019-01-01 20:00:00,24,0.2607,0.3553,0.6227,0.1466,0.2147,0.3041,0.3749,0.4543,0.9414
1878,1901,2019-01-01 21:00:00,24,0.2585,0.3534,0.6349,0.1376,0.2068,0.3223,0.3794,0.455,0.9474
1879,1902,2019-01-01 22:00:00,24,0.2468,0.3472,0.6928,0.1245,0.1937,0.433,0.3692,0.4513,0.9525
1880,1903,2019-01-01 23:00:00,24,0.2455,0.3485,0.6576,0.1314,0.2057,0.3587,0.3596,0.4478,0.9565
1881,1904,2019-01-02 00:00:00,24,0.2424,0.347,0.659,0.1307,0.2052,0.3584,0.3542,0.4457,0.9595
1882,1905,2019-01-02 01:00:00,24,0.2354,0.3425,0.6521,0.1272,0.2029,0.3413,0.3436,0.4399,0.9628
1883,1906,2019-01-02 02:00:00,24,0.2276,0.3348,0.7703,0.1111,0.1748,0.5762,0.3441,0.44,0.9644
1884,1907,2019-01-02 03:00:00,24,0.2284,0.335,0.7978,0.1124,0.1753,0.63,0.3444,0.4401,0.9655
1885,1908,2019-01-02 04:00:00,24,0.2292,0.335,0.8195,0.1149,0.1761,0.6728,0.3434,0.4398,0.9661
1886,1909,2019-01-02 05:00:00,24,0.2289,0.3349,0.8349,0.1152,0.1762,0.7037,0.3426,0.4396,0.9661
1887,1910,2019-01-02 06:00:00,24,0.2321,0.3365,0.8173,0.1255,0.1838,0.6693,0.3388,0.439,0.9653
1888,1911,2019-01-02 07:00:00,24,0.2386,0.3398,0.7834,0.1375,0.1936,0.6044,0.3398,0.4399,0.9624
1889,1912,2019-01-02 08:00:00,24,0.2384,0.3398,0.7532,0.1369,0.1934,0.5498,0.3399,0.4399,0.9567
1890,1913,2019-01-02 09:00:00,24,0.2407,0.3407,0.711,0.1403,0.1942,0.4774,0.3411,0.441,0.9446
1891,1914,2019-01-02 10:00:00,24,0.2334,0.334,0.7761,0.1257,0.1692,0.6274,0.341,0.441,0.9248
1892,1915,2019-01-02 11:00:00,24,0.2299,0.3284,0.7777,0.1299,0.1718,0.6594,0.3298,0.4315,0.8961
1893,1916,2019-01-02 12:00:00,24,0.2169,0.315,0.7765,0.1297,0.1717,0.6977,0.3041,0.411,0.8554
1894,1917,2019-01-02 13:00:00,24,0.2037,0.295,0.773,0.1365,0.1783,0.7355,0.2709,0.3772,0.8104
1895,1918,2019-01-02 14:00:00,24,0.1936,0.2739,0.7792,0.1417,0.1814,0.7832,0.2454,0.3423,0.7752
1896,1919,2019-01-02 15:00:00,24,0.1814,0.2517,0.8038,0.1477,0.1848,0.8231,0.2151,0.3042,0.7844
1897,1920,2019-01-02 16:00:00,24,0.167,0.2219,0.8507,0.1493,0.1853,0.8466,0.1847,0.2533,0.8548
1898,1921,2019-01-02 17:00:00,24,0.1553,0.1972,0.8897,0.1471,0.1844,0.8645,0.1635,0.2093,0.9148
1899,1922,2019-01-02 18:00:00,24,0.1559,0.1944,0.9054,0.1527,0.1865,0.877,0.1592,0.2019,0.9338
1900,1923,2019-01-02 19:00:00,24,0.1508,0.1889,0.9282,0.1367,0.1649,0.9156,0.1648,0.2101,0.9408
1901,1924,2019-01-02 20:00:00,24,0.1517,0.1906,0.9322,0.1403,0.1692,0.9164,0.1632,0.2097,0.9481
1902,1925,2019-01-02 21:00:00,24,0.1511,0.1907,0.9374,0.1378,0.1685,0.9211,0.1644,0.2106,0.9537
1903,1926,2019-01-02 22:00:00,24,0.1586,0.1963,0.9345,0.1478,0.1781,0.9132,0.1695,0.213,0.9559
1904,1927,2019-01-02 23:00:00,24,0.1593,0.1934,0.941,0.1383,0.1601,0.9289,0.1803,0.2218,0.9531
1905,1928,2019-01-03 00:00:00,24,0.1611,0.1952,0.9389,0.137,0.1591,0.9273,0.1853,0.2256,0.9506
1906,1929,2019-01-03 01:00:00,24,0.1636,0.1971,0.9347,0.1382,0.16,0.9227,0.189,0.2282,0.9468
1907,1930,2019-01-03 02:00:00,24,0.1645,0.1975,0.9296,0.137,0.159,0.9174,0.192,0.2297,0.9418
1908,1931,2019-01-03 03:00:00,24,0.1622,0.1966,0.9222,0.1362,0.1586,0.9089,0.1881,0.2283,0.9356
1909,1932,2019-01-03 04:00:00,24,0.1593,0.1957,0.9104,0.1347,0.158,0.8958,0.184,0.2273,0.9249
1910,1933,2019-01-03 05:00:00,24,0.16,0.196,0.8891,0.1353,0.1583,0.8742,0.1846,0.2276,0.904
1911,1934,2019-01-03 06:00:00,24,0.1567,0.193,0.8706,0.1288,0.1507,0.8759,0.1846,0.2276,0.8654
1912,1935,2019-01-03 07:00:00,24,0.1454,0.1809,0.8659,0.1206,0.1395,0.8977,0.1701,0.2145,0.834
1913,1936,2019-01-03 08:00:00,24,0.1471,0.1806,0.8362,0.1302,0.1515,0.8766,0.1641,0.2056,0.7957
1914,1937,2019-01-03 09:00:00,24,0.1465,0.1792,0.8197,0.13,0.1514,0.8745,0.1629,0.2033,0.7648
1915,1938,2019-01-03 10:00:00,24,0.1416,0.1744,0.8242,0.1248,0.1488,0.8786,0.1585,0.1968,0.7698
1916,1939,2019-01-03 11:00:00,24,0.1484,0.1899,0.8155,0.1242,0.1481,0.8797,0.1726,0.2241,0.7513
1917,1940,2019-01-03 12:00:00,24,0.1653,0.2179,0.8185,0.1288,0.1514,0.8745,0.2018,0.2685,0.7626
1918,1941,2019-01-03 13:00:00,24,0.1693,0.2233,0.8552,0.1197,0.1427,0.8879,0.219,0.2817,0.8225
1919,1942,2019-01-03 14:00:00,24,0.1774,0.2344,0.8741,0.1229,0.1474,0.8812,0.2319,0.2969,0.867
1920,1943,2019-01-03 15:00:00,24,0.182,0.2394,0.8908,0.1181,0.1434,0.8832,0.2459,0.3067,0.8984
1921,1944,2019-01-03 16:00:00,24,0.1878,0.2442,0.9011,0.12,0.1447,0.8821,0.2556,0.3135,0.9201
1922,1945,2019-01-03 17:00:00,24,0.1875,0.2437,0.9084,0.1206,0.1449,0.88,0.2544,0.3127,0.9369
1923,1946,2019-01-03 18:00:00,24,0.1814,0.2395,0.9116,0.1188,0.1434,0.8739,0.2441,0.3069,0.9493
1924,1947,2019-01-03 19:00:00,24,0.1746,0.2337,0.9101,0.1177,0.1432,0.8612,0.2316,0.2978,0.9589
1925,1948,2019-01-03 20:00:00,24,0.1706,0.2311,0.9183,0.11,0.1348,0.8732,0.2311,0.2978,0.9634
1926,1949,2019-01-03 21:00:00,24,0.1676,0.23,0.919,0.1102,0.1348,0.8709,0.2249,0.2961,0.967
1927,1950,2019-01-03 22:00:00,24,0.1586,0.2251,0.9346,0.0984,0.1215,0.8996,0.2189,0.2942,0.9697
1928,1951,2019-01-03 23:00:00,24,0.1581,0.2247,0.938,0.0968,0.1192,0.9054,0.2193,0.2946,0.9705
1929,1952,2019-01-04 00:00:00,24,0.1586,0.2251,0.9393,0.0975,0.1199,0.9082,0.2197,0.295,0.9704
1930,1953,2019-01-04 01:00:00,24,0.1536,0.2227,0.9424,0.0953,0.118,0.9145,0.2119,0.292,0.9703
1931,1954,2019-01-04 02:00:00,24,0.1519,0.222,0.9439,0.0927,0.1164,0.9186,0.211,0.2916,0.9691
1932,1955,2019-01-04 03:00:00,24,0.1527,0.2224,0.9433,0.0909,0.1157,0.9195,0.2144,0.2924,0.9671
1933,1956,2019-01-04 04:00:00,24,0.153,0.2224,0.9407,0.0896,0.1153,0.9171,0.2165,0.2927,0.9643
1934,1957,2019-01-04 05:00:00,24,0.1504,0.2216,0.9355,0.0874,0.1143,0.9108,0.2135,0.2918,0.9601
1935,1958,2019-01-04 06:00:00,24,0.1485,0.2211,0.9245,0.0839,0.1125,0.8961,0.2131,0.2918,0.953
1936,1959,2019-01-04 07:00:00,24,0.1486,0.2211,0.897,0.0817,0.111,0.8541,0.2156,0.2923,0.9399
1937,1960,2019-01-04 08:00:00,24,0.1391,0.2144,0.8918,0.0718,0.0938,0.8633,0.2063,0.2883,0.9204
1938,1961,2019-01-04 09:00:00,24,0.1303,0.2061,0.8569,0.0692,0.0922,0.8197,0.1914,0.2765,0.8941
1939,1962,2019-01-04 10:00:00,24,0.1282,0.204,0.7692,0.0734,0.0952,0.7135,0.1829,0.2724,0.8249
1940,1963,2019-01-04 11:00:00,24,0.1163,0.1864,0.6751,0.0677,0.0907,0.6317,0.1649,0.2476,0.7186
1941,1964,2019-01-04 12:00:00,24,0.1,0.1529,0.6435,0.0623,0.0847,0.6266,0.1376,0.199,0.6604
1942,1965,2019-01-04 13:00:00,24,0.0963,0.1432,0.5333,0.0657,0.0875,0.6147,0.1268,0.1827,0.4519
1943,1966,2019-01-04 14:00:00,24,0.0843,0.1202,0.6522,0.0603,0.0754,0.8112,0.1082,0.1523,0.4933
1944,1967,2019-01-04 15:00:00,24,0.0801,0.1113,0.7589,0.0585,0.0744,0.8629,0.1017,0.1387,0.6548
1945,1968,2019-01-04 16:00:00,24,0.077,0.1072,0.8485,0.0543,0.0705,0.906,0.0996,0.1341,0.7911
1946,1969,2019-01-04 17:00:00,24,0.0821,0.1169,0.8727,0.0581,0.076,0.9023,0.1061,0.1468,0.8432
1947,1970,2019-01-04 18:00:00,24,0.0918,0.1362,0.8816,0.0598,0.0785,0.8974,0.1239,0.1759,0.8659
1948,1971,2019-01-04 19:00:00,24,0.1007,0.1479,0.8894,0.0644,0.0829,0.8822,0.137,0.192,0.8966
1949,1972,2019-01-04 20:00:00,24,0.1106,0.1602,0.8875,0.0682,0.0877,0.8583,0.153,0.209,0.9168
1950,1973,2019-01-04 21:00:00,24,0.1188,0.1679,0.8881,0.0708,0.0891,0.8429,0.1668,0.2201,0.9332
1951,1974,2019-01-04 22:00:00,24,0.1258,0.174,0.8879,0.0725,0.0896,0.831,0.1791,0.2292,0.9447
1952,1975,2019-01-04 23:00:00,24,0.1231,0.1729,0.8909,0.0664,0.0828,0.8251,0.1798,0.2301,0.9567
1953,1976,2019-01-05 00:00:00,24,0.1274,0.1795,0.8801,0.0688,0.0874,0.7966,0.1859,0.2384,0.9635
1954,1977,2019-01-05 01:00:00,24,0.1406,0.1958,0.8712,0.0754,0.0981,0.7765,0.2059,0.259,0.9658
1955,1978,2019-01-05 02:00:00,24,0.1505,0.2092,0.8875,0.079,0.1012,0.8069,0.2219,0.278,0.9682
1956,1979,2019-01-05 03:00:00,24,0.1567,0.2144,0.8937,0.0825,0.1035,0.8154,0.2308,0.285,0.972
1957,1980,2019-01-05 04:00:00,24,0.1602,0.2164,0.9019,0.0831,0.1037,0.8288,0.2372,0.2879,0.975
1958,1981,2019-01-05 05:00:00,24,0.1608,0.2165,0.9087,0.0841,0.104,0.8401,0.2375,0.288,0.9772
