window_start,window_end,datetime_end,N,MAE,RMSE,R2,MAE_T,RMSE_T,R2_T,MAE_H,RMSE_H,R2_H
0,23,2018-10-14 14:00:00,24,0.0698,0.0869,0.7413,0.0666,0.0839,0.6111,0.073,0.0898,0.8715
1,24,2018-10-14 15:00:00,24,0.0693,0.0872,0.7326,0.0639,0.0827,0.5981,0.0746,0.0914,0.8672
2,25,2018-10-14 16:00:00,24,0.0658,0.085,0.7494,0.0602,0.0801,0.6285,0.0715,0.0897,0.8704
3,26,2018-10-14 17:00:00,24,0.0616,0.0791,0.8028,0.0536,0.0678,0.7331,0.0695,0.089,0.8725
4,27,2018-10-14 18:00:00,24,0.0648,0.0818,0.7866,0.0561,0.0694,0.7116,0.0736,0.0925,0.8617
5,28,2018-10-14 19:00:00,24,0.0695,0.0947,0.7482,0.0542,0.0687,0.7006,0.0849,0.1149,0.7957
6,29,2018-10-14 20:00:00,24,0.0705,0.0966,0.739,0.0534,0.0685,0.6905,0.0876,0.1183,0.7875
7,30,2018-10-14 21:00:00,24,0.0731,0.0998,0.7327,0.0509,0.0665,0.6781,0.0953,0.1245,0.7873
8,31,2018-10-14 22:00:00,24,0.0755,0.1046,0.7391,0.049,0.0653,0.6889,0.1019,0.1328,0.7893
9,32,2018-10-14 23:00:00,24,0.0758,0.1047,0.7414,0.049,0.0652,0.6805,0.1026,0.133,0.8023
10,33,2018-10-15 00:00:00,24,0.0719,0.0995,0.7793,0.0458,0.0597,0.7078,0.0981,0.1274,0.8508
11,34,2018-10-15 01:00:00,24,0.0702,0.0972,0.7821,0.0477,0.0625,0.6738,0.0927,0.1224,0.8904
12,35,2018-10-15 02:00:00,24,0.067,0.0948,0.8035,0.0419,0.0554,0.7001,0.092,0.1221,0.9069
13,36,2018-10-15 03:00:00,24,0.0685,0.0955,0.769,0.0445,0.0573,0.6171,0.0925,0.1224,0.9208
14,37,2018-10-15 04:00:00,24,0.0689,0.0956,0.7365,0.0458,0.0582,0.5425,0.092,0.122,0.9305
15,38,2018-10-15 05:00:00,24,0.071,0.0971,0.6691,0.0477,0.0594,0.4044,0.0943,0.1238,0.9337
16,39,2018-10-15 06:00:00,24,0.0677,0.0947,0.6878,0.0445,0.056,0.4365,0.091,0.1216,0.9391
17,40,2018-10-15 07:00:00,24,0.0659,0.0937,0.724,0.0408,0.0526,0.5059,0.091,0.1216,0.9421
18,41,2018-10-15 08:00:00,24,0.0729,0.1096,0.4735,0.0564,0.0965,0.0021,0.0894,0.1212,0.9449
19,42,2018-10-15 09:00:00,24,0.0771,0.1131,0.3922,0.0643,0.1041,-0.1622,0.0899,0.1214,0.9466
20,43,2018-10-15 10:00:00,24,0.0781,0.1139,0.413,0.0656,0.1058,-0.1215,0.0906,0.1215,0.9475
21,44,2018-10-15 11:00:00,24,0.0821,0.118,0.3462,0.0719,0.1132,-0.2533,0.0923,0.1226,0.9457
22,45,2018-10-15 12:00:00,24,0.0794,0.1158,0.3868,0.0695,0.1122,-0.171,0.0893,0.1193,0.9447
23,46,2018-10-15 13:00:00,24,0.0841,0.1192,0.4716,0.0715,0.1133,0.0097,0.0967,0.1249,0.9335
24,47,2018-10-15 14:00:00,24,0.0998,0.149,0.6445,0.0919,0.1559,0.3789,0.1076,0.1417,0.9102
25,48,2018-10-15 15:00:00,24,0.1061,0.1549,0.7711,0.097,0.1581,0.6439,0.1151,0.1517,0.8982
26,49,2018-10-15 16:00:00,24,0.1154,0.1623,0.7777,0.1075,0.1669,0.6544,0.1233,0.1576,0.901
27,50,2018-10-15 17:00:00,24,0.1199,0.1651,0.7975,0.1083,0.1672,0.6816,0.1314,0.163,0.9134
28,51,2018-10-15 18:00:00,24,0.1279,0.1747,0.8113,0.1196,0.1809,0.6908,0.1362,0.1683,0.9319
29,52,2018-10-15 19:00:00,24,0.125,0.169,0.8319,0.1231,0.1818,0.7062,0.127,0.1553,0.9576
30,53,2018-10-15 20:00:00,24,0.1216,0.1671,0.8403,0.1228,0.1818,0.7115,0.1204,0.151,0.9691
31,54,2018-10-15 21:00:00,24,0.125,0.1692,0.8388,0.1305,0.1867,0.7016,0.1194,0.1497,0.976
32,55,2018-10-15 22:00:00,24,0.1276,0.1706,0.84,0.136,0.1892,0.6993,0.1193,0.1496,0.9808
33,56,2018-10-15 23:00:00,24,0.1322,0.1737,0.8398,0.1379,0.1898,0.6967,0.1265,0.1559,0.983
34,57,2018-10-16 00:00:00,24,0.1346,0.1766,0.8366,0.1365,0.1894,0.6887,0.1327,0.1629,0.9844
35,58,2018-10-16 01:00:00,24,0.1384,0.1812,0.8363,0.1337,0.1883,0.6878,0.143,0.1738,0.9849
36,59,2018-10-16 02:00:00,24,0.142,0.1825,0.8311,0.1389,0.1901,0.6757,0.1451,0.1746,0.9865
37,60,2018-10-16 03:00:00,24,0.14,0.182,0.8261,0.1368,0.1895,0.6646,0.1432,0.174,0.9876
38,61,2018-10-16 04:00:00,24,0.1398,0.182,0.8215,0.1355,0.1893,0.6547,0.144,0.1744,0.9883
39,62,2018-10-16 05:00:00,24,0.1398,0.1822,0.8133,0.1348,0.1891,0.6381,0.1448,0.175,0.9884
40,63,2018-10-16 06:00:00,24,0.1409,0.1824,0.8022,0.1361,0.1893,0.616,0.1457,0.1752,0.9884
41,64,2018-10-16 07:00:00,24,0.1433,0.183,0.7895,0.1384,0.1898,0.5908,0.1481,0.1761,0.9881
42,65,2018-10-16 08:00:00,24,0.1425,0.1806,0.7526,0.1359,0.1849,0.5177,0.149,0.1762,0.9875
43,66,2018-10-16 09:00:00,24,0.1414,0.1794,0.726,0.1322,0.182,0.4658,0.1505,0.1767,0.9863
44,67,2018-10-16 10:00:00,24,0.1455,0.1822,0.6617,0.1331,0.1827,0.3399,0.158,0.1816,0.9835
45,68,2018-10-16 11:00:00,24,0.1484,0.1874,0.5841,0.1401,0.1935,0.1874,0.1567,0.1811,0.9808
46,69,2018-10-16 12:00:00,24,0.1508,0.1883,0.5382,0.1452,0.1955,0.0999,0.1564,0.1809,0.9765
47,70,2018-10-16 13:00:00,24,0.1499,0.1878,0.5329,0.144,0.1951,0.0951,0.1558,0.1803,0.9707
48,71,2018-10-16 14:00:00,24,0.1375,0.1672,0.607,0.129,0.1663,0.2462,0.1461,0.1681,0.9678
49,72,2018-10-16 15:00:00,24,0.1347,0.1638,0.4714,0.1314,0.1686,-0.0203,0.138,0.1587,0.9632
50,73,2018-10-16 16:00:00,24,0.1302,0.1587,0.5352,0.1243,0.161,0.1178,0.1361,0.1564,0.9525
51,74,2018-10-16 17:00:00,24,0.13,0.158,0.526,0.1268,0.1627,0.1142,0.1332,0.1532,0.9378
52,75,2018-10-16 18:00:00,24,0.131,0.1605,0.3293,0.1291,0.1679,-0.2565,0.1329,0.1528,0.915
53,76,2018-10-16 19:00:00,24,0.1335,0.1647,0.2364,0.1269,0.1671,-0.3906,0.1401,0.1623,0.8634
54,77,2018-10-16 20:00:00,24,0.1388,0.1673,0.1772,0.1308,0.1683,-0.422,0.1467,0.1663,0.7763
55,78,2018-10-16 21:00:00,24,0.1409,0.1703,0.0462,0.1342,0.1733,-0.5653,0.1475,0.1672,0.6577
56,79,2018-10-16 22:00:00,24,0.1395,0.1687,0.0249,0.1332,0.1724,-0.5747,0.1458,0.165,0.6246
57,80,2018-10-16 23:00:00,24,0.1383,0.1672,0.0739,0.1345,0.1731,-0.5452,0.1421,0.161,0.693
58,81,2018-10-17 00:00:00,24,0.1356,0.1639,0.1596,0.1354,0.1734,-0.4618,0.1359,0.1539,0.781
59,82,2018-10-17 01:00:00,24,0.1292,0.1579,0.1947,0.1346,0.1732,-0.458,0.1237,0.1411,0.8474
60,83,2018-10-17 02:00:00,24,0.1274,0.1573,0.223,0.13,0.1713,-0.4228,0.1249,0.1419,0.8688
61,84,2018-10-17 03:00:00,24,0.1271,0.1572,0.2307,0.1298,0.1712,-0.4236,0.1243,0.1418,0.885
62,85,2018-10-17 04:00:00,24,0.1276,0.1573,0.2384,0.1318,0.1717,-0.4157,0.1234,0.1414,0.8924
63,86,2018-10-17 05:00:00,24,0.1269,0.1568,0.244,0.1318,0.1717,-0.4108,0.1221,0.1403,0.8988
64,87,2018-10-17 06:00:00,24,0.1274,0.157,0.2437,0.132,0.1718,-0.4118,0.1229,0.1407,0.8991
65,88,2018-10-17 07:00:00,24,0.1255,0.1564,0.2452,0.1297,0.1714,-0.4094,0.1212,0.1399,0.8998
66,89,2018-10-17 08:00:00,24,0.1261,0.1546,0.1829,0.1265,0.1656,-0.5325,0.1257,0.1427,0.8984
67,90,2018-10-17 09:00:00,24,0.1277,0.1576,0.192,0.1228,0.1643,-0.5143,0.1327,0.1507,0.8982
68,91,2018-10-17 10:00:00,24,0.1262,0.157,0.2493,0.1256,0.1679,-0.4178,0.1268,0.1453,0.9163
69,92,2018-10-17 11:00:00,24,0.1224,0.1495,0.3806,0.1148,0.1514,-0.1636,0.1299,0.1475,0.9249
70,93,2018-10-17 12:00:00,24,0.1212,0.1492,0.3604,0.1154,0.152,-0.2114,0.127,0.1465,0.9322
71,94,2018-10-17 13:00:00,24,0.1188,0.1475,0.3147,0.1161,0.1523,-0.3078,0.1214,0.1426,0.9372
72,95,2018-10-17 14:00:00,24,0.1191,0.1502,0.2518,0.1208,0.1589,-0.4312,0.1173,0.141,0.9348
73,96,2018-10-17 15:00:00,24,0.1148,0.1474,0.2991,0.1137,0.1542,-0.3315,0.1159,0.1403,0.9298
74,97,2018-10-17 16:00:00,24,0.1148,0.1478,0.1925,0.1179,0.158,-0.5406,0.1118,0.1369,0.9257
75,98,2018-10-17 17:00:00,24,0.113,0.1475,0.1693,0.1197,0.1598,-0.5782,0.1063,0.1341,0.9169
76,99,2018-10-17 18:00:00,24,0.1031,0.1324,0.3658,0.1062,0.1381,-0.1818,0.1001,0.1265,0.9135
77,100,2018-10-17 19:00:00,24,0.0992,0.1261,0.3537,0.1082,0.1389,-0.2157,0.0902,0.1119,0.9231
78,101,2018-10-17 20:00:00,24,0.0971,0.1249,0.3612,0.1046,0.1376,-0.1944,0.0895,0.1109,0.9168
79,102,2018-10-17 21:00:00,24,0.0924,0.1181,0.4217,0.1003,0.1299,-0.0749,0.0845,0.1051,0.9183
80,103,2018-10-17 22:00:00,24,0.0929,0.1186,0.4228,0.102,0.1317,-0.0725,0.0839,0.1039,0.9182
81,104,2018-10-17 23:00:00,24,0.0984,0.1311,0.3334,0.1146,0.1547,-0.2496,0.0823,0.1022,0.9163
82,105,2018-10-18 00:00:00,24,0.1083,0.1504,0.0556,0.1335,0.1861,-0.8015,0.0831,0.103,0.9128
83,106,2018-10-18 01:00:00,24,0.1133,0.1536,0.073,0.1355,0.1866,-0.7557,0.0912,0.1112,0.9017
84,107,2018-10-18 02:00:00,24,0.1144,0.1538,0.1439,0.1391,0.1878,-0.6231,0.0897,0.1098,0.9109
85,108,2018-10-18 03:00:00,24,0.1179,0.1558,0.1128,0.1453,0.1909,-0.6886,0.0904,0.11,0.9142
86,109,2018-10-18 04:00:00,24,0.1204,0.1574,0.1499,0.1489,0.193,-0.6107,0.0918,0.1109,0.9106
87,110,2018-10-18 05:00:00,24,0.1193,0.1569,0.2186,0.1482,0.1929,-0.4648,0.0904,0.1097,0.902
88,111,2018-10-18 06:00:00,24,0.1205,0.1582,0.2567,0.147,0.1927,-0.3534,0.0941,0.1139,0.8667
89,112,2018-10-18 07:00:00,24,0.1203,0.1582,0.2823,0.1486,0.1929,-0.2631,0.092,0.1134,0.8277
90,113,2018-10-18 08:00:00,24,0.1227,0.1643,0.4429,0.155,0.2037,0.0849,0.0904,0.1116,0.8009
91,114,2018-10-18 09:00:00,24,0.125,0.1647,0.496,0.1629,0.2079,0.1609,0.087,0.1051,0.8312
92,115,2018-10-18 10:00:00,24,0.126,0.1657,0.5831,0.1638,0.209,0.3202,0.0882,0.106,0.8461
93,116,2018-10-18 11:00:00,24,0.132,0.1755,0.5401,0.1768,0.225,0.2216,0.0871,0.1047,0.8587
94,117,2018-10-18 12:00:00,24,0.1354,0.1782,0.5207,0.174,0.2235,0.222,0.0969,0.1164,0.8194
95,118,2018-10-18 13:00:00,24,0.1387,0.1806,0.4876,0.1732,0.2233,0.1926,0.1042,0.1239,0.7825
96,119,2018-10-18 14:00:00,24,0.138,0.1781,0.5008,0.1687,0.2187,0.2267,0.1074,0.125,0.7749
97,120,2018-10-18 15:00:00,24,0.152,0.1987,0.4937,0.1926,0.25,0.215,0.1114,0.1285,0.7723
98,121,2018-10-18 16:00:00,24,0.1571,0.2061,0.4704,0.2023,0.2616,0.1433,0.1119,0.1287,0.7975
99,122,2018-10-18 17:00:00,24,0.1664,0.216,0.4178,0.2133,0.2745,0.015,0.1195,0.1341,0.8207
100,123,2018-10-18 18:00:00,24,0.167,0.2163,0.445,0.2148,0.275,0.0267,0.1192,0.1339,0.8633
101,124,2018-10-18 19:00:00,24,0.1663,0.2162,0.4601,0.2152,0.2752,0.0287,0.1173,0.1334,0.8915
102,125,2018-10-18 20:00:00,24,0.1665,0.2157,0.4692,0.2182,0.2756,0.0203,0.1147,0.1308,0.9181
103,126,2018-10-18 21:00:00,24,0.1682,0.2167,0.4676,0.219,0.2762,0.0014,0.1174,0.1328,0.9338
104,127,2018-10-18 22:00:00,24,0.1653,0.215,0.4585,0.2181,0.2757,-0.0328,0.1124,0.1281,0.9499
105,128,2018-10-18 23:00:00,24,0.1576,0.2067,0.5229,0.2051,0.2633,0.087,0.1102,0.1269,0.9588
106,129,2018-10-19 00:00:00,24,0.1579,0.205,0.5293,0.2027,0.2588,0.0952,0.1131,0.1305,0.9634
107,130,2018-10-19 01:00:00,24,0.154,0.2028,0.5105,0.2021,0.2587,0.0505,0.1059,0.1237,0.9705
108,131,2018-10-19 02:00:00,24,0.1585,0.2066,0.4286,0.2094,0.2641,-0.115,0.1076,0.1251,0.9722
109,132,2018-10-19 03:00:00,24,0.1614,0.2091,0.4164,0.2138,0.2677,-0.1409,0.109,0.1257,0.9737
110,133,2018-10-19 04:00:00,24,0.1631,0.2102,0.4609,0.2149,0.2684,-0.0514,0.1113,0.1277,0.9733
111,134,2018-10-19 05:00:00,24,0.1635,0.2105,0.4714,0.2186,0.2693,-0.0308,0.1084,0.1269,0.9736
112,135,2018-10-19 06:00:00,24,0.1618,0.2094,0.4764,0.2205,0.2697,-0.0225,0.1032,0.1224,0.9752
113,136,2018-10-19 07:00:00,24,0.1663,0.2113,0.4715,0.2219,0.27,-0.0287,0.1107,0.1279,0.9717
114,137,2018-10-19 08:00:00,24,0.1649,0.212,0.4259,0.2231,0.2719,-0.1183,0.1066,0.1261,0.9702
115,138,2018-10-19 09:00:00,24,0.1611,0.2094,0.4292,0.2184,0.2694,-0.1084,0.1039,0.1231,0.9669
116,139,2018-10-19 10:00:00,24,0.1583,0.2069,0.3732,0.2105,0.2644,-0.2103,0.1061,0.1253,0.9567
117,140,2018-10-19 11:00:00,24,0.1518,0.1991,0.4155,0.2012,0.2532,-0.1144,0.1024,0.1231,0.9453
118,141,2018-10-19 12:00:00,24,0.1532,0.2012,0.4215,0.2111,0.2611,-0.0975,0.0952,0.1131,0.9404
119,142,2018-10-19 13:00:00,24,0.1614,0.2099,0.3719,0.2215,0.268,-0.1606,0.1013,0.1275,0.9044
120,143,2018-10-19 14:00:00,24,0.1677,0.2158,0.3957,0.2277,0.2736,-0.0735,0.1077,0.1352,0.8648
121,144,2018-10-19 15:00:00,24,0.1642,0.2062,0.4884,0.2183,0.2566,0.1383,0.1102,0.1386,0.8385
122,145,2018-10-19 16:00:00,24,0.1592,0.1992,0.5953,0.2022,0.2417,0.37,0.1161,0.1447,0.8205
123,146,2018-10-19 17:00:00,24,0.1517,0.1897,0.6898,0.1853,0.224,0.5337,0.1181,0.1475,0.8459
124,147,2018-10-19 18:00:00,24,0.1513,0.1901,0.7268,0.1809,0.2228,0.5779,0.1217,0.1504,0.8758
125,148,2018-10-19 19:00:00,24,0.1523,0.1903,0.749,0.1799,0.2224,0.5979,0.1247,0.1514,0.9001
126,149,2018-10-19 20:00:00,24,0.1497,0.1895,0.7605,0.177,0.2219,0.6034,0.1223,0.1502,0.9175
127,150,2018-10-19 21:00:00,24,0.1457,0.1869,0.7765,0.1729,0.2189,0.6206,0.1185,0.1481,0.9323
128,151,2018-10-19 22:00:00,24,0.1484,0.1887,0.7839,0.174,0.2197,0.6264,0.1229,0.1514,0.9413
129,152,2018-10-19 23:00:00,24,0.1516,0.192,0.7858,0.181,0.2255,0.6219,0.1223,0.1513,0.9498
130,153,2018-10-20 00:00:00,24,0.1461,0.1827,0.8077,0.1715,0.2108,0.6594,0.1206,0.1494,0.956
131,154,2018-10-20 01:00:00,24,0.1476,0.1838,0.7971,0.1755,0.2128,0.6349,0.1197,0.1492,0.9594
132,155,2018-10-20 02:00:00,24,0.1434,0.1799,0.81,0.1702,0.2074,0.6568,0.1165,0.1474,0.9631
133,156,2018-10-20 03:00:00,24,0.1379,0.1755,0.8282,0.1614,0.2002,0.691,0.1143,0.1468,0.9653
134,157,2018-10-20 04:00:00,24,0.1328,0.1725,0.8399,0.156,0.197,0.7119,0.1096,0.1439,0.9678
135,158,2018-10-20 05:00:00,24,0.131,0.1718,0.8434,0.1516,0.1956,0.7186,0.1103,0.144,0.9682
136,159,2018-10-20 06:00:00,24,0.1299,0.1715,0.8424,0.1501,0.1952,0.7167,0.1097,0.1438,0.9682
137,160,2018-10-20 07:00:00,24,0.1257,0.1692,0.8379,0.1474,0.1946,0.7069,0.104,0.1393,0.9688
138,161,2018-10-20 08:00:00,24,0.1293,0.169,0.8084,0.1424,0.1846,0.6569,0.1161,0.1519,0.9599
139,162,2018-10-20 09:00:00,24,0.136,0.1808,0.75,0.1411,0.184,0.5604,0.1309,0.1774,0.9395
140,163,2018-10-20 10:00:00,24,0.1363,0.1808,0.6201,0.1429,0.1849,0.3097,0.1297,0.1765,0.9305
141,164,2018-10-20 11:00:00,24,0.1402,0.1843,0.5029,0.1393,0.1819,0.0953,0.141,0.1867,0.9106
142,165,2018-10-20 12:00:00,24,0.1397,0.1829,0.4921,0.1371,0.1782,0.0844,0.1423,0.1874,0.8998
143,166,2018-10-20 13:00:00,24,0.1298,0.1711,0.4122,0.1272,0.1678,-0.0857,0.1324,0.1743,0.9102
144,167,2018-10-20 14:00:00,24,0.1243,0.1641,0.5348,0.1186,0.1564,0.1572,0.13,0.1714,0.9123
145,168,2018-10-20 15:00:00,24,0.118,0.1552,0.6778,0.1069,0.1384,0.4424,0.1291,0.1704,0.9132
146,169,2018-10-20 16:00:00,24,0.1193,0.1555,0.6892,0.1107,0.1406,0.4635,0.128,0.169,0.9148
147,170,2018-10-20 17:00:00,24,0.1176,0.1536,0.7146,0.11,0.1405,0.5107,0.1251,0.1657,0.9185
148,171,2018-10-20 18:00:00,24,0.1212,0.1558,0.7413,0.1171,0.1452,0.5645,0.1252,0.1658,0.9181
149,172,2018-10-20 19:00:00,24,0.1201,0.1554,0.7643,0.116,0.1448,0.6109,0.1243,0.1654,0.9178
150,173,2018-10-20 20:00:00,24,0.1271,0.1608,0.7692,0.1212,0.1474,0.6278,0.1331,0.1733,0.9106
151,174,2018-10-20 21:00:00,24,0.1293,0.1621,0.7787,0.1202,0.1467,0.6472,0.1383,0.1762,0.9102
152,175,2018-10-20 22:00:00,24,0.1268,0.1601,0.7912,0.1186,0.145,0.6706,0.135,0.1738,0.9118
153,176,2018-10-20 23:00:00,24,0.1255,0.1573,0.8186,0.1108,0.1354,0.7273,0.1401,0.1764,0.9098
154,177,2018-10-21 00:00:00,24,0.1218,0.1537,0.8393,0.1061,0.1294,0.7638,0.1375,0.1747,0.9148
155,178,2018-10-21 01:00:00,24,0.1206,0.1525,0.8505,0.1026,0.1263,0.7842,0.1386,0.1748,0.9169
156,179,2018-10-21 02:00:00,24,0.1172,0.1508,0.8603,0.097,0.1224,0.8026,0.1375,0.1746,0.918
157,180,2018-10-21 03:00:00,24,0.1192,0.1515,0.862,0.0977,0.1227,0.8071,0.1408,0.1756,0.917
158,181,2018-10-21 04:00:00,24,0.1187,0.1514,0.863,0.0967,0.1224,0.8095,0.1407,0.1756,0.9166
159,182,2018-10-21 05:00:00,24,0.1216,0.1525,0.8598,0.0984,0.1228,0.8058,0.1449,0.1772,0.9139
160,183,2018-10-21 06:00:00,24,0.1217,0.1525,0.858,0.0984,0.1228,0.8031,0.1449,0.1772,0.9128
161,184,2018-10-21 07:00:00,24,0.1223,0.1528,0.8548,0.0981,0.1228,0.7983,0.1465,0.1778,0.9113
162,185,2018-10-21 08:00:00,24,0.1158,0.1433,0.8676,0.0879,0.1047,0.8192,0.1436,0.1735,0.916
163,186,2018-10-21 09:00:00,24,0.1146,0.1358,0.8115,0.0979,0.1206,0.6873,0.1313,0.1496,0.9357
164,187,2018-10-21 10:00:00,24,0.1199,0.1438,0.786,0.0998,0.1228,0.6519,0.14,0.1621,0.9202
165,188,2018-10-21 11:00:00,24,0.1228,0.1481,0.7642,0.1037,0.1278,0.6227,0.1419,0.1659,0.9056
166,189,2018-10-21 12:00:00,24,0.1281,0.1583,0.8209,0.1004,0.1216,0.7809,0.1558,0.1879,0.8609
167,190,2018-10-21 13:00:00,24,0.1344,0.1676,0.8396,0.1013,0.1222,0.8473,0.1674,0.2031,0.832
168,191,2018-10-21 14:00:00,24,0.1391,0.1779,0.86,0.0991,0.1206,0.89,0.1792,0.2207,0.83
169,192,2018-10-21 15:00:00,24,0.1502,0.2007,0.8087,0.123,0.1803,0.7563,0.1773,0.2193,0.8611
170,193,2018-10-21 16:00:00,24,0.1443,0.198,0.821,0.1183,0.1784,0.7557,0.1704,0.2159,0.8863
171,194,2018-10-21 17:00:00,24,0.1441,0.1982,0.8213,0.1245,0.1818,0.7382,0.1637,0.2133,0.9044
172,195,2018-10-21 18:00:00,24,0.1599,0.2329,0.7786,0.152,0.2474,0.6389,0.1678,0.2174,0.9183
173,196,2018-10-21 19:00:00,24,0.1682,0.2411,0.7817,0.1685,0.2626,0.6344,0.168,0.2175,0.929
174,197,2018-10-21 20:00:00,24,0.1728,0.2462,0.7766,0.1791,0.2731,0.6172,0.1665,0.2159,0.9361
175,198,2018-10-21 21:00:00,24,0.1733,0.2467,0.7846,0.1784,0.2729,0.6305,0.1683,0.2174,0.9386
176,199,2018-10-21 22:00:00,24,0.1791,0.2542,0.7998,0.1916,0.2867,0.658,0.1666,0.2169,0.9416
177,200,2018-10-21 23:00:00,24,0.1871,0.2645,0.7877,0.2101,0.3057,0.6303,0.1641,0.2154,0.9452
178,201,2018-10-22 00:00:00,24,0.1898,0.2658,0.7944,0.212,0.3066,0.6416,0.1675,0.2175,0.9472
179,202,2018-10-22 01:00:00,24,0.1918,0.2664,0.7989,0.2145,0.3074,0.6491,0.1691,0.2179,0.9487
180,203,2018-10-22 02:00:00,24,0.1955,0.2674,0.8024,0.2168,0.3078,0.6556,0.1741,0.2198,0.9491
181,204,2018-10-22 03:00:00,24,0.1994,0.2696,0.8085,0.2234,0.3111,0.6677,0.1754,0.2204,0.9492
182,205,2018-10-22 04:00:00,24,0.2032,0.2707,0.8184,0.2263,0.3117,0.6886,0.1801,0.2222,0.9482
183,206,2018-10-22 05:00:00,24,0.2021,0.2703,0.8245,0.2268,0.3118,0.703,0.1774,0.2212,0.946
184,207,2018-10-22 06:00:00,24,0.2041,0.2707,0.8261,0.2282,0.312,0.7109,0.1799,0.2218,0.9414
185,208,2018-10-22 07:00:00,24,0.2063,0.2712,0.8257,0.2322,0.3127,0.7183,0.1804,0.2221,0.9331
186,209,2018-10-22 08:00:00,24,0.2126,0.2763,0.8166,0.2442,0.3212,0.7222,0.181,0.2227,0.911
187,210,2018-10-22 09:00:00,24,0.2085,0.2742,0.8027,0.2326,0.3153,0.7399,0.1844,0.2258,0.8654
188,211,2018-10-22 10:00:00,24,0.2014,0.2697,0.7719,0.2274,0.3137,0.7399,0.1755,0.2168,0.8038
189,212,2018-10-22 11:00:00,24,0.1924,0.2636,0.7077,0.2202,0.3109,0.7221,0.1646,0.2058,0.6933
190,213,2018-10-22 12:00:00,24,0.1836,0.2552,0.6197,0.2156,0.3089,0.668,0.1516,0.1866,0.5713
191,214,2018-10-22 13:00:00,24,0.1776,0.2498,0.4954,0.2125,0.3084,0.5431,0.1427,0.1723,0.4476
192,215,2018-10-22 14:00:00,24,0.1722,0.2422,0.3602,0.2141,0.3088,0.1776,0.1303,0.1483,0.5428
193,216,2018-10-22 15:00:00,24,0.1673,0.2297,0.3654,0.2018,0.2875,0.1809,0.1328,0.1513,0.5499
194,217,2018-10-22 16:00:00,24,0.173,0.232,0.2767,0.2094,0.2903,-0.0538,0.1366,0.153,0.6072
195,218,2018-10-22 17:00:00,24,0.1772,0.2351,0.3174,0.2149,0.2948,-0.0459,0.1394,0.1536,0.6807
196,219,2018-10-22 18:00:00,24,0.1601,0.201,0.5826,0.1903,0.245,0.3989,0.1298,0.144,0.7663
197,220,2018-10-22 19:00:00,24,0.1585,0.1962,0.6268,0.1776,0.23,0.5076,0.1393,0.1553,0.7459
198,221,2018-10-22 20:00:00,24,0.1489,0.1864,0.6723,0.1616,0.2157,0.5761,0.1363,0.1516,0.7686
199,222,2018-10-22 21:00:00,24,0.1506,0.1879,0.6784,0.1691,0.2212,0.5717,0.1321,0.1473,0.7851
200,223,2018-10-22 22:00:00,24,0.1444,0.178,0.7017,0.1575,0.2042,0.6145,0.1313,0.1471,0.7889
201,224,2018-10-22 23:00:00,24,0.1344,0.161,0.7625,0.1381,0.1741,0.7218,0.1307,0.1468,0.8032
202,225,2018-10-23 00:00:00,24,0.1352,0.1631,0.7694,0.1433,0.1805,0.7097,0.1271,0.1436,0.8292
203,226,2018-10-23 01:00:00,24,0.1364,0.1653,0.7695,0.1477,0.185,0.6953,0.1251,0.1429,0.8437
204,227,2018-10-23 02:00:00,24,0.14,0.1693,0.7593,0.1491,0.1856,0.6927,0.1308,0.1513,0.8259
205,228,2018-10-23 03:00:00,24,0.1403,0.1703,0.7533,0.1434,0.1804,0.6993,0.1372,0.1595,0.8073
206,229,2018-10-23 04:00:00,24,0.1421,0.173,0.7391,0.1417,0.1797,0.6778,0.1425,0.1661,0.8004
207,230,2018-10-23 05:00:00,24,0.1494,0.1816,0.7276,0.1429,0.1802,0.6577,0.156,0.183,0.7975
208,231,2018-10-23 06:00:00,24,0.1545,0.187,0.7359,0.1435,0.1805,0.6446,0.1655,0.1933,0.8273
209,232,2018-10-23 07:00:00,24,0.1563,0.1896,0.7475,0.1403,0.1794,0.6312,0.1722,0.1993,0.8638
210,233,2018-10-23 08:00:00,24,0.1521,0.1836,0.7586,0.1324,0.1669,0.6181,0.1719,0.1989,0.899
211,234,2018-10-23 09:00:00,24,0.1524,0.1824,0.7231,0.1382,0.17,0.5218,0.1667,0.194,0.9245
212,235,2018-10-23 10:00:00,24,0.1571,0.1859,0.6582,0.1468,0.177,0.3815,0.1673,0.1944,0.9349
213,236,2018-10-23 11:00:00,24,0.1663,0.194,0.6417,0.1562,0.1846,0.349,0.1763,0.203,0.9345
214,237,2018-10-23 12:00:00,24,0.1708,0.1988,0.592,0.166,0.1949,0.2454,0.1757,0.2026,0.9385
215,238,2018-10-23 13:00:00,24,0.1705,0.1979,0.5978,0.1687,0.1955,0.252,0.1722,0.2002,0.9436
216,239,2018-10-23 14:00:00,24,0.1698,0.1977,0.5893,0.1718,0.1976,0.231,0.1678,0.1978,0.9476
217,240,2018-10-23 15:00:00,24,0.1699,0.202,0.5815,0.1776,0.21,0.2118,0.1622,0.1937,0.9513
218,241,2018-10-23 16:00:00,24,0.1682,0.2009,0.6685,0.1723,0.2066,0.3857,0.1642,0.1951,0.9512
219,242,2018-10-23 17:00:00,24,0.1668,0.1984,0.7153,0.1648,0.1986,0.4812,0.1689,0.1981,0.9493
220,243,2018-10-23 18:00:00,24,0.1721,0.2026,0.6785,0.1663,0.2007,0.412,0.1778,0.2044,0.9451
221,244,2018-10-23 19:00:00,24,0.1708,0.2013,0.708,0.165,0.2,0.4695,0.1766,0.2027,0.9464
222,245,2018-10-23 20:00:00,24,0.1732,0.2034,0.7456,0.1657,0.2,0.5459,0.1807,0.2067,0.9452
223,246,2018-10-23 21:00:00,24,0.1713,0.2023,0.7583,0.1647,0.1988,0.5712,0.1779,0.2057,0.9454
224,247,2018-10-23 22:00:00,24,0.1711,0.2018,0.7627,0.1629,0.1974,0.5823,0.1793,0.206,0.9432
225,248,2018-10-23 23:00:00,24,0.1725,0.2023,0.7625,0.1646,0.1981,0.5873,0.1804,0.2065,0.9378
226,249,2018-10-24 00:00:00,24,0.1702,0.1996,0.7628,0.158,0.1913,0.5983,0.1824,0.2075,0.9272
227,250,2018-10-24 01:00:00,24,0.1711,0.199,0.773,0.1536,0.187,0.6373,0.1886,0.2104,0.9087
228,251,2018-10-24 02:00:00,24,0.1697,0.1979,0.7743,0.152,0.1862,0.6526,0.1874,0.2089,0.8959
229,252,2018-10-24 03:00:00,24,0.1657,0.1945,0.7803,0.1494,0.1853,0.6679,0.182,0.2034,0.8928
230,253,2018-10-24 04:00:00,24,0.1672,0.1955,0.7887,0.1517,0.1864,0.6817,0.1827,0.2043,0.8957
231,254,2018-10-24 05:00:00,24,0.1643,0.1906,0.8036,0.1526,0.1868,0.6882,0.176,0.1942,0.919
232,255,2018-10-24 06:00:00,24,0.1596,0.1854,0.8184,0.1524,0.1867,0.6981,0.1669,0.1842,0.9388
233,256,2018-10-24 07:00:00,24,0.1555,0.1819,0.829,0.1525,0.1867,0.7058,0.1584,0.1769,0.9521
234,257,2018-10-24 08:00:00,24,0.1529,0.1794,0.8428,0.1525,0.1867,0.7255,0.1532,0.1718,0.9601
235,258,2018-10-24 09:00:00,24,0.1506,0.1787,0.844,0.1529,0.187,0.7233,0.1482,0.17,0.9647
236,259,2018-10-24 10:00:00,24,0.1479,0.1761,0.8397,0.1487,0.1827,0.7123,0.1472,0.1692,0.967
237,260,2018-10-24 11:00:00,24,0.1457,0.1738,0.7691,0.151,0.1863,0.568,0.1404,0.1603,0.9703
238,261,2018-10-24 12:00:00,24,0.1462,0.1734,0.7396,0.1462,0.1794,0.5135,0.1462,0.1671,0.9656
239,262,2018-10-24 13:00:00,24,0.1531,0.18,0.6836,0.1543,0.187,0.4073,0.1519,0.1727,0.9599
240,263,2018-10-24 14:00:00,24,0.1503,0.1785,0.6837,0.1504,0.1844,0.4119,0.1502,0.1723,0.9555
241,264,2018-10-24 15:00:00,24,0.1418,0.1635,0.8163,0.1329,0.154,0.6838,0.1506,0.1726,0.9488
242,265,2018-10-24 16:00:00,24,0.1438,0.1651,0.8215,0.1357,0.1559,0.7029,0.1519,0.1738,0.9401
243,266,2018-10-24 17:00:00,24,0.1415,0.1633,0.8239,0.1334,0.1544,0.7146,0.1496,0.1718,0.9332
244,267,2018-10-24 18:00:00,24,0.1343,0.1551,0.8448,0.1239,0.1432,0.7574,0.1447,0.1662,0.9323
245,268,2018-10-24 19:00:00,24,0.1273,0.1498,0.8487,0.1205,0.1418,0.7601,0.1342,0.1574,0.9372
246,269,2018-10-24 20:00:00,24,0.127,0.1487,0.8438,0.1212,0.142,0.7499,0.1328,0.1552,0.9377
247,270,2018-10-24 21:00:00,24,0.1238,0.1455,0.8551,0.1135,0.1345,0.7732,0.1342,0.1557,0.9371
248,271,2018-10-24 22:00:00,24,0.1242,0.147,0.8489,0.1165,0.1382,0.7598,0.1319,0.1553,0.938
249,272,2018-10-24 23:00:00,24,0.1216,0.1458,0.8518,0.1151,0.1373,0.7631,0.1281,0.1539,0.9405
250,273,2018-10-25 00:00:00,24,0.1202,0.145,0.8572,0.1122,0.1355,0.7704,0.1282,0.154,0.9439
251,274,2018-10-25 01:00:00,24,0.1208,0.1478,0.8423,0.1188,0.1455,0.7348,0.1227,0.1501,0.9497
252,275,2018-10-25 02:00:00,24,0.1174,0.1439,0.8489,0.1183,0.1453,0.7411,0.1164,0.1424,0.9566
253,276,2018-10-25 03:00:00,24,0.1179,0.1445,0.8511,0.1183,0.1453,0.7458,0.1175,0.1437,0.9564
254,277,2018-10-25 04:00:00,24,0.1138,0.1399,0.8551,0.1148,0.1435,0.7503,0.1128,0.1361,0.96
255,278,2018-10-25 05:00:00,24,0.1112,0.1369,0.8615,0.1148,0.1435,0.7619,0.1076,0.1299,0.9611
256,279,2018-10-25 06:00:00,24,0.111,0.1376,0.8627,0.1118,0.1425,0.77,0.1103,0.1326,0.9555
257,280,2018-10-25 07:00:00,24,0.1207,0.152,0.8524,0.1151,0.144,0.7737,0.1263,0.1597,0.931
258,281,2018-10-25 08:00:00,24,0.1194,0.1513,0.853,0.1097,0.1397,0.7775,0.1291,0.1621,0.9285
259,282,2018-10-25 09:00:00,24,0.119,0.1504,0.8546,0.1076,0.1376,0.7804,0.1304,0.1623,0.9288
260,283,2018-10-25 10:00:00,24,0.1184,0.1508,0.8506,0.1096,0.14,0.7684,0.1272,0.1609,0.9328
261,284,2018-10-25 11:00:00,24,0.1139,0.1449,0.8698,0.1039,0.1295,0.8017,0.1238,0.1589,0.938
262,285,2018-10-25 12:00:00,24,0.1081,0.139,0.8801,0.0963,0.1228,0.8148,0.1198,0.1535,0.9455
263,286,2018-10-25 13:00:00,24,0.1066,0.1387,0.8524,0.0992,0.1297,0.7522,0.1141,0.1471,0.9526
264,287,2018-10-25 14:00:00,24,0.1125,0.1452,0.813,0.1085,0.1426,0.6711,0.1165,0.1478,0.9549
265,288,2018-10-25 15:00:00,24,0.1102,0.1444,0.7694,0.1072,0.142,0.5811,0.1133,0.1467,0.9578
266,289,2018-10-25 16:00:00,24,0.1089,0.1431,0.7152,0.1086,0.1436,0.4694,0.1092,0.1427,0.961
267,290,2018-10-25 17:00:00,24,0.1087,0.1432,0.6839,0.1076,0.1431,0.4077,0.1098,0.1433,0.9602
268,291,2018-10-25 18:00:00,24,0.1057,0.1418,0.6518,0.1053,0.1426,0.3438,0.1062,0.1411,0.9597
269,292,2018-10-25 19:00:00,24,0.1112,0.1471,0.5837,0.1159,0.1528,0.2105,0.1065,0.1411,0.9569
270,293,2018-10-25 20:00:00,24,0.1117,0.1482,0.5715,0.1155,0.1527,0.1894,0.108,0.1435,0.9536
271,294,2018-10-25 21:00:00,24,0.1113,0.1481,0.5733,0.1169,0.1532,0.1962,0.1058,0.1428,0.9503
272,295,2018-10-25 22:00:00,24,0.1087,0.1455,0.5646,0.1096,0.1478,0.185,0.1078,0.1432,0.9442
273,296,2018-10-25 23:00:00,24,0.1126,0.1486,0.5094,0.109,0.1475,0.0896,0.1163,0.1497,0.9291
274,297,2018-10-26 00:00:00,24,0.1146,0.1518,0.4039,0.1078,0.1472,-0.0969,0.1214,0.1562,0.9046
275,298,2018-10-26 01:00:00,24,0.116,0.1538,0.434,0.1096,0.1509,-0.0089,0.1224,0.1565,0.8769
276,299,2018-10-26 02:00:00,24,0.1171,0.1553,0.4616,0.1081,0.1505,0.0941,0.1261,0.1599,0.8291
277,300,2018-10-26 03:00:00,24,0.1201,0.1582,0.4376,0.1106,0.1516,0.114,0.1296,0.1645,0.7613
278,301,2018-10-26 04:00:00,24,0.1196,0.1575,0.4412,0.1114,0.1518,0.1671,0.1278,0.1629,0.7154
279,302,2018-10-26 05:00:00,24,0.1205,0.1593,0.4468,0.108,0.1503,0.2221,0.133,0.1679,0.6714
280,303,2018-10-26 06:00:00,24,0.1215,0.1606,0.4783,0.1077,0.1503,0.2565,0.1352,0.1704,0.7002
281,304,2018-10-26 07:00:00,24,0.1189,0.1552,0.5585,0.1067,0.1496,0.3011,0.1311,0.1607,0.8158
282,305,2018-10-26 08:00:00,24,0.1199,0.1555,0.5795,0.1098,0.1514,0.2889,0.13,0.1595,0.8701
283,306,2018-10-26 09:00:00,24,0.1181,0.1547,0.594,0.1072,0.1499,0.2886,0.1291,0.1594,0.8993
284,307,2018-10-26 10:00:00,24,0.1147,0.1523,0.6256,0.101,0.1449,0.3347,0.1285,0.1593,0.9166
285,308,2018-10-26 11:00:00,24,0.122,0.1616,0.6196,0.1077,0.1565,0.3218,0.1364,0.1666,0.9174
286,309,2018-10-26 12:00:00,24,0.1262,0.1658,0.6751,0.1107,0.1575,0.4365,0.1417,0.1737,0.9138
287,310,2018-10-26 13:00:00,24,0.1269,0.1664,0.7878,0.102,0.144,0.6743,0.1518,0.186,0.9014
288,311,2018-10-26 14:00:00,24,0.1272,0.1662,0.8287,0.0936,0.132,0.7655,0.1608,0.1945,0.892
289,312,2018-10-26 15:00:00,24,0.1318,0.1685,0.845,0.0973,0.1346,0.7991,0.1663,0.1966,0.8909
290,313,2018-10-26 16:00:00,24,0.1487,0.2005,0.7472,0.117,0.1852,0.6165,0.1804,0.2147,0.8778
291,314,2018-10-26 17:00:00,24,0.155,0.2097,0.7162,0.134,0.2065,0.5454,0.1759,0.2128,0.887
292,315,2018-10-26 18:00:00,24,0.1567,0.2102,0.7262,0.1382,0.2077,0.5576,0.1753,0.2127,0.8948
293,316,2018-10-26 19:00:00,24,0.1535,0.2072,0.7501,0.1281,0.2003,0.6011,0.1789,0.2138,0.8991
294,317,2018-10-26 20:00:00,24,0.1509,0.2046,0.7558,0.129,0.2005,0.603,0.1727,0.2087,0.9086
295,318,2018-10-26 21:00:00,24,0.1506,0.2045,0.7592,0.1282,0.2002,0.6054,0.173,0.2087,0.913
296,319,2018-10-26 22:00:00,24,0.1509,0.2047,0.7609,0.1307,0.2009,0.6048,0.1711,0.2084,0.917
297,320,2018-10-26 23:00:00,24,0.1497,0.204,0.7647,0.1297,0.2007,0.607,0.1698,0.2072,0.9223
298,321,2018-10-27 00:00:00,24,0.1485,0.202,0.7676,0.1316,0.2011,0.6058,0.1655,0.2029,0.9294
299,322,2018-10-27 01:00:00,24,0.1474,0.1994,0.7702,0.1273,0.195,0.6099,0.1674,0.2037,0.9306
300,323,2018-10-27 02:00:00,24,0.1515,0.2057,0.7574,0.1268,0.195,0.5926,0.1761,0.2159,0.9222
301,324,2018-10-27 03:00:00,24,0.1495,0.2036,0.7461,0.1295,0.1967,0.5657,0.1695,0.2103,0.9265
302,325,2018-10-27 04:00:00,24,0.1502,0.2041,0.7291,0.1295,0.1967,0.5324,0.1709,0.2113,0.9258
303,326,2018-10-27 05:00:00,24,0.1459,0.2017,0.7066,0.1291,0.1967,0.4849,0.1627,0.2065,0.9283
304,327,2018-10-27 06:00:00,24,0.1452,0.2003,0.6761,0.1318,0.1972,0.4239,0.1586,0.2032,0.9283
305,328,2018-10-27 07:00:00,24,0.138,0.194,0.6296,0.1294,0.1966,0.329,0.1465,0.1912,0.9303
306,329,2018-10-27 08:00:00,24,0.1453,0.2024,0.6036,0.1394,0.2085,0.2916,0.1511,0.196,0.9157
307,330,2018-10-27 09:00:00,24,0.1491,0.2043,0.6084,0.1397,0.2086,0.3189,0.1585,0.1999,0.8979
308,331,2018-10-27 10:00:00,24,0.1546,0.207,0.5712,0.1465,0.2127,0.2638,0.1627,0.2012,0.8786
309,332,2018-10-27 11:00:00,24,0.1446,0.1983,0.604,0.1353,0.2016,0.3323,0.154,0.195,0.8757
310,333,2018-10-27 12:00:00,24,0.1445,0.1995,0.6035,0.1455,0.2122,0.3209,0.1435,0.1859,0.8861
311,334,2018-10-27 13:00:00,24,0.1404,0.1945,0.6476,0.1445,0.2116,0.3946,0.1364,0.1759,0.9006
312,335,2018-10-27 14:00:00,24,0.1408,0.1944,0.6402,0.1514,0.2174,0.368,0.1302,0.1682,0.9124
313,336,2018-10-27 15:00:00,24,0.1432,0.1973,0.5771,0.1575,0.2234,0.2361,0.129,0.1673,0.9181
314,337,2018-10-27 16:00:00,24,0.1263,0.1658,0.7005,0.1404,0.1865,0.4587,0.1121,0.1421,0.9422
315,338,2018-10-27 17:00:00,24,0.119,0.1535,0.7602,0.1224,0.1625,0.5787,0.1155,0.1439,0.9416
316,339,2018-10-27 18:00:00,24,0.1191,0.1534,0.7542,0.12,0.1613,0.568,0.1181,0.145,0.9405
317,340,2018-10-27 19:00:00,24,0.1246,0.1591,0.7314,0.1312,0.1721,0.5244,0.1181,0.145,0.9384
318,341,2018-10-27 20:00:00,24,0.1298,0.1647,0.7251,0.1334,0.1731,0.526,0.1262,0.1557,0.9242
319,342,2018-10-27 21:00:00,24,0.1455,0.1863,0.6786,0.1442,0.1844,0.4744,0.1467,0.1881,0.8827
320,343,2018-10-27 22:00:00,24,0.1522,0.1924,0.6721,0.1441,0.1843,0.4789,0.1603,0.2001,0.8653
321,344,2018-10-27 23:00:00,24,0.1523,0.1923,0.6703,0.1447,0.1845,0.4793,0.16,0.1998,0.8613
322,345,2018-10-28 00:00:00,24,0.1523,0.1922,0.6664,0.1451,0.1846,0.4778,0.1595,0.1994,0.8549
323,346,2018-10-28 01:00:00,24,0.1458,0.1886,0.673,0.1363,0.1785,0.4923,0.1554,0.1981,0.8537
324,347,2018-10-28 02:00:00,24,0.1413,0.1809,0.6707,0.138,0.1789,0.4547,0.1447,0.183,0.8867
325,348,2018-10-28 03:00:00,24,0.1392,0.1799,0.6741,0.1369,0.1779,0.4502,0.1415,0.1819,0.8981
326,349,2018-10-28 04:00:00,24,0.135,0.1783,0.6769,0.1352,0.1776,0.4454,0.1348,0.1789,0.9084
327,350,2018-10-28 05:00:00,24,0.1364,0.1785,0.6767,0.1368,0.1779,0.4398,0.136,0.1792,0.9136
328,351,2018-10-28 06:00:00,24,0.1367,0.1787,0.674,0.1389,0.1791,0.4292,0.1344,0.1783,0.9188
329,352,2018-10-28 07:00:00,24,0.1374,0.1791,0.6719,0.1422,0.1802,0.4217,0.1326,0.178,0.9221
330,353,2018-10-28 08:00:00,24,0.1272,0.168,0.6795,0.1283,0.1645,0.431,0.1262,0.1714,0.9281
331,354,2018-10-28 09:00:00,24,0.1242,0.1662,0.6423,0.1258,0.164,0.3554,0.1226,0.1683,0.9291
332,355,2018-10-28 10:00:00,24,0.1238,0.1655,0.6548,0.1232,0.1612,0.3854,0.1244,0.1697,0.9242
333,356,2018-10-28 11:00:00,24,0.1235,0.1656,0.6705,0.1205,0.1606,0.4234,0.1265,0.1704,0.9176
334,357,2018-10-28 12:00:00,24,0.1195,0.1593,0.7183,0.1104,0.1465,0.5278,0.1286,0.1712,0.9087
335,358,2018-10-28 13:00:00,24,0.1185,0.1585,0.7297,0.1097,0.146,0.5551,0.1273,0.1701,0.9044
336,359,2018-10-28 14:00:00,24,0.1215,0.1625,0.7262,0.1111,0.1488,0.5554,0.1318,0.1751,0.8971
337,360,2018-10-28 15:00:00,24,0.1232,0.1682,0.6804,0.117,0.1623,0.4674,0.1294,0.174,0.8934
338,361,2018-10-28 16:00:00,24,0.1255,0.1693,0.676,0.1167,0.1619,0.4748,0.1342,0.1764,0.8772
339,362,2018-10-28 17:00:00,24,0.1252,0.1692,0.6709,0.1203,0.1632,0.4887,0.1302,0.1749,0.8531
340,363,2018-10-28 18:00:00,24,0.125,0.169,0.643,0.1209,0.1634,0.497,0.129,0.1744,0.7891
341,364,2018-10-28 19:00:00,24,0.1181,0.1631,0.5959,0.1112,0.1525,0.5482,0.125,0.173,0.6437
342,365,2018-10-28 20:00:00,24,0.1122,0.1575,0.5059,0.1071,0.151,0.5546,0.1173,0.1638,0.4572
343,366,2018-10-28 21:00:00,24,0.0967,0.1314,0.6133,0.0945,0.1365,0.6204,0.099,0.1262,0.6062
344,367,2018-10-28 22:00:00,24,0.089,0.1218,0.6659,0.0922,0.1356,0.6138,0.0858,0.1061,0.718
345,368,2018-10-28 23:00:00,24,0.0861,0.1192,0.679,0.0924,0.1356,0.6064,0.0798,0.1002,0.7517
346,369,2018-10-29 00:00:00,24,0.0825,0.1171,0.69,0.0896,0.1347,0.609,0.0754,0.0962,0.7711
347,370,2018-10-29 01:00:00,24,0.0852,0.1184,0.6841,0.0938,0.1368,0.5966,0.0765,0.0966,0.7716
348,371,2018-10-29 02:00:00,24,0.0825,0.1166,0.6945,0.0923,0.1364,0.5976,0.0727,0.0927,0.7915
349,372,2018-10-29 03:00:00,24,0.0826,0.1162,0.6908,0.0906,0.1351,0.5973,0.0746,0.0936,0.7844
350,373,2018-10-29 04:00:00,24,0.0872,0.1188,0.6765,0.0964,0.1384,0.5779,0.078,0.0952,0.775
351,374,2018-10-29 05:00:00,24,0.0891,0.1205,0.6735,0.1005,0.1414,0.5698,0.0777,0.095,0.7771
352,375,2018-10-29 06:00:00,24,0.0875,0.12,0.6804,0.1006,0.1416,0.5793,0.0744,0.0936,0.7815
353,376,2018-10-29 07:00:00,24,0.0898,0.1213,0.6858,0.1023,0.143,0.5858,0.0773,0.0948,0.7858
354,377,2018-10-29 08:00:00,24,0.0958,0.1336,0.6751,0.1179,0.1647,0.5688,0.0736,0.0924,0.7814
355,378,2018-10-29 09:00:00,24,0.0973,0.1349,0.7147,0.1185,0.1648,0.6282,0.0762,0.0961,0.8011
356,379,2018-10-29 10:00:00,24,0.0994,0.1378,0.7593,0.1191,0.1653,0.6708,0.0797,0.103,0.8478
357,380,2018-10-29 11:00:00,24,0.1058,0.1442,0.7539,0.1309,0.1754,0.6134,0.0807,0.104,0.8945
358,381,2018-10-29 12:00:00,24,0.1067,0.1455,0.7283,0.1346,0.1783,0.5381,0.0788,0.1027,0.9185
359,382,2018-10-29 13:00:00,24,0.1067,0.1464,0.6092,0.1391,0.1818,0.2813,0.0744,0.099,0.9371
360,383,2018-10-29 14:00:00,24,0.1001,0.1372,0.5612,0.1314,0.1728,0.1694,0.0688,0.0882,0.9531
361,384,2018-10-29 15:00:00,24,0.0939,0.1243,0.6449,0.1199,0.1523,0.3362,0.0678,0.0878,0.9536
362,385,2018-10-29 16:00:00,24,0.089,0.119,0.6835,0.1118,0.1451,0.4099,0.0661,0.0852,0.9572
363,386,2018-10-29 17:00:00,24,0.0935,0.1239,0.6594,0.1177,0.1519,0.3639,0.0692,0.0873,0.955
364,387,2018-10-29 18:00:00,24,0.0949,0.126,0.6735,0.1156,0.1514,0.3983,0.0742,0.0941,0.9487
365,388,2018-10-29 19:00:00,24,0.1032,0.1398,0.6896,0.115,0.1511,0.465,0.0914,0.1274,0.9143
366,389,2018-10-29 20:00:00,24,0.1074,0.1435,0.7114,0.1181,0.1521,0.5105,0.0966,0.1344,0.9122
367,390,2018-10-29 21:00:00,24,0.1102,0.1456,0.7108,0.1251,0.1565,0.5041,0.0954,0.1338,0.9174
368,391,2018-10-29 22:00:00,24,0.1118,0.146,0.715,0.1266,0.1569,0.5128,0.0971,0.1343,0.9173
369,392,2018-10-29 23:00:00,24,0.1133,0.1466,0.7158,0.127,0.1571,0.5199,0.0995,0.1354,0.9117
370,393,2018-10-30 00:00:00,24,0.1168,0.1486,0.6876,0.1333,0.1606,0.4693,0.1003,0.1356,0.9059
371,394,2018-10-30 01:00:00,24,0.1148,0.1477,0.6762,0.1307,0.1592,0.4544,0.0989,0.1354,0.8981
372,395,2018-10-30 02:00:00,24,0.1154,0.1479,0.6542,0.1328,0.1598,0.4179,0.0979,0.1351,0.8905
373,396,2018-10-30 03:00:00,24,0.1131,0.1471,0.6376,0.1303,0.1588,0.3946,0.096,0.1345,0.8806
374,397,2018-10-30 04:00:00,24,0.1122,0.1471,0.6272,0.125,0.1559,0.3926,0.0994,0.1376,0.8619
375,398,2018-10-30 05:00:00,24,0.1089,0.1453,0.6258,0.1197,0.1529,0.4087,0.0982,0.1374,0.8428
376,399,2018-10-30 06:00:00,24,0.1076,0.1444,0.6195,0.1169,0.1512,0.4216,0.0983,0.1374,0.8175
377,400,2018-10-30 07:00:00,24,0.1042,0.1428,0.6228,0.1112,0.1484,0.4452,0.0972,0.1369,0.8004
378,401,2018-10-30 08:00:00,24,0.1046,0.1447,0.6251,0.1126,0.1522,0.4799,0.0966,0.1369,0.7703
379,402,2018-10-30 09:00:00,24,0.1104,0.1506,0.6049,0.1202,0.1577,0.4391,0.1006,0.1431,0.7708
380,403,2018-10-30 10:00:00,24,0.1054,0.1456,0.6348,0.1174,0.1554,0.4393,0.0934,0.1352,0.8303
381,404,2018-10-30 11:00:00,24,0.1064,0.1494,0.6302,0.1212,0.1634,0.4087,0.0916,0.134,0.8516
382,405,2018-10-30 12:00:00,24,0.1106,0.1534,0.6536,0.1231,0.1656,0.4677,0.0982,0.1401,0.8395
383,406,2018-10-30 13:00:00,24,0.1133,0.155,0.6683,0.1225,0.165,0.514,0.1041,0.1444,0.8226
384,407,2018-10-30 14:00:00,24,0.1222,0.1678,0.6801,0.1342,0.1823,0.5759,0.1102,0.152,0.7842
385,408,2018-10-30 15:00:00,24,0.1373,0.1972,0.5149,0.1574,0.2304,0.3022,0.1172,0.1572,0.7277
386,409,2018-10-30 16:00:00,24,0.1408,0.1992,0.4592,0.1609,0.2316,0.2578,0.1208,0.1605,0.6606
387,410,2018-10-30 17:00:00,24,0.1403,0.1988,0.4237,0.1539,0.2267,0.2958,0.1266,0.1663,0.5516
388,411,2018-10-30 18:00:00,24,0.1519,0.2123,0.3291,0.1727,0.2458,0.1968,0.1311,0.1726,0.4613
389,412,2018-10-30 19:00:00,24,0.1505,0.2076,0.3899,0.1777,0.2479,0.1673,0.1233,0.1571,0.6126
390,413,2018-10-30 20:00:00,24,0.1511,0.2082,0.4185,0.1778,0.248,0.1485,0.1244,0.1588,0.6886
391,414,2018-10-30 21:00:00,24,0.1521,0.2084,0.444,0.175,0.2463,0.188,0.1291,0.1619,0.7001
392,415,2018-10-30 22:00:00,24,0.1553,0.2101,0.4443,0.1763,0.2467,0.21,0.1342,0.1656,0.6785
393,416,2018-10-30 23:00:00,24,0.1577,0.2117,0.4213,0.1821,0.2496,0.1912,0.1332,0.1652,0.6514
394,417,2018-10-31 00:00:00,24,0.1559,0.2106,0.4165,0.1785,0.2479,0.2099,0.1332,0.1652,0.6232
395,418,2018-10-31 01:00:00,24,0.1562,0.2106,0.4031,0.1778,0.2478,0.2193,0.1346,0.1654,0.5869
396,419,2018-10-31 02:00:00,24,0.1565,0.2107,0.3822,0.1771,0.2476,0.2255,0.1358,0.1657,0.5389
397,420,2018-10-31 03:00:00,24,0.1568,0.2107,0.3603,0.1775,0.2476,0.2273,0.1361,0.1657,0.4932
398,421,2018-10-31 04:00:00,24,0.1541,0.2094,0.3726,0.1776,0.2477,0.2343,0.1306,0.1623,0.5109
399,422,2018-10-31 05:00:00,24,0.1555,0.2097,0.3763,0.1777,0.2477,0.2464,0.1332,0.1631,0.5062
400,423,2018-10-31 06:00:00,24,0.1556,0.2097,0.3784,0.1754,0.2473,0.2568,0.1358,0.1636,0.5
401,424,2018-10-31 07:00:00,24,0.1571,0.21,0.3846,0.1771,0.2475,0.2701,0.1371,0.1641,0.4991
402,425,2018-10-31 08:00:00,24,0.154,0.204,0.4126,0.1699,0.2371,0.3298,0.138,0.1642,0.4954
403,426,2018-10-31 09:00:00,24,0.1479,0.1991,0.4475,0.1641,0.2339,0.3721,0.1317,0.1568,0.5229
404,427,2018-10-31 10:00:00,24,0.1498,0.2002,0.4522,0.1668,0.2353,0.4061,0.1329,0.1574,0.4983
405,428,2018-10-31 11:00:00,24,0.1484,0.1967,0.452,0.1619,0.2286,0.4196,0.1348,0.1585,0.4843
406,429,2018-10-31 12:00:00,24,0.1446,0.194,0.414,0.1608,0.2275,0.3154,0.1285,0.1532,0.5127
407,430,2018-10-31 13:00:00,24,0.1402,0.1913,0.3775,0.1579,0.2257,0.2219,0.1225,0.1491,0.5331
408,431,2018-10-31 14:00:00,24,0.1374,0.1901,0.1469,0.1599,0.2293,-0.195,0.1149,0.1403,0.4887
409,432,2018-10-31 15:00:00,24,0.1247,0.1618,0.4886,0.1327,0.1786,0.4823,0.1167,0.1431,0.4949
410,433,2018-10-31 16:00:00,24,0.1237,0.1624,0.6205,0.1285,0.1769,0.6068,0.1189,0.1464,0.6342
411,434,2018-10-31 17:00:00,24,0.1242,0.1622,0.699,0.1333,0.1806,0.6241,0.1151,0.1414,0.7738
412,435,2018-10-31 18:00:00,24,0.1102,0.1418,0.7953,0.1163,0.154,0.7297,0.104,0.1285,0.8609
413,436,2018-10-31 19:00:00,24,0.1028,0.1357,0.8248,0.1107,0.1503,0.748,0.095,0.1193,0.9016
414,437,2018-10-31 20:00:00,24,0.0991,0.1311,0.8352,0.1091,0.1496,0.7514,0.0891,0.1094,0.919
415,438,2018-10-31 21:00:00,24,0.0995,0.1314,0.8327,0.1107,0.151,0.7422,0.0883,0.1082,0.9232
416,439,2018-10-31 22:00:00,24,0.0976,0.1295,0.8359,0.1111,0.1513,0.7356,0.0842,0.1031,0.9362
417,440,2018-10-31 23:00:00,24,0.0952,0.1269,0.8466,0.1064,0.1469,0.7504,0.084,0.103,0.9428
418,441,2018-11-01 00:00:00,24,0.0957,0.1276,0.848,0.1085,0.1484,0.7475,0.083,0.1026,0.9484
419,442,2018-11-01 01:00:00,24,0.0961,0.1278,0.8486,0.1082,0.1484,0.745,0.084,0.1032,0.9522
420,443,2018-11-01 02:00:00,24,0.0976,0.1286,0.8475,0.11,0.1493,0.7414,0.0853,0.104,0.9535
421,444,2018-11-01 03:00:00,24,0.0982,0.1288,0.8465,0.1099,0.1492,0.7383,0.0865,0.1045,0.9547
422,445,2018-11-01 04:00:00,24,0.0989,0.1291,0.8427,0.1104,0.1493,0.7296,0.0875,0.1049,0.9557
423,446,2018-11-01 05:00:00,24,0.0996,0.1294,0.8355,0.1132,0.1505,0.7136,0.0861,0.1041,0.9573
424,447,2018-11-01 06:00:00,24,0.1024,0.1316,0.8253,0.114,0.1506,0.6991,0.0908,0.1094,0.9515
425,448,2018-11-01 07:00:00,24,0.1022,0.1318,0.8137,0.1125,0.1503,0.6795,0.0918,0.1103,0.9479
426,449,2018-11-01 08:00:00,24,0.1064,0.1395,0.7605,0.1184,0.1627,0.5779,0.0943,0.1115,0.9432
427,450,2018-11-01 09:00:00,24,0.1105,0.1443,0.7189,0.1201,0.1635,0.5167,0.1008,0.1221,0.921
428,451,2018-11-01 10:00:00,24,0.1094,0.1439,0.6582,0.1202,0.1637,0.4137,0.0987,0.1209,0.9028
429,452,2018-11-01 11:00:00,24,0.1054,0.1403,0.6432,0.1168,0.159,0.4056,0.094,0.1187,0.8808
430,453,2018-11-01 12:00:00,24,0.1015,0.1374,0.6478,0.1111,0.1543,0.4518,0.092,0.1182,0.8439
431,454,2018-11-01 13:00:00,24,0.1027,0.1382,0.6145,0.1086,0.1529,0.4698,0.0967,0.1217,0.7592
432,455,2018-11-01 14:00:00,24,0.0937,0.1225,0.6119,0.0935,0.1243,0.6099,0.094,0.1206,0.6139
433,456,2018-11-01 15:00:00,24,0.0913,0.1188,0.5417,0.0964,0.1264,0.5056,0.0863,0.1107,0.5778
434,457,2018-11-01 16:00:00,24,0.0896,0.1157,0.5067,0.102,0.1302,0.3709,0.0771,0.0991,0.6425
435,458,2018-11-01 17:00:00,24,0.0845,0.1109,0.5595,0.0964,0.1247,0.4421,0.0727,0.0951,0.6768
436,459,2018-11-01 18:00:00,24,0.0858,0.1122,0.6012,0.0996,0.1272,0.522,0.0721,0.095,0.6804
437,460,2018-11-01 19:00:00,24,0.0865,0.1124,0.6355,0.1004,0.1274,0.6049,0.0726,0.0951,0.666
438,461,2018-11-01 20:00:00,24,0.0894,0.1186,0.6444,0.0992,0.1271,0.67,0.0797,0.1094,0.6188
439,462,2018-11-01 21:00:00,24,0.0907,0.1206,0.6777,0.1018,0.1308,0.6517,0.0796,0.1094,0.7037
440,463,2018-11-01 22:00:00,24,0.092,0.1225,0.6706,0.0999,0.1297,0.6577,0.0842,0.1149,0.6835
441,464,2018-11-01 23:00:00,24,0.0967,0.1304,0.6107,0.0984,0.129,0.6593,0.0949,0.1318,0.5622
442,465,2018-11-02 00:00:00,24,0.099,0.1333,0.5801,0.0945,0.1264,0.6528,0.1035,0.1398,0.5075
443,466,2018-11-02 01:00:00,24,0.1013,0.1361,0.5799,0.0933,0.1262,0.6386,0.1093,0.1454,0.5212
444,467,2018-11-02 02:00:00,24,0.1011,0.1366,0.6053,0.0904,0.1248,0.6048,0.1118,0.1474,0.6058
445,468,2018-11-02 03:00:00,24,0.1026,0.1377,0.6219,0.0902,0.1248,0.5639,0.115,0.1495,0.6798
446,469,2018-11-02 04:00:00,24,0.1037,0.1383,0.6326,0.0903,0.1248,0.5227,0.1171,0.1506,0.7425
447,470,2018-11-02 05:00:00,24,0.102,0.1376,0.6463,0.0871,0.1234,0.5089,0.1169,0.1506,0.7837
448,471,2018-11-02 06:00:00,24,0.1007,0.1363,0.6186,0.0868,0.1233,0.4308,0.1145,0.1482,0.8063
449,472,2018-11-02 07:00:00,24,0.1015,0.1364,0.5426,0.0899,0.1244,0.2698,0.1132,0.1474,0.8154
450,473,2018-11-02 08:00:00,24,0.0996,0.1327,0.6634,0.0875,0.117,0.5032,0.1116,0.1467,0.8237
451,474,2018-11-02 09:00:00,24,0.0946,0.1274,0.6973,0.0834,0.1151,0.5547,0.1058,0.1386,0.84
452,475,2018-11-02 10:00:00,24,0.0941,0.1264,0.7078,0.0801,0.1116,0.586,0.1081,0.1397,0.8295
453,476,2018-11-02 11:00:00,24,0.0966,0.1275,0.6758,0.0784,0.109,0.5413,0.1148,0.1436,0.8103
454,477,2018-11-02 12:00:00,24,0.0977,0.128,0.6373,0.0768,0.1084,0.4765,0.1186,0.1449,0.7981
455,478,2018-11-02 13:00:00,24,0.0961,0.127,0.5818,0.079,0.1101,0.3608,0.1132,0.1419,0.8028
456,479,2018-11-02 14:00:00,24,0.1016,0.1316,0.5934,0.0826,0.114,0.392,0.1206,0.1472,0.7948
457,480,2018-11-02 15:00:00,24,0.1016,0.1315,0.6233,0.0822,0.1136,0.4516,0.121,0.1473,0.7949
458,481,2018-11-02 16:00:00,24,0.109,0.1457,0.4711,0.0947,0.1433,0.1546,0.1233,0.1481,0.7877
459,482,2018-11-02 17:00:00,24,0.1129,0.1488,0.4336,0.101,0.1489,0.0885,0.1248,0.1487,0.7787
460,483,2018-11-02 18:00:00,24,0.1116,0.148,0.4368,0.0989,0.1474,0.0994,0.1244,0.1486,0.7743
461,484,2018-11-02 19:00:00,24,0.1125,0.1484,0.4246,0.1003,0.148,0.0839,0.1246,0.1487,0.7653
462,485,2018-11-02 20:00:00,24,0.1106,0.1443,0.3863,0.1022,0.1486,0.0318,0.119,0.1399,0.7408
463,486,2018-11-02 21:00:00,24,0.1077,0.1416,0.3417,0.0954,0.1423,0.1095,0.1199,0.1409,0.5739
464,487,2018-11-02 22:00:00,24,0.1034,0.1387,0.2286,0.0947,0.1421,0.1178,0.1121,0.1353,0.3394
465,488,2018-11-02 23:00:00,24,0.0998,0.1322,0.2403,0.0981,0.1441,0.1266,0.1015,0.1191,0.354
466,489,2018-11-03 00:00:00,24,0.0992,0.1302,0.3184,0.1023,0.1466,0.1775,0.0961,0.1114,0.4592
467,490,2018-11-03 01:00:00,24,0.096,0.1269,0.3952,0.1041,0.1469,0.2097,0.0879,0.1031,0.5807
468,491,2018-11-03 02:00:00,24,0.0942,0.1257,0.447,0.103,0.1468,0.2327,0.0854,0.1003,0.6612
469,492,2018-11-03 03:00:00,24,0.0944,0.1257,0.4994,0.1034,0.1469,0.262,0.0854,0.1002,0.7368
470,493,2018-11-03 04:00:00,24,0.0927,0.1248,0.5259,0.1035,0.1469,0.2726,0.0819,0.0978,0.7793
471,494,2018-11-03 05:00:00,24,0.0926,0.1248,0.5352,0.1039,0.147,0.2648,0.0813,0.0976,0.8056
472,495,2018-11-03 06:00:00,24,0.0914,0.1241,0.5587,0.1031,0.1469,0.2678,0.0798,0.0961,0.8496
473,496,2018-11-03 07:00:00,24,0.0909,0.1238,0.57,0.1029,0.1468,0.2545,0.0788,0.0954,0.8855
474,497,2018-11-03 08:00:00,24,0.0915,0.1212,0.5117,0.0979,0.1367,0.1205,0.0852,0.1033,0.903
475,498,2018-11-03 09:00:00,24,0.0976,0.1279,0.3013,0.1043,0.1406,-0.3176,0.091,0.1139,0.9202
476,499,2018-11-03 10:00:00,24,0.0971,0.1279,0.2042,0.1022,0.1397,-0.5327,0.092,0.1149,0.9411
477,500,2018-11-03 11:00:00,24,0.0959,0.1275,0.2373,0.0986,0.1373,-0.4796,0.0933,0.1168,0.9543
478,501,2018-11-03 12:00:00,24,0.0985,0.1294,0.3448,0.1046,0.1414,-0.2741,0.0924,0.1162,0.9636
479,502,2018-11-03 13:00:00,24,0.1066,0.1396,0.2153,0.1142,0.1557,-0.5365,0.0991,0.1215,0.9672
480,503,2018-11-03 14:00:00,24,0.1037,0.1366,0.1671,0.1113,0.1532,-0.639,0.0962,0.1176,0.9732
481,504,2018-11-03 15:00:00,24,0.105,0.1377,0.1041,0.1131,0.1549,-0.7675,0.0969,0.1181,0.9757
482,505,2018-11-03 16:00:00,24,0.098,0.1239,0.173,0.0942,0.124,-0.6298,0.1019,0.1237,0.9759
483,506,2018-11-03 17:00:00,24,0.0998,0.127,0.1783,0.089,0.1178,-0.6172,0.1106,0.1356,0.9739
484,507,2018-11-03 18:00:00,24,0.1044,0.1303,0.1953,0.0929,0.122,-0.5842,0.116,0.1382,0.9749
485,508,2018-11-03 19:00:00,24,0.1113,0.1386,0.1441,0.0952,0.1241,-0.6836,0.1274,0.1517,0.9719
486,509,2018-11-03 20:00:00,24,0.1122,0.1402,0.0465,0.0946,0.1238,-0.8802,0.1299,0.1548,0.9731
487,510,2018-11-03 21:00:00,24,0.1127,0.1402,-0.0677,0.0967,0.1252,-1.1108,0.1287,0.1537,0.9754
488,511,2018-11-03 22:00:00,24,0.1171,0.1426,-0.156,0.0993,0.1267,-1.2878,0.135,0.1569,0.9758
489,512,2018-11-03 23:00:00,24,0.1141,0.1412,-0.1131,0.0949,0.1241,-1.2026,0.1332,0.1564,0.9764
490,513,2018-11-04 00:00:00,24,0.1145,0.1427,-0.091,0.0908,0.1211,-1.1576,0.1382,0.1615,0.9756
491,514,2018-11-04 01:00:00,24,0.1138,0.1426,-0.0685,0.0897,0.1208,-1.1126,0.1378,0.1615,0.9757
492,515,2018-11-04 02:00:00,24,0.1136,0.1423,-0.0532,0.0909,0.121,-1.0819,0.1363,0.1608,0.9754
493,516,2018-11-04 03:00:00,24,0.1129,0.1416,-0.0707,0.0924,0.1217,-1.1169,0.1334,0.1591,0.9755
494,517,2018-11-04 04:00:00,24,0.1127,0.1416,-0.0352,0.0921,0.1216,-1.0449,0.1332,0.159,0.9745
495,518,2018-11-04 05:00:00,24,0.1131,0.1417,-0.0145,0.092,0.1216,-1.0015,0.1342,0.1593,0.9725
496,519,2018-11-04 06:00:00,24,0.1141,0.1421,0.0187,0.0927,0.1217,-0.9327,0.1354,0.16,0.9701
497,520,2018-11-04 07:00:00,24,0.112,0.1415,0.0982,0.09,0.1207,-0.7706,0.134,0.1597,0.967
498,521,2018-11-04 08:00:00,24,0.105,0.1351,0.0127,0.0829,0.1122,-0.9406,0.1271,0.1546,0.9659
499,522,2018-11-04 09:00:00,24,0.1004,0.1296,0.0144,0.0828,0.1121,-0.9384,0.1181,0.145,0.9673
500,523,2018-11-04 10:00:00,24,0.1051,0.1341,0.1246,0.0878,0.116,-0.7111,0.1223,0.15,0.9604
501,524,2018-11-04 11:00:00,24,0.1095,0.139,0.421,0.0946,0.1236,-0.1104,0.1244,0.1529,0.9524
502,525,2018-11-04 12:00:00,24,0.1163,0.1499,0.6475,0.0952,0.1244,0.3668,0.1374,0.1717,0.9282
503,526,2018-11-04 13:00:00,24,0.113,0.1462,0.8109,0.0833,0.1041,0.7129,0.1426,0.1786,0.909
504,527,2018-11-04 14:00:00,24,0.1155,0.1494,0.8477,0.083,0.1039,0.8035,0.1479,0.184,0.8918
505,528,2018-11-04 15:00:00,24,0.1159,0.1511,0.8713,0.0775,0.0987,0.8616,0.1544,0.1896,0.8809
506,529,2018-11-04 16:00:00,24,0.1146,0.1492,0.8869,0.0816,0.1008,0.8838,0.1475,0.1854,0.8899
507,530,2018-11-04 17:00:00,24,0.1079,0.1432,0.9059,0.0792,0.0995,0.9013,0.1367,0.1764,0.9104
508,531,2018-11-04 19:00:00,24,0.1074,0.1425,0.914,0.078,0.0975,0.9101,0.1368,0.1765,0.9179
509,532,2018-11-04 20:00:00,24,0.1032,0.1368,0.9231,0.0748,0.0941,0.916,0.1316,0.169,0.9301
510,533,2018-11-04 21:00:00,24,0.1034,0.1369,0.9235,0.0752,0.0943,0.9138,0.1316,0.169,0.9333
511,534,2018-11-04 22:00:00,24,0.1027,0.1365,0.9252,0.0734,0.0927,0.9156,0.132,0.1693,0.9348
512,535,2018-11-04 23:00:00,24,0.1008,0.1349,0.9266,0.0724,0.0917,0.9159,0.1292,0.1673,0.9374
513,536,2018-11-05 00:00:00,24,0.1042,0.1376,0.9241,0.0723,0.0917,0.9142,0.136,0.1717,0.934
514,537,2018-11-05 01:00:00,24,0.0998,0.1338,0.9249,0.072,0.0916,0.9123,0.1276,0.1656,0.9375
515,538,2018-11-05 02:00:00,24,0.1003,0.1339,0.9227,0.072,0.0916,0.9094,0.1286,0.1657,0.9359
516,539,2018-11-05 03:00:00,24,0.1023,0.1351,0.9184,0.0724,0.0917,0.9041,0.1321,0.1677,0.9327
517,540,2018-11-05 04:00:00,24,0.1001,0.1344,0.9168,0.0706,0.0906,0.903,0.1296,0.1671,0.9306
518,541,2018-11-05 05:00:00,24,0.0999,0.1344,0.9121,0.0704,0.0905,0.8968,0.1294,0.1671,0.9274
519,542,2018-11-05 06:00:00,24,0.1003,0.1346,0.9065,0.0702,0.0905,0.8886,0.1305,0.1675,0.9244
520,543,2018-11-05 07:00:00,24,0.1008,0.1346,0.8978,0.0733,0.0926,0.8752,0.1283,0.1664,0.9205
521,544,2018-11-05 08:00:00,24,0.1061,0.14,0.8745,0.0839,0.1073,0.8342,0.1283,0.1664,0.9148
522,545,2018-11-05 09:00:00,24,0.106,0.1401,0.8716,0.0822,0.1067,0.8361,0.1298,0.1669,0.9071
523,546,2018-11-05 10:00:00,24,0.1066,0.1401,0.8792,0.0798,0.1038,0.8579,0.1334,0.1688,0.9004
524,547,2018-11-05 11:00:00,24,0.1054,0.1398,0.8707,0.0842,0.112,0.8352,0.1266,0.163,0.9061
525,548,2018-11-05 12:00:00,24,0.1037,0.1403,0.869,0.0889,0.1229,0.8217,0.1185,0.1557,0.9163
526,549,2018-11-05 13:00:00,24,0.1039,0.1417,0.8385,0.0991,0.1458,0.7405,0.1086,0.1374,0.9365
527,550,2018-11-05 14:00:00,24,0.105,0.1411,0.8248,0.1056,0.1517,0.706,0.1044,0.1295,0.9437
528,551,2018-11-05 15:00:00,24,0.1096,0.1474,0.7911,0.1118,0.1582,0.646,0.1073,0.1358,0.9362
529,552,2018-11-05 16:00:00,24,0.1077,0.1445,0.7701,0.1156,0.1599,0.601,0.0998,0.1273,0.9391
530,553,2018-11-05 17:00:00,24,0.1061,0.1439,0.7334,0.1134,0.1589,0.5344,0.0988,0.1271,0.9324
531,554,2018-11-05 18:00:00,24,0.1083,0.1449,0.6961,0.1173,0.1606,0.4703,0.0994,0.1273,0.922
532,555,2018-11-05 19:00:00,24,0.1093,0.1465,0.6733,0.1153,0.1591,0.4474,0.1033,0.1328,0.8993
533,556,2018-11-05 20:00:00,24,0.1103,0.1483,0.6484,0.1146,0.1589,0.4229,0.1059,0.1369,0.874
534,557,2018-11-05 21:00:00,24,0.1075,0.1456,0.6392,0.1164,0.1598,0.4042,0.0986,0.1298,0.8741
535,558,2018-11-05 22:00:00,24,0.1073,0.1454,0.6268,0.1165,0.1598,0.3864,0.0981,0.1293,0.8671
536,559,2018-11-05 23:00:00,24,0.1172,0.1599,0.6244,0.1309,0.181,0.3918,0.1036,0.1356,0.857
537,560,2018-11-06 00:00:00,24,0.1277,0.1865,0.4478,0.1589,0.2295,0.0169,0.0966,0.13,0.8786
538,561,2018-11-06 01:00:00,24,0.1304,0.1875,0.4451,0.163,0.2309,0.0041,0.0978,0.1303,0.886
539,562,2018-11-06 02:00:00,24,0.1343,0.1891,0.4426,0.1652,0.2314,0.0014,0.1033,0.134,0.8838
540,563,2018-11-06 03:00:00,24,0.1314,0.188,0.4483,0.1642,0.2313,0.0051,0.0987,0.1313,0.8915
541,564,2018-11-06 04:00:00,24,0.1318,0.1881,0.4509,0.1641,0.2312,0.0083,0.0995,0.1314,0.8935
542,565,2018-11-06 05:00:00,24,0.1344,0.1895,0.446,0.163,0.2312,0.0067,0.1058,0.1357,0.8853
543,566,2018-11-06 06:00:00,24,0.1347,0.1895,0.4441,0.1648,0.2315,0.0055,0.1046,0.1351,0.8827
544,567,2018-11-06 07:00:00,24,0.1346,0.1896,0.4341,0.1653,0.2317,-0.0076,0.1038,0.1348,0.8758
545,568,2018-11-06 08:00:00,24,0.1351,0.1899,0.4184,0.1658,0.2323,-0.0265,0.1043,0.1349,0.8633
546,569,2018-11-06 09:00:00,24,0.1359,0.1901,0.3901,0.1684,0.2328,-0.0627,0.1035,0.1345,0.8429
547,570,2018-11-06 10:00:00,24,0.1346,0.1895,0.308,0.1692,0.2332,-0.183,0.0999,0.1321,0.7991
548,571,2018-11-06 11:00:00,24,0.1305,0.1863,0.2922,0.163,0.2283,-0.1365,0.0979,0.1315,0.721
549,572,2018-11-06 12:00:00,24,0.1295,0.1838,0.1907,0.1594,0.2237,-0.1527,0.0997,0.1324,0.5342
550,573,2018-11-06 13:00:00,24,0.1267,0.1778,0.2247,0.1517,0.212,0.1578,0.1018,0.1352,0.2916
551,574,2018-11-06 14:00:00,24,0.1418,0.2084,0.1197,0.1697,0.2456,-0.1171,0.1139,0.1629,0.3566
552,575,2018-11-06 15:00:00,24,0.1434,0.2163,0.2305,0.1831,0.2665,-0.2149,0.1037,0.1501,0.6758
553,576,2018-11-06 16:00:00,24,0.152,0.224,0.2186,0.193,0.2751,-0.3547,0.111,0.1571,0.792
554,577,2018-11-06 17:00:00,24,0.1565,0.2257,0.2403,0.1979,0.277,-0.3819,0.115,0.1585,0.8626
555,578,2018-11-06 18:00:00,24,0.1657,0.2334,0.1123,0.208,0.2856,-0.6556,0.1233,0.1655,0.8801
556,579,2018-11-06 19:00:00,24,0.1669,0.235,0.1135,0.2076,0.2854,-0.6588,0.1263,0.1701,0.8858
557,580,2018-11-06 20:00:00,24,0.1713,0.2379,0.0981,0.214,0.2882,-0.6876,0.1285,0.1736,0.8837
558,581,2018-11-06 21:00:00,24,0.1753,0.2402,0.1552,0.214,0.2882,-0.5646,0.1365,0.1799,0.875
559,582,2018-11-06 22:00:00,24,0.177,0.241,0.1727,0.2183,0.2899,-0.5277,0.1357,0.1793,0.873
560,583,2018-11-06 23:00:00,24,0.1697,0.233,0.0603,0.2079,0.279,-0.758,0.1316,0.1754,0.8786
561,584,2018-11-07 00:00:00,24,0.1575,0.211,0.2834,0.1828,0.2414,-0.3114,0.1322,0.1755,0.8781
562,585,2018-11-07 01:00:00,24,0.156,0.2104,0.2896,0.1782,0.2399,-0.2982,0.1337,0.176,0.8775
563,586,2018-11-07 02:00:00,24,0.1534,0.2093,0.2852,0.1764,0.2396,-0.3087,0.1304,0.1738,0.8791
564,587,2018-11-07 03:00:00,24,0.1543,0.2095,0.2767,0.1789,0.24,-0.3241,0.1297,0.1738,0.8775
565,588,2018-11-07 04:00:00,24,0.1556,0.2099,0.279,0.1788,0.24,-0.3167,0.1323,0.1746,0.8747
566,589,2018-11-07 05:00:00,24,0.1527,0.2085,0.2843,0.1796,0.2401,-0.3046,0.1257,0.1713,0.8733
567,590,2018-11-07 06:00:00,24,0.154,0.2093,0.2741,0.1782,0.2398,-0.3109,0.1299,0.1736,0.859
568,591,2018-11-07 07:00:00,24,0.1536,0.2092,0.2758,0.175,0.2388,-0.2933,0.1322,0.1745,0.8448
569,592,2018-11-07 08:00:00,24,0.15,0.2057,0.2737,0.1665,0.2325,-0.2796,0.1335,0.1748,0.8271
570,593,2018-11-07 09:00:00,24,0.1512,0.2063,0.2587,0.1655,0.2322,-0.2812,0.1369,0.1766,0.7985
571,594,2018-11-07 10:00:00,24,0.1501,0.2058,0.2623,0.1637,0.2315,-0.2332,0.1366,0.1765,0.7577
572,595,2018-11-07 11:00:00,24,0.1576,0.2111,0.1929,0.1707,0.2372,-0.2903,0.1446,0.1814,0.6761
573,596,2018-11-07 12:00:00,24,0.157,0.2101,0.1304,0.1658,0.2334,-0.3221,0.1481,0.1839,0.583
574,597,2018-11-07 13:00:00,24,0.1519,0.2063,-0.2506,0.1615,0.2299,-1.0538,0.1423,0.1796,0.5526
575,598,2018-11-07 14:00:00,24,0.133,0.1719,0.2375,0.1391,0.1899,-0.2221,0.1269,0.1517,0.6971
576,599,2018-11-07 15:00:00,24,0.1254,0.1541,0.3895,0.1197,0.1531,0.0555,0.1311,0.1551,0.7236
577,600,2018-11-07 16:00:00,24,0.1195,0.1447,0.6021,0.1106,0.1376,0.4283,0.1284,0.1515,0.7758
578,601,2018-11-07 17:00:00,24,0.1178,0.1434,0.6769,0.1061,0.1339,0.5406,0.1296,0.1524,0.8132
579,602,2018-11-07 18:00:00,24,0.112,0.1347,0.7887,0.1016,0.1233,0.7051,0.1224,0.1452,0.8723
580,603,2018-11-07 19:00:00,24,0.1083,0.1288,0.8301,0.1013,0.1231,0.7479,0.1152,0.1342,0.9124
581,604,2018-11-07 20:00:00,24,0.1012,0.119,0.8599,0.0964,0.1173,0.7795,0.1061,0.1206,0.9404
582,605,2018-11-07 21:00:00,24,0.1001,0.1192,0.8603,0.093,0.1155,0.7699,0.1072,0.1228,0.9508
583,606,2018-11-07 22:00:00,24,0.0996,0.1185,0.8631,0.0917,0.1138,0.7665,0.1074,0.1231,0.9597
584,607,2018-11-07 23:00:00,24,0.0966,0.1161,0.8743,0.0854,0.1081,0.7826,0.1078,0.1235,0.966
585,608,2018-11-08 00:00:00,24,0.1019,0.1226,0.8708,0.0862,0.1088,0.7793,0.1175,0.135,0.9622
586,609,2018-11-08 01:00:00,24,0.1,0.122,0.8723,0.0859,0.1088,0.78,0.114,0.1339,0.9647
587,610,2018-11-08 02:00:00,24,0.0995,0.1217,0.8756,0.0866,0.109,0.7851,0.1124,0.1333,0.9662
588,611,2018-11-08 03:00:00,24,0.1017,0.1231,0.8788,0.0856,0.1084,0.7932,0.1179,0.1362,0.9644
589,612,2018-11-08 04:00:00,24,0.1056,0.127,0.8799,0.0878,0.1096,0.7999,0.1235,0.1424,0.96
590,613,2018-11-08 05:00:00,24,0.1058,0.1271,0.8826,0.0871,0.1095,0.8072,0.1245,0.1426,0.9581
591,614,2018-11-08 06:00:00,24,0.1056,0.1273,0.8846,0.0864,0.1094,0.815,0.1249,0.1429,0.9542
592,615,2018-11-08 07:00:00,24,0.1072,0.1281,0.885,0.0894,0.1114,0.8197,0.1249,0.1429,0.9503
593,616,2018-11-08 08:00:00,24,0.1106,0.131,0.8853,0.0929,0.1149,0.8269,0.1283,0.1453,0.9437
594,617,2018-11-08 09:00:00,24,0.1135,0.1335,0.877,0.0968,0.1182,0.8191,0.1301,0.1472,0.935
595,618,2018-11-08 10:00:00,24,0.1145,0.1341,0.8677,0.0984,0.1195,0.8081,0.1305,0.1473,0.9273
596,619,2018-11-08 11:00:00,24,0.1052,0.1247,0.8905,0.0879,0.1056,0.8511,0.1225,0.1413,0.9299
597,620,2018-11-08 12:00:00,24,0.1019,0.1217,0.8937,0.0852,0.1032,0.8552,0.1187,0.1378,0.9322
598,621,2018-11-08 13:00:00,24,0.109,0.1324,0.8711,0.0932,0.1201,0.8185,0.1248,0.1436,0.9236
599,622,2018-11-08 14:00:00,24,0.1115,0.1352,0.8771,0.0943,0.1212,0.8381,0.1286,0.148,0.9162
600,623,2018-11-08 15:00:00,24,0.1122,0.1358,0.8879,0.0956,0.1224,0.8611,0.1287,0.148,0.9147
601,624,2018-11-08 16:00:00,24,0.1115,0.1378,0.8963,0.0901,0.1192,0.8844,0.1329,0.1542,0.9082
602,625,2018-11-08 17:00:00,24,0.1179,0.1477,0.8914,0.0928,0.1211,0.8881,0.1431,0.1702,0.8947
603,626,2018-11-08 18:00:00,24,0.1183,0.1494,0.9029,0.0835,0.1097,0.9101,0.153,0.1805,0.8956
604,627,2018-11-08 19:00:00,24,0.1168,0.149,0.9071,0.0857,0.1119,0.9047,0.148,0.1786,0.9096
605,628,2018-11-08 20:00:00,24,0.1164,0.1493,0.9101,0.0877,0.1138,0.9003,0.145,0.1779,0.9198
606,629,2018-11-08 21:00:00,24,0.1158,0.1486,0.9086,0.0969,0.1239,0.8839,0.1346,0.1698,0.9333
607,630,2018-11-08 22:00:00,24,0.1131,0.147,0.9149,0.0932,0.1211,0.8902,0.133,0.1689,0.9395
608,631,2018-11-08 23:00:00,24,0.1245,0.1641,0.8846,0.1118,0.1544,0.8265,0.1372,0.1732,0.9428
609,632,2018-11-09 00:00:00,24,0.1298,0.178,0.8456,0.1304,0.1901,0.737,0.1293,0.165,0.9541
610,633,2018-11-09 01:00:00,24,0.1331,0.179,0.8462,0.1346,0.1915,0.7345,0.1317,0.1655,0.9578
611,634,2018-11-09 02:00:00,24,0.1328,0.179,0.8463,0.1351,0.1917,0.7317,0.1306,0.1653,0.9609
612,635,2018-11-09 03:00:00,24,0.1322,0.1784,0.8436,0.1362,0.192,0.7236,0.1282,0.1637,0.9636
613,636,2018-11-09 04:00:00,24,0.1276,0.1754,0.837,0.1353,0.1917,0.7066,0.12,0.1575,0.9674
614,637,2018-11-09 05:00:00,24,0.1297,0.1759,0.8264,0.1381,0.1922,0.6852,0.1214,0.1579,0.9676
615,638,2018-11-09 06:00:00,24,0.128,0.1748,0.8122,0.1409,0.1928,0.6558,0.1151,0.1548,0.9685
616,639,2018-11-09 07:00:00,24,0.1245,0.1736,0.7877,0.1369,0.1915,0.6075,0.1121,0.1536,0.9679
617,640,2018-11-09 08:00:00,24,0.1286,0.1843,0.6845,0.1502,0.2125,0.4021,0.107,0.1509,0.9669
618,641,2018-11-09 09:00:00,24,0.1255,0.1823,0.6403,0.1461,0.2106,0.3171,0.1048,0.1487,0.9636
619,642,2018-11-09 10:00:00,24,0.1284,0.1842,0.6218,0.1485,0.2122,0.2883,0.1084,0.151,0.9553
620,643,2018-11-09 11:00:00,24,0.1349,0.1876,0.6237,0.1561,0.2162,0.3052,0.1137,0.1536,0.9421
621,644,2018-11-09 12:00:00,24,0.1361,0.1881,0.6473,0.1574,0.2167,0.37,0.1149,0.1544,0.9247
622,645,2018-11-09 13:00:00,24,0.1256,0.1795,0.6894,0.1447,0.2059,0.4669,0.1065,0.1484,0.912
623,646,2018-11-09 14:00:00,24,0.1214,0.1765,0.6771,0.1427,0.2049,0.4535,0.1002,0.1425,0.9008
624,647,2018-11-09 15:00:00,24,0.1183,0.1745,0.6368,0.1397,0.2035,0.3862,0.097,0.1394,0.8873
625,648,2018-11-09 16:00:00,24,0.1173,0.1718,0.5795,0.1461,0.2061,0.2596,0.0884,0.1288,0.8994
626,649,2018-11-09 17:00:00,24,0.1077,0.1622,0.5553,0.1411,0.2046,0.1719,0.0743,0.1036,0.9387
627,650,2018-11-09 18:00:00,24,0.1027,0.1567,0.4957,0.1434,0.2053,0.0287,0.0619,0.0833,0.9628
628,651,2018-11-09 19:00:00,24,0.104,0.1574,0.4682,0.1448,0.2063,-0.0282,0.0632,0.0836,0.9645
629,652,2018-11-09 20:00:00,24,0.107,0.1599,0.4766,0.1419,0.2049,-0.0043,0.0722,0.0956,0.9576
630,653,2018-11-09 21:00:00,24,0.1101,0.1631,0.478,0.1349,0.1995,0.0094,0.0852,0.1159,0.9466
631,654,2018-11-09 22:00:00,24,0.109,0.1628,0.4657,0.1349,0.1995,-0.0214,0.0832,0.115,0.9528
632,655,2018-11-09 23:00:00,24,0.0956,0.1444,0.534,0.116,0.1749,0.1071,0.0751,0.1054,0.9608
633,656,2018-11-11 00:00:00,24,0.085,0.1204,0.7106,0.0959,0.1343,0.4605,0.0741,0.1047,0.9606
634,657,2018-11-11 01:00:00,24,0.0828,0.1192,0.6961,0.0918,0.1323,0.4331,0.0738,0.1045,0.9591
635,658,2018-11-11 02:00:00,24,0.0826,0.1191,0.6574,0.0901,0.1319,0.3584,0.0751,0.1048,0.9563
636,659,2018-11-11 03:00:00,24,0.0806,0.1182,0.6326,0.0876,0.1309,0.3108,0.0736,0.1039,0.9544
637,660,2018-11-11 04:00:00,24,0.0813,0.1184,0.6081,0.0876,0.1309,0.2656,0.0749,0.1044,0.9507
638,661,2018-11-11 05:00:00,24,0.0795,0.1177,0.5461,0.0856,0.1302,0.144,0.0734,0.1037,0.9483
639,662,2018-11-11 06:00:00,24,0.0787,0.1173,0.4854,0.0828,0.1294,0.0255,0.0746,0.1039,0.9453
640,663,2018-11-11 07:00:00,24,0.0833,0.1204,0.3394,0.0863,0.1308,-0.2603,0.0803,0.1089,0.939
641,664,2018-11-11 08:00:00,24,0.0774,0.1025,0.6732,0.0673,0.0874,0.4134,0.0875,0.1156,0.9331
642,665,2018-11-11 09:00:00,24,0.076,0.1015,0.6791,0.0689,0.0886,0.4195,0.0831,0.1129,0.9386
643,666,2018-11-11 10:00:00,24,0.0716,0.0972,0.7261,0.0625,0.0817,0.5093,0.0806,0.1105,0.9429
644,667,2018-11-11 11:00:00,24,0.0689,0.0931,0.7768,0.0594,0.0749,0.6076,0.0785,0.1083,0.946
645,668,2018-11-11 12:00:00,24,0.0719,0.0974,0.8162,0.062,0.079,0.6917,0.0818,0.1129,0.9407
646,669,2018-11-11 13:00:00,24,0.0768,0.1046,0.8526,0.0612,0.0788,0.7823,0.0925,0.1251,0.923
647,670,2018-11-11 14:00:00,24,0.0791,0.108,0.8761,0.0594,0.0775,0.8441,0.0988,0.1316,0.9081
648,671,2018-11-11 15:00:00,24,0.0835,0.1186,0.8039,0.0721,0.1061,0.7107,0.0949,0.13,0.8971
649,672,2018-11-11 16:00:00,24,0.0853,0.1211,0.7727,0.0748,0.1108,0.6641,0.0958,0.1305,0.8813
650,673,2018-11-11 17:00:00,24,0.0878,0.1222,0.7532,0.0793,0.113,0.647,0.0964,0.1307,0.8595
651,674,2018-11-11 18:00:00,24,0.0927,0.1289,0.7292,0.0768,0.1117,0.6674,0.1086,0.144,0.7909
652,675,2018-11-11 19:00:00,24,0.0952,0.1319,0.7041,0.0729,0.1074,0.7046,0.1174,0.1524,0.7035
653,676,2018-11-11 20:00:00,24,0.0946,0.1316,0.7049,0.0717,0.1069,0.7239,0.1174,0.1524,0.6859
654,677,2018-11-11 21:00:00,24,0.093,0.1274,0.76,0.0732,0.1081,0.7534,0.1128,0.1441,0.7666
655,678,2018-11-11 22:00:00,24,0.0959,0.1304,0.7923,0.072,0.1077,0.7806,0.1199,0.1497,0.804
656,679,2018-11-11 23:00:00,24,0.0958,0.1304,0.8205,0.072,0.1077,0.802,0.1197,0.1497,0.8389
657,680,2018-11-12 00:00:00,24,0.0936,0.1298,0.8436,0.0694,0.1068,0.8222,0.1179,0.1493,0.865
658,681,2018-11-12 01:00:00,24,0.094,0.1299,0.8605,0.0698,0.1068,0.8363,0.1183,0.1494,0.8846
659,682,2018-11-12 02:00:00,24,0.0953,0.1304,0.8744,0.0702,0.1069,0.848,0.1204,0.1503,0.9008
660,683,2018-11-12 03:00:00,24,0.0975,0.1315,0.886,0.0724,0.1078,0.8574,0.1227,0.1515,0.9146
661,684,2018-11-12 04:00:00,24,0.1,0.1335,0.897,0.0726,0.108,0.8687,0.1273,0.1548,0.9254
662,685,2018-11-12 05:00:00,24,0.1003,0.1335,0.9061,0.0735,0.1082,0.8774,0.127,0.1548,0.9347
663,686,2018-11-12 06:00:00,24,0.1019,0.1345,0.9123,0.0779,0.1106,0.8828,0.1259,0.1546,0.9418
664,687,2018-11-12 07:00:00,24,0.0996,0.1325,0.9215,0.0771,0.11,0.8941,0.1221,0.1517,0.9489
665,688,2018-11-12 08:00:00,24,0.1049,0.141,0.9134,0.0918,0.1338,0.8719,0.1181,0.1479,0.9549
666,689,2018-11-12 09:00:00,24,0.1075,0.1425,0.9191,0.0921,0.134,0.8829,0.123,0.1504,0.9553
667,690,2018-11-12 10:00:00,24,0.112,0.1456,0.9173,0.0964,0.1362,0.881,0.1275,0.1543,0.9537
668,691,2018-11-12 11:00:00,24,0.1107,0.145,0.9159,0.0923,0.1338,0.879,0.1291,0.1555,0.9528
669,692,2018-11-12 12:00:00,24,0.1092,0.1439,0.906,0.0894,0.1312,0.8608,0.1291,0.1555,0.9511
670,693,2018-11-12 13:00:00,24,0.1181,0.1571,0.8486,0.1075,0.1593,0.7495,0.1287,0.1548,0.9478
671,694,2018-11-12 14:00:00,24,0.1189,0.1569,0.7982,0.1105,0.1607,0.6536,0.1272,0.153,0.9428
672,695,2018-11-12 15:00:00,24,0.1175,0.1522,0.8183,0.1053,0.1508,0.7014,0.1297,0.1536,0.9351
673,696,2018-11-12 16:00:00,24,0.115,0.1503,0.8464,0.1032,0.148,0.7642,0.1269,0.1526,0.9286
674,697,2018-11-12 17:00:00,24,0.1175,0.1521,0.846,0.1056,0.1503,0.7737,0.1293,0.1539,0.9183
675,698,2018-11-12 18:00:00,24,0.1198,0.1527,0.8366,0.1123,0.155,0.7575,0.1274,0.1505,0.9157
676,699,2018-11-12 19:00:00,24,0.1212,0.1554,0.8301,0.112,0.1548,0.756,0.1304,0.156,0.9041
677,700,2018-11-12 20:00:00,24,0.1225,0.158,0.8253,0.1114,0.1547,0.7574,0.1335,0.1612,0.8932
678,701,2018-11-12 21:00:00,24,0.13,0.1691,0.7959,0.1216,0.1692,0.7108,0.1383,0.169,0.8809
679,702,2018-11-12 22:00:00,24,0.1321,0.171,0.7869,0.1318,0.1774,0.687,0.1325,0.1645,0.8869
680,703,2018-11-12 23:00:00,24,0.1338,0.1715,0.7875,0.1345,0.1781,0.6882,0.1331,0.1646,0.8869
681,704,2018-11-13 00:00:00,24,0.1353,0.1719,0.7872,0.1346,0.1781,0.6887,0.136,0.1654,0.8857
682,705,2018-11-13 01:00:00,24,0.1368,0.1724,0.7857,0.1368,0.1788,0.6866,0.1368,0.1657,0.8848
683,706,2018-11-13 02:00:00,24,0.1358,0.172,0.7872,0.1376,0.1789,0.6896,0.1341,0.1648,0.8848
684,707,2018-11-13 03:00:00,24,0.1334,0.1712,0.7897,0.1351,0.1783,0.6969,0.1317,0.1637,0.8824
685,708,2018-11-13 04:00:00,24,0.1307,0.1697,0.7895,0.1331,0.1779,0.7027,0.1282,0.1611,0.8764
686,709,2018-11-13 05:00:00,24,0.1301,0.1696,0.7866,0.133,0.1779,0.7095,0.1272,0.161,0.8636
687,710,2018-11-13 06:00:00,24,0.1292,0.169,0.7815,0.1304,0.1767,0.7197,0.1279,0.161,0.8434
688,711,2018-11-13 07:00:00,24,0.1308,0.1701,0.7729,0.1304,0.1766,0.7277,0.1312,0.1633,0.8181
689,712,2018-11-13 08:00:00,24,0.1287,0.1661,0.7796,0.1262,0.1689,0.7555,0.1311,0.1632,0.8037
690,713,2018-11-13 09:00:00,24,0.1283,0.1669,0.7875,0.1227,0.1679,0.7705,0.1339,0.166,0.8046
691,714,2018-11-13 10:00:00,24,0.1265,0.1657,0.8144,0.1245,0.1694,0.7967,0.1285,0.162,0.832
692,715,2018-11-13 11:00:00,24,0.1265,0.1657,0.8293,0.1283,0.1711,0.8083,0.1247,0.1601,0.8503
693,716,2018-11-13 12:00:00,24,0.1299,0.1711,0.8214,0.1396,0.1849,0.7772,0.1203,0.1562,0.8657
694,717,2018-11-13 13:00:00,24,0.1169,0.1547,0.8502,0.123,0.1616,0.8188,0.1107,0.1474,0.8816
695,718,2018-11-13 14:00:00,24,0.1181,0.1572,0.8355,0.1299,0.1697,0.7898,0.1063,0.1437,0.8812
696,719,2018-11-13 15:00:00,24,0.1156,0.1547,0.8163,0.1218,0.1631,0.7747,0.1094,0.146,0.8579
697,720,2018-11-13 16:00:00,24,0.1202,0.1585,0.7564,0.1222,0.1634,0.7102,0.1183,0.1535,0.8026
698,721,2018-11-13 17:00:00,24,0.1197,0.1594,0.7144,0.1159,0.1598,0.6839,0.1234,0.159,0.745
699,722,2018-11-13 18:00:00,24,0.1182,0.1575,0.7341,0.115,0.1589,0.7059,0.1213,0.156,0.7622
700,723,2018-11-13 19:00:00,24,0.1142,0.1516,0.7789,0.1163,0.1596,0.7163,0.1121,0.1431,0.8414
701,724,2018-11-13 20:00:00,24,0.1087,0.1454,0.8102,0.1155,0.1595,0.7242,0.1018,0.1297,0.8963
702,725,2018-11-13 21:00:00,24,0.1002,0.1323,0.8531,0.1105,0.1501,0.767,0.09,0.1116,0.9391
703,726,2018-11-13 22:00:00,24,0.0991,0.13,0.8727,0.1024,0.1409,0.7977,0.0957,0.1182,0.9476
704,727,2018-11-13 23:00:00,24,0.1013,0.1334,0.8778,0.0994,0.1399,0.8013,0.1033,0.1266,0.9544
705,728,2018-11-14 00:00:00,24,0.1017,0.1337,0.8831,0.1031,0.1414,0.8027,0.1004,0.1255,0.9636
706,729,2018-11-14 01:00:00,24,0.1048,0.1364,0.8874,0.1049,0.1427,0.8095,0.1047,0.1299,0.9654
707,730,2018-11-14 02:00:00,24,0.1036,0.1362,0.8922,0.1033,0.1424,0.8157,0.1039,0.1298,0.9687
708,731,2018-11-14 03:00:00,24,0.1042,0.1365,0.8924,0.1058,0.1431,0.8136,0.1027,0.1295,0.9713
709,732,2018-11-14 04:00:00,24,0.1075,0.1385,0.8885,0.1102,0.1454,0.8054,0.1048,0.1314,0.9715
710,733,2018-11-14 05:00:00,24,0.1081,0.1386,0.8867,0.1105,0.1454,0.8012,0.1058,0.1314,0.9722
711,734,2018-11-14 06:00:00,24,0.1077,0.1385,0.884,0.1091,0.1451,0.7956,0.1063,0.1316,0.9724
712,735,2018-11-14 07:00:00,24,0.1063,0.1379,0.8792,0.1068,0.1443,0.7866,0.1058,0.1311,0.9718
713,736,2018-11-14 08:00:00,24,0.1116,0.1485,0.8366,0.114,0.1614,0.7047,0.1092,0.1344,0.9685
714,737,2018-11-14 09:00:00,24,0.1149,0.1519,0.8119,0.1169,0.1621,0.6628,0.1129,0.141,0.9611
715,738,2018-11-14 10:00:00,24,0.1194,0.1598,0.7654,0.1125,0.1591,0.5879,0.1264,0.1606,0.9428
716,739,2018-11-14 11:00:00,24,0.1282,0.1694,0.6593,0.1199,0.1686,0.3892,0.1365,0.1702,0.9294
717,740,2018-11-14 12:00:00,24,0.1224,0.1621,0.6995,0.1067,0.1526,0.4742,0.138,0.1711,0.9248
718,741,2018-11-14 13:00:00,24,0.1278,0.1655,0.6788,0.1111,0.1553,0.4368,0.1446,0.1751,0.9208
719,742,2018-11-14 14:00:00,24,0.1297,0.1664,0.695,0.108,0.1504,0.4711,0.1515,0.1809,0.9188
720,743,2018-11-14 15:00:00,24,0.1315,0.1683,0.6935,0.1157,0.1571,0.4603,0.1473,0.1788,0.9267
721,744,2018-11-14 16:00:00,24,0.1269,0.1641,0.7338,0.1134,0.1548,0.5305,0.1403,0.1729,0.9371
722,745,2018-11-14 17:00:00,24,0.1344,0.1725,0.6831,0.1268,0.1694,0.4282,0.1421,0.1755,0.938
723,746,2018-11-14 18:00:00,24,0.1365,0.1753,0.669,0.127,0.1696,0.4028,0.146,0.1808,0.9351
724,747,2018-11-14 19:00:00,24,0.1381,0.1769,0.6676,0.1259,0.1691,0.4027,0.1503,0.1844,0.9324
725,748,2018-11-14 20:00:00,24,0.141,0.1779,0.6645,0.1287,0.1697,0.3979,0.1532,0.1858,0.931
726,749,2018-11-14 21:00:00,24,0.1411,0.1772,0.6593,0.1266,0.1671,0.3889,0.1555,0.1867,0.9297
727,750,2018-11-14 22:00:00,24,0.1376,0.1749,0.6491,0.1252,0.1667,0.3671,0.1499,0.1827,0.9312
728,751,2018-11-14 23:00:00,24,0.1357,0.1724,0.6386,0.1279,0.1673,0.3464,0.1434,0.1773,0.9307
729,752,2018-11-15 00:00:00,24,0.139,0.1747,0.6036,0.1325,0.1716,0.2827,0.1455,0.1777,0.9245
730,753,2018-11-15 01:00:00,24,0.1356,0.1727,0.5825,0.1321,0.1713,0.2422,0.1392,0.1739,0.9228
731,754,2018-11-15 02:00:00,24,0.1376,0.1731,0.5675,0.1351,0.1721,0.2182,0.1401,0.174,0.9169
732,755,2018-11-15 03:00:00,24,0.1368,0.1729,0.5695,0.1336,0.1717,0.2299,0.14,0.174,0.9092
733,756,2018-11-15 04:00:00,24,0.1318,0.1708,0.5744,0.1286,0.1697,0.2432,0.1349,0.1718,0.9056
734,757,2018-11-15 05:00:00,24,0.1306,0.1706,0.5705,0.127,0.1695,0.2423,0.1343,0.1718,0.8987
735,758,2018-11-15 06:00:00,24,0.1306,0.1707,0.5634,0.1284,0.1697,0.2354,0.1329,0.1716,0.8914
736,759,2018-11-15 07:00:00,24,0.1302,0.1701,0.5606,0.1304,0.1703,0.233,0.1299,0.1698,0.8883
737,760,2018-11-15 08:00:00,24,0.1274,0.1632,0.5854,0.1231,0.154,0.289,0.1317,0.1718,0.8818
738,761,2018-11-15 09:00:00,24,0.1293,0.1645,0.504,0.127,0.1571,0.1246,0.1315,0.1715,0.8834
739,762,2018-11-15 10:00:00,24,0.1244,0.1563,0.3461,0.1279,0.1575,-0.214,0.1209,0.155,0.9061
740,763,2018-11-15 11:00:00,24,0.1211,0.1509,0.4176,0.1248,0.1524,-0.0799,0.1173,0.1494,0.915
741,764,2018-11-15 12:00:00,24,0.134,0.1752,0.5254,0.1485,0.1961,0.1347,0.1194,0.1515,0.9162
742,765,2018-11-15 13:00:00,24,0.1274,0.1719,0.6609,0.1423,0.1937,0.4002,0.1125,0.1468,0.9216
743,766,2018-11-15 14:00:00,24,0.1185,0.166,0.735,0.134,0.1893,0.5437,0.103,0.1389,0.9263
744,767,2018-11-15 15:00:00,24,0.1185,0.1662,0.761,0.1261,0.1838,0.6043,0.1109,0.1464,0.9178
745,768,2018-11-15 16:00:00,24,0.1253,0.1739,0.7065,0.1352,0.1949,0.4941,0.1153,0.1499,0.9189
746,769,2018-11-15 17:00:00,24,0.1185,0.1654,0.7401,0.1244,0.1831,0.5461,0.1127,0.1455,0.9341
747,770,2018-11-15 18:00:00,24,0.1135,0.1598,0.7428,0.1204,0.1804,0.5344,0.1067,0.1361,0.9511
748,771,2018-11-15 19:00:00,24,0.1097,0.1571,0.746,0.1187,0.1799,0.5314,0.1007,0.1303,0.9607
749,772,2018-11-15 20:00:00,24,0.1103,0.1577,0.7551,0.1185,0.1798,0.5463,0.1021,0.1318,0.9639
750,773,2018-11-15 21:00:00,24,0.1075,0.1562,0.7667,0.111,0.176,0.5692,0.104,0.1336,0.9643
751,774,2018-11-15 22:00:00,24,0.1131,0.1621,0.7704,0.1124,0.1763,0.5855,0.1139,0.1464,0.9553
752,775,2018-11-15 23:00:00,24,0.1182,0.1678,0.7796,0.1125,0.1764,0.6156,0.1238,0.1588,0.9436
753,776,2018-11-16 00:00:00,24,0.1186,0.1679,0.7855,0.1075,0.172,0.636,0.1298,0.1638,0.935
754,777,2018-11-16 01:00:00,24,0.12,0.1687,0.7772,0.1051,0.1708,0.6278,0.1349,0.1666,0.9266
755,778,2018-11-16 02:00:00,24,0.1197,0.1686,0.7595,0.1043,0.1705,0.6002,0.1351,0.1666,0.9188
756,779,2018-11-16 03:00:00,24,0.1198,0.1686,0.7338,0.104,0.1704,0.5581,0.1357,0.1667,0.9095
757,780,2018-11-16 04:00:00,24,0.1202,0.1686,0.6974,0.1051,0.1706,0.4973,0.1353,0.1667,0.8974
758,781,2018-11-16 05:00:00,24,0.124,0.1706,0.6464,0.1058,0.1706,0.4185,0.1423,0.1705,0.8742
759,782,2018-11-16 06:00:00,24,0.1279,0.1728,0.5823,0.1055,0.1706,0.3249,0.1502,0.1749,0.8397
760,783,2018-11-16 07:00:00,24,0.1302,0.1748,0.5069,0.1044,0.1702,0.2187,0.1559,0.1793,0.7951
761,784,2018-11-16 08:00:00,24,0.1302,0.175,0.5244,0.1015,0.1661,0.284,0.1589,0.1834,0.7647
762,785,2018-11-16 09:00:00,24,0.1285,0.1727,0.4769,0.1005,0.1651,0.1673,0.1565,0.18,0.7865
763,786,2018-11-16 10:00:00,24,0.1281,0.1731,0.2891,0.098,0.1644,-0.2297,0.1583,0.1815,0.808
764,787,2018-11-16 11:00:00,24,0.1244,0.1703,0.2013,0.0968,0.1629,-0.4341,0.1519,0.1774,0.8368
765,788,2018-11-16 12:00:00,24,0.1145,0.1483,0.6533,0.0814,0.1164,0.4518,0.1475,0.1744,0.8548
766,789,2018-11-16 13:00:00,24,0.1187,0.1503,0.7354,0.088,0.1208,0.6102,0.1494,0.1748,0.8605
767,790,2018-11-16 14:00:00,24,0.125,0.1537,0.7953,0.0953,0.1262,0.7317,0.1547,0.1769,0.859
768,791,2018-11-16 15:00:00,24,0.1335,0.1651,0.8245,0.1086,0.1452,0.7996,0.1585,0.1828,0.8493
769,792,2018-11-16 16:00:00,24,0.1287,0.1584,0.866,0.0984,0.1288,0.8813,0.159,0.1833,0.8508
770,793,2018-11-16 17:00:00,24,0.127,0.1566,0.8793,0.0985,0.1289,0.8989,0.1554,0.18,0.8597
771,794,2018-11-16 18:00:00,24,0.1269,0.1564,0.8892,0.0995,0.1296,0.9123,0.1544,0.1792,0.8661
772,795,2018-11-16 19:00:00,24,0.1276,0.1567,0.8939,0.1022,0.1308,0.9174,0.153,0.1789,0.8703
773,796,2018-11-16 20:00:00,24,0.1256,0.1555,0.8955,0.1005,0.1303,0.9215,0.1506,0.1771,0.8695
774,797,2018-11-16 21:00:00,24,0.1255,0.1551,0.8974,0.1054,0.1325,0.9219,0.1456,0.1748,0.8729
775,798,2018-11-16 22:00:00,24,0.1328,0.166,0.885,0.12,0.1568,0.8872,0.1456,0.1748,0.8828
776,799,2018-11-16 23:00:00,24,0.1321,0.1669,0.883,0.131,0.1707,0.8608,0.1332,0.163,0.9053
777,800,2018-11-17 00:00:00,24,0.1306,0.1656,0.8838,0.1338,0.1728,0.8537,0.1275,0.1581,0.9139
778,801,2018-11-17 01:00:00,24,0.1303,0.1654,0.8814,0.1336,0.1727,0.8489,0.1271,0.1577,0.914
779,802,2018-11-17 02:00:00,24,0.1333,0.1671,0.8755,0.134,0.1729,0.8432,0.1326,0.1612,0.9079
780,803,2018-11-17 03:00:00,24,0.1355,0.1685,0.8681,0.1331,0.1728,0.8352,0.1379,0.164,0.9009
781,804,2018-11-17 04:00:00,24,0.1378,0.1695,0.8599,0.1326,0.1727,0.8254,0.143,0.1661,0.8944
782,805,2018-11-17 05:00:00,24,0.1359,0.1681,0.854,0.1356,0.1737,0.8099,0.1363,0.1622,0.898
783,806,2018-11-17 06:00:00,24,0.1312,0.1656,0.8458,0.1341,0.1735,0.7869,0.1284,0.1574,0.9046
784,807,2018-11-17 07:00:00,24,0.1279,0.1632,0.834,0.1333,0.1733,0.7577,0.1226,0.1524,0.9103
785,808,2018-11-17 08:00:00,24,0.1348,0.1913,0.7261,0.1571,0.2309,0.531,0.1124,0.141,0.9213
786,809,2018-11-17 09:00:00,24,0.1302,0.1884,0.7317,0.1514,0.2289,0.5412,0.109,0.1364,0.9223
787,810,2018-11-17 10:00:00,24,0.1325,0.1916,0.7235,0.1508,0.2289,0.5391,0.1142,0.145,0.9079
788,811,2018-11-17 11:00:00,24,0.1328,0.1911,0.7311,0.1472,0.2264,0.559,0.1183,0.1475,0.9032
789,812,2018-11-17 12:00:00,24,0.1316,0.1895,0.7452,0.1429,0.2229,0.5841,0.1202,0.1487,0.9062
790,813,2018-11-17 13:00:00,24,0.1295,0.1883,0.7562,0.1397,0.2212,0.5988,0.1193,0.1484,0.9135
791,814,2018-11-17 14:00:00,24,0.1311,0.1902,0.7508,0.143,0.2244,0.5829,0.1192,0.1483,0.9188
792,815,2018-11-17 15:00:00,24,0.1211,0.1792,0.7582,0.1286,0.2125,0.5836,0.1135,0.1381,0.9328
793,816,2018-11-17 16:00:00,24,0.1214,0.1806,0.7411,0.1261,0.2117,0.5535,0.1166,0.1429,0.9287
794,817,2018-11-17 17:00:00,24,0.1242,0.1833,0.7302,0.127,0.2121,0.5391,0.1214,0.149,0.9212
795,818,2018-11-17 18:00:00,24,0.1295,0.1888,0.6894,0.1359,0.2204,0.4619,0.1232,0.1506,0.9169
796,819,2018-11-17 19:00:00,24,0.1327,0.1915,0.667,0.142,0.225,0.4205,0.1234,0.1507,0.9136
797,820,2018-11-17 20:00:00,24,0.1372,0.1944,0.66,0.15,0.2294,0.4105,0.1245,0.1515,0.9096
798,821,2018-11-17 21:00:00,24,0.138,0.1946,0.6637,0.1502,0.2295,0.4224,0.1258,0.1518,0.905
799,822,2018-11-17 22:00:00,24,0.1263,0.1811,0.7074,0.1333,0.2133,0.5076,0.1193,0.1419,0.9073
800,823,2018-11-17 23:00:00,24,0.1211,0.1747,0.7309,0.1205,0.2018,0.5674,0.1216,0.1426,0.8944
801,824,2018-11-18 00:00:00,24,0.1182,0.1732,0.7318,0.1152,0.1992,0.5794,0.1212,0.1424,0.8842
802,825,2018-11-18 01:00:00,24,0.1181,0.1735,0.7303,0.1141,0.1991,0.5778,0.1222,0.1434,0.8829
803,826,2018-11-18 02:00:00,24,0.1138,0.1715,0.7346,0.1118,0.1985,0.5753,0.1159,0.1394,0.894
804,827,2018-11-18 03:00:00,24,0.1125,0.1704,0.7385,0.1141,0.1989,0.5711,0.111,0.1361,0.906
805,828,2018-11-18 04:00:00,24,0.1117,0.1698,0.7414,0.1144,0.1989,0.568,0.1091,0.1346,0.9148
806,829,2018-11-18 05:00:00,24,0.1123,0.1702,0.7412,0.1111,0.1981,0.5629,0.1135,0.1368,0.9195
807,830,2018-11-18 06:00:00,24,0.1158,0.1719,0.7392,0.1113,0.1981,0.5564,0.1204,0.141,0.9221
808,831,2018-11-18 07:00:00,24,0.1166,0.1721,0.7388,0.113,0.1985,0.5509,0.1202,0.1409,0.9268
809,832,2018-11-18 08:00:00,24,0.1033,0.1321,0.8595,0.0855,0.1223,0.7888,0.121,0.1412,0.9301
810,833,2018-11-18 09:00:00,24,0.1042,0.1335,0.8167,0.0932,0.1287,0.6987,0.1152,0.138,0.9348
811,834,2018-11-18 10:00:00,24,0.1004,0.1275,0.762,0.0934,0.1287,0.5817,0.1074,0.1262,0.9423
812,835,2018-11-18 11:00:00,24,0.0973,0.1252,0.6959,0.0907,0.127,0.4545,0.1038,0.1235,0.9373
813,836,2018-11-18 12:00:00,24,0.0942,0.1233,0.6436,0.0888,0.1253,0.3627,0.0995,0.1213,0.9245
814,837,2018-11-18 13:00:00,24,0.0927,0.1228,0.5894,0.0872,0.1246,0.2853,0.0981,0.121,0.8935
815,838,2018-11-18 14:00:00,24,0.0876,0.1165,0.6269,0.0805,0.1146,0.4104,0.0947,0.1184,0.8435
816,839,2018-11-18 15:00:00,24,0.0875,0.1151,0.6159,0.0849,0.1168,0.4609,0.0901,0.1133,0.7709
817,840,2018-11-18 16:00:00,24,0.0826,0.109,0.6361,0.0849,0.1169,0.5415,0.0802,0.1005,0.7307
818,841,2018-11-18 17:00:00,24,0.0766,0.1025,0.6788,0.0811,0.1149,0.6156,0.072,0.0883,0.742
819,842,2018-11-18 18:00:00,24,0.0693,0.0908,0.7375,0.0733,0.0992,0.7185,0.0653,0.0816,0.7564
820,843,2018-11-18 19:00:00,24,0.0668,0.0853,0.7626,0.0671,0.0882,0.7841,0.0666,0.0823,0.7411
821,844,2018-11-18 20:00:00,24,0.0669,0.0855,0.7507,0.0634,0.0806,0.817,0.0705,0.0902,0.6845
822,845,2018-11-18 21:00:00,24,0.0707,0.0932,0.7397,0.0615,0.0781,0.8186,0.0799,0.1062,0.6608
823,846,2018-11-18 22:00:00,24,0.0751,0.0994,0.7833,0.0657,0.0813,0.801,0.0845,0.1147,0.7656
824,847,2018-11-18 23:00:00,24,0.0749,0.0992,0.8177,0.0662,0.0815,0.8022,0.0836,0.1142,0.8333
825,848,2018-11-19 00:00:00,24,0.076,0.1001,0.8269,0.0662,0.0815,0.803,0.0858,0.1158,0.8509
826,849,2018-11-19 01:00:00,24,0.0727,0.0973,0.8406,0.0657,0.0814,0.8057,0.0796,0.1109,0.8755
827,850,2018-11-19 02:00:00,24,0.0755,0.0988,0.8372,0.0677,0.0823,0.8005,0.0833,0.1129,0.8739
828,851,2018-11-19 03:00:00,24,0.0756,0.0989,0.8367,0.068,0.0826,0.8003,0.0832,0.1128,0.8731
829,852,2018-11-19 04:00:00,24,0.075,0.0985,0.8359,0.0693,0.0834,0.7978,0.0808,0.1117,0.874
830,853,2018-11-19 05:00:00,24,0.0755,0.0983,0.834,0.0726,0.0854,0.7907,0.0784,0.1096,0.8772
831,854,2018-11-19 06:00:00,24,0.0733,0.0957,0.8393,0.0726,0.0854,0.7915,0.0739,0.105,0.887
832,855,2018-11-19 07:00:00,24,0.0727,0.0954,0.8403,0.0727,0.0854,0.7935,0.0727,0.1044,0.8871
833,856,2018-11-19 08:00:00,24,0.0792,0.1145,0.7732,0.0869,0.1243,0.6588,0.0714,0.1039,0.8876
834,857,2018-11-19 09:00:00,24,0.0817,0.1172,0.7983,0.0818,0.1186,0.7321,0.0817,0.1159,0.8645
835,858,2018-11-19 10:00:00,24,0.0842,0.1187,0.8159,0.0852,0.12,0.7646,0.0831,0.1174,0.8672
836,859,2018-11-19 11:00:00,24,0.0903,0.1262,0.7907,0.0951,0.133,0.7092,0.0855,0.1191,0.8722
837,860,2018-11-19 12:00:00,24,0.0909,0.1263,0.793,0.0942,0.1325,0.712,0.0877,0.1197,0.8741
838,861,2018-11-19 13:00:00,24,0.0928,0.1269,0.7909,0.0951,0.1328,0.7099,0.0905,0.1207,0.872
839,862,2018-11-19 14:00:00,24,0.0937,0.1276,0.7859,0.0936,0.1319,0.7087,0.0939,0.1232,0.863
840,863,2018-11-19 15:00:00,24,0.0939,0.1277,0.7749,0.0929,0.1314,0.6905,0.0949,0.1239,0.8593
841,864,2018-11-19 16:00:00,24,0.0967,0.1302,0.74,0.0989,0.1363,0.6223,0.0946,0.1238,0.8577
842,865,2018-11-19 17:00:00,24,0.0998,0.1317,0.7002,0.1027,0.1379,0.5479,0.0968,0.1251,0.8524
843,866,2018-11-19 18:00:00,24,0.1042,0.1364,0.6629,0.1007,0.1364,0.5024,0.1077,0.1363,0.8234
844,867,2018-11-19 19:00:00,24,0.1066,0.1396,0.6431,0.0983,0.1353,0.4768,0.1148,0.1438,0.8094
845,868,2018-11-19 20:00:00,24,0.1068,0.142,0.6568,0.0951,0.1331,0.503,0.1185,0.1504,0.8105
846,869,2018-11-19 21:00:00,24,0.1091,0.1438,0.626,0.1023,0.1418,0.4195,0.1158,0.1459,0.8325
847,870,2018-11-19 22:00:00,24,0.1054,0.1399,0.6237,0.1039,0.1432,0.4039,0.1069,0.1364,0.8434
848,871,2018-11-19 23:00:00,24,0.1087,0.1423,0.5911,0.1094,0.1474,0.3612,0.1081,0.1369,0.8211
849,872,2018-11-20 00:00:00,24,0.1103,0.1431,0.5663,0.1135,0.1496,0.3248,0.1071,0.1362,0.8077
850,873,2018-11-20 01:00:00,24,0.1118,0.1435,0.542,0.1158,0.1502,0.3006,0.1079,0.1364,0.7833
851,874,2018-11-20 02:00:00,24,0.1109,0.1429,0.5116,0.1158,0.1502,0.2467,0.1061,0.1353,0.7765
852,875,2018-11-20 03:00:00,24,0.1136,0.1444,0.4819,0.1178,0.1515,0.1946,0.1094,0.137,0.7692
853,876,2018-11-20 04:00:00,24,0.114,0.1445,0.4662,0.117,0.1512,0.1654,0.111,0.1375,0.7671
854,877,2018-11-20 05:00:00,24,0.1118,0.1437,0.4628,0.1147,0.1502,0.1582,0.1088,0.1369,0.7674
855,878,2018-11-20 06:00:00,24,0.1128,0.1443,0.4483,0.1146,0.1502,0.1205,0.111,0.1382,0.7762
856,879,2018-11-20 07:00:00,24,0.115,0.1462,0.4416,0.113,0.1497,0.0937,0.117,0.1427,0.7894
857,880,2018-11-20 08:00:00,24,0.114,0.1405,0.5577,0.1085,0.1372,0.3095,0.1195,0.1437,0.8059
858,881,2018-11-20 09:00:00,24,0.113,0.1382,0.5647,0.1103,0.1384,0.2757,0.1156,0.1381,0.8537
859,882,2018-11-20 10:00:00,24,0.1122,0.1379,0.5899,0.1127,0.1404,0.2989,0.1117,0.1354,0.8809
860,883,2018-11-20 11:00:00,24,0.1066,0.1317,0.6695,0.1055,0.1299,0.4403,0.1076,0.1336,0.8987
861,884,2018-11-20 12:00:00,24,0.1094,0.1344,0.6803,0.1059,0.1301,0.465,0.1129,0.1385,0.8956
862,885,2018-11-20 13:00:00,24,0.1156,0.1409,0.6029,0.1131,0.1381,0.32,0.1182,0.1437,0.8857
863,886,2018-11-20 14:00:00,24,0.1224,0.1491,0.5553,0.1218,0.1482,0.2428,0.123,0.1499,0.8677
864,887,2018-11-20 15:00:00,24,0.1265,0.1549,0.5519,0.1211,0.1478,0.2675,0.132,0.1618,0.8363
865,888,2018-11-20 16:00:00,24,0.1294,0.1579,0.625,0.1159,0.1435,0.4259,0.1429,0.1712,0.8242
866,889,2018-11-20 17:00:00,24,0.1299,0.1591,0.6671,0.1129,0.1421,0.4897,0.1469,0.1745,0.8445
867,890,2018-11-20 18:00:00,24,0.1297,0.1579,0.6866,0.1147,0.1432,0.4848,0.1446,0.1714,0.8884
868,891,2018-11-20 19:00:00,24,0.1337,0.1615,0.6794,0.1245,0.1534,0.4369,0.1429,0.1693,0.9219
869,892,2018-11-20 20:00:00,24,0.1321,0.158,0.6753,0.1267,0.1545,0.4024,0.1376,0.1614,0.9483
870,893,2018-11-20 21:00:00,24,0.127,0.1527,0.7093,0.1182,0.1461,0.4567,0.1357,0.1591,0.9619
871,894,2018-11-20 22:00:00,24,0.133,0.1617,0.7157,0.1161,0.1443,0.467,0.15,0.1774,0.9645
872,895,2018-11-20 23:00:00,24,0.1352,0.1634,0.7232,0.1152,0.1432,0.4755,0.1552,0.1814,0.971
873,896,2018-11-21 00:00:00,24,0.1369,0.1649,0.7303,0.1145,0.1426,0.485,0.1594,0.1845,0.9756
874,897,2018-11-21 01:00:00,24,0.1428,0.1692,0.73,0.1184,0.1457,0.4816,0.1671,0.1898,0.9785
875,898,2018-11-21 02:00:00,24,0.142,0.169,0.7425,0.1188,0.1459,0.5039,0.1652,0.1894,0.9812
876,899,2018-11-21 03:00:00,24,0.1392,0.1677,0.7614,0.1153,0.1441,0.5397,0.1631,0.1884,0.9832
877,900,2018-11-21 04:00:00,24,0.141,0.1687,0.767,0.116,0.1443,0.5498,0.166,0.1899,0.9842
878,901,2018-11-21 05:00:00,24,0.1433,0.1699,0.7746,0.1151,0.1442,0.5645,0.1715,0.1922,0.9848
879,902,2018-11-21 06:00:00,24,0.1453,0.1715,0.7577,0.1227,0.1496,0.5299,0.1678,0.1909,0.9854
880,903,2018-11-21 07:00:00,24,0.1432,0.1699,0.7564,0.1232,0.1497,0.527,0.1631,0.1879,0.9859
881,904,2018-11-21 08:00:00,24,0.147,0.1847,0.6718,0.1343,0.1823,0.3579,0.1596,0.187,0.9856
882,905,2018-11-21 09:00:00,24,0.1463,0.1849,0.7145,0.1314,0.181,0.4448,0.1613,0.1886,0.9842
883,906,2018-11-21 10:00:00,24,0.1488,0.1863,0.7422,0.1326,0.1821,0.5026,0.1649,0.1904,0.9818
884,907,2018-11-21 11:00:00,24,0.1499,0.1872,0.7704,0.1284,0.1807,0.5632,0.1715,0.1934,0.9777
885,908,2018-11-21 12:00:00,24,0.149,0.1862,0.7685,0.1291,0.181,0.5637,0.1689,0.1913,0.9732
886,909,2018-11-21 13:00:00,24,0.1416,0.181,0.7899,0.1209,0.1747,0.6124,0.1623,0.187,0.9675
887,910,2018-11-21 14:00:00,24,0.1345,0.1741,0.8088,0.1145,0.1674,0.657,0.1544,0.1805,0.9605
888,911,2018-11-21 15:00:00,24,0.1346,0.1734,0.7752,0.1228,0.1762,0.5969,0.1463,0.1705,0.9535
889,912,2018-11-21 16:00:00,24,0.1326,0.1703,0.7549,0.125,0.1772,0.5666,0.1403,0.1632,0.9433
890,913,2018-11-21 17:00:00,24,0.1357,0.1762,0.698,0.1389,0.1924,0.4698,0.1324,0.1584,0.9261
891,914,2018-11-21 18:00:00,24,0.1315,0.1737,0.6839,0.1393,0.1926,0.4651,0.1238,0.1524,0.9027
892,915,2018-11-21 19:00:00,24,0.128,0.1703,0.6656,0.1372,0.1899,0.4677,0.1189,0.1481,0.8635
893,916,2018-11-21 20:00:00,24,0.1239,0.1678,0.648,0.1341,0.1888,0.4944,0.1136,0.1438,0.8017
894,917,2018-11-21 21:00:00,24,0.1244,0.169,0.6078,0.1329,0.1885,0.5247,0.1158,0.1468,0.6908
895,918,2018-11-21 22:00:00,24,0.1174,0.16,0.6399,0.1343,0.1894,0.5306,0.1005,0.1238,0.7493
896,919,2018-11-21 23:00:00,24,0.1164,0.1589,0.6339,0.1341,0.1892,0.5227,0.0988,0.1213,0.745
897,920,2018-11-22 00:00:00,24,0.1131,0.157,0.6342,0.1295,0.1878,0.516,0.0966,0.1184,0.7523
898,921,2018-11-22 01:00:00,24,0.1073,0.1524,0.6367,0.1242,0.185,0.492,0.0904,0.1105,0.7815
899,922,2018-11-22 02:00:00,24,0.1072,0.1523,0.606,0.1225,0.1845,0.4285,0.092,0.111,0.7835
900,923,2018-11-22 03:00:00,24,0.1072,0.1522,0.5528,0.1228,0.1846,0.3237,0.0916,0.1108,0.7819
901,924,2018-11-22 04:00:00,24,0.1079,0.1528,0.4865,0.1266,0.1868,0.1867,0.0891,0.1085,0.7863
902,925,2018-11-22 05:00:00,24,0.1097,0.1537,0.375,0.129,0.1873,-0.0254,0.0904,0.1103,0.7754
903,926,2018-11-22 06:00:00,24,0.1066,0.1513,0.3249,0.1226,0.1833,-0.1317,0.0906,0.1104,0.7815
904,927,2018-11-22 07:00:00,24,0.1084,0.1521,0.1903,0.1253,0.1842,-0.3904,0.0916,0.1111,0.7711
905,928,2018-11-22 08:00:00,24,0.1049,0.1353,0.4925,0.1153,0.155,0.2323,0.0945,0.1121,0.7527
906,929,2018-11-22 09:00:00,24,0.106,0.1371,0.4684,0.1241,0.1632,0.1417,0.0878,0.1047,0.7951
907,930,2018-11-22 10:00:00,24,0.1059,0.1385,0.4789,0.1274,0.1675,0.1373,0.0843,0.1015,0.8205
908,931,2018-11-22 11:00:00,24,0.106,0.1383,0.541,0.1335,0.1705,0.2371,0.0785,0.0958,0.8449
909,932,2018-11-22 12:00:00,24,0.1046,0.1381,0.5494,0.1359,0.1722,0.2418,0.0733,0.0921,0.8569
910,933,2018-11-22 13:00:00,24,0.1074,0.1408,0.5563,0.1425,0.1767,0.2592,0.0722,0.0918,0.8533
911,934,2018-11-22 14:00:00,24,0.1077,0.1415,0.5771,0.139,0.1753,0.3034,0.0764,0.0966,0.8508
912,935,2018-11-22 15:00:00,24,0.1009,0.1347,0.588,0.1281,0.1657,0.3046,0.0737,0.0941,0.8714
913,936,2018-11-22 16:00:00,24,0.1023,0.1362,0.4585,0.1292,0.1666,0.0331,0.0754,0.0966,0.8839
914,937,2018-11-22 17:00:00,24,0.0981,0.1266,0.5319,0.1165,0.1491,0.1696,0.0798,0.0992,0.8943
915,938,2018-11-22 18:00:00,24,0.0966,0.1255,0.4498,0.1125,0.1471,-0.004,0.0807,0.0994,0.9036
916,939,2018-11-22 19:00:00,24,0.0948,0.1238,0.4702,0.111,0.1449,0.0286,0.0786,0.0983,0.9118
917,940,2018-11-22 20:00:00,24,0.0997,0.1285,0.4549,0.1135,0.146,0.0066,0.0858,0.1082,0.9031
918,941,2018-11-22 21:00:00,24,0.0988,0.1261,0.4679,0.1173,0.1477,0.0257,0.0804,0.0999,0.9101
919,942,2018-11-22 22:00:00,24,0.1017,0.1288,0.4881,0.1151,0.1462,0.1088,0.0883,0.1086,0.8675
920,943,2018-11-22 23:00:00,24,0.0972,0.1253,0.4967,0.11,0.1431,0.1466,0.0844,0.1045,0.8469
921,944,2018-11-23 00:00:00,24,0.0984,0.1257,0.4972,0.1121,0.1435,0.1803,0.0847,0.1049,0.814
922,945,2018-11-23 01:00:00,24,0.0981,0.1256,0.5104,0.1131,0.1438,0.2368,0.083,0.1041,0.784
923,946,2018-11-23 02:00:00,24,0.0994,0.1262,0.4953,0.1151,0.1446,0.2399,0.0837,0.1045,0.7507
924,947,2018-11-23 03:00:00,24,0.0991,0.1262,0.4826,0.1141,0.1444,0.2343,0.0842,0.1048,0.7309
925,948,2018-11-23 04:00:00,24,0.0985,0.1254,0.4751,0.1109,0.1419,0.2812,0.086,0.1064,0.669
926,949,2018-11-23 05:00:00,24,0.096,0.1232,0.4921,0.1097,0.1414,0.3003,0.0823,0.1018,0.6838
927,950,2018-11-23 06:00:00,24,0.097,0.1236,0.4944,0.1107,0.1418,0.3046,0.0833,0.1022,0.6842
928,951,2018-11-23 07:00:00,24,0.099,0.1255,0.4728,0.1119,0.1428,0.293,0.086,0.1054,0.6525
929,952,2018-11-23 08:00:00,24,0.1015,0.127,0.46,0.1099,0.1375,0.2937,0.0931,0.1156,0.6264
930,953,2018-11-23 09:00:00,24,0.1012,0.1248,0.5314,0.1052,0.1306,0.368,0.0972,0.1186,0.6948
931,954,2018-11-23 10:00:00,24,0.1007,0.1242,0.5724,0.1048,0.1298,0.3853,0.0965,0.1184,0.7594
932,955,2018-11-23 11:00:00,24,0.1046,0.1301,0.4867,0.1109,0.1401,0.1701,0.0984,0.1191,0.8033
933,956,2018-11-23 12:00:00,24,0.1039,0.129,0.5307,0.1055,0.1367,0.2438,0.1022,0.1207,0.8177
934,957,2018-11-23 13:00:00,24,0.1085,0.134,0.5762,0.104,0.1348,0.3799,0.113,0.1332,0.7724
935,958,2018-11-23 14:00:00,24,0.1107,0.1373,0.6268,0.104,0.1348,0.5051,0.1173,0.1398,0.7485
936,959,2018-11-23 15:00:00,24,0.1156,0.1408,0.6285,0.1108,0.1397,0.5084,0.1203,0.1418,0.7485
937,960,2018-11-23 16:00:00,24,0.1174,0.1473,0.5493,0.1205,0.1563,0.328,0.1143,0.1377,0.7706
938,961,2018-11-23 17:00:00,24,0.1185,0.1479,0.5513,0.1221,0.1571,0.3164,0.1148,0.1381,0.7863
939,962,2018-11-23 18:00:00,24,0.12,0.1485,0.5401,0.125,0.1583,0.2783,0.115,0.1381,0.8019
940,963,2018-11-23 19:00:00,24,0.1203,0.1481,0.5556,0.1207,0.1547,0.3105,0.1199,0.1411,0.8007
941,964,2018-11-23 20:00:00,24,0.1229,0.1525,0.5452,0.1214,0.1552,0.3265,0.1244,0.1499,0.7639
942,965,2018-11-23 21:00:00,24,0.1284,0.1585,0.5082,0.127,0.1615,0.2711,0.1298,0.1553,0.7452
943,966,2018-11-23 22:00:00,24,0.1274,0.1589,0.5084,0.1237,0.1607,0.2759,0.131,0.157,0.7408
944,967,2018-11-23 23:00:00,24,0.1274,0.1589,0.5066,0.1237,0.1607,0.2717,0.131,0.157,0.7414
945,968,2018-11-24 00:00:00,24,0.1288,0.1596,0.497,0.127,0.1626,0.2568,0.1306,0.1566,0.7372
946,969,2018-11-24 01:00:00,24,0.1303,0.1602,0.496,0.1272,0.1627,0.2684,0.1334,0.1578,0.7237
947,970,2018-11-24 02:00:00,24,0.1289,0.1598,0.5074,0.1249,0.1619,0.3027,0.1329,0.1576,0.7121
948,971,2018-11-24 03:00:00,24,0.1281,0.1596,0.5052,0.1259,0.1621,0.3144,0.1304,0.1571,0.6961
949,972,2018-11-24 04:00:00,24,0.1263,0.159,0.5156,0.1229,0.1613,0.338,0.1298,0.1566,0.6932
950,973,2018-11-24 05:00:00,24,0.1266,0.1597,0.5203,0.1213,0.1611,0.355,0.132,0.1583,0.6855
951,974,2018-11-24 06:00:00,24,0.127,0.16,0.5198,0.1199,0.1607,0.3662,0.1341,0.1593,0.6735
952,975,2018-11-24 07:00:00,24,0.1243,0.1581,0.5242,0.1173,0.1591,0.3689,0.1313,0.1572,0.6796
953,976,2018-11-24 08:00:00,24,0.1249,0.1614,0.451,0.1219,0.1697,0.2105,0.1278,0.1526,0.6914
954,977,2018-11-24 09:00:00,24,0.1207,0.1591,0.4507,0.1166,0.1673,0.2386,0.1247,0.1506,0.6627
955,978,2018-11-24 10:00:00,24,0.1223,0.1595,0.3944,0.113,0.1628,0.2263,0.1317,0.1561,0.5625
956,979,2018-11-24 11:00:00,24,0.1188,0.1545,0.338,0.1056,0.1528,0.3301,0.1321,0.1563,0.346
957,980,2018-11-24 12:00:00,24,0.1231,0.1578,0.092,0.1136,0.159,0.2925,0.1326,0.1566,-0.1086
958,981,2018-11-24 13:00:00,24,0.1185,0.1525,-0.001,0.1118,0.1574,0.2381,0.1253,0.1476,-0.2401
959,982,2018-11-24 14:00:00,24,0.1186,0.1509,0.0914,0.1181,0.1616,0.1563,0.119,0.1394,0.0266
960,983,2018-11-24 15:00:00,24,0.1152,0.1486,0.2441,0.1116,0.1574,0.2664,0.1188,0.1392,0.2219
961,984,2018-11-24 16:00:00,24,0.1106,0.1399,0.4749,0.0985,0.1386,0.5377,0.1228,0.1412,0.412
962,985,2018-11-24 17:00:00,24,0.1095,0.1394,0.587,0.0956,0.1372,0.5867,0.1233,0.1417,0.5873
963,986,2018-11-24 18:00:00,24,0.1144,0.1436,0.6818,0.0993,0.1409,0.6433,0.1295,0.1462,0.7202
964,987,2018-11-24 19:00:00,24,0.1167,0.1459,0.7611,0.1012,0.1423,0.7039,0.1323,0.1495,0.8183
965,988,2018-11-24 20:00:00,24,0.1224,0.1628,0.7823,0.1016,0.1426,0.7037,0.1433,0.1807,0.8609
966,989,2018-11-24 21:00:00,24,0.1257,0.176,0.8174,0.0937,0.1339,0.7403,0.1578,0.2098,0.8945
967,990,2018-11-24 22:00:00,24,0.1374,0.1992,0.8187,0.0988,0.1363,0.7216,0.1761,0.2465,0.9159
968,991,2018-11-24 23:00:00,24,0.1431,0.205,0.8272,0.0985,0.1362,0.7153,0.1876,0.2559,0.939
969,992,2018-11-25 00:00:00,24,0.1421,0.2049,0.8287,0.1004,0.1384,0.7044,0.1839,0.2547,0.9531
970,993,2018-11-25 01:00:00,24,0.1449,0.2065,0.8276,0.1037,0.1408,0.6942,0.1862,0.2558,0.961
971,994,2018-11-25 02:00:00,24,0.1468,0.2071,0.8296,0.1047,0.1411,0.693,0.1888,0.2567,0.9661
972,995,2018-11-25 03:00:00,24,0.1485,0.2074,0.83,0.1065,0.1418,0.6907,0.1905,0.2569,0.9694
973,996,2018-11-25 04:00:00,24,0.1487,0.2075,0.8305,0.1069,0.1418,0.6898,0.1906,0.2569,0.9712
974,997,2018-11-25 05:00:00,24,0.1483,0.207,0.8303,0.1077,0.1419,0.6884,0.189,0.2561,0.9723
975,998,2018-11-25 06:00:00,24,0.1497,0.2077,0.8294,0.1088,0.1422,0.6868,0.1907,0.2569,0.9719
976,999,2018-11-25 07:00:00,24,0.15,0.2079,0.8242,0.111,0.1438,0.6768,0.189,0.2565,0.9715
977,1000,2018-11-25 08:00:00,24,0.1395,0.1971,0.8638,0.0963,0.1138,0.7565,0.1827,0.2544,0.9711
978,1001,2018-11-25 09:00:00,24,0.142,0.1981,0.8382,0.0976,0.1141,0.7072,0.1864,0.2559,0.9692
979,1002,2018-11-25 10:00:00,24,0.1412,0.1984,0.7845,0.0936,0.1101,0.6036,0.1888,0.2581,0.9654
980,1003,2018-11-25 11:00:00,24,0.1409,0.1983,0.7489,0.0911,0.108,0.5368,0.1907,0.2589,0.961
981,1004,2018-11-25 12:00:00,24,0.1392,0.1968,0.8055,0.0876,0.1022,0.6558,0.1908,0.2589,0.9553
982,1005,2018-11-25 13:00:00,24,0.1521,0.2136,0.6527,0.1015,0.1354,0.362,0.2028,0.27,0.9434
983,1006,2018-11-25 14:00:00,24,0.1532,0.2144,0.6411,0.1026,0.137,0.3499,0.2039,0.2705,0.9323
984,1007,2018-11-25 15:00:00,24,0.155,0.215,0.6317,0.1055,0.1383,0.3472,0.2046,0.2708,0.9161
985,1008,2018-11-25 16:00:00,24,0.1544,0.2148,0.6356,0.1047,0.138,0.3795,0.204,0.2706,0.8917
986,1009,2018-11-25 17:00:00,24,0.1533,0.2143,0.6207,0.107,0.1391,0.3882,0.1995,0.2692,0.8532
987,1010,2018-11-25 18:00:00,24,0.1492,0.2124,0.5995,0.0995,0.1339,0.4124,0.1989,0.2689,0.7867
988,1011,2018-11-25 19:00:00,24,0.1478,0.2112,0.475,0.1009,0.1353,0.2721,0.1946,0.2663,0.6778
989,1012,2018-11-25 20:00:00,24,0.1388,0.1961,0.4773,0.0964,0.1331,0.2636,0.1812,0.2432,0.6909
990,1013,2018-11-25 21:00:00,24,0.1292,0.1787,0.5195,0.0971,0.1334,0.257,0.1613,0.2147,0.782
991,1014,2018-11-25 22:00:00,24,0.1179,0.1516,0.5574,0.0944,0.1316,0.24,0.1414,0.1693,0.8748
992,1015,2018-11-25 23:00:00,24,0.1191,0.1516,0.486,0.0972,0.1326,0.1009,0.141,0.1685,0.8712
993,1016,2018-11-26 00:00:00,24,0.1213,0.1554,0.474,0.0911,0.1277,0.1046,0.1516,0.1788,0.8435
994,1017,2018-11-26 01:00:00,24,0.118,0.1531,0.4796,0.0885,0.1254,0.133,0.1475,0.1764,0.8262
995,1018,2018-11-26 02:00:00,24,0.1159,0.1521,0.4504,0.0872,0.1251,0.1095,0.1446,0.175,0.7913
996,1019,2018-11-26 03:00:00,24,0.1179,0.1532,0.4065,0.0887,0.1263,0.0892,0.147,0.176,0.7239
997,1020,2018-11-26 04:00:00,24,0.1173,0.1528,0.3523,0.0888,0.1263,0.0585,0.1457,0.1754,0.6461
998,1021,2018-11-26 05:00:00,24,0.1236,0.159,0.2516,0.1,0.1396,-0.0598,0.1472,0.1763,0.5629
999,1022,2018-11-26 06:00:00,24,0.1204,0.1575,0.2484,0.098,0.139,-0.0159,0.1429,0.1741,0.5127
1000,1023,2018-11-26 07:00:00,24,0.1208,0.1577,0.2137,0.0979,0.139,-0.015,0.1437,0.1744,0.4424
1001,1024,2018-11-26 08:00:00,24,0.1338,0.1741,0.1958,0.1124,0.1638,0.0178,0.1551,0.1838,0.3739
1002,1025,2018-11-26 09:00:00,24,0.1347,0.1745,0.283,0.1137,0.1643,0.091,0.1556,0.1842,0.4751
1003,1026,2018-11-26 10:00:00,24,0.1312,0.1715,0.3308,0.1173,0.1666,0.0617,0.1452,0.1763,0.5999
1004,1027,2018-11-26 11:00:00,24,0.1368,0.1782,0.3386,0.129,0.1804,-0.0016,0.1447,0.176,0.6789
1005,1028,2018-11-26 12:00:00,24,0.1426,0.1906,0.1849,0.1442,0.2053,-0.3645,0.1411,0.1746,0.7343
1006,1029,2018-11-26 13:00:00,24,0.1303,0.1727,0.4666,0.1274,0.1837,0.1228,0.1333,0.1609,0.8103
1007,1030,2018-11-26 14:00:00,24,0.1321,0.1759,0.4497,0.1323,0.1907,0.065,0.1319,0.1598,0.8344
1008,1031,2018-11-26 15:00:00,24,0.1311,0.1761,0.5,0.1356,0.1931,0.1459,0.1265,0.1572,0.8541
1009,1032,2018-11-26 16:00:00,24,0.1304,0.1757,0.5418,0.1358,0.1931,0.221,0.125,0.1564,0.8625
1010,1033,2018-11-26 17:00:00,24,0.1291,0.1753,0.5775,0.1335,0.1924,0.2907,0.1246,0.1563,0.8643
1011,1034,2018-11-26 18:00:00,24,0.135,0.1827,0.6243,0.1494,0.2079,0.3788,0.1206,0.1533,0.8698
1012,1035,2018-11-26 19:00:00,24,0.1327,0.1814,0.6677,0.1474,0.2067,0.4634,0.1179,0.152,0.872
1013,1036,2018-11-26 20:00:00,24,0.135,0.1816,0.6699,0.155,0.2104,0.4568,0.115,0.1471,0.883
1014,1037,2018-11-26 21:00:00,24,0.1334,0.1811,0.674,0.1547,0.2103,0.4625,0.1121,0.1461,0.8855
1015,1038,2018-11-26 22:00:00,24,0.1348,0.1821,0.6797,0.1616,0.215,0.4669,0.108,0.1418,0.8926
1016,1039,2018-11-26 23:00:00,24,0.1322,0.1781,0.701,0.1622,0.2152,0.4954,0.1023,0.1307,0.9065
1017,1040,2018-11-27 00:00:00,24,0.1281,0.1734,0.7184,0.1649,0.216,0.5173,0.0913,0.116,0.9194
1018,1041,2018-11-27 01:00:00,24,0.1262,0.1729,0.7235,0.1623,0.2155,0.5349,0.0902,0.1156,0.9122
1019,1042,2018-11-27 02:00:00,24,0.1259,0.1729,0.7267,0.1632,0.2156,0.5481,0.0887,0.1152,0.9054
1020,1043,2018-11-27 03:00:00,24,0.1244,0.1723,0.7258,0.1594,0.2144,0.5559,0.0894,0.1159,0.8957
1021,1044,2018-11-27 04:00:00,24,0.1234,0.172,0.7224,0.1594,0.2144,0.5595,0.0873,0.115,0.8853
1022,1045,2018-11-27 05:00:00,24,0.1171,0.1662,0.7149,0.1511,0.2068,0.5592,0.083,0.1118,0.8707
1023,1046,2018-11-27 06:00:00,24,0.1248,0.1719,0.6694,0.1615,0.2135,0.4959,0.088,0.1161,0.8429
1024,1047,2018-11-27 07:00:00,24,0.127,0.1734,0.6419,0.1631,0.2145,0.4513,0.091,0.1187,0.8325
1025,1048,2018-11-27 08:00:00,24,0.1214,0.1671,0.619,0.162,0.2123,0.3549,0.0808,0.1038,0.8831
1026,1049,2018-11-27 09:00:00,24,0.1205,0.1664,0.5643,0.1637,0.2131,0.2325,0.0774,0.0998,0.896
1027,1050,2018-11-27 10:00:00,24,0.126,0.1754,0.5881,0.1746,0.2271,0.2779,0.0773,0.0998,0.8984
1028,1051,2018-11-27 11:00:00,24,0.1265,0.1747,0.5295,0.1721,0.2235,0.1674,0.0809,0.1053,0.8916
1029,1052,2018-11-27 12:00:00,24,0.1272,0.1708,0.6327,0.1678,0.2148,0.3747,0.0866,0.1103,0.8907
1030,1053,2018-11-27 13:00:00,24,0.126,0.1695,0.6646,0.1682,0.2149,0.4263,0.0838,0.106,0.903
1031,1054,2018-11-27 14:00:00,24,0.1202,0.163,0.6953,0.1592,0.2056,0.4867,0.0812,0.1042,0.9038
1032,1055,2018-11-27 15:00:00,24,0.119,0.1615,0.6985,0.1544,0.2028,0.5021,0.0836,0.1051,0.8949
1033,1056,2018-11-27 16:00:00,24,0.126,0.1673,0.6892,0.1617,0.2072,0.4956,0.0903,0.1142,0.8828
1034,1057,2018-11-27 17:00:00,24,0.1294,0.169,0.7034,0.1669,0.2097,0.5206,0.0918,0.1147,0.8862
1035,1058,2018-11-27 18:00:00,24,0.1295,0.1694,0.6685,0.1673,0.2103,0.4472,0.0917,0.1146,0.8899
1036,1059,2018-11-27 19:00:00,24,0.1294,0.1692,0.6493,0.1654,0.2095,0.4085,0.0934,0.1155,0.8901
1037,1060,2018-11-27 20:00:00,24,0.1281,0.1705,0.635,0.1582,0.2058,0.4238,0.098,0.1256,0.8462
1038,1061,2018-11-27 21:00:00,24,0.1329,0.175,0.6067,0.1568,0.2055,0.4172,0.1089,0.1381,0.7961
1039,1062,2018-11-27 22:00:00,24,0.1328,0.1768,0.5933,0.1484,0.2003,0.4095,0.1172,0.1496,0.777
1040,1063,2018-11-27 23:00:00,24,0.13,0.175,0.586,0.1499,0.2011,0.3543,0.1101,0.1443,0.8176
1041,1064,2018-11-28 00:00:00,24,0.1315,0.1766,0.5543,0.1462,0.2001,0.2757,0.1168,0.1494,0.8329
1042,1065,2018-11-28 01:00:00,24,0.1337,0.1772,0.512,0.1485,0.2006,0.1796,0.1188,0.1502,0.8443
1043,1066,2018-11-28 02:00:00,24,0.1371,0.1788,0.4315,0.1492,0.2008,0.0294,0.125,0.1536,0.8336
1044,1067,2018-11-28 03:00:00,24,0.135,0.178,0.3267,0.1494,0.2008,-0.1813,0.1205,0.1518,0.8346
1045,1068,2018-11-28 04:00:00,24,0.1374,0.179,0.1187,0.1497,0.2008,-0.5807,0.1251,0.1541,0.818
1046,1069,2018-11-28 05:00:00,24,0.1376,0.1791,-0.209,0.1476,0.2001,-1.2095,0.1277,0.1552,0.7915
1047,1070,2018-11-28 06:00:00,24,0.1293,0.1736,-0.2572,0.1375,0.193,-1.2958,0.1211,0.1517,0.7815
1048,1071,2018-11-28 07:00:00,24,0.1262,0.1716,-0.2907,0.1334,0.1906,-1.3539,0.119,0.1502,0.7724
1049,1072,2018-11-28 08:00:00,24,0.1282,0.1731,-0.122,0.134,0.1919,-1.0098,0.1223,0.1519,0.7657
1050,1073,2018-11-28 09:00:00,24,0.1294,0.1739,-0.1138,0.1337,0.1917,-0.99,0.125,0.1539,0.7623
1051,1074,2018-11-28 10:00:00,24,0.1251,0.1653,-0.111,0.1185,0.1725,-0.9995,0.1316,0.1577,0.7775
1052,1075,2018-11-28 11:00:00,24,0.1217,0.1611,-0.0012,0.1117,0.1643,-0.8333,0.1317,0.1578,0.8309
1053,1076,2018-11-28 12:00:00,24,0.1188,0.1566,0.2931,0.1087,0.1577,-0.2892,0.1288,0.1555,0.8754
1054,1077,2018-11-28 13:00:00,24,0.1182,0.1561,0.5542,0.1091,0.1579,0.2044,0.1273,0.1543,0.904
1055,1078,2018-11-28 14:00:00,24,0.1222,0.1592,0.619,0.1131,0.1618,0.3237,0.1312,0.1565,0.9143
1056,1079,2018-11-28 15:00:00,24,0.1315,0.1752,0.4824,0.1319,0.1921,0.0429,0.131,0.1565,0.922
1057,1080,2018-11-28 16:00:00,24,0.132,0.1778,0.5063,0.1379,0.201,0.0801,0.1261,0.151,0.9325
1058,1081,2018-11-28 17:00:00,24,0.1373,0.1825,0.4661,0.1418,0.205,-0.0014,0.1328,0.1569,0.9337
1059,1082,2018-11-28 18:00:00,24,0.1324,0.1747,0.5376,0.1289,0.1892,0.1375,0.1359,0.1589,0.9378
1060,1083,2018-11-28 19:00:00,24,0.1308,0.1743,0.5515,0.1289,0.1892,0.1608,0.1327,0.1581,0.9421
1061,1084,2018-11-28 20:00:00,24,0.1254,0.1684,0.5802,0.1288,0.1892,0.2066,0.122,0.1446,0.9539
1062,1085,2018-11-28 21:00:00,24,0.1326,0.181,0.5722,0.1332,0.1912,0.2102,0.1321,0.1703,0.9341
1063,1086,2018-11-28 22:00:00,24,0.1392,0.1973,0.5768,0.133,0.1911,0.2526,0.1454,0.2032,0.901
1064,1087,2018-11-28 23:00:00,24,0.1475,0.2112,0.604,0.1281,0.1892,0.3317,0.1668,0.231,0.8762
1065,1088,2018-11-29 00:00:00,24,0.1518,0.2158,0.6359,0.1299,0.1895,0.3939,0.1737,0.2392,0.878
1066,1089,2018-11-29 01:00:00,24,0.1563,0.2191,0.6608,0.1311,0.19,0.4307,0.1814,0.2447,0.8908
1067,1090,2018-11-29 02:00:00,24,0.1554,0.2185,0.6992,0.1312,0.1901,0.4895,0.1796,0.2437,0.9089
1068,1091,2018-11-29 03:00:00,24,0.1595,0.22,0.7198,0.1331,0.1906,0.5182,0.1859,0.2458,0.9215
1069,1092,2018-11-29 04:00:00,24,0.1613,0.2217,0.7386,0.1324,0.1906,0.5448,0.1902,0.2491,0.9325
1070,1093,2018-11-29 05:00:00,24,0.1588,0.2212,0.7539,0.1308,0.1904,0.5661,0.1868,0.2483,0.9417
1071,1094,2018-11-29 06:00:00,24,0.1632,0.2225,0.766,0.135,0.1919,0.5854,0.1914,0.2493,0.9466
1072,1095,2018-11-29 07:00:00,24,0.1671,0.2258,0.7778,0.1348,0.1919,0.606,0.1994,0.2552,0.9496
1073,1096,2018-11-29 08:00:00,24,0.1644,0.2223,0.8206,0.1311,0.1844,0.6873,0.1977,0.2546,0.9539
1074,1097,2018-11-29 09:00:00,24,0.1611,0.2211,0.8331,0.1304,0.1841,0.7091,0.1917,0.2528,0.9572
1075,1098,2018-11-29 10:00:00,24,0.1688,0.2299,0.8262,0.1343,0.186,0.6998,0.2034,0.2666,0.9526
1076,1099,2018-11-29 11:00:00,24,0.1679,0.2294,0.8218,0.1375,0.1887,0.6912,0.1983,0.2639,0.9525
1077,1100,2018-11-29 12:00:00,24,0.1647,0.2267,0.8021,0.1336,0.1829,0.6535,0.1959,0.2633,0.9507
1078,1101,2018-11-29 13:00:00,24,0.1677,0.2282,0.7365,0.1379,0.1857,0.5263,0.1974,0.264,0.9468
1079,1102,2018-11-29 14:00:00,24,0.1705,0.2311,0.6081,0.1422,0.1916,0.2739,0.1988,0.2647,0.9423
1080,1103,2018-11-29 15:00:00,24,0.172,0.2289,0.6534,0.132,0.1696,0.3748,0.2119,0.2757,0.9321
1081,1104,2018-11-29 16:00:00,24,0.174,0.2301,0.703,0.1314,0.1684,0.4825,0.2166,0.2785,0.9235
1082,1105,2018-11-29 17:00:00,24,0.1752,0.2319,0.7118,0.1287,0.1648,0.5137,0.2218,0.2836,0.9099
1083,1106,2018-11-29 18:00:00,24,0.1807,0.2363,0.7165,0.1332,0.1685,0.541,0.2283,0.2886,0.8921
1084,1107,2018-11-29 19:00:00,24,0.1857,0.2384,0.7043,0.1385,0.1726,0.5346,0.2328,0.2895,0.874
1085,1108,2018-11-29 20:00:00,24,0.1912,0.2412,0.6949,0.1419,0.1738,0.5333,0.2404,0.2935,0.8565
1086,1109,2018-11-29 21:00:00,24,0.1858,0.2326,0.7077,0.141,0.1732,0.5503,0.2306,0.2796,0.865
1087,1110,2018-11-29 22:00:00,24,0.182,0.2197,0.7025,0.1505,0.1803,0.5122,0.2136,0.253,0.8929
1088,1111,2018-11-29 23:00:00,24,0.174,0.2062,0.7127,0.1526,0.1808,0.5089,0.1954,0.2288,0.9165
1089,1112,2018-11-30 00:00:00,24,0.1699,0.2011,0.7165,0.1576,0.1839,0.5047,0.1822,0.2169,0.9283
1090,1113,2018-11-30 01:00:00,24,0.1648,0.1972,0.7249,0.1566,0.1834,0.5157,0.173,0.2102,0.934
1091,1114,2018-11-30 02:00:00,24,0.1639,0.1968,0.722,0.1567,0.1834,0.5086,0.171,0.2093,0.9354
1092,1115,2018-11-30 03:00:00,24,0.1646,0.1971,0.7147,0.1593,0.185,0.493,0.1698,0.2085,0.9364
1093,1116,2018-11-30 04:00:00,24,0.1621,0.1945,0.7106,0.162,0.1855,0.4839,0.1621,0.2031,0.9372
1094,1117,2018-11-30 05:00:00,24,0.1648,0.1951,0.7078,0.1649,0.1861,0.4813,0.1647,0.2037,0.9343
1095,1118,2018-11-30 06:00:00,24,0.1641,0.195,0.6919,0.1662,0.187,0.4512,0.1619,0.2026,0.9326
1096,1119,2018-11-30 07:00:00,24,0.158,0.1906,0.6763,0.1639,0.1867,0.422,0.1521,0.1945,0.9305
1097,1120,2018-11-30 08:00:00,24,0.1539,0.1856,0.6256,0.1533,0.1747,0.3353,0.1545,0.1958,0.9159
1098,1121,2018-11-30 09:00:00,24,0.1643,0.1977,0.4773,0.1686,0.1976,0.0619,0.1601,0.1977,0.8927
1099,1122,2018-11-30 10:00:00,24,0.153,0.1858,0.492,0.1628,0.1956,0.0815,0.1431,0.1756,0.9025
1100,1123,2018-11-30 11:00:00,24,0.155,0.1912,0.496,0.1704,0.2064,0.1056,0.1397,0.1748,0.8864
1101,1124,2018-11-30 12:00:00,24,0.1557,0.1908,0.4981,0.1683,0.2043,0.14,0.1431,0.1762,0.8561
1102,1125,2018-11-30 13:00:00,24,0.1541,0.1898,0.4368,0.1677,0.2038,0.055,0.1406,0.1747,0.8187
1103,1126,2018-11-30 14:00:00,24,0.1465,0.1834,0.4381,0.1584,0.1947,0.1075,0.1346,0.1714,0.7688
1104,1127,2018-11-30 15:00:00,24,0.1373,0.1719,0.4945,0.1525,0.1886,0.2136,0.1222,0.1535,0.7754
1105,1128,2018-11-30 16:00:00,24,0.1318,0.167,0.4469,0.1505,0.1851,0.1307,0.113,0.1467,0.763
1106,1129,2018-11-30 17:00:00,24,0.1274,0.1615,0.5044,0.1526,0.1876,0.2081,0.1023,0.1304,0.8007
1107,1130,2018-11-30 18:00:00,24,0.1216,0.1547,0.5191,0.1496,0.1851,0.1919,0.0936,0.1168,0.8462
1108,1131,2018-11-30 19:00:00,24,0.1239,0.1589,0.473,0.1549,0.1923,0.0893,0.0929,0.1162,0.8568
1109,1132,2018-11-30 20:00:00,24,0.1179,0.1544,0.4897,0.1526,0.1914,0.0884,0.0833,0.1051,0.8909
1110,1133,2018-11-30 21:00:00,24,0.1127,0.1492,0.4885,0.1482,0.19,0.0616,0.0773,0.0919,0.9154
1111,1134,2018-11-30 22:00:00,24,0.106,0.1428,0.522,0.1383,0.1832,0.1244,0.0737,0.085,0.9195
1112,1135,2018-11-30 23:00:00,24,0.1058,0.1428,0.513,0.1375,0.183,0.1264,0.0741,0.0856,0.8996
1113,1136,2018-12-01 00:00:00,24,0.1044,0.1414,0.4813,0.1341,0.1805,0.0879,0.0748,0.086,0.8746
1114,1137,2018-12-01 01:00:00,24,0.1031,0.1409,0.4359,0.1323,0.18,0.0403,0.0739,0.0857,0.8315
1115,1138,2018-12-01 02:00:00,24,0.1016,0.1405,0.3962,0.1317,0.1798,0.0217,0.0715,0.0845,0.7706
1116,1139,2018-12-01 03:00:00,24,0.0978,0.1381,0.4107,0.1267,0.1775,0.0659,0.069,0.0815,0.7555
1117,1140,2018-12-01 04:00:00,24,0.0993,0.1399,0.4178,0.1245,0.177,0.1164,0.0742,0.0884,0.7193
1118,1141,2018-12-01 05:00:00,24,0.0993,0.1406,0.4347,0.1275,0.1788,0.0981,0.0712,0.087,0.7713
1119,1142,2018-12-01 06:00:00,24,0.0979,0.1395,0.4726,0.1229,0.1763,0.1309,0.073,0.0884,0.8143
1120,1143,2018-12-01 07:00:00,24,0.0982,0.1395,0.4914,0.1251,0.1767,0.131,0.0714,0.0879,0.8518
1121,1144,2018-12-01 08:00:00,24,0.1033,0.1496,0.4554,0.1386,0.1941,0.024,0.0681,0.0842,0.8868
1122,1145,2018-12-01 09:00:00,24,0.0987,0.1382,0.5684,0.1251,0.1719,0.2313,0.0722,0.0928,0.9055
1123,1146,2018-12-01 10:00:00,24,0.1008,0.1396,0.5823,0.1251,0.1719,0.2379,0.0766,0.097,0.9267
1124,1147,2018-12-01 11:00:00,24,0.0974,0.1306,0.5886,0.1156,0.1566,0.2339,0.0792,0.098,0.9433
1125,1148,2018-12-01 12:00:00,24,0.0932,0.1272,0.6044,0.11,0.1525,0.2514,0.0763,0.0955,0.9574
1126,1149,2018-12-01 13:00:00,24,0.0939,0.1285,0.5741,0.112,0.1548,0.1846,0.0759,0.0952,0.9635
1127,1150,2018-12-01 14:00:00,24,0.0968,0.1304,0.6318,0.1132,0.1556,0.2997,0.0805,0.099,0.9639
1128,1151,2018-12-01 15:00:00,24,0.108,0.1559,0.4245,0.1327,0.1954,-0.1136,0.0832,0.1021,0.9626
1129,1152,2018-12-01 16:00:00,24,0.1111,0.1579,0.453,0.1335,0.1966,-0.0539,0.0888,0.1058,0.9598
1130,1153,2018-12-01 17:00:00,24,0.1134,0.1599,0.3904,0.1339,0.1972,-0.1753,0.0928,0.1106,0.9561
1131,1154,2018-12-01 18:00:00,24,0.1199,0.1679,0.3199,0.1368,0.1994,-0.3037,0.1031,0.1289,0.9435
1132,1155,2018-12-01 19:00:00,24,0.1123,0.1608,0.4065,0.1248,0.1884,-0.1337,0.0997,0.1274,0.9467
1133,1156,2018-12-01 20:00:00,24,0.114,0.1614,0.4059,0.127,0.1892,-0.1357,0.101,0.1276,0.9476
1134,1157,2018-12-01 21:00:00,24,0.1213,0.1697,0.4208,0.1322,0.1912,-0.0861,0.1103,0.1451,0.9278
1135,1158,2018-12-01 22:00:00,24,0.1291,0.1791,0.4817,0.1364,0.1925,0.0662,0.1218,0.1646,0.8972
1136,1159,2018-12-01 23:00:00,24,0.137,0.1935,0.5314,0.1351,0.1923,0.2165,0.1388,0.1947,0.8464
1137,1160,2018-12-02 00:00:00,24,0.1397,0.1951,0.5542,0.1358,0.1926,0.2676,0.1436,0.1974,0.8408
1138,1161,2018-12-02 01:00:00,24,0.1417,0.1956,0.559,0.1377,0.1931,0.2812,0.1458,0.198,0.8368
1139,1162,2018-12-02 02:00:00,24,0.142,0.1956,0.5596,0.1372,0.193,0.2848,0.1468,0.1982,0.8344
1140,1163,2018-12-02 03:00:00,24,0.1404,0.1953,0.554,0.1369,0.193,0.2711,0.144,0.1976,0.837
1141,1164,2018-12-02 04:00:00,24,0.1379,0.1938,0.5339,0.1372,0.193,0.2223,0.1386,0.1946,0.8455
1142,1165,2018-12-02 05:00:00,24,0.1385,0.1936,0.534,0.1341,0.1913,0.2234,0.1429,0.1958,0.8446
1143,1166,2018-12-02 06:00:00,24,0.1381,0.1935,0.5177,0.1335,0.1912,0.1905,0.1428,0.1957,0.845
1144,1167,2018-12-02 07:00:00,24,0.1394,0.1939,0.4944,0.1355,0.192,0.1433,0.1434,0.1958,0.8455
1145,1168,2018-12-02 08:00:00,24,0.135,0.1878,0.5668,0.1195,0.1737,0.2961,0.1505,0.2008,0.8375
1146,1169,2018-12-02 09:00:00,24,0.1291,0.1839,0.5707,0.1144,0.1714,0.2977,0.1438,0.1957,0.8438
1147,1170,2018-12-02 10:00:00,24,0.1282,0.1834,0.5684,0.1144,0.1714,0.2962,0.1421,0.1946,0.8405
1148,1171,2018-12-02 11:00:00,24,0.1264,0.1826,0.5745,0.1086,0.1687,0.3202,0.1442,0.1956,0.8288
1149,1172,2018-12-02 12:00:00,24,0.1349,0.1905,0.5465,0.1129,0.1712,0.2993,0.1569,0.208,0.7936
1150,1173,2018-12-02 13:00:00,24,0.1321,0.1888,0.5297,0.1048,0.1661,0.279,0.1593,0.2091,0.7804
1151,1174,2018-12-02 14:00:00,24,0.1292,0.1877,0.3943,0.1004,0.1644,0.0094,0.1579,0.2083,0.7792
1152,1175,2018-12-02 15:00:00,24,0.1189,0.1678,0.6668,0.0793,0.1128,0.5611,0.1585,0.2087,0.7725
1153,1176,2018-12-02 16:00:00,24,0.117,0.1664,0.5844,0.0789,0.1116,0.3962,0.1552,0.2072,0.7727
1154,1177,2018-12-02 17:00:00,24,0.1167,0.1659,0.5785,0.0768,0.1073,0.4024,0.1567,0.2086,0.7547
1155,1178,2018-12-02 18:00:00,24,0.1127,0.1622,0.5994,0.0703,0.1005,0.4825,0.1551,0.2062,0.7163
1156,1179,2018-12-02 19:00:00,24,0.1183,0.1667,0.5653,0.071,0.1008,0.4807,0.1655,0.2132,0.6499
1157,1180,2018-12-02 20:00:00,24,0.1241,0.1738,0.5512,0.0701,0.1,0.4991,0.1782,0.2246,0.6033
1158,1181,2018-12-02 21:00:00,24,0.1281,0.1853,0.6121,0.0691,0.0987,0.5245,0.1871,0.2427,0.6996
1159,1182,2018-12-02 22:00:00,24,0.1221,0.1779,0.6873,0.0652,0.0962,0.5591,0.1791,0.2325,0.8155
1160,1183,2018-12-02 23:00:00,24,0.1207,0.1688,0.6792,0.071,0.1014,0.4735,0.1703,0.2162,0.8849
1161,1184,2018-12-03 00:00:00,24,0.122,0.1731,0.7043,0.067,0.0991,0.5006,0.177,0.2238,0.908
1162,1185,2018-12-03 01:00:00,24,0.124,0.1744,0.7139,0.0672,0.0992,0.5008,0.1807,0.2259,0.927
1163,1186,2018-12-03 02:00:00,24,0.1275,0.1764,0.7163,0.0684,0.0998,0.4976,0.1866,0.2286,0.9351
1164,1187,2018-12-03 03:00:00,24,0.1313,0.1779,0.7144,0.0696,0.1001,0.4894,0.1929,0.2307,0.9394
1165,1188,2018-12-03 04:00:00,24,0.1323,0.1783,0.7083,0.0728,0.1021,0.4731,0.1917,0.2306,0.9436
1166,1189,2018-12-03 05:00:00,24,0.131,0.1782,0.7139,0.07,0.1011,0.4814,0.1921,0.2308,0.9463
1167,1190,2018-12-03 06:00:00,24,0.1331,0.179,0.7037,0.0734,0.1034,0.4592,0.1929,0.2311,0.9483
1168,1191,2018-12-03 07:00:00,24,0.1332,0.179,0.7086,0.0731,0.1031,0.4675,0.1932,0.2311,0.9496
1169,1192,2018-12-03 08:00:00,24,0.1352,0.1814,0.6635,0.0851,0.1203,0.374,0.1853,0.2266,0.9531
1170,1193,2018-12-03 09:00:00,24,0.1369,0.1819,0.6657,0.0873,0.1211,0.3773,0.1864,0.227,0.9542
1171,1194,2018-12-03 10:00:00,24,0.1451,0.1889,0.6277,0.1006,0.1377,0.3008,0.1896,0.229,0.9546
1172,1195,2018-12-03 11:00:00,24,0.1499,0.1933,0.5065,0.1128,0.1509,0.0582,0.187,0.228,0.9549
1173,1196,2018-12-03 12:00:00,24,0.1473,0.1915,0.4181,0.1203,0.1624,-0.121,0.1742,0.2167,0.9571
1174,1197,2018-12-03 13:00:00,24,0.1505,0.1929,0.3009,0.1249,0.1642,-0.35,0.176,0.2179,0.9518
1175,1198,2018-12-03 14:00:00,24,0.1526,0.1939,-0.0135,0.1313,0.1675,-0.9704,0.1739,0.2171,0.9434
1176,1199,2018-12-03 15:00:00,24,0.151,0.193,-0.5484,0.1327,0.1684,-2.029,0.1693,0.2148,0.9322
1177,1200,2018-12-03 16:00:00,24,0.145,0.1879,-0.3722,0.1211,0.1565,-1.6545,0.169,0.2147,0.9101
1178,1201,2018-12-03 17:00:00,24,0.1446,0.189,-0.3055,0.1161,0.152,-1.4777,0.1732,0.2198,0.8666
1179,1202,2018-12-03 18:00:00,24,0.1514,0.1959,-0.3286,0.1292,0.1675,-1.4575,0.1737,0.2206,0.8004
1180,1203,2018-12-03 19:00:00,24,0.1561,0.2048,-0.2508,0.1291,0.1675,-1.1516,0.1832,0.2364,0.6499
1181,1204,2018-12-03 20:00:00,24,0.1616,0.2218,-0.2607,0.1259,0.1668,-1.0332,0.1974,0.2657,0.5117
1182,1205,2018-12-03 21:00:00,24,0.1514,0.2059,-0.2,0.1238,0.1657,-1.0122,0.179,0.2394,0.6122
1183,1206,2018-12-03 22:00:00,24,0.1517,0.2056,-0.1791,0.1311,0.1701,-0.9966,0.1723,0.2358,0.6384
1184,1207,2018-12-03 23:00:00,24,0.1427,0.1994,-0.076,0.1252,0.1671,-0.8433,0.1602,0.2271,0.6913
1185,1208,2018-12-04 00:00:00,24,0.1394,0.1945,0.0249,0.1292,0.1685,-0.6908,0.1496,0.2174,0.7406
1186,1209,2018-12-04 01:00:00,24,0.1405,0.1957,0.0569,0.1287,0.1683,-0.6278,0.1522,0.2198,0.7416
1187,1210,2018-12-04 02:00:00,24,0.1369,0.194,0.062,0.128,0.168,-0.6305,0.1457,0.2169,0.7545
1188,1211,2018-12-04 03:00:00,24,0.1365,0.194,0.0633,0.1272,0.1679,-0.6222,0.1459,0.217,0.7489
1189,1212,2018-12-04 04:00:00,24,0.1365,0.1939,0.0768,0.1241,0.1667,-0.5896,0.1489,0.2177,0.7431
1190,1213,2018-12-04 05:00:00,24,0.1373,0.1938,0.0587,0.1269,0.1673,-0.6195,0.1477,0.2171,0.737
1191,1214,2018-12-04 06:00:00,24,0.1371,0.1941,0.0609,0.1242,0.1661,-0.5995,0.15,0.2185,0.7213
1192,1215,2018-12-04 07:00:00,24,0.1351,0.1936,0.0693,0.1208,0.1649,-0.5667,0.1494,0.2185,0.7052
1193,1216,2018-12-04 08:00:00,24,0.1389,0.1962,0.0414,0.1211,0.1655,-0.5944,0.1567,0.2227,0.6772
1194,1217,2018-12-04 09:00:00,24,0.1409,0.1974,0.0263,0.122,0.1659,-0.6148,0.1599,0.2245,0.6674
1195,1218,2018-12-04 10:00:00,24,0.1396,0.1953,-0.0116,0.1174,0.1584,-0.7047,0.1618,0.2263,0.6814
1196,1219,2018-12-04 11:00:00,24,0.1409,0.1977,0.0767,0.1202,0.1643,-0.5339,0.1617,0.2263,0.6874
1197,1220,2018-12-04 12:00:00,24,0.1395,0.1943,0.3833,0.1122,0.1524,0.0916,0.1669,0.2287,0.675
1198,1221,2018-12-04 13:00:00,24,0.1383,0.1947,0.5109,0.1073,0.1505,0.3823,0.1692,0.2306,0.6395
1199,1222,2018-12-04 14:00:00,24,0.1402,0.1957,0.5306,0.1077,0.1508,0.4554,0.1727,0.232,0.6059
1200,1223,2018-12-04 15:00:00,24,0.146,0.201,0.5017,0.1082,0.1513,0.4408,0.1837,0.2407,0.5627
1201,1224,2018-12-04 16:00:00,24,0.1528,0.2052,0.51,0.1172,0.159,0.4627,0.1885,0.2427,0.5574
1202,1225,2018-12-04 17:00:00,24,0.1529,0.2042,0.519,0.1246,0.1667,0.3801,0.1812,0.2358,0.6579
1203,1226,2018-12-04 18:00:00,24,0.1432,0.1945,0.6315,0.1108,0.1509,0.4997,0.1756,0.23,0.7634
1204,1227,2018-12-04 19:00:00,24,0.1373,0.1832,0.6685,0.1117,0.1513,0.4982,0.1628,0.2102,0.8387
1205,1228,2018-12-04 20:00:00,24,0.1278,0.1563,0.7024,0.1136,0.1516,0.4963,0.142,0.161,0.9085
1206,1229,2018-12-04 21:00:00,24,0.1267,0.1562,0.7057,0.1111,0.151,0.4945,0.1422,0.1611,0.9169
1207,1230,2018-12-04 22:00:00,24,0.1267,0.1571,0.7017,0.1127,0.1532,0.4804,0.1406,0.1608,0.9231
1208,1231,2018-12-04 23:00:00,24,0.133,0.164,0.6994,0.1127,0.1532,0.4775,0.1533,0.174,0.9214
1209,1232,2018-12-05 00:00:00,24,0.1362,0.1666,0.7011,0.1139,0.1541,0.4722,0.1585,0.1781,0.9299
1210,1233,2018-12-05 01:00:00,24,0.1357,0.1656,0.707,0.1148,0.1546,0.4711,0.1566,0.1759,0.9428
1211,1234,2018-12-05 02:00:00,24,0.1386,0.1677,0.7086,0.1136,0.1543,0.4683,0.1636,0.18,0.9488
1212,1235,2018-12-05 03:00:00,24,0.137,0.1665,0.7137,0.1157,0.155,0.4717,0.1582,0.1772,0.9558
1213,1236,2018-12-05 04:00:00,24,0.138,0.1668,0.7079,0.119,0.1563,0.4558,0.1571,0.1767,0.9599
1214,1237,2018-12-05 05:00:00,24,0.1355,0.1661,0.7009,0.117,0.1557,0.4393,0.1539,0.1758,0.9624
1215,1238,2018-12-05 06:00:00,24,0.1347,0.1653,0.682,0.1195,0.1569,0.3987,0.1499,0.1733,0.9652
1216,1239,2018-12-05 07:00:00,24,0.1391,0.1676,0.6703,0.1214,0.1573,0.3766,0.1568,0.1772,0.9639
1217,1240,2018-12-05 08:00:00,24,0.1407,0.1714,0.5952,0.1254,0.1663,0.2278,0.1561,0.1764,0.9626
1218,1241,2018-12-05 09:00:00,24,0.1386,0.1699,0.572,0.125,0.1661,0.1839,0.1522,0.1736,0.9601
1219,1242,2018-12-05 10:00:00,24,0.1352,0.1663,0.5162,0.1223,0.1632,0.0772,0.148,0.1693,0.9552
1220,1243,2018-12-05 11:00:00,24,0.1352,0.1632,0.5838,0.1146,0.1494,0.2265,0.1558,0.1759,0.9411
1221,1244,2018-12-05 12:00:00,24,0.1367,0.165,0.5241,0.1185,0.1541,0.1202,0.155,0.1752,0.9281
1222,1245,2018-12-05 13:00:00,24,0.1385,0.1658,0.4097,0.128,0.1613,-0.0974,0.1491,0.1701,0.9169
1223,1246,2018-12-05 14:00:00,24,0.1382,0.1663,0.4101,0.1234,0.158,-0.0748,0.1529,0.1741,0.895
1224,1247,2018-12-05 15:00:00,24,0.1312,0.1594,0.4202,0.1222,0.1571,-0.0575,0.1402,0.1616,0.8978
1225,1248,2018-12-05 16:00:00,24,0.1257,0.1546,0.2918,0.1163,0.1506,-0.3083,0.1352,0.1584,0.8919
1226,1249,2018-12-05 17:00:00,24,0.1252,0.1555,0.3617,0.1081,0.1416,-0.1378,0.1423,0.1683,0.8612
1227,1250,2018-12-05 18:00:00,24,0.1361,0.1745,0.292,0.1142,0.1453,-0.2009,0.158,0.1995,0.7849
1228,1251,2018-12-05 19:00:00,24,0.1411,0.1832,0.2525,0.1141,0.1453,-0.2232,0.1681,0.2146,0.7282
1229,1252,2018-12-05 20:00:00,24,0.1456,0.1884,0.23,0.1166,0.1466,-0.236,0.1746,0.2225,0.6961
1230,1253,2018-12-05 21:00:00,24,0.149,0.1899,0.1385,0.1234,0.1505,-0.4479,0.1746,0.2225,0.7248
1231,1254,2018-12-05 22:00:00,24,0.1486,0.189,0.2016,0.1153,0.1434,-0.3217,0.1818,0.2256,0.7248
1232,1255,2018-12-05 23:00:00,24,0.1456,0.1848,0.1881,0.1157,0.1434,-0.3791,0.1756,0.2185,0.7553
1233,1256,2018-12-06 00:00:00,24,0.1413,0.1822,0.2199,0.1106,0.1408,-0.3307,0.1719,0.2158,0.7704
1234,1257,2018-12-06 01:00:00,24,0.1399,0.1815,0.2339,0.1086,0.1398,-0.3064,0.1712,0.2153,0.7742
1235,1258,2018-12-06 02:00:00,24,0.1394,0.1808,0.231,0.1092,0.14,-0.3101,0.1696,0.214,0.772
1236,1259,2018-12-06 03:00:00,24,0.1404,0.1813,0.218,0.1111,0.1413,-0.3322,0.1697,0.214,0.7682
1237,1260,2018-12-06 04:00:00,24,0.1405,0.1815,0.2093,0.1087,0.14,-0.3405,0.1724,0.2152,0.759
1238,1261,2018-12-06 05:00:00,24,0.144,0.1826,0.1861,0.1118,0.1413,-0.3773,0.1762,0.2162,0.7496
1239,1262,2018-12-06 06:00:00,24,0.1424,0.1821,0.1931,0.1103,0.1404,-0.355,0.1744,0.2159,0.7411
1240,1263,2018-12-06 07:00:00,24,0.1378,0.18,0.196,0.1086,0.1399,-0.356,0.1669,0.2127,0.748
1241,1264,2018-12-06 08:00:00,24,0.1396,0.1824,0.274,0.1082,0.1387,-0.1968,0.1711,0.2174,0.7448
1242,1265,2018-12-06 09:00:00,24,0.1377,0.1818,0.3875,0.1068,0.1381,0.0194,0.1686,0.2169,0.7556
1243,1266,2018-12-06 10:00:00,24,0.1329,0.1797,0.4323,0.1008,0.1348,0.0989,0.1651,0.2155,0.7656
1244,1267,2018-12-06 11:00:00,24,0.1288,0.1768,0.5174,0.1016,0.136,0.2549,0.156,0.2099,0.78
1245,1268,2018-12-06 12:00:00,24,0.1286,0.1776,0.4885,0.1038,0.1401,0.2005,0.1533,0.2084,0.7765
1246,1269,2018-12-06 13:00:00,24,0.1312,0.1808,0.4201,0.1074,0.1471,0.0819,0.1549,0.2091,0.7583
1247,1270,2018-12-06 14:00:00,24,0.1326,0.1837,0.3795,0.1185,0.1608,0.0378,0.1467,0.204,0.7212
1248,1271,2018-12-06 15:00:00,24,0.1308,0.183,0.3739,0.1151,0.1594,0.1162,0.1465,0.204,0.6316
1249,1272,2018-12-06 16:00:00,24,0.1325,0.1841,0.2387,0.1178,0.1616,0.046,0.1471,0.2041,0.4314
1250,1273,2018-12-06 17:00:00,24,0.1279,0.1794,0.0836,0.1208,0.1634,-0.0796,0.1349,0.1941,0.2468
1251,1274,2018-12-06 18:00:00,24,0.1145,0.1591,0.2259,0.1151,0.1601,-0.0436,0.1138,0.158,0.4953
1252,1275,2018-12-06 19:00:00,24,0.1067,0.1467,0.2988,0.115,0.1601,-0.0739,0.0985,0.132,0.6715
1253,1276,2018-12-06 20:00:00,24,0.1016,0.1402,0.3221,0.119,0.1638,-0.098,0.0842,0.1117,0.7422
1254,1277,2018-12-06 21:00:00,24,0.0988,0.1378,0.2963,0.1143,0.1606,-0.1021,0.0832,0.1105,0.6947
1255,1278,2018-12-06 22:00:00,24,0.1,0.1395,0.2817,0.1146,0.1607,-0.1631,0.0853,0.1144,0.7265
1256,1279,2018-12-06 23:00:00,24,0.1027,0.1419,0.2816,0.1177,0.1618,-0.2373,0.0878,0.1187,0.8005
1257,1280,2018-12-07 00:00:00,24,0.1109,0.1561,0.276,0.1196,0.1622,-0.2728,0.1023,0.1497,0.8248
1258,1281,2018-12-07 01:00:00,24,0.1091,0.1546,0.2663,0.1209,0.1627,-0.3516,0.0974,0.146,0.8842
1259,1282,2018-12-07 02:00:00,24,0.1092,0.1546,0.2608,0.121,0.1627,-0.3919,0.0975,0.1461,0.9136
1260,1283,2018-12-07 03:00:00,24,0.1092,0.1546,0.2675,0.1174,0.161,-0.3947,0.1011,0.1479,0.9296
1261,1284,2018-12-07 04:00:00,24,0.1084,0.1542,0.2184,0.1165,0.1608,-0.5052,0.1004,0.1473,0.942
1262,1285,2018-12-07 05:00:00,24,0.1065,0.1534,0.1876,0.1131,0.1596,-0.575,0.0999,0.147,0.9503
1263,1286,2018-12-07 06:00:00,24,0.1076,0.1539,0.1541,0.1124,0.1594,-0.6453,0.1029,0.1481,0.9536
1264,1287,2018-12-07 07:00:00,24,0.1117,0.1555,0.0213,0.115,0.1602,-0.9129,0.1085,0.1507,0.9556
1265,1288,2018-12-07 08:00:00,24,0.107,0.1466,0.2632,0.1107,0.1506,-0.4337,0.1034,0.1425,0.9601
1266,1289,2018-12-07 09:00:00,24,0.1145,0.1559,0.2729,0.1113,0.1508,-0.4,0.1178,0.1608,0.9459
1267,1290,2018-12-07 10:00:00,24,0.1187,0.1577,0.3079,0.1164,0.1529,-0.3242,0.1209,0.1624,0.94
1268,1291,2018-12-07 11:00:00,24,0.1235,0.1649,0.2692,0.1239,0.1669,-0.3952,0.123,0.163,0.9337
1269,1292,2018-12-07 12:00:00,24,0.118,0.1597,0.4035,0.1133,0.1566,-0.1203,0.1227,0.1628,0.9272
1270,1293,2018-12-07 13:00:00,24,0.1122,0.1529,0.5481,0.1043,0.1438,0.1741,0.1202,0.1615,0.9221
1271,1294,2018-12-07 14:00:00,24,0.1076,0.1463,0.6125,0.0947,0.1293,0.311,0.1205,0.1616,0.914
1272,1295,2018-12-07 15:00:00,24,0.114,0.1503,0.5447,0.1012,0.1344,0.1901,0.1267,0.1647,0.8994
1273,1296,2018-12-07 16:00:00,24,0.1141,0.1512,0.5663,0.0953,0.1302,0.2552,0.133,0.1696,0.8773
1274,1297,2018-12-07 17:00:00,24,0.1187,0.1555,0.5795,0.1008,0.1384,0.3033,0.1366,0.1709,0.8557
1275,1298,2018-12-07 18:00:00,24,0.1191,0.1557,0.6201,0.1007,0.1384,0.4051,0.1375,0.1712,0.8351
1276,1299,2018-12-07 19:00:00,24,0.1251,0.1609,0.5926,0.1057,0.143,0.3751,0.1445,0.1771,0.8101
1277,1300,2018-12-07 20:00:00,24,0.1243,0.1594,0.5967,0.1024,0.1392,0.4027,0.1462,0.1773,0.7908
1278,1301,2018-12-07 21:00:00,24,0.1321,0.1689,0.5491,0.1152,0.1572,0.3113,0.1491,0.1798,0.7868
1279,1302,2018-12-07 22:00:00,24,0.1291,0.1659,0.5749,0.1163,0.1576,0.3382,0.1419,0.1738,0.8116
1280,1303,2018-12-07 23:00:00,24,0.1267,0.1645,0.5999,0.1126,0.1563,0.359,0.1407,0.1722,0.8407
1281,1304,2018-12-08 00:00:00,24,0.1189,0.1509,0.6171,0.1125,0.1563,0.3397,0.1252,0.1454,0.8945
1282,1305,2018-12-08 01:00:00,24,0.1208,0.1535,0.6079,0.1097,0.1556,0.3291,0.1319,0.1514,0.8867
1283,1306,2018-12-08 02:00:00,24,0.1189,0.1524,0.5948,0.1084,0.1554,0.3041,0.1294,0.1494,0.8855
1284,1307,2018-12-08 03:00:00,24,0.1186,0.1525,0.5802,0.1072,0.1553,0.2859,0.1299,0.1498,0.8744
1285,1308,2018-12-08 04:00:00,24,0.1192,0.1528,0.5634,0.1081,0.1555,0.2682,0.1303,0.1501,0.8587
1286,1309,2018-12-08 05:00:00,24,0.1212,0.1536,0.5303,0.1116,0.1568,0.233,0.1308,0.1504,0.8276
1287,1310,2018-12-08 06:00:00,24,0.1239,0.1558,0.4934,0.1127,0.1572,0.2085,0.135,0.1544,0.7784
1288,1311,2018-12-08 07:00:00,24,0.1236,0.1556,0.4346,0.1126,0.1571,0.1775,0.1346,0.154,0.6918
1289,1312,2018-12-08 08:00:00,24,0.122,0.157,0.3619,0.1158,0.1639,0.1166,0.1283,0.1499,0.6072
1290,1313,2018-12-08 09:00:00,24,0.1208,0.1525,0.3674,0.1192,0.166,0.0451,0.1223,0.1378,0.6897
1291,1314,2018-12-08 10:00:00,24,0.1218,0.1564,0.3161,0.1141,0.1641,-0.1012,0.1296,0.1483,0.7333
1292,1315,2018-12-08 11:00:00,24,0.1171,0.1477,0.4536,0.1035,0.1464,0.1169,0.1307,0.1489,0.7903
1293,1316,2018-12-08 12:00:00,24,0.1184,0.1483,0.4755,0.1068,0.148,0.138,0.1299,0.1485,0.8129
1294,1317,2018-12-08 13:00:00,24,0.1163,0.1475,0.5308,0.1027,0.1465,0.2488,0.1299,0.1485,0.8129
1295,1318,2018-12-08 14:00:00,24,0.119,0.1493,0.533,0.1056,0.149,0.256,0.1325,0.1497,0.81
1296,1319,2018-12-08 15:00:00,24,0.1142,0.1458,0.584,0.0989,0.1444,0.3464,0.1295,0.1472,0.8217
1297,1320,2018-12-08 16:00:00,24,0.116,0.1466,0.5677,0.1065,0.1502,0.292,0.1256,0.143,0.8435
1298,1321,2018-12-08 17:00:00,24,0.1147,0.1475,0.5655,0.1081,0.1533,0.2766,0.1213,0.1414,0.8544
1299,1322,2018-12-08 18:00:00,24,0.122,0.154,0.5134,0.1148,0.1577,0.1767,0.1292,0.1502,0.8501
1300,1323,2018-12-08 19:00:00,24,0.1242,0.1607,0.5131,0.1112,0.1543,0.2128,0.1373,0.1669,0.8135
1301,1324,2018-12-08 20:00:00,24,0.1241,0.1613,0.5089,0.1061,0.1523,0.2238,0.1422,0.1699,0.7939
1302,1325,2018-12-08 21:00:00,24,0.1144,0.1505,0.5902,0.092,0.1332,0.3803,0.1368,0.1659,0.8001
1303,1326,2018-12-08 22:00:00,24,0.118,0.1535,0.5745,0.0931,0.1339,0.3649,0.1429,0.1708,0.7841
1304,1327,2018-12-08 23:00:00,24,0.1171,0.1518,0.5658,0.0976,0.1361,0.3305,0.1366,0.166,0.8011
1305,1328,2018-12-09 00:00:00,24,0.1173,0.1519,0.5747,0.0977,0.1361,0.3449,0.1369,0.1661,0.8045
1306,1329,2018-12-09 01:00:00,24,0.1204,0.1533,0.5585,0.1044,0.1401,0.3031,0.1364,0.1655,0.814
1307,1330,2018-12-09 02:00:00,24,0.1208,0.1533,0.5591,0.1058,0.1404,0.2981,0.1357,0.1651,0.8201
1308,1331,2018-12-09 03:00:00,24,0.1205,0.1527,0.5579,0.1071,0.1406,0.2959,0.1338,0.1639,0.8198
1309,1332,2018-12-09 04:00:00,24,0.1204,0.1528,0.5584,0.1068,0.1405,0.2916,0.134,0.1641,0.8252
1310,1333,2018-12-09 05:00:00,24,0.117,0.1514,0.5672,0.1041,0.1392,0.304,0.13,0.1627,0.8304
1311,1334,2018-12-09 06:00:00,24,0.1149,0.1497,0.5733,0.1024,0.1385,0.3113,0.1274,0.1601,0.8354
1312,1335,2018-12-09 07:00:00,24,0.1133,0.1487,0.5774,0.102,0.1383,0.3099,0.1246,0.1585,0.845
1313,1336,2018-12-09 08:00:00,24,0.1088,0.14,0.6068,0.089,0.1162,0.3711,0.1285,0.1602,0.8426
1314,1337,2018-12-09 09:00:00,24,0.1027,0.1349,0.5956,0.0857,0.1132,0.3339,0.1197,0.1536,0.8573
1315,1338,2018-12-09 10:00:00,24,0.1032,0.1329,0.597,0.0894,0.1146,0.3254,0.1169,0.1489,0.8687
1316,1339,2018-12-09 11:00:00,24,0.0994,0.1309,0.648,0.0841,0.1114,0.4299,0.1147,0.1478,0.8662
1317,1340,2018-12-09 12:00:00,24,0.0973,0.13,0.684,0.0797,0.1092,0.5062,0.1149,0.1479,0.8617
1318,1341,2018-12-09 13:00:00,24,0.0997,0.1319,0.7382,0.0864,0.1144,0.6183,0.1129,0.1475,0.8582
1319,1342,2018-12-09 14:00:00,24,0.0978,0.1306,0.8102,0.0812,0.1097,0.7702,0.1143,0.1485,0.8502
1320,1343,2018-12-09 15:00:00,24,0.1036,0.1367,0.8197,0.0851,0.112,0.8096,0.122,0.1575,0.8297
1321,1344,2018-12-09 16:00:00,24,0.0985,0.1328,0.8451,0.077,0.104,0.8683,0.12,0.1564,0.8219
1322,1345,2018-12-09 17:00:00,24,0.0963,0.1272,0.8674,0.0665,0.0839,0.922,0.126,0.1592,0.8129
1323,1346,2018-12-09 18:00:00,24,0.089,0.1193,0.869,0.0597,0.0753,0.942,0.1183,0.151,0.796
1324,1347,2018-12-09 19:00:00,24,0.0863,0.1103,0.9039,0.0606,0.0766,0.9414,0.1121,0.1359,0.8665
1325,1348,2018-12-09 20:00:00,24,0.0914,0.1166,0.9133,0.0657,0.0806,0.9335,0.1172,0.1439,0.8932
1326,1349,2018-12-09 21:00:00,24,0.0936,0.1179,0.919,0.0695,0.0838,0.9254,0.1177,0.1441,0.9125
1327,1350,2018-12-09 22:00:00,24,0.0899,0.114,0.9271,0.0692,0.0835,0.9228,0.1106,0.1379,0.9314
1328,1351,2018-12-09 23:00:00,24,0.0901,0.114,0.9288,0.0691,0.0833,0.9208,0.1112,0.1381,0.9368
1329,1352,2018-12-10 00:00:00,24,0.0906,0.1145,0.9247,0.0717,0.0861,0.9088,0.1095,0.1372,0.9406
1330,1353,2018-12-10 01:00:00,24,0.0871,0.1115,0.9307,0.0653,0.0795,0.919,0.1089,0.1362,0.9424
1331,1354,2018-12-10 02:00:00,24,0.0865,0.1112,0.929,0.0656,0.0796,0.9146,0.1074,0.1356,0.9433
1332,1355,2018-12-10 03:00:00,24,0.0871,0.1121,0.9254,0.0648,0.0794,0.9107,0.1094,0.1372,0.94
1333,1356,2018-12-10 04:00:00,24,0.0853,0.1109,0.921,0.066,0.0801,0.902,0.1046,0.1348,0.94
1334,1357,2018-12-10 05:00:00,24,0.0875,0.1119,0.9128,0.0688,0.0825,0.8891,0.1061,0.1351,0.9364
1335,1358,2018-12-10 06:00:00,24,0.0871,0.1112,0.9058,0.0698,0.0831,0.877,0.1043,0.1336,0.9345
1336,1359,2018-12-10 07:00:00,24,0.0893,0.1131,0.8917,0.0719,0.0853,0.8541,0.1068,0.1352,0.9293
1337,1360,2018-12-10 08:00:00,24,0.0964,0.1302,0.8148,0.0886,0.1267,0.7065,0.1041,0.1335,0.9231
1338,1361,2018-12-10 09:00:00,24,0.1019,0.1377,0.8112,0.087,0.1261,0.7274,0.1169,0.1483,0.895
1339,1362,2018-12-10 10:00:00,24,0.1077,0.1478,0.8092,0.1001,0.1494,0.7206,0.1154,0.1462,0.8977
1340,1363,2018-12-10 11:00:00,24,0.1179,0.1663,0.7359,0.122,0.1844,0.5756,0.1139,0.1459,0.8963
1341,1364,2018-12-10 12:00:00,24,0.1223,0.169,0.7302,0.1303,0.1891,0.5628,0.1143,0.1461,0.8975
1342,1365,2018-12-10 13:00:00,24,0.1208,0.1676,0.7324,0.1248,0.1861,0.5692,0.1169,0.1468,0.8955
1343,1366,2018-12-10 14:00:00,24,0.1236,0.1699,0.6985,0.1326,0.1915,0.4952,0.1146,0.1451,0.9018
1344,1367,2018-12-10 15:00:00,24,0.1261,0.1734,0.6569,0.142,0.2024,0.3944,0.1103,0.1385,0.9194
1345,1368,2018-12-10 16:00:00,24,0.1291,0.1754,0.6239,0.1426,0.2025,0.3235,0.1155,0.1432,0.9243
1346,1369,2018-12-10 17:00:00,24,0.1287,0.1749,0.6014,0.1448,0.2033,0.2685,0.1126,0.1409,0.9343
1347,1370,2018-12-10 18:00:00,24,0.1328,0.1776,0.5311,0.153,0.208,0.1227,0.1125,0.1409,0.9394
1348,1371,2018-12-10 19:00:00,24,0.1328,0.1787,0.4659,0.1613,0.2166,-0.018,0.1043,0.1302,0.9497
1349,1372,2018-12-10 20:00:00,24,0.1293,0.1748,0.4598,0.1615,0.2167,-0.0362,0.0971,0.1189,0.9559
1350,1373,2018-12-10 21:00:00,24,0.1353,0.1826,0.4308,0.1608,0.2164,-0.0679,0.1098,0.1408,0.9296
1351,1374,2018-12-10 22:00:00,24,0.1447,0.1962,0.4117,0.1603,0.2162,-0.0517,0.1291,0.174,0.8751
1352,1375,2018-12-10 23:00:00,24,0.1482,0.2001,0.4209,0.1577,0.2152,-0.0059,0.1387,0.1838,0.8476
1353,1376,2018-12-11 00:00:00,24,0.1504,0.2012,0.4104,0.1585,0.2156,-0.0205,0.1422,0.1857,0.8414
1354,1377,2018-12-11 01:00:00,24,0.1491,0.2003,0.4078,0.1635,0.2172,-0.0391,0.1348,0.1819,0.8547
1355,1378,2018-12-11 02:00:00,24,0.1486,0.2002,0.404,0.1629,0.2171,-0.0531,0.1343,0.1818,0.8612
1356,1379,2018-12-11 03:00:00,24,0.1478,0.1997,0.4161,0.1656,0.2177,-0.0404,0.1301,0.1799,0.8727
1357,1380,2018-12-11 04:00:00,24,0.1504,0.2011,0.4021,0.1701,0.2202,-0.0747,0.1307,0.18,0.879
1358,1381,2018-12-11 05:00:00,24,0.149,0.2006,0.4139,0.1672,0.2193,-0.0576,0.1308,0.18,0.8855
1359,1382,2018-12-11 06:00:00,24,0.1482,0.2005,0.4149,0.1687,0.2198,-0.0624,0.1276,0.1791,0.8922
1360,1383,2018-12-11 07:00:00,24,0.1457,0.1997,0.4207,0.1684,0.2197,-0.0571,0.123,0.1775,0.8985
1361,1384,2018-12-11 08:00:00,24,0.1455,0.1972,0.4199,0.1657,0.2143,-0.0621,0.1252,0.1785,0.9019
1362,1385,2018-12-11 09:00:00,24,0.142,0.1931,0.4184,0.1654,0.2143,-0.0765,0.1185,0.1694,0.9133
1363,1386,2018-12-11 10:00:00,24,0.1326,0.1829,0.2828,0.153,0.1991,-0.3516,0.1123,0.1651,0.9172
1364,1387,2018-12-11 11:00:00,24,0.1276,0.1714,0.4621,0.1431,0.1774,0.0084,0.1121,0.1651,0.9159
1365,1388,2018-12-11 12:00:00,24,0.1249,0.1694,0.4297,0.1396,0.1742,-0.0545,0.1101,0.1645,0.9139
1366,1389,2018-12-11 13:00:00,24,0.1266,0.1701,0.2834,0.1417,0.1749,-0.345,0.1114,0.1652,0.9118
1367,1390,2018-12-11 14:00:00,24,0.1221,0.1669,0.2564,0.1338,0.169,-0.3963,0.1105,0.1648,0.9092
1368,1391,2018-12-11 15:00:00,24,0.1218,0.1654,0.4474,0.1298,0.1619,-0.0013,0.1137,0.1689,0.8961
1369,1392,2018-12-11 16:00:00,24,0.1248,0.168,0.5471,0.1329,0.1631,0.2192,0.1167,0.1728,0.875
1370,1393,2018-12-11 17:00:00,24,0.1272,0.1697,0.6355,0.1342,0.164,0.4225,0.1202,0.1752,0.8485
1371,1394,2018-12-11 18:00:00,24,0.1276,0.1702,0.685,0.1283,0.1587,0.5626,0.1269,0.181,0.8074
1372,1395,2018-12-11 19:00:00,24,0.1292,0.1705,0.6699,0.1258,0.1541,0.5817,0.1325,0.1854,0.7582
1373,1396,2018-12-11 20:00:00,24,0.1303,0.1724,0.6623,0.1224,0.1521,0.624,0.1381,0.1906,0.7006
1374,1397,2018-12-11 21:00:00,24,0.1244,0.1642,0.7051,0.1217,0.1517,0.6364,0.1271,0.1759,0.7737
1375,1398,2018-12-11 22:00:00,24,0.1146,0.1477,0.7617,0.119,0.151,0.6533,0.1102,0.1443,0.8702
1376,1399,2018-12-11 23:00:00,24,0.1097,0.1418,0.7833,0.1176,0.1507,0.6677,0.1018,0.1323,0.8989
1377,1400,2018-12-12 00:00:00,24,0.1071,0.1405,0.7835,0.118,0.1511,0.6601,0.0962,0.1291,0.907
1378,1401,2018-12-12 01:00:00,24,0.1084,0.141,0.776,0.1149,0.1492,0.645,0.1018,0.1323,0.907
1379,1402,2018-12-12 02:00:00,24,0.1095,0.1414,0.762,0.1154,0.1493,0.617,0.1036,0.133,0.907
1380,1403,2018-12-12 03:00:00,24,0.1098,0.1414,0.7274,0.1141,0.1488,0.5502,0.1054,0.1337,0.9047
1381,1404,2018-12-12 04:00:00,24,0.1076,0.1395,0.7125,0.1079,0.1445,0.5235,0.1072,0.1343,0.9016
1382,1405,2018-12-12 05:00:00,24,0.1106,0.1417,0.6655,0.1085,0.1447,0.4364,0.1127,0.1388,0.8946
1383,1406,2018-12-12 06:00:00,24,0.1116,0.142,0.6085,0.1076,0.1442,0.3263,0.1156,0.1397,0.8907
1384,1407,2018-12-12 07:00:00,24,0.1124,0.1419,0.5291,0.106,0.1432,0.1752,0.1189,0.1407,0.8829
1385,1408,2018-12-12 08:00:00,24,0.1137,0.1413,0.5842,0.1022,0.1334,0.303,0.1252,0.1487,0.8654
1386,1409,2018-12-12 09:00:00,24,0.1142,0.1416,0.5793,0.1028,0.1335,0.2877,0.1257,0.1493,0.8709
1387,1410,2018-12-12 10:00:00,24,0.1189,0.1457,0.4965,0.1057,0.1365,0.1185,0.132,0.1542,0.8746
1388,1411,2018-12-12 11:00:00,24,0.1171,0.1411,0.5533,0.0972,0.1241,0.2241,0.137,0.1563,0.8825
1389,1412,2018-12-12 12:00:00,24,0.1242,0.1544,0.554,0.111,0.1525,0.2222,0.1374,0.1564,0.8859
1390,1413,2018-12-12 13:00:00,24,0.1232,0.154,0.6763,0.1091,0.1517,0.4781,0.1373,0.1563,0.8744
1391,1414,2018-12-12 14:00:00,24,0.1261,0.1562,0.7211,0.1094,0.1518,0.6052,0.1428,0.1605,0.8371
1392,1415,2018-12-12 15:00:00,24,0.1242,0.1581,0.6897,0.1153,0.1635,0.5556,0.1332,0.1525,0.8238
1393,1416,2018-12-12 16:00:00,24,0.1254,0.1586,0.6672,0.1196,0.1675,0.5198,0.1311,0.1492,0.8145
1394,1417,2018-12-12 17:00:00,24,0.1244,0.1581,0.6416,0.1169,0.1659,0.481,0.1318,0.15,0.8023
1395,1418,2018-12-12 18:00:00,24,0.1242,0.1589,0.6186,0.1152,0.1653,0.4282,0.1332,0.1522,0.8089
1396,1419,2018-12-12 19:00:00,24,0.1219,0.1579,0.6504,0.1068,0.1571,0.4729,0.137,0.1586,0.8278
1397,1420,2018-12-12 20:00:00,24,0.1221,0.1585,0.6516,0.1062,0.1569,0.4405,0.138,0.1602,0.8628
1398,1421,2018-12-12 21:00:00,24,0.1211,0.1586,0.6528,0.103,0.156,0.4285,0.1392,0.1612,0.8772
1399,1422,2018-12-12 22:00:00,24,0.1261,0.1626,0.6317,0.1066,0.1572,0.3959,0.1455,0.1678,0.8675
1400,1423,2018-12-12 23:00:00,24,0.1268,0.1628,0.6191,0.1081,0.1576,0.3779,0.1455,0.1678,0.8602
1401,1424,2018-12-13 00:00:00,24,0.1302,0.1656,0.6186,0.1047,0.1552,0.4037,0.1557,0.1754,0.8335
1402,1425,2018-12-13 01:00:00,24,0.1303,0.1667,0.617,0.1026,0.1548,0.4151,0.158,0.1777,0.8189
1403,1426,2018-12-13 02:00:00,24,0.1316,0.1672,0.6186,0.1037,0.1553,0.4324,0.1594,0.1784,0.8047
1404,1427,2018-12-13 03:00:00,24,0.1337,0.1696,0.6145,0.1022,0.155,0.4464,0.1652,0.183,0.7826
1405,1428,2018-12-13 04:00:00,24,0.1331,0.1694,0.6051,0.1033,0.1553,0.445,0.1629,0.1825,0.7652
1406,1429,2018-12-13 05:00:00,24,0.1337,0.1697,0.5995,0.1088,0.1592,0.4357,0.1586,0.1795,0.7633
1407,1430,2018-12-13 06:00:00,24,0.1352,0.1717,0.5985,0.1063,0.1585,0.4506,0.1642,0.184,0.7463
1408,1431,2018-12-13 07:00:00,24,0.1335,0.1712,0.6009,0.1058,0.1583,0.4639,0.1612,0.1833,0.7379
1409,1432,2018-12-13 08:00:00,24,0.1329,0.1703,0.6283,0.1051,0.1569,0.5214,0.1608,0.1827,0.7352
1410,1433,2018-12-13 09:00:00,24,0.1389,0.1766,0.6055,0.1102,0.16,0.5049,0.1675,0.1917,0.7062
1411,1434,2018-12-13 10:00:00,24,0.1402,0.1791,0.6093,0.1079,0.1579,0.5118,0.1724,0.198,0.7068
1412,1435,2018-12-13 11:00:00,24,0.1395,0.1791,0.6286,0.1055,0.157,0.5265,0.1735,0.1987,0.7307
1413,1436,2018-12-13 12:00:00,24,0.136,0.17,0.6667,0.0947,0.1331,0.5957,0.1774,0.2003,0.7377
1414,1437,2018-12-13 13:00:00,24,0.1413,0.1757,0.5162,0.1061,0.1476,0.2777,0.1766,0.1999,0.7546
1415,1438,2018-12-13 14:00:00,24,0.1391,0.174,0.0869,0.1074,0.1481,-0.5969,0.1707,0.1965,0.7706
1416,1439,2018-12-13 15:00:00,24,0.1323,0.165,0.0778,0.093,0.1257,-0.6196,0.1717,0.1966,0.7752
1417,1440,2018-12-13 16:00:00,24,0.1299,0.1629,0.1754,0.0935,0.1265,-0.4416,0.1663,0.1925,0.7924
1418,1441,2018-12-13 17:00:00,24,0.1271,0.161,0.2255,0.0927,0.1261,-0.357,0.1616,0.1896,0.8081
1419,1442,2018-12-13 18:00:00,24,0.1266,0.16,0.1178,0.1012,0.1349,-0.591,0.152,0.1818,0.8265
1420,1443,2018-12-13 19:00:00,24,0.1234,0.1552,0.0405,0.1043,0.1371,-0.7646,0.1424,0.1715,0.8455
1421,1444,2018-12-13 20:00:00,24,0.1244,0.1545,0.0576,0.1098,0.141,-0.7343,0.1389,0.1668,0.8496
1422,1445,2018-12-13 21:00:00,24,0.1238,0.154,0.0226,0.1145,0.143,-0.8107,0.1331,0.1643,0.8559
1423,1446,2018-12-13 22:00:00,24,0.1176,0.1492,-0.0332,0.1113,0.1417,-0.9408,0.1239,0.1563,0.8744
1424,1447,2018-12-13 23:00:00,24,0.118,0.1495,-0.0231,0.1137,0.1432,-0.9276,0.1223,0.1556,0.8814
1425,1448,2018-12-14 00:00:00,24,0.1177,0.1511,-0.0439,0.111,0.1425,-0.9627,0.1244,0.1591,0.8749
1426,1449,2018-12-14 01:00:00,24,0.1169,0.1496,-0.0867,0.112,0.1426,-1.0468,0.1218,0.1563,0.8734
1427,1450,2018-12-14 02:00:00,24,0.1155,0.1489,-0.0638,0.1116,0.1424,-0.9927,0.1194,0.1552,0.8652
1428,1451,2018-12-14 03:00:00,24,0.116,0.1486,-0.0783,0.1135,0.1429,-1.0046,0.1186,0.1541,0.8479
1429,1452,2018-12-14 04:00:00,24,0.1171,0.1491,-0.1684,0.1119,0.1425,-1.1585,0.1222,0.1554,0.8217
1430,1453,2018-12-14 05:00:00,24,0.114,0.1469,-0.0833,0.106,0.138,-0.9681,0.1221,0.1553,0.8016
1431,1454,2018-12-14 06:00:00,24,0.1129,0.1447,-0.0599,0.1085,0.1388,-0.888,0.1174,0.1505,0.7681
1432,1455,2018-12-14 07:00:00,24,0.1144,0.1452,-0.0551,0.1089,0.139,-0.795,0.1199,0.1512,0.6848
1433,1456,2018-12-14 08:00:00,24,0.1091,0.1377,0.1574,0.1047,0.1316,-0.3403,0.1134,0.1436,0.6552
1434,1457,2018-12-14 09:00:00,24,0.1083,0.1356,0.1434,0.1055,0.1326,-0.3808,0.111,0.1386,0.6675
1435,1458,2018-12-14 10:00:00,24,0.1056,0.1321,0.2006,0.1026,0.1307,-0.307,0.1086,0.1335,0.7082
1436,1459,2018-12-14 11:00:00,24,0.1079,0.1336,0.165,0.1077,0.1342,-0.4046,0.1082,0.133,0.7345
1437,1460,2018-12-14 12:00:00,24,0.1116,0.1434,0.2048,0.1173,0.1545,-0.3646,0.1059,0.1314,0.7742
1438,1461,2018-12-14 13:00:00,24,0.1132,0.1479,0.1464,0.121,0.163,-0.4969,0.1054,0.1311,0.7897
1439,1462,2018-12-14 14:00:00,24,0.1155,0.1492,0.2476,0.1226,0.1639,-0.2934,0.1083,0.1329,0.7885
1440,1463,2018-12-14 15:00:00,24,0.1224,0.1548,0.2198,0.1285,0.1678,-0.322,0.1163,0.1407,0.7616
1441,1464,2018-12-14 16:00:00,24,0.1187,0.152,0.259,0.1203,0.1619,-0.2429,0.1171,0.1413,0.761
1442,1465,2018-12-14 17:00:00,24,0.1249,0.1621,0.3551,0.1348,0.1811,-0.0549,0.1149,0.1407,0.7652
1443,1466,2018-12-14 18:00:00,24,0.1223,0.1593,0.4505,0.1296,0.176,0.13,0.1151,0.1408,0.7711
1444,1467,2018-12-14 19:00:00,24,0.1208,0.1589,0.5034,0.1244,0.1738,0.2424,0.1173,0.1423,0.7644
1445,1468,2018-12-14 20:00:00,24,0.1214,0.1595,0.4827,0.1261,0.1758,0.21,0.1166,0.1415,0.7554
1446,1469,2018-12-14 21:00:00,24,0.1239,0.1605,0.4832,0.1258,0.1755,0.229,0.1219,0.144,0.7374
1447,1470,2018-12-14 22:00:00,24,0.14,0.1877,0.4093,0.132,0.1787,0.2014,0.1481,0.1964,0.6172
1448,1471,2018-12-14 23:00:00,24,0.1534,0.2141,0.4373,0.1313,0.1783,0.2077,0.1755,0.2448,0.667
1449,1472,2018-12-15 00:00:00,24,0.1572,0.2171,0.4922,0.1359,0.1798,0.1897,0.1786,0.249,0.7946
1450,1473,2018-12-15 01:00:00,24,0.1569,0.2168,0.5195,0.1371,0.1801,0.1842,0.1768,0.2481,0.8549
1451,1474,2018-12-15 02:00:00,24,0.1602,0.2182,0.5247,0.1401,0.1818,0.1624,0.1802,0.2493,0.8869
1452,1475,2018-12-15 03:00:00,24,0.1571,0.2165,0.5224,0.1401,0.1818,0.1359,0.1741,0.2464,0.9089
1453,1476,2018-12-15 04:00:00,24,0.1573,0.2164,0.5137,0.1419,0.1822,0.1054,0.1727,0.246,0.9219
1454,1477,2018-12-15 05:00:00,24,0.1599,0.2178,0.5013,0.1425,0.1823,0.0718,0.1773,0.2483,0.9309
1455,1478,2018-12-15 06:00:00,24,0.1591,0.2175,0.4771,0.1415,0.1819,0.017,0.1767,0.2481,0.9372
1456,1479,2018-12-15 07:00:00,24,0.1581,0.2173,0.4338,0.1395,0.1814,-0.0743,0.1766,0.2481,0.9419
1457,1480,2018-12-15 08:00:00,24,0.16,0.2186,0.299,0.1402,0.1822,-0.3454,0.1798,0.2497,0.9434
1458,1481,2018-12-15 09:00:00,24,0.1588,0.2181,0.3366,0.1371,0.1797,-0.2693,0.1805,0.2506,0.9424
1459,1482,2018-12-15 10:00:00,24,0.1575,0.2167,0.3397,0.1373,0.1798,-0.2611,0.1778,0.2482,0.9405
1460,1483,2018-12-15 11:00:00,24,0.1586,0.2175,0.3401,0.1375,0.18,-0.2541,0.1798,0.2495,0.9344
1461,1484,2018-12-15 12:00:00,24,0.1516,0.2094,0.3903,0.1214,0.1584,-0.1452,0.1818,0.2502,0.9259
1462,1485,2018-12-15 13:00:00,24,0.1438,0.2011,0.5399,0.1056,0.1352,0.1638,0.1819,0.2503,0.9159
1463,1486,2018-12-15 14:00:00,24,0.1419,0.2008,0.5328,0.101,0.1333,0.1609,0.1828,0.2507,0.9048
1464,1487,2018-12-15 15:00:00,24,0.1385,0.1985,0.562,0.0956,0.1285,0.2266,0.1815,0.2496,0.8975
1465,1488,2018-12-15 16:00:00,24,0.1408,0.1998,0.5734,0.0968,0.1288,0.2566,0.1848,0.2514,0.8902
1466,1489,2018-12-15 17:00:00,24,0.1364,0.1927,0.6746,0.0869,0.105,0.4651,0.186,0.2515,0.8841
1467,1490,2018-12-15 18:00:00,24,0.1393,0.1944,0.6127,0.0902,0.1095,0.3501,0.1884,0.2523,0.8753
1468,1491,2018-12-15 19:00:00,24,0.1426,0.1961,0.5424,0.0941,0.1115,0.2207,0.1912,0.254,0.8641
1469,1492,2018-12-15 20:00:00,24,0.1391,0.1938,0.6025,0.0876,0.1036,0.3528,0.1906,0.2537,0.8522
1470,1493,2018-12-15 21:00:00,24,0.1364,0.1927,0.6133,0.0837,0.1013,0.3801,0.1891,0.253,0.8465
1471,1494,2018-12-15 22:00:00,24,0.1269,0.1722,0.5978,0.0896,0.1141,0.3007,0.1642,0.2151,0.895
1472,1495,2018-12-15 23:00:00,24,0.1171,0.145,0.6586,0.0859,0.1123,0.3825,0.1482,0.1715,0.9347
1473,1496,2018-12-16 00:00:00,24,0.1132,0.1384,0.7017,0.0837,0.1106,0.463,0.1428,0.1615,0.9404
1474,1497,2018-12-16 01:00:00,24,0.1141,0.1391,0.7189,0.0838,0.1106,0.5017,0.1445,0.1627,0.9361
1475,1498,2018-12-16 02:00:00,24,0.1114,0.1375,0.7441,0.0787,0.1069,0.5574,0.1441,0.1624,0.9308
1476,1499,2018-12-16 03:00:00,24,0.1142,0.1394,0.7561,0.0798,0.1076,0.5912,0.1487,0.1652,0.921
1477,1500,2018-12-16 04:00:00,24,0.1159,0.1404,0.7657,0.0811,0.1085,0.6225,0.1508,0.1664,0.9089
1478,1501,2018-12-16 05:00:00,24,0.1119,0.1379,0.7721,0.08,0.1081,0.6516,0.1438,0.1622,0.8925
1479,1502,2018-12-16 06:00:00,24,0.1132,0.1389,0.7693,0.0803,0.1083,0.6758,0.1461,0.1638,0.8629
1480,1503,2018-12-16 07:00:00,24,0.1126,0.1387,0.7465,0.0797,0.1082,0.6874,0.1455,0.1636,0.8056
1481,1504,2018-12-16 08:00:00,24,0.1067,0.1339,0.7328,0.0746,0.1013,0.7381,0.1388,0.16,0.7275
1482,1505,2018-12-16 09:00:00,24,0.1024,0.1282,0.7115,0.072,0.0994,0.7529,0.1328,0.1515,0.67
1483,1506,2018-12-16 10:00:00,24,0.1037,0.1306,0.6681,0.0716,0.0992,0.7557,0.1358,0.1559,0.5805
1484,1507,2018-12-16 11:00:00,24,0.097,0.1258,0.6812,0.066,0.094,0.7795,0.1281,0.151,0.583
1485,1508,2018-12-16 12:00:00,24,0.1023,0.1312,0.6802,0.0737,0.1037,0.7574,0.1309,0.1538,0.603
1486,1509,2018-12-16 13:00:00,24,0.1064,0.1344,0.7236,0.0803,0.1102,0.7901,0.1325,0.1548,0.6572
1487,1510,2018-12-16 14:00:00,24,0.1052,0.1332,0.7794,0.0807,0.1102,0.8344,0.1296,0.1528,0.7244
1488,1511,2018-12-16 15:00:00,24,0.1053,0.1329,0.8303,0.0817,0.1108,0.8717,0.1289,0.1519,0.7889
1489,1512,2018-12-16 16:00:00,24,0.1028,0.1309,0.8665,0.0835,0.1119,0.899,0.1222,0.1474,0.8341
1490,1513,2018-12-16 17:00:00,24,0.109,0.139,0.8796,0.084,0.1127,0.9075,0.134,0.1611,0.8516
1491,1514,2018-12-16 18:00:00,24,0.1128,0.1441,0.8926,0.0877,0.12,0.8982,0.1379,0.1647,0.887
1492,1515,2018-12-16 19:00:00,24,0.111,0.1431,0.9017,0.091,0.1239,0.8916,0.1311,0.16,0.9118
1493,1516,2018-12-16 20:00:00,24,0.1105,0.1424,0.9057,0.0927,0.1249,0.8898,0.1284,0.158,0.9216
1494,1517,2018-12-16 21:00:00,24,0.1115,0.1432,0.905,0.0928,0.1249,0.8895,0.1302,0.1593,0.9205
1495,1518,2018-12-16 22:00:00,24,0.1106,0.143,0.9086,0.0807,0.1084,0.9152,0.1406,0.1707,0.902
1496,1519,2018-12-16 23:00:00,24,0.1053,0.1351,0.913,0.0839,0.1097,0.9104,0.1268,0.1564,0.9156
1497,1520,2018-12-17 00:00:00,24,0.1054,0.1355,0.9062,0.0918,0.1207,0.8892,0.119,0.1489,0.9233
1498,1521,2018-12-17 01:00:00,24,0.1057,0.1364,0.9054,0.0905,0.1203,0.8877,0.1208,0.1508,0.9232
1499,1522,2018-12-17 02:00:00,24,0.1035,0.1354,0.9058,0.0903,0.1203,0.8858,0.1167,0.1489,0.9259
1500,1523,2018-12-17 03:00:00,24,0.1002,0.1332,0.9051,0.0889,0.1195,0.8831,0.1115,0.1457,0.9271
1501,1524,2018-12-17 04:00:00,24,0.0981,0.132,0.9024,0.0864,0.1182,0.8791,0.1098,0.1445,0.9256
1502,1525,2018-12-17 05:00:00,24,0.1002,0.1327,0.8957,0.0885,0.1191,0.8712,0.112,0.1451,0.9202
1503,1526,2018-12-17 06:00:00,24,0.0979,0.1313,0.8878,0.087,0.1186,0.8637,0.1089,0.1428,0.9119
1504,1527,2018-12-17 07:00:00,24,0.0991,0.1318,0.8758,0.0878,0.1187,0.8552,0.1104,0.1437,0.8964
1505,1528,2018-12-17 08:00:00,24,0.1061,0.1438,0.8318,0.1014,0.1439,0.7905,0.1109,0.1437,0.8732
1506,1529,2018-12-17 09:00:00,24,0.1086,0.1456,0.8138,0.1049,0.1459,0.7762,0.1123,0.1453,0.8514
1507,1530,2018-12-17 10:00:00,24,0.1135,0.1521,0.8043,0.1181,0.1632,0.7447,0.1089,0.1402,0.8639
1508,1531,2018-12-17 11:00:00,24,0.121,0.1593,0.7841,0.1305,0.1759,0.7015,0.1114,0.1407,0.8667
1509,1532,2018-12-17 12:00:00,24,0.1177,0.156,0.8008,0.1257,0.1715,0.7154,0.1097,0.1387,0.8862
1510,1533,2018-12-17 13:00:00,24,0.131,0.1986,0.729,0.1545,0.2449,0.5584,0.1074,0.1374,0.8997
1511,1534,2018-12-17 14:00:00,24,0.1441,0.218,0.7926,0.1799,0.2758,0.6761,0.1082,0.1379,0.9092
1512,1535,2018-12-17 15:00:00,24,0.1447,0.2182,0.8378,0.1814,0.2763,0.755,0.1079,0.1374,0.9207
1513,1536,2018-12-17 16:00:00,24,0.1498,0.2234,0.8451,0.192,0.2846,0.7631,0.1076,0.1374,0.9271
1514,1537,2018-12-17 17:00:00,24,0.1426,0.2178,0.864,0.1863,0.2824,0.7842,0.0989,0.123,0.9438
1515,1538,2018-12-17 18:00:00,24,0.1369,0.2134,0.8782,0.1807,0.2782,0.8094,0.0931,0.1168,0.9471
1516,1539,2018-12-17 19:00:00,24,0.1358,0.2125,0.8816,0.1748,0.2759,0.8222,0.0968,0.1191,0.9409
1517,1540,2018-12-17 20:00:00,24,0.1408,0.2165,0.8769,0.1766,0.2766,0.829,0.105,0.1312,0.9247
1518,1541,2018-12-17 21:00:00,24,0.1487,0.223,0.8709,0.1907,0.2859,0.8284,0.1066,0.1332,0.9134
1519,1542,2018-12-17 22:00:00,24,0.1495,0.222,0.8745,0.1952,0.287,0.8343,0.1039,0.1275,0.9146
1520,1543,2018-12-17 23:00:00,24,0.1545,0.2263,0.8627,0.1921,0.2864,0.8379,0.1169,0.1428,0.8875
1521,1544,2018-12-18 00:00:00,24,0.1509,0.2241,0.8608,0.1872,0.2831,0.8397,0.1146,0.1424,0.8819
1522,1545,2018-12-18 01:00:00,24,0.1523,0.2246,0.8551,0.1944,0.2858,0.8345,0.1103,0.1384,0.8757
1523,1546,2018-12-18 02:00:00,24,0.1559,0.2256,0.8446,0.1996,0.2873,0.8292,0.1121,0.1389,0.8599
1524,1547,2018-12-18 03:00:00,24,0.1573,0.226,0.8308,0.2009,0.2875,0.824,0.1137,0.1395,0.8376
1525,1548,2018-12-18 04:00:00,24,0.1581,0.2261,0.8165,0.2023,0.2878,0.8171,0.1138,0.1396,0.8159
1526,1549,2018-12-18 05:00:00,24,0.1575,0.226,0.8018,0.2012,0.2875,0.8061,0.1138,0.1395,0.7974
1527,1550,2018-12-18 06:00:00,24,0.1578,0.2261,0.7844,0.201,0.2875,0.7915,0.1146,0.14,0.7772
1528,1551,2018-12-18 07:00:00,24,0.1557,0.2257,0.7729,0.1998,0.2875,0.7725,0.1115,0.1387,0.7732
1529,1552,2018-12-18 08:00:00,24,0.1565,0.2232,0.738,0.1942,0.2808,0.7279,0.1188,0.1441,0.7481
1530,1553,2018-12-18 09:00:00,24,0.1947,0.3181,0.5494,0.2477,0.4008,0.4674,0.1418,0.2044,0.6314
1531,1554,2018-12-18 10:00:00,24,0.1983,0.3284,0.5611,0.2333,0.394,0.4103,0.1633,0.246,0.7119
1532,1555,2018-12-18 11:00:00,24,0.199,0.3285,0.5949,0.224,0.3889,0.3797,0.174,0.2541,0.8101
1533,1556,2018-12-18 12:00:00,24,0.2048,0.3328,0.6154,0.2256,0.3894,0.3661,0.184,0.2642,0.8647
1534,1557,2018-12-18 13:00:00,24,0.1965,0.3132,0.7487,0.1958,0.3475,0.5998,0.1972,0.2748,0.8977
1535,1558,2018-12-18 14:00:00,24,0.1877,0.3014,0.8211,0.1778,0.3258,0.7216,0.1976,0.2749,0.9205
1536,1559,2018-12-18 15:00:00,24,0.1846,0.3003,0.8525,0.1761,0.3253,0.7698,0.1932,0.273,0.9353
1537,1560,2018-12-18 16:00:00,24,0.1818,0.2971,0.8757,0.1644,0.3178,0.8074,0.1992,0.2749,0.9439
1538,1561,2018-12-18 17:00:00,24,0.1846,0.2984,0.8866,0.1657,0.318,0.8229,0.2035,0.2775,0.9503
1539,1562,2018-12-18 18:00:00,24,0.189,0.3009,0.8943,0.1652,0.3179,0.8341,0.2127,0.2829,0.9545
1540,1563,2018-12-18 19:00:00,24,0.1964,0.3085,0.8936,0.1648,0.3178,0.8353,0.228,0.2988,0.9519
1541,1564,2018-12-18 20:00:00,24,0.2029,0.3199,0.888,0.1619,0.3169,0.8316,0.2439,0.323,0.9443
1542,1565,2018-12-18 21:00:00,24,0.2072,0.3307,0.8846,0.1487,0.3086,0.8363,0.2657,0.3514,0.933
1543,1566,2018-12-18 22:00:00,24,0.2178,0.3501,0.8742,0.145,0.3077,0.8312,0.2906,0.3879,0.9171
1544,1567,2018-12-18 23:00:00,24,0.2389,0.3742,0.8551,0.1668,0.3264,0.8049,0.3111,0.4164,0.9053
1545,1568,2018-12-19 00:00:00,24,0.246,0.3779,0.8532,0.1652,0.3259,0.8008,0.3269,0.4236,0.9057
1546,1569,2018-12-19 01:00:00,24,0.2484,0.3803,0.8476,0.1721,0.3317,0.7856,0.3247,0.4233,0.9096
1547,1570,2018-12-19 02:00:00,24,0.2548,0.3837,0.8385,0.181,0.3382,0.7653,0.3287,0.4243,0.9117
1548,1571,2018-12-19 03:00:00,24,0.2612,0.3863,0.8295,0.1852,0.3399,0.7478,0.3371,0.4277,0.9112
1549,1572,2018-12-19 04:00:00,24,0.2676,0.3895,0.8183,0.187,0.3403,0.7283,0.3482,0.4332,0.9083
1550,1573,2018-12-19 05:00:00,24,0.2757,0.394,0.8033,0.1889,0.3407,0.7037,0.3626,0.441,0.903
1551,1574,2018-12-19 06:00:00,24,0.2831,0.3982,0.7844,0.1903,0.3408,0.6719,0.3759,0.4483,0.8969
1552,1575,2018-12-19 07:00:00,24,0.2919,0.4023,0.7589,0.1925,0.341,0.6276,0.3914,0.4554,0.8902
1553,1576,2018-12-19 08:00:00,24,0.2925,0.4047,0.7076,0.1828,0.3365,0.5309,0.4021,0.463,0.8844
1554,1577,2018-12-19 09:00:00,24,0.2571,0.3392,0.883,0.1252,0.1756,0.8721,0.389,0.4463,0.894
1555,1578,2018-12-19 10:00:00,24,0.2546,0.3319,0.8861,0.129,0.177,0.8694,0.3803,0.4347,0.9029
1556,1579,2018-12-19 11:00:00,24,0.2559,0.3323,0.8872,0.1319,0.1791,0.8671,0.3799,0.4344,0.9073
1557,1580,2018-12-19 12:00:00,24,0.2504,0.3288,0.8914,0.1273,0.1769,0.8695,0.3736,0.43,0.9134
1558,1581,2018-12-19 13:00:00,24,0.2481,0.3266,0.8936,0.1269,0.1766,0.8685,0.3693,0.4267,0.9187
1559,1582,2018-12-19 14:00:00,24,0.246,0.3257,0.8935,0.1228,0.1734,0.8654,0.3691,0.4267,0.9215
1560,1583,2018-12-19 15:00:00,24,0.2474,0.3261,0.89,0.1233,0.1736,0.8558,0.3715,0.4272,0.9243
1561,1584,2018-12-19 16:00:00,24,0.2446,0.3254,0.8856,0.1207,0.1731,0.8448,0.3685,0.4264,0.9263
1562,1585,2018-12-19 17:00:00,24,0.2483,0.3283,0.8616,0.1331,0.1879,0.7957,0.3634,0.4245,0.9275
1563,1586,2018-12-19 18:00:00,24,0.2409,0.3254,0.85,0.1294,0.1862,0.7718,0.3525,0.4208,0.9282
1564,1587,2018-12-19 19:00:00,24,0.2338,0.3184,0.8388,0.1341,0.1884,0.7446,0.3335,0.4089,0.9331
1565,1588,2018-12-19 20:00:00,24,0.222,0.3044,0.8353,0.138,0.1908,0.7286,0.306,0.3858,0.9421
1566,1589,2018-12-19 21:00:00,24,0.2271,0.3056,0.8197,0.1506,0.2028,0.6933,0.3037,0.3816,0.9462
1567,1590,2018-12-19 22:00:00,24,0.2283,0.298,0.8135,0.1617,0.2117,0.6738,0.2949,0.3645,0.9532
1568,1591,2018-12-19 23:00:00,24,0.2137,0.2731,0.8322,0.1464,0.1846,0.7047,0.2811,0.3392,0.9597
1569,1592,2018-12-20 00:00:00,24,0.2139,0.2726,0.7773,0.1481,0.1857,0.5961,0.2798,0.3378,0.9585
1570,1593,2018-12-20 01:00:00,24,0.2135,0.2703,0.7566,0.1383,0.1724,0.5584,0.2886,0.3412,0.9548
1571,1594,2018-12-20 02:00:00,24,0.2087,0.2665,0.765,0.1266,0.1574,0.5793,0.2908,0.3424,0.9506
1572,1595,2018-12-20 03:00:00,24,0.2038,0.2638,0.7511,0.1201,0.153,0.5554,0.2876,0.3403,0.9469
1573,1596,2018-12-20 04:00:00,24,0.2,0.2601,0.7245,0.1202,0.1531,0.5045,0.2798,0.3344,0.9444
1574,1597,2018-12-20 05:00:00,24,0.1933,0.2537,0.7008,0.1186,0.1524,0.4577,0.2679,0.3248,0.9439
1575,1598,2018-12-20 06:00:00,24,0.1867,0.2472,0.6691,0.1186,0.1523,0.3937,0.2548,0.3147,0.9445
1576,1599,2018-12-20 07:00:00,24,0.1782,0.2405,0.6414,0.1164,0.1519,0.3372,0.2399,0.3043,0.9457
1577,1600,2018-12-20 08:00:00,24,0.1709,0.232,0.6241,0.1161,0.1518,0.2989,0.2257,0.2909,0.9494
1578,1601,2018-12-20 09:00:00,24,0.1698,0.2276,0.5851,0.1222,0.1557,0.2171,0.2173,0.2816,0.9532
1579,1602,2018-12-20 10:00:00,24,0.1658,0.2199,0.5816,0.1248,0.158,0.2035,0.2068,0.2679,0.9596
1580,1603,2018-12-20 11:00:00,24,0.1589,0.2147,0.5934,0.1189,0.1544,0.224,0.1988,0.2615,0.9627
1581,1604,2018-12-20 12:00:00,24,0.158,0.2135,0.5798,0.1243,0.1576,0.1951,0.1918,0.2575,0.9645
1582,1605,2018-12-20 13:00:00,24,0.1572,0.2126,0.5676,0.1237,0.1571,0.1705,0.1907,0.2564,0.9647
1583,1606,2018-12-20 14:00:00,24,0.1641,0.2217,0.6085,0.1387,0.1811,0.2532,0.1894,0.256,0.9637
1584,1607,2018-12-20 15:00:00,24,0.1651,0.2229,0.6868,0.137,0.1805,0.4124,0.1932,0.2585,0.9611
1585,1608,2018-12-20 16:00:00,24,0.1689,0.2244,0.7416,0.1439,0.1838,0.5255,0.1939,0.2588,0.9577
1586,1609,2018-12-20 17:00:00,24,0.1688,0.2265,0.7888,0.1296,0.168,0.6303,0.208,0.2728,0.9473
1587,1610,2018-12-20 18:00:00,24,0.1739,0.2299,0.74,0.1393,0.177,0.5421,0.2086,0.2728,0.9379
1588,1611,2018-12-20 19:00:00,24,0.1768,0.2321,0.7075,0.1441,0.1823,0.495,0.2096,0.273,0.92
1589,1612,2018-12-20 20:00:00,24,0.1867,0.2402,0.6438,0.1486,0.1877,0.4149,0.2248,0.2832,0.8727
1590,1613,2018-12-20 21:00:00,24,0.1812,0.2283,0.6067,0.1499,0.1901,0.371,0.2126,0.2609,0.8425
1591,1614,2018-12-20 22:00:00,24,0.1713,0.21,0.6416,0.1454,0.1842,0.4667,0.1971,0.233,0.8164
1592,1615,2018-12-20 23:00:00,24,0.167,0.2069,0.6533,0.1385,0.181,0.563,0.1955,0.2299,0.7436
1593,1616,2018-12-21 00:00:00,24,0.1645,0.2063,0.6588,0.1332,0.1788,0.6513,0.1959,0.2305,0.6662
1594,1617,2018-12-21 01:00:00,24,0.1653,0.2072,0.67,0.1334,0.1789,0.6992,0.1973,0.232,0.6408
1595,1618,2018-12-21 02:00:00,24,0.17,0.2123,0.6708,0.1456,0.1933,0.6618,0.1944,0.2298,0.6797
1596,1619,2018-12-21 03:00:00,24,0.1672,0.2108,0.6991,0.148,0.1939,0.6704,0.1864,0.2264,0.7278
1597,1620,2018-12-21 04:00:00,24,0.1664,0.2105,0.7141,0.1505,0.1957,0.669,0.1824,0.2244,0.7591
1598,1621,2018-12-21 05:00:00,24,0.1661,0.2103,0.7236,0.1513,0.1959,0.6712,0.181,0.2238,0.7759
1599,1622,2018-12-21 06:00:00,24,0.1662,0.2103,0.7293,0.1518,0.1961,0.6733,0.1806,0.2236,0.7852
1600,1623,2018-12-21 07:00:00,24,0.1679,0.2108,0.7304,0.1525,0.1961,0.6754,0.1833,0.2245,0.7854
1601,1624,2018-12-21 08:00:00,24,0.1688,0.2112,0.728,0.1531,0.1962,0.6761,0.1846,0.2251,0.78
1602,1625,2018-12-21 09:00:00,24,0.1675,0.2103,0.7297,0.1507,0.1945,0.689,0.1844,0.225,0.7704
1603,1626,2018-12-21 10:00:00,24,0.1692,0.212,0.7059,0.1533,0.1972,0.6784,0.1852,0.2258,0.7333
1604,1627,2018-12-21 11:00:00,24,0.171,0.2127,0.6868,0.1584,0.1994,0.6717,0.1837,0.2252,0.7018
1605,1628,2018-12-21 12:00:00,24,0.1793,0.2208,0.6579,0.1672,0.2108,0.6518,0.1913,0.2303,0.664
1606,1629,2018-12-21 13:00:00,24,0.1809,0.2233,0.676,0.1757,0.2204,0.6717,0.1861,0.2261,0.6803
1607,1630,2018-12-21 14:00:00,24,0.1765,0.2162,0.7197,0.1664,0.2056,0.7461,0.1865,0.2262,0.6933
1608,1631,2018-12-21 15:00:00,24,0.1745,0.215,0.7477,0.1711,0.2078,0.7767,0.178,0.2219,0.7188
1609,1632,2018-12-21 16:00:00,24,0.176,0.2168,0.7489,0.1751,0.2119,0.7664,0.1769,0.2215,0.7315
1610,1633,2018-12-21 17:00:00,24,0.184,0.227,0.7151,0.1986,0.2433,0.6723,0.1694,0.2096,0.7578
1611,1634,2018-12-21 18:00:00,24,0.1889,0.2313,0.7054,0.2031,0.2494,0.6578,0.1746,0.2118,0.753
1612,1635,2018-12-21 19:00:00,24,0.1892,0.2307,0.7086,0.1982,0.2454,0.6669,0.1802,0.2149,0.7504
1613,1636,2018-12-21 20:00:00,24,0.1825,0.2239,0.7253,0.1966,0.2438,0.6759,0.1685,0.2021,0.7747
1614,1637,2018-12-21 21:00:00,24,0.1938,0.2505,0.6419,0.1996,0.2487,0.6682,0.188,0.2523,0.6157
1615,1638,2018-12-21 22:00:00,24,0.2034,0.2751,0.6336,0.1943,0.2459,0.6765,0.2125,0.3014,0.5907
1616,1639,2018-12-21 23:00:00,24,0.2073,0.2776,0.6613,0.2147,0.2654,0.6041,0.1999,0.2893,0.7185
1617,1640,2018-12-22 00:00:00,24,0.2082,0.2768,0.6615,0.2271,0.2728,0.5457,0.1894,0.2807,0.7772
1618,1641,2018-12-22 01:00:00,24,0.2063,0.2752,0.6506,0.2291,0.2739,0.4975,0.1835,0.2765,0.8036
1619,1642,2018-12-22 02:00:00,24,0.1991,0.2699,0.6654,0.217,0.264,0.5157,0.1813,0.2756,0.8151
1620,1643,2018-12-22 03:00:00,24,0.2014,0.2704,0.6551,0.2168,0.264,0.4905,0.1861,0.2766,0.8198
1621,1644,2018-12-22 04:00:00,24,0.2004,0.2698,0.6506,0.2127,0.2621,0.4791,0.1881,0.2772,0.8221
1622,1645,2018-12-22 05:00:00,24,0.2002,0.2698,0.6409,0.2114,0.2618,0.458,0.1889,0.2775,0.8237
1623,1646,2018-12-22 06:00:00,24,0.2002,0.2698,0.6283,0.2109,0.2617,0.4323,0.1894,0.2777,0.8243
1624,1647,2018-12-22 07:00:00,24,0.1997,0.2697,0.6101,0.2112,0.2618,0.3952,0.1883,0.2773,0.8251
1625,1648,2018-12-22 08:00:00,24,0.1975,0.269,0.59,0.2093,0.2616,0.3553,0.1856,0.2763,0.8247
1626,1649,2018-12-22 09:00:00,24,0.1961,0.2681,0.5438,0.2097,0.2617,0.2596,0.1825,0.2743,0.8279
1627,1650,2018-12-22 10:00:00,24,0.1944,0.267,0.5292,0.2057,0.2589,0.2302,0.1831,0.2749,0.8283
1628,1651,2018-12-22 11:00:00,24,0.1933,0.2665,0.5245,0.2032,0.2578,0.2194,0.1833,0.2749,0.8296
1629,1652,2018-12-22 12:00:00,24,0.1815,0.2587,0.5626,0.1887,0.2464,0.2933,0.1744,0.2704,0.8319
1630,1653,2018-12-22 13:00:00,24,0.1776,0.2549,0.5683,0.1813,0.2387,0.3121,0.1739,0.2702,0.8245
1631,1654,2018-12-22 14:00:00,24,0.1809,0.2569,0.5331,0.1801,0.2376,0.2615,0.1817,0.2749,0.8048
1632,1655,2018-12-22 15:00:00,24,0.1812,0.2566,0.4763,0.1779,0.2364,0.1628,0.1844,0.2753,0.7899
1633,1656,2018-12-22 16:00:00,24,0.1758,0.2536,0.5092,0.1682,0.2302,0.2475,0.1833,0.2751,0.7708
1634,1657,2018-12-22 17:00:00,24,0.1604,0.2366,0.6073,0.1454,0.1969,0.4453,0.1754,0.2705,0.7693
1635,1658,2018-12-22 18:00:00,24,0.1515,0.2294,0.654,0.1335,0.1817,0.5501,0.1695,0.2687,0.7578
1636,1659,2018-12-22 19:00:00,24,0.1488,0.2279,0.6524,0.1333,0.1815,0.5673,0.1642,0.2662,0.7375
1637,1660,2018-12-22 20:00:00,24,0.1439,0.2252,0.649,0.1262,0.1756,0.5958,0.1616,0.2657,0.7023
1638,1661,2018-12-22 21:00:00,24,0.1211,0.1816,0.7135,0.1111,0.1517,0.6077,0.1311,0.2073,0.8194
1639,1662,2018-12-22 22:00:00,24,0.1113,0.1462,0.659,0.1098,0.1512,0.4113,0.1127,0.141,0.9066
1640,1663,2018-12-22 23:00:00,24,0.119,0.1725,0.7528,0.098,0.121,0.7033,0.14,0.2119,0.8024
1641,1664,2018-12-23 00:00:00,24,0.124,0.1844,0.8244,0.0897,0.1058,0.83,0.1582,0.2384,0.8189
1642,1665,2018-12-23 01:00:00,24,0.1309,0.196,0.8627,0.0887,0.1042,0.8637,0.1732,0.2569,0.8616
1643,1666,2018-12-23 02:00:00,24,0.1403,0.2074,0.8309,0.1047,0.1391,0.7629,0.176,0.2583,0.8989
1644,1667,2018-12-23 03:00:00,24,0.1395,0.2074,0.8398,0.1073,0.1411,0.7592,0.1718,0.2572,0.9205
1645,1668,2018-12-23 04:00:00,24,0.1385,0.2071,0.8458,0.1083,0.1416,0.7586,0.1688,0.2563,0.933
1646,1669,2018-12-23 05:00:00,24,0.1377,0.2067,0.8501,0.1089,0.1419,0.7595,0.1665,0.2556,0.9407
1647,1670,2018-12-23 06:00:00,24,0.1373,0.2066,0.8534,0.1084,0.1417,0.7616,0.1661,0.2554,0.9451
1648,1671,2018-12-23 07:00:00,24,0.1377,0.2068,0.8552,0.1083,0.1417,0.763,0.1671,0.2558,0.9473
1649,1672,2018-12-23 08:00:00,24,0.1369,0.2065,0.8568,0.1092,0.1418,0.7648,0.1646,0.2553,0.9487
1650,1673,2018-12-23 09:00:00,24,0.1398,0.2093,0.8618,0.1097,0.1423,0.7755,0.1699,0.2596,0.948
1651,1674,2018-12-23 10:00:00,24,0.1351,0.2057,0.8694,0.1062,0.1399,0.7897,0.1639,0.2551,0.9492
1652,1675,2018-12-23 11:00:00,24,0.1364,0.2064,0.8686,0.1065,0.1401,0.79,0.1662,0.2561,0.9471
1653,1676,2018-12-23 12:00:00,24,0.1401,0.2077,0.8615,0.1113,0.1428,0.7787,0.1688,0.2567,0.9444
1654,1677,2018-12-23 13:00:00,24,0.1413,0.2102,0.846,0.1167,0.1514,0.7502,0.1659,0.2559,0.9418
1655,1678,2018-12-23 14:00:00,24,0.1431,0.2175,0.8426,0.1101,0.1461,0.7499,0.1761,0.2707,0.9353
1656,1679,2018-12-23 15:00:00,24,0.1524,0.2336,0.8276,0.1067,0.1448,0.728,0.1982,0.2969,0.9272
1657,1680,2018-12-23 16:00:00,24,0.1556,0.2347,0.8153,0.1113,0.1475,0.7007,0.2,0.2974,0.93
1658,1681,2018-12-23 17:00:00,24,0.161,0.2373,0.8105,0.1177,0.1524,0.6899,0.2044,0.2991,0.931
1659,1682,2018-12-23 18:00:00,24,0.1684,0.2426,0.7634,0.1278,0.1664,0.5955,0.2089,0.3001,0.9313
1660,1683,2018-12-23 19:00:00,24,0.1692,0.2433,0.7378,0.1302,0.1687,0.5468,0.2083,0.3,0.9289
1661,1684,2018-12-23 20:00:00,24,0.171,0.2438,0.7343,0.1308,0.1689,0.5466,0.2112,0.3006,0.9221
1662,1685,2018-12-23 21:00:00,24,0.1739,0.2466,0.7007,0.1393,0.1778,0.4923,0.2085,0.3001,0.909
1663,1686,2018-12-23 22:00:00,24,0.1714,0.2434,0.7118,0.1386,0.1777,0.52,0.2042,0.2948,0.9036
1664,1687,2018-12-23 23:00:00,24,0.1628,0.2223,0.7626,0.1378,0.1768,0.5956,0.1878,0.26,0.9297
1665,1688,2018-12-24 00:00:00,24,0.1578,0.2118,0.7716,0.1434,0.1823,0.5958,0.1723,0.2376,0.9474
1666,1689,2018-12-24 01:00:00,24,0.1576,0.2118,0.707,0.1573,0.2055,0.4545,0.1579,0.2178,0.9595
1667,1690,2018-12-24 02:00:00,24,0.1538,0.2047,0.7529,0.1467,0.1877,0.5455,0.161,0.2205,0.9602
1668,1691,2018-12-24 03:00:00,24,0.1578,0.2092,0.7565,0.1416,0.1856,0.5567,0.1741,0.2305,0.9563
1669,1692,2018-12-24 04:00:00,24,0.1616,0.2124,0.7553,0.1398,0.1849,0.5583,0.1834,0.2367,0.9523
1670,1693,2018-12-24 05:00:00,24,0.1653,0.2157,0.7534,0.138,0.1845,0.5602,0.1926,0.2429,0.9465
1671,1694,2018-12-24 06:00:00,24,0.1686,0.2181,0.7501,0.138,0.1845,0.5605,0.1992,0.2472,0.9396
1672,1695,2018-12-24 07:00:00,24,0.1725,0.221,0.7445,0.1391,0.1847,0.559,0.206,0.2522,0.9299
1673,1696,2018-12-24 08:00:00,24,0.1799,0.226,0.738,0.1411,0.1852,0.5595,0.2188,0.2605,0.9165
1674,1697,2018-12-24 09:00:00,24,0.1779,0.2241,0.7338,0.1408,0.1851,0.5539,0.215,0.2573,0.9137
1675,1698,2018-12-24 10:00:00,24,0.1763,0.2235,0.7314,0.141,0.1851,0.5515,0.2116,0.2562,0.9113
1676,1699,2018-12-24 11:00:00,24,0.1753,0.2233,0.733,0.1385,0.1842,0.5581,0.2121,0.2565,0.9079
1677,1700,2018-12-24 12:00:00,24,0.1755,0.2246,0.7356,0.1425,0.1882,0.5651,0.2085,0.2558,0.9062
1678,1701,2018-12-24 13:00:00,24,0.1743,0.2228,0.7573,0.1394,0.1838,0.6112,0.2092,0.2559,0.9035
1679,1702,2018-12-24 14:00:00,24,0.1733,0.2184,0.7814,0.154,0.2,0.6431,0.1927,0.2354,0.9197
1680,1703,2018-12-24 15:00:00,24,0.1656,0.2023,0.8271,0.1607,0.2034,0.7103,0.1704,0.2012,0.9438
1681,1704,2018-12-24 16:00:00,24,0.1632,0.2012,0.8502,0.1575,0.2017,0.7541,0.1689,0.2006,0.9462
1682,1705,2018-12-24 17:00:00,24,0.1684,0.2084,0.8452,0.158,0.2021,0.7521,0.1789,0.2145,0.9383
1683,1706,2018-12-24 18:00:00,24,0.1749,0.2221,0.8466,0.1499,0.1921,0.7766,0.2,0.2485,0.9166
1684,1707,2018-12-24 19:00:00,24,0.1829,0.237,0.8424,0.1424,0.1881,0.7834,0.2234,0.2774,0.9014
1685,1708,2018-12-24 20:00:00,24,0.189,0.2439,0.8445,0.1413,0.1877,0.7842,0.2367,0.2894,0.9047
1686,1709,2018-12-24 21:00:00,24,0.1944,0.2508,0.8609,0.1329,0.1794,0.8102,0.256,0.306,0.9116
1687,1710,2018-12-24 22:00:00,24,0.1989,0.2538,0.8663,0.1391,0.1827,0.8062,0.2588,0.309,0.9263
1688,1711,2018-12-24 23:00:00,24,0.1998,0.2582,0.8748,0.1347,0.1794,0.8117,0.2648,0.318,0.9379
1689,1712,2018-12-25 00:00:00,24,0.2023,0.263,0.8964,0.1282,0.1733,0.8455,0.2764,0.3292,0.9474
1690,1713,2018-12-25 01:00:00,24,0.1962,0.2549,0.9332,0.1142,0.1449,0.9092,0.2781,0.33,0.9572
1691,1714,2018-12-25 02:00:00,24,0.2023,0.266,0.911,0.1307,0.1847,0.8581,0.2738,0.3277,0.964
1692,1715,2018-12-25 03:00:00,24,0.211,0.2737,0.894,0.1495,0.208,0.8202,0.2725,0.3265,0.9679
1693,1716,2018-12-25 04:00:00,24,0.214,0.2762,0.894,0.1518,0.2089,0.8187,0.2763,0.33,0.9692
1694,1717,2018-12-25 05:00:00,24,0.217,0.2788,0.8939,0.1535,0.2092,0.8185,0.2806,0.3343,0.9694
1695,1718,2018-12-25 06:00:00,24,0.2196,0.2819,0.8938,0.1529,0.2091,0.8191,0.2862,0.3394,0.9685
1696,1719,2018-12-25 07:00:00,24,0.2232,0.287,0.8929,0.1519,0.2089,0.8199,0.2944,0.348,0.966
1697,1720,2018-12-25 08:00:00,24,0.22,0.285,0.8928,0.1492,0.2084,0.8208,0.2907,0.3451,0.9648
1698,1721,2018-12-25 09:00:00,24,0.2253,0.2898,0.8894,0.1513,0.2099,0.8182,0.2992,0.3519,0.9606
1699,1722,2018-12-25 10:00:00,24,0.2329,0.2941,0.8865,0.1543,0.2112,0.8175,0.3115,0.3583,0.9555
1700,1723,2018-12-25 11:00:00,24,0.2315,0.2937,0.8854,0.1536,0.2112,0.8189,0.3095,0.3576,0.9518
1701,1724,2018-12-25 12:00:00,24,0.2321,0.2936,0.8848,0.1534,0.2109,0.8225,0.3107,0.3577,0.9472
1702,1725,2018-12-25 13:00:00,24,0.2321,0.2934,0.8846,0.1527,0.2102,0.8277,0.3114,0.3578,0.9415
1703,1726,2018-12-25 14:00:00,24,0.223,0.2877,0.8898,0.1379,0.1948,0.8443,0.3081,0.3572,0.9352
1704,1727,2018-12-25 15:00:00,24,0.221,0.2868,0.8812,0.1336,0.192,0.8355,0.3083,0.3572,0.9268
1705,1728,2018-12-25 16:00:00,24,0.2253,0.2886,0.8684,0.1362,0.1932,0.8217,0.3145,0.3596,0.9152
1706,1729,2018-12-25 17:00:00,24,0.2216,0.2845,0.8703,0.1364,0.1935,0.8288,0.3067,0.3527,0.9119
1707,1730,2018-12-25 18:00:00,24,0.2076,0.2691,0.882,0.1333,0.1917,0.8413,0.282,0.3288,0.9227
1708,1731,2018-12-25 19:00:00,24,0.2069,0.2614,0.8798,0.1443,0.1997,0.828,0.2695,0.311,0.9316
1709,1732,2018-12-25 20:00:00,24,0.213,0.2676,0.8742,0.1519,0.2053,0.8199,0.2741,0.3179,0.9286
1710,1733,2018-12-25 21:00:00,24,0.2122,0.2671,0.8758,0.1506,0.2048,0.8229,0.2737,0.3174,0.9287
1711,1734,2018-12-25 22:00:00,24,0.2126,0.2716,0.8799,0.1448,0.202,0.8355,0.2804,0.3267,0.9243
1712,1735,2018-12-25 23:00:00,24,0.2112,0.2691,0.8848,0.1447,0.202,0.8442,0.2777,0.3225,0.9253
1713,1736,2018-12-26 00:00:00,24,0.207,0.264,0.8757,0.1528,0.2093,0.8241,0.2612,0.3092,0.9272
1714,1737,2018-12-26 01:00:00,24,0.2151,0.2774,0.8224,0.1725,0.2434,0.7244,0.2577,0.3076,0.9204
1715,1738,2018-12-26 02:00:00,24,0.2137,0.2719,0.8293,0.1645,0.2264,0.7497,0.2628,0.3107,0.909
1716,1739,2018-12-26 03:00:00,24,0.2063,0.2644,0.8454,0.1483,0.2058,0.7931,0.2643,0.3122,0.8978
1717,1740,2018-12-26 04:00:00,24,0.2009,0.2605,0.8457,0.1441,0.2047,0.7975,0.2576,0.3062,0.8939
1718,1741,2018-12-26 05:00:00,24,0.1975,0.2567,0.8466,0.1438,0.2046,0.7998,0.2512,0.2999,0.8934
1719,1742,2018-12-26 06:00:00,24,0.1954,0.2531,0.8483,0.1464,0.2053,0.8004,0.2443,0.2931,0.8961
1720,1743,2018-12-26 07:00:00,24,0.1897,0.2456,0.8535,0.1468,0.2054,0.8022,0.2326,0.2801,0.9049
1721,1744,2018-12-26 08:00:00,24,0.19,0.2453,0.8545,0.1481,0.2055,0.8035,0.2319,0.2795,0.9055
1722,1745,2018-12-26 09:00:00,24,0.1853,0.2411,0.8597,0.1432,0.2027,0.81,0.2274,0.2742,0.9093
1723,1746,2018-12-26 10:00:00,24,0.176,0.2355,0.8629,0.138,0.201,0.8125,0.214,0.2656,0.9132
1724,1747,2018-12-26 11:00:00,24,0.1813,0.2395,0.8574,0.1399,0.2014,0.81,0.2227,0.2723,0.9048
1725,1748,2018-12-26 12:00:00,24,0.182,0.2391,0.8526,0.1365,0.1982,0.8071,0.2276,0.274,0.8981
1726,1749,2018-12-26 13:00:00,24,0.1862,0.2458,0.8274,0.1466,0.2144,0.7617,0.2257,0.2737,0.8931
1727,1750,2018-12-26 14:00:00,24,0.1923,0.2503,0.8169,0.1589,0.2244,0.7462,0.2257,0.2737,0.8876
1728,1751,2018-12-26 15:00:00,24,0.1922,0.2506,0.8153,0.156,0.2238,0.7511,0.2284,0.2747,0.8794
1729,1752,2018-12-26 16:00:00,24,0.1893,0.2489,0.8125,0.1537,0.2228,0.7555,0.2249,0.2726,0.8695
1730,1753,2018-12-26 17:00:00,24,0.1845,0.2461,0.8068,0.1511,0.2207,0.7609,0.2179,0.269,0.8527
1731,1754,2018-12-26 18:00:00,24,0.1887,0.2481,0.7946,0.157,0.2245,0.7656,0.2204,0.2696,0.8235
1732,1755,2018-12-26 19:00:00,24,0.1843,0.244,0.8037,0.1554,0.2227,0.7974,0.2132,0.2637,0.8099
1733,1756,2018-12-26 20:00:00,24,0.1724,0.2303,0.8276,0.1509,0.219,0.8186,0.1939,0.2411,0.8367
1734,1757,2018-12-26 21:00:00,24,0.1757,0.2327,0.8241,0.1564,0.2218,0.8091,0.1949,0.2432,0.8392
1735,1758,2018-12-26 22:00:00,24,0.1733,0.2283,0.8264,0.1561,0.2218,0.7913,0.1906,0.2346,0.8614
1736,1759,2018-12-26 23:00:00,24,0.1811,0.2399,0.8076,0.1644,0.2284,0.7477,0.1977,0.2509,0.8674
1737,1760,2018-12-27 00:00:00,24,0.185,0.2482,0.822,0.1526,0.221,0.7599,0.2173,0.2727,0.8842
1738,1761,2018-12-27 01:00:00,24,0.1876,0.2608,0.7988,0.1617,0.2492,0.6878,0.2135,0.272,0.9098
1739,1762,2018-12-27 02:00:00,24,0.1851,0.2598,0.8042,0.163,0.2514,0.6808,0.2072,0.2679,0.9277
1740,1763,2018-12-27 03:00:00,24,0.1854,0.2588,0.8043,0.1686,0.2547,0.6695,0.2023,0.2628,0.9391
1741,1764,2018-12-27 04:00:00,24,0.1909,0.2618,0.7978,0.1759,0.2573,0.6534,0.2059,0.2661,0.9423
1742,1765,2018-12-27 05:00:00,24,0.194,0.264,0.79,0.1786,0.2582,0.637,0.2094,0.2696,0.9429
1743,1766,2018-12-27 06:00:00,24,0.1952,0.2651,0.7818,0.1785,0.2582,0.6212,0.2119,0.2718,0.9423
1744,1767,2018-12-27 07:00:00,24,0.1977,0.2666,0.7702,0.1803,0.2586,0.6003,0.2152,0.2744,0.9401
1745,1768,2018-12-27 08:00:00,24,0.1999,0.2687,0.7575,0.1804,0.2586,0.5797,0.2193,0.2784,0.9353
1746,1769,2018-12-27 09:00:00,24,0.2012,0.2698,0.7446,0.1813,0.2588,0.5604,0.2211,0.2803,0.9288
1747,1770,2018-12-27 10:00:00,24,0.2119,0.2766,0.724,0.1864,0.2601,0.5313,0.2374,0.2921,0.9166
1748,1771,2018-12-27 11:00:00,24,0.2072,0.2732,0.7131,0.1862,0.2601,0.5089,0.2283,0.2857,0.9173
1749,1772,2018-12-27 12:00:00,24,0.2072,0.2739,0.7033,0.1904,0.2632,0.4906,0.224,0.2842,0.9161
1750,1773,2018-12-27 13:00:00,24,0.2058,0.2708,0.7146,0.1859,0.2564,0.5161,0.2256,0.2844,0.9131
1751,1774,2018-12-27 14:00:00,24,0.2016,0.2671,0.7161,0.1765,0.2484,0.5227,0.2267,0.2846,0.9095
1752,1775,2018-12-27 15:00:00,24,0.199,0.2664,0.7032,0.1767,0.2484,0.4982,0.2214,0.2832,0.9083
1753,1776,2018-12-27 16:00:00,24,0.1976,0.2659,0.69,0.1764,0.2484,0.4727,0.2189,0.2824,0.9074
1754,1777,2018-12-27 17:00:00,24,0.1961,0.2654,0.6735,0.1714,0.2467,0.4402,0.2209,0.2829,0.9068
1755,1778,2018-12-27 18:00:00,24,0.1989,0.2671,0.6445,0.1725,0.2478,0.3828,0.2253,0.2852,0.9062
1756,1779,2018-12-27 19:00:00,24,0.1971,0.2659,0.6123,0.1702,0.2458,0.317,0.224,0.2847,0.9075
1757,1780,2018-12-27 20:00:00,24,0.2021,0.2691,0.5473,0.1714,0.2465,0.1918,0.2329,0.2899,0.9029
1758,1781,2018-12-27 21:00:00,24,0.2015,0.2688,0.5615,0.17,0.2455,0.2206,0.2331,0.2903,0.9025
1759,1782,2018-12-27 22:00:00,24,0.2115,0.2858,0.6112,0.175,0.2472,0.3383,0.2479,0.3197,0.8842
1760,1783,2018-12-27 23:00:00,24,0.2113,0.2832,0.5715,0.1802,0.2542,0.2484,0.2423,0.3094,0.8946
1761,1784,2018-12-28 00:00:00,24,0.212,0.2792,0.4247,0.1889,0.2578,-0.0531,0.2352,0.2991,0.9025
1762,1785,2018-12-28 01:00:00,24,0.205,0.2599,0.5797,0.1728,0.2133,0.256,0.2373,0.2993,0.9034
1763,1786,2018-12-28 02:00:00,24,0.2047,0.2574,0.6111,0.1671,0.2032,0.3216,0.2423,0.3019,0.9006
1764,1787,2018-12-28 03:00:00,24,0.2048,0.2576,0.6158,0.1657,0.2018,0.3336,0.244,0.3033,0.8979
1765,1788,2018-12-28 04:00:00,24,0.2021,0.2554,0.6227,0.163,0.1998,0.347,0.2411,0.3009,0.8983
1766,1789,2018-12-28 05:00:00,24,0.2025,0.2564,0.6171,0.1729,0.2111,0.3313,0.2322,0.2949,0.9028
1767,1790,2018-12-28 06:00:00,24,0.2003,0.2551,0.675,0.1781,0.2147,0.4423,0.2224,0.2899,0.9078
1768,1791,2018-12-28 07:00:00,24,0.1971,0.2528,0.7406,0.1791,0.2151,0.5683,0.2151,0.2855,0.9129
1769,1792,2018-12-28 08:00:00,24,0.2019,0.257,0.7208,0.1948,0.2314,0.5246,0.209,0.2803,0.917
1770,1793,2018-12-28 09:00:00,24,0.1981,0.2536,0.7258,0.197,0.2324,0.5312,0.1993,0.2732,0.9205
1771,1794,2018-12-28 10:00:00,24,0.1897,0.2466,0.7329,0.1929,0.231,0.5417,0.1865,0.2612,0.9241
1772,1795,2018-12-28 11:00:00,24,0.1901,0.2467,0.7257,0.1942,0.2314,0.5322,0.1861,0.2611,0.9192
1773,1796,2018-12-28 12:00:00,24,0.1924,0.2501,0.7126,0.1997,0.2387,0.512,0.1851,0.2609,0.9133
1774,1797,2018-12-28 13:00:00,24,0.1924,0.2486,0.7284,0.1924,0.2307,0.5528,0.1925,0.2653,0.9041
1775,1798,2018-12-28 14:00:00,24,0.2033,0.2581,0.7316,0.1984,0.2352,0.5738,0.2081,0.2791,0.8893
1776,1799,2018-12-28 15:00:00,24,0.2115,0.2637,0.745,0.1997,0.2353,0.6108,0.2232,0.2892,0.8792
1777,1800,2018-12-28 16:00:00,24,0.2166,0.2661,0.7605,0.2038,0.2373,0.6433,0.2293,0.2922,0.8777
1778,1801,2018-12-28 17:00:00,24,0.2187,0.2668,0.7723,0.2071,0.2382,0.6685,0.2303,0.2926,0.8761
1779,1802,2018-12-28 18:00:00,24,0.2132,0.2635,0.779,0.2014,0.234,0.6876,0.2249,0.2901,0.8704
1780,1803,2018-12-28 19:00:00,24,0.212,0.2636,0.7697,0.2026,0.2349,0.6858,0.2214,0.2894,0.8536
1781,1804,2018-12-28 20:00:00,24,0.2103,0.2624,0.7689,0.2004,0.2337,0.688,0.2202,0.2883,0.8498
1782,1805,2018-12-28 21:00:00,24,0.2083,0.263,0.7845,0.195,0.2318,0.6944,0.2216,0.2908,0.8746
1783,1806,2018-12-28 22:00:00,24,0.2044,0.2521,0.8042,0.1955,0.2322,0.6838,0.2133,0.2706,0.9246
1784,1807,2018-12-28 23:00:00,24,0.202,0.2484,0.8259,0.1919,0.2265,0.7035,0.2121,0.2684,0.9484
1785,1808,2018-12-29 00:00:00,24,0.2041,0.2504,0.8265,0.1973,0.2328,0.6905,0.2109,0.2669,0.9624
1786,1809,2018-12-29 01:00:00,24,0.2012,0.246,0.8473,0.1915,0.2231,0.7245,0.2109,0.2669,0.9701
1787,1810,2018-12-29 02:00:00,24,0.1949,0.2416,0.8604,0.187,0.218,0.7453,0.2028,0.2632,0.9754
1788,1811,2018-12-29 03:00:00,24,0.1884,0.2379,0.8699,0.1837,0.2159,0.7607,0.193,0.258,0.9791
1789,1812,2018-12-29 04:00:00,24,0.1844,0.2357,0.8772,0.1823,0.2152,0.773,0.1865,0.2545,0.9813
1790,1813,2018-12-29 05:00:00,24,0.1772,0.23,0.8959,0.1696,0.2031,0.8095,0.1848,0.254,0.9823
1791,1814,2018-12-29 06:00:00,24,0.1816,0.234,0.9052,0.1651,0.1996,0.8286,0.1982,0.264,0.9818
1792,1815,2018-12-29 07:00:00,24,0.185,0.2365,0.9122,0.1647,0.1994,0.8426,0.2052,0.2685,0.9819
1793,1816,2018-12-29 08:00:00,24,0.1855,0.239,0.9086,0.1679,0.2067,0.8354,0.203,0.2673,0.9819
1794,1817,2018-12-29 09:00:00,24,0.192,0.2441,0.9057,0.1719,0.2101,0.8316,0.2121,0.274,0.9799
1795,1818,2018-12-29 10:00:00,24,0.2047,0.2556,0.8967,0.1826,0.2181,0.8178,0.2268,0.2883,0.9756
1796,1819,2018-12-29 11:00:00,24,0.2145,0.2644,0.8917,0.1871,0.2211,0.8137,0.2418,0.3015,0.9696
1797,1820,2018-12-29 12:00:00,24,0.2185,0.2671,0.8966,0.1785,0.2101,0.8323,0.2585,0.3139,0.961
1798,1821,2018-12-29 13:00:00,24,0.2179,0.2677,0.8928,0.1744,0.2077,0.8333,0.2613,0.3164,0.9523
1799,1822,2018-12-29 14:00:00,24,0.2105,0.2606,0.8884,0.1677,0.2024,0.8305,0.2534,0.308,0.9463
1800,1823,2018-12-29 15:00:00,24,0.2136,0.2616,0.8754,0.1753,0.2075,0.8121,0.2519,0.3062,0.9388
1801,1824,2018-12-29 16:00:00,24,0.2168,0.2648,0.864,0.176,0.2081,0.7983,0.2576,0.3114,0.9297
1802,1825,2018-12-29 17:00:00,24,0.2254,0.2729,0.8524,0.1803,0.2113,0.7843,0.2705,0.3229,0.9206
1803,1826,2018-12-29 18:00:00,24,0.2372,0.2834,0.8464,0.1865,0.2165,0.7773,0.2878,0.3373,0.9154
1804,1827,2018-12-29 19:00:00,24,0.2373,0.2828,0.8463,0.1828,0.2137,0.7737,0.2918,0.3381,0.9189
1805,1828,2018-12-29 20:00:00,24,0.2417,0.2861,0.8402,0.189,0.2189,0.7596,0.2944,0.3402,0.9208
1806,1829,2018-12-29 21:00:00,24,0.2387,0.2797,0.8443,0.1914,0.2194,0.7599,0.286,0.3291,0.9288
1807,1830,2018-12-29 22:00:00,24,0.233,0.2737,0.852,0.1856,0.2172,0.7701,0.2805,0.3204,0.934
1808,1831,2018-12-29 23:00:00,24,0.2218,0.2622,0.869,0.1763,0.2082,0.7983,0.2673,0.3069,0.9398
1809,1832,2018-12-30 00:00:00,24,0.2258,0.2771,0.8215,0.1945,0.2521,0.7016,0.2572,0.3001,0.9415
1810,1833,2018-12-30 01:00:00,24,0.2295,0.2793,0.8188,0.1957,0.2537,0.6983,0.2633,0.3028,0.9393
1811,1834,2018-12-30 02:00:00,24,0.2362,0.2836,0.8168,0.1963,0.2542,0.6982,0.2762,0.3103,0.9354
1812,1835,2018-12-30 03:00:00,24,0.2426,0.2868,0.8133,0.1982,0.2551,0.6938,0.2869,0.3154,0.9328
1813,1836,2018-12-30 04:00:00,24,0.2462,0.2885,0.8078,0.1989,0.2553,0.6848,0.2934,0.3182,0.9309
1814,1837,2018-12-30 05:00:00,24,0.2508,0.2908,0.7972,0.1999,0.2556,0.6656,0.3017,0.3222,0.9288
1815,1838,2018-12-30 06:00:00,24,0.2484,0.2886,0.7711,0.1987,0.2551,0.6151,0.2981,0.3186,0.9272
1816,1839,2018-12-30 07:00:00,24,0.2468,0.2884,0.6994,0.1954,0.2545,0.4785,0.2982,0.3188,0.9203
1817,1840,2018-12-30 08:00:00,24,0.2402,0.2815,0.7013,0.1758,0.2333,0.4918,0.3047,0.3225,0.9107
1818,1841,2018-12-30 09:00:00,24,0.2367,0.279,0.6854,0.1706,0.2297,0.464,0.3029,0.3209,0.9069
1819,1842,2018-12-30 10:00:00,24,0.232,0.2745,0.7038,0.1638,0.2235,0.4956,0.3002,0.3174,0.912
1820,1843,2018-12-30 11:00:00,24,0.2254,0.2676,0.7094,0.1639,0.2235,0.4951,0.2869,0.3054,0.9236
1821,1844,2018-12-30 12:00:00,24,0.2189,0.2619,0.716,0.1673,0.2268,0.4975,0.2704,0.2927,0.9346
1822,1845,2018-12-30 13:00:00,24,0.2265,0.273,0.7092,0.1702,0.2281,0.4931,0.2827,0.3116,0.9253
1823,1846,2018-12-30 14:00:00,24,0.2327,0.2847,0.7031,0.167,0.2275,0.4959,0.2983,0.3322,0.9103
1824,1847,2018-12-30 15:00:00,24,0.2389,0.2924,0.6935,0.1777,0.2438,0.4829,0.3001,0.334,0.9041
1825,1848,2018-12-30 16:00:00,24,0.2375,0.2915,0.7237,0.1756,0.2425,0.5468,0.2994,0.3334,0.9006
1826,1849,2018-12-30 17:00:00,24,0.2266,0.2834,0.7395,0.1711,0.2397,0.5729,0.282,0.3212,0.9061
1827,1850,2018-12-30 18:00:00,24,0.2146,0.2731,0.7496,0.161,0.2339,0.5853,0.2681,0.3072,0.9139
1828,1851,2018-12-30 19:00:00,24,0.2198,0.277,0.7514,0.1627,0.235,0.5926,0.2769,0.3134,0.9102
1829,1852,2018-12-30 20:00:00,24,0.2151,0.2745,0.7417,0.165,0.2377,0.571,0.2653,0.3069,0.9125
1830,1853,2018-12-30 21:00:00,24,0.2157,0.274,0.7424,0.1682,0.2392,0.5747,0.2632,0.3048,0.9101
1831,1854,2018-12-30 22:00:00,24,0.2172,0.2757,0.7379,0.1691,0.2393,0.5743,0.2652,0.3079,0.9015
1832,1855,2018-12-30 23:00:00,24,0.2311,0.2903,0.6356,0.1857,0.2588,0.3835,0.2764,0.3186,0.8876
1833,1856,2018-12-31 00:00:00,24,0.2219,0.2711,0.7376,0.1631,0.2105,0.5927,0.2807,0.3204,0.8826
1834,1857,2018-12-31 01:00:00,24,0.2206,0.2696,0.7431,0.1607,0.2067,0.6073,0.2806,0.3203,0.8788
1835,1858,2018-12-31 02:00:00,24,0.2187,0.2679,0.7456,0.1585,0.2048,0.6135,0.2789,0.3187,0.8777
1836,1859,2018-12-31 03:00:00,24,0.2196,0.2703,0.7452,0.1554,0.2031,0.6194,0.2838,0.3239,0.8709
1837,1860,2018-12-31 04:00:00,24,0.2208,0.2727,0.744,0.1526,0.2022,0.6227,0.289,0.3283,0.8654
1838,1861,2018-12-31 05:00:00,24,0.22,0.2731,0.7449,0.1498,0.2017,0.625,0.2903,0.3293,0.8647
1839,1862,2018-12-31 06:00:00,24,0.219,0.2733,0.7469,0.1468,0.2012,0.6272,0.2912,0.3301,0.8665
1840,1863,2018-12-31 07:00:00,24,0.2206,0.2747,0.748,0.1476,0.2012,0.6263,0.2937,0.3322,0.8697
1841,1864,2018-12-31 08:00:00,24,0.2219,0.2759,0.7508,0.1477,0.2012,0.6261,0.2961,0.3343,0.8756
1842,1865,2018-12-31 09:00:00,24,0.2202,0.2753,0.7474,0.1538,0.2065,0.611,0.2866,0.3301,0.8838
1843,1866,2018-12-31 10:00:00,24,0.2142,0.2701,0.753,0.1515,0.2054,0.6142,0.2769,0.3221,0.8917
1844,1867,2018-12-31 11:00:00,24,0.2168,0.2722,0.757,0.15,0.204,0.6198,0.2837,0.3264,0.8942
1845,1868,2018-12-31 12:00:00,24,0.2185,0.2722,0.766,0.1464,0.2003,0.6321,0.2906,0.3288,0.9
1846,1869,2018-12-31 13:00:00,24,0.2068,0.2579,0.785,0.142,0.1984,0.6456,0.2716,0.306,0.9244
1847,1870,2018-12-31 14:00:00,24,0.1961,0.2426,0.7985,0.1453,0.1992,0.6523,0.2469,0.2793,0.9448
1848,1871,2018-12-31 15:00:00,24,0.1886,0.2318,0.8201,0.1331,0.177,0.6902,0.2442,0.2759,0.9499
1849,1872,2018-12-31 16:00:00,24,0.1863,0.23,0.792,0.1304,0.1756,0.6322,0.2423,0.2738,0.9519
1850,1873,2018-12-31 17:00:00,24,0.188,0.2304,0.7684,0.1298,0.1753,0.5845,0.2462,0.2747,0.9523
1851,1874,2018-12-31 18:00:00,24,0.1945,0.2373,0.7557,0.1316,0.1756,0.5614,0.2574,0.286,0.95
1852,1875,2018-12-31 19:00:00,24,0.2104,0.2653,0.6543,0.146,0.2008,0.3652,0.2749,0.3169,0.9435
1853,1876,2018-12-31 20:00:00,24,0.2239,0.2832,0.6584,0.1452,0.1996,0.377,0.3026,0.3472,0.9397
1854,1877,2018-12-31 21:00:00,24,0.2186,0.2799,0.6125,0.1427,0.1981,0.2794,0.2945,0.3427,0.9455
1855,1878,2018-12-31 22:00:00,24,0.2152,0.2731,0.5241,0.1476,0.2005,0.0993,0.2827,0.3301,0.9489
1856,1879,2018-12-31 23:00:00,24,0.2029,0.2588,0.7243,0.1313,0.1746,0.5022,0.2745,0.3217,0.9463
1857,1880,2019-01-01 00:00:00,24,0.2,0.2578,0.8086,0.1229,0.1683,0.6826,0.2771,0.3234,0.9347
1858,1881,2019-01-01 01:00:00,24,0.1977,0.2583,0.8614,0.1113,0.1574,0.8089,0.2841,0.3297,0.9139
1859,1882,2019-01-01 02:00:00,24,0.2032,0.2715,0.7905,0.1326,0.2054,0.6897,0.2738,0.3244,0.8912
1860,1883,2019-01-01 03:00:00,24,0.1986,0.2665,0.7784,0.1362,0.2074,0.6899,0.2611,0.3147,0.8669
1861,1884,2019-01-01 04:00:00,24,0.1952,0.2627,0.7616,0.1393,0.2084,0.6872,0.251,0.3076,0.8359
1862,1885,2019-01-01 05:00:00,24,0.1936,0.2605,0.7379,0.1439,0.2098,0.679,0.2433,0.3028,0.7968
1863,1886,2019-01-01 06:00:00,24,0.1897,0.2574,0.7145,0.1448,0.2098,0.6721,0.2347,0.2975,0.7569
1864,1887,2019-01-01 07:00:00,24,0.1893,0.2575,0.698,0.1437,0.2097,0.6642,0.2349,0.2977,0.7317
1865,1888,2019-01-01 08:00:00,24,0.191,0.2587,0.6979,0.1456,0.2102,0.6506,0.2364,0.2994,0.7452
1866,1889,2019-01-01 09:00:00,24,0.1938,0.2622,0.717,0.1366,0.2041,0.6682,0.251,0.3096,0.7657
1867,1890,2019-01-01 10:00:00,24,0.2072,0.2762,0.6863,0.1552,0.2294,0.6084,0.2592,0.3162,0.7642
1868,1891,2019-01-01 11:00:00,24,0.21,0.2818,0.6848,0.1518,0.2276,0.6268,0.2681,0.3271,0.7428
1869,1892,2019-01-01 12:00:00,24,0.2172,0.294,0.6592,0.1482,0.2256,0.6213,0.2862,0.3492,0.6972
1870,1893,2019-01-01 13:00:00,24,0.2309,0.3143,0.6176,0.1492,0.2258,0.5789,0.3125,0.3829,0.6564
1871,1894,2019-01-01 14:00:00,24,0.2461,0.3334,0.5884,0.1483,0.2255,0.5002,0.3438,0.414,0.6767
1872,1895,2019-01-01 15:00:00,24,0.2519,0.3459,0.6099,0.1421,0.2222,0.4773,0.3616,0.4358,0.7425
1873,1896,2019-01-01 16:00:00,24,0.2615,0.3616,0.6385,0.1406,0.2219,0.4706,0.3823,0.4607,0.8065
1874,1897,2019-01-01 17:00:00,24,0.273,0.3742,0.6702,0.1401,0.2217,0.481,0.4059,0.4806,0.8595
1875,1898,2019-01-01 18:00:00,24,0.2713,0.3726,0.6996,0.14,0.2217,0.4987,0.4026,0.478,0.9004
1876,1899,2019-01-01 19:00:00,24,0.2593,0.3576,0.6729,0.14,0.2216,0.4155,0.3786,0.4546,0.9302
1877,1900,2019-01-01 20:00:00,24,0.2439,0.3424,0.6111,0.138,0.2192,0.2752,0.3498,0.4318,0.947
1878,1901,2019-01-01 21:00:00,24,0.248,0.3441,0.5878,0.1417,0.2214,0.2232,0.3543,0.4334,0.9523
1879,1902,2019-01-01 22:00:00,24,0.2442,0.3426,0.614,0.1384,0.2197,0.2715,0.3501,0.4318,0.9565
1880,1903,2019-01-01 23:00:00,24,0.2443,0.3436,0.586,0.1475,0.2282,0.2119,0.3411,0.429,0.9601
1881,1904,2019-01-02 00:00:00,24,0.2407,0.3419,0.5852,0.1477,0.2282,0.2075,0.3337,0.4263,0.963
1882,1905,2019-01-02 01:00:00,24,0.2345,0.3379,0.5662,0.1473,0.2282,0.1663,0.3218,0.4198,0.9661
1883,1906,2019-01-02 02:00:00,24,0.2225,0.3242,0.7493,0.1225,0.184,0.5309,0.3225,0.4199,0.9676
1884,1907,2019-01-02 03:00:00,24,0.2209,0.3237,0.7862,0.1178,0.1814,0.6039,0.3241,0.4203,0.9685
1885,1908,2019-01-02 04:00:00,24,0.2204,0.3236,0.8125,0.116,0.1806,0.656,0.3249,0.4205,0.969
1886,1909,2019-01-02 05:00:00,24,0.22,0.3235,0.8305,0.1141,0.1796,0.6922,0.3259,0.4208,0.9689
1887,1910,2019-01-02 06:00:00,24,0.2226,0.3249,0.8163,0.1224,0.1852,0.6645,0.3227,0.4205,0.9682
1888,1911,2019-01-02 07:00:00,24,0.2279,0.3272,0.7897,0.132,0.1912,0.6139,0.3239,0.4214,0.9655
1889,1912,2019-01-02 08:00:00,24,0.2269,0.3271,0.7618,0.1297,0.1906,0.5633,0.3241,0.4216,0.9602
1890,1913,2019-01-02 09:00:00,24,0.2271,0.3279,0.7228,0.1288,0.1905,0.4965,0.3254,0.4228,0.9491
1891,1914,2019-01-02 10:00:00,24,0.217,0.3192,0.8018,0.109,0.1587,0.6727,0.3251,0.4226,0.931
1892,1915,2019-01-02 11:00:00,24,0.2115,0.3128,0.8074,0.1086,0.1585,0.7101,0.3145,0.4131,0.9048
1893,1916,2019-01-02 12:00:00,24,0.1973,0.2991,0.8065,0.1063,0.1578,0.7449,0.2883,0.3925,0.8681
1894,1917,2019-01-02 13:00:00,24,0.1844,0.2782,0.8048,0.112,0.1622,0.7809,0.2567,0.3585,0.8288
1895,1918,2019-01-02 14:00:00,24,0.1745,0.2576,0.8098,0.1149,0.164,0.8228,0.2341,0.3253,0.7969
1896,1919,2019-01-02 15:00:00,24,0.1638,0.2364,0.8298,0.1203,0.1676,0.8545,0.2073,0.2893,0.805
1897,1920,2019-01-02 16:00:00,24,0.1509,0.2086,0.8705,0.1207,0.1677,0.8744,0.1811,0.2428,0.8666
1898,1921,2019-01-02 17:00:00,24,0.1439,0.1894,0.9011,0.1228,0.1689,0.8864,0.165,0.208,0.9158
1899,1922,2019-01-02 18:00:00,24,0.1486,0.1939,0.9094,0.1308,0.1758,0.8906,0.1664,0.2103,0.9282
1900,1923,2019-01-02 19:00:00,24,0.1478,0.1913,0.9317,0.1176,0.1478,0.9321,0.178,0.2266,0.9312
1901,1924,2019-01-02 20:00:00,24,0.1453,0.1886,0.9409,0.111,0.1403,0.9425,0.1796,0.2268,0.9393
1902,1925,2019-01-02 21:00:00,24,0.1453,0.1887,0.946,0.1101,0.1392,0.9462,0.1806,0.2277,0.9458
1903,1926,2019-01-02 22:00:00,24,0.1456,0.1888,0.948,0.1114,0.14,0.9463,0.1799,0.2274,0.9497
1904,1927,2019-01-02 23:00:00,24,0.1444,0.1867,0.9527,0.0993,0.1242,0.9572,0.1894,0.233,0.9482
1905,1928,2019-01-03 00:00:00,24,0.1472,0.1886,0.9507,0.0997,0.1243,0.9556,0.1947,0.236,0.9459
1906,1929,2019-01-03 01:00:00,24,0.1495,0.1902,0.9476,0.1001,0.1244,0.9532,0.1989,0.2385,0.9419
1907,1930,2019-01-03 02:00:00,24,0.15,0.1908,0.9433,0.0976,0.1236,0.9501,0.2024,0.2399,0.9365
1908,1931,2019-01-03 03:00:00,24,0.148,0.19,0.9373,0.097,0.1234,0.9449,0.199,0.2387,0.9296
1909,1932,2019-01-03 04:00:00,24,0.1451,0.189,0.9276,0.0955,0.1228,0.9371,0.1946,0.2375,0.918
1910,1933,2019-01-03 05:00:00,24,0.1445,0.1891,0.9101,0.0935,0.122,0.9252,0.1956,0.238,0.895
1911,1934,2019-01-03 06:00:00,24,0.1423,0.1868,0.8906,0.0872,0.1143,0.9287,0.1973,0.2382,0.8525
1912,1935,2019-01-03 07:00:00,24,0.1333,0.1774,0.8772,0.0816,0.1058,0.9412,0.185,0.2275,0.8132
1913,1936,2019-01-03 08:00:00,24,0.1354,0.1767,0.8457,0.0922,0.1197,0.923,0.1786,0.2194,0.7685
1914,1937,2019-01-03 09:00:00,24,0.1354,0.1752,0.8268,0.0935,0.1199,0.9212,0.1773,0.2168,0.7324
1915,1938,2019-01-03 10:00:00,24,0.1329,0.1713,0.8288,0.0932,0.1199,0.9212,0.1726,0.2106,0.7363
1916,1939,2019-01-03 11:00:00,24,0.1405,0.1879,0.8212,0.0942,0.1206,0.9202,0.1867,0.2368,0.7223
1917,1940,2019-01-03 12:00:00,24,0.1578,0.217,0.8282,0.0979,0.1227,0.9174,0.2177,0.2813,0.7391
1918,1941,2019-01-03 13:00:00,24,0.1625,0.2245,0.8651,0.0899,0.1162,0.9257,0.2351,0.2955,0.8046
1919,1942,2019-01-03 14:00:00,24,0.1712,0.2369,0.8851,0.0945,0.1235,0.9167,0.2478,0.3115,0.8536
1920,1943,2019-01-03 15:00:00,24,0.1752,0.2431,0.904,0.0888,0.1184,0.9204,0.2616,0.3227,0.8875
1921,1944,2019-01-03 16:00:00,24,0.1827,0.2494,0.9129,0.0943,0.1231,0.9146,0.271,0.3305,0.9112
1922,1945,2019-01-03 17:00:00,24,0.1796,0.2478,0.9235,0.0899,0.1206,0.9169,0.2692,0.329,0.9301
1923,1946,2019-01-03 18:00:00,24,0.1691,0.2398,0.9354,0.0801,0.1097,0.9262,0.2581,0.3208,0.9446
1924,1947,2019-01-03 19:00:00,24,0.1608,0.2307,0.9404,0.0769,0.1053,0.9249,0.2447,0.3087,0.9558
1925,1948,2019-01-03 20:00:00,24,0.1604,0.2306,0.9417,0.0767,0.1052,0.9228,0.2442,0.3087,0.9606
1926,1949,2019-01-03 21:00:00,24,0.1569,0.2286,0.9423,0.0774,0.1062,0.9197,0.2364,0.3053,0.9649
1927,1950,2019-01-03 22:00:00,24,0.1564,0.2288,0.9433,0.0797,0.1091,0.919,0.2332,0.3047,0.9675
1928,1951,2019-01-03 23:00:00,24,0.1566,0.2296,0.9446,0.0786,0.1089,0.9209,0.2345,0.3059,0.9682
1929,1952,2019-01-04 00:00:00,24,0.1626,0.2342,0.9338,0.0896,0.1254,0.8996,0.2356,0.3066,0.968
1930,1953,2019-01-04 01:00:00,24,0.1644,0.2357,0.927,0.0999,0.1362,0.8862,0.229,0.3042,0.9677
1931,1954,2019-01-04 02:00:00,24,0.1688,0.238,0.9205,0.1092,0.1444,0.8747,0.2285,0.304,0.9664
1932,1955,2019-01-04 03:00:00,24,0.1741,0.2404,0.9137,0.117,0.1507,0.8631,0.2312,0.3047,0.9643
1933,1956,2019-01-04 04:00:00,24,0.1775,0.2415,0.9067,0.1223,0.154,0.8521,0.2326,0.3048,0.9613
1934,1957,2019-01-04 05:00:00,24,0.1773,0.2413,0.8952,0.1266,0.1561,0.8335,0.228,0.3035,0.9569
1935,1958,2019-01-04 06:00:00,24,0.1777,0.2415,0.8734,0.1283,0.157,0.7976,0.227,0.3034,0.9492
1936,1959,2019-01-04 07:00:00,24,0.1776,0.2415,0.823,0.1264,0.1561,0.7108,0.2288,0.3038,0.9351
1937,1960,2019-01-04 08:00:00,24,0.1685,0.2364,0.7914,0.1161,0.1458,0.6695,0.2208,0.3008,0.9133
1938,1961,2019-01-04 09:00:00,24,0.1615,0.2298,0.7161,0.1165,0.1459,0.549,0.2066,0.2905,0.8833
1939,1962,2019-01-04 10:00:00,24,0.1599,0.2287,0.5486,0.122,0.1497,0.2912,0.1978,0.2866,0.8061
1940,1963,2019-01-04 11:00:00,24,0.1492,0.2129,0.3472,0.1199,0.1487,0.0092,0.1786,0.2619,0.6852
1941,1964,2019-01-04 12:00:00,24,0.1337,0.1835,0.2388,0.118,0.1475,-0.1314,0.1495,0.2135,0.609
1942,1965,2019-01-04 13:00:00,24,0.1302,0.1742,0.1149,0.1242,0.1507,-0.1427,0.1361,0.1949,0.3726
1943,1966,2019-01-04 14:00:00,24,0.1177,0.1542,0.3593,0.121,0.1463,0.2901,0.1145,0.1617,0.4286
1944,1967,2019-01-04 15:00:00,24,0.1134,0.1441,0.5539,0.1226,0.1469,0.4658,0.1042,0.1412,0.6419
1945,1968,2019-01-04 16:00:00,24,0.1089,0.1359,0.7098,0.1196,0.1442,0.6083,0.0981,0.1272,0.8114
1946,1969,2019-01-04 17:00:00,24,0.1105,0.138,0.7608,0.1209,0.1445,0.6473,0.1001,0.1313,0.8742
1947,1970,2019-01-04 18:00:00,24,0.1169,0.1498,0.7743,0.1207,0.1444,0.6526,0.113,0.155,0.8959
1948,1971,2019-01-04 19:00:00,24,0.1192,0.155,0.7863,0.1173,0.1429,0.6501,0.1211,0.1661,0.9226
1949,1972,2019-01-04 20:00:00,24,0.1244,0.162,0.7832,0.1148,0.142,0.628,0.134,0.1798,0.9384
1950,1973,2019-01-04 21:00:00,24,0.1279,0.1655,0.7838,0.1122,0.1393,0.6162,0.1437,0.1881,0.9513
1951,1974,2019-01-04 22:00:00,24,0.1327,0.1694,0.7757,0.112,0.1391,0.5914,0.1534,0.1951,0.96
1952,1975,2019-01-04 23:00:00,24,0.1363,0.1712,0.7199,0.1196,0.1442,0.4707,0.1531,0.1946,0.9691
1953,1976,2019-01-05 00:00:00,24,0.1326,0.1698,0.7628,0.1069,0.1298,0.5519,0.1583,0.2021,0.9738
1954,1977,2019-01-05 01:00:00,24,0.1385,0.1802,0.8202,0.0998,0.1198,0.6662,0.1772,0.2249,0.9742
1955,1978,2019-01-05 02:00:00,24,0.1426,0.1918,0.8733,0.0915,0.11,0.7719,0.1937,0.2479,0.9747
1956,1979,2019-01-05 03:00:00,24,0.1469,0.1971,0.89,0.0898,0.107,0.8028,0.2039,0.2573,0.9772
1957,1980,2019-01-05 04:00:00,24,0.1478,0.1989,0.9066,0.0835,0.1021,0.8339,0.2122,0.262,0.9793
1958,1981,2019-01-05 05:00:00,24,0.1473,0.1985,0.9182,0.0796,0.099,0.8553,0.2149,0.2627,0.981
