23:39:45.311 > ===== BOOT START =====
23:39:45.311 > [PLATFORM] NUCLEO-F411RE / STM32F411RE
23:39:45.311 > [CPU_SET_MHz] freq=100 MHz
23:39:45.324 > [BOOT] LiteML-Edge starting...
23:39:45.327 > [MODE] LITEML_MODE=2 -> FIELD (evaluation contract)
23:39:45.439 > [SENSORS] DHT22 initialized successfully.
23:39:45.441 > [SENSORS] No NTP — using local millis-based clock.
23:39:45.446 > [SENSORS] Initialization complete. Acquisition layer ready; unified evaluation contract armed.
23:39:45.455 > [MODE] Shared post-acquisition contract: hourly rollover, lag snapshots, common feature packing, and lag-1 residual baseline.
23:39:45.466 > [TFLM] outputs_size=2 | out0_type=1 out1_type=1 | out0_bytes=4 out1_bytes=4
23:39:45.473 > [ARENA] reserved=16384B used=2624B (2.6kB/16.0kB)
23:39:45.477 > [MEM] Model=7.12kB (FLASH) | Arena=2.56kB (RAM) | Total≈9.69kB
23:39:45.482 > [quant] in: s=0.003921569 zp=-128 | out0: s=0.000000000 zp=0 | out1: s=0.000000000 zp=0 | in_t=9 out0_t=1 out1_t=1 | in_lastdim=12
23:39:45.494 > [MODEL] type=CONV1D_TINY | arch=CNN | io=int8->float32 | precision_io=HYBRID_IO | quant_style=HYBRID_INT8_TO_FLOAT32_WITH_QDQ
23:39:45.506 > [SCALERS] crc32=0x2C3C93F3 K=12 | Y0=[-1.110,0.910] Y1=[-0.748,0.649]
23:39:45.511 > [SCALERS] ΔY=[-1.110,-0.748]..[0.910,0.649]
23:39:45.515 > [SCALERS] X0=[21.110001,35.000000] X1=[43.000000,100.000000]
23:39:45.524 > [SCALERS] X2=[24.360001,28.680000] X3=[60.620712,75.301254]
23:39:45.528 > [SELFTEST] OK? YES  y0=-0.190  y1=-0.238  (in_scale=0.003922 in_zp=-128  out0_scale=0.000000 out0_zp=0)
23:39:45.541 > [SELFTEST] y0=-0.19 y1=-0.24
23:39:45.541 > [BENCH][INA219] calib=16V/400mA | assumed_shunt=0.100 ohm
23:39:45.579 > [BOOT] ready.
23:39:45.579 > [METRICS] mode=LIVE_FEATURES
23:39:45.579 > [SENSORS] invalid reading (waiting for stabilization)...
23:39:48.247 > [SENSORS] FIELD seed progress: current hour captured; waiting for lag1 and lag2.
23:39:48.267 > [WARMUP] waiting=stabilization+lag_history | snapshot=0 warmup=1/6  Tin=28.90 Hin=58.50 Tout=28.60 Hout=76.50
23:39:49.759 > [WARMUP] waiting=lag_history(lag1+lag2) | snapshot=0 warmup=6/6  Tin=28.90 Hin=58.50 Tout=28.60 Hout=76.50
23:39:51.276 > [WARMUP] waiting=lag_history(lag1+lag2) | snapshot=0 warmup=6/6  Tin=28.90 Hin=58.79 Tout=28.60 Hout=76.60
23:39:52.794 > [WARMUP] waiting=lag_history(lag1+lag2) | snapshot=0 warmup=6/6  Tin=28.90 Hin=58.93 Tout=28.60 Hout=76.60
23:39:54.309 > [WARMUP] waiting=lag_history(lag1+lag2) | snapshot=0 warmup=6/6  Tin=28.90 Hin=58.99 Tout=28.60 Hout=76.50
23:39:55.810 > [WARMUP] waiting=lag_history(lag1+lag2) | snapshot=0 warmup=6/6  Tin=28.80 Hin=58.75 Tout=28.60 Hout=76.50
23:39:57.327 > [WARMUP] waiting=lag_history(lag1+lag2) | snapshot=0 warmup=6/6  Tin=28.80 Hin=59.07 Tout=28.60 Hout=76.60
23:39:58.845 > [WARMUP] waiting=lag_history(lag1+lag2) | snapshot=0 warmup=6/6  Tin=28.80 Hin=59.25 Tout=28.60 Hout=76.80
23:40:00.355 > [WARMUP] waiting=lag_history(lag1+lag2) | snapshot=0 warmup=6/6  Tin=28.80 Hin=59.03 Tout=28.60 Hout=76.80
23:40:01.874 > [WARMUP] waiting=lag_history(lag1+lag2) | snapshot=0 warmup=6/6  Tin=28.80 Hin=58.56 Tout=28.60 Hout=76.80
23:40:03.391 > [WARMUP] waiting=lag_history(lag1+lag2) | snapshot=0 warmup=6/6  Tin=28.70 Hin=58.34 Tout=28.60 Hout=76.80
23:40:04.890 > [WARMUP] waiting=lag_history(lag1+lag2) | snapshot=0 warmup=6/6  Tin=28.70 Hin=58.22 Tout=28.60 Hout=76.70
23:40:06.408 > [WARMUP] waiting=lag_history(lag1+lag2) | snapshot=0 warmup=6/6  Tin=28.70 Hin=58.04 Tout=28.60 Hout=76.70
23:40:07.925 > [WARMUP] waiting=lag_history(lag1+lag2) | snapshot=0 warmup=6/6  Tin=28.60 Hin=57.94 Tout=28.60 Hout=76.90
23:40:09.442 > [WARMUP] waiting=lag_history(lag1+lag2) | snapshot=0 warmup=6/6  Tin=28.60 Hin=57.93 Tout=28.50 Hout=76.90
23:40:10.939 > [WARMUP] waiting=lag_history(lag1+lag2) | snapshot=0 warmup=6/6  Tin=28.60 Hin=58.17 Tout=28.50 Hout=76.90
23:40:12.455 > [WARMUP] waiting=lag_history(lag1+lag2) | snapshot=0 warmup=6/6  Tin=28.50 Hin=58.12 Tout=28.60 Hout=76.90
23:40:13.971 > [WARMUP] waiting=lag_history(lag1+lag2) | snapshot=0 warmup=6/6  Tin=28.60 Hin=58.14 Tout=28.60 Hout=76.90
23:40:15.473 > [WARMUP] waiting=lag_history(lag1+lag2) | snapshot=0 warmup=6/6  Tin=28.60 Hin=58.19 Tout=28.60 Hout=76.90
23:40:16.990 > [WARMUP] waiting=lag_history(lag1+lag2) | snapshot=0 warmup=6/6  Tin=28.50 Hin=58.36 Tout=28.60 Hout=76.90
23:40:18.511 > [WARMUP] waiting=lag_history(lag1+lag2) | snapshot=0 warmup=6/6  Tin=28.50 Hin=58.22 Tout=28.60 Hout=76.80
23:40:20.029 > [WARMUP] waiting=lag_history(lag1+lag2) | snapshot=0 warmup=6/6  Tin=28.40 Hin=58.11 Tout=28.60 Hout=76.80
23:40:21.520 > [WARMUP] waiting=lag_history(lag1+lag2) | snapshot=0 warmup=6/6  Tin=28.40 Hin=58.10 Tout=28.60 Hout=76.80
23:40:23.035 > [WARMUP] waiting=lag_history(lag1+lag2) | snapshot=0 warmup=6/6  Tin=28.40 Hin=58.03 Tout=28.60 Hout=76.90
23:40:24.553 > [WARMUP] waiting=lag_history(lag1+lag2) | snapshot=0 warmup=6/6  Tin=28.30 Hin=58.04 Tout=28.60 Hout=76.90
23:40:26.071 > [WARMUP] waiting=lag_history(lag1+lag2) | snapshot=0 warmup=6/6  Tin=28.30 Hin=58.09 Tout=28.60 Hout=77.00
23:40:27.571 > [WARMUP] waiting=lag_history(lag1+lag2) | snapshot=0 warmup=6/6  Tin=28.30 Hin=57.93 Tout=28.60 Hout=77.00
23:40:29.099 > [WARMUP] waiting=lag_history(lag1+lag2) | snapshot=0 warmup=6/6  Tin=28.30 Hin=57.90 Tout=28.60 Hout=76.90
23:40:30.600 > [WARMUP] waiting=lag_history(lag1+lag2) | snapshot=0 warmup=6/6  Tin=28.20 Hin=57.90 Tout=28.60 Hout=77.00
23:40:32.118 > [WARMUP] waiting=lag_history(lag1+lag2) | snapshot=0 warmup=6/6  Tin=28.20 Hin=57.90 Tout=28.60 Hout=77.00
23:40:33.634 > [WARMUP] waiting=lag_history(lag1+lag2) | snapshot=0 warmup=6/6  Tin=28.20 Hin=58.12 Tout=28.60 Hout=77.10
23:40:35.148 > [WARMUP] waiting=lag_history(lag1+lag2) | snapshot=0 warmup=6/6  Tin=28.10 Hin=58.15 Tout=28.60 Hout=76.90
23:40:36.650 > [WARMUP] waiting=lag_history(lag1+lag2) | snapshot=0 warmup=6/6  Tin=28.10 Hin=58.11 Tout=28.60 Hout=76.70
23:40:38.169 > [WARMUP] waiting=lag_history(lag1+lag2) | snapshot=0 warmup=6/6  Tin=28.10 Hin=58.10 Tout=28.60 Hout=76.70
23:40:39.672 > [WARMUP] waiting=lag_history(lag1+lag2) | snapshot=0 warmup=6/6  Tin=28.00 Hin=58.10 Tout=28.60 Hout=76.90
23:40:41.197 > [WARMUP] waiting=lag_history(lag1+lag2) | snapshot=0 warmup=6/6  Tin=28.00 Hin=58.12 Tout=28.60 Hout=77.00
23:40:42.695 > [WARMUP] waiting=lag_history(lag1+lag2) | snapshot=0 warmup=6/6  Tin=28.00 Hin=58.28 Tout=28.60 Hout=77.00
23:40:44.217 > [WARMUP] waiting=lag_history(lag1+lag2) | snapshot=0 warmup=6/6  Tin=28.00 Hin=58.22 Tout=28.60 Hout=77.00
23:40:45.612 > [SENSORS] Health IN ok=28 err=0 reinit=0 pwr=0 | OUT ok=28 err=0 reinit=0 pwr=0
23:40:45.612 > [SENSORS] FIELD seed progress: lag1 ready; waiting one more logical hour for lag2.
23:40:45.743 > [WARMUP] waiting=lag_history(lag1+lag2) | snapshot=0 warmup=6/6  Tin=27.90 Hin=58.20 Tout=28.60 Hout=77.00
23:40:47.249 > [WARMUP] waiting=lag_history(lag1+lag2) | snapshot=0 warmup=6/6  Tin=27.90 Hin=58.20 Tout=28.60 Hout=77.10
23:40:48.752 > [WARMUP] waiting=lag_history(lag1+lag2) | snapshot=0 warmup=6/6  Tin=27.90 Hin=58.37 Tout=28.60 Hout=77.10
23:40:50.270 > [WARMUP] waiting=lag_history(lag1+lag2) | snapshot=0 warmup=6/6  Tin=27.80 Hin=58.40 Tout=28.60 Hout=77.00
23:40:51.780 > [WARMUP] waiting=lag_history(lag1+lag2) | snapshot=0 warmup=6/6  Tin=27.80 Hin=58.40 Tout=28.60 Hout=77.00
23:40:53.297 > [WARMUP] waiting=lag_history(lag1+lag2) | snapshot=0 warmup=6/6  Tin=27.80 Hin=58.40 Tout=28.60 Hout=77.00
23:40:54.814 > [WARMUP] waiting=lag_history(lag1+lag2) | snapshot=0 warmup=6/6  Tin=27.80 Hin=58.40 Tout=28.60 Hout=76.90
23:40:56.330 > [WARMUP] waiting=lag_history(lag1+lag2) | snapshot=0 warmup=6/6  Tin=27.70 Hin=58.52 Tout=28.60 Hout=77.00
23:40:57.836 > [WARMUP] waiting=lag_history(lag1+lag2) | snapshot=0 warmup=6/6  Tin=27.70 Hin=58.68 Tout=28.60 Hout=76.90
23:40:59.349 > [WARMUP] waiting=lag_history(lag1+lag2) | snapshot=0 warmup=6/6  Tin=27.70 Hin=58.61 Tout=28.60 Hout=76.90
23:41:00.865 > [WARMUP] waiting=lag_history(lag1+lag2) | snapshot=0 warmup=6/6  Tin=27.60 Hin=58.48 Tout=28.60 Hout=77.00
23:41:02.379 > [WARMUP] waiting=lag_history(lag1+lag2) | snapshot=0 warmup=6/6  Tin=27.60 Hin=58.43 Tout=28.70 Hout=76.90
23:41:03.880 > [WARMUP] waiting=lag_history(lag1+lag2) | snapshot=0 warmup=6/6  Tin=27.60 Hin=58.58 Tout=28.70 Hout=76.90
23:41:05.395 > [WARMUP] waiting=lag_history(lag1+lag2) | snapshot=0 warmup=6/6  Tin=27.50 Hin=58.82 Tout=28.60 Hout=77.00
23:41:06.913 > [WARMUP] waiting=lag_history(lag1+lag2) | snapshot=0 warmup=6/6  Tin=27.50 Hin=58.85 Tout=28.70 Hout=76.80
23:41:08.412 > [WARMUP] waiting=lag_history(lag1+lag2) | snapshot=0 warmup=6/6  Tin=27.50 Hin=58.81 Tout=28.70 Hout=76.90
23:41:09.930 > [WARMUP] waiting=lag_history(lag1+lag2) | snapshot=0 warmup=6/6  Tin=27.40 Hin=59.05 Tout=28.70 Hout=76.90
23:41:11.447 > [WARMUP] waiting=lag_history(lag1+lag2) | snapshot=0 warmup=6/6  Tin=27.40 Hin=59.03 Tout=28.70 Hout=76.70
23:41:12.961 > [WARMUP] waiting=lag_history(lag1+lag2) | snapshot=0 warmup=6/6  Tin=27.30 Hin=59.01 Tout=28.70 Hout=76.80
23:41:14.460 > [WARMUP] waiting=lag_history(lag1+lag2) | snapshot=0 warmup=6/6  Tin=27.30 Hin=59.09 Tout=28.70 Hout=76.80
23:41:15.981 > [WARMUP] waiting=lag_history(lag1+lag2) | snapshot=0 warmup=6/6  Tin=27.20 Hin=59.17 Tout=28.70 Hout=76.70
23:41:17.494 > [WARMUP] waiting=lag_history(lag1+lag2) | snapshot=0 warmup=6/6  Tin=27.20 Hin=59.28 Tout=28.70 Hout=76.80
23:41:19.010 > [WARMUP] waiting=lag_history(lag1+lag2) | snapshot=0 warmup=6/6  Tin=27.20 Hin=59.38 Tout=28.70 Hout=76.60
23:41:20.520 > [WARMUP] waiting=lag_history(lag1+lag2) | snapshot=0 warmup=6/6  Tin=27.20 Hin=59.40 Tout=28.70 Hout=76.60
23:41:22.038 > [WARMUP] waiting=lag_history(lag1+lag2) | snapshot=0 warmup=6/6  Tin=27.10 Hin=59.28 Tout=28.70 Hout=76.70
23:41:23.540 > [WARMUP] waiting=lag_history(lag1+lag2) | snapshot=0 warmup=6/6  Tin=27.10 Hin=59.22 Tout=28.70 Hout=76.60
23:41:25.058 > [WARMUP] waiting=lag_history(lag1+lag2) | snapshot=0 warmup=6/6  Tin=27.10 Hin=59.29 Tout=28.70 Hout=76.60
23:41:26.558 > [WARMUP] waiting=lag_history(lag1+lag2) | snapshot=0 warmup=6/6  Tin=27.10 Hin=59.30 Tout=28.70 Hout=76.50
23:41:28.076 > [WARMUP] waiting=lag_history(lag1+lag2) | snapshot=0 warmup=6/6  Tin=27.00 Hin=59.38 Tout=28.70 Hout=76.50
23:41:29.592 > [WARMUP] waiting=lag_history(lag1+lag2) | snapshot=0 warmup=6/6  Tin=27.00 Hin=59.48 Tout=28.70 Hout=76.60
23:41:31.109 > [WARMUP] waiting=lag_history(lag1+lag2) | snapshot=0 warmup=6/6  Tin=27.00 Hin=59.66 Tout=28.70 Hout=76.60
23:41:32.622 > [WARMUP] waiting=lag_history(lag1+lag2) | snapshot=0 warmup=6/6  Tin=26.90 Hin=59.52 Tout=28.70 Hout=76.50
23:41:34.139 > [WARMUP] waiting=lag_history(lag1+lag2) | snapshot=0 warmup=6/6  Tin=26.90 Hin=59.43 Tout=28.70 Hout=76.50
23:41:35.640 > [WARMUP] waiting=lag_history(lag1+lag2) | snapshot=0 warmup=6/6  Tin=26.90 Hin=59.58 Tout=28.70 Hout=76.50
23:41:37.156 > [WARMUP] waiting=lag_history(lag1+lag2) | snapshot=0 warmup=6/6  Tin=26.90 Hin=59.38 Tout=28.80 Hout=76.60
23:41:38.673 > [WARMUP] waiting=lag_history(lag1+lag2) | snapshot=0 warmup=6/6  Tin=26.90 Hin=59.51 Tout=28.80 Hout=76.40
23:41:40.173 > [WARMUP] waiting=lag_history(lag1+lag2) | snapshot=0 warmup=6/6  Tin=26.90 Hin=59.76 Tout=28.70 Hout=76.50
23:41:41.691 > [WARMUP] waiting=lag_history(lag1+lag2) | snapshot=0 warmup=6/6  Tin=26.80 Hin=59.63 Tout=28.70 Hout=76.50
23:41:43.206 > [WARMUP] waiting=lag_history(lag1+lag2) | snapshot=0 warmup=6/6  Tin=26.80 Hin=59.66 Tout=28.70 Hout=76.50
23:41:44.722 > [WARMUP] waiting=lag_history(lag1+lag2) | snapshot=0 warmup=6/6  Tin=26.70 Hin=59.70 Tout=28.80 Hout=76.50
23:41:45.688 > [SENSORS] FIELD seed progress: lag1 + lag2 ready; snapshot gate released.
23:41:45.688 > 
23:41:45.688 > [EVENT] type=HOUR  Tin=26.70 Hin=59.70 Tout=28.80 Hout=76.50
23:41:45.703 > [infer] warmup: window 1/24 - (Invoke NOT executed)
23:41:45.764 > [SENSORS] Health IN ok=56 err=0 reinit=0 pwr=0 | OUT ok=56 err=0 reinit=0 pwr=0
23:41:47.219 > [BENCH] IDLE | t_inference_us=0 | heap=0.4kB/105.8kB (min=105.4kB, biggest=105.4kB) | arena=2.6kB | V_bus=4.936V I_bus=66.5mA P_bus=329.4mW E_total_accum=11.464mWh
23:41:49.237 > [BENCH] IDLE | t_inference_us=0 | heap=0.4kB/105.8kB (min=105.4kB, biggest=105.4kB) | arena=2.6kB | V_bus=4.928V I_bus=64.8mA P_bus=320.8mW E_total_accum=11.644mWh
23:41:51.265 > [BENCH] IDLE | t_inference_us=0 | heap=0.4kB/105.8kB (min=105.4kB, biggest=105.4kB) | arena=2.6kB | V_bus=4.936V I_bus=63.5mA P_bus=314.1mW E_total_accum=11.820mWh
23:41:53.285 > [BENCH] IDLE | t_inference_us=0 | heap=0.4kB/105.8kB (min=105.4kB, biggest=105.4kB) | arena=2.6kB | V_bus=4.932V I_bus=62.8mA P_bus=310.3mW E_total_accum=11.994mWh
23:41:55.301 > [BENCH] IDLE | t_inference_us=0 | heap=0.4kB/105.8kB (min=105.4kB, biggest=105.4kB) | arena=2.6kB | V_bus=4.936V I_bus=61.9mA P_bus=306.1mW E_total_accum=12.166mWh
23:41:57.319 > [BENCH] IDLE | t_inference_us=0 | heap=0.4kB/105.8kB (min=105.4kB, biggest=105.4kB) | arena=2.6kB | V_bus=4.932V I_bus=60.9mA P_bus=301.0mW E_total_accum=12.335mWh
23:41:59.351 > [BENCH] IDLE | t_inference_us=0 | heap=0.4kB/105.8kB (min=105.4kB, biggest=105.4kB) | arena=2.6kB | V_bus=4.936V I_bus=60.2mA P_bus=297.4mW E_total_accum=12.501mWh
23:42:01.374 > [BENCH] IDLE | t_inference_us=0 | heap=0.4kB/105.8kB (min=105.4kB, biggest=105.4kB) | arena=2.6kB | V_bus=4.932V I_bus=59.9mA P_bus=295.6mW E_total_accum=12.667mWh
23:42:03.399 > [BENCH] IDLE | t_inference_us=0 | heap=0.4kB/105.8kB (min=105.4kB, biggest=105.4kB) | arena=2.6kB | V_bus=4.960V I_bus=59.4mA P_bus=293.6mW E_total_accum=12.832mWh
23:42:05.415 > [BENCH] IDLE | t_inference_us=0 | heap=0.4kB/105.8kB (min=105.4kB, biggest=105.4kB) | arena=2.6kB | V_bus=4.936V I_bus=59.0mA P_bus=291.5mW E_total_accum=12.995mWh
23:42:07.431 > [BENCH] IDLE | t_inference_us=0 | heap=0.4kB/105.8kB (min=105.4kB, biggest=105.4kB) | arena=2.6kB | V_bus=4.928V I_bus=58.9mA P_bus=291.0mW E_total_accum=13.158mWh
23:42:09.450 > [BENCH] IDLE | t_inference_us=0 | heap=0.4kB/105.8kB (min=105.4kB, biggest=105.4kB) | arena=2.6kB | V_bus=4.936V I_bus=58.5mA P_bus=288.9mW E_total_accum=13.320mWh
23:42:11.484 > [BENCH] IDLE | t_inference_us=0 | heap=0.4kB/105.8kB (min=105.4kB, biggest=105.4kB) | arena=2.6kB | V_bus=4.932V I_bus=58.5mA P_bus=288.6mW E_total_accum=13.482mWh
23:42:13.503 > [BENCH] IDLE | t_inference_us=0 | heap=0.4kB/105.8kB (min=105.4kB, biggest=105.4kB) | arena=2.6kB | V_bus=4.932V I_bus=58.5mA P_bus=288.7mW E_total_accum=13.644mWh
23:42:15.528 > [BENCH] IDLE | t_inference_us=0 | heap=0.4kB/105.8kB (min=105.4kB, biggest=105.4kB) | arena=2.6kB | V_bus=4.936V I_bus=58.2mA P_bus=287.1mW E_total_accum=13.805mWh
23:42:17.548 > [BENCH] IDLE | t_inference_us=0 | heap=0.4kB/105.8kB (min=105.4kB, biggest=105.4kB) | arena=2.6kB | V_bus=4.928V I_bus=58.3mA P_bus=287.7mW E_total_accum=13.966mWh
23:42:19.568 > [BENCH] IDLE | t_inference_us=0 | heap=0.4kB/105.8kB (min=105.4kB, biggest=105.4kB) | arena=2.6kB | V_bus=4.924V I_bus=58.0mA P_bus=286.1mW E_total_accum=14.127mWh
23:42:21.598 > [BENCH] IDLE | t_inference_us=0 | heap=0.4kB/105.8kB (min=105.4kB, biggest=105.4kB) | arena=2.6kB | V_bus=4.928V I_bus=58.1mA P_bus=286.7mW E_total_accum=14.288mWh
23:42:23.615 > [BENCH] IDLE | t_inference_us=0 | heap=0.4kB/105.8kB (min=105.4kB, biggest=105.4kB) | arena=2.6kB | V_bus=4.924V I_bus=58.0mA P_bus=286.1mW E_total_accum=14.448mWh
23:42:25.647 > [BENCH] IDLE | t_inference_us=0 | heap=0.4kB/105.8kB (min=105.4kB, biggest=105.4kB) | arena=2.6kB | V_bus=4.928V I_bus=57.8mA P_bus=284.8mW E_total_accum=14.608mWh
23:42:27.660 > [BENCH] IDLE | t_inference_us=0 | heap=0.4kB/105.8kB (min=105.4kB, biggest=105.4kB) | arena=2.6kB | V_bus=4.920V I_bus=57.9mA P_bus=285.5mW E_total_accum=14.768mWh
23:42:29.678 > [BENCH] IDLE | t_inference_us=0 | heap=0.4kB/105.8kB (min=105.4kB, biggest=105.4kB) | arena=2.6kB | V_bus=4.932V I_bus=57.7mA P_bus=284.2mW E_total_accum=14.927mWh
23:42:31.712 > [BENCH] IDLE | t_inference_us=0 | heap=0.4kB/105.8kB (min=105.4kB, biggest=105.4kB) | arena=2.6kB | V_bus=4.928V I_bus=57.7mA P_bus=284.2mW E_total_accum=15.086mWh
23:42:33.734 > [BENCH] IDLE | t_inference_us=0 | heap=0.4kB/105.8kB (min=105.4kB, biggest=105.4kB) | arena=2.6kB | V_bus=4.928V I_bus=57.6mA P_bus=283.9mW E_total_accum=15.246mWh
23:42:35.747 > [BENCH] IDLE | t_inference_us=0 | heap=0.4kB/105.8kB (min=105.4kB, biggest=105.4kB) | arena=2.6kB | V_bus=4.936V I_bus=57.6mA P_bus=284.1mW E_total_accum=15.405mWh
23:42:37.777 > [BENCH] IDLE | t_inference_us=0 | heap=0.4kB/105.8kB (min=105.4kB, biggest=105.4kB) | arena=2.6kB | V_bus=4.936V I_bus=57.9mA P_bus=285.3mW E_total_accum=15.565mWh
23:42:39.793 > [BENCH] IDLE | t_inference_us=0 | heap=0.4kB/105.8kB (min=105.4kB, biggest=105.4kB) | arena=2.6kB | V_bus=4.936V I_bus=57.6mA P_bus=284.3mW E_total_accum=15.724mWh
23:42:41.810 > [BENCH] IDLE | t_inference_us=0 | heap=0.4kB/105.8kB (min=105.4kB, biggest=105.4kB) | arena=2.6kB | V_bus=4.932V I_bus=57.6mA P_bus=284.3mW E_total_accum=15.884mWh
23:42:43.843 > [BENCH] IDLE | t_inference_us=0 | heap=0.4kB/105.8kB (min=105.4kB, biggest=105.4kB) | arena=2.6kB | V_bus=4.924V I_bus=57.7mA P_bus=284.5mW E_total_accum=16.044mWh
23:42:45.811 > 
23:42:45.811 > [EVENT] type=HOUR  Tin=26.00 Hin=60.40 Tout=28.80 Hout=76.10
23:42:45.827 > [infer] warmup: window 2/24 - (Invoke NOT executed)
23:42:45.889 > [SENSORS] Health IN ok=84 err=0 reinit=0 pwr=0 | OUT ok=84 err=0 reinit=0 pwr=0
23:42:47.341 > [BENCH] IDLE | t_inference_us=0 | heap=0.4kB/105.8kB (min=105.4kB, biggest=105.4kB) | arena=2.6kB | V_bus=4.932V I_bus=58.5mA P_bus=288.3mW E_total_accum=16.324mWh
23:42:49.358 > [BENCH] IDLE | t_inference_us=0 | heap=0.4kB/105.8kB (min=105.4kB, biggest=105.4kB) | arena=2.6kB | V_bus=4.924V I_bus=58.4mA P_bus=288.1mW E_total_accum=16.485mWh
23:42:51.373 > [BENCH] IDLE | t_inference_us=0 | heap=0.4kB/105.8kB (min=105.4kB, biggest=105.4kB) | arena=2.6kB | V_bus=4.928V I_bus=58.1mA P_bus=286.5mW E_total_accum=16.646mWh
23:42:53.408 > [BENCH] IDLE | t_inference_us=0 | heap=0.4kB/105.8kB (min=105.4kB, biggest=105.4kB) | arena=2.6kB | V_bus=4.936V I_bus=58.2mA P_bus=287.1mW E_total_accum=16.807mWh
23:42:55.433 > [BENCH] IDLE | t_inference_us=0 | heap=0.4kB/105.8kB (min=105.4kB, biggest=105.4kB) | arena=2.6kB | V_bus=4.936V I_bus=58.2mA P_bus=287.0mW E_total_accum=16.968mWh
23:42:57.454 > [BENCH] IDLE | t_inference_us=0 | heap=0.4kB/105.8kB (min=105.4kB, biggest=105.4kB) | arena=2.6kB | V_bus=4.940V I_bus=58.0mA P_bus=286.3mW E_total_accum=17.128mWh
23:42:59.478 > [BENCH] IDLE | t_inference_us=0 | heap=0.4kB/105.8kB (min=105.4kB, biggest=105.4kB) | arena=2.6kB | V_bus=4.920V I_bus=58.4mA P_bus=287.9mW E_total_accum=17.290mWh
23:43:01.488 > [BENCH] IDLE | t_inference_us=0 | heap=0.4kB/105.8kB (min=105.4kB, biggest=105.4kB) | arena=2.6kB | V_bus=4.928V I_bus=58.1mA P_bus=286.2mW E_total_accum=17.450mWh
23:43:03.522 > [BENCH] IDLE | t_inference_us=0 | heap=0.4kB/105.8kB (min=105.4kB, biggest=105.4kB) | arena=2.6kB | V_bus=4.924V I_bus=57.8mA P_bus=285.1mW E_total_accum=17.610mWh
23:43:05.525 > [BENCH] IDLE | t_inference_us=0 | heap=0.4kB/105.8kB (min=105.4kB, biggest=105.4kB) | arena=2.6kB | V_bus=4.932V I_bus=57.9mA P_bus=285.4mW E_total_accum=17.770mWh
23:43:07.560 > [BENCH] IDLE | t_inference_us=0 | heap=0.4kB/105.8kB (min=105.4kB, biggest=105.4kB) | arena=2.6kB | V_bus=4.920V I_bus=58.3mA P_bus=287.1mW E_total_accum=17.931mWh
23:43:09.586 > [BENCH] IDLE | t_inference_us=0 | heap=0.4kB/105.8kB (min=105.4kB, biggest=105.4kB) | arena=2.6kB | V_bus=4.932V I_bus=58.0mA P_bus=285.8mW E_total_accum=18.091mWh
23:43:11.604 > [BENCH] IDLE | t_inference_us=0 | heap=0.4kB/105.8kB (min=105.4kB, biggest=105.4kB) | arena=2.6kB | V_bus=4.928V I_bus=58.0mA P_bus=286.1mW E_total_accum=18.252mWh
23:43:13.622 > [BENCH] IDLE | t_inference_us=0 | heap=0.4kB/105.8kB (min=105.4kB, biggest=105.4kB) | arena=2.6kB | V_bus=4.956V I_bus=59.1mA P_bus=291.4mW E_total_accum=18.415mWh
23:43:15.650 > [BENCH] IDLE | t_inference_us=0 | heap=0.4kB/105.8kB (min=105.4kB, biggest=105.4kB) | arena=2.6kB | V_bus=4.940V I_bus=58.9mA P_bus=290.7mW E_total_accum=18.578mWh
23:43:17.673 > [BENCH] IDLE | t_inference_us=0 | heap=0.4kB/105.8kB (min=105.4kB, biggest=105.4kB) | arena=2.6kB | V_bus=4.936V I_bus=58.9mA P_bus=290.5mW E_total_accum=18.741mWh
23:43:19.681 > [BENCH] IDLE | t_inference_us=0 | heap=0.4kB/105.8kB (min=105.4kB, biggest=105.4kB) | arena=2.6kB | V_bus=4.924V I_bus=59.1mA P_bus=291.4mW E_total_accum=18.904mWh
23:43:21.717 > [BENCH] IDLE | t_inference_us=0 | heap=0.4kB/105.8kB (min=105.4kB, biggest=105.4kB) | arena=2.6kB | V_bus=4.928V I_bus=58.6mA P_bus=289.1mW E_total_accum=19.066mWh
23:43:23.734 > [BENCH] IDLE | t_inference_us=0 | heap=0.4kB/105.8kB (min=105.4kB, biggest=105.4kB) | arena=2.6kB | V_bus=4.936V I_bus=58.4mA P_bus=288.0mW E_total_accum=19.228mWh
23:43:25.760 > [BENCH] IDLE | t_inference_us=0 | heap=0.4kB/105.8kB (min=105.4kB, biggest=105.4kB) | arena=2.6kB | V_bus=4.932V I_bus=58.7mA P_bus=289.5mW E_total_accum=19.390mWh
23:43:27.785 > [BENCH] IDLE | t_inference_us=0 | heap=0.4kB/105.8kB (min=105.4kB, biggest=105.4kB) | arena=2.6kB | V_bus=4.936V I_bus=58.4mA P_bus=288.3mW E_total_accum=19.552mWh
23:43:29.807 > [BENCH] IDLE | t_inference_us=0 | heap=0.4kB/105.8kB (min=105.4kB, biggest=105.4kB) | arena=2.6kB | V_bus=4.932V I_bus=58.2mA P_bus=287.0mW E_total_accum=19.713mWh
23:43:31.816 > [BENCH] IDLE | t_inference_us=0 | heap=0.4kB/105.8kB (min=105.4kB, biggest=105.4kB) | arena=2.6kB | V_bus=4.924V I_bus=58.0mA P_bus=285.8mW E_total_accum=19.873mWh
23:43:33.852 > [BENCH] IDLE | t_inference_us=0 | heap=0.4kB/105.8kB (min=105.4kB, biggest=105.4kB) | arena=2.6kB | V_bus=4.936V I_bus=58.0mA P_bus=285.9mW E_total_accum=20.033mWh
23:43:35.866 > [BENCH] IDLE | t_inference_us=0 | heap=0.4kB/105.8kB (min=105.4kB, biggest=105.4kB) | arena=2.6kB | V_bus=4.928V I_bus=58.2mA P_bus=287.1mW E_total_accum=20.194mWh
23:43:37.883 > [BENCH] IDLE | t_inference_us=0 | heap=0.4kB/105.8kB (min=105.4kB, biggest=105.4kB) | arena=2.6kB | V_bus=4.928V I_bus=58.0mA P_bus=285.8mW E_total_accum=20.354mWh
23:43:39.917 > [BENCH] IDLE | t_inference_us=0 | heap=0.4kB/105.8kB (min=105.4kB, biggest=105.4kB) | arena=2.6kB | V_bus=4.932V I_bus=57.7mA P_bus=284.6mW E_total_accum=20.514mWh
23:43:41.933 > [BENCH] IDLE | t_inference_us=0 | heap=0.4kB/105.8kB (min=105.4kB, biggest=105.4kB) | arena=2.6kB | V_bus=4.936V I_bus=57.9mA P_bus=285.6mW E_total_accum=20.674mWh
23:43:43.964 > [BENCH] IDLE | t_inference_us=0 | heap=0.4kB/105.8kB (min=105.4kB, biggest=105.4kB) | arena=2.6kB | V_bus=4.936V I_bus=57.7mA P_bus=284.6mW E_total_accum=20.834mWh
23:43:45.899 > 
23:43:45.899 > [EVENT] type=HOUR  Tin=25.70 Hin=60.10 Tout=28.80 Hout=76.30
23:43:45.899 > [infer] warmup: window 3/24 - (Invoke NOT executed)
23:43:46.008 > [SENSORS] Health IN ok=112 err=0 reinit=0 pwr=0 | OUT ok=113 err=0 reinit=0 pwr=0
23:43:47.414 > [BENCH] IDLE | t_inference_us=0 | heap=0.4kB/105.8kB (min=105.4kB, biggest=105.4kB) | arena=2.6kB | V_bus=4.924V I_bus=57.8mA P_bus=285.0mW E_total_accum=21.107mWh
23:43:49.432 > [BENCH] IDLE | t_inference_us=0 | heap=0.4kB/105.8kB (min=105.4kB, biggest=105.4kB) | arena=2.6kB | V_bus=4.940V I_bus=57.9mA P_bus=285.5mW E_total_accum=21.267mWh
23:43:51.461 > [BENCH] IDLE | t_inference_us=0 | heap=0.4kB/105.8kB (min=105.4kB, biggest=105.4kB) | arena=2.6kB | V_bus=4.936V I_bus=58.0mA P_bus=285.9mW E_total_accum=21.427mWh
23:43:53.475 > [BENCH] IDLE | t_inference_us=0 | heap=0.4kB/105.8kB (min=105.4kB, biggest=105.4kB) | arena=2.6kB | V_bus=4.920V I_bus=58.0mA P_bus=286.0mW E_total_accum=21.587mWh
23:43:55.495 > [BENCH] IDLE | t_inference_us=0 | heap=0.4kB/105.8kB (min=105.4kB, biggest=105.4kB) | arena=2.6kB | V_bus=4.936V I_bus=57.7mA P_bus=284.5mW E_total_accum=21.747mWh
23:43:57.529 > [BENCH] IDLE | t_inference_us=0 | heap=0.4kB/105.8kB (min=105.4kB, biggest=105.4kB) | arena=2.6kB | V_bus=4.928V I_bus=58.1mA P_bus=286.5mW E_total_accum=21.908mWh
23:43:59.546 > [BENCH] IDLE | t_inference_us=0 | heap=0.4kB/105.8kB (min=105.4kB, biggest=105.4kB) | arena=2.6kB | V_bus=4.932V I_bus=58.1mA P_bus=286.4mW E_total_accum=22.068mWh
23:44:01.580 > [BENCH] IDLE | t_inference_us=0 | heap=0.4kB/105.8kB (min=105.4kB, biggest=105.4kB) | arena=2.6kB | V_bus=4.924V I_bus=58.2mA P_bus=286.8mW E_total_accum=22.229mWh
23:44:03.593 > [BENCH] IDLE | t_inference_us=0 | heap=0.4kB/105.8kB (min=105.4kB, biggest=105.4kB) | arena=2.6kB | V_bus=4.940V I_bus=58.2mA P_bus=287.1mW E_total_accum=22.390mWh
23:44:05.626 > [BENCH] IDLE | t_inference_us=0 | heap=0.4kB/105.8kB (min=105.4kB, biggest=105.4kB) | arena=2.6kB | V_bus=4.932V I_bus=58.2mA P_bus=287.2mW E_total_accum=22.551mWh
23:44:07.643 > [BENCH] IDLE | t_inference_us=0 | heap=0.4kB/105.8kB (min=105.4kB, biggest=105.4kB) | arena=2.6kB | V_bus=4.928V I_bus=57.9mA P_bus=285.7mW E_total_accum=22.711mWh
23:44:09.673 > [BENCH] IDLE | t_inference_us=0 | heap=0.4kB/105.8kB (min=105.4kB, biggest=105.4kB) | arena=2.6kB | V_bus=4.936V I_bus=57.9mA P_bus=285.6mW E_total_accum=22.871mWh
23:44:11.694 > [BENCH] IDLE | t_inference_us=0 | heap=0.4kB/105.8kB (min=105.4kB, biggest=105.4kB) | arena=2.6kB | V_bus=4.936V I_bus=57.9mA P_bus=285.7mW E_total_accum=23.032mWh
23:44:13.722 > [BENCH] IDLE | t_inference_us=0 | heap=0.4kB/105.8kB (min=105.4kB, biggest=105.4kB) | arena=2.6kB | V_bus=4.952V I_bus=58.2mA P_bus=287.6mW E_total_accum=23.193mWh
23:44:15.743 > [BENCH] IDLE | t_inference_us=0 | heap=0.4kB/105.8kB (min=105.4kB, biggest=105.4kB) | arena=2.6kB | V_bus=4.932V I_bus=58.0mA P_bus=286.5mW E_total_accum=23.354mWh
23:44:17.758 > [BENCH] IDLE | t_inference_us=0 | heap=0.4kB/105.8kB (min=105.4kB, biggest=105.4kB) | arena=2.6kB | V_bus=4.940V I_bus=58.0mA P_bus=286.5mW E_total_accum=23.514mWh
23:44:19.791 > [BENCH] IDLE | t_inference_us=0 | heap=0.4kB/105.8kB (min=105.4kB, biggest=105.4kB) | arena=2.6kB | V_bus=4.932V I_bus=57.8mA P_bus=285.2mW E_total_accum=23.674mWh
23:44:21.808 > [BENCH] IDLE | t_inference_us=0 | heap=0.4kB/105.8kB (min=105.4kB, biggest=105.4kB) | arena=2.6kB | V_bus=4.932V I_bus=57.6mA P_bus=284.4mW E_total_accum=23.834mWh
23:44:23.824 > [BENCH] IDLE | t_inference_us=0 | heap=0.4kB/105.8kB (min=105.4kB, biggest=105.4kB) | arena=2.6kB | V_bus=4.932V I_bus=57.8mA P_bus=285.4mW E_total_accum=23.993mWh
23:44:25.838 > [BENCH] IDLE | t_inference_us=0 | heap=0.4kB/105.8kB (min=105.4kB, biggest=105.4kB) | arena=2.6kB | V_bus=4.932V I_bus=57.6mA P_bus=284.2mW E_total_accum=24.153mWh
23:44:27.873 > [BENCH] IDLE | t_inference_us=0 | heap=0.4kB/105.8kB (min=105.4kB, biggest=105.4kB) | arena=2.6kB | V_bus=4.932V I_bus=57.9mA P_bus=285.7mW E_total_accum=24.313mWh
23:44:29.905 > [BENCH] IDLE | t_inference_us=0 | heap=0.4kB/105.8kB (min=105.4kB, biggest=105.4kB) | arena=2.6kB | V_bus=4.936V I_bus=57.7mA P_bus=284.7mW E_total_accum=24.473mWh
23:44:31.923 > [BENCH] IDLE | t_inference_us=0 | heap=0.4kB/105.8kB (min=105.4kB, biggest=105.4kB) | arena=2.6kB | V_bus=4.920V I_bus=57.8mA P_bus=285.2mW E_total_accum=24.633mWh
23:44:33.940 > [BENCH] IDLE | t_inference_us=0 | heap=0.4kB/105.8kB (min=105.4kB, biggest=105.4kB) | arena=2.6kB | V_bus=4.940V I_bus=57.9mA P_bus=285.6mW E_total_accum=24.793mWh
23:44:35.968 > [BENCH] IDLE | t_inference_us=0 | heap=0.4kB/105.8kB (min=105.4kB, biggest=105.4kB) | arena=2.6kB | V_bus=4.924V I_bus=58.1mA P_bus=286.5mW E_total_accum=24.954mWh
23:44:37.986 > [BENCH] IDLE | t_inference_us=0 | heap=0.4kB/105.8kB (min=105.4kB, biggest=105.4kB) | arena=2.6kB | V_bus=4.936V I_bus=57.8mA P_bus=284.9mW E_total_accum=25.113mWh
23:44:40.019 > [BENCH] IDLE | t_inference_us=0 | heap=0.4kB/105.8kB (min=105.4kB, biggest=105.4kB) | arena=2.6kB | V_bus=4.932V I_bus=58.1mA P_bus=286.6mW E_total_accum=25.274mWh
23:44:42.033 > [BENCH] IDLE | t_inference_us=0 | heap=0.4kB/105.8kB (min=105.4kB, biggest=105.4kB) | arena=2.6kB | V_bus=4.932V I_bus=57.8mA P_bus=285.0mW E_total_accum=25.434mWh
23:44:44.071 > [BENCH] IDLE | t_inference_us=0 | heap=0.4kB/105.8kB (min=105.4kB, biggest=105.4kB) | arena=2.6kB | V_bus=4.924V I_bus=57.9mA P_bus=285.5mW E_total_accum=25.594mWh
23:44:46.048 > 
23:44:46.048 > [EVENT] type=HOUR  Tin=25.40 Hin=60.04 Tout=28.70 Hout=76.50
23:44:46.048 > [infer] warmup: window 4/24 - (Invoke NOT executed)
23:44:46.154 > [SENSORS] Health IN ok=141 err=0 reinit=0 pwr=0 | OUT ok=141 err=0 reinit=0 pwr=0
23:44:47.568 > [BENCH] IDLE | t_inference_us=0 | heap=0.4kB/105.8kB (min=105.4kB, biggest=105.4kB) | arena=2.6kB | V_bus=4.932V I_bus=58.4mA P_bus=287.9mW E_total_accum=25.873mWh
23:44:49.585 > [BENCH] IDLE | t_inference_us=0 | heap=0.4kB/105.8kB (min=105.4kB, biggest=105.4kB) | arena=2.6kB | V_bus=4.928V I_bus=58.0mA P_bus=286.1mW E_total_accum=26.033mWh
23:44:51.602 > [BENCH] IDLE | t_inference_us=0 | heap=0.4kB/105.8kB (min=105.4kB, biggest=105.4kB) | arena=2.6kB | V_bus=4.936V I_bus=58.1mA P_bus=286.7mW E_total_accum=26.194mWh
23:44:53.635 > [BENCH] IDLE | t_inference_us=0 | heap=0.4kB/105.8kB (min=105.4kB, biggest=105.4kB) | arena=2.6kB | V_bus=4.936V I_bus=58.0mA P_bus=286.0mW E_total_accum=26.354mWh
23:44:55.655 > [BENCH] IDLE | t_inference_us=0 | heap=0.4kB/105.8kB (min=105.4kB, biggest=105.4kB) | arena=2.6kB | V_bus=4.940V I_bus=58.0mA P_bus=285.9mW E_total_accum=26.514mWh
23:44:57.665 > [BENCH] IDLE | t_inference_us=0 | heap=0.4kB/105.8kB (min=105.4kB, biggest=105.4kB) | arena=2.6kB | V_bus=4.936V I_bus=58.0mA P_bus=286.3mW E_total_accum=26.675mWh
23:44:59.697 > [BENCH] IDLE | t_inference_us=0 | heap=0.4kB/105.8kB (min=105.4kB, biggest=105.4kB) | arena=2.6kB | V_bus=4.928V I_bus=57.7mA P_bus=284.7mW E_total_accum=26.835mWh
23:45:01.715 > [BENCH] IDLE | t_inference_us=0 | heap=0.4kB/105.8kB (min=105.4kB, biggest=105.4kB) | arena=2.6kB | V_bus=4.936V I_bus=58.0mA P_bus=285.9mW E_total_accum=26.995mWh
23:45:03.750 > [BENCH] IDLE | t_inference_us=0 | heap=0.4kB/105.8kB (min=105.4kB, biggest=105.4kB) | arena=2.6kB | V_bus=4.932V I_bus=57.9mA P_bus=285.5mW E_total_accum=27.155mWh
23:45:05.766 > [BENCH] IDLE | t_inference_us=0 | heap=0.4kB/105.8kB (min=105.4kB, biggest=105.4kB) | arena=2.6kB | V_bus=4.932V I_bus=57.7mA P_bus=284.6mW E_total_accum=27.315mWh
23:45:07.800 > [BENCH] IDLE | t_inference_us=0 | heap=0.4kB/105.8kB (min=105.4kB, biggest=105.4kB) | arena=2.6kB | V_bus=4.940V I_bus=57.6mA P_bus=284.4mW E_total_accum=27.475mWh
23:45:09.813 > [BENCH] IDLE | t_inference_us=0 | heap=0.4kB/105.8kB (min=105.4kB, biggest=105.4kB) | arena=2.6kB | V_bus=4.928V I_bus=57.5mA P_bus=283.6mW E_total_accum=27.634mWh
23:45:11.847 > [BENCH] IDLE | t_inference_us=0 | heap=0.4kB/105.8kB (min=105.4kB, biggest=105.4kB) | arena=2.6kB | V_bus=4.936V I_bus=57.7mA P_bus=284.7mW E_total_accum=27.793mWh
23:45:13.864 > [BENCH] IDLE | t_inference_us=0 | heap=0.4kB/105.8kB (min=105.4kB, biggest=105.4kB) | arena=2.6kB | V_bus=4.928V I_bus=57.5mA P_bus=283.7mW E_total_accum=27.952mWh
23:45:15.881 > [BENCH] IDLE | t_inference_us=0 | heap=0.4kB/105.8kB (min=105.4kB, biggest=105.4kB) | arena=2.6kB | V_bus=4.932V I_bus=57.8mA P_bus=285.0mW E_total_accum=28.112mWh
23:45:17.915 > [BENCH] IDLE | t_inference_us=0 | heap=0.4kB/105.8kB (min=105.4kB, biggest=105.4kB) | arena=2.6kB | V_bus=4.932V I_bus=57.5mA P_bus=283.9mW E_total_accum=28.271mWh
23:45:19.930 > [BENCH] IDLE | t_inference_us=0 | heap=0.4kB/105.8kB (min=105.4kB, biggest=105.4kB) | arena=2.6kB | V_bus=4.928V I_bus=58.0mA P_bus=286.0mW E_total_accum=28.432mWh
23:45:21.960 > [BENCH] IDLE | t_inference_us=0 | heap=0.4kB/105.8kB (min=105.4kB, biggest=105.4kB) | arena=2.6kB | V_bus=4.936V I_bus=57.9mA P_bus=285.7mW E_total_accum=28.592mWh
23:45:23.983 > [BENCH] IDLE | t_inference_us=0 | heap=0.4kB/105.8kB (min=105.4kB, biggest=105.4kB) | arena=2.6kB | V_bus=4.936V I_bus=57.8mA P_bus=285.3mW E_total_accum=28.752mWh
23:45:25.995 > [BENCH] IDLE | t_inference_us=0 | heap=0.4kB/105.8kB (min=105.4kB, biggest=105.4kB) | arena=2.6kB | V_bus=4.932V I_bus=57.9mA P_bus=285.5mW E_total_accum=28.912mWh
23:45:28.016 > [BENCH] IDLE | t_inference_us=0 | heap=0.4kB/105.8kB (min=105.4kB, biggest=105.4kB) | arena=2.6kB | V_bus=4.932V I_bus=58.0mA P_bus=286.3mW E_total_accum=29.072mWh
23:45:30.044 > [BENCH] IDLE | t_inference_us=0 | heap=0.4kB/105.8kB (min=105.4kB, biggest=105.4kB) | arena=2.6kB | V_bus=4.932V I_bus=57.8mA P_bus=284.9mW E_total_accum=29.232mWh
23:45:32.060 > [BENCH] IDLE | t_inference_us=0 | heap=0.4kB/105.8kB (min=105.4kB, biggest=105.4kB) | arena=2.6kB | V_bus=4.932V I_bus=58.1mA P_bus=286.3mW E_total_accum=29.393mWh
23:45:34.094 > [BENCH] IDLE | t_inference_us=0 | heap=0.4kB/105.8kB (min=105.4kB, biggest=105.4kB) | arena=2.6kB | V_bus=4.932V I_bus=57.7mA P_bus=284.8mW E_total_accum=29.552mWh
23:45:36.110 > [BENCH] IDLE | t_inference_us=0 | heap=0.4kB/105.8kB (min=105.4kB, biggest=105.4kB) | arena=2.6kB | V_bus=4.924V I_bus=57.9mA P_bus=285.7mW E_total_accum=29.713mWh
23:45:38.127 > [BENCH] IDLE | t_inference_us=0 | heap=0.4kB/105.8kB (min=105.4kB, biggest=105.4kB) | arena=2.6kB | V_bus=4.924V I_bus=58.0mA P_bus=285.8mW E_total_accum=29.873mWh
23:45:40.160 > [BENCH] IDLE | t_inference_us=0 | heap=0.4kB/105.8kB (min=105.4kB, biggest=105.4kB) | arena=2.6kB | V_bus=4.940V I_bus=57.9mA P_bus=285.5mW E_total_accum=30.033mWh
23:45:42.177 > [BENCH] IDLE | t_inference_us=0 | heap=0.4kB/105.8kB (min=105.4kB, biggest=105.4kB) | arena=2.6kB | V_bus=4.924V I_bus=57.9mA P_bus=285.5mW E_total_accum=30.193mWh
23:45:44.192 > [BENCH] IDLE | t_inference_us=0 | heap=0.4kB/105.8kB (min=105.4kB, biggest=105.4kB) | arena=2.6kB | V_bus=4.932V I_bus=57.9mA P_bus=285.6mW E_total_accum=30.353mWh
23:45:46.175 > 
23:45:46.175 > [EVENT] type=HOUR  Tin=25.20 Hin=59.59 Tout=28.60 Hout=75.90
23:45:46.175 > [infer] warmup: window 5/24 - (Invoke NOT executed)
23:45:46.287 > [SENSORS] Health IN ok=169 err=0 reinit=0 pwr=0 | OUT ok=169 err=0 reinit=0 pwr=0
23:45:47.692 > [BENCH] IDLE | t_inference_us=0 | heap=0.4kB/105.8kB (min=105.4kB, biggest=105.4kB) | arena=2.6kB | V_bus=4.924V I_bus=57.8mA P_bus=284.7mW E_total_accum=30.630mWh
23:45:49.725 > [BENCH] IDLE | t_inference_us=0 | heap=0.4kB/105.8kB (min=105.4kB, biggest=105.4kB) | arena=2.6kB | V_bus=4.940V I_bus=57.7mA P_bus=284.5mW E_total_accum=30.789mWh
23:45:51.739 > [BENCH] IDLE | t_inference_us=0 | heap=0.4kB/105.8kB (min=105.4kB, biggest=105.4kB) | arena=2.6kB | V_bus=4.924V I_bus=57.8mA P_bus=284.9mW E_total_accum=30.949mWh
23:45:53.771 > [BENCH] IDLE | t_inference_us=0 | heap=0.4kB/105.8kB (min=105.4kB, biggest=105.4kB) | arena=2.6kB | V_bus=4.936V I_bus=57.9mA P_bus=285.5mW E_total_accum=31.109mWh
23:45:55.800 > [BENCH] IDLE | t_inference_us=0 | heap=0.4kB/105.8kB (min=105.4kB, biggest=105.4kB) | arena=2.6kB | V_bus=4.932V I_bus=58.0mA P_bus=285.9mW E_total_accum=31.270mWh
23:45:57.816 > [BENCH] IDLE | t_inference_us=0 | heap=0.4kB/105.8kB (min=105.4kB, biggest=105.4kB) | arena=2.6kB | V_bus=4.936V I_bus=58.1mA P_bus=286.8mW E_total_accum=31.430mWh
23:45:59.823 > [BENCH] IDLE | t_inference_us=0 | heap=0.4kB/105.8kB (min=105.4kB, biggest=105.4kB) | arena=2.6kB | V_bus=4.928V I_bus=58.0mA P_bus=286.0mW E_total_accum=31.591mWh
23:46:01.845 > [BENCH] IDLE | t_inference_us=0 | heap=0.4kB/105.8kB (min=105.4kB, biggest=105.4kB) | arena=2.6kB | V_bus=4.936V I_bus=57.9mA P_bus=285.5mW E_total_accum=31.750mWh
23:46:03.867 > [BENCH] IDLE | t_inference_us=0 | heap=0.4kB/105.8kB (min=105.4kB, biggest=105.4kB) | arena=2.6kB | V_bus=4.932V I_bus=57.8mA P_bus=285.1mW E_total_accum=31.910mWh
23:46:05.904 > [BENCH] IDLE | t_inference_us=0 | heap=0.4kB/105.8kB (min=105.4kB, biggest=105.4kB) | arena=2.6kB | V_bus=4.964V I_bus=59.0mA P_bus=291.6mW E_total_accum=32.074mWh
23:46:07.925 > [BENCH] IDLE | t_inference_us=0 | heap=0.4kB/105.8kB (min=105.4kB, biggest=105.4kB) | arena=2.6kB | V_bus=4.936V I_bus=58.8mA P_bus=290.2mW E_total_accum=32.236mWh
23:46:09.936 > [BENCH] IDLE | t_inference_us=0 | heap=0.4kB/105.8kB (min=105.4kB, biggest=105.4kB) | arena=2.6kB | V_bus=4.928V I_bus=58.6mA P_bus=289.5mW E_total_accum=32.399mWh
23:46:11.970 > [BENCH] IDLE | t_inference_us=0 | heap=0.4kB/105.8kB (min=105.4kB, biggest=105.4kB) | arena=2.6kB | V_bus=4.936V I_bus=58.5mA P_bus=288.9mW E_total_accum=32.561mWh
23:46:13.982 > [BENCH] IDLE | t_inference_us=0 | heap=0.4kB/105.8kB (min=105.4kB, biggest=105.4kB) | arena=2.6kB | V_bus=4.932V I_bus=58.2mA P_bus=287.4mW E_total_accum=32.722mWh
23:46:16.001 > [BENCH] IDLE | t_inference_us=0 | heap=0.4kB/105.8kB (min=105.4kB, biggest=105.4kB) | arena=2.6kB | V_bus=4.932V I_bus=58.2mA P_bus=287.4mW E_total_accum=32.883mWh
23:46:18.035 > [BENCH] IDLE | t_inference_us=0 | heap=0.4kB/105.8kB (min=105.4kB, biggest=105.4kB) | arena=2.6kB | V_bus=4.936V I_bus=57.9mA P_bus=285.7mW E_total_accum=33.043mWh
23:46:20.052 > [BENCH] IDLE | t_inference_us=0 | heap=0.4kB/105.8kB (min=105.4kB, biggest=105.4kB) | arena=2.6kB | V_bus=4.928V I_bus=58.0mA P_bus=286.3mW E_total_accum=33.204mWh
23:46:22.085 > [BENCH] IDLE | t_inference_us=0 | heap=0.4kB/105.8kB (min=105.4kB, biggest=105.4kB) | arena=2.6kB | V_bus=4.932V I_bus=57.7mA P_bus=284.9mW E_total_accum=33.364mWh
23:46:24.098 > [BENCH] IDLE | t_inference_us=0 | heap=0.4kB/105.8kB (min=105.4kB, biggest=105.4kB) | arena=2.6kB | V_bus=4.936V I_bus=58.0mA P_bus=286.2mW E_total_accum=33.524mWh
23:46:26.133 > [BENCH] IDLE | t_inference_us=0 | heap=0.4kB/105.8kB (min=105.4kB, biggest=105.4kB) | arena=2.6kB | V_bus=4.932V I_bus=58.2mA P_bus=286.9mW E_total_accum=33.685mWh
23:46:28.150 > [BENCH] IDLE | t_inference_us=0 | heap=0.4kB/105.8kB (min=105.4kB, biggest=105.4kB) | arena=2.6kB | V_bus=4.932V I_bus=57.9mA P_bus=285.8mW E_total_accum=33.846mWh
23:46:30.167 > [BENCH] IDLE | t_inference_us=0 | heap=0.4kB/105.8kB (min=105.4kB, biggest=105.4kB) | arena=2.6kB | V_bus=4.932V I_bus=58.3mA P_bus=287.8mW E_total_accum=34.007mWh
23:46:32.199 > [BENCH] IDLE | t_inference_us=0 | heap=0.4kB/105.8kB (min=105.4kB, biggest=105.4kB) | arena=2.6kB | V_bus=4.932V I_bus=58.0mA P_bus=286.0mW E_total_accum=34.167mWh
23:46:34.220 > [BENCH] IDLE | t_inference_us=0 | heap=0.4kB/105.8kB (min=105.4kB, biggest=105.4kB) | arena=2.6kB | V_bus=4.936V I_bus=57.9mA P_bus=285.8mW E_total_accum=34.327mWh
23:46:36.229 > [BENCH] IDLE | t_inference_us=0 | heap=0.4kB/105.8kB (min=105.4kB, biggest=105.4kB) | arena=2.6kB | V_bus=4.928V I_bus=58.4mA P_bus=288.1mW E_total_accum=34.489mWh
23:46:38.262 > [BENCH] IDLE | t_inference_us=0 | heap=0.4kB/105.8kB (min=105.4kB, biggest=105.4kB) | arena=2.6kB | V_bus=4.928V I_bus=58.1mA P_bus=286.5mW E_total_accum=34.649mWh
23:46:40.286 > [BENCH] IDLE | t_inference_us=0 | heap=0.4kB/105.8kB (min=105.4kB, biggest=105.4kB) | arena=2.6kB | V_bus=4.940V I_bus=57.8mA P_bus=285.3mW E_total_accum=34.809mWh
23:46:42.296 > [BENCH] IDLE | t_inference_us=0 | heap=0.4kB/105.8kB (min=105.4kB, biggest=105.4kB) | arena=2.6kB | V_bus=4.924V I_bus=57.9mA P_bus=285.7mW E_total_accum=34.970mWh
23:46:44.331 > [BENCH] IDLE | t_inference_us=0 | heap=0.4kB/105.8kB (min=105.4kB, biggest=105.4kB) | arena=2.6kB | V_bus=4.932V I_bus=57.7mA P_bus=284.7mW E_total_accum=35.129mWh
23:46:46.262 > 
23:46:46.262 > [EVENT] type=HOUR  Tin=25.00 Hin=58.91 Tout=28.60 Hout=77.20
23:46:46.262 > [infer] warmup: window 6/24 - (Invoke NOT executed)
23:46:46.418 > [SENSORS] Health IN ok=197 err=0 reinit=0 pwr=0 | OUT ok=198 err=0 reinit=0 pwr=0
23:46:47.778 > [BENCH] IDLE | t_inference_us=0 | heap=0.4kB/105.8kB (min=105.4kB, biggest=105.4kB) | arena=2.6kB | V_bus=4.932V I_bus=58.0mA P_bus=285.9mW E_total_accum=35.402mWh
23:46:49.800 > [BENCH] IDLE | t_inference_us=0 | heap=0.4kB/105.8kB (min=105.4kB, biggest=105.4kB) | arena=2.6kB | V_bus=4.936V I_bus=58.0mA P_bus=286.1mW E_total_accum=35.563mWh
23:46:51.830 > [BENCH] IDLE | t_inference_us=0 | heap=0.4kB/105.8kB (min=105.4kB, biggest=105.4kB) | arena=2.6kB | V_bus=4.932V I_bus=57.7mA P_bus=284.8mW E_total_accum=35.722mWh
23:46:53.855 > [BENCH] IDLE | t_inference_us=0 | heap=0.4kB/105.8kB (min=105.4kB, biggest=105.4kB) | arena=2.6kB | V_bus=4.932V I_bus=57.6mA P_bus=284.1mW E_total_accum=35.882mWh
23:46:55.875 > [BENCH] IDLE | t_inference_us=0 | heap=0.4kB/105.8kB (min=105.4kB, biggest=105.4kB) | arena=2.6kB | V_bus=4.932V I_bus=57.4mA P_bus=283.0mW E_total_accum=36.040mWh
23:46:57.892 > [BENCH] IDLE | t_inference_us=0 | heap=0.4kB/105.8kB (min=105.4kB, biggest=105.4kB) | arena=2.6kB | V_bus=4.920V I_bus=57.6mA P_bus=284.0mW E_total_accum=36.200mWh
23:46:59.910 > [BENCH] IDLE | t_inference_us=0 | heap=0.4kB/105.8kB (min=105.4kB, biggest=105.4kB) | arena=2.6kB | V_bus=4.940V I_bus=57.6mA P_bus=283.9mW E_total_accum=36.359mWh
23:47:01.943 > [BENCH] IDLE | t_inference_us=0 | heap=0.4kB/105.8kB (min=105.4kB, biggest=105.4kB) | arena=2.6kB | V_bus=4.928V I_bus=57.6mA P_bus=284.0mW E_total_accum=36.518mWh
23:47:03.960 > [BENCH] IDLE | t_inference_us=0 | heap=0.4kB/105.8kB (min=105.4kB, biggest=105.4kB) | arena=2.6kB | V_bus=4.924V I_bus=57.9mA P_bus=285.3mW E_total_accum=36.678mWh
23:47:05.989 > [BENCH] IDLE | t_inference_us=0 | heap=0.4kB/105.8kB (min=105.4kB, biggest=105.4kB) | arena=2.6kB | V_bus=4.964V I_bus=57.8mA P_bus=285.5mW E_total_accum=36.838mWh
23:47:08.007 > [BENCH] IDLE | t_inference_us=0 | heap=0.4kB/105.8kB (min=105.4kB, biggest=105.4kB) | arena=2.6kB | V_bus=4.928V I_bus=57.9mA P_bus=285.6mW E_total_accum=36.998mWh
23:47:10.026 > [BENCH] IDLE | t_inference_us=0 | heap=0.4kB/105.8kB (min=105.4kB, biggest=105.4kB) | arena=2.6kB | V_bus=4.932V I_bus=57.7mA P_bus=284.6mW E_total_accum=37.158mWh
23:47:12.053 > [BENCH] IDLE | t_inference_us=0 | heap=0.4kB/105.8kB (min=105.4kB, biggest=105.4kB) | arena=2.6kB | V_bus=4.932V I_bus=57.7mA P_bus=284.9mW E_total_accum=37.318mWh
23:47:14.075 > [BENCH] IDLE | t_inference_us=0 | heap=0.4kB/105.8kB (min=105.4kB, biggest=105.4kB) | arena=2.6kB | V_bus=4.928V I_bus=57.6mA P_bus=284.3mW E_total_accum=37.477mWh
23:47:16.102 > [BENCH] IDLE | t_inference_us=0 | heap=0.4kB/105.8kB (min=105.4kB, biggest=105.4kB) | arena=2.6kB | V_bus=4.960V I_bus=57.8mA P_bus=285.4mW E_total_accum=37.637mWh
23:47:18.117 > [BENCH] IDLE | t_inference_us=0 | heap=0.4kB/105.8kB (min=105.4kB, biggest=105.4kB) | arena=2.6kB | V_bus=4.932V I_bus=57.9mA P_bus=285.8mW E_total_accum=37.797mWh
23:47:20.142 > [BENCH] IDLE | t_inference_us=0 | heap=0.4kB/105.8kB (min=105.4kB, biggest=105.4kB) | arena=2.6kB | V_bus=4.928V I_bus=57.7mA P_bus=284.5mW E_total_accum=37.957mWh
23:47:22.156 > [BENCH] IDLE | t_inference_us=0 | heap=0.4kB/105.8kB (min=105.4kB, biggest=105.4kB) | arena=2.6kB | V_bus=4.940V I_bus=57.5mA P_bus=283.8mW E_total_accum=38.116mWh
23:47:24.173 > [BENCH] IDLE | t_inference_us=0 | heap=0.4kB/105.8kB (min=105.4kB, biggest=105.4kB) | arena=2.6kB | V_bus=4.932V I_bus=57.9mA P_bus=285.7mW E_total_accum=38.276mWh
23:47:26.209 > [BENCH] IDLE | t_inference_us=0 | heap=0.4kB/105.8kB (min=105.4kB, biggest=105.4kB) | arena=2.6kB | V_bus=4.932V I_bus=57.6mA P_bus=284.5mW E_total_accum=38.435mWh
23:47:28.224 > [BENCH] IDLE | t_inference_us=0 | heap=0.4kB/105.8kB (min=105.4kB, biggest=105.4kB) | arena=2.6kB | V_bus=4.932V I_bus=58.0mA P_bus=286.0mW E_total_accum=38.596mWh
23:47:30.255 > [BENCH] IDLE | t_inference_us=0 | heap=0.4kB/105.8kB (min=105.4kB, biggest=105.4kB) | arena=2.6kB | V_bus=4.932V I_bus=57.7mA P_bus=284.5mW E_total_accum=38.755mWh
23:47:32.276 > [BENCH] IDLE | t_inference_us=0 | heap=0.4kB/105.8kB (min=105.4kB, biggest=105.4kB) | arena=2.6kB | V_bus=4.924V I_bus=57.8mA P_bus=285.2mW E_total_accum=38.915mWh
23:47:34.286 > [BENCH] IDLE | t_inference_us=0 | heap=0.4kB/105.8kB (min=105.4kB, biggest=105.4kB) | arena=2.6kB | V_bus=4.940V I_bus=57.8mA P_bus=285.0mW E_total_accum=39.075mWh
23:47:36.317 > [BENCH] IDLE | t_inference_us=0 | heap=0.4kB/105.8kB (min=105.4kB, biggest=105.4kB) | arena=2.6kB | V_bus=4.932V I_bus=57.6mA P_bus=283.9mW E_total_accum=39.234mWh
23:47:38.343 > [BENCH] IDLE | t_inference_us=0 | heap=0.4kB/105.8kB (min=105.4kB, biggest=105.4kB) | arena=2.6kB | V_bus=4.924V I_bus=57.6mA P_bus=284.2mW E_total_accum=39.393mWh
23:47:40.367 > [BENCH] IDLE | t_inference_us=0 | heap=0.4kB/105.8kB (min=105.4kB, biggest=105.4kB) | arena=2.6kB | V_bus=4.940V I_bus=57.6mA P_bus=284.2mW E_total_accum=39.553mWh
23:47:42.383 > [BENCH] IDLE | t_inference_us=0 | heap=0.4kB/105.8kB (min=105.4kB, biggest=105.4kB) | arena=2.6kB | V_bus=4.924V I_bus=57.8mA P_bus=285.1mW E_total_accum=39.713mWh
23:47:44.400 > [BENCH] IDLE | t_inference_us=0 | heap=0.4kB/105.8kB (min=105.4kB, biggest=105.4kB) | arena=2.6kB | V_bus=4.936V I_bus=57.7mA P_bus=284.7mW E_total_accum=39.873mWh
23:47:46.384 > 
23:47:46.384 > [EVENT] type=HOUR  Tin=24.80 Hin=58.70 Tout=28.70 Hout=76.70
23:47:46.384 > [infer] warmup: window 7/24 - (Invoke NOT executed)
23:47:46.535 > [SENSORS] Health IN ok=226 err=0 reinit=0 pwr=0 | OUT ok=226 err=0 reinit=0 pwr=0
23:47:47.902 > [BENCH] IDLE | t_inference_us=0 | heap=0.4kB/105.8kB (min=105.4kB, biggest=105.4kB) | arena=2.6kB | V_bus=4.924V I_bus=58.0mA P_bus=286.1mW E_total_accum=40.149mWh
23:47:49.920 > [BENCH] IDLE | t_inference_us=0 | heap=0.4kB/105.8kB (min=105.4kB, biggest=105.4kB) | arena=2.6kB | V_bus=4.940V I_bus=58.0mA P_bus=286.3mW E_total_accum=40.309mWh
23:47:51.947 > [BENCH] IDLE | t_inference_us=0 | heap=0.4kB/105.8kB (min=105.4kB, biggest=105.4kB) | arena=2.6kB | V_bus=4.932V I_bus=57.8mA P_bus=284.9mW E_total_accum=40.469mWh
23:47:53.966 > [BENCH] IDLE | t_inference_us=0 | heap=0.4kB/105.8kB (min=105.4kB, biggest=105.4kB) | arena=2.6kB | V_bus=4.924V I_bus=57.8mA P_bus=285.1mW E_total_accum=40.629mWh
23:47:55.982 > [BENCH] IDLE | t_inference_us=0 | heap=0.4kB/105.8kB (min=105.4kB, biggest=105.4kB) | arena=2.6kB | V_bus=4.940V I_bus=57.9mA P_bus=285.4mW E_total_accum=40.789mWh
23:47:58.016 > [BENCH] IDLE | t_inference_us=0 | heap=0.4kB/105.8kB (min=105.4kB, biggest=105.4kB) | arena=2.6kB | V_bus=4.924V I_bus=58.0mA P_bus=285.8mW E_total_accum=40.949mWh
23:48:00.040 > [BENCH] IDLE | t_inference_us=0 | heap=0.4kB/105.8kB (min=105.4kB, biggest=105.4kB) | arena=2.6kB | V_bus=4.928V I_bus=57.9mA P_bus=285.3mW E_total_accum=41.109mWh
23:48:02.061 > [BENCH] IDLE | t_inference_us=0 | heap=0.4kB/105.8kB (min=105.4kB, biggest=105.4kB) | arena=2.6kB | V_bus=4.932V I_bus=58.2mA P_bus=286.8mW E_total_accum=41.270mWh
23:48:04.079 > [BENCH] IDLE | t_inference_us=0 | heap=0.4kB/105.8kB (min=105.4kB, biggest=105.4kB) | arena=2.6kB | V_bus=4.932V I_bus=57.8mA P_bus=285.1mW E_total_accum=41.430mWh
23:48:06.101 > [BENCH] IDLE | t_inference_us=0 | heap=0.4kB/105.8kB (min=105.4kB, biggest=105.4kB) | arena=2.6kB | V_bus=4.928V I_bus=57.9mA P_bus=285.6mW E_total_accum=41.590mWh
23:48:08.126 > [BENCH] IDLE | t_inference_us=0 | heap=0.4kB/105.8kB (min=105.4kB, biggest=105.4kB) | arena=2.6kB | V_bus=4.940V I_bus=57.8mA P_bus=285.3mW E_total_accum=41.750mWh
23:48:10.159 > [BENCH] IDLE | t_inference_us=0 | heap=0.4kB/105.8kB (min=105.4kB, biggest=105.4kB) | arena=2.6kB | V_bus=4.928V I_bus=58.0mA P_bus=285.9mW E_total_accum=41.911mWh
23:48:12.175 > [BENCH] IDLE | t_inference_us=0 | heap=0.4kB/105.8kB (min=105.4kB, biggest=105.4kB) | arena=2.6kB | V_bus=4.932V I_bus=57.7mA P_bus=284.4mW E_total_accum=42.070mWh
23:48:14.207 > [BENCH] IDLE | t_inference_us=0 | heap=0.4kB/105.8kB (min=105.4kB, biggest=105.4kB) | arena=2.6kB | V_bus=4.932V I_bus=58.1mA P_bus=286.7mW E_total_accum=42.231mWh
23:48:16.221 > [BENCH] IDLE | t_inference_us=0 | heap=0.4kB/105.8kB (min=105.4kB, biggest=105.4kB) | arena=2.6kB | V_bus=4.932V I_bus=57.9mA P_bus=285.3mW E_total_accum=42.391mWh
23:48:18.241 > [BENCH] IDLE | t_inference_us=0 | heap=0.4kB/105.8kB (min=105.4kB, biggest=105.4kB) | arena=2.6kB | V_bus=4.952V I_bus=58.1mA P_bus=287.0mW E_total_accum=42.552mWh
23:48:20.262 > [BENCH] IDLE | t_inference_us=0 | heap=0.4kB/105.8kB (min=105.4kB, biggest=105.4kB) | arena=2.6kB | V_bus=4.924V I_bus=58.5mA P_bus=288.4mW E_total_accum=42.713mWh
23:48:22.293 > [BENCH] IDLE | t_inference_us=0 | heap=0.4kB/105.8kB (min=105.4kB, biggest=105.4kB) | arena=2.6kB | V_bus=4.936V I_bus=58.4mA P_bus=288.3mW E_total_accum=42.875mWh
23:48:24.313 > [BENCH] IDLE | t_inference_us=0 | heap=0.4kB/105.8kB (min=105.4kB, biggest=105.4kB) | arena=2.6kB | V_bus=4.940V I_bus=58.4mA P_bus=288.0mW E_total_accum=43.036mWh
23:48:26.320 > [BENCH] IDLE | t_inference_us=0 | heap=0.4kB/105.8kB (min=105.4kB, biggest=105.4kB) | arena=2.6kB | V_bus=4.928V I_bus=58.2mA P_bus=287.3mW E_total_accum=43.197mWh
23:48:28.346 > [BENCH] IDLE | t_inference_us=0 | heap=0.4kB/105.8kB (min=105.4kB, biggest=105.4kB) | arena=2.6kB | V_bus=4.936V I_bus=57.9mA P_bus=285.6mW E_total_accum=43.357mWh
23:48:30.377 > [BENCH] IDLE | t_inference_us=0 | heap=0.4kB/105.8kB (min=105.4kB, biggest=105.4kB) | arena=2.6kB | V_bus=4.936V I_bus=57.9mA P_bus=285.9mW E_total_accum=43.518mWh
23:48:32.403 > [BENCH] IDLE | t_inference_us=0 | heap=0.4kB/105.8kB (min=105.4kB, biggest=105.4kB) | arena=2.6kB | V_bus=4.940V I_bus=58.0mA P_bus=286.1mW E_total_accum=43.678mWh
23:48:34.423 > [BENCH] IDLE | t_inference_us=0 | heap=0.4kB/105.8kB (min=105.4kB, biggest=105.4kB) | arena=2.6kB | V_bus=4.936V I_bus=57.7mA P_bus=284.8mW E_total_accum=43.838mWh
23:48:36.445 > [BENCH] IDLE | t_inference_us=0 | heap=0.4kB/105.8kB (min=105.4kB, biggest=105.4kB) | arena=2.6kB | V_bus=4.932V I_bus=57.5mA P_bus=283.8mW E_total_accum=43.997mWh
23:48:38.471 > [BENCH] IDLE | t_inference_us=0 | heap=0.4kB/105.8kB (min=105.4kB, biggest=105.4kB) | arena=2.6kB | V_bus=4.940V I_bus=57.3mA P_bus=282.9mW E_total_accum=44.156mWh
23:48:40.489 > [BENCH] IDLE | t_inference_us=0 | heap=0.4kB/105.8kB (min=105.4kB, biggest=105.4kB) | arena=2.6kB | V_bus=4.932V I_bus=57.8mA P_bus=285.2mW E_total_accum=44.316mWh
23:48:42.520 > [BENCH] IDLE | t_inference_us=0 | heap=0.4kB/105.8kB (min=105.4kB, biggest=105.4kB) | arena=2.6kB | V_bus=4.936V I_bus=57.6mA P_bus=284.4mW E_total_accum=44.475mWh
23:48:44.540 > [BENCH] IDLE | t_inference_us=0 | heap=0.4kB/105.8kB (min=105.4kB, biggest=105.4kB) | arena=2.6kB | V_bus=4.928V I_bus=57.6mA P_bus=284.0mW E_total_accum=44.634mWh
23:48:46.519 > 
23:48:46.519 > [EVENT] type=HOUR  Tin=24.50 Hin=58.30 Tout=28.70 Hout=75.30
23:48:46.519 > [infer] warmup: window 8/24 - (Invoke NOT executed)
23:48:46.656 > [SENSORS] Health IN ok=254 err=0 reinit=0 pwr=0 | OUT ok=254 err=0 reinit=0 pwr=0
23:48:48.046 > [BENCH] IDLE | t_inference_us=0 | heap=0.4kB/105.8kB (min=105.4kB, biggest=105.4kB) | arena=2.6kB | V_bus=4.940V I_bus=57.8mA P_bus=285.5mW E_total_accum=44.912mWh
23:48:50.049 > [BENCH] IDLE | t_inference_us=0 | heap=0.4kB/105.8kB (min=105.4kB, biggest=105.4kB) | arena=2.6kB | V_bus=4.940V I_bus=57.8mA P_bus=285.1mW E_total_accum=45.071mWh
23:48:52.083 > [BENCH] IDLE | t_inference_us=0 | heap=0.4kB/105.8kB (min=105.4kB, biggest=105.4kB) | arena=2.6kB | V_bus=4.932V I_bus=57.6mA P_bus=284.1mW E_total_accum=45.231mWh
23:48:54.103 > [BENCH] IDLE | t_inference_us=0 | heap=0.4kB/105.8kB (min=105.4kB, biggest=105.4kB) | arena=2.6kB | V_bus=4.936V I_bus=57.3mA P_bus=283.0mW E_total_accum=45.389mWh
23:48:56.117 > [BENCH] IDLE | t_inference_us=0 | heap=0.4kB/105.8kB (min=105.4kB, biggest=105.4kB) | arena=2.6kB | V_bus=4.932V I_bus=57.3mA P_bus=282.6mW E_total_accum=45.548mWh
23:48:58.140 > [BENCH] IDLE | t_inference_us=0 | heap=0.4kB/105.8kB (min=105.4kB, biggest=105.4kB) | arena=2.6kB | V_bus=4.936V I_bus=57.2mA P_bus=282.3mW E_total_accum=45.706mWh
23:49:00.170 > [BENCH] IDLE | t_inference_us=0 | heap=0.4kB/105.8kB (min=105.4kB, biggest=105.4kB) | arena=2.6kB | V_bus=4.940V I_bus=57.3mA P_bus=282.9mW E_total_accum=45.865mWh
23:49:02.200 > [BENCH] IDLE | t_inference_us=0 | heap=0.4kB/105.8kB (min=105.4kB, biggest=105.4kB) | arena=2.6kB | V_bus=4.928V I_bus=57.4mA P_bus=283.5mW E_total_accum=46.024mWh
23:49:04.223 > [BENCH] IDLE | t_inference_us=0 | heap=0.4kB/105.8kB (min=105.4kB, biggest=105.4kB) | arena=2.6kB | V_bus=4.932V I_bus=57.3mA P_bus=282.5mW E_total_accum=46.182mWh
23:49:06.247 > [BENCH] IDLE | t_inference_us=0 | heap=0.4kB/105.8kB (min=105.4kB, biggest=105.4kB) | arena=2.6kB | V_bus=4.928V I_bus=57.6mA P_bus=284.2mW E_total_accum=46.342mWh
23:49:08.268 > [BENCH] IDLE | t_inference_us=0 | heap=0.4kB/105.8kB (min=105.4kB, biggest=105.4kB) | arena=2.6kB | V_bus=4.940V I_bus=57.5mA P_bus=283.8mW E_total_accum=46.501mWh
23:49:10.282 > [BENCH] IDLE | t_inference_us=0 | heap=0.4kB/105.8kB (min=105.4kB, biggest=105.4kB) | arena=2.6kB | V_bus=4.940V I_bus=57.6mA P_bus=284.5mW E_total_accum=46.660mWh
23:49:12.298 > [BENCH] IDLE | t_inference_us=0 | heap=0.4kB/105.8kB (min=105.4kB, biggest=105.4kB) | arena=2.6kB | V_bus=4.932V I_bus=58.0mA P_bus=286.0mW E_total_accum=46.820mWh
23:49:14.329 > [BENCH] IDLE | t_inference_us=0 | heap=0.4kB/105.8kB (min=105.4kB, biggest=105.4kB) | arena=2.6kB | V_bus=4.936V I_bus=57.7mA P_bus=284.6mW E_total_accum=46.980mWh
23:49:16.361 > [BENCH] IDLE | t_inference_us=0 | heap=0.4kB/105.8kB (min=105.4kB, biggest=105.4kB) | arena=2.6kB | V_bus=4.932V I_bus=57.9mA P_bus=285.5mW E_total_accum=47.140mWh
23:49:18.384 > [BENCH] IDLE | t_inference_us=0 | heap=0.4kB/105.8kB (min=105.4kB, biggest=105.4kB) | arena=2.6kB | V_bus=4.936V I_bus=57.6mA P_bus=284.2mW E_total_accum=47.300mWh
23:49:20.406 > [BENCH] IDLE | t_inference_us=0 | heap=0.4kB/105.8kB (min=105.4kB, biggest=105.4kB) | arena=2.6kB | V_bus=4.944V I_bus=57.8mA P_bus=285.2mW E_total_accum=47.460mWh
23:49:22.429 > [BENCH] IDLE | t_inference_us=0 | heap=0.4kB/105.8kB (min=105.4kB, biggest=105.4kB) | arena=2.6kB | V_bus=4.924V I_bus=57.9mA P_bus=285.7mW E_total_accum=47.620mWh
23:49:24.447 > [BENCH] IDLE | t_inference_us=0 | heap=0.4kB/105.8kB (min=105.4kB, biggest=105.4kB) | arena=2.6kB | V_bus=4.932V I_bus=57.6mA P_bus=284.2mW E_total_accum=47.779mWh
23:49:26.474 > [BENCH] IDLE | t_inference_us=0 | heap=0.4kB/105.8kB (min=105.4kB, biggest=105.4kB) | arena=2.6kB | V_bus=4.932V I_bus=57.7mA P_bus=284.5mW E_total_accum=47.939mWh
23:49:28.485 > [BENCH] IDLE | t_inference_us=0 | heap=0.4kB/105.8kB (min=105.4kB, biggest=105.4kB) | arena=2.6kB | V_bus=4.936V I_bus=57.6mA P_bus=284.2mW E_total_accum=48.098mWh
23:49:30.514 > [BENCH] IDLE | t_inference_us=0 | heap=0.4kB/105.8kB (min=105.4kB, biggest=105.4kB) | arena=2.6kB | V_bus=4.940V I_bus=57.5mA P_bus=283.9mW E_total_accum=48.257mWh
23:49:32.530 > [BENCH] IDLE | t_inference_us=0 | heap=0.4kB/105.8kB (min=105.4kB, biggest=105.4kB) | arena=2.6kB | V_bus=4.936V I_bus=57.8mA P_bus=285.5mW E_total_accum=48.417mWh
23:49:34.550 > [BENCH] IDLE | t_inference_us=0 | heap=0.4kB/105.8kB (min=105.4kB, biggest=105.4kB) | arena=2.6kB | V_bus=4.936V I_bus=57.6mA P_bus=284.2mW E_total_accum=48.577mWh
23:49:36.581 > [BENCH] IDLE | t_inference_us=0 | heap=0.4kB/105.8kB (min=105.4kB, biggest=105.4kB) | arena=2.6kB | V_bus=4.936V I_bus=57.3mA P_bus=283.0mW E_total_accum=48.735mWh
23:49:38.597 > [BENCH] IDLE | t_inference_us=0 | heap=0.4kB/105.8kB (min=105.4kB, biggest=105.4kB) | arena=2.6kB | V_bus=4.928V I_bus=57.5mA P_bus=283.5mW E_total_accum=48.894mWh
23:49:40.625 > [BENCH] IDLE | t_inference_us=0 | heap=0.4kB/105.8kB (min=105.4kB, biggest=105.4kB) | arena=2.6kB | V_bus=4.932V I_bus=57.3mA P_bus=282.5mW E_total_accum=49.052mWh
23:49:42.633 > [BENCH] IDLE | t_inference_us=0 | heap=0.4kB/105.8kB (min=105.4kB, biggest=105.4kB) | arena=2.6kB | V_bus=4.928V I_bus=57.7mA P_bus=284.4mW E_total_accum=49.212mWh
23:49:44.656 > [BENCH] IDLE | t_inference_us=0 | heap=0.4kB/105.8kB (min=105.4kB, biggest=105.4kB) | arena=2.6kB | V_bus=4.932V I_bus=57.8mA P_bus=285.0mW E_total_accum=49.372mWh
23:49:46.641 > 
23:49:46.641 > [EVENT] type=HOUR  Tin=24.40 Hin=57.70 Tout=28.60 Hout=76.20
23:49:46.641 > [infer] warmup: window 9/24 - (Invoke NOT executed)
23:49:46.794 > [SENSORS] Health IN ok=282 err=0 reinit=0 pwr=0 | OUT ok=282 err=0 reinit=0 pwr=0
23:49:48.170 > [BENCH] IDLE | t_inference_us=0 | heap=0.4kB/105.8kB (min=105.4kB, biggest=105.4kB) | arena=2.6kB | V_bus=4.940V I_bus=57.7mA P_bus=284.8mW E_total_accum=49.648mWh
23:49:50.184 > [BENCH] IDLE | t_inference_us=0 | heap=0.4kB/105.8kB (min=105.4kB, biggest=105.4kB) | arena=2.6kB | V_bus=4.932V I_bus=58.1mA P_bus=286.8mW E_total_accum=49.809mWh
23:49:52.218 > [BENCH] IDLE | t_inference_us=0 | heap=0.4kB/105.8kB (min=105.4kB, biggest=105.4kB) | arena=2.6kB | V_bus=4.936V I_bus=57.8mA P_bus=285.1mW E_total_accum=49.969mWh
23:49:54.244 > [BENCH] IDLE | t_inference_us=0 | heap=0.4kB/105.8kB (min=105.4kB, biggest=105.4kB) | arena=2.6kB | V_bus=4.924V I_bus=57.9mA P_bus=285.4mW E_total_accum=50.129mWh
23:49:56.257 > [BENCH] IDLE | t_inference_us=0 | heap=0.4kB/105.8kB (min=105.4kB, biggest=105.4kB) | arena=2.6kB | V_bus=4.932V I_bus=57.6mA P_bus=283.9mW E_total_accum=50.289mWh
23:49:58.290 > [BENCH] IDLE | t_inference_us=0 | heap=0.4kB/105.8kB (min=105.4kB, biggest=105.4kB) | arena=2.6kB | V_bus=4.936V I_bus=57.7mA P_bus=284.7mW E_total_accum=50.448mWh
23:50:00.302 > [BENCH] IDLE | t_inference_us=0 | heap=0.4kB/105.8kB (min=105.4kB, biggest=105.4kB) | arena=2.6kB | V_bus=4.928V I_bus=57.8mA P_bus=285.1mW E_total_accum=50.608mWh
23:50:02.327 > [BENCH] IDLE | t_inference_us=0 | heap=0.4kB/105.8kB (min=105.4kB, biggest=105.4kB) | arena=2.6kB | V_bus=4.944V I_bus=57.7mA P_bus=284.6mW E_total_accum=50.767mWh
23:50:04.348 > [BENCH] IDLE | t_inference_us=0 | heap=0.4kB/105.8kB (min=105.4kB, biggest=105.4kB) | arena=2.6kB | V_bus=4.932V I_bus=58.1mA P_bus=286.4mW E_total_accum=50.928mWh
23:50:06.371 > [BENCH] IDLE | t_inference_us=0 | heap=0.4kB/105.8kB (min=105.4kB, biggest=105.4kB) | arena=2.6kB | V_bus=4.940V I_bus=58.0mA P_bus=286.1mW E_total_accum=51.088mWh
23:50:08.381 > [BENCH] IDLE | t_inference_us=0 | heap=0.4kB/105.8kB (min=105.4kB, biggest=105.4kB) | arena=2.6kB | V_bus=4.940V I_bus=58.0mA P_bus=286.3mW E_total_accum=51.249mWh
23:50:10.407 > [BENCH] IDLE | t_inference_us=0 | heap=0.4kB/105.8kB (min=105.4kB, biggest=105.4kB) | arena=2.6kB | V_bus=4.924V I_bus=57.9mA P_bus=285.5mW E_total_accum=51.409mWh
23:50:12.437 > [BENCH] IDLE | t_inference_us=0 | heap=0.4kB/105.8kB (min=105.4kB, biggest=105.4kB) | arena=2.6kB | V_bus=4.932V I_bus=57.7mA P_bus=284.8mW E_total_accum=51.569mWh
23:50:14.456 > [BENCH] IDLE | t_inference_us=0 | heap=0.4kB/105.8kB (min=105.4kB, biggest=105.4kB) | arena=2.6kB | V_bus=4.924V I_bus=57.7mA P_bus=284.8mW E_total_accum=51.728mWh
23:50:16.474 > [BENCH] IDLE | t_inference_us=0 | heap=0.4kB/105.8kB (min=105.4kB, biggest=105.4kB) | arena=2.6kB | V_bus=4.936V I_bus=57.5mA P_bus=283.8mW E_total_accum=51.888mWh
23:50:18.501 > [BENCH] IDLE | t_inference_us=0 | heap=0.4kB/105.8kB (min=105.4kB, biggest=105.4kB) | arena=2.6kB | V_bus=4.936V I_bus=57.5mA P_bus=283.5mW E_total_accum=52.047mWh
23:50:20.534 > [BENCH] IDLE | t_inference_us=0 | heap=0.4kB/105.8kB (min=105.4kB, biggest=105.4kB) | arena=2.6kB | V_bus=4.940V I_bus=57.6mA P_bus=284.1mW E_total_accum=52.206mWh
23:50:22.558 > [BENCH] IDLE | t_inference_us=0 | heap=0.4kB/105.8kB (min=105.4kB, biggest=105.4kB) | arena=2.6kB | V_bus=4.940V I_bus=57.6mA P_bus=284.4mW E_total_accum=52.366mWh
23:50:24.566 > [BENCH] IDLE | t_inference_us=0 | heap=0.4kB/105.8kB (min=105.4kB, biggest=105.4kB) | arena=2.6kB | V_bus=4.936V I_bus=57.4mA P_bus=283.2mW E_total_accum=52.525mWh
23:50:26.592 > [BENCH] IDLE | t_inference_us=0 | heap=0.4kB/105.8kB (min=105.4kB, biggest=105.4kB) | arena=2.6kB | V_bus=4.928V I_bus=57.3mA P_bus=282.7mW E_total_accum=52.683mWh
23:50:28.627 > [BENCH] IDLE | t_inference_us=0 | heap=0.4kB/105.8kB (min=105.4kB, biggest=105.4kB) | arena=2.6kB | V_bus=4.932V I_bus=57.1mA P_bus=281.9mW E_total_accum=52.841mWh
23:50:30.643 > [BENCH] IDLE | t_inference_us=0 | heap=0.4kB/105.8kB (min=105.4kB, biggest=105.4kB) | arena=2.6kB | V_bus=4.924V I_bus=57.4mA P_bus=282.9mW E_total_accum=53.000mWh
23:50:32.660 > [BENCH] IDLE | t_inference_us=0 | heap=0.4kB/105.8kB (min=105.4kB, biggest=105.4kB) | arena=2.6kB | V_bus=4.932V I_bus=57.2mA P_bus=281.9mW E_total_accum=53.158mWh
23:50:34.694 > [BENCH] IDLE | t_inference_us=0 | heap=0.4kB/105.8kB (min=105.4kB, biggest=105.4kB) | arena=2.6kB | V_bus=4.940V I_bus=57.4mA P_bus=283.1mW E_total_accum=53.317mWh
23:50:36.718 > [BENCH] IDLE | t_inference_us=0 | heap=0.4kB/105.8kB (min=105.4kB, biggest=105.4kB) | arena=2.6kB | V_bus=4.940V I_bus=57.4mA P_bus=283.0mW E_total_accum=53.476mWh
23:50:38.739 > [BENCH] IDLE | t_inference_us=0 | heap=0.4kB/105.8kB (min=105.4kB, biggest=105.4kB) | arena=2.6kB | V_bus=4.936V I_bus=57.4mA P_bus=283.4mW E_total_accum=53.634mWh
23:50:40.764 > [BENCH] IDLE | t_inference_us=0 | heap=0.4kB/105.8kB (min=105.4kB, biggest=105.4kB) | arena=2.6kB | V_bus=4.940V I_bus=57.5mA P_bus=283.6mW E_total_accum=53.794mWh
23:50:42.781 > [BENCH] IDLE | t_inference_us=0 | heap=0.4kB/105.8kB (min=105.4kB, biggest=105.4kB) | arena=2.6kB | V_bus=4.936V I_bus=57.4mA P_bus=283.6mW E_total_accum=53.952mWh
23:50:44.805 > [BENCH] IDLE | t_inference_us=0 | heap=0.4kB/105.8kB (min=105.4kB, biggest=105.4kB) | arena=2.6kB | V_bus=4.936V I_bus=57.7mA P_bus=284.6mW E_total_accum=54.112mWh
23:50:46.739 > 
23:50:46.739 > [EVENT] type=HOUR  Tin=24.30 Hin=57.20 Tout=28.40 Hout=76.60
23:50:46.743 > [infer] warmup: window 10/24 - (Invoke NOT executed)
23:50:46.927 > [SENSORS] Health IN ok=310 err=0 reinit=0 pwr=0 | OUT ok=311 err=0 reinit=0 pwr=0
23:50:48.260 > [BENCH] IDLE | t_inference_us=0 | heap=0.4kB/105.8kB (min=105.4kB, biggest=105.4kB) | arena=2.6kB | V_bus=4.932V I_bus=57.6mA P_bus=284.0mW E_total_accum=54.385mWh
23:50:50.284 > [BENCH] IDLE | t_inference_us=0 | heap=0.4kB/105.8kB (min=105.4kB, biggest=105.4kB) | arena=2.6kB | V_bus=4.940V I_bus=57.8mA P_bus=285.4mW E_total_accum=54.545mWh
23:50:52.310 > [BENCH] IDLE | t_inference_us=0 | heap=0.4kB/105.8kB (min=105.4kB, biggest=105.4kB) | arena=2.6kB | V_bus=4.940V I_bus=57.5mA P_bus=283.9mW E_total_accum=54.704mWh
23:50:54.333 > [BENCH] IDLE | t_inference_us=0 | heap=0.4kB/105.8kB (min=105.4kB, biggest=105.4kB) | arena=2.6kB | V_bus=4.940V I_bus=57.7mA P_bus=284.8mW E_total_accum=54.864mWh
23:50:56.357 > [BENCH] IDLE | t_inference_us=0 | heap=0.4kB/105.8kB (min=105.4kB, biggest=105.4kB) | arena=2.6kB | V_bus=4.940V I_bus=57.8mA P_bus=285.2mW E_total_accum=55.024mWh
23:50:58.371 > [BENCH] IDLE | t_inference_us=0 | heap=0.4kB/105.8kB (min=105.4kB, biggest=105.4kB) | arena=2.6kB | V_bus=4.940V I_bus=57.6mA P_bus=284.7mW E_total_accum=55.183mWh
23:51:00.388 > [BENCH] IDLE | t_inference_us=0 | heap=0.4kB/105.8kB (min=105.4kB, biggest=105.4kB) | arena=2.6kB | V_bus=4.928V I_bus=57.7mA P_bus=284.9mW E_total_accum=55.343mWh
23:51:02.422 > [BENCH] IDLE | t_inference_us=0 | heap=0.4kB/105.8kB (min=105.4kB, biggest=105.4kB) | arena=2.6kB | V_bus=4.936V I_bus=57.5mA P_bus=283.6mW E_total_accum=55.502mWh
23:51:04.434 > [BENCH] IDLE | t_inference_us=0 | heap=0.4kB/105.8kB (min=105.4kB, biggest=105.4kB) | arena=2.6kB | V_bus=4.928V I_bus=57.5mA P_bus=283.6mW E_total_accum=55.661mWh
23:51:06.469 > [BENCH] IDLE | t_inference_us=0 | heap=0.4kB/105.8kB (min=105.4kB, biggest=105.4kB) | arena=2.6kB | V_bus=4.936V I_bus=57.2mA P_bus=282.4mW E_total_accum=55.820mWh
23:51:08.479 > [BENCH] IDLE | t_inference_us=0 | heap=0.4kB/105.8kB (min=105.4kB, biggest=105.4kB) | arena=2.6kB | V_bus=4.932V I_bus=57.2mA P_bus=282.1mW E_total_accum=55.978mWh
23:51:10.503 > [BENCH] IDLE | t_inference_us=0 | heap=0.4kB/105.8kB (min=105.4kB, biggest=105.4kB) | arena=2.6kB | V_bus=4.960V I_bus=58.2mA P_bus=287.7mW E_total_accum=56.139mWh
23:51:12.532 > [BENCH] IDLE | t_inference_us=0 | heap=0.4kB/105.8kB (min=105.4kB, biggest=105.4kB) | arena=2.6kB | V_bus=4.932V I_bus=57.9mA P_bus=285.8mW E_total_accum=56.299mWh
23:51:14.556 > [BENCH] IDLE | t_inference_us=0 | heap=0.4kB/105.8kB (min=105.4kB, biggest=105.4kB) | arena=2.6kB | V_bus=4.928V I_bus=58.0mA P_bus=286.1mW E_total_accum=56.460mWh
23:51:16.570 > [BENCH] IDLE | t_inference_us=0 | heap=0.4kB/105.8kB (min=105.4kB, biggest=105.4kB) | arena=2.6kB | V_bus=4.960V I_bus=58.0mA P_bus=286.4mW E_total_accum=56.621mWh
23:51:18.592 > [BENCH] IDLE | t_inference_us=0 | heap=0.4kB/105.8kB (min=105.4kB, biggest=105.4kB) | arena=2.6kB | V_bus=4.932V I_bus=57.7mA P_bus=284.9mW E_total_accum=56.780mWh
23:51:20.609 > [BENCH] IDLE | t_inference_us=0 | heap=0.4kB/105.8kB (min=105.4kB, biggest=105.4kB) | arena=2.6kB | V_bus=4.936V I_bus=57.7mA P_bus=285.0mW E_total_accum=56.940mWh
23:51:22.645 > [BENCH] IDLE | t_inference_us=0 | heap=0.4kB/105.8kB (min=105.4kB, biggest=105.4kB) | arena=2.6kB | V_bus=4.932V I_bus=57.8mA P_bus=285.2mW E_total_accum=57.100mWh
23:51:24.672 > [BENCH] IDLE | t_inference_us=0 | heap=0.4kB/105.8kB (min=105.4kB, biggest=105.4kB) | arena=2.6kB | V_bus=4.940V I_bus=57.7mA P_bus=284.7mW E_total_accum=57.260mWh
23:51:26.694 > [BENCH] IDLE | t_inference_us=0 | heap=0.4kB/105.8kB (min=105.4kB, biggest=105.4kB) | arena=2.6kB | V_bus=4.928V I_bus=57.7mA P_bus=285.0mW E_total_accum=57.420mWh
23:51:28.718 > [BENCH] IDLE | t_inference_us=0 | heap=0.4kB/105.8kB (min=105.4kB, biggest=105.4kB) | arena=2.6kB | V_bus=4.932V I_bus=57.5mA P_bus=283.8mW E_total_accum=57.579mWh
23:51:30.735 > [BENCH] IDLE | t_inference_us=0 | heap=0.4kB/105.8kB (min=105.4kB, biggest=105.4kB) | arena=2.6kB | V_bus=4.928V I_bus=57.4mA P_bus=283.0mW E_total_accum=57.737mWh
23:51:32.759 > [BENCH] IDLE | t_inference_us=0 | heap=0.4kB/105.8kB (min=105.4kB, biggest=105.4kB) | arena=2.6kB | V_bus=4.924V I_bus=57.3mA P_bus=282.7mW E_total_accum=57.896mWh
23:51:34.775 > [BENCH] IDLE | t_inference_us=0 | heap=0.4kB/105.8kB (min=105.4kB, biggest=105.4kB) | arena=2.6kB | V_bus=4.936V I_bus=57.2mA P_bus=281.9mW E_total_accum=58.054mWh
23:51:36.800 > [BENCH] IDLE | t_inference_us=0 | heap=0.4kB/105.8kB (min=105.4kB, biggest=105.4kB) | arena=2.6kB | V_bus=4.932V I_bus=57.5mA P_bus=283.4mW E_total_accum=58.213mWh
23:51:38.833 > [BENCH] IDLE | t_inference_us=0 | heap=0.4kB/105.8kB (min=105.4kB, biggest=105.4kB) | arena=2.6kB | V_bus=4.940V I_bus=57.6mA P_bus=284.0mW E_total_accum=58.372mWh
23:51:40.855 > [BENCH] IDLE | t_inference_us=0 | heap=0.4kB/105.8kB (min=105.4kB, biggest=105.4kB) | arena=2.6kB | V_bus=4.924V I_bus=57.8mA P_bus=285.3mW E_total_accum=58.532mWh
23:51:42.880 > [BENCH] IDLE | t_inference_us=0 | heap=0.4kB/105.8kB (min=105.4kB, biggest=105.4kB) | arena=2.6kB | V_bus=4.932V I_bus=57.5mA P_bus=283.8mW E_total_accum=58.692mWh
23:51:44.899 > [BENCH] IDLE | t_inference_us=0 | heap=0.4kB/105.8kB (min=105.4kB, biggest=105.4kB) | arena=2.6kB | V_bus=4.928V I_bus=57.7mA P_bus=284.4mW E_total_accum=58.851mWh
23:51:46.844 > 
23:51:46.844 > [EVENT] type=HOUR  Tin=24.30 Hin=58.26 Tout=28.30 Hout=74.20
23:51:46.844 > [infer] warmup: window 11/24 - (Invoke NOT executed)
23:51:47.065 > [SENSORS] Health IN ok=339 err=0 reinit=0 pwr=0 | OUT ok=339 err=0 reinit=0 pwr=0
23:51:48.346 > [BENCH] IDLE | t_inference_us=0 | heap=0.4kB/105.8kB (min=105.4kB, biggest=105.4kB) | arena=2.6kB | V_bus=4.936V I_bus=57.5mA P_bus=283.7mW E_total_accum=59.123mWh
23:51:50.372 > [BENCH] IDLE | t_inference_us=0 | heap=0.4kB/105.8kB (min=105.4kB, biggest=105.4kB) | arena=2.6kB | V_bus=4.940V I_bus=57.4mA P_bus=283.0mW E_total_accum=59.282mWh
23:51:52.395 > [BENCH] IDLE | t_inference_us=0 | heap=0.4kB/105.8kB (min=105.4kB, biggest=105.4kB) | arena=2.6kB | V_bus=4.932V I_bus=57.7mA P_bus=284.5mW E_total_accum=59.441mWh
23:51:54.412 > [BENCH] IDLE | t_inference_us=0 | heap=0.4kB/105.8kB (min=105.4kB, biggest=105.4kB) | arena=2.6kB | V_bus=4.940V I_bus=57.7mA P_bus=284.8mW E_total_accum=59.601mWh
23:51:56.444 > [BENCH] IDLE | t_inference_us=0 | heap=0.4kB/105.8kB (min=105.4kB, biggest=105.4kB) | arena=2.6kB | V_bus=4.932V I_bus=58.1mA P_bus=286.9mW E_total_accum=59.762mWh
23:51:58.469 > [BENCH] IDLE | t_inference_us=0 | heap=0.4kB/105.8kB (min=105.4kB, biggest=105.4kB) | arena=2.6kB | V_bus=4.932V I_bus=57.8mA P_bus=285.4mW E_total_accum=59.922mWh
23:52:00.476 > [BENCH] IDLE | t_inference_us=0 | heap=0.4kB/105.8kB (min=105.4kB, biggest=105.4kB) | arena=2.6kB | V_bus=4.928V I_bus=57.8mA P_bus=285.4mW E_total_accum=60.082mWh
23:52:02.514 > [BENCH] IDLE | t_inference_us=0 | heap=0.4kB/105.8kB (min=105.4kB, biggest=105.4kB) | arena=2.6kB | V_bus=4.936V I_bus=57.6mA P_bus=284.1mW E_total_accum=60.241mWh
23:52:04.527 > [BENCH] IDLE | t_inference_us=0 | heap=0.4kB/105.8kB (min=105.4kB, biggest=105.4kB) | arena=2.6kB | V_bus=4.924V I_bus=57.7mA P_bus=284.4mW E_total_accum=60.401mWh
23:52:06.554 > [BENCH] IDLE | t_inference_us=0 | heap=0.4kB/105.8kB (min=105.4kB, biggest=105.4kB) | arena=2.6kB | V_bus=4.932V I_bus=57.4mA P_bus=283.2mW E_total_accum=60.560mWh
23:52:08.577 > [BENCH] IDLE | t_inference_us=0 | heap=0.4kB/105.8kB (min=105.4kB, biggest=105.4kB) | arena=2.6kB | V_bus=4.924V I_bus=57.6mA P_bus=284.1mW E_total_accum=60.719mWh
23:52:10.591 > [BENCH] IDLE | t_inference_us=0 | heap=0.4kB/105.8kB (min=105.4kB, biggest=105.4kB) | arena=2.6kB | V_bus=4.936V I_bus=57.4mA P_bus=282.9mW E_total_accum=60.878mWh
23:52:12.630 > [BENCH] IDLE | t_inference_us=0 | heap=0.4kB/105.8kB (min=105.4kB, biggest=105.4kB) | arena=2.6kB | V_bus=4.928V I_bus=57.7mA P_bus=284.7mW E_total_accum=61.038mWh
23:52:14.641 > [BENCH] IDLE | t_inference_us=0 | heap=0.4kB/105.8kB (min=105.4kB, biggest=105.4kB) | arena=2.6kB | V_bus=4.940V I_bus=57.6mA P_bus=284.3mW E_total_accum=61.197mWh
23:52:16.676 > [BENCH] IDLE | t_inference_us=0 | heap=0.4kB/105.8kB (min=105.4kB, biggest=105.4kB) | arena=2.6kB | V_bus=4.936V I_bus=57.9mA P_bus=285.6mW E_total_accum=61.357mWh
23:52:18.692 > [BENCH] IDLE | t_inference_us=0 | heap=0.4kB/105.8kB (min=105.4kB, biggest=105.4kB) | arena=2.6kB | V_bus=4.936V I_bus=57.6mA P_bus=284.3mW E_total_accum=61.516mWh
23:52:20.711 > [BENCH] IDLE | t_inference_us=0 | heap=0.4kB/105.8kB (min=105.4kB, biggest=105.4kB) | arena=2.6kB | V_bus=4.940V I_bus=57.5mA P_bus=283.9mW E_total_accum=61.676mWh
23:52:22.724 > [BENCH] IDLE | t_inference_us=0 | heap=0.4kB/105.8kB (min=105.4kB, biggest=105.4kB) | arena=2.6kB | V_bus=4.940V I_bus=57.4mA P_bus=283.3mW E_total_accum=61.834mWh
23:52:24.758 > [BENCH] IDLE | t_inference_us=0 | heap=0.4kB/105.8kB (min=105.4kB, biggest=105.4kB) | arena=2.6kB | V_bus=4.932V I_bus=57.7mA P_bus=284.7mW E_total_accum=61.994mWh
23:52:26.772 > [BENCH] IDLE | t_inference_us=0 | heap=0.4kB/105.8kB (min=105.4kB, biggest=105.4kB) | arena=2.6kB | V_bus=4.968V I_bus=57.6mA P_bus=284.9mW E_total_accum=62.154mWh
23:52:28.791 > [BENCH] IDLE | t_inference_us=0 | heap=0.4kB/105.8kB (min=105.4kB, biggest=105.4kB) | arena=2.6kB | V_bus=4.936V I_bus=57.7mA P_bus=285.0mW E_total_accum=62.313mWh
23:52:30.818 > [BENCH] IDLE | t_inference_us=0 | heap=0.4kB/105.8kB (min=105.4kB, biggest=105.4kB) | arena=2.6kB | V_bus=4.940V I_bus=57.8mA P_bus=285.4mW E_total_accum=62.473mWh
23:52:32.846 > [BENCH] IDLE | t_inference_us=0 | heap=0.4kB/105.8kB (min=105.4kB, biggest=105.4kB) | arena=2.6kB | V_bus=4.940V I_bus=57.7mA P_bus=284.9mW E_total_accum=62.633mWh
23:52:34.869 > [BENCH] IDLE | t_inference_us=0 | heap=0.4kB/105.8kB (min=105.4kB, biggest=105.4kB) | arena=2.6kB | V_bus=4.932V I_bus=57.9mA P_bus=285.9mW E_total_accum=62.793mWh
23:52:36.892 > [BENCH] IDLE | t_inference_us=0 | heap=0.4kB/105.8kB (min=105.4kB, biggest=105.4kB) | arena=2.6kB | V_bus=4.940V I_bus=57.8mA P_bus=285.3mW E_total_accum=62.953mWh
23:52:38.904 > [BENCH] IDLE | t_inference_us=0 | heap=0.4kB/105.8kB (min=105.4kB, biggest=105.4kB) | arena=2.6kB | V_bus=4.932V I_bus=58.2mA P_bus=287.4mW E_total_accum=63.115mWh
23:52:40.934 > [BENCH] IDLE | t_inference_us=0 | heap=0.4kB/105.8kB (min=105.4kB, biggest=105.4kB) | arena=2.6kB | V_bus=4.936V I_bus=57.9mA P_bus=285.8mW E_total_accum=63.275mWh
23:52:42.948 > [BENCH] IDLE | t_inference_us=0 | heap=0.4kB/105.8kB (min=105.4kB, biggest=105.4kB) | arena=2.6kB | V_bus=4.928V I_bus=57.9mA P_bus=285.7mW E_total_accum=63.435mWh
23:52:44.987 > [BENCH] IDLE | t_inference_us=0 | heap=0.4kB/105.8kB (min=105.4kB, biggest=105.4kB) | arena=2.6kB | V_bus=4.932V I_bus=57.6mA P_bus=284.1mW E_total_accum=63.595mWh
23:52:46.968 > 
23:52:46.968 > [EVENT] type=HOUR  Tin=24.30 Hin=56.05 Tout=28.30 Hout=78.00
23:52:46.968 > [infer] warmup: window 12/24 - (Invoke NOT executed)
23:52:47.186 > [SENSORS] Health IN ok=367 err=0 reinit=0 pwr=0 | OUT ok=367 err=0 reinit=0 pwr=0
23:52:48.485 > [BENCH] IDLE | t_inference_us=0 | heap=0.4kB/105.8kB (min=105.4kB, biggest=105.4kB) | arena=2.6kB | V_bus=4.936V I_bus=57.2mA P_bus=282.3mW E_total_accum=63.869mWh
23:52:50.510 > [BENCH] IDLE | t_inference_us=0 | heap=0.4kB/105.8kB (min=105.4kB, biggest=105.4kB) | arena=2.6kB | V_bus=4.928V I_bus=57.4mA P_bus=283.1mW E_total_accum=64.028mWh
23:52:52.522 > [BENCH] IDLE | t_inference_us=0 | heap=0.4kB/105.8kB (min=105.4kB, biggest=105.4kB) | arena=2.6kB | V_bus=4.936V I_bus=57.5mA P_bus=283.9mW E_total_accum=64.186mWh
23:52:54.533 > [BENCH] IDLE | t_inference_us=0 | heap=0.4kB/105.8kB (min=105.4kB, biggest=105.4kB) | arena=2.6kB | V_bus=4.940V I_bus=57.7mA P_bus=284.8mW E_total_accum=64.346mWh
23:52:56.566 > [BENCH] IDLE | t_inference_us=0 | heap=0.4kB/105.8kB (min=105.4kB, biggest=105.4kB) | arena=2.6kB | V_bus=4.952V I_bus=57.8mA P_bus=285.4mW E_total_accum=64.506mWh
23:52:58.585 > [BENCH] IDLE | t_inference_us=0 | heap=0.4kB/105.8kB (min=105.4kB, biggest=105.4kB) | arena=2.6kB | V_bus=4.936V I_bus=58.0mA P_bus=286.4mW E_total_accum=64.667mWh
23:53:00.601 > [BENCH] IDLE | t_inference_us=0 | heap=0.4kB/105.8kB (min=105.4kB, biggest=105.4kB) | arena=2.6kB | V_bus=4.940V I_bus=57.9mA P_bus=286.0mW E_total_accum=64.827mWh
23:53:02.628 > [BENCH] IDLE | t_inference_us=0 | heap=0.4kB/105.8kB (min=105.4kB, biggest=105.4kB) | arena=2.6kB | V_bus=4.936V I_bus=58.0mA P_bus=286.3mW E_total_accum=64.988mWh
23:53:04.648 > [BENCH] IDLE | t_inference_us=0 | heap=0.4kB/105.8kB (min=105.4kB, biggest=105.4kB) | arena=2.6kB | V_bus=4.928V I_bus=58.0mA P_bus=286.3mW E_total_accum=65.148mWh
23:53:06.679 > [BENCH] IDLE | t_inference_us=0 | heap=0.4kB/105.8kB (min=105.4kB, biggest=105.4kB) | arena=2.6kB | V_bus=4.936V I_bus=57.7mA P_bus=284.7mW E_total_accum=65.308mWh
23:53:08.698 > [BENCH] IDLE | t_inference_us=0 | heap=0.4kB/105.8kB (min=105.4kB, biggest=105.4kB) | arena=2.6kB | V_bus=4.928V I_bus=57.7mA P_bus=284.6mW E_total_accum=65.467mWh
23:53:10.724 > [BENCH] IDLE | t_inference_us=0 | heap=0.4kB/105.8kB (min=105.4kB, biggest=105.4kB) | arena=2.6kB | V_bus=4.936V I_bus=57.4mA P_bus=283.3mW E_total_accum=65.626mWh
23:53:12.749 > [BENCH] IDLE | t_inference_us=0 | heap=0.4kB/105.8kB (min=105.4kB, biggest=105.4kB) | arena=2.6kB | V_bus=4.932V I_bus=57.4mA P_bus=283.1mW E_total_accum=65.785mWh
23:53:14.762 > [BENCH] IDLE | t_inference_us=0 | heap=0.4kB/105.8kB (min=105.4kB, biggest=105.4kB) | arena=2.6kB | V_bus=4.928V I_bus=57.2mA P_bus=282.1mW E_total_accum=65.943mWh
23:53:16.797 > [BENCH] IDLE | t_inference_us=0 | heap=0.4kB/105.8kB (min=105.4kB, biggest=105.4kB) | arena=2.6kB | V_bus=4.928V I_bus=57.2mA P_bus=282.3mW E_total_accum=66.102mWh
23:53:18.812 > [BENCH] IDLE | t_inference_us=0 | heap=0.4kB/105.8kB (min=105.4kB, biggest=105.4kB) | arena=2.6kB | V_bus=4.936V I_bus=57.1mA P_bus=281.5mW E_total_accum=66.260mWh
23:53:20.842 > [BENCH] IDLE | t_inference_us=0 | heap=0.4kB/105.8kB (min=105.4kB, biggest=105.4kB) | arena=2.6kB | V_bus=4.932V I_bus=57.0mA P_bus=281.0mW E_total_accum=66.417mWh
23:53:22.866 > [BENCH] IDLE | t_inference_us=0 | heap=0.4kB/105.8kB (min=105.4kB, biggest=105.4kB) | arena=2.6kB | V_bus=4.928V I_bus=57.2mA P_bus=281.9mW E_total_accum=66.575mWh
23:53:24.885 > [BENCH] IDLE | t_inference_us=0 | heap=0.4kB/105.8kB (min=105.4kB, biggest=105.4kB) | arena=2.6kB | V_bus=4.932V I_bus=57.0mA P_bus=281.1mW E_total_accum=66.733mWh
23:53:26.909 > [BENCH] IDLE | t_inference_us=0 | heap=0.4kB/105.8kB (min=105.4kB, biggest=105.4kB) | arena=2.6kB | V_bus=4.932V I_bus=57.4mA P_bus=282.9mW E_total_accum=66.891mWh
23:53:28.928 > [BENCH] IDLE | t_inference_us=0 | heap=0.4kB/105.8kB (min=105.4kB, biggest=105.4kB) | arena=2.6kB | V_bus=4.940V I_bus=57.2mA P_bus=282.1mW E_total_accum=67.050mWh
23:53:30.951 > [BENCH] IDLE | t_inference_us=0 | heap=0.4kB/105.8kB (min=105.4kB, biggest=105.4kB) | arena=2.6kB | V_bus=4.932V I_bus=57.6mA P_bus=284.0mW E_total_accum=67.209mWh
23:53:32.982 > [BENCH] IDLE | t_inference_us=0 | heap=0.4kB/105.8kB (min=105.4kB, biggest=105.4kB) | arena=2.6kB | V_bus=4.964V I_bus=57.5mA P_bus=283.8mW E_total_accum=67.368mWh
23:53:34.992 > [BENCH] IDLE | t_inference_us=0 | heap=0.4kB/105.8kB (min=105.4kB, biggest=105.4kB) | arena=2.6kB | V_bus=4.940V I_bus=57.5mA P_bus=284.2mW E_total_accum=67.527mWh
23:53:37.023 > [BENCH] IDLE | t_inference_us=0 | heap=0.4kB/105.8kB (min=105.4kB, biggest=105.4kB) | arena=2.6kB | V_bus=4.936V I_bus=58.0mA P_bus=286.5mW E_total_accum=67.688mWh
23:53:39.039 > [BENCH] IDLE | t_inference_us=0 | heap=0.4kB/105.8kB (min=105.4kB, biggest=105.4kB) | arena=2.6kB | V_bus=4.932V I_bus=58.4mA P_bus=288.2mW E_total_accum=67.849mWh
23:53:41.063 > [BENCH] IDLE | t_inference_us=0 | heap=0.4kB/105.8kB (min=105.4kB, biggest=105.4kB) | arena=2.6kB | V_bus=4.940V I_bus=58.2mA P_bus=287.2mW E_total_accum=68.011mWh
23:53:43.079 > [BENCH] IDLE | t_inference_us=0 | heap=0.4kB/105.8kB (min=105.4kB, biggest=105.4kB) | arena=2.6kB | V_bus=4.928V I_bus=58.1mA P_bus=286.9mW E_total_accum=68.172mWh
23:53:45.110 > [BENCH] IDLE | t_inference_us=0 | heap=0.4kB/105.8kB (min=105.4kB, biggest=105.4kB) | arena=2.6kB | V_bus=4.924V I_bus=58.0mA P_bus=286.0mW E_total_accum=68.332mWh
23:53:47.093 > 
23:53:47.093 > [EVENT] type=HOUR  Tin=24.60 Hin=56.41 Tout=28.40 Hout=78.30
23:53:47.093 > [infer] warmup: window 13/24 - (Invoke NOT executed)
23:53:47.308 > [SENSORS] Health IN ok=395 err=0 reinit=0 pwr=0 | OUT ok=395 err=0 reinit=0 pwr=0
23:53:48.605 > [BENCH] IDLE | t_inference_us=0 | heap=0.4kB/105.8kB (min=105.4kB, biggest=105.4kB) | arena=2.6kB | V_bus=4.932V I_bus=57.3mA P_bus=282.9mW E_total_accum=68.607mWh
23:53:50.628 > [BENCH] IDLE | t_inference_us=0 | heap=0.4kB/105.8kB (min=105.4kB, biggest=105.4kB) | arena=2.6kB | V_bus=4.936V I_bus=57.2mA P_bus=282.4mW E_total_accum=68.766mWh
23:53:52.656 > [BENCH] IDLE | t_inference_us=0 | heap=0.4kB/105.8kB (min=105.4kB, biggest=105.4kB) | arena=2.6kB | V_bus=4.932V I_bus=57.2mA P_bus=282.0mW E_total_accum=68.924mWh
23:53:54.673 > [BENCH] IDLE | t_inference_us=0 | heap=0.4kB/105.8kB (min=105.4kB, biggest=105.4kB) | arena=2.6kB | V_bus=4.936V I_bus=57.0mA P_bus=281.4mW E_total_accum=69.081mWh
23:53:56.702 > [BENCH] IDLE | t_inference_us=0 | heap=0.4kB/105.8kB (min=105.4kB, biggest=105.4kB) | arena=2.6kB | V_bus=4.928V I_bus=57.5mA P_bus=283.7mW E_total_accum=69.240mWh
23:53:58.722 > [BENCH] IDLE | t_inference_us=0 | heap=0.4kB/105.8kB (min=105.4kB, biggest=105.4kB) | arena=2.6kB | V_bus=4.936V I_bus=57.5mA P_bus=283.9mW E_total_accum=69.400mWh
23:54:00.744 > [BENCH] IDLE | t_inference_us=0 | heap=0.4kB/105.8kB (min=105.4kB, biggest=105.4kB) | arena=2.6kB | V_bus=4.932V I_bus=57.8mA P_bus=285.1mW E_total_accum=69.560mWh
23:54:02.772 > [BENCH] IDLE | t_inference_us=0 | heap=0.4kB/105.8kB (min=105.4kB, biggest=105.4kB) | arena=2.6kB | V_bus=4.936V I_bus=57.6mA P_bus=284.0mW E_total_accum=69.719mWh
23:54:04.792 > [BENCH] IDLE | t_inference_us=0 | heap=0.4kB/105.8kB (min=105.4kB, biggest=105.4kB) | arena=2.6kB | V_bus=4.936V I_bus=57.6mA P_bus=284.4mW E_total_accum=69.878mWh
23:54:06.816 > [BENCH] IDLE | t_inference_us=0 | heap=0.4kB/105.8kB (min=105.4kB, biggest=105.4kB) | arena=2.6kB | V_bus=4.924V I_bus=57.7mA P_bus=284.8mW E_total_accum=70.038mWh
23:54:08.833 > [BENCH] IDLE | t_inference_us=0 | heap=0.4kB/105.8kB (min=105.4kB, biggest=105.4kB) | arena=2.6kB | V_bus=4.956V I_bus=58.7mA P_bus=289.8mW E_total_accum=70.200mWh
23:54:10.851 > [BENCH] IDLE | t_inference_us=0 | heap=0.4kB/105.8kB (min=105.4kB, biggest=105.4kB) | arena=2.6kB | V_bus=4.932V I_bus=58.3mA P_bus=287.6mW E_total_accum=70.362mWh
23:54:12.870 > [BENCH] IDLE | t_inference_us=0 | heap=0.4kB/105.8kB (min=105.4kB, biggest=105.4kB) | arena=2.6kB | V_bus=4.932V I_bus=57.9mA P_bus=285.9mW E_total_accum=70.522mWh
23:54:14.886 > [BENCH] IDLE | t_inference_us=0 | heap=0.4kB/105.8kB (min=105.4kB, biggest=105.4kB) | arena=2.6kB | V_bus=4.924V I_bus=58.0mA P_bus=286.0mW E_total_accum=70.682mWh
23:54:16.919 > [BENCH] IDLE | t_inference_us=0 | heap=0.4kB/105.8kB (min=105.4kB, biggest=105.4kB) | arena=2.6kB | V_bus=4.936V I_bus=57.7mA P_bus=284.6mW E_total_accum=70.842mWh
23:54:18.934 > [BENCH] IDLE | t_inference_us=0 | heap=0.4kB/105.8kB (min=105.4kB, biggest=105.4kB) | arena=2.6kB | V_bus=4.932V I_bus=58.1mA P_bus=286.4mW E_total_accum=71.002mWh
23:54:20.965 > [BENCH] IDLE | t_inference_us=0 | heap=0.4kB/105.8kB (min=105.4kB, biggest=105.4kB) | arena=2.6kB | V_bus=4.936V I_bus=57.7mA P_bus=284.8mW E_total_accum=71.162mWh
23:54:22.982 > [BENCH] IDLE | t_inference_us=0 | heap=0.4kB/105.8kB (min=105.4kB, biggest=105.4kB) | arena=2.6kB | V_bus=4.928V I_bus=57.9mA P_bus=285.5mW E_total_accum=71.322mWh
23:54:25.016 > [BENCH] IDLE | t_inference_us=0 | heap=0.4kB/105.8kB (min=105.4kB, biggest=105.4kB) | arena=2.6kB | V_bus=4.932V I_bus=57.6mA P_bus=284.2mW E_total_accum=71.482mWh
23:54:27.034 > [BENCH] IDLE | t_inference_us=0 | heap=0.4kB/105.8kB (min=105.4kB, biggest=105.4kB) | arena=2.6kB | V_bus=4.928V I_bus=57.9mA P_bus=285.7mW E_total_accum=71.642mWh
23:54:29.045 > [BENCH] IDLE | t_inference_us=0 | heap=0.4kB/105.8kB (min=105.4kB, biggest=105.4kB) | arena=2.6kB | V_bus=4.940V I_bus=57.8mA P_bus=284.9mW E_total_accum=71.802mWh
23:54:31.078 > [BENCH] IDLE | t_inference_us=0 | heap=0.4kB/105.8kB (min=105.4kB, biggest=105.4kB) | arena=2.6kB | V_bus=4.932V I_bus=58.2mA P_bus=287.2mW E_total_accum=71.963mWh
23:54:33.098 > [BENCH] IDLE | t_inference_us=0 | heap=0.4kB/105.8kB (min=105.4kB, biggest=105.4kB) | arena=2.6kB | V_bus=4.932V I_bus=57.9mA P_bus=285.5mW E_total_accum=72.123mWh
23:54:35.131 > [BENCH] IDLE | t_inference_us=0 | heap=0.4kB/105.8kB (min=105.4kB, biggest=105.4kB) | arena=2.6kB | V_bus=4.924V I_bus=58.0mA P_bus=285.8mW E_total_accum=72.283mWh
23:54:37.147 > [BENCH] IDLE | t_inference_us=0 | heap=0.4kB/105.8kB (min=105.4kB, biggest=105.4kB) | arena=2.6kB | V_bus=4.932V I_bus=57.9mA P_bus=285.8mW E_total_accum=72.443mWh
23:54:39.165 > [BENCH] IDLE | t_inference_us=0 | heap=0.4kB/105.8kB (min=105.4kB, biggest=105.4kB) | arena=2.6kB | V_bus=4.940V I_bus=57.9mA P_bus=285.5mW E_total_accum=72.604mWh
23:54:41.195 > [BENCH] IDLE | t_inference_us=0 | heap=0.4kB/105.8kB (min=105.4kB, biggest=105.4kB) | arena=2.6kB | V_bus=4.928V I_bus=58.3mA P_bus=287.5mW E_total_accum=72.765mWh
23:54:43.209 > [BENCH] IDLE | t_inference_us=0 | heap=0.4kB/105.8kB (min=105.4kB, biggest=105.4kB) | arena=2.6kB | V_bus=4.936V I_bus=57.9mA P_bus=285.6mW E_total_accum=72.925mWh
23:54:45.229 > [BENCH] IDLE | t_inference_us=0 | heap=0.4kB/105.8kB (min=105.4kB, biggest=105.4kB) | arena=2.6kB | V_bus=4.932V I_bus=57.6mA P_bus=284.3mW E_total_accum=73.084mWh
23:54:47.212 > 
23:54:47.212 > [EVENT] type=HOUR  Tin=25.20 Hin=55.40 Tout=28.50 Hout=77.80
23:54:47.212 > [infer] warmup: window 14/24 - (Invoke NOT executed)
23:54:47.446 > [SENSORS] Health IN ok=424 err=0 reinit=0 pwr=0 | OUT ok=424 err=0 reinit=0 pwr=0
23:54:48.729 > [BENCH] IDLE | t_inference_us=0 | heap=0.4kB/105.8kB (min=105.4kB, biggest=105.4kB) | arena=2.6kB | V_bus=4.924V I_bus=57.6mA P_bus=283.9mW E_total_accum=73.359mWh
23:54:50.744 > [BENCH] IDLE | t_inference_us=0 | heap=0.4kB/105.8kB (min=105.4kB, biggest=105.4kB) | arena=2.6kB | V_bus=4.936V I_bus=57.3mA P_bus=282.7mW E_total_accum=73.517mWh
23:54:52.777 > [BENCH] IDLE | t_inference_us=0 | heap=0.4kB/105.8kB (min=105.4kB, biggest=105.4kB) | arena=2.6kB | V_bus=4.940V I_bus=57.5mA P_bus=283.7mW E_total_accum=73.676mWh
23:54:54.792 > [BENCH] IDLE | t_inference_us=0 | heap=0.4kB/105.8kB (min=105.4kB, biggest=105.4kB) | arena=2.6kB | V_bus=4.936V I_bus=57.6mA P_bus=284.1mW E_total_accum=73.836mWh
23:54:56.811 > [BENCH] IDLE | t_inference_us=0 | heap=0.4kB/105.8kB (min=105.4kB, biggest=105.4kB) | arena=2.6kB | V_bus=4.936V I_bus=57.4mA P_bus=283.1mW E_total_accum=73.994mWh
23:54:58.843 > [BENCH] IDLE | t_inference_us=0 | heap=0.4kB/105.8kB (min=105.4kB, biggest=105.4kB) | arena=2.6kB | V_bus=4.928V I_bus=57.6mA P_bus=284.0mW E_total_accum=74.154mWh
23:55:00.856 > [BENCH] IDLE | t_inference_us=0 | heap=0.4kB/105.8kB (min=105.4kB, biggest=105.4kB) | arena=2.6kB | V_bus=4.940V I_bus=57.4mA P_bus=283.1mW E_total_accum=74.313mWh
23:55:02.889 > [BENCH] IDLE | t_inference_us=0 | heap=0.4kB/105.8kB (min=105.4kB, biggest=105.4kB) | arena=2.6kB | V_bus=4.940V I_bus=57.7mA P_bus=284.7mW E_total_accum=74.472mWh
23:55:04.905 > [BENCH] IDLE | t_inference_us=0 | heap=0.4kB/105.8kB (min=105.4kB, biggest=105.4kB) | arena=2.6kB | V_bus=4.932V I_bus=57.4mA P_bus=283.5mW E_total_accum=74.631mWh
23:55:06.924 > [BENCH] IDLE | t_inference_us=0 | heap=0.4kB/105.8kB (min=105.4kB, biggest=105.4kB) | arena=2.6kB | V_bus=4.932V I_bus=57.2mA P_bus=282.4mW E_total_accum=74.790mWh
23:55:08.959 > [BENCH] IDLE | t_inference_us=0 | heap=0.4kB/105.8kB (min=105.4kB, biggest=105.4kB) | arena=2.6kB | V_bus=4.932V I_bus=57.3mA P_bus=282.9mW E_total_accum=74.948mWh
23:55:10.983 > [BENCH] IDLE | t_inference_us=0 | heap=0.4kB/105.8kB (min=105.4kB, biggest=105.4kB) | arena=2.6kB | V_bus=4.940V I_bus=57.5mA P_bus=283.6mW E_total_accum=75.107mWh
23:55:13.007 > [BENCH] IDLE | t_inference_us=0 | heap=0.4kB/105.8kB (min=105.4kB, biggest=105.4kB) | arena=2.6kB | V_bus=4.928V I_bus=57.6mA P_bus=284.1mW E_total_accum=75.267mWh
23:55:15.022 > [BENCH] IDLE | t_inference_us=0 | heap=0.4kB/105.8kB (min=105.4kB, biggest=105.4kB) | arena=2.6kB | V_bus=4.928V I_bus=57.5mA P_bus=283.6mW E_total_accum=75.425mWh
23:55:17.043 > [BENCH] IDLE | t_inference_us=0 | heap=0.4kB/105.8kB (min=105.4kB, biggest=105.4kB) | arena=2.6kB | V_bus=4.932V I_bus=57.6mA P_bus=284.3mW E_total_accum=75.585mWh
23:55:19.056 > [BENCH] IDLE | t_inference_us=0 | heap=0.4kB/105.8kB (min=105.4kB, biggest=105.4kB) | arena=2.6kB | V_bus=4.960V I_bus=57.8mA P_bus=285.4mW E_total_accum=75.745mWh
23:55:21.089 > [BENCH] IDLE | t_inference_us=0 | heap=0.4kB/105.8kB (min=105.4kB, biggest=105.4kB) | arena=2.6kB | V_bus=4.932V I_bus=57.6mA P_bus=284.5mW E_total_accum=75.904mWh
23:55:23.103 > [BENCH] IDLE | t_inference_us=0 | heap=0.4kB/105.8kB (min=105.4kB, biggest=105.4kB) | arena=2.6kB | V_bus=4.928V I_bus=57.5mA P_bus=283.6mW E_total_accum=76.063mWh
23:55:25.131 > [BENCH] IDLE | t_inference_us=0 | heap=0.4kB/105.8kB (min=105.4kB, biggest=105.4kB) | arena=2.6kB | V_bus=4.940V I_bus=57.4mA P_bus=283.4mW E_total_accum=76.222mWh
23:55:27.156 > [BENCH] IDLE | t_inference_us=0 | heap=0.4kB/105.8kB (min=105.4kB, biggest=105.4kB) | arena=2.6kB | V_bus=4.932V I_bus=57.8mA P_bus=285.4mW E_total_accum=76.382mWh
23:55:29.168 > [BENCH] IDLE | t_inference_us=0 | heap=0.4kB/105.8kB (min=105.4kB, biggest=105.4kB) | arena=2.6kB | V_bus=4.932V I_bus=57.6mA P_bus=284.1mW E_total_accum=76.541mWh
23:55:31.187 > [BENCH] IDLE | t_inference_us=0 | heap=0.4kB/105.8kB (min=105.4kB, biggest=105.4kB) | arena=2.6kB | V_bus=4.940V I_bus=57.6mA P_bus=284.1mW E_total_accum=76.701mWh
23:55:33.227 > [BENCH] IDLE | t_inference_us=0 | heap=0.4kB/105.8kB (min=105.4kB, biggest=105.4kB) | arena=2.6kB | V_bus=4.932V I_bus=58.0mA P_bus=286.1mW E_total_accum=76.861mWh
23:55:35.249 > [BENCH] IDLE | t_inference_us=0 | heap=0.4kB/105.8kB (min=105.4kB, biggest=105.4kB) | arena=2.6kB | V_bus=4.932V I_bus=57.7mA P_bus=284.6mW E_total_accum=77.021mWh
23:55:37.268 > [BENCH] IDLE | t_inference_us=0 | heap=0.4kB/105.8kB (min=105.4kB, biggest=105.4kB) | arena=2.6kB | V_bus=4.932V I_bus=58.0mA P_bus=286.1mW E_total_accum=77.181mWh
23:55:39.285 > [BENCH] IDLE | t_inference_us=0 | heap=0.4kB/105.8kB (min=105.4kB, biggest=105.4kB) | arena=2.6kB | V_bus=4.940V I_bus=57.9mA P_bus=285.9mW E_total_accum=77.342mWh
23:55:41.319 > [BENCH] IDLE | t_inference_us=0 | heap=0.4kB/105.8kB (min=105.4kB, biggest=105.4kB) | arena=2.6kB | V_bus=4.936V I_bus=57.7mA P_bus=284.9mW E_total_accum=77.502mWh
23:55:43.335 > [BENCH] IDLE | t_inference_us=0 | heap=0.4kB/105.8kB (min=105.4kB, biggest=105.4kB) | arena=2.6kB | V_bus=4.932V I_bus=57.8mA P_bus=285.4mW E_total_accum=77.661mWh
23:55:45.355 > [BENCH] IDLE | t_inference_us=0 | heap=0.4kB/105.8kB (min=105.4kB, biggest=105.4kB) | arena=2.6kB | V_bus=4.940V I_bus=57.7mA P_bus=284.9mW E_total_accum=77.821mWh
23:55:47.298 > 
23:55:47.298 > [EVENT] type=HOUR  Tin=25.80 Hin=54.20 Tout=28.60 Hout=77.60
23:55:47.298 > [infer] warmup: window 15/24 - (Invoke NOT executed)
23:55:47.560 > [SENSORS] Health IN ok=452 err=0 reinit=0 pwr=0 | OUT ok=452 err=0 reinit=0 pwr=0
23:55:48.807 > [BENCH] IDLE | t_inference_us=0 | heap=0.4kB/105.8kB (min=105.4kB, biggest=105.4kB) | arena=2.6kB | V_bus=4.940V I_bus=57.6mA P_bus=284.6mW E_total_accum=78.094mWh
23:55:50.833 > [BENCH] IDLE | t_inference_us=0 | heap=0.4kB/105.8kB (min=105.4kB, biggest=105.4kB) | arena=2.6kB | V_bus=4.932V I_bus=57.7mA P_bus=284.6mW E_total_accum=78.253mWh
23:55:52.861 > [BENCH] IDLE | t_inference_us=0 | heap=0.4kB/105.8kB (min=105.4kB, biggest=105.4kB) | arena=2.6kB | V_bus=4.932V I_bus=57.6mA P_bus=284.4mW E_total_accum=78.413mWh
23:55:54.883 > [BENCH] IDLE | t_inference_us=0 | heap=0.4kB/105.8kB (min=105.4kB, biggest=105.4kB) | arena=2.6kB | V_bus=4.940V I_bus=57.7mA P_bus=284.9mW E_total_accum=78.573mWh
23:55:56.908 > [BENCH] IDLE | t_inference_us=0 | heap=0.4kB/105.8kB (min=105.4kB, biggest=105.4kB) | arena=2.6kB | V_bus=4.924V I_bus=57.8mA P_bus=285.1mW E_total_accum=78.733mWh
23:55:58.929 > [BENCH] IDLE | t_inference_us=0 | heap=0.4kB/105.8kB (min=105.4kB, biggest=105.4kB) | arena=2.6kB | V_bus=4.940V I_bus=57.7mA P_bus=284.9mW E_total_accum=78.892mWh
23:56:00.947 > [BENCH] IDLE | t_inference_us=0 | heap=0.4kB/105.8kB (min=105.4kB, biggest=105.4kB) | arena=2.6kB | V_bus=4.936V I_bus=58.1mA P_bus=286.9mW E_total_accum=79.053mWh
23:56:02.972 > [BENCH] IDLE | t_inference_us=0 | heap=0.4kB/105.8kB (min=105.4kB, biggest=105.4kB) | arena=2.6kB | V_bus=4.924V I_bus=58.2mA P_bus=286.9mW E_total_accum=79.214mWh
23:56:04.993 > [BENCH] IDLE | t_inference_us=0 | heap=0.4kB/105.8kB (min=105.4kB, biggest=105.4kB) | arena=2.6kB | V_bus=4.940V I_bus=58.0mA P_bus=286.1mW E_total_accum=79.374mWh
23:56:07.010 > [BENCH] IDLE | t_inference_us=0 | heap=0.4kB/105.8kB (min=105.4kB, biggest=105.4kB) | arena=2.6kB | V_bus=4.920V I_bus=58.1mA P_bus=286.3mW E_total_accum=79.535mWh
23:56:09.028 > [BENCH] IDLE | t_inference_us=0 | heap=0.4kB/105.8kB (min=105.4kB, biggest=105.4kB) | arena=2.6kB | V_bus=4.932V I_bus=57.8mA P_bus=284.9mW E_total_accum=79.695mWh
23:56:11.060 > [BENCH] IDLE | t_inference_us=0 | heap=0.4kB/105.8kB (min=105.4kB, biggest=105.4kB) | arena=2.6kB | V_bus=4.940V I_bus=57.9mA P_bus=285.5mW E_total_accum=79.855mWh
23:56:13.078 > [BENCH] IDLE | t_inference_us=0 | heap=0.4kB/105.8kB (min=105.4kB, biggest=105.4kB) | arena=2.6kB | V_bus=4.924V I_bus=58.0mA P_bus=285.9mW E_total_accum=80.015mWh
23:56:15.097 > [BENCH] IDLE | t_inference_us=0 | heap=0.4kB/105.8kB (min=105.4kB, biggest=105.4kB) | arena=2.6kB | V_bus=4.940V I_bus=57.8mA P_bus=285.3mW E_total_accum=80.175mWh
23:56:17.124 > [BENCH] IDLE | t_inference_us=0 | heap=0.4kB/105.8kB (min=105.4kB, biggest=105.4kB) | arena=2.6kB | V_bus=4.936V I_bus=57.6mA P_bus=284.4mW E_total_accum=80.335mWh
23:56:19.143 > [BENCH] IDLE | t_inference_us=0 | heap=0.4kB/105.8kB (min=105.4kB, biggest=105.4kB) | arena=2.6kB | V_bus=4.924V I_bus=57.7mA P_bus=284.4mW E_total_accum=80.494mWh
23:56:21.177 > [BENCH] IDLE | t_inference_us=0 | heap=0.4kB/105.8kB (min=105.4kB, biggest=105.4kB) | arena=2.6kB | V_bus=4.940V I_bus=57.8mA P_bus=285.0mW E_total_accum=80.654mWh
23:56:23.192 > [BENCH] IDLE | t_inference_us=0 | heap=0.4kB/105.8kB (min=105.4kB, biggest=105.4kB) | arena=2.6kB | V_bus=4.920V I_bus=57.9mA P_bus=285.7mW E_total_accum=80.814mWh
23:56:25.217 > [BENCH] IDLE | t_inference_us=0 | heap=0.4kB/105.8kB (min=105.4kB, biggest=105.4kB) | arena=2.6kB | V_bus=4.932V I_bus=57.8mA P_bus=285.2mW E_total_accum=80.974mWh
23:56:27.239 > [BENCH] IDLE | t_inference_us=0 | heap=0.4kB/105.8kB (min=105.4kB, biggest=105.4kB) | arena=2.6kB | V_bus=4.932V I_bus=57.6mA P_bus=283.9mW E_total_accum=81.133mWh
23:56:29.268 > [BENCH] IDLE | t_inference_us=0 | heap=0.4kB/105.8kB (min=105.4kB, biggest=105.4kB) | arena=2.6kB | V_bus=4.956V I_bus=57.2mA P_bus=282.1mW E_total_accum=81.292mWh
23:56:31.285 > [BENCH] IDLE | t_inference_us=0 | heap=0.4kB/105.8kB (min=105.4kB, biggest=105.4kB) | arena=2.6kB | V_bus=4.936V I_bus=57.5mA P_bus=283.8mW E_total_accum=81.450mWh
23:56:33.308 > [BENCH] IDLE | t_inference_us=0 | heap=0.4kB/105.8kB (min=105.4kB, biggest=105.4kB) | arena=2.6kB | V_bus=4.924V I_bus=57.5mA P_bus=283.5mW E_total_accum=81.609mWh
23:56:35.328 > [BENCH] IDLE | t_inference_us=0 | heap=0.4kB/105.8kB (min=105.4kB, biggest=105.4kB) | arena=2.6kB | V_bus=4.940V I_bus=57.3mA P_bus=282.7mW E_total_accum=81.768mWh
23:56:37.351 > [BENCH] IDLE | t_inference_us=0 | heap=0.4kB/105.8kB (min=105.4kB, biggest=105.4kB) | arena=2.6kB | V_bus=4.936V I_bus=57.1mA P_bus=282.0mW E_total_accum=81.926mWh
23:56:39.372 > [BENCH] IDLE | t_inference_us=0 | heap=0.4kB/105.8kB (min=105.4kB, biggest=105.4kB) | arena=2.6kB | V_bus=4.932V I_bus=57.4mA P_bus=283.3mW E_total_accum=82.085mWh
23:56:41.389 > [BENCH] IDLE | t_inference_us=0 | heap=0.4kB/105.8kB (min=105.4kB, biggest=105.4kB) | arena=2.6kB | V_bus=4.932V I_bus=57.4mA P_bus=283.2mW E_total_accum=82.244mWh
23:56:43.406 > [BENCH] IDLE | t_inference_us=0 | heap=0.4kB/105.8kB (min=105.4kB, biggest=105.4kB) | arena=2.6kB | V_bus=4.936V I_bus=57.4mA P_bus=283.3mW E_total_accum=82.403mWh
23:56:45.440 > [BENCH] IDLE | t_inference_us=0 | heap=0.4kB/105.8kB (min=105.4kB, biggest=105.4kB) | arena=2.6kB | V_bus=4.940V I_bus=57.4mA P_bus=283.5mW E_total_accum=82.561mWh
23:56:47.425 > 
23:56:47.425 > [EVENT] type=HOUR  Tin=26.10 Hin=53.60 Tout=28.60 Hout=77.70
23:56:47.429 > [infer] warmup: window 16/24 - (Invoke NOT executed)
23:56:47.689 > [SENSORS] Health IN ok=480 err=0 reinit=0 pwr=0 | OUT ok=480 err=0 reinit=0 pwr=0
23:56:48.936 > [BENCH] IDLE | t_inference_us=0 | heap=0.4kB/105.8kB (min=105.4kB, biggest=105.4kB) | arena=2.6kB | V_bus=4.940V I_bus=57.4mA P_bus=283.2mW E_total_accum=82.836mWh
23:56:50.970 > [BENCH] IDLE | t_inference_us=0 | heap=0.4kB/105.8kB (min=105.4kB, biggest=105.4kB) | arena=2.6kB | V_bus=4.932V I_bus=57.3mA P_bus=283.0mW E_total_accum=82.995mWh
23:56:52.987 > [BENCH] IDLE | t_inference_us=0 | heap=0.4kB/105.8kB (min=105.4kB, biggest=105.4kB) | arena=2.6kB | V_bus=4.932V I_bus=57.4mA P_bus=283.5mW E_total_accum=83.154mWh
23:56:55.018 > [BENCH] IDLE | t_inference_us=0 | heap=0.4kB/105.8kB (min=105.4kB, biggest=105.4kB) | arena=2.6kB | V_bus=4.952V I_bus=57.8mA P_bus=285.3mW E_total_accum=83.314mWh
23:56:57.034 > [BENCH] IDLE | t_inference_us=0 | heap=0.4kB/105.8kB (min=105.4kB, biggest=105.4kB) | arena=2.6kB | V_bus=4.932V I_bus=57.8mA P_bus=285.3mW E_total_accum=83.473mWh
23:56:59.053 > [BENCH] IDLE | t_inference_us=0 | heap=0.4kB/105.8kB (min=105.4kB, biggest=105.4kB) | arena=2.6kB | V_bus=4.932V I_bus=58.0mA P_bus=286.4mW E_total_accum=83.634mWh
23:57:01.061 > [BENCH] IDLE | t_inference_us=0 | heap=0.4kB/105.8kB (min=105.4kB, biggest=105.4kB) | arena=2.6kB | V_bus=4.924V I_bus=58.1mA P_bus=286.4mW E_total_accum=83.794mWh
23:57:03.085 > [BENCH] IDLE | t_inference_us=0 | heap=0.4kB/105.8kB (min=105.4kB, biggest=105.4kB) | arena=2.6kB | V_bus=4.944V I_bus=57.8mA P_bus=285.1mW E_total_accum=83.954mWh
23:57:05.112 > [BENCH] IDLE | t_inference_us=0 | heap=0.4kB/105.8kB (min=105.4kB, biggest=105.4kB) | arena=2.6kB | V_bus=4.932V I_bus=57.5mA P_bus=283.9mW E_total_accum=84.113mWh
23:57:07.130 > [BENCH] IDLE | t_inference_us=0 | heap=0.4kB/105.8kB (min=105.4kB, biggest=105.4kB) | arena=2.6kB | V_bus=4.936V I_bus=57.8mA P_bus=285.2mW E_total_accum=84.273mWh
23:57:09.166 > [BENCH] IDLE | t_inference_us=0 | heap=0.4kB/105.8kB (min=105.4kB, biggest=105.4kB) | arena=2.6kB | V_bus=4.928V I_bus=57.6mA P_bus=284.0mW E_total_accum=84.433mWh
23:57:11.175 > [BENCH] IDLE | t_inference_us=0 | heap=0.4kB/105.8kB (min=105.4kB, biggest=105.4kB) | arena=2.6kB | V_bus=4.944V I_bus=57.3mA P_bus=282.9mW E_total_accum=84.591mWh
23:57:13.212 > [BENCH] IDLE | t_inference_us=0 | heap=0.4kB/105.8kB (min=105.4kB, biggest=105.4kB) | arena=2.6kB | V_bus=4.924V I_bus=57.5mA P_bus=283.7mW E_total_accum=84.750mWh
23:57:15.232 > [BENCH] IDLE | t_inference_us=0 | heap=0.4kB/105.8kB (min=105.4kB, biggest=105.4kB) | arena=2.6kB | V_bus=4.932V I_bus=57.7mA P_bus=284.7mW E_total_accum=84.910mWh
23:57:17.257 > [BENCH] IDLE | t_inference_us=0 | heap=0.4kB/105.8kB (min=105.4kB, biggest=105.4kB) | arena=2.6kB | V_bus=4.936V I_bus=57.4mA P_bus=283.4mW E_total_accum=85.069mWh
23:57:19.271 > [BENCH] IDLE | t_inference_us=0 | heap=0.4kB/105.8kB (min=105.4kB, biggest=105.4kB) | arena=2.6kB | V_bus=4.940V I_bus=57.3mA P_bus=283.0mW E_total_accum=85.228mWh
23:57:21.289 > [BENCH] IDLE | t_inference_us=0 | heap=0.4kB/105.8kB (min=105.4kB, biggest=105.4kB) | arena=2.6kB | V_bus=4.928V I_bus=57.5mA P_bus=283.7mW E_total_accum=85.387mWh
23:57:23.311 > [BENCH] IDLE | t_inference_us=0 | heap=0.4kB/105.8kB (min=105.4kB, biggest=105.4kB) | arena=2.6kB | V_bus=4.940V I_bus=57.3mA P_bus=282.6mW E_total_accum=85.545mWh
23:57:25.336 > [BENCH] IDLE | t_inference_us=0 | heap=0.4kB/105.8kB (min=105.4kB, biggest=105.4kB) | arena=2.6kB | V_bus=4.932V I_bus=57.4mA P_bus=283.1mW E_total_accum=85.704mWh
23:57:27.370 > [BENCH] IDLE | t_inference_us=0 | heap=0.4kB/105.8kB (min=105.4kB, biggest=105.4kB) | arena=2.6kB | V_bus=4.940V I_bus=57.3mA P_bus=283.0mW E_total_accum=85.863mWh
23:57:29.393 > [BENCH] IDLE | t_inference_us=0 | heap=0.4kB/105.8kB (min=105.4kB, biggest=105.4kB) | arena=2.6kB | V_bus=4.936V I_bus=57.2mA P_bus=282.2mW E_total_accum=86.021mWh
23:57:31.419 > [BENCH] IDLE | t_inference_us=0 | heap=0.4kB/105.8kB (min=105.4kB, biggest=105.4kB) | arena=2.6kB | V_bus=4.932V I_bus=57.6mA P_bus=284.2mW E_total_accum=86.181mWh
23:57:33.438 > [BENCH] IDLE | t_inference_us=0 | heap=0.4kB/105.8kB (min=105.4kB, biggest=105.4kB) | arena=2.6kB | V_bus=4.932V I_bus=57.4mA P_bus=283.1mW E_total_accum=86.339mWh
23:57:35.459 > [BENCH] IDLE | t_inference_us=0 | heap=0.4kB/105.8kB (min=105.4kB, biggest=105.4kB) | arena=2.6kB | V_bus=4.956V I_bus=57.8mA P_bus=285.6mW E_total_accum=86.499mWh
23:57:37.479 > [BENCH] IDLE | t_inference_us=0 | heap=0.4kB/105.8kB (min=105.4kB, biggest=105.4kB) | arena=2.6kB | V_bus=4.936V I_bus=57.6mA P_bus=284.5mW E_total_accum=86.659mWh
23:57:39.496 > [BENCH] IDLE | t_inference_us=0 | heap=0.4kB/105.8kB (min=105.4kB, biggest=105.4kB) | arena=2.6kB | V_bus=4.928V I_bus=57.7mA P_bus=284.8mW E_total_accum=86.818mWh
23:57:41.523 > [BENCH] IDLE | t_inference_us=0 | heap=0.4kB/105.8kB (min=105.4kB, biggest=105.4kB) | arena=2.6kB | V_bus=4.932V I_bus=57.5mA P_bus=283.6mW E_total_accum=86.977mWh
23:57:43.532 > [BENCH] IDLE | t_inference_us=0 | heap=0.4kB/105.8kB (min=105.4kB, biggest=105.4kB) | arena=2.6kB | V_bus=4.940V I_bus=57.3mA P_bus=282.9mW E_total_accum=87.136mWh
23:57:45.559 > [BENCH] IDLE | t_inference_us=0 | heap=0.4kB/105.8kB (min=105.4kB, biggest=105.4kB) | arena=2.6kB | V_bus=4.928V I_bus=57.3mA P_bus=282.8mW E_total_accum=87.294mWh
23:57:47.546 > 
23:57:47.546 > [EVENT] type=HOUR  Tin=26.50 Hin=53.30 Tout=28.50 Hout=77.90
23:57:47.546 > [infer] warmup: window 17/24 - (Invoke NOT executed)
23:57:47.808 > [SENSORS] Health IN ok=508 err=0 reinit=0 pwr=0 | OUT ok=508 err=0 reinit=0 pwr=0
23:57:49.066 > [BENCH] IDLE | t_inference_us=0 | heap=0.4kB/105.8kB (min=105.4kB, biggest=105.4kB) | arena=2.6kB | V_bus=4.932V I_bus=58.0mA P_bus=286.1mW E_total_accum=87.571mWh
23:57:51.081 > [BENCH] IDLE | t_inference_us=0 | heap=0.4kB/105.8kB (min=105.4kB, biggest=105.4kB) | arena=2.6kB | V_bus=4.932V I_bus=57.7mA P_bus=284.5mW E_total_accum=87.730mWh
23:57:53.100 > [BENCH] IDLE | t_inference_us=0 | heap=0.4kB/105.8kB (min=105.4kB, biggest=105.4kB) | arena=2.6kB | V_bus=4.940V I_bus=57.6mA P_bus=284.1mW E_total_accum=87.889mWh
23:57:55.126 > [BENCH] IDLE | t_inference_us=0 | heap=0.4kB/105.8kB (min=105.4kB, biggest=105.4kB) | arena=2.6kB | V_bus=4.924V I_bus=57.8mA P_bus=284.8mW E_total_accum=88.049mWh
23:57:57.158 > [BENCH] IDLE | t_inference_us=0 | heap=0.4kB/105.8kB (min=105.4kB, biggest=105.4kB) | arena=2.6kB | V_bus=4.940V I_bus=57.7mA P_bus=284.6mW E_total_accum=88.209mWh
23:57:59.179 > [BENCH] IDLE | t_inference_us=0 | heap=0.4kB/105.8kB (min=105.4kB, biggest=105.4kB) | arena=2.6kB | V_bus=4.932V I_bus=57.8mA P_bus=285.2mW E_total_accum=88.369mWh
23:58:01.195 > [BENCH] IDLE | t_inference_us=0 | heap=0.4kB/105.8kB (min=105.4kB, biggest=105.4kB) | arena=2.6kB | V_bus=4.928V I_bus=57.8mA P_bus=285.3mW E_total_accum=88.529mWh
23:58:03.225 > [BENCH] IDLE | t_inference_us=0 | heap=0.4kB/105.8kB (min=105.4kB, biggest=105.4kB) | arena=2.6kB | V_bus=4.936V I_bus=57.6mA P_bus=284.0mW E_total_accum=88.688mWh
23:58:05.237 > [BENCH] IDLE | t_inference_us=0 | heap=0.4kB/105.8kB (min=105.4kB, biggest=105.4kB) | arena=2.6kB | V_bus=4.932V I_bus=57.5mA P_bus=283.6mW E_total_accum=88.847mWh
23:58:07.256 > [BENCH] IDLE | t_inference_us=0 | heap=0.4kB/105.8kB (min=105.4kB, biggest=105.4kB) | arena=2.6kB | V_bus=4.940V I_bus=57.5mA P_bus=283.6mW E_total_accum=89.006mWh
23:58:09.275 > [BENCH] IDLE | t_inference_us=0 | heap=0.4kB/105.8kB (min=105.4kB, biggest=105.4kB) | arena=2.6kB | V_bus=4.928V I_bus=57.6mA P_bus=284.0mW E_total_accum=89.165mWh
23:58:11.308 > [BENCH] IDLE | t_inference_us=0 | heap=0.4kB/105.8kB (min=105.4kB, biggest=105.4kB) | arena=2.6kB | V_bus=4.940V I_bus=57.5mA P_bus=283.8mW E_total_accum=89.324mWh
23:58:13.324 > [BENCH] IDLE | t_inference_us=0 | heap=0.4kB/105.8kB (min=105.4kB, biggest=105.4kB) | arena=2.6kB | V_bus=4.932V I_bus=57.3mA P_bus=282.9mW E_total_accum=89.483mWh
23:58:15.342 > [BENCH] IDLE | t_inference_us=0 | heap=0.4kB/105.8kB (min=105.4kB, biggest=105.4kB) | arena=2.6kB | V_bus=4.940V I_bus=57.6mA P_bus=284.1mW E_total_accum=89.642mWh
23:58:17.377 > [BENCH] IDLE | t_inference_us=0 | heap=0.4kB/105.8kB (min=105.4kB, biggest=105.4kB) | arena=2.6kB | V_bus=4.936V I_bus=57.3mA P_bus=282.9mW E_total_accum=89.801mWh
23:58:19.398 > [BENCH] IDLE | t_inference_us=0 | heap=0.4kB/105.8kB (min=105.4kB, biggest=105.4kB) | arena=2.6kB | V_bus=4.924V I_bus=57.5mA P_bus=283.7mW E_total_accum=89.960mWh
23:58:21.422 > [BENCH] IDLE | t_inference_us=0 | heap=0.4kB/105.8kB (min=105.4kB, biggest=105.4kB) | arena=2.6kB | V_bus=4.944V I_bus=57.4mA P_bus=283.5mW E_total_accum=90.119mWh
23:58:23.441 > [BENCH] IDLE | t_inference_us=0 | heap=0.4kB/105.8kB (min=105.4kB, biggest=105.4kB) | arena=2.6kB | V_bus=4.932V I_bus=57.3mA P_bus=282.7mW E_total_accum=90.277mWh
23:58:25.465 > [BENCH] IDLE | t_inference_us=0 | heap=0.4kB/105.8kB (min=105.4kB, biggest=105.4kB) | arena=2.6kB | V_bus=4.932V I_bus=57.5mA P_bus=283.6mW E_total_accum=90.436mWh
23:58:27.480 > [BENCH] IDLE | t_inference_us=0 | heap=0.4kB/105.8kB (min=105.4kB, biggest=105.4kB) | arena=2.6kB | V_bus=4.932V I_bus=57.3mA P_bus=282.6mW E_total_accum=90.595mWh
23:58:29.505 > [BENCH] IDLE | t_inference_us=0 | heap=0.4kB/105.8kB (min=105.4kB, biggest=105.4kB) | arena=2.6kB | V_bus=4.936V I_bus=57.7mA P_bus=284.8mW E_total_accum=90.754mWh
23:58:31.522 > [BENCH] IDLE | t_inference_us=0 | heap=0.4kB/105.8kB (min=105.4kB, biggest=105.4kB) | arena=2.6kB | V_bus=4.932V I_bus=57.7mA P_bus=284.7mW E_total_accum=90.914mWh
23:58:33.553 > [BENCH] IDLE | t_inference_us=0 | heap=0.4kB/105.8kB (min=105.4kB, biggest=105.4kB) | arena=2.6kB | V_bus=4.932V I_bus=57.4mA P_bus=283.4mW E_total_accum=91.073mWh
23:58:35.579 > [BENCH] IDLE | t_inference_us=0 | heap=0.4kB/105.8kB (min=105.4kB, biggest=105.4kB) | arena=2.6kB | V_bus=4.936V I_bus=57.7mA P_bus=284.7mW E_total_accum=91.233mWh
23:58:37.589 > [BENCH] IDLE | t_inference_us=0 | heap=0.4kB/105.8kB (min=105.4kB, biggest=105.4kB) | arena=2.6kB | V_bus=4.928V I_bus=57.5mA P_bus=283.6mW E_total_accum=91.392mWh
23:58:39.619 > [BENCH] IDLE | t_inference_us=0 | heap=0.4kB/105.8kB (min=105.4kB, biggest=105.4kB) | arena=2.6kB | V_bus=4.940V I_bus=57.6mA P_bus=284.3mW E_total_accum=91.551mWh
23:58:41.638 > [BENCH] IDLE | t_inference_us=0 | heap=0.4kB/105.8kB (min=105.4kB, biggest=105.4kB) | arena=2.6kB | V_bus=4.932V I_bus=57.9mA P_bus=285.7mW E_total_accum=91.711mWh
23:58:43.659 > [BENCH] IDLE | t_inference_us=0 | heap=0.4kB/105.8kB (min=105.4kB, biggest=105.4kB) | arena=2.6kB | V_bus=4.932V I_bus=57.6mA P_bus=284.3mW E_total_accum=91.871mWh
23:58:45.691 > [BENCH] IDLE | t_inference_us=0 | heap=0.4kB/105.8kB (min=105.4kB, biggest=105.4kB) | arena=2.6kB | V_bus=4.940V I_bus=57.7mA P_bus=284.8mW E_total_accum=92.030mWh
23:58:47.668 > 
23:58:47.668 > [EVENT] type=HOUR  Tin=26.80 Hin=53.20 Tout=28.50 Hout=77.80
23:58:47.668 > [infer] warmup: window 18/24 - (Invoke NOT executed)
23:58:47.933 > [SENSORS] Health IN ok=537 err=0 reinit=0 pwr=0 | OUT ok=537 err=0 reinit=0 pwr=0
23:58:49.189 > [BENCH] IDLE | t_inference_us=0 | heap=0.4kB/105.8kB (min=105.4kB, biggest=105.4kB) | arena=2.6kB | V_bus=4.940V I_bus=57.4mA P_bus=283.1mW E_total_accum=92.305mWh
23:58:51.208 > [BENCH] IDLE | t_inference_us=0 | heap=0.4kB/105.8kB (min=105.4kB, biggest=105.4kB) | arena=2.6kB | V_bus=4.936V I_bus=57.2mA P_bus=282.2mW E_total_accum=92.463mWh
23:58:53.234 > [BENCH] IDLE | t_inference_us=0 | heap=0.4kB/105.8kB (min=105.4kB, biggest=105.4kB) | arena=2.6kB | V_bus=4.932V I_bus=57.7mA P_bus=284.5mW E_total_accum=92.623mWh
23:58:55.250 > [BENCH] IDLE | t_inference_us=0 | heap=0.4kB/105.8kB (min=105.4kB, biggest=105.4kB) | arena=2.6kB | V_bus=4.924V I_bus=57.7mA P_bus=284.9mW E_total_accum=92.782mWh
23:58:57.276 > [BENCH] IDLE | t_inference_us=0 | heap=0.4kB/105.8kB (min=105.4kB, biggest=105.4kB) | arena=2.6kB | V_bus=4.940V I_bus=57.7mA P_bus=284.6mW E_total_accum=92.942mWh
23:58:59.290 > [BENCH] IDLE | t_inference_us=0 | heap=0.4kB/105.8kB (min=105.4kB, biggest=105.4kB) | arena=2.6kB | V_bus=4.932V I_bus=57.8mA P_bus=285.4mW E_total_accum=93.102mWh
23:59:01.309 > [BENCH] IDLE | t_inference_us=0 | heap=0.4kB/105.8kB (min=105.4kB, biggest=105.4kB) | arena=2.6kB | V_bus=4.928V I_bus=57.6mA P_bus=284.2mW E_total_accum=93.261mWh
23:59:03.338 > [BENCH] IDLE | t_inference_us=0 | heap=0.4kB/105.8kB (min=105.4kB, biggest=105.4kB) | arena=2.6kB | V_bus=4.940V I_bus=57.8mA P_bus=285.0mW E_total_accum=93.421mWh
23:59:05.369 > [BENCH] IDLE | t_inference_us=0 | heap=0.4kB/105.8kB (min=105.4kB, biggest=105.4kB) | arena=2.6kB | V_bus=4.932V I_bus=58.1mA P_bus=286.4mW E_total_accum=93.582mWh
23:59:07.393 > [BENCH] IDLE | t_inference_us=0 | heap=0.4kB/105.8kB (min=105.4kB, biggest=105.4kB) | arena=2.6kB | V_bus=4.936V I_bus=57.8mA P_bus=285.0mW E_total_accum=93.742mWh
23:59:09.402 > [BENCH] IDLE | t_inference_us=0 | heap=0.4kB/105.8kB (min=105.4kB, biggest=105.4kB) | arena=2.6kB | V_bus=4.940V I_bus=57.8mA P_bus=285.3mW E_total_accum=93.902mWh
23:59:11.425 > [BENCH] IDLE | t_inference_us=0 | heap=0.4kB/105.8kB (min=105.4kB, biggest=105.4kB) | arena=2.6kB | V_bus=4.932V I_bus=58.2mA P_bus=287.1mW E_total_accum=94.063mWh
23:59:13.449 > [BENCH] IDLE | t_inference_us=0 | heap=0.4kB/105.8kB (min=105.4kB, biggest=105.4kB) | arena=2.6kB | V_bus=4.932V I_bus=57.9mA P_bus=285.4mW E_total_accum=94.223mWh
23:59:15.475 > [BENCH] IDLE | t_inference_us=0 | heap=0.4kB/105.8kB (min=105.4kB, biggest=105.4kB) | arena=2.6kB | V_bus=4.936V I_bus=57.9mA P_bus=285.8mW E_total_accum=94.383mWh
23:59:17.506 > [BENCH] IDLE | t_inference_us=0 | heap=0.4kB/105.8kB (min=105.4kB, biggest=105.4kB) | arena=2.6kB | V_bus=4.964V I_bus=57.5mA P_bus=284.2mW E_total_accum=94.543mWh
23:59:19.527 > [BENCH] IDLE | t_inference_us=0 | heap=0.4kB/105.8kB (min=105.4kB, biggest=105.4kB) | arena=2.6kB | V_bus=4.936V I_bus=57.4mA P_bus=283.5mW E_total_accum=94.701mWh
23:59:21.549 > [BENCH] IDLE | t_inference_us=0 | heap=0.4kB/105.8kB (min=105.4kB, biggest=105.4kB) | arena=2.6kB | V_bus=4.968V I_bus=57.7mA P_bus=285.5mW E_total_accum=94.862mWh
23:59:23.559 > [BENCH] IDLE | t_inference_us=0 | heap=0.4kB/105.8kB (min=105.4kB, biggest=105.4kB) | arena=2.6kB | V_bus=4.932V I_bus=57.5mA P_bus=284.4mW E_total_accum=95.021mWh
23:59:25.579 > [BENCH] IDLE | t_inference_us=0 | heap=0.4kB/105.8kB (min=105.4kB, biggest=105.4kB) | arena=2.6kB | V_bus=4.932V I_bus=57.7mA P_bus=284.9mW E_total_accum=95.181mWh
23:59:27.610 > [BENCH] IDLE | t_inference_us=0 | heap=0.4kB/105.8kB (min=105.4kB, biggest=105.4kB) | arena=2.6kB | V_bus=4.940V I_bus=57.6mA P_bus=284.5mW E_total_accum=95.340mWh
23:59:29.634 > [BENCH] IDLE | t_inference_us=0 | heap=0.4kB/105.8kB (min=105.4kB, biggest=105.4kB) | arena=2.6kB | V_bus=4.932V I_bus=57.3mA P_bus=283.1mW E_total_accum=95.499mWh
23:59:31.656 > [BENCH] IDLE | t_inference_us=0 | heap=0.4kB/105.8kB (min=105.4kB, biggest=105.4kB) | arena=2.6kB | V_bus=4.924V I_bus=57.4mA P_bus=283.5mW E_total_accum=95.658mWh
23:59:33.680 > [BENCH] IDLE | t_inference_us=0 | heap=0.4kB/105.8kB (min=105.4kB, biggest=105.4kB) | arena=2.6kB | V_bus=4.940V I_bus=57.4mA P_bus=283.2mW E_total_accum=95.817mWh
23:59:35.704 > [BENCH] IDLE | t_inference_us=0 | heap=0.4kB/105.8kB (min=105.4kB, biggest=105.4kB) | arena=2.6kB | V_bus=4.924V I_bus=57.5mA P_bus=283.9mW E_total_accum=95.976mWh
23:59:37.725 > [BENCH] IDLE | t_inference_us=0 | heap=0.4kB/105.8kB (min=105.4kB, biggest=105.4kB) | arena=2.6kB | V_bus=4.924V I_bus=57.5mA P_bus=283.6mW E_total_accum=96.135mWh
23:59:39.749 > [BENCH] IDLE | t_inference_us=0 | heap=0.4kB/105.8kB (min=105.4kB, biggest=105.4kB) | arena=2.6kB | V_bus=4.940V I_bus=57.6mA P_bus=284.0mW E_total_accum=96.294mWh
23:59:41.757 > [BENCH] IDLE | t_inference_us=0 | heap=0.4kB/105.8kB (min=105.4kB, biggest=105.4kB) | arena=2.6kB | V_bus=4.928V I_bus=57.7mA P_bus=284.8mW E_total_accum=96.454mWh
23:59:43.787 > [BENCH] IDLE | t_inference_us=0 | heap=0.4kB/105.8kB (min=105.4kB, biggest=105.4kB) | arena=2.6kB | V_bus=4.936V I_bus=57.5mA P_bus=283.6mW E_total_accum=96.613mWh
23:59:45.809 > [BENCH] IDLE | t_inference_us=0 | heap=0.4kB/105.8kB (min=105.4kB, biggest=105.4kB) | arena=2.6kB | V_bus=4.940V I_bus=57.7mA P_bus=284.8mW E_total_accum=96.773mWh
23:59:47.759 > 
23:59:47.759 > [EVENT] type=HOUR  Tin=27.00 Hin=52.71 Tout=28.60 Hout=77.90
23:59:47.759 > [infer] warmup: window 19/24 - (Invoke NOT executed)
23:59:48.056 > [SENSORS] Health IN ok=565 err=0 reinit=0 pwr=0 | OUT ok=565 err=0 reinit=0 pwr=0
23:59:49.263 > [BENCH] IDLE | t_inference_us=0 | heap=0.4kB/105.8kB (min=105.4kB, biggest=105.4kB) | arena=2.6kB | V_bus=4.924V I_bus=57.7mA P_bus=284.7mW E_total_accum=97.045mWh
23:59:51.289 > [BENCH] IDLE | t_inference_us=0 | heap=0.4kB/105.8kB (min=105.4kB, biggest=105.4kB) | arena=2.6kB | V_bus=4.948V I_bus=57.6mA P_bus=284.4mW E_total_accum=97.205mWh
23:59:53.312 > [BENCH] IDLE | t_inference_us=0 | heap=0.4kB/105.8kB (min=105.4kB, biggest=105.4kB) | arena=2.6kB | V_bus=4.940V I_bus=57.5mA P_bus=283.9mW E_total_accum=97.364mWh
23:59:55.326 > [BENCH] IDLE | t_inference_us=0 | heap=0.4kB/105.8kB (min=105.4kB, biggest=105.4kB) | arena=2.6kB | V_bus=4.928V I_bus=57.7mA P_bus=284.7mW E_total_accum=97.523mWh
23:59:57.349 > [BENCH] IDLE | t_inference_us=0 | heap=0.4kB/105.8kB (min=105.4kB, biggest=105.4kB) | arena=2.6kB | V_bus=4.932V I_bus=57.8mA P_bus=285.1mW E_total_accum=97.683mWh
23:59:59.383 > [BENCH] IDLE | t_inference_us=0 | heap=0.4kB/105.8kB (min=105.4kB, biggest=105.4kB) | arena=2.6kB | V_bus=4.940V I_bus=57.6mA P_bus=284.5mW E_total_accum=97.843mWh
00:00:01.408 > [BENCH] IDLE | t_inference_us=0 | heap=0.4kB/105.8kB (min=105.4kB, biggest=105.4kB) | arena=2.6kB | V_bus=4.928V I_bus=58.0mA P_bus=286.1mW E_total_accum=98.003mWh
00:00:03.423 > [BENCH] IDLE | t_inference_us=0 | heap=0.4kB/105.8kB (min=105.4kB, biggest=105.4kB) | arena=2.6kB | V_bus=4.928V I_bus=57.7mA P_bus=284.9mW E_total_accum=98.163mWh
00:00:05.447 > [BENCH] IDLE | t_inference_us=0 | heap=0.4kB/105.8kB (min=105.4kB, biggest=105.4kB) | arena=2.6kB | V_bus=4.936V I_bus=57.6mA P_bus=284.4mW E_total_accum=98.323mWh
00:00:07.477 > [BENCH] IDLE | t_inference_us=0 | heap=0.4kB/105.8kB (min=105.4kB, biggest=105.4kB) | arena=2.6kB | V_bus=4.928V I_bus=58.0mA P_bus=286.0mW E_total_accum=98.483mWh
00:00:09.499 > [BENCH] IDLE | t_inference_us=0 | heap=0.4kB/105.8kB (min=105.4kB, biggest=105.4kB) | arena=2.6kB | V_bus=4.940V I_bus=57.9mA P_bus=285.5mW E_total_accum=98.643mWh
00:00:11.522 > [BENCH] IDLE | t_inference_us=0 | heap=0.4kB/105.8kB (min=105.4kB, biggest=105.4kB) | arena=2.6kB | V_bus=4.932V I_bus=57.6mA P_bus=284.1mW E_total_accum=98.802mWh
00:00:13.545 > [BENCH] IDLE | t_inference_us=0 | heap=0.4kB/105.8kB (min=105.4kB, biggest=105.4kB) | arena=2.6kB | V_bus=4.928V I_bus=57.7mA P_bus=284.6mW E_total_accum=98.962mWh
00:00:15.563 > [BENCH] IDLE | t_inference_us=0 | heap=0.4kB/105.8kB (min=105.4kB, biggest=105.4kB) | arena=2.6kB | V_bus=4.932V I_bus=57.9mA P_bus=285.6mW E_total_accum=99.122mWh
00:00:17.581 > [BENCH] IDLE | t_inference_us=0 | heap=0.4kB/105.8kB (min=105.4kB, biggest=105.4kB) | arena=2.6kB | V_bus=4.936V I_bus=57.6mA P_bus=284.3mW E_total_accum=99.281mWh
00:00:19.613 > [BENCH] IDLE | t_inference_us=0 | heap=0.4kB/105.8kB (min=105.4kB, biggest=105.4kB) | arena=2.6kB | V_bus=4.924V I_bus=57.8mA P_bus=284.9mW E_total_accum=99.441mWh
00:00:21.636 > [BENCH] IDLE | t_inference_us=0 | heap=0.4kB/105.8kB (min=105.4kB, biggest=105.4kB) | arena=2.6kB | V_bus=4.932V I_bus=57.8mA P_bus=284.8mW E_total_accum=99.601mWh
00:00:23.659 > [BENCH] IDLE | t_inference_us=0 | heap=0.4kB/105.8kB (min=105.4kB, biggest=105.4kB) | arena=2.6kB | V_bus=4.940V I_bus=57.7mA P_bus=284.6mW E_total_accum=99.761mWh
00:00:25.674 > [BENCH] IDLE | t_inference_us=0 | heap=0.4kB/105.8kB (min=105.4kB, biggest=105.4kB) | arena=2.6kB | V_bus=4.928V I_bus=57.9mA P_bus=285.3mW E_total_accum=99.920mWh
00:00:27.695 > [BENCH] IDLE | t_inference_us=0 | heap=0.4kB/105.8kB (min=105.4kB, biggest=105.4kB) | arena=2.6kB | V_bus=4.924V I_bus=58.0mA P_bus=286.0mW E_total_accum=100.081mWh
00:00:29.711 > [BENCH] IDLE | t_inference_us=0 | heap=0.4kB/105.8kB (min=105.4kB, biggest=105.4kB) | arena=2.6kB | V_bus=4.940V I_bus=58.0mA P_bus=286.3mW E_total_accum=100.241mWh
00:00:31.737 > [BENCH] IDLE | t_inference_us=0 | heap=0.4kB/105.8kB (min=105.4kB, biggest=105.4kB) | arena=2.6kB | V_bus=4.964V I_bus=57.1mA P_bus=281.9mW E_total_accum=100.399mWh
00:00:33.764 > [BENCH] IDLE | t_inference_us=0 | heap=0.4kB/105.8kB (min=105.4kB, biggest=105.4kB) | arena=2.6kB | V_bus=4.924V I_bus=57.4mA P_bus=283.2mW E_total_accum=100.558mWh
00:00:35.774 > [BENCH] IDLE | t_inference_us=0 | heap=0.4kB/105.8kB (min=105.4kB, biggest=105.4kB) | arena=2.6kB | V_bus=4.940V I_bus=57.6mA P_bus=284.2mW E_total_accum=100.717mWh
00:00:37.808 > [BENCH] IDLE | t_inference_us=0 | heap=0.4kB/105.8kB (min=105.4kB, biggest=105.4kB) | arena=2.6kB | V_bus=4.940V I_bus=57.7mA P_bus=284.7mW E_total_accum=100.877mWh
00:00:39.825 > [BENCH] IDLE | t_inference_us=0 | heap=0.4kB/105.8kB (min=105.4kB, biggest=105.4kB) | arena=2.6kB | V_bus=4.920V I_bus=57.9mA P_bus=285.4mW E_total_accum=101.037mWh
00:00:41.841 > [BENCH] IDLE | t_inference_us=0 | heap=0.4kB/105.8kB (min=105.4kB, biggest=105.4kB) | arena=2.6kB | V_bus=4.932V I_bus=57.6mA P_bus=284.1mW E_total_accum=101.196mWh
00:00:43.859 > [BENCH] IDLE | t_inference_us=0 | heap=0.4kB/105.8kB (min=105.4kB, biggest=105.4kB) | arena=2.6kB | V_bus=4.940V I_bus=57.7mA P_bus=284.8mW E_total_accum=101.356mWh
00:00:45.891 > [BENCH] IDLE | t_inference_us=0 | heap=0.4kB/105.8kB (min=105.4kB, biggest=105.4kB) | arena=2.6kB | V_bus=4.932V I_bus=58.1mA P_bus=286.5mW E_total_accum=101.516mWh
00:00:47.873 > 
00:00:47.873 > [EVENT] type=HOUR  Tin=27.20 Hin=53.32 Tout=28.70 Hout=77.50
00:00:47.873 > [infer] warmup: window 20/24 - (Invoke NOT executed)
00:00:48.174 > [SENSORS] Health IN ok=593 err=0 reinit=0 pwr=0 | OUT ok=593 err=0 reinit=0 pwr=0
00:00:49.389 > [BENCH] IDLE | t_inference_us=0 | heap=0.4kB/105.8kB (min=105.4kB, biggest=105.4kB) | arena=2.6kB | V_bus=4.936V I_bus=58.1mA P_bus=286.4mW E_total_accum=101.795mWh
00:00:51.423 > [BENCH] IDLE | t_inference_us=0 | heap=0.4kB/105.8kB (min=105.4kB, biggest=105.4kB) | arena=2.6kB | V_bus=4.940V I_bus=57.8mA P_bus=285.1mW E_total_accum=101.955mWh
00:00:53.441 > [BENCH] IDLE | t_inference_us=0 | heap=0.4kB/105.8kB (min=105.4kB, biggest=105.4kB) | arena=2.6kB | V_bus=4.928V I_bus=57.8mA P_bus=285.3mW E_total_accum=102.115mWh
00:00:55.466 > [BENCH] IDLE | t_inference_us=0 | heap=0.4kB/105.8kB (min=105.4kB, biggest=105.4kB) | arena=2.6kB | V_bus=4.952V I_bus=57.8mA P_bus=285.5mW E_total_accum=102.274mWh
00:00:57.483 > [BENCH] IDLE | t_inference_us=0 | heap=0.4kB/105.8kB (min=105.4kB, biggest=105.4kB) | arena=2.6kB | V_bus=4.932V I_bus=58.1mA P_bus=287.0mW E_total_accum=102.435mWh
00:00:59.504 > [BENCH] IDLE | t_inference_us=0 | heap=0.4kB/105.8kB (min=105.4kB, biggest=105.4kB) | arena=2.6kB | V_bus=4.940V I_bus=57.8mA P_bus=285.4mW E_total_accum=102.595mWh
00:01:01.521 > [BENCH] IDLE | t_inference_us=0 | heap=0.4kB/105.8kB (min=105.4kB, biggest=105.4kB) | arena=2.6kB | V_bus=4.932V I_bus=57.6mA P_bus=284.1mW E_total_accum=102.754mWh
00:01:03.550 > [BENCH] IDLE | t_inference_us=0 | heap=0.4kB/105.8kB (min=105.4kB, biggest=105.4kB) | arena=2.6kB | V_bus=4.932V I_bus=57.5mA P_bus=283.9mW E_total_accum=102.914mWh
00:01:05.571 > [BENCH] IDLE | t_inference_us=0 | heap=0.4kB/105.8kB (min=105.4kB, biggest=105.4kB) | arena=2.6kB | V_bus=4.928V I_bus=58.1mA P_bus=286.4mW E_total_accum=103.074mWh
00:01:07.585 > [BENCH] IDLE | t_inference_us=0 | heap=0.4kB/105.8kB (min=105.4kB, biggest=105.4kB) | arena=2.6kB | V_bus=4.940V I_bus=57.9mA P_bus=285.7mW E_total_accum=103.234mWh
00:01:09.620 > [BENCH] IDLE | t_inference_us=0 | heap=0.4kB/105.8kB (min=105.4kB, biggest=105.4kB) | arena=2.6kB | V_bus=4.928V I_bus=58.1mA P_bus=286.7mW E_total_accum=103.395mWh
00:01:11.639 > [BENCH] IDLE | t_inference_us=0 | heap=0.4kB/105.8kB (min=105.4kB, biggest=105.4kB) | arena=2.6kB | V_bus=4.924V I_bus=58.2mA P_bus=287.0mW E_total_accum=103.556mWh
00:01:13.654 > [BENCH] IDLE | t_inference_us=0 | heap=0.4kB/105.8kB (min=105.4kB, biggest=105.4kB) | arena=2.6kB | V_bus=4.932V I_bus=57.9mA P_bus=285.5mW E_total_accum=103.716mWh
00:01:15.688 > [BENCH] IDLE | t_inference_us=0 | heap=0.4kB/105.8kB (min=105.4kB, biggest=105.4kB) | arena=2.6kB | V_bus=4.924V I_bus=58.1mA P_bus=286.2mW E_total_accum=103.877mWh
00:01:17.700 > [BENCH] IDLE | t_inference_us=0 | heap=0.4kB/105.8kB (min=105.4kB, biggest=105.4kB) | arena=2.6kB | V_bus=4.932V I_bus=57.8mA P_bus=284.8mW E_total_accum=104.037mWh
00:01:19.734 > [BENCH] IDLE | t_inference_us=0 | heap=0.4kB/105.8kB (min=105.4kB, biggest=105.4kB) | arena=2.6kB | V_bus=4.940V I_bus=57.7mA P_bus=284.4mW E_total_accum=104.196mWh
00:01:21.752 > [BENCH] IDLE | t_inference_us=0 | heap=0.4kB/105.8kB (min=105.4kB, biggest=105.4kB) | arena=2.6kB | V_bus=4.932V I_bus=58.2mA P_bus=286.8mW E_total_accum=104.357mWh
00:01:23.782 > [BENCH] IDLE | t_inference_us=0 | heap=0.4kB/105.8kB (min=105.4kB, biggest=105.4kB) | arena=2.6kB | V_bus=4.940V I_bus=58.0mA P_bus=286.0mW E_total_accum=104.517mWh
00:01:25.804 > [BENCH] IDLE | t_inference_us=0 | heap=0.4kB/105.8kB (min=105.4kB, biggest=105.4kB) | arena=2.6kB | V_bus=4.940V I_bus=57.9mA P_bus=285.6mW E_total_accum=104.678mWh
00:01:27.828 > [BENCH] IDLE | t_inference_us=0 | heap=0.4kB/105.8kB (min=105.4kB, biggest=105.4kB) | arena=2.6kB | V_bus=4.924V I_bus=58.3mA P_bus=287.6mW E_total_accum=104.839mWh
00:01:29.834 > [BENCH] IDLE | t_inference_us=0 | heap=0.4kB/105.8kB (min=105.4kB, biggest=105.4kB) | arena=2.6kB | V_bus=4.928V I_bus=58.1mA P_bus=286.3mW E_total_accum=104.999mWh
00:01:31.868 > [BENCH] IDLE | t_inference_us=0 | heap=0.4kB/105.8kB (min=105.4kB, biggest=105.4kB) | arena=2.6kB | V_bus=4.924V I_bus=57.8mA P_bus=284.8mW E_total_accum=105.159mWh
00:01:33.883 > [BENCH] IDLE | t_inference_us=0 | heap=0.4kB/105.8kB (min=105.4kB, biggest=105.4kB) | arena=2.6kB | V_bus=4.928V I_bus=57.6mA P_bus=283.7mW E_total_accum=105.318mWh
00:01:35.916 > [BENCH] IDLE | t_inference_us=0 | heap=0.4kB/105.8kB (min=105.4kB, biggest=105.4kB) | arena=2.6kB | V_bus=4.920V I_bus=57.8mA P_bus=284.7mW E_total_accum=105.478mWh
00:01:37.933 > [BENCH] IDLE | t_inference_us=0 | heap=0.4kB/105.8kB (min=105.4kB, biggest=105.4kB) | arena=2.6kB | V_bus=4.932V I_bus=58.0mA P_bus=286.1mW E_total_accum=105.638mWh
00:01:39.951 > [BENCH] IDLE | t_inference_us=0 | heap=0.4kB/105.8kB (min=105.4kB, biggest=105.4kB) | arena=2.6kB | V_bus=4.936V I_bus=57.9mA P_bus=285.2mW E_total_accum=105.798mWh
00:01:41.982 > [BENCH] IDLE | t_inference_us=0 | heap=0.4kB/105.8kB (min=105.4kB, biggest=105.4kB) | arena=2.6kB | V_bus=4.960V I_bus=57.6mA P_bus=284.1mW E_total_accum=105.957mWh
00:01:43.998 > [BENCH] IDLE | t_inference_us=0 | heap=0.4kB/105.8kB (min=105.4kB, biggest=105.4kB) | arena=2.6kB | V_bus=4.928V I_bus=57.5mA P_bus=283.5mW E_total_accum=106.116mWh
00:01:46.017 > [BENCH] IDLE | t_inference_us=0 | heap=0.4kB/105.8kB (min=105.4kB, biggest=105.4kB) | arena=2.6kB | V_bus=4.924V I_bus=57.7mA P_bus=284.6mW E_total_accum=106.276mWh
00:01:47.998 > 
00:01:47.998 > [EVENT] type=HOUR  Tin=27.60 Hin=56.85 Tout=28.70 Hout=77.80
00:01:47.998 > [infer] warmup: window 21/24 - (Invoke NOT executed)
00:01:48.297 > [SENSORS] Health IN ok=621 err=0 reinit=0 pwr=0 | OUT ok=621 err=0 reinit=0 pwr=0
00:01:49.523 > [BENCH] IDLE | t_inference_us=0 | heap=0.4kB/105.8kB (min=105.4kB, biggest=105.4kB) | arena=2.6kB | V_bus=4.928V I_bus=58.1mA P_bus=286.7mW E_total_accum=106.553mWh
00:01:51.544 > [BENCH] IDLE | t_inference_us=0 | heap=0.4kB/105.8kB (min=105.4kB, biggest=105.4kB) | arena=2.6kB | V_bus=4.928V I_bus=57.9mA P_bus=285.6mW E_total_accum=106.713mWh
00:01:53.559 > [BENCH] IDLE | t_inference_us=0 | heap=0.4kB/105.8kB (min=105.4kB, biggest=105.4kB) | arena=2.6kB | V_bus=4.928V I_bus=57.7mA P_bus=284.3mW E_total_accum=106.872mWh
00:01:55.589 > [BENCH] IDLE | t_inference_us=0 | heap=0.4kB/105.8kB (min=105.4kB, biggest=105.4kB) | arena=2.6kB | V_bus=4.920V I_bus=57.8mA P_bus=284.8mW E_total_accum=107.032mWh
00:01:57.597 > [BENCH] IDLE | t_inference_us=0 | heap=0.4kB/105.8kB (min=105.4kB, biggest=105.4kB) | arena=2.6kB | V_bus=4.928V I_bus=57.7mA P_bus=284.3mW E_total_accum=107.191mWh
00:01:59.629 > [BENCH] IDLE | t_inference_us=0 | heap=0.4kB/105.8kB (min=105.4kB, biggest=105.4kB) | arena=2.6kB | V_bus=4.936V I_bus=57.4mA P_bus=283.2mW E_total_accum=107.350mWh
00:02:01.644 > [BENCH] IDLE | t_inference_us=0 | heap=0.4kB/105.8kB (min=105.4kB, biggest=105.4kB) | arena=2.6kB | V_bus=4.940V I_bus=57.7mA P_bus=284.8mW E_total_accum=107.510mWh
00:02:03.675 > [BENCH] IDLE | t_inference_us=0 | heap=0.4kB/105.8kB (min=105.4kB, biggest=105.4kB) | arena=2.6kB | V_bus=4.936V I_bus=57.8mA P_bus=285.2mW E_total_accum=107.670mWh
00:02:05.693 > [BENCH] IDLE | t_inference_us=0 | heap=0.4kB/105.8kB (min=105.4kB, biggest=105.4kB) | arena=2.6kB | V_bus=4.964V I_bus=58.0mA P_bus=286.7mW E_total_accum=107.830mWh
00:02:07.710 > [BENCH] IDLE | t_inference_us=0 | heap=0.4kB/105.8kB (min=105.4kB, biggest=105.4kB) | arena=2.6kB | V_bus=4.940V I_bus=58.1mA P_bus=287.1mW E_total_accum=107.991mWh
00:02:09.743 > [BENCH] IDLE | t_inference_us=0 | heap=0.4kB/105.8kB (min=105.4kB, biggest=105.4kB) | arena=2.6kB | V_bus=4.924V I_bus=58.2mA P_bus=287.5mW E_total_accum=108.152mWh
00:02:11.762 > [BENCH] IDLE | t_inference_us=0 | heap=0.4kB/105.8kB (min=105.4kB, biggest=105.4kB) | arena=2.6kB | V_bus=4.920V I_bus=58.3mA P_bus=287.4mW E_total_accum=108.313mWh
00:02:13.786 > [BENCH] IDLE | t_inference_us=0 | heap=0.4kB/105.8kB (min=105.4kB, biggest=105.4kB) | arena=2.6kB | V_bus=4.928V I_bus=57.9mA P_bus=285.6mW E_total_accum=108.474mWh
00:02:15.796 > [BENCH] IDLE | t_inference_us=0 | heap=0.4kB/105.8kB (min=105.4kB, biggest=105.4kB) | arena=2.6kB | V_bus=4.920V I_bus=58.0mA P_bus=286.1mW E_total_accum=108.634mWh
00:02:17.824 > [BENCH] IDLE | t_inference_us=0 | heap=0.4kB/105.8kB (min=105.4kB, biggest=105.4kB) | arena=2.6kB | V_bus=4.928V I_bus=57.7mA P_bus=284.5mW E_total_accum=108.794mWh
00:02:19.841 > [BENCH] IDLE | t_inference_us=0 | heap=0.4kB/105.8kB (min=105.4kB, biggest=105.4kB) | arena=2.6kB | V_bus=4.932V I_bus=57.5mA P_bus=283.5mW E_total_accum=108.953mWh
00:02:21.874 > [BENCH] IDLE | t_inference_us=0 | heap=0.4kB/105.8kB (min=105.4kB, biggest=105.4kB) | arena=2.6kB | V_bus=4.924V I_bus=57.8mA P_bus=284.7mW E_total_accum=109.112mWh
00:02:23.887 > [BENCH] IDLE | t_inference_us=0 | heap=0.4kB/105.8kB (min=105.4kB, biggest=105.4kB) | arena=2.6kB | V_bus=4.936V I_bus=57.9mA P_bus=285.6mW E_total_accum=109.272mWh
00:02:25.918 > [BENCH] IDLE | t_inference_us=0 | heap=0.4kB/105.8kB (min=105.4kB, biggest=105.4kB) | arena=2.6kB | V_bus=4.940V I_bus=57.8mA P_bus=285.2mW E_total_accum=109.432mWh
00:02:27.938 > [BENCH] IDLE | t_inference_us=0 | heap=0.4kB/105.8kB (min=105.4kB, biggest=105.4kB) | arena=2.6kB | V_bus=4.932V I_bus=58.3mA P_bus=287.4mW E_total_accum=109.594mWh
00:02:29.955 > [BENCH] IDLE | t_inference_us=0 | heap=0.4kB/105.8kB (min=105.4kB, biggest=105.4kB) | arena=2.6kB | V_bus=4.936V I_bus=58.0mA P_bus=285.9mW E_total_accum=109.754mWh
00:02:31.988 > [BENCH] IDLE | t_inference_us=0 | heap=0.4kB/105.8kB (min=105.4kB, biggest=105.4kB) | arena=2.6kB | V_bus=4.936V I_bus=57.9mA P_bus=285.7mW E_total_accum=109.914mWh
00:02:34.001 > [BENCH] IDLE | t_inference_us=0 | heap=0.4kB/105.8kB (min=105.4kB, biggest=105.4kB) | arena=2.6kB | V_bus=4.924V I_bus=58.3mA P_bus=287.7mW E_total_accum=110.075mWh
00:02:36.035 > [BENCH] IDLE | t_inference_us=0 | heap=0.4kB/105.8kB (min=105.4kB, biggest=105.4kB) | arena=2.6kB | V_bus=4.936V I_bus=58.0mA P_bus=286.2mW E_total_accum=110.236mWh
00:02:38.051 > [BENCH] IDLE | t_inference_us=0 | heap=0.4kB/105.8kB (min=105.4kB, biggest=105.4kB) | arena=2.6kB | V_bus=4.928V I_bus=57.7mA P_bus=284.7mW E_total_accum=110.395mWh
00:02:40.079 > [BENCH] IDLE | t_inference_us=0 | heap=0.4kB/105.8kB (min=105.4kB, biggest=105.4kB) | arena=2.6kB | V_bus=4.924V I_bus=57.8mA P_bus=285.1mW E_total_accum=110.555mWh
00:02:42.102 > [BENCH] IDLE | t_inference_us=0 | heap=0.4kB/105.8kB (min=105.4kB, biggest=105.4kB) | arena=2.6kB | V_bus=4.928V I_bus=57.6mA P_bus=284.0mW E_total_accum=110.715mWh
00:02:44.120 > [BENCH] IDLE | t_inference_us=0 | heap=0.4kB/105.8kB (min=105.4kB, biggest=105.4kB) | arena=2.6kB | V_bus=4.928V I_bus=57.4mA P_bus=283.0mW E_total_accum=110.873mWh
00:02:46.150 > [BENCH] IDLE | t_inference_us=0 | heap=0.4kB/105.8kB (min=105.4kB, biggest=105.4kB) | arena=2.6kB | V_bus=4.928V I_bus=57.6mA P_bus=284.1mW E_total_accum=111.033mWh
00:02:48.117 > 
00:02:48.117 > [EVENT] type=HOUR  Tin=27.80 Hin=54.60 Tout=28.60 Hout=77.60
00:02:48.117 > [infer] warmup: window 22/24 - (Invoke NOT executed)
00:02:48.436 > [SENSORS] Health IN ok=650 err=0 reinit=0 pwr=0 | OUT ok=650 err=0 reinit=0 pwr=0
00:02:49.633 > [BENCH] IDLE | t_inference_us=0 | heap=0.4kB/105.8kB (min=105.4kB, biggest=105.4kB) | arena=2.6kB | V_bus=4.932V I_bus=57.9mA P_bus=285.5mW E_total_accum=111.308mWh
00:02:51.652 > [BENCH] IDLE | t_inference_us=0 | heap=0.4kB/105.8kB (min=105.4kB, biggest=105.4kB) | arena=2.6kB | V_bus=4.940V I_bus=57.8mA P_bus=285.1mW E_total_accum=111.468mWh
00:02:53.684 > [BENCH] IDLE | t_inference_us=0 | heap=0.4kB/105.8kB (min=105.4kB, biggest=105.4kB) | arena=2.6kB | V_bus=4.932V I_bus=58.2mA P_bus=287.2mW E_total_accum=111.629mWh
00:02:55.699 > [BENCH] IDLE | t_inference_us=0 | heap=0.4kB/105.8kB (min=105.4kB, biggest=105.4kB) | arena=2.6kB | V_bus=4.940V I_bus=58.2mA P_bus=287.2mW E_total_accum=111.790mWh
00:02:57.734 > [BENCH] IDLE | t_inference_us=0 | heap=0.4kB/105.8kB (min=105.4kB, biggest=105.4kB) | arena=2.6kB | V_bus=4.936V I_bus=58.2mA P_bus=287.3mW E_total_accum=111.951mWh
00:02:59.751 > [BENCH] IDLE | t_inference_us=0 | heap=0.4kB/105.8kB (min=105.4kB, biggest=105.4kB) | arena=2.6kB | V_bus=4.928V I_bus=58.4mA P_bus=288.3mW E_total_accum=112.113mWh
00:03:01.767 > [BENCH] IDLE | t_inference_us=0 | heap=0.4kB/105.8kB (min=105.4kB, biggest=105.4kB) | arena=2.6kB | V_bus=4.940V I_bus=58.4mA P_bus=288.3mW E_total_accum=112.275mWh
00:03:03.798 > [BENCH] IDLE | t_inference_us=0 | heap=0.4kB/105.8kB (min=105.4kB, biggest=105.4kB) | arena=2.6kB | V_bus=4.936V I_bus=58.1mA P_bus=286.7mW E_total_accum=112.435mWh
00:03:05.815 > [BENCH] IDLE | t_inference_us=0 | heap=0.4kB/105.8kB (min=105.4kB, biggest=105.4kB) | arena=2.6kB | V_bus=4.940V I_bus=58.0mA P_bus=286.3mW E_total_accum=112.596mWh
00:03:07.845 > [BENCH] IDLE | t_inference_us=0 | heap=0.4kB/105.8kB (min=105.4kB, biggest=105.4kB) | arena=2.6kB | V_bus=4.932V I_bus=57.9mA P_bus=285.9mW E_total_accum=112.756mWh
00:03:09.863 > [BENCH] IDLE | t_inference_us=0 | heap=0.4kB/105.8kB (min=105.4kB, biggest=105.4kB) | arena=2.6kB | V_bus=4.936V I_bus=57.8mA P_bus=285.3mW E_total_accum=112.916mWh
00:03:11.891 > [BENCH] IDLE | t_inference_us=0 | heap=0.4kB/105.8kB (min=105.4kB, biggest=105.4kB) | arena=2.6kB | V_bus=4.928V I_bus=58.1mA P_bus=286.7mW E_total_accum=113.077mWh
00:03:13.904 > [BENCH] IDLE | t_inference_us=0 | heap=0.4kB/105.8kB (min=105.4kB, biggest=105.4kB) | arena=2.6kB | V_bus=4.928V I_bus=58.0mA P_bus=286.3mW E_total_accum=113.237mWh
00:03:15.931 > [BENCH] IDLE | t_inference_us=0 | heap=0.4kB/105.8kB (min=105.4kB, biggest=105.4kB) | arena=2.6kB | V_bus=4.932V I_bus=58.0mA P_bus=286.1mW E_total_accum=113.398mWh
00:03:17.953 > [BENCH] IDLE | t_inference_us=0 | heap=0.4kB/105.8kB (min=105.4kB, biggest=105.4kB) | arena=2.6kB | V_bus=4.928V I_bus=57.9mA P_bus=285.3mW E_total_accum=113.558mWh
00:03:19.971 > [BENCH] IDLE | t_inference_us=0 | heap=0.4kB/105.8kB (min=105.4kB, biggest=105.4kB) | arena=2.6kB | V_bus=4.924V I_bus=58.0mA P_bus=285.8mW E_total_accum=113.718mWh
00:03:21.995 > [BENCH] IDLE | t_inference_us=0 | heap=0.4kB/105.8kB (min=105.4kB, biggest=105.4kB) | arena=2.6kB | V_bus=4.928V I_bus=57.8mA P_bus=284.7mW E_total_accum=113.878mWh
00:03:24.018 > [BENCH] IDLE | t_inference_us=0 | heap=0.4kB/105.8kB (min=105.4kB, biggest=105.4kB) | arena=2.6kB | V_bus=4.928V I_bus=57.5mA P_bus=283.6mW E_total_accum=114.036mWh
00:03:26.029 > [BENCH] IDLE | t_inference_us=0 | heap=0.4kB/105.8kB (min=105.4kB, biggest=105.4kB) | arena=2.6kB | V_bus=4.920V I_bus=57.8mA P_bus=284.7mW E_total_accum=114.196mWh
00:03:28.060 > [BENCH] IDLE | t_inference_us=0 | heap=0.4kB/105.8kB (min=105.4kB, biggest=105.4kB) | arena=2.6kB | V_bus=4.928V I_bus=57.6mA P_bus=283.7mW E_total_accum=114.355mWh
00:03:30.077 > [BENCH] IDLE | t_inference_us=0 | heap=0.4kB/105.8kB (min=105.4kB, biggest=105.4kB) | arena=2.6kB | V_bus=4.932V I_bus=57.5mA P_bus=283.2mW E_total_accum=114.514mWh
00:03:32.111 > [BENCH] IDLE | t_inference_us=0 | heap=0.4kB/105.8kB (min=105.4kB, biggest=105.4kB) | arena=2.6kB | V_bus=4.932V I_bus=57.4mA P_bus=282.9mW E_total_accum=114.673mWh
00:03:34.125 > [BENCH] IDLE | t_inference_us=0 | heap=0.4kB/105.8kB (min=105.4kB, biggest=105.4kB) | arena=2.6kB | V_bus=4.936V I_bus=57.3mA P_bus=282.3mW E_total_accum=114.831mWh
00:03:36.158 > [BENCH] IDLE | t_inference_us=0 | heap=0.4kB/105.8kB (min=105.4kB, biggest=105.4kB) | arena=2.6kB | V_bus=4.924V I_bus=57.5mA P_bus=283.2mW E_total_accum=114.990mWh
00:03:38.179 > [BENCH] IDLE | t_inference_us=0 | heap=0.4kB/105.8kB (min=105.4kB, biggest=105.4kB) | arena=2.6kB | V_bus=4.932V I_bus=57.3mA P_bus=282.3mW E_total_accum=115.148mWh
00:03:40.191 > [BENCH] IDLE | t_inference_us=0 | heap=0.4kB/105.8kB (min=105.4kB, biggest=105.4kB) | arena=2.6kB | V_bus=4.932V I_bus=57.3mA P_bus=282.3mW E_total_accum=115.307mWh
00:03:42.206 > [BENCH] IDLE | t_inference_us=0 | heap=0.4kB/105.8kB (min=105.4kB, biggest=105.4kB) | arena=2.6kB | V_bus=4.924V I_bus=57.5mA P_bus=283.6mW E_total_accum=115.465mWh
00:03:44.245 > [BENCH] IDLE | t_inference_us=0 | heap=0.4kB/105.8kB (min=105.4kB, biggest=105.4kB) | arena=2.6kB | V_bus=4.928V I_bus=57.4mA P_bus=282.9mW E_total_accum=115.624mWh
00:03:46.270 > [BENCH] IDLE | t_inference_us=0 | heap=0.4kB/105.8kB (min=105.4kB, biggest=105.4kB) | arena=2.6kB | V_bus=4.924V I_bus=57.5mA P_bus=283.2mW E_total_accum=115.783mWh
00:03:48.206 > 
00:03:48.206 > [EVENT] type=HOUR  Tin=27.90 Hin=55.16 Tout=28.70 Hout=77.20
00:03:48.212 > [infer] warmup: window 23/24 - (Invoke NOT executed)
00:03:48.542 > [SENSORS] Health IN ok=678 err=0 reinit=0 pwr=0 | OUT ok=678 err=0 reinit=0 pwr=0
00:03:49.720 > [BENCH] IDLE | t_inference_us=0 | heap=0.4kB/105.8kB (min=105.4kB, biggest=105.4kB) | arena=2.6kB | V_bus=4.948V I_bus=58.5mA P_bus=288.6mW E_total_accum=116.057mWh
00:03:51.737 > [BENCH] IDLE | t_inference_us=0 | heap=0.4kB/105.8kB (min=105.4kB, biggest=105.4kB) | arena=2.6kB | V_bus=4.924V I_bus=58.5mA P_bus=288.5mW E_total_accum=116.218mWh
00:03:53.755 > [BENCH] IDLE | t_inference_us=0 | heap=0.4kB/105.8kB (min=105.4kB, biggest=105.4kB) | arena=2.6kB | V_bus=4.928V I_bus=58.2mA P_bus=287.1mW E_total_accum=116.379mWh
00:03:55.772 > [BENCH] IDLE | t_inference_us=0 | heap=0.4kB/105.8kB (min=105.4kB, biggest=105.4kB) | arena=2.6kB | V_bus=4.932V I_bus=57.9mA P_bus=285.4mW E_total_accum=116.539mWh
00:03:57.810 > [BENCH] IDLE | t_inference_us=0 | heap=0.4kB/105.8kB (min=105.4kB, biggest=105.4kB) | arena=2.6kB | V_bus=4.916V I_bus=58.0mA P_bus=285.9mW E_total_accum=116.700mWh
00:03:59.819 > [BENCH] IDLE | t_inference_us=0 | heap=0.4kB/105.8kB (min=105.4kB, biggest=105.4kB) | arena=2.6kB | V_bus=4.924V I_bus=57.8mA P_bus=284.6mW E_total_accum=116.859mWh
00:04:01.851 > [BENCH] IDLE | t_inference_us=0 | heap=0.4kB/105.8kB (min=105.4kB, biggest=105.4kB) | arena=2.6kB | V_bus=4.928V I_bus=57.5mA P_bus=283.5mW E_total_accum=117.018mWh
00:04:03.869 > [BENCH] IDLE | t_inference_us=0 | heap=0.4kB/105.8kB (min=105.4kB, biggest=105.4kB) | arena=2.6kB | V_bus=4.928V I_bus=57.7mA P_bus=284.1mW E_total_accum=117.177mWh
00:04:05.887 > [BENCH] IDLE | t_inference_us=0 | heap=0.4kB/105.8kB (min=105.4kB, biggest=105.4kB) | arena=2.6kB | V_bus=4.924V I_bus=57.5mA P_bus=283.4mW E_total_accum=117.336mWh
00:04:07.920 > [BENCH] IDLE | t_inference_us=0 | heap=0.4kB/105.8kB (min=105.4kB, biggest=105.4kB) | arena=2.6kB | V_bus=4.928V I_bus=57.4mA P_bus=282.9mW E_total_accum=117.495mWh
00:04:09.935 > [BENCH] IDLE | t_inference_us=0 | heap=0.4kB/105.8kB (min=105.4kB, biggest=105.4kB) | arena=2.6kB | V_bus=4.924V I_bus=57.6mA P_bus=283.8mW E_total_accum=117.654mWh
00:04:11.974 > [BENCH] IDLE | t_inference_us=0 | heap=0.4kB/105.8kB (min=105.4kB, biggest=105.4kB) | arena=2.6kB | V_bus=4.932V I_bus=57.4mA P_bus=282.8mW E_total_accum=117.813mWh
00:04:13.984 > [BENCH] IDLE | t_inference_us=0 | heap=0.4kB/105.8kB (min=105.4kB, biggest=105.4kB) | arena=2.6kB | V_bus=4.932V I_bus=57.3mA P_bus=282.2mW E_total_accum=117.971mWh
00:04:16.018 > [BENCH] IDLE | t_inference_us=0 | heap=0.4kB/105.8kB (min=105.4kB, biggest=105.4kB) | arena=2.6kB | V_bus=4.924V I_bus=57.4mA P_bus=283.1mW E_total_accum=118.130mWh
00:04:18.034 > [BENCH] IDLE | t_inference_us=0 | heap=0.4kB/105.8kB (min=105.4kB, biggest=105.4kB) | arena=2.6kB | V_bus=4.928V I_bus=57.3mA P_bus=282.4mW E_total_accum=118.288mWh
00:04:20.062 > [BENCH] IDLE | t_inference_us=0 | heap=0.4kB/105.8kB (min=105.4kB, biggest=105.4kB) | arena=2.6kB | V_bus=4.932V I_bus=57.2mA P_bus=282.0mW E_total_accum=118.446mWh
00:04:22.081 > [BENCH] IDLE | t_inference_us=0 | heap=0.4kB/105.8kB (min=105.4kB, biggest=105.4kB) | arena=2.6kB | V_bus=4.928V I_bus=57.5mA P_bus=283.6mW E_total_accum=118.606mWh
00:04:24.100 > [BENCH] IDLE | t_inference_us=0 | heap=0.4kB/105.8kB (min=105.4kB, biggest=105.4kB) | arena=2.6kB | V_bus=4.932V I_bus=57.4mA P_bus=282.9mW E_total_accum=118.764mWh
00:04:26.134 > [BENCH] IDLE | t_inference_us=0 | heap=0.4kB/105.8kB (min=105.4kB, biggest=105.4kB) | arena=2.6kB | V_bus=4.932V I_bus=57.5mA P_bus=283.6mW E_total_accum=118.923mWh
00:04:28.149 > [BENCH] IDLE | t_inference_us=0 | heap=0.4kB/105.8kB (min=105.4kB, biggest=105.4kB) | arena=2.6kB | V_bus=4.928V I_bus=57.4mA P_bus=282.9mW E_total_accum=119.082mWh
00:04:30.166 > [BENCH] IDLE | t_inference_us=0 | heap=0.4kB/105.8kB (min=105.4kB, biggest=105.4kB) | arena=2.6kB | V_bus=4.924V I_bus=57.6mA P_bus=283.9mW E_total_accum=119.241mWh
00:04:32.177 > [BENCH] IDLE | t_inference_us=0 | heap=0.4kB/105.8kB (min=105.4kB, biggest=105.4kB) | arena=2.6kB | V_bus=4.928V I_bus=57.8mA P_bus=284.6mW E_total_accum=119.400mWh
00:04:34.211 > [BENCH] IDLE | t_inference_us=0 | heap=0.4kB/105.8kB (min=105.4kB, biggest=105.4kB) | arena=2.6kB | V_bus=4.932V I_bus=57.6mA P_bus=283.9mW E_total_accum=119.559mWh
00:04:36.230 > [BENCH] IDLE | t_inference_us=0 | heap=0.4kB/105.8kB (min=105.4kB, biggest=105.4kB) | arena=2.6kB | V_bus=4.936V I_bus=57.4mA P_bus=283.2mW E_total_accum=119.718mWh
00:04:38.246 > [BENCH] IDLE | t_inference_us=0 | heap=0.4kB/105.8kB (min=105.4kB, biggest=105.4kB) | arena=2.6kB | V_bus=4.924V I_bus=57.7mA P_bus=284.3mW E_total_accum=119.878mWh
00:04:40.285 > [BENCH] IDLE | t_inference_us=0 | heap=0.4kB/105.8kB (min=105.4kB, biggest=105.4kB) | arena=2.6kB | V_bus=4.932V I_bus=57.5mA P_bus=283.3mW E_total_accum=120.037mWh
00:04:42.305 > [BENCH] IDLE | t_inference_us=0 | heap=0.4kB/105.8kB (min=105.4kB, biggest=105.4kB) | arena=2.6kB | V_bus=4.932V I_bus=57.3mA P_bus=282.4mW E_total_accum=120.195mWh
00:04:44.326 > [BENCH] IDLE | t_inference_us=0 | heap=0.4kB/105.8kB (min=105.4kB, biggest=105.4kB) | arena=2.6kB | V_bus=4.928V I_bus=57.5mA P_bus=283.3mW E_total_accum=120.354mWh
00:04:46.343 > [BENCH] IDLE | t_inference_us=0 | heap=0.4kB/105.8kB (min=105.4kB, biggest=105.4kB) | arena=2.6kB | V_bus=4.932V I_bus=57.9mA P_bus=285.3mW E_total_accum=120.514mWh
00:04:48.327 > 
00:04:48.327 > [EVENT] type=HOUR  Tin=27.40 Hin=55.03 Tout=28.70 Hout=77.80
00:04:48.341 > [infer] REAL - Invoke executed (model ran)
00:04:48.343 > 
00:04:48.343 > [PWR] infer | E_inference_window(ΔE_total)=0.633µWh (E0=120.670593mWh E1=120.671227mWh) | E_inference_pipeline(ΔE_total)=0.931µWh (E0=120.670403mWh E1=120.671333mWh) | t_inference=6.559ms | t_inference_pipeline=11.700ms | E_total_accum=120.671mWh
00:04:48.367 > [BENCH] INFER_HOURLY | t_inference_us=6559 | heap=0.4kB/105.9kB (min=103.3kB, biggest=105.5kB) | arena=2.6kB | V_bus=4.940V I_bus=58.1mA P_bus=286.4mW E_total_accum=120.671mWh
00:04:48.383 > [HOUR] Tin=27.40 Hin=55.03 | Tp=27.86 Hp=55.13
00:04:48.383 > [HOUR] SAMPLES | N_ALL=1 N_T=1 N_H=1
00:04:48.387 > [HOUR] METRICS | MAE=nan RMSE=nan R2=NA | MAE_T=nan RMSE_T=nan R2_T=NA | MAE_H=nan RMSE_H=nan R2_H=NA
00:04:48.674 > [SENSORS] Health IN ok=706 err=0 reinit=0 pwr=0 | OUT ok=706 err=0 reinit=0 pwr=0
00:04:50.411 > [BENCH] IDLE | t_inference_us=0 | heap=0.4kB/105.8kB (min=103.3kB, biggest=105.4kB) | arena=2.6kB | V_bus=4.932V I_bus=57.8mA P_bus=285.2mW E_total_accum=120.835mWh
00:04:52.428 > [BENCH] IDLE | t_inference_us=0 | heap=0.4kB/105.8kB (min=103.3kB, biggest=105.4kB) | arena=2.6kB | V_bus=4.924V I_bus=57.9mA P_bus=285.5mW E_total_accum=120.995mWh
00:04:54.455 > [BENCH] IDLE | t_inference_us=0 | heap=0.4kB/105.8kB (min=103.3kB, biggest=105.4kB) | arena=2.6kB | V_bus=4.932V I_bus=57.7mA P_bus=284.7mW E_total_accum=121.155mWh
00:04:56.473 > [BENCH] IDLE | t_inference_us=0 | heap=0.4kB/105.8kB (min=103.3kB, biggest=105.4kB) | arena=2.6kB | V_bus=4.928V I_bus=57.5mA P_bus=283.5mW E_total_accum=121.313mWh
00:04:58.491 > [BENCH] IDLE | t_inference_us=0 | heap=0.4kB/105.8kB (min=103.3kB, biggest=105.4kB) | arena=2.6kB | V_bus=4.932V I_bus=57.5mA P_bus=283.3mW E_total_accum=121.472mWh
00:05:00.524 > [BENCH] IDLE | t_inference_us=0 | heap=0.4kB/105.8kB (min=103.3kB, biggest=105.4kB) | arena=2.6kB | V_bus=4.924V I_bus=57.4mA P_bus=283.0mW E_total_accum=121.631mWh
00:05:02.541 > [BENCH] IDLE | t_inference_us=0 | heap=0.4kB/105.8kB (min=103.3kB, biggest=105.4kB) | arena=2.6kB | V_bus=4.932V I_bus=57.3mA P_bus=282.3mW E_total_accum=121.789mWh
00:05:04.572 > [BENCH] IDLE | t_inference_us=0 | heap=0.4kB/105.8kB (min=103.3kB, biggest=105.4kB) | arena=2.6kB | V_bus=4.932V I_bus=57.4mA P_bus=283.0mW E_total_accum=121.948mWh
00:05:06.587 > [BENCH] IDLE | t_inference_us=0 | heap=0.4kB/105.8kB (min=103.3kB, biggest=105.4kB) | arena=2.6kB | V_bus=4.932V I_bus=58.0mA P_bus=285.8mW E_total_accum=122.108mWh
00:05:08.605 > [BENCH] IDLE | t_inference_us=0 | heap=0.4kB/105.8kB (min=103.3kB, biggest=105.4kB) | arena=2.6kB | V_bus=4.932V I_bus=58.2mA P_bus=286.9mW E_total_accum=122.269mWh
00:05:10.623 > [BENCH] IDLE | t_inference_us=0 | heap=0.4kB/105.8kB (min=103.3kB, biggest=105.4kB) | arena=2.6kB | V_bus=4.932V I_bus=58.2mA P_bus=287.2mW E_total_accum=122.430mWh
00:05:12.651 > [BENCH] IDLE | t_inference_us=0 | heap=0.4kB/105.8kB (min=103.3kB, biggest=105.4kB) | arena=2.6kB | V_bus=4.924V I_bus=58.2mA P_bus=286.9mW E_total_accum=122.591mWh
00:05:14.674 > [BENCH] IDLE | t_inference_us=0 | heap=0.4kB/105.8kB (min=103.3kB, biggest=105.4kB) | arena=2.6kB | V_bus=4.932V I_bus=57.9mA P_bus=285.3mW E_total_accum=122.751mWh
00:05:16.687 > [BENCH] IDLE | t_inference_us=0 | heap=0.4kB/105.8kB (min=103.3kB, biggest=105.4kB) | arena=2.6kB | V_bus=4.936V I_bus=57.7mA P_bus=284.6mW E_total_accum=122.910mWh
00:05:18.723 > [BENCH] IDLE | t_inference_us=0 | heap=0.4kB/105.8kB (min=103.3kB, biggest=105.4kB) | arena=2.6kB | V_bus=4.928V I_bus=57.8mA P_bus=284.9mW E_total_accum=123.070mWh
00:05:20.737 > [BENCH] IDLE | t_inference_us=0 | heap=0.4kB/105.8kB (min=103.3kB, biggest=105.4kB) | arena=2.6kB | V_bus=4.936V I_bus=57.9mA P_bus=285.7mW E_total_accum=123.230mWh
00:05:22.766 > [BENCH] IDLE | t_inference_us=0 | heap=0.4kB/105.8kB (min=103.3kB, biggest=105.4kB) | arena=2.6kB | V_bus=4.940V I_bus=57.9mA P_bus=285.5mW E_total_accum=123.391mWh
00:05:24.786 > [BENCH] IDLE | t_inference_us=0 | heap=0.4kB/105.8kB (min=103.3kB, biggest=105.4kB) | arena=2.6kB | V_bus=4.936V I_bus=58.1mA P_bus=286.6mW E_total_accum=123.551mWh
00:05:26.801 > [BENCH] IDLE | t_inference_us=0 | heap=0.4kB/105.8kB (min=103.3kB, biggest=105.4kB) | arena=2.6kB | V_bus=4.924V I_bus=58.1mA P_bus=286.6mW E_total_accum=123.712mWh
00:05:28.834 > [BENCH] IDLE | t_inference_us=0 | heap=0.4kB/105.8kB (min=103.3kB, biggest=105.4kB) | arena=2.6kB | V_bus=4.932V I_bus=57.8mA P_bus=285.2mW E_total_accum=123.872mWh
00:05:30.849 > [BENCH] IDLE | t_inference_us=0 | heap=0.4kB/105.8kB (min=103.3kB, biggest=105.4kB) | arena=2.6kB | V_bus=4.924V I_bus=57.9mA P_bus=285.7mW E_total_accum=124.032mWh
00:05:32.869 > [BENCH] IDLE | t_inference_us=0 | heap=0.4kB/105.8kB (min=103.3kB, biggest=105.4kB) | arena=2.6kB | V_bus=4.936V I_bus=57.7mA P_bus=284.6mW E_total_accum=124.192mWh
00:05:34.901 > [BENCH] IDLE | t_inference_us=0 | heap=0.4kB/105.8kB (min=103.3kB, biggest=105.4kB) | arena=2.6kB | V_bus=4.940V I_bus=57.9mA P_bus=285.4mW E_total_accum=124.352mWh
00:05:36.919 > [BENCH] IDLE | t_inference_us=0 | heap=0.4kB/105.8kB (min=103.3kB, biggest=105.4kB) | arena=2.6kB | V_bus=4.932V I_bus=58.1mA P_bus=286.6mW E_total_accum=124.512mWh
00:05:38.949 > [BENCH] IDLE | t_inference_us=0 | heap=0.4kB/105.8kB (min=103.3kB, biggest=105.4kB) | arena=2.6kB | V_bus=4.940V I_bus=57.9mA P_bus=285.9mW E_total_accum=124.673mWh
00:05:40.966 > [BENCH] IDLE | t_inference_us=0 | heap=0.4kB/105.8kB (min=103.3kB, biggest=105.4kB) | arena=2.6kB | V_bus=4.932V I_bus=58.1mA P_bus=286.8mW E_total_accum=124.834mWh
00:05:42.983 > [BENCH] IDLE | t_inference_us=0 | heap=0.4kB/105.8kB (min=103.3kB, biggest=105.4kB) | arena=2.6kB | V_bus=4.928V I_bus=57.9mA P_bus=285.6mW E_total_accum=124.994mWh
00:05:45.015 > [BENCH] IDLE | t_inference_us=0 | heap=0.4kB/105.8kB (min=103.3kB, biggest=105.4kB) | arena=2.6kB | V_bus=4.928V I_bus=57.6mA P_bus=284.3mW E_total_accum=125.153mWh
00:05:47.034 > [BENCH] IDLE | t_inference_us=0 | heap=0.4kB/105.8kB (min=103.3kB, biggest=105.4kB) | arena=2.6kB | V_bus=4.928V I_bus=57.8mA P_bus=284.9mW E_total_accum=125.313mWh
00:05:48.446 > 
00:05:48.446 > [EVENT] type=HOUR  Tin=26.30 Hin=56.70 Tout=28.60 Hout=77.70
00:05:48.464 > [infer] REAL - Invoke executed (model ran)
00:05:48.467 > 
00:05:48.467 > [PWR] infer | E_inference_window(ΔE_total)=0.626µWh (E0=125.424721mWh E1=125.425346mWh) | E_inference_pipeline(ΔE_total)=0.908µWh (E0=125.424545mWh E1=125.425453mWh) | t_inference=6.562ms | t_inference_pipeline=11.596ms | E_total_accum=125.425mWh
00:05:48.489 > [BENCH] INFER_HOURLY | t_inference_us=6562 | heap=0.4kB/105.9kB (min=103.3kB, biggest=105.5kB) | arena=2.6kB | V_bus=4.932V I_bus=57.8mA P_bus=285.3mW E_total_accum=125.425mWh
00:05:48.505 > [HOUR] Tin=26.30 Hin=56.70 | Tp=27.36 Hp=54.99
00:05:48.508 > [HOUR] SAMPLES | N_ALL=2 N_T=2 N_H=2
00:05:48.512 > [HOUR] METRICS | MAE=nan RMSE=nan R2=NA | MAE_T=nan RMSE_T=nan R2_T=NA | MAE_H=nan RMSE_H=nan R2_H=NA
00:05:48.800 > [SENSORS] Health IN ok=734 err=0 reinit=0 pwr=0 | OUT ok=734 err=0 reinit=0 pwr=0
00:05:50.531 > [BENCH] IDLE | t_inference_us=0 | heap=0.4kB/105.8kB (min=103.3kB, biggest=105.4kB) | arena=2.6kB | V_bus=4.936V I_bus=57.9mA P_bus=285.7mW E_total_accum=125.590mWh
00:05:52.548 > [BENCH] IDLE | t_inference_us=0 | heap=0.4kB/105.8kB (min=103.3kB, biggest=105.4kB) | arena=2.6kB | V_bus=4.940V I_bus=57.9mA P_bus=285.7mW E_total_accum=125.750mWh
00:05:54.584 > [BENCH] IDLE | t_inference_us=0 | heap=0.4kB/105.8kB (min=103.3kB, biggest=105.4kB) | arena=2.6kB | V_bus=4.928V I_bus=58.2mA P_bus=287.0mW E_total_accum=125.911mWh
00:05:56.609 > [BENCH] IDLE | t_inference_us=0 | heap=0.4kB/105.8kB (min=103.3kB, biggest=105.4kB) | arena=2.6kB | V_bus=4.936V I_bus=58.0mA P_bus=286.1mW E_total_accum=126.071mWh
00:05:58.631 > [BENCH] IDLE | t_inference_us=0 | heap=0.4kB/105.8kB (min=103.3kB, biggest=105.4kB) | arena=2.6kB | V_bus=4.936V I_bus=57.7mA P_bus=284.8mW E_total_accum=126.231mWh
00:06:00.653 > [BENCH] IDLE | t_inference_us=0 | heap=0.4kB/105.8kB (min=103.3kB, biggest=105.4kB) | arena=2.6kB | V_bus=4.928V I_bus=57.9mA P_bus=285.8mW E_total_accum=126.391mWh
00:06:02.675 > [BENCH] IDLE | t_inference_us=0 | heap=0.4kB/105.8kB (min=103.3kB, biggest=105.4kB) | arena=2.6kB | V_bus=4.936V I_bus=57.7mA P_bus=284.9mW E_total_accum=126.551mWh
00:06:04.695 > [BENCH] IDLE | t_inference_us=0 | heap=0.4kB/105.8kB (min=103.3kB, biggest=105.4kB) | arena=2.6kB | V_bus=4.932V I_bus=57.5mA P_bus=283.9mW E_total_accum=126.710mWh
00:06:06.721 > [BENCH] IDLE | t_inference_us=0 | heap=0.4kB/105.8kB (min=103.3kB, biggest=105.4kB) | arena=2.6kB | V_bus=4.924V I_bus=57.7mA P_bus=284.5mW E_total_accum=126.870mWh
00:06:08.746 > [BENCH] IDLE | t_inference_us=0 | heap=0.4kB/105.8kB (min=103.3kB, biggest=105.4kB) | arena=2.6kB | V_bus=4.932V I_bus=58.1mA P_bus=286.4mW E_total_accum=127.030mWh
00:06:10.757 > [BENCH] IDLE | t_inference_us=0 | heap=0.4kB/105.8kB (min=103.3kB, biggest=105.4kB) | arena=2.6kB | V_bus=4.940V I_bus=57.8mA P_bus=284.9mW E_total_accum=127.190mWh
00:06:12.792 > [BENCH] IDLE | t_inference_us=0 | heap=0.4kB/105.8kB (min=103.3kB, biggest=105.4kB) | arena=2.6kB | V_bus=4.936V I_bus=57.6mA P_bus=284.1mW E_total_accum=127.350mWh
00:06:14.810 > [BENCH] IDLE | t_inference_us=0 | heap=0.4kB/105.8kB (min=103.3kB, biggest=105.4kB) | arena=2.6kB | V_bus=4.924V I_bus=57.7mA P_bus=284.8mW E_total_accum=127.509mWh
00:06:16.826 > [BENCH] IDLE | t_inference_us=0 | heap=0.4kB/105.8kB (min=103.3kB, biggest=105.4kB) | arena=2.6kB | V_bus=4.932V I_bus=57.8mA P_bus=285.0mW E_total_accum=127.669mWh
00:06:18.844 > [BENCH] IDLE | t_inference_us=0 | heap=0.4kB/105.8kB (min=103.3kB, biggest=105.4kB) | arena=2.6kB | V_bus=4.924V I_bus=57.8mA P_bus=285.0mW E_total_accum=127.828mWh
00:06:20.875 > [BENCH] IDLE | t_inference_us=0 | heap=0.4kB/105.8kB (min=103.3kB, biggest=105.4kB) | arena=2.6kB | V_bus=4.940V I_bus=57.7mA P_bus=284.5mW E_total_accum=127.988mWh
00:06:22.894 > [BENCH] IDLE | t_inference_us=0 | heap=0.4kB/105.8kB (min=103.3kB, biggest=105.4kB) | arena=2.6kB | V_bus=4.932V I_bus=57.5mA P_bus=283.7mW E_total_accum=128.147mWh
00:06:24.907 > [BENCH] IDLE | t_inference_us=0 | heap=0.4kB/105.8kB (min=103.3kB, biggest=105.4kB) | arena=2.6kB | V_bus=4.924V I_bus=57.7mA P_bus=284.3mW E_total_accum=128.306mWh
00:06:26.926 > [BENCH] IDLE | t_inference_us=0 | heap=0.4kB/105.8kB (min=103.3kB, biggest=105.4kB) | arena=2.6kB | V_bus=4.932V I_bus=58.0mA P_bus=286.0mW E_total_accum=128.467mWh
00:06:28.962 > [BENCH] IDLE | t_inference_us=0 | heap=0.4kB/105.8kB (min=103.3kB, biggest=105.4kB) | arena=2.6kB | V_bus=4.936V I_bus=57.9mA P_bus=285.6mW E_total_accum=128.627mWh
00:06:30.986 > [BENCH] IDLE | t_inference_us=0 | heap=0.4kB/105.8kB (min=103.3kB, biggest=105.4kB) | arena=2.6kB | V_bus=4.936V I_bus=57.7mA P_bus=284.6mW E_total_accum=128.787mWh
00:06:33.005 > [BENCH] IDLE | t_inference_us=0 | heap=0.4kB/105.8kB (min=103.3kB, biggest=105.4kB) | arena=2.6kB | V_bus=4.928V I_bus=58.0mA P_bus=286.2mW E_total_accum=128.947mWh
00:06:35.030 > [BENCH] IDLE | t_inference_us=0 | heap=0.4kB/105.8kB (min=103.3kB, biggest=105.4kB) | arena=2.6kB | V_bus=4.940V I_bus=57.8mA P_bus=284.9mW E_total_accum=129.107mWh
00:06:37.055 > [BENCH] IDLE | t_inference_us=0 | heap=0.4kB/105.8kB (min=103.3kB, biggest=105.4kB) | arena=2.6kB | V_bus=4.936V I_bus=57.5mA P_bus=283.9mW E_total_accum=129.266mWh
00:06:39.072 > [BENCH] IDLE | t_inference_us=0 | heap=0.4kB/105.8kB (min=103.3kB, biggest=105.4kB) | arena=2.6kB | V_bus=4.932V I_bus=57.9mA P_bus=285.7mW E_total_accum=129.426mWh
00:06:41.097 > [BENCH] IDLE | t_inference_us=0 | heap=0.4kB/105.8kB (min=103.3kB, biggest=105.4kB) | arena=2.6kB | V_bus=4.928V I_bus=57.8mA P_bus=285.3mW E_total_accum=129.586mWh
00:06:43.121 > [BENCH] IDLE | t_inference_us=0 | heap=0.4kB/105.8kB (min=103.3kB, biggest=105.4kB) | arena=2.6kB | V_bus=4.936V I_bus=57.6mA P_bus=284.3mW E_total_accum=129.746mWh
00:06:45.135 > [BENCH] IDLE | t_inference_us=0 | heap=0.4kB/105.8kB (min=103.3kB, biggest=105.4kB) | arena=2.6kB | V_bus=4.932V I_bus=58.1mA P_bus=286.4mW E_total_accum=129.907mWh
00:06:47.171 > [BENCH] IDLE | t_inference_us=0 | heap=0.4kB/105.8kB (min=103.3kB, biggest=105.4kB) | arena=2.6kB | V_bus=4.928V I_bus=58.0mA P_bus=286.0mW E_total_accum=130.067mWh
00:06:48.538 > 
00:06:48.538 > [EVENT] type=HOUR  Tin=25.60 Hin=57.40 Tout=28.60 Hout=77.90
00:06:48.559 > [infer] REAL - Invoke executed (model ran)
00:06:48.562 > 
00:06:48.562 > [PWR] infer | E_inference_window(ΔE_total)=0.641µWh (E0=130.176743mWh E1=130.177383mWh) | E_inference_pipeline(ΔE_total)=0.931µWh (E0=130.176559mWh E1=130.177490mWh) | t_inference=6.566ms | t_inference_pipeline=11.599ms | E_total_accum=130.177mWh
00:06:48.584 > [BENCH] INFER_HOURLY | t_inference_us=6566 | heap=0.4kB/105.9kB (min=103.3kB, biggest=105.5kB) | arena=2.6kB | V_bus=4.936V I_bus=58.4mA P_bus=288.4mW E_total_accum=130.177mWh
00:06:48.601 > [HOUR] Tin=25.60 Hin=57.40 | Tp=26.26 Hp=56.66
00:06:48.604 > [HOUR] SAMPLES | N_ALL=3 N_T=3 N_H=3
00:06:48.608 > [HOUR] METRICS | MAE=nan RMSE=nan R2=NA | MAE_T=nan RMSE_T=nan R2_T=NA | MAE_H=nan RMSE_H=nan R2_H=NA
00:06:48.936 > [SENSORS] Health IN ok=763 err=0 reinit=0 pwr=0 | OUT ok=763 err=0 reinit=0 pwr=0
00:06:50.621 > [BENCH] IDLE | t_inference_us=0 | heap=0.4kB/105.8kB (min=103.3kB, biggest=105.4kB) | arena=2.6kB | V_bus=4.944V I_bus=58.4mA P_bus=288.4mW E_total_accum=130.343mWh
00:06:52.635 > [BENCH] IDLE | t_inference_us=0 | heap=0.4kB/105.8kB (min=103.3kB, biggest=105.4kB) | arena=2.6kB | V_bus=4.932V I_bus=58.1mA P_bus=286.6mW E_total_accum=130.503mWh
00:06:54.666 > [BENCH] IDLE | t_inference_us=0 | heap=0.4kB/105.8kB (min=103.3kB, biggest=105.4kB) | arena=2.6kB | V_bus=4.936V I_bus=58.0mA P_bus=286.5mW E_total_accum=130.664mWh
00:06:56.685 > [BENCH] IDLE | t_inference_us=0 | heap=0.4kB/105.8kB (min=103.3kB, biggest=105.4kB) | arena=2.6kB | V_bus=4.932V I_bus=58.2mA P_bus=287.3mW E_total_accum=130.825mWh
00:06:58.717 > [BENCH] IDLE | t_inference_us=0 | heap=0.4kB/105.8kB (min=103.3kB, biggest=105.4kB) | arena=2.6kB | V_bus=4.932V I_bus=57.9mA P_bus=285.7mW E_total_accum=130.985mWh
00:07:00.741 > [BENCH] IDLE | t_inference_us=0 | heap=0.4kB/105.8kB (min=103.3kB, biggest=105.4kB) | arena=2.6kB | V_bus=4.936V I_bus=58.2mA P_bus=287.1mW E_total_accum=131.146mWh
00:07:02.765 > [BENCH] IDLE | t_inference_us=0 | heap=0.4kB/105.8kB (min=103.3kB, biggest=105.4kB) | arena=2.6kB | V_bus=4.928V I_bus=58.1mA P_bus=286.8mW E_total_accum=131.307mWh
00:07:04.785 > [BENCH] IDLE | t_inference_us=0 | heap=0.4kB/105.8kB (min=103.3kB, biggest=105.4kB) | arena=2.6kB | V_bus=4.936V I_bus=57.8mA P_bus=285.3mW E_total_accum=131.467mWh
00:07:06.799 > [BENCH] IDLE | t_inference_us=0 | heap=0.4kB/105.8kB (min=103.3kB, biggest=105.4kB) | arena=2.6kB | V_bus=4.940V I_bus=57.7mA P_bus=284.6mW E_total_accum=131.627mWh
00:07:08.816 > [BENCH] IDLE | t_inference_us=0 | heap=0.4kB/105.8kB (min=103.3kB, biggest=105.4kB) | arena=2.6kB | V_bus=4.928V I_bus=57.7mA P_bus=284.9mW E_total_accum=131.786mWh
00:07:10.851 > [BENCH] IDLE | t_inference_us=0 | heap=0.4kB/105.8kB (min=103.3kB, biggest=105.4kB) | arena=2.6kB | V_bus=4.932V I_bus=57.9mA P_bus=285.4mW E_total_accum=131.946mWh
00:07:12.873 > [BENCH] IDLE | t_inference_us=0 | heap=0.4kB/105.8kB (min=103.3kB, biggest=105.4kB) | arena=2.6kB | V_bus=4.932V I_bus=57.7mA P_bus=284.5mW E_total_accum=132.106mWh
00:07:14.896 > [BENCH] IDLE | t_inference_us=0 | heap=0.4kB/105.8kB (min=103.3kB, biggest=105.4kB) | arena=2.6kB | V_bus=4.932V I_bus=58.0mA P_bus=286.1mW E_total_accum=132.266mWh
00:07:16.920 > [BENCH] IDLE | t_inference_us=0 | heap=0.4kB/105.8kB (min=103.3kB, biggest=105.4kB) | arena=2.6kB | V_bus=4.932V I_bus=57.9mA P_bus=285.5mW E_total_accum=132.426mWh
00:07:18.945 > [BENCH] IDLE | t_inference_us=0 | heap=0.4kB/105.8kB (min=103.3kB, biggest=105.4kB) | arena=2.6kB | V_bus=4.936V I_bus=57.6mA P_bus=284.4mW E_total_accum=132.586mWh
00:07:20.965 > [BENCH] IDLE | t_inference_us=0 | heap=0.4kB/105.8kB (min=103.3kB, biggest=105.4kB) | arena=2.6kB | V_bus=4.932V I_bus=57.8mA P_bus=285.2mW E_total_accum=132.746mWh
00:07:22.994 > [BENCH] IDLE | t_inference_us=0 | heap=0.4kB/105.8kB (min=103.3kB, biggest=105.4kB) | arena=2.6kB | V_bus=4.936V I_bus=57.5mA P_bus=283.9mW E_total_accum=132.905mWh
00:07:25.016 > [BENCH] IDLE | t_inference_us=0 | heap=0.4kB/105.8kB (min=103.3kB, biggest=105.4kB) | arena=2.6kB | V_bus=4.936V I_bus=57.8mA P_bus=285.3mW E_total_accum=133.065mWh
00:07:27.039 > [BENCH] IDLE | t_inference_us=0 | heap=0.4kB/105.8kB (min=103.3kB, biggest=105.4kB) | arena=2.6kB | V_bus=4.932V I_bus=57.6mA P_bus=284.1mW E_total_accum=133.224mWh
00:07:29.058 > [BENCH] IDLE | t_inference_us=0 | heap=0.4kB/105.8kB (min=103.3kB, biggest=105.4kB) | arena=2.6kB | V_bus=4.940V I_bus=57.5mA P_bus=284.0mW E_total_accum=133.383mWh
00:07:31.078 > [BENCH] IDLE | t_inference_us=0 | heap=0.4kB/105.8kB (min=103.3kB, biggest=105.4kB) | arena=2.6kB | V_bus=4.924V I_bus=57.7mA P_bus=284.5mW E_total_accum=133.543mWh
00:07:33.096 > [BENCH] IDLE | t_inference_us=0 | heap=0.4kB/105.8kB (min=103.3kB, biggest=105.4kB) | arena=2.6kB | V_bus=4.936V I_bus=57.9mA P_bus=285.8mW E_total_accum=133.703mWh
00:07:35.120 > [BENCH] IDLE | t_inference_us=0 | heap=0.4kB/105.8kB (min=103.3kB, biggest=105.4kB) | arena=2.6kB | V_bus=4.924V I_bus=57.8mA P_bus=285.2mW E_total_accum=133.863mWh
00:07:37.149 > [BENCH] IDLE | t_inference_us=0 | heap=0.4kB/105.8kB (min=103.3kB, biggest=105.4kB) | arena=2.6kB | V_bus=4.940V I_bus=57.7mA P_bus=284.6mW E_total_accum=134.023mWh
00:07:39.159 > [BENCH] IDLE | t_inference_us=0 | heap=0.4kB/105.8kB (min=103.3kB, biggest=105.4kB) | arena=2.6kB | V_bus=4.924V I_bus=57.8mA P_bus=285.0mW E_total_accum=134.182mWh
00:07:41.195 > [BENCH] IDLE | t_inference_us=0 | heap=0.4kB/105.8kB (min=103.3kB, biggest=105.4kB) | arena=2.6kB | V_bus=4.936V I_bus=57.8mA P_bus=285.3mW E_total_accum=134.342mWh
00:07:43.211 > [BENCH] IDLE | t_inference_us=0 | heap=0.4kB/105.8kB (min=103.3kB, biggest=105.4kB) | arena=2.6kB | V_bus=4.928V I_bus=57.7mA P_bus=284.4mW E_total_accum=134.502mWh
00:07:45.243 > [BENCH] IDLE | t_inference_us=0 | heap=0.4kB/105.8kB (min=103.3kB, biggest=105.4kB) | arena=2.6kB | V_bus=4.932V I_bus=58.1mA P_bus=286.7mW E_total_accum=134.663mWh
00:07:47.263 > [BENCH] IDLE | t_inference_us=0 | heap=0.4kB/105.8kB (min=103.3kB, biggest=105.4kB) | arena=2.6kB | V_bus=4.924V I_bus=57.9mA P_bus=285.6mW E_total_accum=134.823mWh
00:07:48.673 > 
00:07:48.673 > [EVENT] type=HOUR  Tin=25.20 Hin=57.66 Tout=28.60 Hout=77.80
00:07:48.689 > [infer] REAL - Invoke executed (model ran)
00:07:48.698 > 
00:07:48.698 > [PWR] infer | E_inference_window(ΔE_total)=0.641µWh (E0=134.935425mWh E1=134.936066mWh) | E_inference_pipeline(ΔE_total)=0.931µWh (E0=134.935242mWh E1=134.936172mWh) | t_inference=6.562ms | t_inference_pipeline=11.596ms | E_total_accum=134.936mWh
00:07:48.722 > [BENCH] INFER_HOURLY | t_inference_us=6562 | heap=0.4kB/105.9kB (min=103.3kB, biggest=105.5kB) | arena=2.6kB | V_bus=4.932V I_bus=58.3mA P_bus=287.9mW E_total_accum=134.936mWh
00:07:48.737 > [HOUR] Tin=25.20 Hin=57.66 | Tp=25.56 Hp=57.37
00:07:48.741 > [HOUR] SAMPLES | N_ALL=4 N_T=4 N_H=4
00:07:48.744 > [HOUR] METRICS | MAE=nan RMSE=nan R2=NA | MAE_T=nan RMSE_T=nan R2_T=NA | MAE_H=nan RMSE_H=nan R2_H=NA
00:07:49.066 > [SENSORS] Health IN ok=791 err=0 reinit=0 pwr=0 | OUT ok=791 err=0 reinit=0 pwr=0
00:07:50.757 > [BENCH] IDLE | t_inference_us=0 | heap=0.4kB/105.8kB (min=103.3kB, biggest=105.4kB) | arena=2.6kB | V_bus=4.936V I_bus=58.3mA P_bus=288.1mW E_total_accum=135.101mWh
00:07:52.791 > [BENCH] IDLE | t_inference_us=0 | heap=0.4kB/105.8kB (min=103.3kB, biggest=105.4kB) | arena=2.6kB | V_bus=4.932V I_bus=57.9mA P_bus=286.1mW E_total_accum=135.262mWh
00:07:54.808 > [BENCH] IDLE | t_inference_us=0 | heap=0.4kB/105.8kB (min=103.3kB, biggest=105.4kB) | arena=2.6kB | V_bus=4.932V I_bus=58.2mA P_bus=287.3mW E_total_accum=135.423mWh
00:07:56.831 > [BENCH] IDLE | t_inference_us=0 | heap=0.4kB/105.8kB (min=103.3kB, biggest=105.4kB) | arena=2.6kB | V_bus=4.948V I_bus=58.4mA P_bus=288.2mW E_total_accum=135.584mWh
00:07:58.854 > [BENCH] IDLE | t_inference_us=0 | heap=0.4kB/105.8kB (min=103.3kB, biggest=105.4kB) | arena=2.6kB | V_bus=4.928V I_bus=58.5mA P_bus=288.7mW E_total_accum=135.746mWh
00:08:00.872 > [BENCH] IDLE | t_inference_us=0 | heap=0.4kB/105.8kB (min=103.3kB, biggest=105.4kB) | arena=2.6kB | V_bus=4.932V I_bus=58.1mA P_bus=286.9mW E_total_accum=135.907mWh
00:08:02.885 > [BENCH] IDLE | t_inference_us=0 | heap=0.4kB/105.8kB (min=103.3kB, biggest=105.4kB) | arena=2.6kB | V_bus=4.936V I_bus=58.0mA P_bus=286.1mW E_total_accum=136.067mWh
00:08:04.923 > [BENCH] IDLE | t_inference_us=0 | heap=0.4kB/105.8kB (min=103.3kB, biggest=105.4kB) | arena=2.6kB | V_bus=4.928V I_bus=58.0mA P_bus=286.2mW E_total_accum=136.228mWh
00:08:06.948 > [BENCH] IDLE | t_inference_us=0 | heap=0.4kB/105.8kB (min=103.3kB, biggest=105.4kB) | arena=2.6kB | V_bus=4.936V I_bus=57.7mA P_bus=284.8mW E_total_accum=136.388mWh
00:08:08.969 > [BENCH] IDLE | t_inference_us=0 | heap=0.4kB/105.8kB (min=103.3kB, biggest=105.4kB) | arena=2.6kB | V_bus=4.928V I_bus=57.9mA P_bus=285.5mW E_total_accum=136.548mWh
00:08:10.987 > [BENCH] IDLE | t_inference_us=0 | heap=0.4kB/105.8kB (min=103.3kB, biggest=105.4kB) | arena=2.6kB | V_bus=4.932V I_bus=57.8mA P_bus=285.2mW E_total_accum=136.708mWh
00:08:13.017 > [BENCH] IDLE | t_inference_us=0 | heap=0.4kB/105.8kB (min=103.3kB, biggest=105.4kB) | arena=2.6kB | V_bus=4.936V I_bus=57.6mA P_bus=284.1mW E_total_accum=136.867mWh
00:08:15.043 > [BENCH] IDLE | t_inference_us=0 | heap=0.4kB/105.8kB (min=103.3kB, biggest=105.4kB) | arena=2.6kB | V_bus=4.932V I_bus=57.8mA P_bus=284.9mW E_total_accum=137.027mWh
00:08:17.054 > [BENCH] IDLE | t_inference_us=0 | heap=0.4kB/105.8kB (min=103.3kB, biggest=105.4kB) | arena=2.6kB | V_bus=4.936V I_bus=57.5mA P_bus=283.7mW E_total_accum=137.186mWh
00:08:19.090 > [BENCH] IDLE | t_inference_us=0 | heap=0.4kB/105.8kB (min=103.3kB, biggest=105.4kB) | arena=2.6kB | V_bus=4.932V I_bus=57.8mA P_bus=285.2mW E_total_accum=137.346mWh
00:08:21.112 > [BENCH] IDLE | t_inference_us=0 | heap=0.4kB/105.8kB (min=103.3kB, biggest=105.4kB) | arena=2.6kB | V_bus=4.932V I_bus=58.2mA P_bus=287.3mW E_total_accum=137.507mWh
00:08:23.137 > [BENCH] IDLE | t_inference_us=0 | heap=0.4kB/105.8kB (min=103.3kB, biggest=105.4kB) | arena=2.6kB | V_bus=4.932V I_bus=57.9mA P_bus=285.6mW E_total_accum=137.667mWh
00:08:25.152 > [BENCH] IDLE | t_inference_us=0 | heap=0.4kB/105.8kB (min=103.3kB, biggest=105.4kB) | arena=2.6kB | V_bus=4.940V I_bus=57.8mA P_bus=285.2mW E_total_accum=137.827mWh
00:08:27.181 > [BENCH] IDLE | t_inference_us=0 | heap=0.4kB/105.8kB (min=103.3kB, biggest=105.4kB) | arena=2.6kB | V_bus=4.928V I_bus=57.9mA P_bus=285.7mW E_total_accum=137.987mWh
00:08:29.201 > [BENCH] IDLE | t_inference_us=0 | heap=0.4kB/105.8kB (min=103.3kB, biggest=105.4kB) | arena=2.6kB | V_bus=4.940V I_bus=57.8mA P_bus=285.3mW E_total_accum=138.148mWh
00:08:31.230 > [BENCH] IDLE | t_inference_us=0 | heap=0.4kB/105.8kB (min=103.3kB, biggest=105.4kB) | arena=2.6kB | V_bus=4.924V I_bus=57.8mA P_bus=284.9mW E_total_accum=138.307mWh
00:08:33.249 > [BENCH] IDLE | t_inference_us=0 | heap=0.4kB/105.8kB (min=103.3kB, biggest=105.4kB) | arena=2.6kB | V_bus=4.932V I_bus=57.8mA P_bus=285.0mW E_total_accum=138.467mWh
00:08:35.267 > [BENCH] IDLE | t_inference_us=0 | heap=0.4kB/105.8kB (min=103.3kB, biggest=105.4kB) | arena=2.6kB | V_bus=4.940V I_bus=57.7mA P_bus=284.8mW E_total_accum=138.627mWh
00:08:37.300 > [BENCH] IDLE | t_inference_us=0 | heap=0.4kB/105.8kB (min=103.3kB, biggest=105.4kB) | arena=2.6kB | V_bus=4.924V I_bus=57.8mA P_bus=284.8mW E_total_accum=138.787mWh
00:08:39.316 > [BENCH] IDLE | t_inference_us=0 | heap=0.4kB/105.8kB (min=103.3kB, biggest=105.4kB) | arena=2.6kB | V_bus=4.960V I_bus=57.6mA P_bus=284.5mW E_total_accum=138.946mWh
00:08:41.341 > [BENCH] IDLE | t_inference_us=0 | heap=0.4kB/105.8kB (min=103.3kB, biggest=105.4kB) | arena=2.6kB | V_bus=4.932V I_bus=58.0mA P_bus=286.2mW E_total_accum=139.107mWh
00:08:43.362 > [BENCH] IDLE | t_inference_us=0 | heap=0.4kB/105.8kB (min=103.3kB, biggest=105.4kB) | arena=2.6kB | V_bus=4.932V I_bus=57.7mA P_bus=284.7mW E_total_accum=139.266mWh
00:08:45.381 > [BENCH] IDLE | t_inference_us=0 | heap=0.4kB/105.8kB (min=103.3kB, biggest=105.4kB) | arena=2.6kB | V_bus=4.916V I_bus=57.6mA P_bus=284.0mW E_total_accum=139.425mWh
00:08:47.397 > [BENCH] IDLE | t_inference_us=0 | heap=0.4kB/105.8kB (min=103.3kB, biggest=105.4kB) | arena=2.6kB | V_bus=4.904V I_bus=57.9mA P_bus=285.4mW E_total_accum=139.586mWh
00:08:48.820 > 
00:08:48.820 > [EVENT] type=HOUR  Tin=24.90 Hin=57.39 Tout=28.60 Hout=77.70
00:08:48.841 > [infer] REAL - Invoke executed (model ran)
00:08:48.842 > 
00:08:48.842 > [PWR] infer | E_inference_window(ΔE_total)=0.626µWh (E0=139.698135mWh E1=139.698761mWh) | E_inference_pipeline(ΔE_total)=0.916µWh (E0=139.697952mWh E1=139.698868mWh) | t_inference=6.562ms | t_inference_pipeline=11.596ms | E_total_accum=139.699mWh
00:08:48.865 > [BENCH] INFER_HOURLY | t_inference_us=6562 | heap=0.4kB/105.9kB (min=103.3kB, biggest=105.5kB) | arena=2.6kB | V_bus=4.900V I_bus=58.1mA P_bus=285.7mW E_total_accum=139.699mWh
00:08:48.881 > [HOUR] Tin=24.90 Hin=57.39 | Tp=25.16 Hp=57.62
00:08:48.885 > [HOUR] SAMPLES | N_ALL=5 N_T=5 N_H=5
00:08:48.888 > [HOUR] METRICS | MAE=nan RMSE=nan R2=NA | MAE_T=nan RMSE_T=nan R2_T=NA | MAE_H=nan RMSE_H=nan R2_H=NA
00:08:49.218 > [SENSORS] Health IN ok=819 err=0 reinit=0 pwr=0 | OUT ok=819 err=0 reinit=0 pwr=0
00:08:50.914 > [BENCH] IDLE | t_inference_us=0 | heap=0.4kB/105.8kB (min=103.3kB, biggest=105.4kB) | arena=2.6kB | V_bus=4.912V I_bus=57.9mA P_bus=284.9mW E_total_accum=139.863mWh
00:08:52.936 > [BENCH] IDLE | t_inference_us=0 | heap=0.4kB/105.8kB (min=103.3kB, biggest=105.4kB) | arena=2.6kB | V_bus=4.908V I_bus=58.0mA P_bus=285.0mW E_total_accum=140.023mWh
00:08:54.964 > [BENCH] IDLE | t_inference_us=0 | heap=0.4kB/105.8kB (min=103.3kB, biggest=105.4kB) | arena=2.6kB | V_bus=4.904V I_bus=58.3mA P_bus=286.5mW E_total_accum=140.183mWh
00:08:56.977 > [BENCH] IDLE | t_inference_us=0 | heap=0.4kB/105.8kB (min=103.3kB, biggest=105.4kB) | arena=2.6kB | V_bus=4.928V I_bus=58.1mA P_bus=285.9mW E_total_accum=140.344mWh
00:08:59.005 > [BENCH] IDLE | t_inference_us=0 | heap=0.4kB/105.8kB (min=103.3kB, biggest=105.4kB) | arena=2.6kB | V_bus=4.904V I_bus=58.3mA P_bus=286.6mW E_total_accum=140.504mWh
00:09:01.030 > [BENCH] IDLE | t_inference_us=0 | heap=0.4kB/105.8kB (min=103.3kB, biggest=105.4kB) | arena=2.6kB | V_bus=4.912V I_bus=58.1mA P_bus=285.6mW E_total_accum=140.665mWh
00:09:03.041 > [BENCH] IDLE | t_inference_us=0 | heap=0.4kB/105.8kB (min=103.3kB, biggest=105.4kB) | arena=2.6kB | V_bus=4.936V I_bus=57.8mA P_bus=284.4mW E_total_accum=140.824mWh
00:09:05.071 > [BENCH] IDLE | t_inference_us=0 | heap=0.4kB/105.8kB (min=103.3kB, biggest=105.4kB) | arena=2.6kB | V_bus=4.932V I_bus=58.1mA P_bus=285.7mW E_total_accum=140.984mWh
00:09:07.103 > [BENCH] IDLE | t_inference_us=0 | heap=0.4kB/105.8kB (min=103.3kB, biggest=105.4kB) | arena=2.6kB | V_bus=4.928V I_bus=57.8mA P_bus=284.3mW E_total_accum=141.144mWh
00:09:09.111 > [BENCH] IDLE | t_inference_us=0 | heap=0.4kB/105.8kB (min=103.3kB, biggest=105.4kB) | arena=2.6kB | V_bus=4.940V I_bus=57.6mA P_bus=283.6mW E_total_accum=141.303mWh
00:09:11.131 > [BENCH] IDLE | t_inference_us=0 | heap=0.4kB/105.8kB (min=103.3kB, biggest=105.4kB) | arena=2.6kB | V_bus=4.936V I_bus=57.6mA P_bus=283.8mW E_total_accum=141.462mWh
00:09:13.165 > [BENCH] IDLE | t_inference_us=0 | heap=0.4kB/105.8kB (min=103.3kB, biggest=105.4kB) | arena=2.6kB | V_bus=4.920V I_bus=57.8mA P_bus=284.6mW E_total_accum=141.621mWh
00:09:15.178 > [BENCH] IDLE | t_inference_us=0 | heap=0.4kB/105.8kB (min=103.3kB, biggest=105.4kB) | arena=2.6kB | V_bus=4.920V I_bus=57.9mA P_bus=285.0mW E_total_accum=141.781mWh
00:09:17.201 > [BENCH] IDLE | t_inference_us=0 | heap=0.4kB/105.8kB (min=103.3kB, biggest=105.4kB) | arena=2.6kB | V_bus=4.936V I_bus=57.7mA P_bus=284.1mW E_total_accum=141.940mWh
00:09:19.226 > [BENCH] IDLE | t_inference_us=0 | heap=0.4kB/105.8kB (min=103.3kB, biggest=105.4kB) | arena=2.6kB | V_bus=4.928V I_bus=57.4mA P_bus=283.0mW E_total_accum=142.099mWh
00:09:21.244 > [BENCH] IDLE | t_inference_us=0 | heap=0.4kB/105.8kB (min=103.3kB, biggest=105.4kB) | arena=2.6kB | V_bus=4.932V I_bus=57.5mA P_bus=283.3mW E_total_accum=142.258mWh
00:09:23.270 > [BENCH] IDLE | t_inference_us=0 | heap=0.4kB/105.8kB (min=103.3kB, biggest=105.4kB) | arena=2.6kB | V_bus=4.940V I_bus=57.5mA P_bus=283.3mW E_total_accum=142.417mWh
00:09:25.296 > [BENCH] IDLE | t_inference_us=0 | heap=0.4kB/105.8kB (min=103.3kB, biggest=105.4kB) | arena=2.6kB | V_bus=4.924V I_bus=57.6mA P_bus=283.8mW E_total_accum=142.576mWh
00:09:27.324 > [BENCH] IDLE | t_inference_us=0 | heap=0.4kB/105.8kB (min=103.3kB, biggest=105.4kB) | arena=2.6kB | V_bus=4.940V I_bus=57.5mA P_bus=283.6mW E_total_accum=142.735mWh
00:09:29.332 > [BENCH] IDLE | t_inference_us=0 | heap=0.4kB/105.8kB (min=103.3kB, biggest=105.4kB) | arena=2.6kB | V_bus=4.932V I_bus=57.8mA P_bus=285.1mW E_total_accum=142.895mWh
00:09:31.370 > [BENCH] IDLE | t_inference_us=0 | heap=0.4kB/105.8kB (min=103.3kB, biggest=105.4kB) | arena=2.6kB | V_bus=4.932V I_bus=57.5mA P_bus=283.7mW E_total_accum=143.054mWh
00:09:33.385 > [BENCH] IDLE | t_inference_us=0 | heap=0.4kB/105.8kB (min=103.3kB, biggest=105.4kB) | arena=2.6kB | V_bus=4.936V I_bus=57.6mA P_bus=284.3mW E_total_accum=143.214mWh
00:09:35.421 > [BENCH] IDLE | t_inference_us=0 | heap=0.4kB/105.8kB (min=103.3kB, biggest=105.4kB) | arena=2.6kB | V_bus=4.936V I_bus=57.4mA P_bus=283.2mW E_total_accum=143.373mWh
00:09:37.445 > [BENCH] IDLE | t_inference_us=0 | heap=0.4kB/105.8kB (min=103.3kB, biggest=105.4kB) | arena=2.6kB | V_bus=4.932V I_bus=57.4mA P_bus=283.3mW E_total_accum=143.531mWh
00:09:39.455 > [BENCH] IDLE | t_inference_us=0 | heap=0.4kB/105.8kB (min=103.3kB, biggest=105.4kB) | arena=2.6kB | V_bus=4.936V I_bus=57.6mA P_bus=284.4mW E_total_accum=143.691mWh
00:09:41.479 > [BENCH] IDLE | t_inference_us=0 | heap=0.4kB/105.8kB (min=103.3kB, biggest=105.4kB) | arena=2.6kB | V_bus=4.932V I_bus=57.4mA P_bus=283.2mW E_total_accum=143.850mWh
00:09:43.502 > [BENCH] IDLE | t_inference_us=0 | heap=0.4kB/105.8kB (min=103.3kB, biggest=105.4kB) | arena=2.6kB | V_bus=4.928V I_bus=57.6mA P_bus=284.1mW E_total_accum=144.009mWh
00:09:45.540 > [BENCH] IDLE | t_inference_us=0 | heap=0.4kB/105.8kB (min=103.3kB, biggest=105.4kB) | arena=2.6kB | V_bus=4.940V I_bus=57.7mA P_bus=284.4mW E_total_accum=144.169mWh
00:09:47.553 > [BENCH] IDLE | t_inference_us=0 | heap=0.4kB/105.8kB (min=103.3kB, biggest=105.4kB) | arena=2.6kB | V_bus=4.928V I_bus=57.7mA P_bus=284.7mW E_total_accum=144.328mWh
00:09:48.935 > 
00:09:48.935 > [EVENT] type=HOUR  Tin=24.70 Hin=57.10 Tout=28.60 Hout=77.90
00:09:48.945 > [infer] REAL - Invoke executed (model ran)
00:09:48.949 > 
00:09:48.949 > [PWR] infer | E_inference_window(ΔE_total)=0.626µWh (E0=144.437378mWh E1=144.438004mWh) | E_inference_pipeline(ΔE_total)=0.916µWh (E0=144.437195mWh E1=144.438110mWh) | t_inference=6.565ms | t_inference_pipeline=11.597ms | E_total_accum=144.438mWh
00:09:48.971 > [BENCH] INFER_HOURLY | t_inference_us=6565 | heap=0.4kB/105.9kB (min=103.3kB, biggest=105.5kB) | arena=2.6kB | V_bus=4.920V I_bus=57.9mA P_bus=285.7mW E_total_accum=144.438mWh
00:09:48.987 > [HOUR] Tin=24.70 Hin=57.10 | Tp=24.86 Hp=57.35
00:09:48.990 > [HOUR] SAMPLES | N_ALL=6 N_T=6 N_H=6
00:09:48.995 > [HOUR] METRICS | MAE=nan RMSE=nan R2=NA | MAE_T=nan RMSE_T=nan R2_T=NA | MAE_H=nan RMSE_H=nan R2_H=NA
00:09:49.365 > [SENSORS] Health IN ok=847 err=0 reinit=0 pwr=0 | OUT ok=848 err=0 reinit=0 pwr=0
00:09:51.015 > [BENCH] IDLE | t_inference_us=0 | heap=0.4kB/105.8kB (min=103.3kB, biggest=105.4kB) | arena=2.6kB | V_bus=4.932V I_bus=58.2mA P_bus=287.1mW E_total_accum=144.603mWh
00:09:53.030 > [BENCH] IDLE | t_inference_us=0 | heap=0.4kB/105.8kB (min=103.3kB, biggest=105.4kB) | arena=2.6kB | V_bus=4.936V I_bus=57.8mA P_bus=285.4mW E_total_accum=144.763mWh
00:09:55.061 > [BENCH] IDLE | t_inference_us=0 | heap=0.4kB/105.8kB (min=103.3kB, biggest=105.4kB) | arena=2.6kB | V_bus=4.928V I_bus=57.6mA P_bus=284.1mW E_total_accum=144.922mWh
00:09:57.078 > [BENCH] IDLE | t_inference_us=0 | heap=0.4kB/105.8kB (min=103.3kB, biggest=105.4kB) | arena=2.6kB | V_bus=4.932V I_bus=57.7mA P_bus=284.7mW E_total_accum=145.082mWh
00:09:59.105 > [BENCH] IDLE | t_inference_us=0 | heap=0.4kB/105.8kB (min=103.3kB, biggest=105.4kB) | arena=2.6kB | V_bus=4.932V I_bus=57.4mA P_bus=283.4mW E_total_accum=145.241mWh
00:10:01.133 > [BENCH] IDLE | t_inference_us=0 | heap=0.4kB/105.8kB (min=103.3kB, biggest=105.4kB) | arena=2.6kB | V_bus=4.920V I_bus=57.6mA P_bus=284.1mW E_total_accum=145.400mWh
00:10:03.145 > [BENCH] IDLE | t_inference_us=0 | heap=0.4kB/105.8kB (min=103.3kB, biggest=105.4kB) | arena=2.6kB | V_bus=4.940V I_bus=57.5mA P_bus=283.8mW E_total_accum=145.559mWh
00:10:05.179 > [BENCH] IDLE | t_inference_us=0 | heap=0.4kB/105.8kB (min=103.3kB, biggest=105.4kB) | arena=2.6kB | V_bus=4.940V I_bus=57.6mA P_bus=284.3mW E_total_accum=145.719mWh
00:10:07.202 > [BENCH] IDLE | t_inference_us=0 | heap=0.4kB/105.8kB (min=103.3kB, biggest=105.4kB) | arena=2.6kB | V_bus=4.924V I_bus=57.7mA P_bus=284.5mW E_total_accum=145.878mWh
00:10:09.223 > [BENCH] IDLE | t_inference_us=0 | heap=0.4kB/105.8kB (min=103.3kB, biggest=105.4kB) | arena=2.6kB | V_bus=4.932V I_bus=57.4mA P_bus=283.3mW E_total_accum=146.037mWh
00:10:11.237 > [BENCH] IDLE | t_inference_us=0 | heap=0.4kB/105.8kB (min=103.3kB, biggest=105.4kB) | arena=2.6kB | V_bus=4.936V I_bus=57.7mA P_bus=284.5mW E_total_accum=146.197mWh
00:10:13.269 > [BENCH] IDLE | t_inference_us=0 | heap=0.4kB/105.8kB (min=103.3kB, biggest=105.4kB) | arena=2.6kB | V_bus=4.940V I_bus=57.8mA P_bus=285.1mW E_total_accum=146.357mWh
00:10:15.285 > [BENCH] IDLE | t_inference_us=0 | heap=0.4kB/105.8kB (min=103.3kB, biggest=105.4kB) | arena=2.6kB | V_bus=4.932V I_bus=57.5mA P_bus=283.8mW E_total_accum=146.516mWh
00:10:17.308 > [BENCH] IDLE | t_inference_us=0 | heap=0.4kB/105.8kB (min=103.3kB, biggest=105.4kB) | arena=2.6kB | V_bus=4.924V I_bus=57.6mA P_bus=284.3mW E_total_accum=146.675mWh
00:10:19.334 > [BENCH] IDLE | t_inference_us=0 | heap=0.4kB/105.8kB (min=103.3kB, biggest=105.4kB) | arena=2.6kB | V_bus=4.932V I_bus=57.6mA P_bus=284.1mW E_total_accum=146.834mWh
00:10:21.348 > [BENCH] IDLE | t_inference_us=0 | heap=0.4kB/105.8kB (min=103.3kB, biggest=105.4kB) | arena=2.6kB | V_bus=4.940V I_bus=57.6mA P_bus=284.0mW E_total_accum=146.993mWh
00:10:23.368 > [BENCH] IDLE | t_inference_us=0 | heap=0.4kB/105.8kB (min=103.3kB, biggest=105.4kB) | arena=2.6kB | V_bus=4.936V I_bus=58.0mA P_bus=286.1mW E_total_accum=147.154mWh
00:10:25.398 > [BENCH] IDLE | t_inference_us=0 | heap=0.4kB/105.8kB (min=103.3kB, biggest=105.4kB) | arena=2.6kB | V_bus=4.932V I_bus=58.2mA P_bus=287.2mW E_total_accum=147.315mWh
00:10:27.419 > [BENCH] IDLE | t_inference_us=0 | heap=0.4kB/105.8kB (min=103.3kB, biggest=105.4kB) | arena=2.6kB | V_bus=4.936V I_bus=57.9mA P_bus=285.5mW E_total_accum=147.475mWh
00:10:29.445 > [BENCH] IDLE | t_inference_us=0 | heap=0.4kB/105.8kB (min=103.3kB, biggest=105.4kB) | arena=2.6kB | V_bus=4.932V I_bus=57.7mA P_bus=284.6mW E_total_accum=147.635mWh
00:10:31.459 > [BENCH] IDLE | t_inference_us=0 | heap=0.4kB/105.8kB (min=103.3kB, biggest=105.4kB) | arena=2.6kB | V_bus=4.936V I_bus=57.6mA P_bus=284.3mW E_total_accum=147.794mWh
00:10:33.480 > [BENCH] IDLE | t_inference_us=0 | heap=0.4kB/105.8kB (min=103.3kB, biggest=105.4kB) | arena=2.6kB | V_bus=4.940V I_bus=57.5mA P_bus=283.8mW E_total_accum=147.953mWh
00:10:35.504 > [BENCH] IDLE | t_inference_us=0 | heap=0.4kB/105.8kB (min=103.3kB, biggest=105.4kB) | arena=2.6kB | V_bus=4.940V I_bus=57.7mA P_bus=285.0mW E_total_accum=148.113mWh
00:10:37.538 > [BENCH] IDLE | t_inference_us=0 | heap=0.4kB/105.8kB (min=103.3kB, biggest=105.4kB) | arena=2.6kB | V_bus=4.936V I_bus=57.5mA P_bus=284.0mW E_total_accum=148.272mWh
00:10:39.560 > [BENCH] IDLE | t_inference_us=0 | heap=0.4kB/105.8kB (min=103.3kB, biggest=105.4kB) | arena=2.6kB | V_bus=4.936V I_bus=57.3mA P_bus=282.9mW E_total_accum=148.431mWh
00:10:41.571 > [BENCH] IDLE | t_inference_us=0 | heap=0.4kB/105.8kB (min=103.3kB, biggest=105.4kB) | arena=2.6kB | V_bus=4.936V I_bus=57.7mA P_bus=284.9mW E_total_accum=148.591mWh
00:10:43.593 > [BENCH] IDLE | t_inference_us=0 | heap=0.4kB/105.8kB (min=103.3kB, biggest=105.4kB) | arena=2.6kB | V_bus=4.932V I_bus=57.6mA P_bus=284.3mW E_total_accum=148.750mWh
00:10:45.621 > [BENCH] IDLE | t_inference_us=0 | heap=0.4kB/105.8kB (min=103.3kB, biggest=105.4kB) | arena=2.6kB | V_bus=4.940V I_bus=57.5mA P_bus=283.9mW E_total_accum=148.909mWh
00:10:47.649 > [BENCH] IDLE | t_inference_us=0 | heap=0.4kB/105.8kB (min=103.3kB, biggest=105.4kB) | arena=2.6kB | V_bus=4.940V I_bus=57.6mA P_bus=284.2mW E_total_accum=149.069mWh
00:10:49.071 > 
00:10:49.071 > [EVENT] type=HOUR  Tin=24.50 Hin=56.71 Tout=28.60 Hout=77.80
00:10:49.081 > [infer] REAL - Invoke executed (model ran)
00:10:49.086 > 
00:10:49.086 > [PWR] infer | E_inference_window(ΔE_total)=0.626µWh (E0=149.181183mWh E1=149.181808mWh) | E_inference_pipeline(ΔE_total)=0.916µWh (E0=149.181000mWh E1=149.181915mWh) | t_inference=6.562ms | t_inference_pipeline=11.595ms | E_total_accum=149.182mWh
00:10:49.108 > [BENCH] INFER_HOURLY | t_inference_us=6562 | heap=0.4kB/105.9kB (min=103.3kB, biggest=105.5kB) | arena=2.6kB | V_bus=4.932V I_bus=58.6mA P_bus=289.3mW E_total_accum=149.182mWh
00:10:49.123 > [HOUR] Tin=24.50 Hin=56.71 | Tp=24.66 Hp=57.06
00:10:49.127 > [HOUR] SAMPLES | N_ALL=7 N_T=7 N_H=7
00:10:49.130 > [HOUR] METRICS | MAE=nan RMSE=nan R2=NA | MAE_T=nan RMSE_T=nan R2_T=NA | MAE_H=nan RMSE_H=nan R2_H=NA
00:10:49.481 > [SENSORS] Health IN ok=876 err=0 reinit=0 pwr=0 | OUT ok=876 err=0 reinit=0 pwr=0
00:10:51.144 > [BENCH] IDLE | t_inference_us=0 | heap=0.4kB/105.8kB (min=103.3kB, biggest=105.4kB) | arena=2.6kB | V_bus=4.940V I_bus=58.2mA P_bus=287.4mW E_total_accum=149.346mWh
00:10:53.170 > [BENCH] IDLE | t_inference_us=0 | heap=0.4kB/105.8kB (min=103.3kB, biggest=105.4kB) | arena=2.6kB | V_bus=4.928V I_bus=58.2mA P_bus=287.3mW E_total_accum=149.507mWh
00:10:55.182 > [BENCH] IDLE | t_inference_us=0 | heap=0.4kB/105.8kB (min=103.3kB, biggest=105.4kB) | arena=2.6kB | V_bus=4.928V I_bus=58.1mA P_bus=286.8mW E_total_accum=149.668mWh
00:10:57.199 > [BENCH] IDLE | t_inference_us=0 | heap=0.4kB/105.8kB (min=103.3kB, biggest=105.4kB) | arena=2.6kB | V_bus=4.936V I_bus=57.8mA P_bus=285.1mW E_total_accum=149.828mWh
00:10:59.234 > [BENCH] IDLE | t_inference_us=0 | heap=0.4kB/105.8kB (min=103.3kB, biggest=105.4kB) | arena=2.6kB | V_bus=4.936V I_bus=57.8mA P_bus=284.9mW E_total_accum=149.988mWh
00:11:01.254 > [BENCH] IDLE | t_inference_us=0 | heap=0.4kB/105.8kB (min=103.3kB, biggest=105.4kB) | arena=2.6kB | V_bus=4.932V I_bus=57.9mA P_bus=285.8mW E_total_accum=150.148mWh
00:11:03.269 > [BENCH] IDLE | t_inference_us=0 | heap=0.4kB/105.8kB (min=103.3kB, biggest=105.4kB) | arena=2.6kB | V_bus=4.932V I_bus=57.7mA P_bus=284.5mW E_total_accum=150.307mWh
00:11:05.290 > [BENCH] IDLE | t_inference_us=0 | heap=0.4kB/105.8kB (min=103.3kB, biggest=105.4kB) | arena=2.6kB | V_bus=4.944V I_bus=57.6mA P_bus=284.5mW E_total_accum=150.467mWh
00:11:07.313 > [BENCH] IDLE | t_inference_us=0 | heap=0.4kB/105.8kB (min=103.3kB, biggest=105.4kB) | arena=2.6kB | V_bus=4.928V I_bus=57.8mA P_bus=285.1mW E_total_accum=150.627mWh
00:11:09.348 > [BENCH] IDLE | t_inference_us=0 | heap=0.4kB/105.8kB (min=103.3kB, biggest=105.4kB) | arena=2.6kB | V_bus=4.932V I_bus=57.5mA P_bus=283.9mW E_total_accum=150.786mWh
00:11:11.365 > [BENCH] IDLE | t_inference_us=0 | heap=0.4kB/105.8kB (min=103.3kB, biggest=105.4kB) | arena=2.6kB | V_bus=4.932V I_bus=57.5mA P_bus=283.5mW E_total_accum=150.945mWh
00:11:13.394 > [BENCH] IDLE | t_inference_us=0 | heap=0.4kB/105.8kB (min=103.3kB, biggest=105.4kB) | arena=2.6kB | V_bus=4.936V I_bus=57.6mA P_bus=284.1mW E_total_accum=151.104mWh
00:11:15.416 > [BENCH] IDLE | t_inference_us=0 | heap=0.4kB/105.8kB (min=103.3kB, biggest=105.4kB) | arena=2.6kB | V_bus=4.940V I_bus=57.5mA P_bus=283.8mW E_total_accum=151.264mWh
00:11:17.437 > [BENCH] IDLE | t_inference_us=0 | heap=0.4kB/105.8kB (min=103.3kB, biggest=105.4kB) | arena=2.6kB | V_bus=4.932V I_bus=57.8mA P_bus=285.1mW E_total_accum=151.424mWh
00:11:19.459 > [BENCH] IDLE | t_inference_us=0 | heap=0.4kB/105.8kB (min=103.3kB, biggest=105.4kB) | arena=2.6kB | V_bus=4.936V I_bus=57.5mA P_bus=283.9mW E_total_accum=151.583mWh
00:11:21.484 > [BENCH] IDLE | t_inference_us=0 | heap=0.4kB/105.8kB (min=103.3kB, biggest=105.4kB) | arena=2.6kB | V_bus=4.932V I_bus=57.3mA P_bus=282.8mW E_total_accum=151.741mWh
00:11:23.510 > [BENCH] IDLE | t_inference_us=0 | heap=0.4kB/105.8kB (min=103.3kB, biggest=105.4kB) | arena=2.6kB | V_bus=4.924V I_bus=57.4mA P_bus=283.3mW E_total_accum=151.900mWh
00:11:25.529 > [BENCH] IDLE | t_inference_us=0 | heap=0.4kB/105.8kB (min=103.3kB, biggest=105.4kB) | arena=2.6kB | V_bus=4.936V I_bus=57.4mA P_bus=283.2mW E_total_accum=152.059mWh
00:11:27.550 > [BENCH] IDLE | t_inference_us=0 | heap=0.4kB/105.8kB (min=103.3kB, biggest=105.4kB) | arena=2.6kB | V_bus=4.940V I_bus=57.5mA P_bus=284.0mW E_total_accum=152.218mWh
00:11:29.568 > [BENCH] IDLE | t_inference_us=0 | heap=0.4kB/105.8kB (min=103.3kB, biggest=105.4kB) | arena=2.6kB | V_bus=4.940V I_bus=57.6mA P_bus=284.5mW E_total_accum=152.378mWh
00:11:31.595 > [BENCH] IDLE | t_inference_us=0 | heap=0.4kB/105.8kB (min=103.3kB, biggest=105.4kB) | arena=2.6kB | V_bus=4.968V I_bus=57.9mA P_bus=286.0mW E_total_accum=152.538mWh
00:11:33.622 > [BENCH] IDLE | t_inference_us=0 | heap=0.4kB/105.8kB (min=103.3kB, biggest=105.4kB) | arena=2.6kB | V_bus=4.936V I_bus=58.3mA P_bus=288.2mW E_total_accum=152.700mWh
00:11:35.635 > [BENCH] IDLE | t_inference_us=0 | heap=0.4kB/105.8kB (min=103.3kB, biggest=105.4kB) | arena=2.6kB | V_bus=4.960V I_bus=58.1mA P_bus=287.2mW E_total_accum=152.861mWh
00:11:37.655 > [BENCH] IDLE | t_inference_us=0 | heap=0.4kB/105.8kB (min=103.3kB, biggest=105.4kB) | arena=2.6kB | V_bus=4.940V I_bus=57.8mA P_bus=285.8mW E_total_accum=153.021mWh
00:11:39.675 > [BENCH] IDLE | t_inference_us=0 | heap=0.4kB/105.8kB (min=103.3kB, biggest=105.4kB) | arena=2.6kB | V_bus=4.928V I_bus=57.7mA P_bus=285.2mW E_total_accum=153.181mWh
00:11:41.705 > [BENCH] IDLE | t_inference_us=0 | heap=0.4kB/105.8kB (min=103.3kB, biggest=105.4kB) | arena=2.6kB | V_bus=4.936V I_bus=57.5mA P_bus=284.1mW E_total_accum=153.340mWh
00:11:43.730 > [BENCH] IDLE | t_inference_us=0 | heap=0.4kB/105.8kB (min=103.3kB, biggest=105.4kB) | arena=2.6kB | V_bus=4.928V I_bus=57.6mA P_bus=284.4mW E_total_accum=153.500mWh
00:11:45.752 > [BENCH] IDLE | t_inference_us=0 | heap=0.4kB/105.8kB (min=103.3kB, biggest=105.4kB) | arena=2.6kB | V_bus=4.928V I_bus=57.4mA P_bus=283.5mW E_total_accum=153.659mWh
00:11:47.762 > [BENCH] IDLE | t_inference_us=0 | heap=0.4kB/105.8kB (min=103.3kB, biggest=105.4kB) | arena=2.6kB | V_bus=4.940V I_bus=57.3mA P_bus=282.9mW E_total_accum=153.817mWh
00:11:49.151 > 
00:11:49.151 > [EVENT] type=HOUR  Tin=24.40 Hin=56.46 Tout=28.60 Hout=77.90
00:11:49.167 > [infer] REAL - Invoke executed (model ran)
00:11:49.169 > 
00:11:49.169 > [PWR] infer | E_inference_window(ΔE_total)=0.626µWh (E0=153.925568mWh E1=153.926193mWh) | E_inference_pipeline(ΔE_total)=0.916µWh (E0=153.925385mWh E1=153.926300mWh) | t_inference=6.562ms | t_inference_pipeline=11.597ms | E_total_accum=153.926mWh
00:11:49.191 > [BENCH] INFER_HOURLY | t_inference_us=6562 | heap=0.4kB/105.9kB (min=103.3kB, biggest=105.5kB) | arena=2.6kB | V_bus=4.940V I_bus=57.6mA P_bus=284.2mW E_total_accum=153.926mWh
00:11:49.207 > [HOUR] Tin=24.40 Hin=56.46 | Tp=24.46 Hp=56.68
00:11:49.211 > [HOUR] SAMPLES | N_ALL=8 N_T=8 N_H=8
00:11:49.214 > [HOUR] METRICS | MAE=nan RMSE=nan R2=NA | MAE_T=nan RMSE_T=nan R2_T=NA | MAE_H=nan RMSE_H=nan R2_H=NA
00:11:49.614 > [SENSORS] Health IN ok=904 err=0 reinit=0 pwr=0 | OUT ok=904 err=0 reinit=0 pwr=0
00:11:51.236 > [BENCH] IDLE | t_inference_us=0 | heap=0.4kB/105.8kB (min=103.3kB, biggest=105.4kB) | arena=2.6kB | V_bus=4.940V I_bus=57.4mA P_bus=283.0mW E_total_accum=154.089mWh
00:11:53.256 > [BENCH] IDLE | t_inference_us=0 | heap=0.4kB/105.8kB (min=103.3kB, biggest=105.4kB) | arena=2.6kB | V_bus=4.936V I_bus=57.2mA P_bus=282.5mW E_total_accum=154.247mWh
00:11:55.288 > [BENCH] IDLE | t_inference_us=0 | heap=0.4kB/105.8kB (min=103.3kB, biggest=105.4kB) | arena=2.6kB | V_bus=4.940V I_bus=57.1mA P_bus=282.0mW E_total_accum=154.406mWh
00:11:57.309 > [BENCH] IDLE | t_inference_us=0 | heap=0.4kB/105.8kB (min=103.3kB, biggest=105.4kB) | arena=2.6kB | V_bus=4.932V I_bus=57.5mA P_bus=283.9mW E_total_accum=154.565mWh
00:11:59.323 > [BENCH] IDLE | t_inference_us=0 | heap=0.4kB/105.8kB (min=103.3kB, biggest=105.4kB) | arena=2.6kB | V_bus=4.944V I_bus=57.5mA P_bus=283.9mW E_total_accum=154.724mWh
00:12:01.347 > [BENCH] IDLE | t_inference_us=0 | heap=0.4kB/105.8kB (min=103.3kB, biggest=105.4kB) | arena=2.6kB | V_bus=4.928V I_bus=57.7mA P_bus=284.6mW E_total_accum=154.884mWh
00:12:03.370 > [BENCH] IDLE | t_inference_us=0 | heap=0.4kB/105.8kB (min=103.3kB, biggest=105.4kB) | arena=2.6kB | V_bus=4.936V I_bus=57.8mA P_bus=285.5mW E_total_accum=155.043mWh
00:12:05.398 > [BENCH] IDLE | t_inference_us=0 | heap=0.4kB/105.8kB (min=103.3kB, biggest=105.4kB) | arena=2.6kB | V_bus=4.952V I_bus=57.7mA P_bus=285.0mW E_total_accum=155.203mWh
00:12:07.419 > [BENCH] IDLE | t_inference_us=0 | heap=0.4kB/105.8kB (min=103.3kB, biggest=105.4kB) | arena=2.6kB | V_bus=4.936V I_bus=57.5mA P_bus=283.7mW E_total_accum=155.362mWh
00:12:09.428 > [BENCH] IDLE | t_inference_us=0 | heap=0.4kB/105.8kB (min=103.3kB, biggest=105.4kB) | arena=2.6kB | V_bus=4.936V I_bus=57.4mA P_bus=283.4mW E_total_accum=155.521mWh
00:12:11.465 > [BENCH] IDLE | t_inference_us=0 | heap=0.4kB/105.8kB (min=103.3kB, biggest=105.4kB) | arena=2.6kB | V_bus=4.928V I_bus=57.3mA P_bus=282.9mW E_total_accum=155.680mWh
00:12:13.479 > [BENCH] IDLE | t_inference_us=0 | heap=0.4kB/105.8kB (min=103.3kB, biggest=105.4kB) | arena=2.6kB | V_bus=4.932V I_bus=57.2mA P_bus=282.1mW E_total_accum=155.838mWh
00:12:15.499 > [BENCH] IDLE | t_inference_us=0 | heap=0.4kB/105.8kB (min=103.3kB, biggest=105.4kB) | arena=2.6kB | V_bus=4.936V I_bus=57.5mA P_bus=283.8mW E_total_accum=155.997mWh
00:12:17.522 > [BENCH] IDLE | t_inference_us=0 | heap=0.4kB/105.8kB (min=103.3kB, biggest=105.4kB) | arena=2.6kB | V_bus=4.932V I_bus=57.7mA P_bus=284.8mW E_total_accum=156.157mWh
00:12:19.541 > [BENCH] IDLE | t_inference_us=0 | heap=0.4kB/105.8kB (min=103.3kB, biggest=105.4kB) | arena=2.6kB | V_bus=4.940V I_bus=57.6mA P_bus=284.3mW E_total_accum=156.316mWh
00:12:21.577 > [BENCH] IDLE | t_inference_us=0 | heap=0.4kB/105.8kB (min=103.3kB, biggest=105.4kB) | arena=2.6kB | V_bus=4.932V I_bus=58.0mA P_bus=286.3mW E_total_accum=156.477mWh
00:12:23.592 > [BENCH] IDLE | t_inference_us=0 | heap=0.4kB/105.8kB (min=103.3kB, biggest=105.4kB) | arena=2.6kB | V_bus=4.940V I_bus=58.0mA P_bus=286.5mW E_total_accum=156.638mWh
00:12:25.612 > [BENCH] IDLE | t_inference_us=0 | heap=0.4kB/105.8kB (min=103.3kB, biggest=105.4kB) | arena=2.6kB | V_bus=4.936V I_bus=57.8mA P_bus=285.4mW E_total_accum=156.798mWh
00:12:27.645 > [BENCH] IDLE | t_inference_us=0 | heap=0.4kB/105.8kB (min=103.3kB, biggest=105.4kB) | arena=2.6kB | V_bus=4.928V I_bus=57.9mA P_bus=285.7mW E_total_accum=156.958mWh
00:12:29.668 > [BENCH] IDLE | t_inference_us=0 | heap=0.4kB/105.8kB (min=103.3kB, biggest=105.4kB) | arena=2.6kB | V_bus=4.932V I_bus=57.6mA P_bus=284.3mW E_total_accum=157.117mWh
00:12:31.679 > [BENCH] IDLE | t_inference_us=0 | heap=0.4kB/105.8kB (min=103.3kB, biggest=105.4kB) | arena=2.6kB | V_bus=4.936V I_bus=57.4mA P_bus=283.2mW E_total_accum=157.276mWh
00:12:33.703 > [BENCH] IDLE | t_inference_us=0 | heap=0.4kB/105.8kB (min=103.3kB, biggest=105.4kB) | arena=2.6kB | V_bus=4.928V I_bus=57.6mA P_bus=284.0mW E_total_accum=157.435mWh
00:12:35.734 > [BENCH] IDLE | t_inference_us=0 | heap=0.4kB/105.8kB (min=103.3kB, biggest=105.4kB) | arena=2.6kB | V_bus=4.936V I_bus=57.3mA P_bus=282.8mW E_total_accum=157.594mWh
00:12:37.748 > [BENCH] IDLE | t_inference_us=0 | heap=0.4kB/105.8kB (min=103.3kB, biggest=105.4kB) | arena=2.6kB | V_bus=4.932V I_bus=57.5mA P_bus=283.6mW E_total_accum=157.753mWh
00:12:39.777 > [BENCH] IDLE | t_inference_us=0 | heap=0.4kB/105.8kB (min=103.3kB, biggest=105.4kB) | arena=2.6kB | V_bus=4.932V I_bus=57.3mA P_bus=282.9mW E_total_accum=157.911mWh
00:12:41.792 > [BENCH] IDLE | t_inference_us=0 | heap=0.4kB/105.8kB (min=103.3kB, biggest=105.4kB) | arena=2.6kB | V_bus=4.936V I_bus=57.3mA P_bus=282.5mW E_total_accum=158.070mWh
00:12:43.818 > [BENCH] IDLE | t_inference_us=0 | heap=0.4kB/105.8kB (min=103.3kB, biggest=105.4kB) | arena=2.6kB | V_bus=4.932V I_bus=57.1mA P_bus=281.9mW E_total_accum=158.228mWh
00:12:45.834 > [BENCH] IDLE | t_inference_us=0 | heap=0.4kB/105.8kB (min=103.3kB, biggest=105.4kB) | arena=2.6kB | V_bus=4.928V I_bus=57.4mA P_bus=283.3mW E_total_accum=158.387mWh
00:12:47.862 > [BENCH] IDLE | t_inference_us=0 | heap=0.4kB/105.8kB (min=103.3kB, biggest=105.4kB) | arena=2.6kB | V_bus=4.928V I_bus=57.3mA P_bus=282.8mW E_total_accum=158.545mWh
00:12:49.270 > 
00:12:49.270 > [EVENT] type=HOUR  Tin=24.30 Hin=56.19 Tout=28.60 Hout=78.00
00:12:49.297 > [infer] REAL - Invoke executed (model ran)
00:12:49.300 > 
00:12:49.300 > [PWR] infer | E_inference_window(ΔE_total)=0.626µWh (E0=158.658005mWh E1=158.658630mWh) | E_inference_pipeline(ΔE_total)=0.916µWh (E0=158.657822mWh E1=158.658737mWh) | t_inference=6.565ms | t_inference_pipeline=11.597ms | E_total_accum=158.659mWh
00:12:49.321 > [BENCH] INFER_HOURLY | t_inference_us=6565 | heap=0.4kB/105.9kB (min=103.3kB, biggest=105.5kB) | arena=2.6kB | V_bus=4.940V I_bus=58.0mA P_bus=286.1mW E_total_accum=158.659mWh
00:12:49.338 > [HOUR] Tin=24.30 Hin=56.19 | Tp=24.36 Hp=56.42
00:12:49.342 > [HOUR] SAMPLES | N_ALL=9 N_T=9 N_H=9
00:12:49.345 > [HOUR] METRICS | MAE=nan RMSE=nan R2=NA | MAE_T=nan RMSE_T=nan R2_T=NA | MAE_H=nan RMSE_H=nan R2_H=NA
00:12:49.744 > [SENSORS] Health IN ok=932 err=0 reinit=0 pwr=0 | OUT ok=932 err=0 reinit=0 pwr=0
00:12:51.354 > [BENCH] IDLE | t_inference_us=0 | heap=0.4kB/105.8kB (min=103.3kB, biggest=105.4kB) | arena=2.6kB | V_bus=4.932V I_bus=57.7mA P_bus=284.4mW E_total_accum=158.822mWh
00:12:53.390 > [BENCH] IDLE | t_inference_us=0 | heap=0.4kB/105.8kB (min=103.3kB, biggest=105.4kB) | arena=2.6kB | V_bus=4.928V I_bus=58.0mA P_bus=286.1mW E_total_accum=158.982mWh
00:12:55.413 > [BENCH] IDLE | t_inference_us=0 | heap=0.4kB/105.8kB (min=103.3kB, biggest=105.4kB) | arena=2.6kB | V_bus=4.932V I_bus=57.8mA P_bus=285.2mW E_total_accum=159.142mWh
00:12:57.426 > [BENCH] IDLE | t_inference_us=0 | heap=0.4kB/105.8kB (min=103.3kB, biggest=105.4kB) | arena=2.6kB | V_bus=4.940V I_bus=57.7mA P_bus=284.7mW E_total_accum=159.302mWh
00:12:59.461 > [BENCH] IDLE | t_inference_us=0 | heap=0.4kB/105.8kB (min=103.3kB, biggest=105.4kB) | arena=2.6kB | V_bus=4.932V I_bus=58.1mA P_bus=286.6mW E_total_accum=159.463mWh
00:13:01.483 > [BENCH] IDLE | t_inference_us=0 | heap=0.4kB/105.8kB (min=103.3kB, biggest=105.4kB) | arena=2.6kB | V_bus=4.940V I_bus=58.1mA P_bus=286.5mW E_total_accum=159.623mWh
00:13:03.503 > [BENCH] IDLE | t_inference_us=0 | heap=0.4kB/105.8kB (min=103.3kB, biggest=105.4kB) | arena=2.6kB | V_bus=4.940V I_bus=58.2mA P_bus=287.3mW E_total_accum=159.784mWh
00:13:05.519 > [BENCH] IDLE | t_inference_us=0 | heap=0.4kB/105.8kB (min=103.3kB, biggest=105.4kB) | arena=2.6kB | V_bus=4.932V I_bus=58.4mA P_bus=288.0mW E_total_accum=159.946mWh
00:13:07.540 > [BENCH] IDLE | t_inference_us=0 | heap=0.4kB/105.8kB (min=103.3kB, biggest=105.4kB) | arena=2.6kB | V_bus=4.944V I_bus=58.3mA P_bus=287.8mW E_total_accum=160.107mWh
00:13:09.562 > [BENCH] IDLE | t_inference_us=0 | heap=0.4kB/105.8kB (min=103.3kB, biggest=105.4kB) | arena=2.6kB | V_bus=4.940V I_bus=58.2mA P_bus=287.5mW E_total_accum=160.268mWh
00:13:11.582 > [BENCH] IDLE | t_inference_us=0 | heap=0.4kB/105.8kB (min=103.3kB, biggest=105.4kB) | arena=2.6kB | V_bus=4.932V I_bus=58.5mA P_bus=288.6mW E_total_accum=160.430mWh
00:13:13.613 > [BENCH] IDLE | t_inference_us=0 | heap=0.4kB/105.8kB (min=103.3kB, biggest=105.4kB) | arena=2.6kB | V_bus=4.936V I_bus=58.3mA P_bus=287.8mW E_total_accum=160.591mWh
00:13:15.635 > [BENCH] IDLE | t_inference_us=0 | heap=0.4kB/105.8kB (min=103.3kB, biggest=105.4kB) | arena=2.6kB | V_bus=4.944V I_bus=58.1mA P_bus=286.9mW E_total_accum=160.752mWh
00:13:17.651 > [BENCH] IDLE | t_inference_us=0 | heap=0.4kB/105.8kB (min=103.3kB, biggest=105.4kB) | arena=2.6kB | V_bus=4.940V I_bus=58.1mA P_bus=286.9mW E_total_accum=160.913mWh
00:13:19.675 > [BENCH] IDLE | t_inference_us=0 | heap=0.4kB/105.8kB (min=103.3kB, biggest=105.4kB) | arena=2.6kB | V_bus=4.928V I_bus=58.3mA P_bus=287.8mW E_total_accum=161.074mWh
00:13:21.699 > [BENCH] IDLE | t_inference_us=0 | heap=0.4kB/105.8kB (min=103.3kB, biggest=105.4kB) | arena=2.6kB | V_bus=4.944V I_bus=58.2mA P_bus=287.5mW E_total_accum=161.236mWh
00:13:23.712 > [BENCH] IDLE | t_inference_us=0 | heap=0.4kB/105.8kB (min=103.3kB, biggest=105.4kB) | arena=2.6kB | V_bus=4.936V I_bus=58.5mA P_bus=289.0mW E_total_accum=161.398mWh
00:13:25.736 > [BENCH] IDLE | t_inference_us=0 | heap=0.4kB/105.8kB (min=103.3kB, biggest=105.4kB) | arena=2.6kB | V_bus=4.940V I_bus=58.4mA P_bus=288.2mW E_total_accum=161.559mWh
00:13:27.768 > [BENCH] IDLE | t_inference_us=0 | heap=0.4kB/105.8kB (min=103.3kB, biggest=105.4kB) | arena=2.6kB | V_bus=4.932V I_bus=58.3mA P_bus=287.7mW E_total_accum=161.721mWh
00:13:29.794 > [BENCH] IDLE | t_inference_us=0 | heap=0.4kB/105.8kB (min=103.3kB, biggest=105.4kB) | arena=2.6kB | V_bus=4.928V I_bus=58.2mA P_bus=287.1mW E_total_accum=161.882mWh
00:13:31.816 > [BENCH] IDLE | t_inference_us=0 | heap=0.4kB/105.8kB (min=103.3kB, biggest=105.4kB) | arena=2.6kB | V_bus=4.936V I_bus=57.8mA P_bus=285.5mW E_total_accum=162.042mWh
00:13:33.825 > [BENCH] IDLE | t_inference_us=0 | heap=0.4kB/105.8kB (min=103.3kB, biggest=105.4kB) | arena=2.6kB | V_bus=4.928V I_bus=57.9mA P_bus=285.7mW E_total_accum=162.202mWh
00:13:35.857 > [BENCH] IDLE | t_inference_us=0 | heap=0.4kB/105.8kB (min=103.3kB, biggest=105.4kB) | arena=2.6kB | V_bus=4.932V I_bus=57.7mA P_bus=284.4mW E_total_accum=162.362mWh
00:13:37.872 > [BENCH] IDLE | t_inference_us=0 | heap=0.4kB/105.8kB (min=103.3kB, biggest=105.4kB) | arena=2.6kB | V_bus=4.932V I_bus=57.5mA P_bus=283.6mW E_total_accum=162.521mWh
00:13:39.909 > [BENCH] IDLE | t_inference_us=0 | heap=0.4kB/105.8kB (min=103.3kB, biggest=105.4kB) | arena=2.6kB | V_bus=4.924V I_bus=57.6mA P_bus=284.0mW E_total_accum=162.680mWh
00:13:41.933 > [BENCH] IDLE | t_inference_us=0 | heap=0.4kB/105.8kB (min=103.3kB, biggest=105.4kB) | arena=2.6kB | V_bus=4.932V I_bus=57.4mA P_bus=282.9mW E_total_accum=162.839mWh
00:13:43.954 > [BENCH] IDLE | t_inference_us=0 | heap=0.4kB/105.8kB (min=103.3kB, biggest=105.4kB) | arena=2.6kB | V_bus=4.936V I_bus=57.3mA P_bus=282.6mW E_total_accum=162.997mWh
00:13:45.965 > [BENCH] IDLE | t_inference_us=0 | heap=0.4kB/105.8kB (min=103.3kB, biggest=105.4kB) | arena=2.6kB | V_bus=4.928V I_bus=57.2mA P_bus=282.3mW E_total_accum=163.156mWh
00:13:47.993 > [BENCH] IDLE | t_inference_us=0 | heap=0.4kB/105.8kB (min=103.3kB, biggest=105.4kB) | arena=2.6kB | V_bus=4.932V I_bus=57.1mA P_bus=281.4mW E_total_accum=163.313mWh
00:13:49.362 > 
00:13:49.362 > [EVENT] type=HOUR  Tin=24.20 Hin=55.80 Tout=28.60 Hout=78.10
00:13:49.380 > [infer] REAL - Invoke executed (model ran)
00:13:49.383 > 
00:13:49.383 > [PWR] infer | E_inference_window(ΔE_total)=0.610µWh (E0=163.420731mWh E1=163.421341mWh) | E_inference_pipeline(ΔE_total)=0.900µWh (E0=163.420547mWh E1=163.421448mWh) | t_inference=6.562ms | t_inference_pipeline=11.598ms | E_total_accum=163.421mWh
00:13:49.408 > [BENCH] INFER_HOURLY | t_inference_us=6562 | heap=0.4kB/105.9kB (min=103.3kB, biggest=105.5kB) | arena=2.6kB | V_bus=4.924V I_bus=56.8mA P_bus=280.3mW E_total_accum=163.421mWh
00:13:49.421 > [HOUR] Tin=24.20 Hin=55.80 | Tp=24.26 Hp=56.16
00:13:49.427 > [HOUR] SAMPLES | N_ALL=10 N_T=10 N_H=10
00:13:49.428 > [HOUR] METRICS | MAE=nan RMSE=nan R2=NA | MAE_T=nan RMSE_T=nan R2_T=NA | MAE_H=nan RMSE_H=nan R2_H=NA
00:13:49.879 > [SENSORS] Health IN ok=961 err=0 reinit=0 pwr=0 | OUT ok=961 err=0 reinit=0 pwr=0
00:13:51.439 > [BENCH] IDLE | t_inference_us=0 | heap=0.4kB/105.8kB (min=103.3kB, biggest=105.4kB) | arena=2.6kB | V_bus=4.944V I_bus=56.8mA P_bus=280.5mW E_total_accum=163.582mWh
00:13:53.465 > [BENCH] IDLE | t_inference_us=0 | heap=0.4kB/105.8kB (min=103.3kB, biggest=105.4kB) | arena=2.6kB | V_bus=4.936V I_bus=57.1mA P_bus=282.1mW E_total_accum=163.740mWh
00:13:55.490 > [BENCH] IDLE | t_inference_us=0 | heap=0.4kB/105.8kB (min=103.3kB, biggest=105.4kB) | arena=2.6kB | V_bus=4.936V I_bus=57.1mA P_bus=281.8mW E_total_accum=163.899mWh
00:13:57.518 > [BENCH] IDLE | t_inference_us=0 | heap=0.4kB/105.8kB (min=103.3kB, biggest=105.4kB) | arena=2.6kB | V_bus=4.940V I_bus=57.2mA P_bus=282.3mW E_total_accum=164.057mWh
00:13:59.534 > [BENCH] IDLE | t_inference_us=0 | heap=0.4kB/105.8kB (min=103.3kB, biggest=105.4kB) | arena=2.6kB | V_bus=4.932V I_bus=57.4mA P_bus=283.5mW E_total_accum=164.216mWh
00:14:01.552 > [BENCH] IDLE | t_inference_us=0 | heap=0.4kB/105.8kB (min=103.3kB, biggest=105.4kB) | arena=2.6kB | V_bus=4.940V I_bus=57.4mA P_bus=283.3mW E_total_accum=164.375mWh
00:14:03.588 > [BENCH] IDLE | t_inference_us=0 | heap=0.4kB/105.8kB (min=103.3kB, biggest=105.4kB) | arena=2.6kB | V_bus=4.940V I_bus=57.4mA P_bus=283.3mW E_total_accum=164.534mWh
00:14:05.600 > [BENCH] IDLE | t_inference_us=0 | heap=0.4kB/105.8kB (min=103.3kB, biggest=105.4kB) | arena=2.6kB | V_bus=4.932V I_bus=57.4mA P_bus=283.3mW E_total_accum=164.693mWh
00:14:07.624 > [BENCH] IDLE | t_inference_us=0 | heap=0.4kB/105.8kB (min=103.3kB, biggest=105.4kB) | arena=2.6kB | V_bus=4.940V I_bus=57.4mA P_bus=283.2mW E_total_accum=164.851mWh
00:14:09.658 > [BENCH] IDLE | t_inference_us=0 | heap=0.4kB/105.8kB (min=103.3kB, biggest=105.4kB) | arena=2.6kB | V_bus=4.940V I_bus=57.6mA P_bus=284.6mW E_total_accum=165.011mWh
00:14:11.679 > [BENCH] IDLE | t_inference_us=0 | heap=0.4kB/105.8kB (min=103.3kB, biggest=105.4kB) | arena=2.6kB | V_bus=4.932V I_bus=57.7mA P_bus=285.1mW E_total_accum=165.171mWh
00:14:13.688 > [BENCH] IDLE | t_inference_us=0 | heap=0.4kB/105.8kB (min=103.3kB, biggest=105.4kB) | arena=2.6kB | V_bus=4.940V I_bus=57.7mA P_bus=284.7mW E_total_accum=165.330mWh
00:14:15.727 > [BENCH] IDLE | t_inference_us=0 | heap=0.4kB/105.8kB (min=103.3kB, biggest=105.4kB) | arena=2.6kB | V_bus=4.936V I_bus=57.8mA P_bus=285.4mW E_total_accum=165.491mWh
00:14:17.734 > [BENCH] IDLE | t_inference_us=0 | heap=0.4kB/105.8kB (min=103.3kB, biggest=105.4kB) | arena=2.6kB | V_bus=4.936V I_bus=57.7mA P_bus=284.8mW E_total_accum=165.650mWh
00:14:19.760 > [BENCH] IDLE | t_inference_us=0 | heap=0.4kB/105.8kB (min=103.3kB, biggest=105.4kB) | arena=2.6kB | V_bus=4.944V I_bus=57.5mA P_bus=283.9mW E_total_accum=165.810mWh
00:14:21.794 > [BENCH] IDLE | t_inference_us=0 | heap=0.4kB/105.8kB (min=103.3kB, biggest=105.4kB) | arena=2.6kB | V_bus=4.936V I_bus=57.8mA P_bus=285.6mW E_total_accum=165.969mWh
00:14:23.804 > [BENCH] IDLE | t_inference_us=0 | heap=0.4kB/105.8kB (min=103.3kB, biggest=105.4kB) | arena=2.6kB | V_bus=4.960V I_bus=57.8mA P_bus=285.8mW E_total_accum=166.130mWh
00:14:25.833 > [BENCH] IDLE | t_inference_us=0 | heap=0.4kB/105.8kB (min=103.3kB, biggest=105.4kB) | arena=2.6kB | V_bus=4.924V I_bus=57.8mA P_bus=285.6mW E_total_accum=166.290mWh
00:14:27.852 > [BENCH] IDLE | t_inference_us=0 | heap=0.4kB/105.8kB (min=103.3kB, biggest=105.4kB) | arena=2.6kB | V_bus=4.928V I_bus=57.7mA P_bus=284.9mW E_total_accum=166.449mWh
00:14:29.877 > [BENCH] IDLE | t_inference_us=0 | heap=0.4kB/105.8kB (min=103.3kB, biggest=105.4kB) | arena=2.6kB | V_bus=4.936V I_bus=57.5mA P_bus=283.7mW E_total_accum=166.608mWh
00:14:31.899 > [BENCH] IDLE | t_inference_us=0 | heap=0.4kB/105.8kB (min=103.3kB, biggest=105.4kB) | arena=2.6kB | V_bus=4.928V I_bus=57.6mA P_bus=284.4mW E_total_accum=166.768mWh
00:14:33.917 > [BENCH] IDLE | t_inference_us=0 | heap=0.4kB/105.8kB (min=103.3kB, biggest=105.4kB) | arena=2.6kB | V_bus=4.936V I_bus=57.4mA P_bus=283.2mW E_total_accum=166.927mWh
00:14:35.938 > [BENCH] IDLE | t_inference_us=0 | heap=0.4kB/105.8kB (min=103.3kB, biggest=105.4kB) | arena=2.6kB | V_bus=4.936V I_bus=57.2mA P_bus=282.5mW E_total_accum=167.085mWh
00:14:37.962 > [BENCH] IDLE | t_inference_us=0 | heap=0.4kB/105.8kB (min=103.3kB, biggest=105.4kB) | arena=2.6kB | V_bus=4.928V I_bus=57.4mA P_bus=283.0mW E_total_accum=167.244mWh
00:14:39.981 > [BENCH] IDLE | t_inference_us=0 | heap=0.4kB/105.8kB (min=103.3kB, biggest=105.4kB) | arena=2.6kB | V_bus=4.936V I_bus=57.2mA P_bus=282.4mW E_total_accum=167.402mWh
00:14:42.005 > [BENCH] IDLE | t_inference_us=0 | heap=0.4kB/105.8kB (min=103.3kB, biggest=105.4kB) | arena=2.6kB | V_bus=4.928V I_bus=57.4mA P_bus=283.1mW E_total_accum=167.561mWh
00:14:44.036 > [BENCH] IDLE | t_inference_us=0 | heap=0.4kB/105.8kB (min=103.3kB, biggest=105.4kB) | arena=2.6kB | V_bus=4.936V I_bus=57.2mA P_bus=282.0mW E_total_accum=167.719mWh
00:14:46.062 > [BENCH] IDLE | t_inference_us=0 | heap=0.4kB/105.8kB (min=103.3kB, biggest=105.4kB) | arena=2.6kB | V_bus=4.936V I_bus=57.7mA P_bus=284.5mW E_total_accum=167.879mWh
00:14:48.083 > [BENCH] IDLE | t_inference_us=0 | heap=0.4kB/105.8kB (min=103.3kB, biggest=105.4kB) | arena=2.6kB | V_bus=4.936V I_bus=57.7mA P_bus=284.6mW E_total_accum=168.039mWh
00:14:49.505 > 
00:14:49.505 > [EVENT] type=HOUR  Tin=24.10 Hin=55.58 Tout=28.60 Hout=78.20
00:14:49.516 > [infer] REAL - Invoke executed (model ran)
00:14:49.519 > 
00:14:49.519 > [PWR] infer | E_inference_window(ΔE_total)=0.626µWh (E0=168.150818mWh E1=168.151443mWh) | E_inference_pipeline(ΔE_total)=0.916µWh (E0=168.150635mWh E1=168.151550mWh) | t_inference=6.562ms | t_inference_pipeline=11.599ms | E_total_accum=168.152mWh
00:14:49.541 > [BENCH] INFER_HOURLY | t_inference_us=6562 | heap=0.4kB/105.9kB (min=103.3kB, biggest=105.5kB) | arena=2.6kB | V_bus=4.924V I_bus=57.5mA P_bus=284.1mW E_total_accum=168.152mWh
00:14:49.557 > [HOUR] Tin=24.10 Hin=55.58 | Tp=24.16 Hp=55.77
00:14:49.561 > [HOUR] SAMPLES | N_ALL=11 N_T=11 N_H=11
00:14:49.567 > [HOUR] METRICS | MAE=nan RMSE=nan R2=NA | MAE_T=nan RMSE_T=nan R2_T=NA | MAE_H=nan RMSE_H=nan R2_H=NA
00:14:50.007 > [SENSORS] Health IN ok=989 err=0 reinit=0 pwr=0 | OUT ok=989 err=0 reinit=0 pwr=0
00:14:51.589 > [BENCH] IDLE | t_inference_us=0 | heap=0.4kB/105.8kB (min=103.3kB, biggest=105.4kB) | arena=2.6kB | V_bus=4.940V I_bus=57.5mA P_bus=284.2mW E_total_accum=168.315mWh
00:14:53.605 > [BENCH] IDLE | t_inference_us=0 | heap=0.4kB/105.8kB (min=103.3kB, biggest=105.4kB) | arena=2.6kB | V_bus=4.928V I_bus=57.9mA P_bus=285.6mW E_total_accum=168.475mWh
00:14:55.621 > [BENCH] IDLE | t_inference_us=0 | heap=0.4kB/105.8kB (min=103.3kB, biggest=105.4kB) | arena=2.6kB | V_bus=4.936V I_bus=57.8mA P_bus=285.5mW E_total_accum=168.635mWh
00:14:57.655 > [BENCH] IDLE | t_inference_us=0 | heap=0.4kB/105.8kB (min=103.3kB, biggest=105.4kB) | arena=2.6kB | V_bus=4.964V I_bus=57.1mA P_bus=282.2mW E_total_accum=168.793mWh
00:14:59.666 > [BENCH] IDLE | t_inference_us=0 | heap=0.4kB/105.8kB (min=103.3kB, biggest=105.4kB) | arena=2.6kB | V_bus=4.936V I_bus=57.2mA P_bus=282.6mW E_total_accum=168.951mWh
00:15:01.687 > [BENCH] IDLE | t_inference_us=0 | heap=0.4kB/105.8kB (min=103.3kB, biggest=105.4kB) | arena=2.6kB | V_bus=4.928V I_bus=57.4mA P_bus=283.4mW E_total_accum=169.110mWh
00:15:03.716 > [BENCH] IDLE | t_inference_us=0 | heap=0.4kB/105.8kB (min=103.3kB, biggest=105.4kB) | arena=2.6kB | V_bus=4.920V I_bus=57.4mA P_bus=283.4mW E_total_accum=169.269mWh
00:15:05.737 > [BENCH] IDLE | t_inference_us=0 | heap=0.4kB/105.8kB (min=103.3kB, biggest=105.4kB) | arena=2.6kB | V_bus=4.936V I_bus=57.3mA P_bus=282.5mW E_total_accum=169.428mWh
00:15:07.757 > [BENCH] IDLE | t_inference_us=0 | heap=0.4kB/105.8kB (min=103.3kB, biggest=105.4kB) | arena=2.6kB | V_bus=4.920V I_bus=57.4mA P_bus=283.3mW E_total_accum=169.587mWh
00:15:09.784 > [BENCH] IDLE | t_inference_us=0 | heap=0.4kB/105.8kB (min=103.3kB, biggest=105.4kB) | arena=2.6kB | V_bus=4.936V I_bus=57.3mA P_bus=282.4mW E_total_accum=169.745mWh
00:15:11.800 > [BENCH] IDLE | t_inference_us=0 | heap=0.4kB/105.8kB (min=103.3kB, biggest=105.4kB) | arena=2.6kB | V_bus=4.928V I_bus=57.2mA P_bus=282.2mW E_total_accum=169.903mWh
00:15:13.820 > [BENCH] IDLE | t_inference_us=0 | heap=0.4kB/105.8kB (min=103.3kB, biggest=105.4kB) | arena=2.6kB | V_bus=4.928V I_bus=57.4mA P_bus=283.0mW E_total_accum=170.062mWh
00:15:15.849 > [BENCH] IDLE | t_inference_us=0 | heap=0.4kB/105.8kB (min=103.3kB, biggest=105.4kB) | arena=2.6kB | V_bus=4.932V I_bus=57.2mA P_bus=282.1mW E_total_accum=170.220mWh
00:15:17.867 > [BENCH] IDLE | t_inference_us=0 | heap=0.4kB/105.8kB (min=103.3kB, biggest=105.4kB) | arena=2.6kB | V_bus=4.928V I_bus=57.3mA P_bus=282.6mW E_total_accum=170.379mWh
00:15:19.900 > [BENCH] IDLE | t_inference_us=0 | heap=0.4kB/105.8kB (min=103.3kB, biggest=105.4kB) | arena=2.6kB | V_bus=4.928V I_bus=57.4mA P_bus=283.0mW E_total_accum=170.537mWh
00:15:21.916 > [BENCH] IDLE | t_inference_us=0 | heap=0.4kB/105.8kB (min=103.3kB, biggest=105.4kB) | arena=2.6kB | V_bus=4.940V I_bus=57.2mA P_bus=282.2mW E_total_accum=170.696mWh
00:15:23.944 > [BENCH] IDLE | t_inference_us=0 | heap=0.4kB/105.8kB (min=103.3kB, biggest=105.4kB) | arena=2.6kB | V_bus=4.936V I_bus=57.6mA P_bus=284.0mW E_total_accum=170.855mWh
00:15:25.963 > [BENCH] IDLE | t_inference_us=0 | heap=0.4kB/105.8kB (min=103.3kB, biggest=105.4kB) | arena=2.6kB | V_bus=4.940V I_bus=57.6mA P_bus=284.0mW E_total_accum=171.014mWh
00:15:27.981 > [BENCH] IDLE | t_inference_us=0 | heap=0.4kB/105.8kB (min=103.3kB, biggest=105.4kB) | arena=2.6kB | V_bus=4.940V I_bus=57.6mA P_bus=284.4mW E_total_accum=171.173mWh
00:15:30.015 > [BENCH] IDLE | t_inference_us=0 | heap=0.4kB/105.8kB (min=103.3kB, biggest=105.4kB) | arena=2.6kB | V_bus=4.932V I_bus=57.8mA P_bus=285.4mW E_total_accum=171.334mWh
00:15:32.027 > [BENCH] IDLE | t_inference_us=0 | heap=0.4kB/105.8kB (min=103.3kB, biggest=105.4kB) | arena=2.6kB | V_bus=4.940V I_bus=57.5mA P_bus=284.0mW E_total_accum=171.493mWh
00:15:34.047 > [BENCH] IDLE | t_inference_us=0 | heap=0.4kB/105.8kB (min=103.3kB, biggest=105.4kB) | arena=2.6kB | V_bus=4.940V I_bus=57.5mA P_bus=283.9mW E_total_accum=171.652mWh
00:15:36.080 > [BENCH] IDLE | t_inference_us=0 | heap=0.4kB/105.8kB (min=103.3kB, biggest=105.4kB) | arena=2.6kB | V_bus=4.928V I_bus=57.9mA P_bus=285.8mW E_total_accum=171.812mWh
00:15:38.096 > [BENCH] IDLE | t_inference_us=0 | heap=0.4kB/105.8kB (min=103.3kB, biggest=105.4kB) | arena=2.6kB | V_bus=4.928V I_bus=57.7mA P_bus=284.9mW E_total_accum=171.972mWh
00:15:40.111 > [BENCH] IDLE | t_inference_us=0 | heap=0.4kB/105.8kB (min=103.3kB, biggest=105.4kB) | arena=2.6kB | V_bus=4.932V I_bus=57.5mA P_bus=283.6mW E_total_accum=172.131mWh
00:15:42.126 > [BENCH] IDLE | t_inference_us=0 | heap=0.4kB/105.8kB (min=103.3kB, biggest=105.4kB) | arena=2.6kB | V_bus=4.932V I_bus=57.2mA P_bus=282.3mW E_total_accum=172.289mWh
00:15:44.162 > [BENCH] IDLE | t_inference_us=0 | heap=0.4kB/105.8kB (min=103.3kB, biggest=105.4kB) | arena=2.6kB | V_bus=4.928V I_bus=57.4mA P_bus=282.9mW E_total_accum=172.447mWh
00:15:46.176 > [BENCH] IDLE | t_inference_us=0 | heap=0.4kB/105.8kB (min=103.3kB, biggest=105.4kB) | arena=2.6kB | V_bus=4.932V I_bus=57.2mA P_bus=282.0mW E_total_accum=172.606mWh
00:15:48.210 > [BENCH] IDLE | t_inference_us=0 | heap=0.4kB/105.8kB (min=103.3kB, biggest=105.4kB) | arena=2.6kB | V_bus=4.940V I_bus=57.4mA P_bus=283.0mW E_total_accum=172.764mWh
00:15:49.628 > 
00:15:49.628 > [EVENT] type=HOUR  Tin=24.20 Hin=55.20 Tout=28.50 Hout=78.20
00:15:49.644 > [infer] REAL - Invoke executed (model ran)
00:15:49.647 > 
00:15:49.647 > [PWR] infer | E_inference_window(ΔE_total)=0.626µWh (E0=172.876801mWh E1=172.877426mWh) | E_inference_pipeline(ΔE_total)=0.916µWh (E0=172.876617mWh E1=172.877533mWh) | t_inference=6.565ms | t_inference_pipeline=11.601ms | E_total_accum=172.878mWh
00:15:49.671 > [BENCH] INFER_HOURLY | t_inference_us=6565 | heap=0.4kB/105.9kB (min=103.3kB, biggest=105.5kB) | arena=2.6kB | V_bus=4.928V I_bus=57.8mA P_bus=285.3mW E_total_accum=172.878mWh
00:15:49.686 > [HOUR] Tin=24.20 Hin=55.20 | Tp=24.06 Hp=55.54
00:15:49.689 > [HOUR] SAMPLES | N_ALL=12 N_T=12 N_H=12
00:15:49.691 > [HOUR] METRICS | MAE=nan RMSE=nan R2=NA | MAE_T=nan RMSE_T=nan R2_T=NA | MAE_H=nan RMSE_H=nan R2_H=NA
00:15:50.136 > [SENSORS] Health IN ok=1017 err=0 reinit=0 pwr=0 | OUT ok=1017 err=0 reinit=0 pwr=0
00:15:51.713 > [BENCH] IDLE | t_inference_us=0 | heap=0.4kB/105.8kB (min=103.3kB, biggest=105.4kB) | arena=2.6kB | V_bus=4.936V I_bus=57.9mA P_bus=286.2mW E_total_accum=173.042mWh
00:15:53.726 > [BENCH] IDLE | t_inference_us=0 | heap=0.4kB/105.8kB (min=103.3kB, biggest=105.4kB) | arena=2.6kB | V_bus=4.940V I_bus=57.7mA P_bus=284.9mW E_total_accum=173.201mWh
00:15:55.761 > [BENCH] IDLE | t_inference_us=0 | heap=0.4kB/105.8kB (min=103.3kB, biggest=105.4kB) | arena=2.6kB | V_bus=4.940V I_bus=57.8mA P_bus=285.4mW E_total_accum=173.362mWh
00:15:57.774 > [BENCH] IDLE | t_inference_us=0 | heap=0.4kB/105.8kB (min=103.3kB, biggest=105.4kB) | arena=2.6kB | V_bus=4.924V I_bus=58.0mA P_bus=286.3mW E_total_accum=173.522mWh
00:15:59.792 > [BENCH] IDLE | t_inference_us=0 | heap=0.4kB/105.8kB (min=103.3kB, biggest=105.4kB) | arena=2.6kB | V_bus=4.936V I_bus=57.7mA P_bus=284.7mW E_total_accum=173.682mWh
00:16:01.825 > [BENCH] IDLE | t_inference_us=0 | heap=0.4kB/105.8kB (min=103.3kB, biggest=105.4kB) | arena=2.6kB | V_bus=4.928V I_bus=57.7mA P_bus=284.6mW E_total_accum=173.841mWh
00:16:03.841 > [BENCH] IDLE | t_inference_us=0 | heap=0.4kB/105.8kB (min=103.3kB, biggest=105.4kB) | arena=2.6kB | V_bus=4.932V I_bus=57.5mA P_bus=283.9mW E_total_accum=174.000mWh
00:16:05.855 > [BENCH] IDLE | t_inference_us=0 | heap=0.4kB/105.8kB (min=103.3kB, biggest=105.4kB) | arena=2.6kB | V_bus=4.932V I_bus=58.0mA P_bus=286.0mW E_total_accum=174.160mWh
00:16:07.889 > [BENCH] IDLE | t_inference_us=0 | heap=0.4kB/105.8kB (min=103.3kB, biggest=105.4kB) | arena=2.6kB | V_bus=4.940V I_bus=57.8mA P_bus=285.4mW E_total_accum=174.320mWh
00:16:09.906 > [BENCH] IDLE | t_inference_us=0 | heap=0.4kB/105.8kB (min=103.3kB, biggest=105.4kB) | arena=2.6kB | V_bus=4.936V I_bus=57.7mA P_bus=284.8mW E_total_accum=174.480mWh
00:16:11.923 > [BENCH] IDLE | t_inference_us=0 | heap=0.4kB/105.8kB (min=103.3kB, biggest=105.4kB) | arena=2.6kB | V_bus=4.936V I_bus=57.9mA P_bus=285.8mW E_total_accum=174.640mWh
00:16:13.955 > [BENCH] IDLE | t_inference_us=0 | heap=0.4kB/105.8kB (min=103.3kB, biggest=105.4kB) | arena=2.6kB | V_bus=4.940V I_bus=57.8mA P_bus=285.1mW E_total_accum=174.800mWh
00:16:15.976 > [BENCH] IDLE | t_inference_us=0 | heap=0.4kB/105.8kB (min=103.3kB, biggest=105.4kB) | arena=2.6kB | V_bus=4.940V I_bus=57.6mA P_bus=284.5mW E_total_accum=174.960mWh
00:16:17.985 > [BENCH] IDLE | t_inference_us=0 | heap=0.4kB/105.8kB (min=103.3kB, biggest=105.4kB) | arena=2.6kB | V_bus=4.932V I_bus=57.8mA P_bus=285.4mW E_total_accum=175.120mWh
00:16:20.019 > [BENCH] IDLE | t_inference_us=0 | heap=0.4kB/105.8kB (min=103.3kB, biggest=105.4kB) | arena=2.6kB | V_bus=4.936V I_bus=57.8mA P_bus=285.1mW E_total_accum=175.280mWh
00:16:22.048 > [BENCH] IDLE | t_inference_us=0 | heap=0.4kB/105.8kB (min=103.3kB, biggest=105.4kB) | arena=2.6kB | V_bus=4.936V I_bus=57.5mA P_bus=283.8mW E_total_accum=175.439mWh
00:16:24.071 > [BENCH] IDLE | t_inference_us=0 | heap=0.4kB/105.8kB (min=103.3kB, biggest=105.4kB) | arena=2.6kB | V_bus=4.928V I_bus=57.7mA P_bus=284.5mW E_total_accum=175.599mWh
00:16:26.084 > [BENCH] IDLE | t_inference_us=0 | heap=0.4kB/105.8kB (min=103.3kB, biggest=105.4kB) | arena=2.6kB | V_bus=4.936V I_bus=57.4mA P_bus=283.4mW E_total_accum=175.757mWh
00:16:28.118 > [BENCH] IDLE | t_inference_us=0 | heap=0.4kB/105.8kB (min=103.3kB, biggest=105.4kB) | arena=2.6kB | V_bus=4.936V I_bus=57.3mA P_bus=282.8mW E_total_accum=175.916mWh
00:16:30.133 > [BENCH] IDLE | t_inference_us=0 | heap=0.4kB/105.8kB (min=103.3kB, biggest=105.4kB) | arena=2.6kB | V_bus=4.928V I_bus=57.4mA P_bus=283.4mW E_total_accum=176.075mWh
00:16:32.151 > [BENCH] IDLE | t_inference_us=0 | heap=0.4kB/105.8kB (min=103.3kB, biggest=105.4kB) | arena=2.6kB | V_bus=4.924V I_bus=57.5mA P_bus=283.4mW E_total_accum=176.234mWh
00:16:34.185 > [BENCH] IDLE | t_inference_us=0 | heap=0.4kB/105.8kB (min=103.3kB, biggest=105.4kB) | arena=2.6kB | V_bus=4.936V I_bus=57.3mA P_bus=282.6mW E_total_accum=176.392mWh
00:16:36.210 > [BENCH] IDLE | t_inference_us=0 | heap=0.4kB/105.8kB (min=103.3kB, biggest=105.4kB) | arena=2.6kB | V_bus=4.932V I_bus=57.4mA P_bus=283.3mW E_total_accum=176.551mWh
00:16:38.232 > [BENCH] IDLE | t_inference_us=0 | heap=0.4kB/105.8kB (min=103.3kB, biggest=105.4kB) | arena=2.6kB | V_bus=4.932V I_bus=57.3mA P_bus=282.7mW E_total_accum=176.710mWh
00:16:40.255 > [BENCH] IDLE | t_inference_us=0 | heap=0.4kB/105.8kB (min=103.3kB, biggest=105.4kB) | arena=2.6kB | V_bus=4.928V I_bus=57.2mA P_bus=281.9mW E_total_accum=176.868mWh
00:16:42.277 > [BENCH] IDLE | t_inference_us=0 | heap=0.4kB/105.8kB (min=103.3kB, biggest=105.4kB) | arena=2.6kB | V_bus=4.928V I_bus=57.3mA P_bus=282.7mW E_total_accum=177.026mWh
00:16:44.283 > [BENCH] IDLE | t_inference_us=0 | heap=0.4kB/105.8kB (min=103.3kB, biggest=105.4kB) | arena=2.6kB | V_bus=4.924V I_bus=57.5mA P_bus=283.5mW E_total_accum=177.185mWh
00:16:46.320 > [BENCH] IDLE | t_inference_us=0 | heap=0.4kB/105.8kB (min=103.3kB, biggest=105.4kB) | arena=2.6kB | V_bus=4.940V I_bus=57.4mA P_bus=283.2mW E_total_accum=177.344mWh
00:16:48.331 > [BENCH] IDLE | t_inference_us=0 | heap=0.4kB/105.8kB (min=103.3kB, biggest=105.4kB) | arena=2.6kB | V_bus=4.932V I_bus=57.2mA P_bus=282.2mW E_total_accum=177.502mWh
00:16:49.713 > 
00:16:49.713 > [EVENT] type=HOUR  Tin=24.60 Hin=54.80 Tout=28.50 Hout=78.20
00:16:49.730 > [infer] REAL - Invoke executed (model ran)
00:16:49.733 > 
00:16:49.733 > [PWR] infer | E_inference_window(ΔE_total)=0.626µWh (E0=177.610275mWh E1=177.610901mWh) | E_inference_pipeline(ΔE_total)=0.916µWh (E0=177.610092mWh E1=177.611008mWh) | t_inference=6.561ms | t_inference_pipeline=11.602ms | E_total_accum=177.611mWh
00:16:49.754 > [BENCH] INFER_HOURLY | t_inference_us=6561 | heap=0.4kB/105.9kB (min=103.3kB, biggest=105.5kB) | arena=2.6kB | V_bus=4.924V I_bus=57.3mA P_bus=282.9mW E_total_accum=177.611mWh
00:16:49.770 > [HOUR] Tin=24.60 Hin=54.80 | Tp=24.16 Hp=55.17
00:16:49.777 > [HOUR] SAMPLES | N_ALL=13 N_T=13 N_H=13
00:16:49.777 > [HOUR] METRICS | MAE=nan RMSE=nan R2=NA | MAE_T=nan RMSE_T=nan R2_T=NA | MAE_H=nan RMSE_H=nan R2_H=NA
00:16:50.266 > [SENSORS] Health IN ok=1045 err=0 reinit=0 pwr=0 | OUT ok=1045 err=0 reinit=0 pwr=0
00:16:51.799 > [BENCH] IDLE | t_inference_us=0 | heap=0.4kB/105.8kB (min=103.3kB, biggest=105.4kB) | arena=2.6kB | V_bus=4.936V I_bus=57.2mA P_bus=282.5mW E_total_accum=177.773mWh
00:16:53.814 > [BENCH] IDLE | t_inference_us=0 | heap=0.4kB/105.8kB (min=103.3kB, biggest=105.4kB) | arena=2.6kB | V_bus=4.944V I_bus=57.2mA P_bus=282.4mW E_total_accum=177.932mWh
00:16:55.848 > [BENCH] IDLE | t_inference_us=0 | heap=0.4kB/105.8kB (min=103.3kB, biggest=105.4kB) | arena=2.6kB | V_bus=4.940V I_bus=57.2mA P_bus=282.3mW E_total_accum=178.090mWh
00:16:57.861 > [BENCH] IDLE | t_inference_us=0 | heap=0.4kB/105.8kB (min=103.3kB, biggest=105.4kB) | arena=2.6kB | V_bus=4.936V I_bus=57.2mA P_bus=282.3mW E_total_accum=178.248mWh
00:16:59.895 > [BENCH] IDLE | t_inference_us=0 | heap=0.4kB/105.8kB (min=103.3kB, biggest=105.4kB) | arena=2.6kB | V_bus=4.940V I_bus=57.1mA P_bus=282.2mW E_total_accum=178.407mWh
00:17:01.912 > [BENCH] IDLE | t_inference_us=0 | heap=0.4kB/105.8kB (min=103.3kB, biggest=105.4kB) | arena=2.6kB | V_bus=4.932V I_bus=57.5mA P_bus=283.9mW E_total_accum=178.566mWh
00:17:03.931 > [BENCH] IDLE | t_inference_us=0 | heap=0.4kB/105.8kB (min=103.3kB, biggest=105.4kB) | arena=2.6kB | V_bus=4.936V I_bus=57.3mA P_bus=283.1mW E_total_accum=178.725mWh
00:17:05.965 > [BENCH] IDLE | t_inference_us=0 | heap=0.4kB/105.8kB (min=103.3kB, biggest=105.4kB) | arena=2.6kB | V_bus=4.940V I_bus=57.5mA P_bus=283.7mW E_total_accum=178.884mWh
00:17:07.976 > [BENCH] IDLE | t_inference_us=0 | heap=0.4kB/105.8kB (min=103.3kB, biggest=105.4kB) | arena=2.6kB | V_bus=4.932V I_bus=57.6mA P_bus=284.4mW E_total_accum=179.043mWh
00:17:10.008 > [BENCH] IDLE | t_inference_us=0 | heap=0.4kB/105.8kB (min=103.3kB, biggest=105.4kB) | arena=2.6kB | V_bus=4.940V I_bus=57.6mA P_bus=284.5mW E_total_accum=179.203mWh
00:17:12.024 > [BENCH] IDLE | t_inference_us=0 | heap=0.4kB/105.8kB (min=103.3kB, biggest=105.4kB) | arena=2.6kB | V_bus=4.940V I_bus=57.7mA P_bus=284.7mW E_total_accum=179.362mWh
00:17:14.041 > [BENCH] IDLE | t_inference_us=0 | heap=0.4kB/105.8kB (min=103.3kB, biggest=105.4kB) | arena=2.6kB | V_bus=4.932V I_bus=58.1mA P_bus=286.6mW E_total_accum=179.523mWh
00:17:16.077 > [BENCH] IDLE | t_inference_us=0 | heap=0.4kB/105.8kB (min=103.3kB, biggest=105.4kB) | arena=2.6kB | V_bus=4.964V I_bus=58.1mA P_bus=286.9mW E_total_accum=179.684mWh
00:17:18.094 > [BENCH] IDLE | t_inference_us=0 | heap=0.4kB/105.8kB (min=103.3kB, biggest=105.4kB) | arena=2.6kB | V_bus=4.940V I_bus=57.9mA P_bus=286.0mW E_total_accum=179.844mWh
00:17:20.114 > [BENCH] IDLE | t_inference_us=0 | heap=0.4kB/105.8kB (min=103.3kB, biggest=105.4kB) | arena=2.6kB | V_bus=4.940V I_bus=57.7mA P_bus=285.3mW E_total_accum=180.004mWh
00:17:22.125 > [BENCH] IDLE | t_inference_us=0 | heap=0.4kB/105.8kB (min=103.3kB, biggest=105.4kB) | arena=2.6kB | V_bus=4.940V I_bus=57.9mA P_bus=286.2mW E_total_accum=180.164mWh
00:17:24.156 > [BENCH] IDLE | t_inference_us=0 | heap=0.4kB/105.8kB (min=103.3kB, biggest=105.4kB) | arena=2.6kB | V_bus=4.936V I_bus=58.1mA P_bus=286.9mW E_total_accum=180.325mWh
00:17:26.181 > [BENCH] IDLE | t_inference_us=0 | heap=0.4kB/105.8kB (min=103.3kB, biggest=105.4kB) | arena=2.6kB | V_bus=4.936V I_bus=58.1mA P_bus=286.8mW E_total_accum=180.486mWh
00:17:28.192 > [BENCH] IDLE | t_inference_us=0 | heap=0.4kB/105.8kB (min=103.3kB, biggest=105.4kB) | arena=2.6kB | V_bus=4.936V I_bus=58.4mA P_bus=288.4mW E_total_accum=180.648mWh
00:17:30.226 > [BENCH] IDLE | t_inference_us=0 | heap=0.4kB/105.8kB (min=103.3kB, biggest=105.4kB) | arena=2.6kB | V_bus=4.932V I_bus=58.0mA P_bus=286.3mW E_total_accum=180.808mWh
00:17:32.238 > [BENCH] IDLE | t_inference_us=0 | heap=0.4kB/105.8kB (min=103.3kB, biggest=105.4kB) | arena=2.6kB | V_bus=4.936V I_bus=57.7mA P_bus=284.7mW E_total_accum=180.968mWh
00:17:34.271 > [BENCH] IDLE | t_inference_us=0 | heap=0.4kB/105.8kB (min=103.3kB, biggest=105.4kB) | arena=2.6kB | V_bus=4.928V I_bus=57.7mA P_bus=284.7mW E_total_accum=181.127mWh
00:17:36.291 > [BENCH] IDLE | t_inference_us=0 | heap=0.4kB/105.8kB (min=103.3kB, biggest=105.4kB) | arena=2.6kB | V_bus=4.932V I_bus=57.5mA P_bus=283.5mW E_total_accum=181.287mWh
00:17:38.310 > [BENCH] IDLE | t_inference_us=0 | heap=0.4kB/105.8kB (min=103.3kB, biggest=105.4kB) | arena=2.6kB | V_bus=4.928V I_bus=57.6mA P_bus=284.0mW E_total_accum=181.446mWh
00:17:40.343 > [BENCH] IDLE | t_inference_us=0 | heap=0.4kB/105.8kB (min=103.3kB, biggest=105.4kB) | arena=2.6kB | V_bus=4.940V I_bus=57.5mA P_bus=283.5mW E_total_accum=181.605mWh
00:17:42.351 > [BENCH] IDLE | t_inference_us=0 | heap=0.4kB/105.8kB (min=103.3kB, biggest=105.4kB) | arena=2.6kB | V_bus=4.940V I_bus=57.4mA P_bus=283.3mW E_total_accum=181.764mWh
00:17:44.384 > [BENCH] IDLE | t_inference_us=0 | heap=0.4kB/105.8kB (min=103.3kB, biggest=105.4kB) | arena=2.6kB | V_bus=4.932V I_bus=57.7mA P_bus=284.8mW E_total_accum=181.924mWh
00:17:46.404 > [BENCH] IDLE | t_inference_us=0 | heap=0.4kB/105.8kB (min=103.3kB, biggest=105.4kB) | arena=2.6kB | V_bus=4.936V I_bus=57.9mA P_bus=285.7mW E_total_accum=182.084mWh
00:17:48.422 > [BENCH] IDLE | t_inference_us=0 | heap=0.4kB/105.8kB (min=103.3kB, biggest=105.4kB) | arena=2.6kB | V_bus=4.940V I_bus=57.8mA P_bus=285.3mW E_total_accum=182.244mWh
00:17:49.840 > 
00:17:49.840 > [EVENT] type=HOUR  Tin=25.10 Hin=54.00 Tout=28.50 Hout=78.70
00:17:49.857 > [infer] REAL - Invoke executed (model ran)
00:17:49.858 > 
00:17:49.858 > [PWR] infer | E_inference_window(ΔE_total)=0.626µWh (E0=182.355988mWh E1=182.356613mWh) | E_inference_pipeline(ΔE_total)=0.916µWh (E0=182.355804mWh E1=182.356720mWh) | t_inference=6.564ms | t_inference_pipeline=11.598ms | E_total_accum=182.357mWh
00:17:49.882 > [BENCH] INFER_HOURLY | t_inference_us=6564 | heap=0.4kB/105.9kB (min=103.3kB, biggest=105.5kB) | arena=2.6kB | V_bus=4.920V I_bus=57.6mA P_bus=284.3mW E_total_accum=182.357mWh
00:17:49.898 > [HOUR] Tin=25.10 Hin=54.00 | Tp=24.56 Hp=54.76
00:17:49.902 > [HOUR] SAMPLES | N_ALL=14 N_T=14 N_H=14
00:17:49.905 > [HOUR] METRICS | MAE=nan RMSE=nan R2=NA | MAE_T=nan RMSE_T=nan R2_T=NA | MAE_H=nan RMSE_H=nan R2_H=NA
00:17:50.402 > [SENSORS] Health IN ok=1074 err=0 reinit=0 pwr=0 | OUT ok=1074 err=0 reinit=0 pwr=0
00:17:51.918 > [BENCH] IDLE | t_inference_us=0 | heap=0.4kB/105.8kB (min=103.3kB, biggest=105.4kB) | arena=2.6kB | V_bus=4.940V I_bus=57.5mA P_bus=284.1mW E_total_accum=182.520mWh
00:17:53.951 > [BENCH] IDLE | t_inference_us=0 | heap=0.4kB/105.8kB (min=103.3kB, biggest=105.4kB) | arena=2.6kB | V_bus=4.940V I_bus=57.6mA P_bus=284.4mW E_total_accum=182.679mWh
00:17:55.967 > [BENCH] IDLE | t_inference_us=0 | heap=0.4kB/105.8kB (min=103.3kB, biggest=105.4kB) | arena=2.6kB | V_bus=4.932V I_bus=57.9mA P_bus=286.0mW E_total_accum=182.839mWh
00:17:57.995 > [BENCH] IDLE | t_inference_us=0 | heap=0.4kB/105.8kB (min=103.3kB, biggest=105.4kB) | arena=2.6kB | V_bus=4.936V I_bus=57.6mA P_bus=284.5mW E_total_accum=182.999mWh
00:18:00.018 > [BENCH] IDLE | t_inference_us=0 | heap=0.4kB/105.8kB (min=103.3kB, biggest=105.4kB) | arena=2.6kB | V_bus=4.920V I_bus=57.7mA P_bus=284.8mW E_total_accum=183.159mWh
00:18:02.036 > [BENCH] IDLE | t_inference_us=0 | heap=0.4kB/105.8kB (min=103.3kB, biggest=105.4kB) | arena=2.6kB | V_bus=4.928V I_bus=57.5mA P_bus=283.7mW E_total_accum=183.318mWh
00:18:04.067 > [BENCH] IDLE | t_inference_us=0 | heap=0.4kB/105.8kB (min=103.3kB, biggest=105.4kB) | arena=2.6kB | V_bus=4.940V I_bus=57.5mA P_bus=283.5mW E_total_accum=183.477mWh
00:18:06.083 > [BENCH] IDLE | t_inference_us=0 | heap=0.4kB/105.8kB (min=103.3kB, biggest=105.4kB) | arena=2.6kB | V_bus=4.932V I_bus=57.9mA P_bus=285.7mW E_total_accum=183.637mWh
00:18:08.099 > [BENCH] IDLE | t_inference_us=0 | heap=0.4kB/105.8kB (min=103.3kB, biggest=105.4kB) | arena=2.6kB | V_bus=4.940V I_bus=57.9mA P_bus=285.9mW E_total_accum=183.798mWh
00:18:10.135 > [BENCH] IDLE | t_inference_us=0 | heap=0.4kB/105.8kB (min=103.3kB, biggest=105.4kB) | arena=2.6kB | V_bus=4.932V I_bus=57.6mA P_bus=284.4mW E_total_accum=183.957mWh
00:18:12.155 > [BENCH] IDLE | t_inference_us=0 | heap=0.4kB/105.8kB (min=103.3kB, biggest=105.4kB) | arena=2.6kB | V_bus=4.924V I_bus=57.8mA P_bus=284.9mW E_total_accum=184.117mWh
00:18:14.183 > [BENCH] IDLE | t_inference_us=0 | heap=0.4kB/105.8kB (min=103.3kB, biggest=105.4kB) | arena=2.6kB | V_bus=4.932V I_bus=57.7mA P_bus=284.4mW E_total_accum=184.276mWh
00:18:16.196 > [BENCH] IDLE | t_inference_us=0 | heap=0.4kB/105.8kB (min=103.3kB, biggest=105.4kB) | arena=2.6kB | V_bus=4.940V I_bus=57.8mA P_bus=285.0mW E_total_accum=184.436mWh
00:18:18.229 > [BENCH] IDLE | t_inference_us=0 | heap=0.4kB/105.8kB (min=103.3kB, biggest=105.4kB) | arena=2.6kB | V_bus=4.936V I_bus=57.8mA P_bus=285.1mW E_total_accum=184.596mWh
00:18:20.247 > [BENCH] IDLE | t_inference_us=0 | heap=0.4kB/105.8kB (min=103.3kB, biggest=105.4kB) | arena=2.6kB | V_bus=4.944V I_bus=57.8mA P_bus=285.2mW E_total_accum=184.756mWh
00:18:22.269 > [BENCH] IDLE | t_inference_us=0 | heap=0.4kB/105.8kB (min=103.3kB, biggest=105.4kB) | arena=2.6kB | V_bus=4.928V I_bus=57.8mA P_bus=285.3mW E_total_accum=184.916mWh
00:18:24.277 > [BENCH] IDLE | t_inference_us=0 | heap=0.4kB/105.8kB (min=103.3kB, biggest=105.4kB) | arena=2.6kB | V_bus=4.924V I_bus=57.9mA P_bus=285.6mW E_total_accum=185.076mWh
00:18:26.311 > [BENCH] IDLE | t_inference_us=0 | heap=0.4kB/105.8kB (min=103.3kB, biggest=105.4kB) | arena=2.6kB | V_bus=4.960V I_bus=59.1mA P_bus=292.1mW E_total_accum=185.240mWh
00:18:28.327 > [BENCH] IDLE | t_inference_us=0 | heap=0.4kB/105.8kB (min=103.3kB, biggest=105.4kB) | arena=2.6kB | V_bus=4.940V I_bus=58.8mA P_bus=290.2mW E_total_accum=185.402mWh
00:18:30.345 > [BENCH] IDLE | t_inference_us=0 | heap=0.4kB/105.8kB (min=103.3kB, biggest=105.4kB) | arena=2.6kB | V_bus=4.940V I_bus=58.3mA P_bus=288.1mW E_total_accum=185.564mWh
00:18:32.378 > [BENCH] IDLE | t_inference_us=0 | heap=0.4kB/105.8kB (min=103.3kB, biggest=105.4kB) | arena=2.6kB | V_bus=4.932V I_bus=58.6mA P_bus=289.2mW E_total_accum=185.726mWh
00:18:34.399 > [BENCH] IDLE | t_inference_us=0 | heap=0.4kB/105.8kB (min=103.3kB, biggest=105.4kB) | arena=2.6kB | V_bus=4.936V I_bus=58.1mA P_bus=287.0mW E_total_accum=185.887mWh
00:18:36.422 > [BENCH] IDLE | t_inference_us=0 | heap=0.4kB/105.8kB (min=103.3kB, biggest=105.4kB) | arena=2.6kB | V_bus=4.932V I_bus=57.8mA P_bus=285.5mW E_total_accum=186.047mWh
00:18:38.447 > [BENCH] IDLE | t_inference_us=0 | heap=0.4kB/105.8kB (min=103.3kB, biggest=105.4kB) | arena=2.6kB | V_bus=4.932V I_bus=57.8mA P_bus=285.2mW E_total_accum=186.207mWh
00:18:40.458 > [BENCH] IDLE | t_inference_us=0 | heap=0.4kB/105.8kB (min=103.3kB, biggest=105.4kB) | arena=2.6kB | V_bus=4.940V I_bus=57.7mA P_bus=284.7mW E_total_accum=186.367mWh
00:18:42.493 > [BENCH] IDLE | t_inference_us=0 | heap=0.4kB/105.8kB (min=103.3kB, biggest=105.4kB) | arena=2.6kB | V_bus=4.924V I_bus=57.8mA P_bus=285.0mW E_total_accum=186.527mWh
00:18:44.515 > [BENCH] IDLE | t_inference_us=0 | heap=0.4kB/105.8kB (min=103.3kB, biggest=105.4kB) | arena=2.6kB | V_bus=4.932V I_bus=57.5mA P_bus=283.9mW E_total_accum=186.686mWh
00:18:46.539 > [BENCH] IDLE | t_inference_us=0 | heap=0.4kB/105.8kB (min=103.3kB, biggest=105.4kB) | arena=2.6kB | V_bus=4.936V I_bus=57.7mA P_bus=284.5mW E_total_accum=186.845mWh
00:18:48.559 > [BENCH] IDLE | t_inference_us=0 | heap=0.4kB/105.8kB (min=103.3kB, biggest=105.4kB) | arena=2.6kB | V_bus=4.932V I_bus=57.8mA P_bus=285.1mW E_total_accum=187.005mWh
00:18:49.941 > 
00:18:49.941 > [EVENT] type=HOUR  Tin=25.60 Hin=52.91 Tout=28.50 Hout=78.40
00:18:49.941 > [infer] REAL - Invoke executed (model ran)
00:18:49.955 > 
00:18:49.955 > [PWR] infer | E_inference_window(ΔE_total)=0.626µWh (E0=187.114349mWh E1=187.114975mWh) | E_inference_pipeline(ΔE_total)=0.916µWh (E0=187.114166mWh E1=187.115082mWh) | t_inference=6.562ms | t_inference_pipeline=11.593ms | E_total_accum=187.115mWh
00:18:49.979 > [BENCH] INFER_HOURLY | t_inference_us=6562 | heap=0.4kB/105.9kB (min=103.3kB, biggest=105.5kB) | arena=2.6kB | V_bus=4.932V I_bus=57.5mA P_bus=283.6mW E_total_accum=187.115mWh
00:18:49.995 > [HOUR] Tin=25.60 Hin=52.91 | Tp=25.06 Hp=53.96
00:18:49.995 > [HOUR] SAMPLES | N_ALL=15 N_T=15 N_H=15
00:18:49.995 > [HOUR] METRICS | MAE=nan RMSE=nan R2=NA | MAE_T=nan RMSE_T=nan R2_T=NA | MAE_H=nan RMSE_H=nan R2_H=NA
00:18:50.524 > [SENSORS] Health IN ok=1102 err=0 reinit=0 pwr=0 | OUT ok=1102 err=0 reinit=0 pwr=0
00:18:52.012 > [BENCH] IDLE | t_inference_us=0 | heap=0.4kB/105.8kB (min=103.3kB, biggest=105.4kB) | arena=2.6kB | V_bus=4.940V I_bus=57.5mA P_bus=283.6mW E_total_accum=187.278mWh
00:18:54.045 > [BENCH] IDLE | t_inference_us=0 | heap=0.4kB/105.8kB (min=103.3kB, biggest=105.4kB) | arena=2.6kB | V_bus=4.932V I_bus=57.9mA P_bus=285.4mW E_total_accum=187.438mWh
00:18:56.055 > [BENCH] IDLE | t_inference_us=0 | heap=0.4kB/105.8kB (min=103.3kB, biggest=105.4kB) | arena=2.6kB | V_bus=4.960V I_bus=58.7mA P_bus=290.1mW E_total_accum=187.601mWh
00:18:58.072 > [BENCH] IDLE | t_inference_us=0 | heap=0.4kB/105.8kB (min=103.3kB, biggest=105.4kB) | arena=2.6kB | V_bus=4.964V I_bus=59.6mA P_bus=294.4mW E_total_accum=187.765mWh
00:19:00.104 > [BENCH] IDLE | t_inference_us=0 | heap=0.4kB/105.8kB (min=103.3kB, biggest=105.4kB) | arena=2.6kB | V_bus=4.936V I_bus=58.9mA P_bus=291.2mW E_total_accum=187.928mWh
00:19:02.129 > [BENCH] IDLE | t_inference_us=0 | heap=0.4kB/105.8kB (min=103.3kB, biggest=105.4kB) | arena=2.6kB | V_bus=4.932V I_bus=58.9mA P_bus=291.2mW E_total_accum=188.092mWh
00:19:04.143 > [BENCH] IDLE | t_inference_us=0 | heap=0.4kB/105.8kB (min=103.3kB, biggest=105.4kB) | arena=2.6kB | V_bus=4.936V I_bus=58.4mA P_bus=288.5mW E_total_accum=188.254mWh
00:19:06.170 > [BENCH] IDLE | t_inference_us=0 | heap=0.4kB/105.8kB (min=103.3kB, biggest=105.4kB) | arena=2.6kB | V_bus=4.920V I_bus=58.4mA P_bus=288.0mW E_total_accum=188.415mWh
00:19:08.184 > [BENCH] IDLE | t_inference_us=0 | heap=0.4kB/105.8kB (min=103.3kB, biggest=105.4kB) | arena=2.6kB | V_bus=4.936V I_bus=58.3mA P_bus=287.7mW E_total_accum=188.576mWh
00:19:10.220 > [BENCH] IDLE | t_inference_us=0 | heap=0.4kB/105.8kB (min=103.3kB, biggest=105.4kB) | arena=2.6kB | V_bus=4.940V I_bus=58.1mA P_bus=286.7mW E_total_accum=188.737mWh
00:19:12.240 > [BENCH] IDLE | t_inference_us=0 | heap=0.4kB/105.8kB (min=103.3kB, biggest=105.4kB) | arena=2.6kB | V_bus=4.928V I_bus=58.1mA P_bus=286.6mW E_total_accum=188.898mWh
00:19:14.254 > [BENCH] IDLE | t_inference_us=0 | heap=0.4kB/105.8kB (min=103.3kB, biggest=105.4kB) | arena=2.6kB | V_bus=4.932V I_bus=57.8mA P_bus=285.3mW E_total_accum=189.058mWh
00:19:16.290 > [BENCH] IDLE | t_inference_us=0 | heap=0.4kB/105.8kB (min=103.3kB, biggest=105.4kB) | arena=2.6kB | V_bus=4.940V I_bus=57.9mA P_bus=285.8mW E_total_accum=189.218mWh
00:19:18.300 > [BENCH] IDLE | t_inference_us=0 | heap=0.4kB/105.8kB (min=103.3kB, biggest=105.4kB) | arena=2.6kB | V_bus=4.932V I_bus=58.1mA P_bus=286.7mW E_total_accum=189.379mWh
00:19:20.336 > [BENCH] IDLE | t_inference_us=0 | heap=0.4kB/105.8kB (min=103.3kB, biggest=105.4kB) | arena=2.6kB | V_bus=4.932V I_bus=57.8mA P_bus=285.2mW E_total_accum=189.539mWh
00:19:22.351 > [BENCH] IDLE | t_inference_us=0 | heap=0.4kB/105.8kB (min=103.3kB, biggest=105.4kB) | arena=2.6kB | V_bus=4.940V I_bus=58.0mA P_bus=286.5mW E_total_accum=189.700mWh
00:19:24.370 > [BENCH] IDLE | t_inference_us=0 | heap=0.4kB/105.8kB (min=103.3kB, biggest=105.4kB) | arena=2.6kB | V_bus=4.936V I_bus=58.1mA P_bus=286.7mW E_total_accum=189.860mWh
00:19:26.385 > [BENCH] IDLE | t_inference_us=0 | heap=0.4kB/105.8kB (min=103.3kB, biggest=105.4kB) | arena=2.6kB | V_bus=4.936V I_bus=57.8mA P_bus=285.1mW E_total_accum=190.020mWh
00:19:28.418 > [BENCH] IDLE | t_inference_us=0 | heap=0.4kB/105.8kB (min=103.3kB, biggest=105.4kB) | arena=2.6kB | V_bus=4.932V I_bus=57.7mA P_bus=284.7mW E_total_accum=190.180mWh
00:19:30.449 > [BENCH] IDLE | t_inference_us=0 | heap=0.4kB/105.8kB (min=103.3kB, biggest=105.4kB) | arena=2.6kB | V_bus=4.940V I_bus=57.7mA P_bus=284.9mW E_total_accum=190.340mWh
00:19:32.471 > [BENCH] IDLE | t_inference_us=0 | heap=0.4kB/105.8kB (min=103.3kB, biggest=105.4kB) | arena=2.6kB | V_bus=4.936V I_bus=57.5mA P_bus=283.6mW E_total_accum=190.499mWh
00:19:34.482 > [BENCH] IDLE | t_inference_us=0 | heap=0.4kB/105.8kB (min=103.3kB, biggest=105.4kB) | arena=2.6kB | V_bus=4.924V I_bus=57.6mA P_bus=284.3mW E_total_accum=190.658mWh
00:19:36.516 > [BENCH] IDLE | t_inference_us=0 | heap=0.4kB/105.8kB (min=103.3kB, biggest=105.4kB) | arena=2.6kB | V_bus=4.940V I_bus=57.6mA P_bus=284.1mW E_total_accum=190.817mWh
00:19:38.533 > [BENCH] IDLE | t_inference_us=0 | heap=0.4kB/105.8kB (min=103.3kB, biggest=105.4kB) | arena=2.6kB | V_bus=4.964V I_bus=57.8mA P_bus=285.5mW E_total_accum=190.977mWh
00:19:40.545 > [BENCH] IDLE | t_inference_us=0 | heap=0.4kB/105.8kB (min=103.3kB, biggest=105.4kB) | arena=2.6kB | V_bus=4.932V I_bus=57.6mA P_bus=284.4mW E_total_accum=191.137mWh
00:19:42.563 > [BENCH] IDLE | t_inference_us=0 | heap=0.4kB/105.8kB (min=103.3kB, biggest=105.4kB) | arena=2.6kB | V_bus=4.920V I_bus=57.7mA P_bus=284.7mW E_total_accum=191.296mWh
00:19:44.587 > [BENCH] IDLE | t_inference_us=0 | heap=0.4kB/105.8kB (min=103.3kB, biggest=105.4kB) | arena=2.6kB | V_bus=4.940V I_bus=57.6mA P_bus=284.3mW E_total_accum=191.456mWh
00:19:46.613 > [BENCH] IDLE | t_inference_us=0 | heap=0.4kB/105.8kB (min=103.3kB, biggest=105.4kB) | arena=2.6kB | V_bus=4.928V I_bus=57.7mA P_bus=284.6mW E_total_accum=191.615mWh
00:19:48.647 > [BENCH] IDLE | t_inference_us=0 | heap=0.4kB/105.8kB (min=103.3kB, biggest=105.4kB) | arena=2.6kB | V_bus=4.932V I_bus=57.5mA P_bus=283.9mW E_total_accum=191.775mWh
00:19:50.059 > 
00:19:50.059 > [EVENT] type=HOUR  Tin=26.00 Hin=52.32 Tout=28.40 Hout=77.80
00:19:50.078 > [infer] REAL - Invoke executed (model ran)
00:19:50.080 > 
00:19:50.080 > [PWR] infer | E_inference_window(ΔE_total)=0.626µWh (E0=191.886780mWh E1=191.887405mWh) | E_inference_pipeline(ΔE_total)=0.916µWh (E0=191.886597mWh E1=191.887512mWh) | t_inference=6.561ms | t_inference_pipeline=11.593ms | E_total_accum=191.888mWh
00:19:50.103 > [BENCH] INFER_HOURLY | t_inference_us=6561 | heap=0.4kB/105.9kB (min=103.3kB, biggest=105.5kB) | arena=2.6kB | V_bus=4.928V I_bus=57.1mA P_bus=281.5mW E_total_accum=191.888mWh
00:19:50.119 > [HOUR] Tin=26.00 Hin=52.32 | Tp=25.56 Hp=52.88
00:19:50.125 > [HOUR] SAMPLES | N_ALL=16 N_T=16 N_H=16
00:19:50.127 > [HOUR] METRICS | MAE=nan RMSE=nan R2=NA | MAE_T=nan RMSE_T=nan R2_T=NA | MAE_H=nan RMSE_H=nan R2_H=NA
00:19:50.656 > [SENSORS] Health IN ok=1130 err=0 reinit=0 pwr=0 | OUT ok=1130 err=0 reinit=0 pwr=0
00:19:52.145 > [BENCH] IDLE | t_inference_us=0 | heap=0.4kB/105.8kB (min=103.3kB, biggest=105.4kB) | arena=2.6kB | V_bus=4.940V I_bus=57.2mA P_bus=282.2mW E_total_accum=192.050mWh
00:19:54.161 > [BENCH] IDLE | t_inference_us=0 | heap=0.4kB/105.8kB (min=103.3kB, biggest=105.4kB) | arena=2.6kB | V_bus=4.932V I_bus=57.1mA P_bus=281.5mW E_total_accum=192.208mWh
00:19:56.195 > [BENCH] IDLE | t_inference_us=0 | heap=0.4kB/105.8kB (min=103.3kB, biggest=105.4kB) | arena=2.6kB | V_bus=4.940V I_bus=57.0mA P_bus=281.0mW E_total_accum=192.365mWh
00:19:58.212 > [BENCH] IDLE | t_inference_us=0 | heap=0.4kB/105.8kB (min=103.3kB, biggest=105.4kB) | arena=2.6kB | V_bus=4.928V I_bus=57.1mA P_bus=281.9mW E_total_accum=192.523mWh
00:20:00.239 > [BENCH] IDLE | t_inference_us=0 | heap=0.4kB/105.8kB (min=103.3kB, biggest=105.4kB) | arena=2.6kB | V_bus=4.932V I_bus=57.0mA P_bus=281.0mW E_total_accum=192.681mWh
00:20:02.267 > [BENCH] IDLE | t_inference_us=0 | heap=0.4kB/105.8kB (min=103.3kB, biggest=105.4kB) | arena=2.6kB | V_bus=4.940V I_bus=57.2mA P_bus=282.3mW E_total_accum=192.839mWh
00:20:04.292 > [BENCH] IDLE | t_inference_us=0 | heap=0.4kB/105.8kB (min=103.3kB, biggest=105.4kB) | arena=2.6kB | V_bus=4.932V I_bus=57.1mA P_bus=281.8mW E_total_accum=192.997mWh
00:20:06.315 > [BENCH] IDLE | t_inference_us=0 | heap=0.4kB/105.8kB (min=103.3kB, biggest=105.4kB) | arena=2.6kB | V_bus=4.940V I_bus=57.0mA P_bus=281.4mW E_total_accum=193.155mWh
00:20:08.334 > [BENCH] IDLE | t_inference_us=0 | heap=0.4kB/105.8kB (min=103.3kB, biggest=105.4kB) | arena=2.6kB | V_bus=4.932V I_bus=57.4mA P_bus=283.0mW E_total_accum=193.314mWh
00:20:10.348 > [BENCH] IDLE | t_inference_us=0 | heap=0.4kB/105.8kB (min=103.3kB, biggest=105.4kB) | arena=2.6kB | V_bus=4.932V I_bus=57.3mA P_bus=282.8mW E_total_accum=193.472mWh
00:20:12.373 > [BENCH] IDLE | t_inference_us=0 | heap=0.4kB/105.8kB (min=103.3kB, biggest=105.4kB) | arena=2.6kB | V_bus=4.924V I_bus=57.5mA P_bus=283.5mW E_total_accum=193.631mWh
00:20:14.390 > [BENCH] IDLE | t_inference_us=0 | heap=0.4kB/105.8kB (min=103.3kB, biggest=105.4kB) | arena=2.6kB | V_bus=4.940V I_bus=57.6mA P_bus=284.0mW E_total_accum=193.790mWh
00:20:16.407 > [BENCH] IDLE | t_inference_us=0 | heap=0.4kB/105.8kB (min=103.3kB, biggest=105.4kB) | arena=2.6kB | V_bus=4.936V I_bus=57.4mA P_bus=283.1mW E_total_accum=193.949mWh
00:20:18.440 > [BENCH] IDLE | t_inference_us=0 | heap=0.4kB/105.8kB (min=103.3kB, biggest=105.4kB) | arena=2.6kB | V_bus=4.932V I_bus=57.2mA P_bus=282.4mW E_total_accum=194.107mWh
00:20:20.467 > [BENCH] IDLE | t_inference_us=0 | heap=0.4kB/105.8kB (min=103.3kB, biggest=105.4kB) | arena=2.6kB | V_bus=4.932V I_bus=57.1mA P_bus=281.6mW E_total_accum=194.265mWh
00:20:22.487 > [BENCH] IDLE | t_inference_us=0 | heap=0.4kB/105.8kB (min=103.3kB, biggest=105.4kB) | arena=2.6kB | V_bus=4.932V I_bus=57.4mA P_bus=283.1mW E_total_accum=194.424mWh
00:20:24.503 > [BENCH] IDLE | t_inference_us=0 | heap=0.4kB/105.8kB (min=103.3kB, biggest=105.4kB) | arena=2.6kB | V_bus=4.932V I_bus=57.7mA P_bus=284.6mW E_total_accum=194.584mWh
00:20:26.526 > [BENCH] IDLE | t_inference_us=0 | heap=0.4kB/105.8kB (min=103.3kB, biggest=105.4kB) | arena=2.6kB | V_bus=4.932V I_bus=57.4mA P_bus=283.2mW E_total_accum=194.742mWh
00:20:28.555 > [BENCH] IDLE | t_inference_us=0 | heap=0.4kB/105.8kB (min=103.3kB, biggest=105.4kB) | arena=2.6kB | V_bus=4.944V I_bus=57.4mA P_bus=283.1mW E_total_accum=194.901mWh
00:20:30.574 > [BENCH] IDLE | t_inference_us=0 | heap=0.4kB/105.8kB (min=103.3kB, biggest=105.4kB) | arena=2.6kB | V_bus=4.932V I_bus=57.7mA P_bus=284.6mW E_total_accum=195.061mWh
00:20:32.604 > [BENCH] IDLE | t_inference_us=0 | heap=0.4kB/105.8kB (min=103.3kB, biggest=105.4kB) | arena=2.6kB | V_bus=4.932V I_bus=57.6mA P_bus=284.2mW E_total_accum=195.220mWh
00:20:34.621 > [BENCH] IDLE | t_inference_us=0 | heap=0.4kB/105.8kB (min=103.3kB, biggest=105.4kB) | arena=2.6kB | V_bus=4.940V I_bus=57.5mA P_bus=284.0mW E_total_accum=195.379mWh
00:20:36.649 > [BENCH] IDLE | t_inference_us=0 | heap=0.4kB/105.8kB (min=103.3kB, biggest=105.4kB) | arena=2.6kB | V_bus=4.924V I_bus=57.7mA P_bus=284.4mW E_total_accum=195.539mWh
00:20:38.668 > [BENCH] IDLE | t_inference_us=0 | heap=0.4kB/105.8kB (min=103.3kB, biggest=105.4kB) | arena=2.6kB | V_bus=4.936V I_bus=57.5mA P_bus=283.5mW E_total_accum=195.698mWh
00:20:40.689 > [BENCH] IDLE | t_inference_us=0 | heap=0.4kB/105.8kB (min=103.3kB, biggest=105.4kB) | arena=2.6kB | V_bus=4.936V I_bus=57.3mA P_bus=282.6mW E_total_accum=195.856mWh
00:20:42.713 > [BENCH] IDLE | t_inference_us=0 | heap=0.4kB/105.8kB (min=103.3kB, biggest=105.4kB) | arena=2.6kB | V_bus=4.932V I_bus=57.4mA P_bus=283.1mW E_total_accum=196.015mWh
00:20:44.735 > [BENCH] IDLE | t_inference_us=0 | heap=0.4kB/105.8kB (min=103.3kB, biggest=105.4kB) | arena=2.6kB | V_bus=4.932V I_bus=57.7mA P_bus=284.7mW E_total_accum=196.174mWh
00:20:46.755 > [BENCH] IDLE | t_inference_us=0 | heap=0.4kB/105.8kB (min=103.3kB, biggest=105.4kB) | arena=2.6kB | V_bus=4.932V I_bus=57.5mA P_bus=283.6mW E_total_accum=196.334mWh
00:20:48.776 > [BENCH] IDLE | t_inference_us=0 | heap=0.4kB/105.8kB (min=103.3kB, biggest=105.4kB) | arena=2.6kB | V_bus=4.960V I_bus=57.6mA P_bus=284.6mW E_total_accum=196.493mWh
00:20:50.183 > 
00:20:50.183 > [EVENT] type=HOUR  Tin=26.30 Hin=51.51 Tout=28.50 Hout=78.60
00:20:50.207 > [infer] REAL - Invoke executed (model ran)
00:20:50.211 > 
00:20:50.211 > [PWR] infer | E_inference_window(ΔE_total)=0.626µWh (E0=196.607162mWh E1=196.607788mWh) | E_inference_pipeline(ΔE_total)=0.916µWh (E0=196.606979mWh E1=196.607895mWh) | t_inference=6.566ms | t_inference_pipeline=11.599ms | E_total_accum=196.608mWh
00:20:50.233 > [BENCH] INFER_HOURLY | t_inference_us=6566 | heap=0.4kB/105.9kB (min=103.3kB, biggest=105.5kB) | arena=2.6kB | V_bus=4.924V I_bus=58.0mA P_bus=286.6mW E_total_accum=196.608mWh
00:20:50.249 > [HOUR] Tin=26.30 Hin=51.51 | Tp=25.96 Hp=52.28
00:20:50.253 > [HOUR] SAMPLES | N_ALL=17 N_T=17 N_H=17
00:20:50.255 > [HOUR] METRICS | MAE=nan RMSE=nan R2=NA | MAE_T=nan RMSE_T=nan R2_T=NA | MAE_H=nan RMSE_H=nan R2_H=NA
00:20:50.781 > [SENSORS] Health IN ok=1158 err=0 reinit=0 pwr=0 | OUT ok=1158 err=0 reinit=0 pwr=0
00:20:52.268 > [BENCH] IDLE | t_inference_us=0 | heap=0.4kB/105.8kB (min=103.3kB, biggest=105.4kB) | arena=2.6kB | V_bus=4.928V I_bus=58.1mA P_bus=286.7mW E_total_accum=196.772mWh
00:20:54.291 > [BENCH] IDLE | t_inference_us=0 | heap=0.4kB/105.8kB (min=103.3kB, biggest=105.4kB) | arena=2.6kB | V_bus=4.940V I_bus=57.9mA P_bus=285.7mW E_total_accum=196.932mWh
00:20:56.310 > [BENCH] IDLE | t_inference_us=0 | heap=0.4kB/105.8kB (min=103.3kB, biggest=105.4kB) | arena=2.6kB | V_bus=4.936V I_bus=57.6mA P_bus=284.6mW E_total_accum=197.092mWh
00:20:58.331 > [BENCH] IDLE | t_inference_us=0 | heap=0.4kB/105.8kB (min=103.3kB, biggest=105.4kB) | arena=2.6kB | V_bus=4.924V I_bus=57.9mA P_bus=285.9mW E_total_accum=197.252mWh
00:21:00.368 > [BENCH] IDLE | t_inference_us=0 | heap=0.4kB/105.8kB (min=103.3kB, biggest=105.4kB) | arena=2.6kB | V_bus=4.944V I_bus=57.8mA P_bus=285.2mW E_total_accum=197.412mWh
00:21:02.382 > [BENCH] IDLE | t_inference_us=0 | heap=0.4kB/105.8kB (min=103.3kB, biggest=105.4kB) | arena=2.6kB | V_bus=4.932V I_bus=57.6mA P_bus=284.1mW E_total_accum=197.572mWh
00:21:04.415 > [BENCH] IDLE | t_inference_us=0 | heap=0.4kB/105.8kB (min=103.3kB, biggest=105.4kB) | arena=2.6kB | V_bus=4.936V I_bus=57.9mA P_bus=285.6mW E_total_accum=197.732mWh
00:21:06.429 > [BENCH] IDLE | t_inference_us=0 | heap=0.4kB/105.8kB (min=103.3kB, biggest=105.4kB) | arena=2.6kB | V_bus=4.928V I_bus=57.9mA P_bus=285.5mW E_total_accum=197.892mWh
00:21:08.445 > [BENCH] IDLE | t_inference_us=0 | heap=0.4kB/105.8kB (min=103.3kB, biggest=105.4kB) | arena=2.6kB | V_bus=4.940V I_bus=57.7mA P_bus=284.9mW E_total_accum=198.051mWh
00:21:10.467 > [BENCH] IDLE | t_inference_us=0 | heap=0.4kB/105.8kB (min=103.3kB, biggest=105.4kB) | arena=2.6kB | V_bus=4.932V I_bus=57.7mA P_bus=284.9mW E_total_accum=198.211mWh
00:21:12.498 > [BENCH] IDLE | t_inference_us=0 | heap=0.4kB/105.8kB (min=103.3kB, biggest=105.4kB) | arena=2.6kB | V_bus=4.932V I_bus=57.8mA P_bus=285.2mW E_total_accum=198.371mWh
00:21:14.528 > [BENCH] IDLE | t_inference_us=0 | heap=0.4kB/105.8kB (min=103.3kB, biggest=105.4kB) | arena=2.6kB | V_bus=4.936V I_bus=57.5mA P_bus=283.9mW E_total_accum=198.530mWh
00:21:16.545 > [BENCH] IDLE | t_inference_us=0 | heap=0.4kB/105.8kB (min=103.3kB, biggest=105.4kB) | arena=2.6kB | V_bus=4.940V I_bus=57.6mA P_bus=284.2mW E_total_accum=198.690mWh
00:21:18.563 > [BENCH] IDLE | t_inference_us=0 | heap=0.4kB/105.8kB (min=103.3kB, biggest=105.4kB) | arena=2.6kB | V_bus=4.956V I_bus=58.2mA P_bus=287.4mW E_total_accum=198.851mWh
00:21:20.578 > [BENCH] IDLE | t_inference_us=0 | heap=0.4kB/105.8kB (min=103.3kB, biggest=105.4kB) | arena=2.6kB | V_bus=4.924V I_bus=58.1mA P_bus=286.9mW E_total_accum=199.011mWh
00:21:22.600 > [BENCH] IDLE | t_inference_us=0 | heap=0.4kB/105.8kB (min=103.3kB, biggest=105.4kB) | arena=2.6kB | V_bus=4.940V I_bus=58.1mA P_bus=286.8mW E_total_accum=199.172mWh
00:21:24.620 > [BENCH] IDLE | t_inference_us=0 | heap=0.4kB/105.8kB (min=103.3kB, biggest=105.4kB) | arena=2.6kB | V_bus=4.924V I_bus=58.1mA P_bus=286.9mW E_total_accum=199.333mWh
00:21:26.656 > [BENCH] IDLE | t_inference_us=0 | heap=0.4kB/105.8kB (min=103.3kB, biggest=105.4kB) | arena=2.6kB | V_bus=4.940V I_bus=58.1mA P_bus=286.7mW E_total_accum=199.494mWh
00:21:28.665 > [BENCH] IDLE | t_inference_us=0 | heap=0.4kB/105.8kB (min=103.3kB, biggest=105.4kB) | arena=2.6kB | V_bus=4.932V I_bus=58.0mA P_bus=286.1mW E_total_accum=199.654mWh
00:21:30.688 > [BENCH] IDLE | t_inference_us=0 | heap=0.4kB/105.8kB (min=103.3kB, biggest=105.4kB) | arena=2.6kB | V_bus=4.932V I_bus=58.2mA P_bus=287.2mW E_total_accum=199.815mWh
00:21:32.722 > [BENCH] IDLE | t_inference_us=0 | heap=0.4kB/105.8kB (min=103.3kB, biggest=105.4kB) | arena=2.6kB | V_bus=4.936V I_bus=57.9mA P_bus=285.5mW E_total_accum=199.975mWh
00:21:34.748 > [BENCH] IDLE | t_inference_us=0 | heap=0.4kB/105.8kB (min=103.3kB, biggest=105.4kB) | arena=2.6kB | V_bus=4.932V I_bus=58.1mA P_bus=286.9mW E_total_accum=200.137mWh
00:21:36.762 > [BENCH] IDLE | t_inference_us=0 | heap=0.4kB/105.8kB (min=103.3kB, biggest=105.4kB) | arena=2.6kB | V_bus=4.932V I_bus=57.8mA P_bus=285.2mW E_total_accum=200.296mWh
00:21:38.793 > [BENCH] IDLE | t_inference_us=0 | heap=0.4kB/105.8kB (min=103.3kB, biggest=105.4kB) | arena=2.6kB | V_bus=4.932V I_bus=57.9mA P_bus=285.4mW E_total_accum=200.457mWh
00:21:40.815 > [BENCH] IDLE | t_inference_us=0 | heap=0.4kB/105.8kB (min=103.3kB, biggest=105.4kB) | arena=2.6kB | V_bus=4.920V I_bus=57.9mA P_bus=285.3mW E_total_accum=200.616mWh
00:21:42.839 > [BENCH] IDLE | t_inference_us=0 | heap=0.4kB/105.8kB (min=103.3kB, biggest=105.4kB) | arena=2.6kB | V_bus=4.936V I_bus=57.8mA P_bus=284.9mW E_total_accum=200.776mWh
00:21:44.847 > [BENCH] IDLE | t_inference_us=0 | heap=0.4kB/105.8kB (min=103.3kB, biggest=105.4kB) | arena=2.6kB | V_bus=4.932V I_bus=57.5mA P_bus=283.7mW E_total_accum=200.935mWh
00:21:46.882 > [BENCH] IDLE | t_inference_us=0 | heap=0.4kB/105.8kB (min=103.3kB, biggest=105.4kB) | arena=2.6kB | V_bus=4.932V I_bus=57.9mA P_bus=285.7mW E_total_accum=201.095mWh
00:21:48.907 > [BENCH] IDLE | t_inference_us=0 | heap=0.4kB/105.8kB (min=103.3kB, biggest=105.4kB) | arena=2.6kB | V_bus=4.936V I_bus=57.6mA P_bus=284.3mW E_total_accum=201.255mWh
00:21:50.267 > 
00:21:50.267 > [EVENT] type=HOUR  Tin=26.60 Hin=51.50 Tout=28.50 Hout=78.60
00:21:50.289 > [infer] REAL - Invoke executed (model ran)
00:21:50.291 > 
00:21:50.291 > [PWR] infer | E_inference_window(ΔE_total)=0.626µWh (E0=201.363510mWh E1=201.364136mWh) | E_inference_pipeline(ΔE_total)=0.916µWh (E0=201.363327mWh E1=201.364243mWh) | t_inference=6.561ms | t_inference_pipeline=11.599ms | E_total_accum=201.364mWh
00:21:50.313 > [BENCH] INFER_HOURLY | t_inference_us=6561 | heap=0.4kB/105.9kB (min=103.3kB, biggest=105.5kB) | arena=2.6kB | V_bus=4.932V I_bus=57.8mA P_bus=284.9mW E_total_accum=201.364mWh
00:21:50.331 > [HOUR] Tin=26.60 Hin=51.50 | Tp=26.26 Hp=51.47
00:21:50.334 > [HOUR] SAMPLES | N_ALL=18 N_T=18 N_H=18
00:21:50.337 > [HOUR] METRICS | MAE=nan RMSE=nan R2=NA | MAE_T=nan RMSE_T=nan R2_T=NA | MAE_H=nan RMSE_H=nan R2_H=NA
00:21:50.917 > [SENSORS] Health IN ok=1187 err=0 reinit=0 pwr=0 | OUT ok=1187 err=0 reinit=0 pwr=0
00:21:52.363 > [BENCH] IDLE | t_inference_us=0 | heap=0.4kB/105.8kB (min=103.3kB, biggest=105.4kB) | arena=2.6kB | V_bus=4.932V I_bus=57.8mA P_bus=284.9mW E_total_accum=201.528mWh
00:21:54.377 > [BENCH] IDLE | t_inference_us=0 | heap=0.4kB/105.8kB (min=103.3kB, biggest=105.4kB) | arena=2.6kB | V_bus=4.936V I_bus=57.5mA P_bus=283.6mW E_total_accum=201.687mWh
00:21:56.408 > [BENCH] IDLE | t_inference_us=0 | heap=0.4kB/105.8kB (min=103.3kB, biggest=105.4kB) | arena=2.6kB | V_bus=4.936V I_bus=57.7mA P_bus=284.6mW E_total_accum=201.846mWh
00:21:58.428 > [BENCH] IDLE | t_inference_us=0 | heap=0.4kB/105.8kB (min=103.3kB, biggest=105.4kB) | arena=2.6kB | V_bus=4.936V I_bus=57.4mA P_bus=283.4mW E_total_accum=202.006mWh
00:22:00.448 > [BENCH] IDLE | t_inference_us=0 | heap=0.4kB/105.8kB (min=103.3kB, biggest=105.4kB) | arena=2.6kB | V_bus=4.940V I_bus=57.5mA P_bus=283.7mW E_total_accum=202.165mWh
00:22:02.479 > [BENCH] IDLE | t_inference_us=0 | heap=0.4kB/105.8kB (min=103.3kB, biggest=105.4kB) | arena=2.6kB | V_bus=4.932V I_bus=57.4mA P_bus=283.1mW E_total_accum=202.323mWh
00:22:04.486 > [BENCH] IDLE | t_inference_us=0 | heap=0.4kB/105.8kB (min=103.3kB, biggest=105.4kB) | arena=2.6kB | V_bus=4.940V I_bus=57.5mA P_bus=283.7mW E_total_accum=202.482mWh
00:22:06.520 > [BENCH] IDLE | t_inference_us=0 | heap=0.4kB/105.8kB (min=103.3kB, biggest=105.4kB) | arena=2.6kB | V_bus=4.928V I_bus=57.6mA P_bus=284.2mW E_total_accum=202.642mWh
00:22:08.543 > [BENCH] IDLE | t_inference_us=0 | heap=0.4kB/105.8kB (min=103.3kB, biggest=105.4kB) | arena=2.6kB | V_bus=4.932V I_bus=57.9mA P_bus=285.6mW E_total_accum=202.802mWh
00:22:10.566 > [BENCH] IDLE | t_inference_us=0 | heap=0.4kB/105.8kB (min=103.3kB, biggest=105.4kB) | arena=2.6kB | V_bus=4.936V I_bus=57.6mA P_bus=284.1mW E_total_accum=202.961mWh
00:22:12.591 > [BENCH] IDLE | t_inference_us=0 | heap=0.4kB/105.8kB (min=103.3kB, biggest=105.4kB) | arena=2.6kB | V_bus=4.924V I_bus=57.7mA P_bus=284.6mW E_total_accum=203.121mWh
00:22:14.611 > [BENCH] IDLE | t_inference_us=0 | heap=0.4kB/105.8kB (min=103.3kB, biggest=105.4kB) | arena=2.6kB | V_bus=4.936V I_bus=57.6mA P_bus=284.4mW E_total_accum=203.280mWh
00:22:16.636 > [BENCH] IDLE | t_inference_us=0 | heap=0.4kB/105.8kB (min=103.3kB, biggest=105.4kB) | arena=2.6kB | V_bus=4.928V I_bus=57.7mA P_bus=284.8mW E_total_accum=203.440mWh
00:22:18.659 > [BENCH] IDLE | t_inference_us=0 | heap=0.4kB/105.8kB (min=103.3kB, biggest=105.4kB) | arena=2.6kB | V_bus=4.932V I_bus=57.8mA P_bus=284.8mW E_total_accum=203.600mWh
00:22:20.681 > [BENCH] IDLE | t_inference_us=0 | heap=0.4kB/105.8kB (min=103.3kB, biggest=105.4kB) | arena=2.6kB | V_bus=4.936V I_bus=57.5mA P_bus=283.6mW E_total_accum=203.759mWh
00:22:22.706 > [BENCH] IDLE | t_inference_us=0 | heap=0.4kB/105.8kB (min=103.3kB, biggest=105.4kB) | arena=2.6kB | V_bus=4.932V I_bus=57.9mA P_bus=285.7mW E_total_accum=203.919mWh
00:22:24.721 > [BENCH] IDLE | t_inference_us=0 | heap=0.4kB/105.8kB (min=103.3kB, biggest=105.4kB) | arena=2.6kB | V_bus=4.932V I_bus=57.6mA P_bus=284.1mW E_total_accum=204.078mWh
00:22:26.745 > [BENCH] IDLE | t_inference_us=0 | heap=0.4kB/105.8kB (min=103.3kB, biggest=105.4kB) | arena=2.6kB | V_bus=4.936V I_bus=57.6mA P_bus=283.9mW E_total_accum=204.238mWh
00:22:28.764 > [BENCH] IDLE | t_inference_us=0 | heap=0.4kB/105.8kB (min=103.3kB, biggest=105.4kB) | arena=2.6kB | V_bus=4.952V I_bus=58.8mA P_bus=290.5mW E_total_accum=204.400mWh
00:22:30.789 > [BENCH] IDLE | t_inference_us=0 | heap=0.4kB/105.8kB (min=103.3kB, biggest=105.4kB) | arena=2.6kB | V_bus=4.928V I_bus=58.9mA P_bus=290.9mW E_total_accum=204.563mWh
00:22:32.810 > [BENCH] IDLE | t_inference_us=0 | heap=0.4kB/105.8kB (min=103.3kB, biggest=105.4kB) | arena=2.6kB | V_bus=4.928V I_bus=58.5mA P_bus=288.6mW E_total_accum=204.725mWh
00:22:34.819 > [BENCH] IDLE | t_inference_us=0 | heap=0.4kB/105.8kB (min=103.3kB, biggest=105.4kB) | arena=2.6kB | V_bus=4.936V I_bus=58.3mA P_bus=287.7mW E_total_accum=204.886mWh
00:22:36.849 > [BENCH] IDLE | t_inference_us=0 | heap=0.4kB/105.8kB (min=103.3kB, biggest=105.4kB) | arena=2.6kB | V_bus=4.932V I_bus=58.1mA P_bus=286.8mW E_total_accum=205.047mWh
00:22:38.874 > [BENCH] IDLE | t_inference_us=0 | heap=0.4kB/105.8kB (min=103.3kB, biggest=105.4kB) | arena=2.6kB | V_bus=4.932V I_bus=57.8mA P_bus=285.3mW E_total_accum=205.207mWh
00:22:40.890 > [BENCH] IDLE | t_inference_us=0 | heap=0.4kB/105.8kB (min=103.3kB, biggest=105.4kB) | arena=2.6kB | V_bus=4.928V I_bus=58.2mA P_bus=287.1mW E_total_accum=205.368mWh
00:22:42.919 > [BENCH] IDLE | t_inference_us=0 | heap=0.4kB/105.8kB (min=103.3kB, biggest=105.4kB) | arena=2.6kB | V_bus=4.928V I_bus=57.9mA P_bus=285.4mW E_total_accum=205.528mWh
00:22:44.945 > [BENCH] IDLE | t_inference_us=0 | heap=0.4kB/105.8kB (min=103.3kB, biggest=105.4kB) | arena=2.6kB | V_bus=4.940V I_bus=57.9mA P_bus=285.6mW E_total_accum=205.688mWh
00:22:46.965 > [BENCH] IDLE | t_inference_us=0 | heap=0.4kB/105.8kB (min=103.3kB, biggest=105.4kB) | arena=2.6kB | V_bus=4.924V I_bus=58.0mA P_bus=285.9mW E_total_accum=205.848mWh
00:22:48.987 > [BENCH] IDLE | t_inference_us=0 | heap=0.4kB/105.8kB (min=103.3kB, biggest=105.4kB) | arena=2.6kB | V_bus=4.940V I_bus=57.9mA P_bus=285.4mW E_total_accum=206.008mWh
00:22:50.415 > 
00:22:50.415 > [EVENT] type=HOUR  Tin=26.80 Hin=51.55 Tout=28.50 Hout=78.30
00:22:50.427 > [infer] REAL - Invoke executed (model ran)
00:22:50.429 > 
00:22:50.429 > [PWR] infer | E_inference_window(ΔE_total)=0.641µWh (E0=206.121994mWh E1=206.122635mWh) | E_inference_pipeline(ΔE_total)=0.931µWh (E0=206.121811mWh E1=206.122742mWh) | t_inference=6.564ms | t_inference_pipeline=11.597ms | E_total_accum=206.123mWh
00:22:50.451 > [BENCH] INFER_HOURLY | t_inference_us=6564 | heap=0.4kB/105.9kB (min=103.3kB, biggest=105.5kB) | arena=2.6kB | V_bus=4.940V I_bus=58.6mA P_bus=289.0mW E_total_accum=206.123mWh
00:22:50.479 > [HOUR] Tin=26.80 Hin=51.55 | Tp=26.56 Hp=51.46
00:22:50.479 > [HOUR] SAMPLES | N_ALL=19 N_T=19 N_H=19
00:22:50.479 > [HOUR] METRICS | MAE=nan RMSE=nan R2=NA | MAE_T=nan RMSE_T=nan R2_T=NA | MAE_H=nan RMSE_H=nan R2_H=NA
00:22:51.041 > [SENSORS] Health IN ok=1215 err=0 reinit=0 pwr=0 | OUT ok=1215 err=0 reinit=0 pwr=0
00:22:52.484 > [BENCH] IDLE | t_inference_us=0 | heap=0.4kB/105.8kB (min=103.3kB, biggest=105.4kB) | arena=2.6kB | V_bus=4.940V I_bus=58.5mA P_bus=288.9mW E_total_accum=206.288mWh
00:22:54.519 > [BENCH] IDLE | t_inference_us=0 | heap=0.4kB/105.8kB (min=103.3kB, biggest=105.4kB) | arena=2.6kB | V_bus=4.932V I_bus=58.2mA P_bus=287.5mW E_total_accum=206.450mWh
00:22:56.539 > [BENCH] IDLE | t_inference_us=0 | heap=0.4kB/105.8kB (min=103.3kB, biggest=105.4kB) | arena=2.6kB | V_bus=4.936V I_bus=57.9mA P_bus=285.8mW E_total_accum=206.610mWh
00:22:58.553 > [BENCH] IDLE | t_inference_us=0 | heap=0.4kB/105.8kB (min=103.3kB, biggest=105.4kB) | arena=2.6kB | V_bus=4.968V I_bus=57.2mA P_bus=282.5mW E_total_accum=206.768mWh
00:23:00.581 > [BENCH] IDLE | t_inference_us=0 | heap=0.4kB/105.8kB (min=103.3kB, biggest=105.4kB) | arena=2.6kB | V_bus=4.932V I_bus=57.1mA P_bus=282.2mW E_total_accum=206.926mWh
00:23:02.603 > [BENCH] IDLE | t_inference_us=0 | heap=0.4kB/105.8kB (min=103.3kB, biggest=105.4kB) | arena=2.6kB | V_bus=4.932V I_bus=57.3mA P_bus=283.0mW E_total_accum=207.085mWh
00:23:04.623 > [BENCH] IDLE | t_inference_us=0 | heap=0.4kB/105.8kB (min=103.3kB, biggest=105.4kB) | arena=2.6kB | V_bus=4.932V I_bus=57.2mA P_bus=282.2mW E_total_accum=207.243mWh
00:23:06.648 > [BENCH] IDLE | t_inference_us=0 | heap=0.4kB/105.8kB (min=103.3kB, biggest=105.4kB) | arena=2.6kB | V_bus=4.940V I_bus=57.2mA P_bus=282.7mW E_total_accum=207.402mWh
00:23:08.671 > [BENCH] IDLE | t_inference_us=0 | heap=0.4kB/105.8kB (min=103.3kB, biggest=105.4kB) | arena=2.6kB | V_bus=4.932V I_bus=57.5mA P_bus=284.0mW E_total_accum=207.561mWh
00:23:10.685 > [BENCH] IDLE | t_inference_us=0 | heap=0.4kB/105.8kB (min=103.3kB, biggest=105.4kB) | arena=2.6kB | V_bus=4.928V I_bus=57.6mA P_bus=284.3mW E_total_accum=207.720mWh
00:23:12.714 > [BENCH] IDLE | t_inference_us=0 | heap=0.4kB/105.8kB (min=103.3kB, biggest=105.4kB) | arena=2.6kB | V_bus=4.940V I_bus=57.5mA P_bus=283.9mW E_total_accum=207.879mWh
00:23:14.725 > [BENCH] IDLE | t_inference_us=0 | heap=0.4kB/105.8kB (min=103.3kB, biggest=105.4kB) | arena=2.6kB | V_bus=4.928V I_bus=57.7mA P_bus=284.5mW E_total_accum=208.039mWh
00:23:16.751 > [BENCH] IDLE | t_inference_us=0 | heap=0.4kB/105.8kB (min=103.3kB, biggest=105.4kB) | arena=2.6kB | V_bus=4.932V I_bus=57.5mA P_bus=283.7mW E_total_accum=208.198mWh
00:23:18.771 > [BENCH] IDLE | t_inference_us=0 | heap=0.4kB/105.8kB (min=103.3kB, biggest=105.4kB) | arena=2.6kB | V_bus=4.936V I_bus=57.3mA P_bus=282.9mW E_total_accum=208.357mWh
00:23:20.797 > [BENCH] IDLE | t_inference_us=0 | heap=0.4kB/105.8kB (min=103.3kB, biggest=105.4kB) | arena=2.6kB | V_bus=4.924V I_bus=57.4mA P_bus=283.3mW E_total_accum=208.516mWh
00:23:22.817 > [BENCH] IDLE | t_inference_us=0 | heap=0.4kB/105.8kB (min=103.3kB, biggest=105.4kB) | arena=2.6kB | V_bus=4.932V I_bus=57.7mA P_bus=284.6mW E_total_accum=208.675mWh
00:23:24.855 > [BENCH] IDLE | t_inference_us=0 | heap=0.4kB/105.8kB (min=103.3kB, biggest=105.4kB) | arena=2.6kB | V_bus=4.936V I_bus=57.6mA P_bus=284.0mW E_total_accum=208.835mWh
00:23:26.865 > [BENCH] IDLE | t_inference_us=0 | heap=0.4kB/105.8kB (min=103.3kB, biggest=105.4kB) | arena=2.6kB | V_bus=4.920V I_bus=57.7mA P_bus=284.5mW E_total_accum=208.994mWh
00:23:28.891 > [BENCH] IDLE | t_inference_us=0 | heap=0.4kB/105.8kB (min=103.3kB, biggest=105.4kB) | arena=2.6kB | V_bus=4.936V I_bus=57.6mA P_bus=284.3mW E_total_accum=209.154mWh
00:23:30.913 > [BENCH] IDLE | t_inference_us=0 | heap=0.4kB/105.8kB (min=103.3kB, biggest=105.4kB) | arena=2.6kB | V_bus=4.940V I_bus=57.6mA P_bus=284.1mW E_total_accum=209.313mWh
00:23:32.934 > [BENCH] IDLE | t_inference_us=0 | heap=0.4kB/105.8kB (min=103.3kB, biggest=105.4kB) | arena=2.6kB | V_bus=4.924V I_bus=57.7mA P_bus=284.3mW E_total_accum=209.473mWh
00:23:34.969 > [BENCH] IDLE | t_inference_us=0 | heap=0.4kB/105.8kB (min=103.3kB, biggest=105.4kB) | arena=2.6kB | V_bus=4.940V I_bus=57.7mA P_bus=284.9mW E_total_accum=209.632mWh
00:23:36.991 > [BENCH] IDLE | t_inference_us=0 | heap=0.4kB/105.8kB (min=103.3kB, biggest=105.4kB) | arena=2.6kB | V_bus=4.932V I_bus=57.5mA P_bus=283.6mW E_total_accum=209.791mWh
00:23:38.999 > [BENCH] IDLE | t_inference_us=0 | heap=0.4kB/105.8kB (min=103.3kB, biggest=105.4kB) | arena=2.6kB | V_bus=4.940V I_bus=57.5mA P_bus=283.7mW E_total_accum=209.950mWh
00:23:41.027 > [BENCH] IDLE | t_inference_us=0 | heap=0.4kB/105.8kB (min=103.3kB, biggest=105.4kB) | arena=2.6kB | V_bus=4.936V I_bus=57.3mA P_bus=282.8mW E_total_accum=210.108mWh
00:23:43.047 > [BENCH] IDLE | t_inference_us=0 | heap=0.4kB/105.8kB (min=103.3kB, biggest=105.4kB) | arena=2.6kB | V_bus=4.924V I_bus=57.5mA P_bus=283.7mW E_total_accum=210.268mWh
00:23:45.074 > [BENCH] IDLE | t_inference_us=0 | heap=0.4kB/105.8kB (min=103.3kB, biggest=105.4kB) | arena=2.6kB | V_bus=4.936V I_bus=57.5mA P_bus=283.4mW E_total_accum=210.426mWh
00:23:47.099 > [BENCH] IDLE | t_inference_us=0 | heap=0.4kB/105.8kB (min=103.3kB, biggest=105.4kB) | arena=2.6kB | V_bus=4.936V I_bus=57.3mA P_bus=282.6mW E_total_accum=210.585mWh
00:23:49.104 > [BENCH] IDLE | t_inference_us=0 | heap=0.4kB/105.8kB (min=103.3kB, biggest=105.4kB) | arena=2.6kB | V_bus=4.940V I_bus=57.3mA P_bus=282.8mW E_total_accum=210.743mWh
00:23:50.529 > 
00:23:50.529 > [EVENT] type=HOUR  Tin=27.00 Hin=51.48 Tout=28.40 Hout=78.00
00:23:50.551 > [infer] REAL - Invoke executed (model ran)
00:23:50.554 > 
00:23:50.554 > [PWR] infer | E_inference_window(ΔE_total)=0.626µWh (E0=210.855545mWh E1=210.856171mWh) | E_inference_pipeline(ΔE_total)=0.916µWh (E0=210.855362mWh E1=210.856277mWh) | t_inference=6.561ms | t_inference_pipeline=11.596ms | E_total_accum=210.856mWh
00:23:50.577 > [BENCH] INFER_HOURLY | t_inference_us=6561 | heap=0.4kB/105.9kB (min=103.3kB, biggest=105.5kB) | arena=2.6kB | V_bus=4.940V I_bus=57.5mA P_bus=283.7mW E_total_accum=210.856mWh
00:23:50.593 > [HOUR] Tin=27.00 Hin=51.48 | Tp=26.76 Hp=51.51
00:23:50.595 > [HOUR] SAMPLES | N_ALL=20 N_T=20 N_H=20
00:23:50.599 > [HOUR] METRICS | MAE=nan RMSE=nan R2=NA | MAE_T=nan RMSE_T=nan R2_T=NA | MAE_H=nan RMSE_H=nan R2_H=NA
00:23:51.160 > [SENSORS] Health IN ok=1243 err=0 reinit=0 pwr=0 | OUT ok=1243 err=0 reinit=0 pwr=0
00:23:52.613 > [BENCH] IDLE | t_inference_us=0 | heap=0.4kB/105.8kB (min=103.3kB, biggest=105.4kB) | arena=2.6kB | V_bus=4.940V I_bus=57.6mA P_bus=284.6mW E_total_accum=211.019mWh
00:23:54.642 > [BENCH] IDLE | t_inference_us=0 | heap=0.4kB/105.8kB (min=103.3kB, biggest=105.4kB) | arena=2.6kB | V_bus=4.928V I_bus=57.8mA P_bus=285.3mW E_total_accum=211.179mWh
00:23:56.667 > [BENCH] IDLE | t_inference_us=0 | heap=0.4kB/105.8kB (min=103.3kB, biggest=105.4kB) | arena=2.6kB | V_bus=4.932V I_bus=57.5mA P_bus=283.9mW E_total_accum=211.339mWh
00:23:58.677 > [BENCH] IDLE | t_inference_us=0 | heap=0.4kB/105.8kB (min=103.3kB, biggest=105.4kB) | arena=2.6kB | V_bus=4.940V I_bus=57.5mA P_bus=283.6mW E_total_accum=211.498mWh
00:24:00.697 > [BENCH] IDLE | t_inference_us=0 | heap=0.4kB/105.8kB (min=103.3kB, biggest=105.4kB) | arena=2.6kB | V_bus=4.936V I_bus=57.6mA P_bus=284.1mW E_total_accum=211.657mWh
00:24:02.732 > [BENCH] IDLE | t_inference_us=0 | heap=0.4kB/105.8kB (min=103.3kB, biggest=105.4kB) | arena=2.6kB | V_bus=4.932V I_bus=57.3mA P_bus=283.0mW E_total_accum=211.816mWh
00:24:04.757 > [BENCH] IDLE | t_inference_us=0 | heap=0.4kB/105.8kB (min=103.3kB, biggest=105.4kB) | arena=2.6kB | V_bus=4.944V I_bus=57.3mA P_bus=282.8mW E_total_accum=211.974mWh
00:24:06.775 > [BENCH] IDLE | t_inference_us=0 | heap=0.4kB/105.8kB (min=103.3kB, biggest=105.4kB) | arena=2.6kB | V_bus=4.928V I_bus=57.5mA P_bus=283.5mW E_total_accum=212.133mWh
00:24:08.790 > [BENCH] IDLE | t_inference_us=0 | heap=0.4kB/105.8kB (min=103.3kB, biggest=105.4kB) | arena=2.6kB | V_bus=4.940V I_bus=57.5mA P_bus=283.8mW E_total_accum=212.292mWh
00:24:10.812 > [BENCH] IDLE | t_inference_us=0 | heap=0.4kB/105.8kB (min=103.3kB, biggest=105.4kB) | arena=2.6kB | V_bus=4.932V I_bus=57.6mA P_bus=284.5mW E_total_accum=212.452mWh
00:24:12.830 > [BENCH] IDLE | t_inference_us=0 | heap=0.4kB/105.8kB (min=103.3kB, biggest=105.4kB) | arena=2.6kB | V_bus=4.928V I_bus=57.8mA P_bus=285.1mW E_total_accum=212.611mWh
00:24:14.860 > [BENCH] IDLE | t_inference_us=0 | heap=0.4kB/105.8kB (min=103.3kB, biggest=105.4kB) | arena=2.6kB | V_bus=4.936V I_bus=57.6mA P_bus=284.4mW E_total_accum=212.771mWh
00:24:16.873 > [BENCH] IDLE | t_inference_us=0 | heap=0.4kB/105.8kB (min=103.3kB, biggest=105.4kB) | arena=2.6kB | V_bus=4.928V I_bus=57.7mA P_bus=284.9mW E_total_accum=212.931mWh
00:24:18.907 > [BENCH] IDLE | t_inference_us=0 | heap=0.4kB/105.8kB (min=103.3kB, biggest=105.4kB) | arena=2.6kB | V_bus=4.924V I_bus=57.8mA P_bus=285.0mW E_total_accum=213.091mWh
00:24:20.929 > [BENCH] IDLE | t_inference_us=0 | heap=0.4kB/105.8kB (min=103.3kB, biggest=105.4kB) | arena=2.6kB | V_bus=4.940V I_bus=57.8mA P_bus=285.1mW E_total_accum=213.251mWh
00:24:22.951 > [BENCH] IDLE | t_inference_us=0 | heap=0.4kB/105.8kB (min=103.3kB, biggest=105.4kB) | arena=2.6kB | V_bus=4.928V I_bus=57.8mA P_bus=285.0mW E_total_accum=213.410mWh
00:24:24.966 > [BENCH] IDLE | t_inference_us=0 | heap=0.4kB/105.8kB (min=103.3kB, biggest=105.4kB) | arena=2.6kB | V_bus=4.924V I_bus=57.8mA P_bus=285.0mW E_total_accum=213.570mWh
00:24:26.996 > [BENCH] IDLE | t_inference_us=0 | heap=0.4kB/105.8kB (min=103.3kB, biggest=105.4kB) | arena=2.6kB | V_bus=4.936V I_bus=57.6mA P_bus=283.9mW E_total_accum=213.729mWh
00:24:29.018 > [BENCH] IDLE | t_inference_us=0 | heap=0.4kB/105.8kB (min=103.3kB, biggest=105.4kB) | arena=2.6kB | V_bus=4.932V I_bus=57.4mA P_bus=282.9mW E_total_accum=213.888mWh
00:24:31.042 > [BENCH] IDLE | t_inference_us=0 | heap=0.4kB/105.8kB (min=103.3kB, biggest=105.4kB) | arena=2.6kB | V_bus=4.928V I_bus=57.5mA P_bus=283.4mW E_total_accum=214.047mWh
00:24:33.056 > [BENCH] IDLE | t_inference_us=0 | heap=0.4kB/105.8kB (min=103.3kB, biggest=105.4kB) | arena=2.6kB | V_bus=4.944V I_bus=57.4mA P_bus=283.2mW E_total_accum=214.205mWh
00:24:35.082 > [BENCH] IDLE | t_inference_us=0 | heap=0.4kB/105.8kB (min=103.3kB, biggest=105.4kB) | arena=2.6kB | V_bus=4.932V I_bus=57.5mA P_bus=283.7mW E_total_accum=214.365mWh
00:24:37.102 > [BENCH] IDLE | t_inference_us=0 | heap=0.4kB/105.8kB (min=103.3kB, biggest=105.4kB) | arena=2.6kB | V_bus=4.924V I_bus=57.6mA P_bus=284.2mW E_total_accum=214.524mWh
00:24:39.123 > [BENCH] IDLE | t_inference_us=0 | heap=0.4kB/105.8kB (min=103.3kB, biggest=105.4kB) | arena=2.6kB | V_bus=4.940V I_bus=57.6mA P_bus=284.1mW E_total_accum=214.683mWh
00:24:41.158 > [BENCH] IDLE | t_inference_us=0 | heap=0.4kB/105.8kB (min=103.3kB, biggest=105.4kB) | arena=2.6kB | V_bus=4.936V I_bus=57.8mA P_bus=285.2mW E_total_accum=214.843mWh
00:24:43.179 > [BENCH] IDLE | t_inference_us=0 | heap=0.4kB/105.8kB (min=103.3kB, biggest=105.4kB) | arena=2.6kB | V_bus=4.924V I_bus=57.9mA P_bus=285.5mW E_total_accum=215.003mWh
00:24:45.191 > [BENCH] IDLE | t_inference_us=0 | heap=0.4kB/105.8kB (min=103.3kB, biggest=105.4kB) | arena=2.6kB | V_bus=4.940V I_bus=57.8mA P_bus=285.0mW E_total_accum=215.163mWh
00:24:47.219 > [BENCH] IDLE | t_inference_us=0 | heap=0.4kB/105.8kB (min=103.3kB, biggest=105.4kB) | arena=2.6kB | V_bus=4.940V I_bus=57.7mA P_bus=284.5mW E_total_accum=215.323mWh
00:24:49.245 > [BENCH] IDLE | t_inference_us=0 | heap=0.4kB/105.8kB (min=103.3kB, biggest=105.4kB) | arena=2.6kB | V_bus=4.932V I_bus=57.6mA P_bus=284.1mW E_total_accum=215.482mWh
00:24:50.619 > 
00:24:50.619 > [EVENT] type=HOUR  Tin=27.10 Hin=51.60 Tout=28.40 Hout=78.80
00:24:50.631 > [infer] REAL - Invoke executed (model ran)
00:24:50.633 > 
00:24:50.633 > [PWR] infer | E_inference_window(ΔE_total)=0.626µWh (E0=215.590012mWh E1=215.590637mWh) | E_inference_pipeline(ΔE_total)=0.916µWh (E0=215.589828mWh E1=215.590744mWh) | t_inference=6.562ms | t_inference_pipeline=11.594ms | E_total_accum=215.591mWh
00:24:50.656 > [BENCH] INFER_HOURLY | t_inference_us=6562 | heap=0.4kB/105.9kB (min=103.3kB, biggest=105.5kB) | arena=2.6kB | V_bus=4.920V I_bus=58.0mA P_bus=286.1mW E_total_accum=215.591mWh
00:24:50.672 > [HOUR] Tin=27.10 Hin=51.60 | Tp=26.96 Hp=51.45
00:24:50.675 > [HOUR] SAMPLES | N_ALL=21 N_T=21 N_H=21
00:24:50.679 > [HOUR] METRICS | MAE=nan RMSE=nan R2=NA | MAE_T=nan RMSE_T=nan R2_T=NA | MAE_H=nan RMSE_H=nan R2_H=NA
00:24:51.283 > [SENSORS] Health IN ok=1271 err=0 reinit=0 pwr=0 | OUT ok=1272 err=0 reinit=0 pwr=0
00:24:52.699 > [BENCH] IDLE | t_inference_us=0 | heap=0.4kB/105.8kB (min=103.3kB, biggest=105.4kB) | arena=2.6kB | V_bus=4.940V I_bus=57.9mA P_bus=285.7mW E_total_accum=215.755mWh
00:24:54.721 > [BENCH] IDLE | t_inference_us=0 | heap=0.4kB/105.8kB (min=103.3kB, biggest=105.4kB) | arena=2.6kB | V_bus=4.936V I_bus=58.1mA P_bus=286.6mW E_total_accum=215.916mWh
00:24:56.752 > [BENCH] IDLE | t_inference_us=0 | heap=0.4kB/105.8kB (min=103.3kB, biggest=105.4kB) | arena=2.6kB | V_bus=4.928V I_bus=58.0mA P_bus=286.2mW E_total_accum=216.076mWh
00:24:58.776 > [BENCH] IDLE | t_inference_us=0 | heap=0.4kB/105.8kB (min=103.3kB, biggest=105.4kB) | arena=2.6kB | V_bus=4.944V I_bus=58.1mA P_bus=286.4mW E_total_accum=216.237mWh
00:25:00.797 > [BENCH] IDLE | t_inference_us=0 | heap=0.4kB/105.8kB (min=103.3kB, biggest=105.4kB) | arena=2.6kB | V_bus=4.940V I_bus=58.2mA P_bus=287.2mW E_total_accum=216.398mWh
00:25:02.818 > [BENCH] IDLE | t_inference_us=0 | heap=0.4kB/105.8kB (min=103.3kB, biggest=105.4kB) | arena=2.6kB | V_bus=4.928V I_bus=58.0mA P_bus=286.1mW E_total_accum=216.558mWh
00:25:04.831 > [BENCH] IDLE | t_inference_us=0 | heap=0.4kB/105.8kB (min=103.3kB, biggest=105.4kB) | arena=2.6kB | V_bus=4.936V I_bus=57.7mA P_bus=284.9mW E_total_accum=216.718mWh
00:25:06.860 > [BENCH] IDLE | t_inference_us=0 | heap=0.4kB/105.8kB (min=103.3kB, biggest=105.4kB) | arena=2.6kB | V_bus=4.932V I_bus=58.0mA P_bus=286.1mW E_total_accum=216.879mWh
00:25:08.888 > [BENCH] IDLE | t_inference_us=0 | heap=0.4kB/105.8kB (min=103.3kB, biggest=105.4kB) | arena=2.6kB | V_bus=4.936V I_bus=57.9mA P_bus=285.5mW E_total_accum=217.039mWh
00:25:10.913 > [BENCH] IDLE | t_inference_us=0 | heap=0.4kB/105.8kB (min=103.3kB, biggest=105.4kB) | arena=2.6kB | V_bus=4.932V I_bus=57.6mA P_bus=284.2mW E_total_accum=217.198mWh
00:25:12.928 > [BENCH] IDLE | t_inference_us=0 | heap=0.4kB/105.8kB (min=103.3kB, biggest=105.4kB) | arena=2.6kB | V_bus=4.928V I_bus=58.0mA P_bus=285.9mW E_total_accum=217.359mWh
00:25:14.956 > [BENCH] IDLE | t_inference_us=0 | heap=0.4kB/105.8kB (min=103.3kB, biggest=105.4kB) | arena=2.6kB | V_bus=4.932V I_bus=57.8mA P_bus=285.3mW E_total_accum=217.518mWh
00:25:16.981 > [BENCH] IDLE | t_inference_us=0 | heap=0.4kB/105.8kB (min=103.3kB, biggest=105.4kB) | arena=2.6kB | V_bus=4.932V I_bus=57.6mA P_bus=283.9mW E_total_accum=217.678mWh
00:25:18.991 > [BENCH] IDLE | t_inference_us=0 | heap=0.4kB/105.8kB (min=103.3kB, biggest=105.4kB) | arena=2.6kB | V_bus=4.940V I_bus=57.5mA P_bus=283.9mW E_total_accum=217.837mWh
00:25:21.015 > [BENCH] IDLE | t_inference_us=0 | heap=0.4kB/105.8kB (min=103.3kB, biggest=105.4kB) | arena=2.6kB | V_bus=4.932V I_bus=57.3mA P_bus=282.8mW E_total_accum=217.995mWh
00:25:23.042 > [BENCH] IDLE | t_inference_us=0 | heap=0.4kB/105.8kB (min=103.3kB, biggest=105.4kB) | arena=2.6kB | V_bus=4.920V I_bus=57.5mA P_bus=283.5mW E_total_accum=218.154mWh
00:25:25.058 > [BENCH] IDLE | t_inference_us=0 | heap=0.4kB/105.8kB (min=103.3kB, biggest=105.4kB) | arena=2.6kB | V_bus=4.936V I_bus=57.6mA P_bus=284.0mW E_total_accum=218.313mWh
00:25:27.077 > [BENCH] IDLE | t_inference_us=0 | heap=0.4kB/105.8kB (min=103.3kB, biggest=105.4kB) | arena=2.6kB | V_bus=4.940V I_bus=57.4mA P_bus=283.2mW E_total_accum=218.472mWh
00:25:29.098 > [BENCH] IDLE | t_inference_us=0 | heap=0.4kB/105.8kB (min=103.3kB, biggest=105.4kB) | arena=2.6kB | V_bus=4.932V I_bus=57.3mA P_bus=282.5mW E_total_accum=218.630mWh
00:25:31.129 > [BENCH] IDLE | t_inference_us=0 | heap=0.4kB/105.8kB (min=103.3kB, biggest=105.4kB) | arena=2.6kB | V_bus=4.932V I_bus=57.7mA P_bus=284.5mW E_total_accum=218.790mWh
00:25:33.149 > [BENCH] IDLE | t_inference_us=0 | heap=0.4kB/105.8kB (min=103.3kB, biggest=105.4kB) | arena=2.6kB | V_bus=4.940V I_bus=57.7mA P_bus=284.8mW E_total_accum=218.950mWh
00:25:35.176 > [BENCH] IDLE | t_inference_us=0 | heap=0.4kB/105.8kB (min=103.3kB, biggest=105.4kB) | arena=2.6kB | V_bus=4.936V I_bus=57.8mA P_bus=285.0mW E_total_accum=219.109mWh
00:25:37.187 > [BENCH] IDLE | t_inference_us=0 | heap=0.4kB/105.8kB (min=103.3kB, biggest=105.4kB) | arena=2.6kB | V_bus=4.924V I_bus=57.8mA P_bus=285.0mW E_total_accum=219.269mWh
00:25:39.221 > [BENCH] IDLE | t_inference_us=0 | heap=0.4kB/105.8kB (min=103.3kB, biggest=105.4kB) | arena=2.6kB | V_bus=4.940V I_bus=57.7mA P_bus=284.7mW E_total_accum=219.429mWh
00:25:41.235 > [BENCH] IDLE | t_inference_us=0 | heap=0.4kB/105.8kB (min=103.3kB, biggest=105.4kB) | arena=2.6kB | V_bus=4.940V I_bus=57.6mA P_bus=284.2mW E_total_accum=219.588mWh
00:25:43.265 > [BENCH] IDLE | t_inference_us=0 | heap=0.4kB/105.8kB (min=103.3kB, biggest=105.4kB) | arena=2.6kB | V_bus=4.928V I_bus=57.5mA P_bus=283.6mW E_total_accum=219.747mWh
00:25:45.292 > [BENCH] IDLE | t_inference_us=0 | heap=0.4kB/105.8kB (min=103.3kB, biggest=105.4kB) | arena=2.6kB | V_bus=4.936V I_bus=57.3mA P_bus=282.5mW E_total_accum=219.906mWh
00:25:47.314 > [BENCH] IDLE | t_inference_us=0 | heap=0.4kB/105.8kB (min=103.3kB, biggest=105.4kB) | arena=2.6kB | V_bus=4.932V I_bus=57.6mA P_bus=284.4mW E_total_accum=220.065mWh
00:25:49.335 > [BENCH] IDLE | t_inference_us=0 | heap=0.4kB/105.8kB (min=103.3kB, biggest=105.4kB) | arena=2.6kB | V_bus=4.940V I_bus=57.6mA P_bus=284.0mW E_total_accum=220.225mWh
00:25:50.745 > 
00:25:50.745 > [EVENT] type=HOUR  Tin=27.30 Hin=51.70 Tout=28.40 Hout=78.90
00:25:50.761 > [infer] REAL - Invoke executed (model ran)
00:25:50.764 > 
00:25:50.765 > [PWR] infer | E_inference_window(ΔE_total)=0.641µWh (E0=220.338501mWh E1=220.339142mWh) | E_inference_pipeline(ΔE_total)=0.931µWh (E0=220.338318mWh E1=220.339249mWh) | t_inference=6.562ms | t_inference_pipeline=11.593ms | E_total_accum=220.339mWh
00:25:50.816 > [BENCH] INFER_HOURLY | t_inference_us=6562 | heap=0.4kB/105.9kB (min=103.3kB, biggest=105.5kB) | arena=2.6kB | V_bus=4.924V I_bus=59.2mA P_bus=292.4mW E_total_accum=220.339mWh
00:25:50.816 > [HOUR] Tin=27.30 Hin=51.70 | Tp=27.06 Hp=51.56
00:25:50.816 > [HOUR] SAMPLES | N_ALL=22 N_T=22 N_H=22
00:25:50.816 > [HOUR] METRICS | MAE=nan RMSE=nan R2=NA | MAE_T=nan RMSE_T=nan R2_T=NA | MAE_H=nan RMSE_H=nan R2_H=NA
00:25:51.414 > [SENSORS] Health IN ok=1300 err=0 reinit=0 pwr=0 | OUT ok=1300 err=0 reinit=0 pwr=0
00:25:52.830 > [BENCH] IDLE | t_inference_us=0 | heap=0.4kB/105.8kB (min=103.3kB, biggest=105.4kB) | arena=2.6kB | V_bus=4.924V I_bus=59.0mA P_bus=291.3mW E_total_accum=220.506mWh
00:25:54.853 > [BENCH] IDLE | t_inference_us=0 | heap=0.4kB/105.8kB (min=103.3kB, biggest=105.4kB) | arena=2.6kB | V_bus=4.932V I_bus=58.5mA P_bus=288.8mW E_total_accum=220.668mWh
00:25:56.877 > [BENCH] IDLE | t_inference_us=0 | heap=0.4kB/105.8kB (min=103.3kB, biggest=105.4kB) | arena=2.6kB | V_bus=4.936V I_bus=58.5mA P_bus=288.9mW E_total_accum=220.830mWh
00:25:58.885 > [BENCH] IDLE | t_inference_us=0 | heap=0.4kB/105.8kB (min=103.3kB, biggest=105.4kB) | arena=2.6kB | V_bus=4.932V I_bus=58.3mA P_bus=287.9mW E_total_accum=220.992mWh
00:26:00.909 > [BENCH] IDLE | t_inference_us=0 | heap=0.4kB/105.8kB (min=103.3kB, biggest=105.4kB) | arena=2.6kB | V_bus=4.932V I_bus=58.1mA P_bus=286.9mW E_total_accum=221.153mWh
00:26:02.934 > [BENCH] IDLE | t_inference_us=0 | heap=0.4kB/105.8kB (min=103.3kB, biggest=105.4kB) | arena=2.6kB | V_bus=4.920V I_bus=58.2mA P_bus=286.9mW E_total_accum=221.313mWh
00:26:04.954 > [BENCH] IDLE | t_inference_us=0 | heap=0.4kB/105.8kB (min=103.3kB, biggest=105.4kB) | arena=2.6kB | V_bus=4.936V I_bus=58.1mA P_bus=286.5mW E_total_accum=221.474mWh
00:26:06.990 > [BENCH] IDLE | t_inference_us=0 | heap=0.4kB/105.8kB (min=103.3kB, biggest=105.4kB) | arena=2.6kB | V_bus=4.936V I_bus=58.0mA P_bus=286.3mW E_total_accum=221.635mWh
00:26:09.015 > [BENCH] IDLE | t_inference_us=0 | heap=0.4kB/105.8kB (min=103.3kB, biggest=105.4kB) | arena=2.6kB | V_bus=4.924V I_bus=58.1mA P_bus=286.7mW E_total_accum=221.795mWh
00:26:11.035 > [BENCH] IDLE | t_inference_us=0 | heap=0.4kB/105.8kB (min=103.3kB, biggest=105.4kB) | arena=2.6kB | V_bus=4.932V I_bus=57.8mA P_bus=285.0mW E_total_accum=221.955mWh
00:26:13.046 > [BENCH] IDLE | t_inference_us=0 | heap=0.4kB/105.8kB (min=103.3kB, biggest=105.4kB) | arena=2.6kB | V_bus=4.940V I_bus=57.8mA P_bus=285.2mW E_total_accum=222.115mWh
00:26:15.084 > [BENCH] IDLE | t_inference_us=0 | heap=0.4kB/105.8kB (min=103.3kB, biggest=105.4kB) | arena=2.6kB | V_bus=4.932V I_bus=58.2mA P_bus=287.1mW E_total_accum=222.276mWh
00:26:17.106 > [BENCH] IDLE | t_inference_us=0 | heap=0.4kB/105.8kB (min=103.3kB, biggest=105.4kB) | arena=2.6kB | V_bus=4.928V I_bus=57.9mA P_bus=285.8mW E_total_accum=222.436mWh
00:26:19.129 > [BENCH] IDLE | t_inference_us=0 | heap=0.4kB/105.8kB (min=103.3kB, biggest=105.4kB) | arena=2.6kB | V_bus=4.932V I_bus=57.6mA P_bus=284.3mW E_total_accum=222.596mWh
00:26:21.146 > [BENCH] IDLE | t_inference_us=0 | heap=0.4kB/105.8kB (min=103.3kB, biggest=105.4kB) | arena=2.6kB | V_bus=4.928V I_bus=57.8mA P_bus=284.9mW E_total_accum=222.756mWh
00:26:23.164 > [BENCH] IDLE | t_inference_us=0 | heap=0.4kB/105.8kB (min=103.3kB, biggest=105.4kB) | arena=2.6kB | V_bus=4.932V I_bus=58.0mA P_bus=286.1mW E_total_accum=222.916mWh
00:26:25.200 > [BENCH] IDLE | t_inference_us=0 | heap=0.4kB/105.8kB (min=103.3kB, biggest=105.4kB) | arena=2.6kB | V_bus=4.936V I_bus=57.9mA P_bus=285.3mW E_total_accum=223.076mWh
00:26:27.214 > [BENCH] IDLE | t_inference_us=0 | heap=0.4kB/105.8kB (min=103.3kB, biggest=105.4kB) | arena=2.6kB | V_bus=4.928V I_bus=57.6mA P_bus=284.2mW E_total_accum=223.236mWh
00:26:29.229 > [BENCH] IDLE | t_inference_us=0 | heap=0.4kB/105.8kB (min=103.3kB, biggest=105.4kB) | arena=2.6kB | V_bus=4.940V I_bus=57.9mA P_bus=285.6mW E_total_accum=223.396mWh
00:26:31.252 > [BENCH] IDLE | t_inference_us=0 | heap=0.4kB/105.8kB (min=103.3kB, biggest=105.4kB) | arena=2.6kB | V_bus=4.936V I_bus=57.6mA P_bus=284.4mW E_total_accum=223.555mWh
00:26:33.270 > [BENCH] IDLE | t_inference_us=0 | heap=0.4kB/105.8kB (min=103.3kB, biggest=105.4kB) | arena=2.6kB | V_bus=4.924V I_bus=57.8mA P_bus=284.9mW E_total_accum=223.714mWh
00:26:35.300 > [BENCH] IDLE | t_inference_us=0 | heap=0.4kB/105.8kB (min=103.3kB, biggest=105.4kB) | arena=2.6kB | V_bus=4.932V I_bus=57.5mA P_bus=283.7mW E_total_accum=223.874mWh
00:26:37.318 > [BENCH] IDLE | t_inference_us=0 | heap=0.4kB/105.8kB (min=103.3kB, biggest=105.4kB) | arena=2.6kB | V_bus=4.940V I_bus=57.7mA P_bus=284.6mW E_total_accum=224.033mWh
00:26:39.350 > [BENCH] IDLE | t_inference_us=0 | heap=0.4kB/105.8kB (min=103.3kB, biggest=105.4kB) | arena=2.6kB | V_bus=4.936V I_bus=57.5mA P_bus=283.8mW E_total_accum=224.192mWh
00:26:41.367 > [BENCH] IDLE | t_inference_us=0 | heap=0.4kB/105.8kB (min=103.3kB, biggest=105.4kB) | arena=2.6kB | V_bus=4.932V I_bus=57.3mA P_bus=282.8mW E_total_accum=224.351mWh
00:26:43.394 > [BENCH] IDLE | t_inference_us=0 | heap=0.4kB/105.8kB (min=103.3kB, biggest=105.4kB) | arena=2.6kB | V_bus=4.924V I_bus=57.5mA P_bus=283.5mW E_total_accum=224.510mWh
00:26:45.420 > [BENCH] IDLE | t_inference_us=0 | heap=0.4kB/105.8kB (min=103.3kB, biggest=105.4kB) | arena=2.6kB | V_bus=4.940V I_bus=57.4mA P_bus=282.9mW E_total_accum=224.669mWh
00:26:47.431 > [BENCH] IDLE | t_inference_us=0 | heap=0.4kB/105.8kB (min=103.3kB, biggest=105.4kB) | arena=2.6kB | V_bus=4.932V I_bus=57.9mA P_bus=285.4mW E_total_accum=224.829mWh
00:26:49.464 > [BENCH] IDLE | t_inference_us=0 | heap=0.4kB/105.8kB (min=103.3kB, biggest=105.4kB) | arena=2.6kB | V_bus=4.940V I_bus=57.7mA P_bus=285.0mW E_total_accum=224.989mWh
00:26:50.877 > 
00:26:50.877 > [EVENT] type=HOUR  Tin=27.40 Hin=52.12 Tout=28.40 Hout=78.60
00:26:50.897 > [infer] REAL - Invoke executed (model ran)
00:26:50.900 > 
00:26:50.902 > [PWR] infer | E_inference_window(ΔE_total)=0.626µWh (E0=225.101181mWh E1=225.101807mWh) | E_inference_pipeline(ΔE_total)=0.916µWh (E0=225.100998mWh E1=225.101913mWh) | t_inference=6.562ms | t_inference_pipeline=11.593ms | E_total_accum=225.102mWh
00:26:50.923 > [BENCH] INFER_HOURLY | t_inference_us=6562 | heap=0.4kB/105.9kB (min=103.3kB, biggest=105.5kB) | arena=2.6kB | V_bus=4.928V I_bus=57.4mA P_bus=283.3mW E_total_accum=225.102mWh
00:26:50.938 > [HOUR] Tin=27.40 Hin=52.12 | Tp=27.26 Hp=51.67
00:26:50.942 > [HOUR] SAMPLES | N_ALL=23 N_T=23 N_H=23
00:26:50.946 > [HOUR] METRICS | MAE=nan RMSE=nan R2=NA | MAE_T=nan RMSE_T=nan R2_T=NA | MAE_H=nan RMSE_H=nan R2_H=NA
00:26:51.557 > [SENSORS] Health IN ok=1328 err=0 reinit=0 pwr=0 | OUT ok=1328 err=0 reinit=0 pwr=0
00:26:52.974 > [BENCH] IDLE | t_inference_us=0 | heap=0.4kB/105.8kB (min=103.3kB, biggest=105.4kB) | arena=2.6kB | V_bus=4.932V I_bus=57.9mA P_bus=285.6mW E_total_accum=225.266mWh
00:26:54.989 > [BENCH] IDLE | t_inference_us=0 | heap=0.4kB/105.8kB (min=103.3kB, biggest=105.4kB) | arena=2.6kB | V_bus=4.932V I_bus=57.7mA P_bus=284.6mW E_total_accum=225.425mWh
00:26:57.004 > [BENCH] IDLE | t_inference_us=0 | heap=0.4kB/105.8kB (min=103.3kB, biggest=105.4kB) | arena=2.6kB | V_bus=4.932V I_bus=57.5mA P_bus=283.5mW E_total_accum=225.584mWh
00:26:59.030 > [BENCH] IDLE | t_inference_us=0 | heap=0.4kB/105.8kB (min=103.3kB, biggest=105.4kB) | arena=2.6kB | V_bus=4.924V I_bus=57.4mA P_bus=283.3mW E_total_accum=225.743mWh
00:27:01.048 > [BENCH] IDLE | t_inference_us=0 | heap=0.4kB/105.8kB (min=103.3kB, biggest=105.4kB) | arena=2.6kB | V_bus=4.928V I_bus=57.6mA P_bus=284.1mW E_total_accum=225.902mWh
00:27:03.078 > [BENCH] IDLE | t_inference_us=0 | heap=0.4kB/105.8kB (min=103.3kB, biggest=105.4kB) | arena=2.6kB | V_bus=4.936V I_bus=57.6mA P_bus=284.1mW E_total_accum=226.062mWh
00:27:05.099 > [BENCH] IDLE | t_inference_us=0 | heap=0.4kB/105.8kB (min=103.3kB, biggest=105.4kB) | arena=2.6kB | V_bus=4.936V I_bus=57.4mA P_bus=283.2mW E_total_accum=226.220mWh
00:27:07.120 > [BENCH] IDLE | t_inference_us=0 | heap=0.4kB/105.8kB (min=103.3kB, biggest=105.4kB) | arena=2.6kB | V_bus=4.928V I_bus=57.6mA P_bus=283.9mW E_total_accum=226.380mWh
00:27:09.147 > [BENCH] IDLE | t_inference_us=0 | heap=0.4kB/105.8kB (min=103.3kB, biggest=105.4kB) | arena=2.6kB | V_bus=4.940V I_bus=57.7mA P_bus=284.5mW E_total_accum=226.539mWh
00:27:11.170 > [BENCH] IDLE | t_inference_us=0 | heap=0.4kB/105.8kB (min=103.3kB, biggest=105.4kB) | arena=2.6kB | V_bus=4.936V I_bus=57.5mA P_bus=283.8mW E_total_accum=226.698mWh
00:27:13.186 > [BENCH] IDLE | t_inference_us=0 | heap=0.4kB/105.8kB (min=103.3kB, biggest=105.4kB) | arena=2.6kB | V_bus=4.932V I_bus=57.8mA P_bus=284.9mW E_total_accum=226.858mWh
00:27:15.215 > [BENCH] IDLE | t_inference_us=0 | heap=0.4kB/105.8kB (min=103.3kB, biggest=105.4kB) | arena=2.6kB | V_bus=4.932V I_bus=57.5mA P_bus=283.7mW E_total_accum=227.017mWh
00:27:17.241 > [BENCH] IDLE | t_inference_us=0 | heap=0.4kB/105.8kB (min=103.3kB, biggest=105.4kB) | arena=2.6kB | V_bus=4.936V I_bus=57.4mA P_bus=283.1mW E_total_accum=227.176mWh
00:27:19.262 > [BENCH] IDLE | t_inference_us=0 | heap=0.4kB/105.8kB (min=103.3kB, biggest=105.4kB) | arena=2.6kB | V_bus=4.928V I_bus=57.9mA P_bus=285.6mW E_total_accum=227.336mWh
00:27:21.274 > [BENCH] IDLE | t_inference_us=0 | heap=0.4kB/105.8kB (min=103.3kB, biggest=105.4kB) | arena=2.6kB | V_bus=4.940V I_bus=57.8mA P_bus=285.0mW E_total_accum=227.496mWh
00:27:23.310 > [BENCH] IDLE | t_inference_us=0 | heap=0.4kB/105.8kB (min=103.3kB, biggest=105.4kB) | arena=2.6kB | V_bus=4.940V I_bus=57.6mA P_bus=284.1mW E_total_accum=227.656mWh
00:27:25.317 > [BENCH] IDLE | t_inference_us=0 | heap=0.4kB/105.8kB (min=103.3kB, biggest=105.4kB) | arena=2.6kB | V_bus=4.924V I_bus=57.7mA P_bus=284.7mW E_total_accum=227.815mWh
00:27:27.354 > [BENCH] IDLE | t_inference_us=0 | heap=0.4kB/105.8kB (min=103.3kB, biggest=105.4kB) | arena=2.6kB | V_bus=4.932V I_bus=57.5mA P_bus=283.8mW E_total_accum=227.975mWh
00:27:29.377 > [BENCH] IDLE | t_inference_us=0 | heap=0.4kB/105.8kB (min=103.3kB, biggest=105.4kB) | arena=2.6kB | V_bus=4.940V I_bus=57.6mA P_bus=284.0mW E_total_accum=228.134mWh
00:27:31.394 > [BENCH] IDLE | t_inference_us=0 | heap=0.4kB/105.8kB (min=103.3kB, biggest=105.4kB) | arena=2.6kB | V_bus=4.932V I_bus=57.9mA P_bus=285.7mW E_total_accum=228.294mWh
00:27:33.421 > [BENCH] IDLE | t_inference_us=0 | heap=0.4kB/105.8kB (min=103.3kB, biggest=105.4kB) | arena=2.6kB | V_bus=4.932V I_bus=58.0mA P_bus=286.1mW E_total_accum=228.454mWh
00:27:35.437 > [BENCH] IDLE | t_inference_us=0 | heap=0.4kB/105.8kB (min=103.3kB, biggest=105.4kB) | arena=2.6kB | V_bus=4.928V I_bus=57.7mA P_bus=284.8mW E_total_accum=228.614mWh
00:27:37.469 > [BENCH] IDLE | t_inference_us=0 | heap=0.4kB/105.8kB (min=103.3kB, biggest=105.4kB) | arena=2.6kB | V_bus=4.928V I_bus=57.8mA P_bus=285.1mW E_total_accum=228.774mWh
00:27:39.486 > [BENCH] IDLE | t_inference_us=0 | heap=0.4kB/105.8kB (min=103.3kB, biggest=105.4kB) | arena=2.6kB | V_bus=4.940V I_bus=57.6mA P_bus=284.3mW E_total_accum=228.933mWh
00:27:41.503 > [BENCH] IDLE | t_inference_us=0 | heap=0.4kB/105.8kB (min=103.3kB, biggest=105.4kB) | arena=2.6kB | V_bus=4.964V I_bus=57.1mA P_bus=282.0mW E_total_accum=229.091mWh
00:27:43.521 > [BENCH] IDLE | t_inference_us=0 | heap=0.4kB/105.8kB (min=103.3kB, biggest=105.4kB) | arena=2.6kB | V_bus=4.932V I_bus=57.0mA P_bus=281.3mW E_total_accum=229.249mWh
00:27:45.550 > [BENCH] IDLE | t_inference_us=0 | heap=0.4kB/105.8kB (min=103.3kB, biggest=105.4kB) | arena=2.6kB | V_bus=4.924V I_bus=57.2mA P_bus=282.5mW E_total_accum=229.407mWh
00:27:47.569 > [BENCH] IDLE | t_inference_us=0 | heap=0.4kB/105.8kB (min=103.3kB, biggest=105.4kB) | arena=2.6kB | V_bus=4.928V I_bus=57.9mA P_bus=285.4mW E_total_accum=229.567mWh
00:27:49.587 > [BENCH] IDLE | t_inference_us=0 | heap=0.4kB/105.8kB (min=103.3kB, biggest=105.4kB) | arena=2.6kB | V_bus=4.932V I_bus=57.9mA P_bus=285.6mW E_total_accum=229.727mWh
00:27:50.972 > 
00:27:50.972 > [EVENT] type=HOUR  Tin=27.40 Hin=52.67 Tout=28.50 Hout=78.90
00:27:50.987 > [infer] REAL - Invoke executed (model ran)
00:27:50.988 > 
00:27:50.991 > [PWR] infer | E_inference_window(ΔE_total)=0.626µWh (E0=229.836380mWh E1=229.837006mWh) | E_inference_pipeline(ΔE_total)=0.916µWh (E0=229.836197mWh E1=229.837112mWh) | t_inference=6.566ms | t_inference_pipeline=11.589ms | E_total_accum=229.837mWh
00:27:51.010 > [BENCH] INFER_HOURLY | t_inference_us=6566 | heap=0.4kB/105.9kB (min=103.3kB, biggest=105.5kB) | arena=2.6kB | V_bus=4.928V I_bus=58.5mA P_bus=288.3mW E_total_accum=229.837mWh
00:27:51.028 > [HOUR] Tin=27.40 Hin=52.67 | Tp=27.36 Hp=52.09
00:27:51.029 > [HOUR] SAMPLES | N_ALL=24 N_T=24 N_H=24
00:27:51.034 > [HOUR] METRICS | MAE=0.3577 RMSE=0.4778 R2=0.9172 | MAE_T=0.2993 RMSE_T=0.3802 R2_T=0.8959 | MAE_H=0.4162 RMSE_H=0.5587 R2_H=0.9385
00:27:51.680 > [SENSORS] Health IN ok=1356 err=0 reinit=0 pwr=0 | OUT ok=1356 err=0 reinit=0 pwr=0
00:27:53.058 > [BENCH] IDLE | t_inference_us=0 | heap=0.4kB/105.8kB (min=103.3kB, biggest=105.4kB) | arena=2.6kB | V_bus=4.936V I_bus=58.3mA P_bus=287.7mW E_total_accum=230.002mWh
00:27:55.075 > [BENCH] IDLE | t_inference_us=0 | heap=0.4kB/105.8kB (min=103.3kB, biggest=105.4kB) | arena=2.6kB | V_bus=4.940V I_bus=58.2mA P_bus=287.3mW E_total_accum=230.163mWh
00:27:57.099 > [BENCH] IDLE | t_inference_us=0 | heap=0.4kB/105.8kB (min=103.3kB, biggest=105.4kB) | arena=2.6kB | V_bus=4.932V I_bus=58.4mA P_bus=288.1mW E_total_accum=230.325mWh
00:27:59.111 > [BENCH] IDLE | t_inference_us=0 | heap=0.4kB/105.8kB (min=103.3kB, biggest=105.4kB) | arena=2.6kB | V_bus=4.924V I_bus=58.4mA P_bus=288.1mW E_total_accum=230.486mWh
00:28:01.146 > [BENCH] IDLE | t_inference_us=0 | heap=0.4kB/105.8kB (min=103.3kB, biggest=105.4kB) | arena=2.6kB | V_bus=4.932V I_bus=58.1mA P_bus=286.4mW E_total_accum=230.647mWh
00:28:03.168 > [BENCH] IDLE | t_inference_us=0 | heap=0.4kB/105.8kB (min=103.3kB, biggest=105.4kB) | arena=2.6kB | V_bus=4.924V I_bus=57.9mA P_bus=285.7mW E_total_accum=230.807mWh
00:28:05.193 > [BENCH] IDLE | t_inference_us=0 | heap=0.4kB/105.8kB (min=103.3kB, biggest=105.4kB) | arena=2.6kB | V_bus=4.920V I_bus=58.1mA P_bus=286.2mW E_total_accum=230.967mWh
00:28:07.217 > [BENCH] IDLE | t_inference_us=0 | heap=0.4kB/105.8kB (min=103.3kB, biggest=105.4kB) | arena=2.6kB | V_bus=4.932V I_bus=57.7mA P_bus=284.6mW E_total_accum=231.127mWh
00:28:09.228 > [BENCH] IDLE | t_inference_us=0 | heap=0.4kB/105.8kB (min=103.3kB, biggest=105.4kB) | arena=2.6kB | V_bus=4.936V I_bus=57.8mA P_bus=284.9mW E_total_accum=231.286mWh
00:28:11.248 > [BENCH] IDLE | t_inference_us=0 | heap=0.4kB/105.8kB (min=103.3kB, biggest=105.4kB) | arena=2.6kB | V_bus=4.932V I_bus=57.7mA P_bus=284.5mW E_total_accum=231.446mWh
00:28:13.262 > [BENCH] IDLE | t_inference_us=0 | heap=0.4kB/105.8kB (min=103.3kB, biggest=105.4kB) | arena=2.6kB | V_bus=4.920V I_bus=58.2mA P_bus=286.6mW E_total_accum=231.607mWh
00:28:15.298 > [BENCH] IDLE | t_inference_us=0 | heap=0.4kB/105.8kB (min=103.3kB, biggest=105.4kB) | arena=2.6kB | V_bus=4.920V I_bus=57.9mA P_bus=285.5mW E_total_accum=231.767mWh
00:28:17.314 > [BENCH] IDLE | t_inference_us=0 | heap=0.4kB/105.8kB (min=103.3kB, biggest=105.4kB) | arena=2.6kB | V_bus=4.928V I_bus=57.7mA P_bus=284.5mW E_total_accum=231.926mWh
00:28:19.339 > [BENCH] IDLE | t_inference_us=0 | heap=0.4kB/105.8kB (min=103.3kB, biggest=105.4kB) | arena=2.6kB | V_bus=4.920V I_bus=57.9mA P_bus=285.0mW E_total_accum=232.086mWh
00:28:21.368 > [BENCH] IDLE | t_inference_us=0 | heap=0.4kB/105.8kB (min=103.3kB, biggest=105.4kB) | arena=2.6kB | V_bus=4.936V I_bus=57.6mA P_bus=284.0mW E_total_accum=232.245mWh
00:28:23.382 > [BENCH] IDLE | t_inference_us=0 | heap=0.4kB/105.8kB (min=103.3kB, biggest=105.4kB) | arena=2.6kB | V_bus=4.932V I_bus=57.7mA P_bus=284.6mW E_total_accum=232.405mWh
00:28:25.410 > [BENCH] IDLE | t_inference_us=0 | heap=0.4kB/105.8kB (min=103.3kB, biggest=105.4kB) | arena=2.6kB | V_bus=4.928V I_bus=58.1mA P_bus=286.3mW E_total_accum=232.566mWh
00:28:27.427 > [BENCH] IDLE | t_inference_us=0 | heap=0.4kB/105.8kB (min=103.3kB, biggest=105.4kB) | arena=2.6kB | V_bus=4.936V I_bus=58.1mA P_bus=286.4mW E_total_accum=232.726mWh
00:28:29.456 > [BENCH] IDLE | t_inference_us=0 | heap=0.4kB/105.8kB (min=103.3kB, biggest=105.4kB) | arena=2.6kB | V_bus=4.936V I_bus=58.4mA P_bus=287.9mW E_total_accum=232.888mWh
00:28:31.482 > [BENCH] IDLE | t_inference_us=0 | heap=0.4kB/105.8kB (min=103.3kB, biggest=105.4kB) | arena=2.6kB | V_bus=4.936V I_bus=58.4mA P_bus=288.1mW E_total_accum=233.049mWh
00:28:33.501 > [BENCH] IDLE | t_inference_us=0 | heap=0.4kB/105.8kB (min=103.3kB, biggest=105.4kB) | arena=2.6kB | V_bus=4.936V I_bus=58.2mA P_bus=287.1mW E_total_accum=233.210mWh
00:28:35.522 > [BENCH] IDLE | t_inference_us=0 | heap=0.4kB/105.8kB (min=103.3kB, biggest=105.4kB) | arena=2.6kB | V_bus=4.924V I_bus=58.6mA P_bus=288.8mW E_total_accum=233.372mWh
00:28:37.543 > [BENCH] IDLE | t_inference_us=0 | heap=0.4kB/105.8kB (min=103.3kB, biggest=105.4kB) | arena=2.6kB | V_bus=4.928V I_bus=58.5mA P_bus=288.4mW E_total_accum=233.534mWh
00:28:39.569 > [BENCH] IDLE | t_inference_us=0 | heap=0.4kB/105.8kB (min=103.3kB, biggest=105.4kB) | arena=2.6kB | V_bus=4.936V I_bus=58.3mA P_bus=287.4mW E_total_accum=233.695mWh
00:28:41.594 > [BENCH] IDLE | t_inference_us=0 | heap=0.4kB/105.8kB (min=103.3kB, biggest=105.4kB) | arena=2.6kB | V_bus=4.924V I_bus=58.6mA P_bus=289.0mW E_total_accum=233.857mWh
00:28:43.616 > [BENCH] IDLE | t_inference_us=0 | heap=0.4kB/105.8kB (min=103.3kB, biggest=105.4kB) | arena=2.6kB | V_bus=4.932V I_bus=58.6mA P_bus=288.8mW E_total_accum=234.019mWh
00:28:45.640 > [BENCH] IDLE | t_inference_us=0 | heap=0.4kB/105.8kB (min=103.3kB, biggest=105.4kB) | arena=2.6kB | V_bus=4.932V I_bus=58.6mA P_bus=288.9mW E_total_accum=234.181mWh
00:28:47.651 > [BENCH] IDLE | t_inference_us=0 | heap=0.4kB/105.8kB (min=103.3kB, biggest=105.4kB) | arena=2.6kB | V_bus=4.932V I_bus=58.8mA P_bus=289.7mW E_total_accum=234.343mWh
00:28:49.668 > [BENCH] IDLE | t_inference_us=0 | heap=0.4kB/105.8kB (min=103.3kB, biggest=105.4kB) | arena=2.6kB | V_bus=4.932V I_bus=58.8mA P_bus=289.9mW E_total_accum=234.506mWh
00:28:51.098 > 
