15:22:38.841 > ===== BOOT START =====
15:22:38.841 > [PLATFORM] Lolin32 / ESP-WROOM-32
15:22:38.841 > [CPU_SET_MHz] freq=240 MHz
15:22:38.853 > [BOOT] LiteML-Edge starting...
15:22:38.855 > [MODE] LITEML_MODE=2 -> FIELD (evaluation contract)
15:22:38.860 > [OLED] disabled | mode=FIELD
15:22:38.975 > [SENSORS] DHT22 initialized successfully.
15:22:38.975 > [SENSORS] No NTP — using local millis-based clock.
15:22:38.986 > [SENSORS] Initialization complete. Acquisition layer ready; unified evaluation contract armed.
15:22:38.994 > [MODE] Shared post-acquisition contract: hourly rollover, lag snapshots, common feature packing, and lag-1 residual baseline.
15:22:39.006 > [TFLM] outputs_size=2 | out0_type=1 out1_type=1 | out0_bytes=4 out1_bytes=4
15:22:39.012 > [ARENA] reserved=16384B used=2656B (2.6kB/16.0kB)
15:22:39.015 > [MEM] Model=7.12kB (FLASH) | Arena=2.59kB (RAM) | Total≈9.72kB
15:22:39.021 > [quant] in: s=0.003921569 zp=-128 | out0: s=0.000000000 zp=0 | out1: s=0.000000000 zp=0 | in_t=9 out0_t=1 out1_t=1 | in_lastdim=12
15:22:39.034 > [MODEL] type=CONV1D_TINY | arch=CNN | io=int8->float32 | precision_io=HYBRID_IO | quant_style=HYBRID_INT8_TO_FLOAT32_WITH_QDQ
15:22:39.045 > [SCALERS] crc32=0x2C3C93F3 K=12 | Y0=[-1.110,0.910] Y1=[-0.748,0.649]
15:22:39.052 > [SCALERS] ΔY=[-1.110,-0.748]..[0.910,0.649]
15:22:39.055 > [SCALERS] X0=[21.110001,35.000000] X1=[43.000000,100.000000]
15:22:39.060 > [SCALERS] X2=[24.360001,28.680000] X3=[60.620712,75.301254]
15:22:39.065 > [SELFTEST] OK? YES  y0=-0.190  y1=-0.238  (in_scale=0.003922 in_zp=-128  out0_scale=0.000000 out0_zp=0)
15:22:39.078 > [SELFTEST] y0=-0.19 y1=-0.24
15:22:39.078 > [BENCH][INA219] calib=16V/400mA | assumed_shunt=0.100 ohm
15:22:39.082 > [BOOT] ready.
15:22:39.085 > [METRICS] mode=LIVE_FEATURES
15:22:39.086 > [SENSORS] invalid reading (waiting for stabilization)...
15:22:39.095 > [SENSORS] FIELD seed progress: current hour captured; waiting for lag1 and lag2.
15:22:39.103 > [WARMUP] waiting=stabilization+lag_history | snapshot=0 warmup=1/6  Tin=29.60 Hin=70.40 Tout=34.00 Hout=54.60
15:22:40.657 > [WARMUP] waiting=lag_history(lag1+lag2) | snapshot=0 warmup=6/6  Tin=29.60 Hin=70.40 Tout=34.00 Hout=54.60
15:22:42.168 > [WARMUP] waiting=lag_history(lag1+lag2) | snapshot=0 warmup=6/6  Tin=30.00 Hin=69.49 Tout=34.20 Hout=54.20
15:22:43.673 > [WARMUP] waiting=lag_history(lag1+lag2) | snapshot=0 warmup=6/6  Tin=30.00 Hin=69.55 Tout=34.20 Hout=54.30
15:22:45.173 > [WARMUP] waiting=lag_history(lag1+lag2) | snapshot=0 warmup=6/6  Tin=30.00 Hin=69.86 Tout=34.20 Hout=54.30
15:22:46.690 > [WARMUP] waiting=lag_history(lag1+lag2) | snapshot=0 warmup=6/6  Tin=30.00 Hin=70.90 Tout=34.20 Hout=54.30
15:22:48.204 > [WARMUP] waiting=lag_history(lag1+lag2) | snapshot=0 warmup=6/6  Tin=30.00 Hin=71.20 Tout=34.20 Hout=54.40
15:22:49.722 > [WARMUP] waiting=lag_history(lag1+lag2) | snapshot=0 warmup=6/6  Tin=30.00 Hin=70.93 Tout=34.20 Hout=54.40
15:22:51.220 > [WARMUP] waiting=lag_history(lag1+lag2) | snapshot=0 warmup=6/6  Tin=30.00 Hin=69.24 Tout=34.20 Hout=54.40
15:22:52.736 > [WARMUP] waiting=lag_history(lag1+lag2) | snapshot=0 warmup=6/6  Tin=30.10 Hin=69.79 Tout=34.20 Hout=54.60
15:22:54.238 > [WARMUP] waiting=lag_history(lag1+lag2) | snapshot=0 warmup=6/6  Tin=30.00 Hin=69.80 Tout=34.10 Hout=54.50
15:22:55.738 > [WARMUP] waiting=lag_history(lag1+lag2) | snapshot=0 warmup=6/6  Tin=30.00 Hin=69.62 Tout=34.10 Hout=54.50
15:22:57.254 > [WARMUP] waiting=lag_history(lag1+lag2) | snapshot=0 warmup=6/6  Tin=30.00 Hin=69.43 Tout=34.10 Hout=54.60
15:22:58.777 > [WARMUP] waiting=lag_history(lag1+lag2) | snapshot=0 warmup=6/6  Tin=30.00 Hin=69.97 Tout=34.10 Hout=54.70
15:23:00.289 > [WARMUP] waiting=lag_history(lag1+lag2) | snapshot=0 warmup=6/6  Tin=30.00 Hin=70.46 Tout=34.10 Hout=54.80
15:23:01.792 > [WARMUP] waiting=lag_history(lag1+lag2) | snapshot=0 warmup=6/6  Tin=30.00 Hin=71.46 Tout=34.10 Hout=54.80
15:23:03.303 > [WARMUP] waiting=lag_history(lag1+lag2) | snapshot=0 warmup=6/6  Tin=30.00 Hin=72.04 Tout=34.10 Hout=55.00
15:23:04.817 > [WARMUP] waiting=lag_history(lag1+lag2) | snapshot=0 warmup=6/6  Tin=30.00 Hin=72.05 Tout=34.00 Hout=55.00
15:23:06.314 > [WARMUP] waiting=lag_history(lag1+lag2) | snapshot=0 warmup=6/6  Tin=30.00 Hin=71.92 Tout=34.00 Hout=55.00
15:23:07.831 > [WARMUP] waiting=lag_history(lag1+lag2) | snapshot=0 warmup=6/6  Tin=30.00 Hin=71.40 Tout=34.00 Hout=55.00
15:23:09.339 > [WARMUP] waiting=lag_history(lag1+lag2) | snapshot=0 warmup=6/6  Tin=30.00 Hin=71.06 Tout=34.00 Hout=55.10
15:23:10.856 > [WARMUP] waiting=lag_history(lag1+lag2) | snapshot=0 warmup=6/6  Tin=30.00 Hin=70.94 Tout=34.00 Hout=55.00
15:23:12.350 > [WARMUP] waiting=lag_history(lag1+lag2) | snapshot=0 warmup=6/6  Tin=30.00 Hin=70.99 Tout=34.00 Hout=55.00
15:23:13.867 > [WARMUP] waiting=lag_history(lag1+lag2) | snapshot=0 warmup=6/6  Tin=30.00 Hin=70.77 Tout=34.00 Hout=55.10
15:23:15.372 > [WARMUP] waiting=lag_history(lag1+lag2) | snapshot=0 warmup=6/6  Tin=30.10 Hin=70.93 Tout=33.90 Hout=55.00
15:23:16.883 > [WARMUP] waiting=lag_history(lag1+lag2) | snapshot=0 warmup=6/6  Tin=30.10 Hin=71.17 Tout=33.90 Hout=55.00
15:23:18.396 > [WARMUP] waiting=lag_history(lag1+lag2) | snapshot=0 warmup=6/6  Tin=30.10 Hin=72.54 Tout=33.90 Hout=55.20
15:23:19.909 > [WARMUP] waiting=lag_history(lag1+lag2) | snapshot=0 warmup=6/6  Tin=30.10 Hin=72.70 Tout=33.90 Hout=55.30
15:23:21.421 > [WARMUP] waiting=lag_history(lag1+lag2) | snapshot=0 warmup=6/6  Tin=30.10 Hin=72.69 Tout=34.00 Hout=55.20
15:23:22.922 > [WARMUP] waiting=lag_history(lag1+lag2) | snapshot=0 warmup=6/6  Tin=30.10 Hin=72.61 Tout=34.00 Hout=55.20
15:23:24.436 > [WARMUP] waiting=lag_history(lag1+lag2) | snapshot=0 warmup=6/6  Tin=30.10 Hin=71.92 Tout=33.90 Hout=55.20
15:23:25.949 > [WARMUP] waiting=lag_history(lag1+lag2) | snapshot=0 warmup=6/6  Tin=30.10 Hin=73.01 Tout=33.90 Hout=55.30
15:23:27.449 > [WARMUP] waiting=lag_history(lag1+lag2) | snapshot=0 warmup=6/6  Tin=30.10 Hin=74.40 Tout=33.90 Hout=55.30
15:23:28.962 > [WARMUP] waiting=lag_history(lag1+lag2) | snapshot=0 warmup=6/6  Tin=30.10 Hin=75.16 Tout=34.00 Hout=55.30
15:23:30.475 > [WARMUP] waiting=lag_history(lag1+lag2) | snapshot=0 warmup=6/6  Tin=30.10 Hin=75.35 Tout=34.00 Hout=55.30
15:23:31.989 > [WARMUP] waiting=lag_history(lag1+lag2) | snapshot=0 warmup=6/6  Tin=30.10 Hin=75.39 Tout=34.00 Hout=55.20
15:23:33.489 > [WARMUP] waiting=lag_history(lag1+lag2) | snapshot=0 warmup=6/6  Tin=30.10 Hin=75.40 Tout=34.00 Hout=55.20
15:23:34.995 > [WARMUP] waiting=lag_history(lag1+lag2) | snapshot=0 warmup=6/6  Tin=30.10 Hin=75.02 Tout=34.00 Hout=55.30
15:23:36.511 > [WARMUP] waiting=lag_history(lag1+lag2) | snapshot=0 warmup=6/6  Tin=30.20 Hin=75.58 Tout=33.90 Hout=55.20
15:23:38.016 > [WARMUP] waiting=lag_history(lag1+lag2) | snapshot=0 warmup=6/6  Tin=30.20 Hin=76.30 Tout=33.90 Hout=55.20
15:23:38.990 > [SENSORS] Health IN ok=29 err=0 reinit=0 pwr=0 | OUT ok=29 err=0 reinit=0 pwr=0
15:23:38.990 > [SENSORS] FIELD seed progress: lag1 ready; waiting one more logical hour for lag2.
15:23:39.528 > [WARMUP] waiting=lag_history(lag1+lag2) | snapshot=0 warmup=6/6  Tin=30.20 Hin=76.81 Tout=33.90 Hout=55.30
15:23:41.042 > [WARMUP] waiting=lag_history(lag1+lag2) | snapshot=0 warmup=6/6  Tin=30.10 Hin=76.32 Tout=33.90 Hout=55.40
15:23:42.555 > [WARMUP] waiting=lag_history(lag1+lag2) | snapshot=0 warmup=6/6  Tin=30.20 Hin=76.33 Tout=33.90 Hout=55.30
15:23:44.043 > [WARMUP] waiting=lag_history(lag1+lag2) | snapshot=0 warmup=6/6  Tin=30.20 Hin=77.70 Tout=33.90 Hout=55.30
15:23:45.568 > [WARMUP] waiting=lag_history(lag1+lag2) | snapshot=0 warmup=6/6  Tin=30.20 Hin=78.25 Tout=33.90 Hout=55.10
15:23:47.073 > [WARMUP] waiting=lag_history(lag1+lag2) | snapshot=0 warmup=6/6  Tin=30.20 Hin=77.72 Tout=33.90 Hout=55.10
15:23:48.576 > [WARMUP] waiting=lag_history(lag1+lag2) | snapshot=0 warmup=6/6  Tin=30.20 Hin=77.00 Tout=33.90 Hout=55.10
15:23:50.088 > [WARMUP] waiting=lag_history(lag1+lag2) | snapshot=0 warmup=6/6  Tin=30.20 Hin=75.82 Tout=33.90 Hout=55.00
15:23:51.596 > [WARMUP] waiting=lag_history(lag1+lag2) | snapshot=0 warmup=6/6  Tin=30.20 Hin=75.82 Tout=33.90 Hout=55.00
15:23:53.122 > [WARMUP] waiting=lag_history(lag1+lag2) | snapshot=0 warmup=6/6  Tin=30.30 Hin=76.09 Tout=33.80 Hout=55.10
15:23:54.623 > [WARMUP] waiting=lag_history(lag1+lag2) | snapshot=0 warmup=6/6  Tin=30.30 Hin=77.06 Tout=33.80 Hout=55.10
15:23:56.136 > [WARMUP] waiting=lag_history(lag1+lag2) | snapshot=0 warmup=6/6  Tin=30.20 Hin=77.33 Tout=33.80 Hout=55.00
15:23:57.649 > [WARMUP] waiting=lag_history(lag1+lag2) | snapshot=0 warmup=6/6  Tin=30.20 Hin=76.82 Tout=33.80 Hout=55.00
15:23:59.150 > [WARMUP] waiting=lag_history(lag1+lag2) | snapshot=0 warmup=6/6  Tin=30.20 Hin=76.19 Tout=33.80 Hout=55.00
15:24:00.663 > [WARMUP] waiting=lag_history(lag1+lag2) | snapshot=0 warmup=6/6  Tin=30.20 Hin=75.44 Tout=33.80 Hout=55.20
15:24:02.176 > [WARMUP] waiting=lag_history(lag1+lag2) | snapshot=0 warmup=6/6  Tin=30.30 Hin=74.62 Tout=33.80 Hout=55.20
15:24:03.689 > [WARMUP] waiting=lag_history(lag1+lag2) | snapshot=0 warmup=6/6  Tin=30.30 Hin=74.16 Tout=33.80 Hout=55.30
15:24:05.189 > [WARMUP] waiting=lag_history(lag1+lag2) | snapshot=0 warmup=6/6  Tin=30.30 Hin=73.67 Tout=33.80 Hout=55.30
15:24:06.702 > [WARMUP] waiting=lag_history(lag1+lag2) | snapshot=0 warmup=6/6  Tin=30.30 Hin=73.61 Tout=33.80 Hout=55.40
15:24:08.216 > [WARMUP] waiting=lag_history(lag1+lag2) | snapshot=0 warmup=6/6  Tin=30.30 Hin=73.65 Tout=33.70 Hout=55.60
15:24:09.718 > [WARMUP] waiting=lag_history(lag1+lag2) | snapshot=0 warmup=6/6  Tin=30.30 Hin=73.69 Tout=33.70 Hout=55.60
15:24:11.231 > [WARMUP] waiting=lag_history(lag1+lag2) | snapshot=0 warmup=6/6  Tin=30.30 Hin=73.53 Tout=33.70 Hout=55.60
15:24:12.737 > [WARMUP] waiting=lag_history(lag1+lag2) | snapshot=0 warmup=6/6  Tin=30.30 Hin=74.52 Tout=33.70 Hout=55.40
15:24:14.256 > [WARMUP] waiting=lag_history(lag1+lag2) | snapshot=0 warmup=6/6  Tin=30.30 Hin=75.03 Tout=33.80 Hout=55.40
15:24:15.757 > [WARMUP] waiting=lag_history(lag1+lag2) | snapshot=0 warmup=6/6  Tin=30.30 Hin=75.09 Tout=33.80 Hout=55.40
15:24:17.266 > [WARMUP] waiting=lag_history(lag1+lag2) | snapshot=0 warmup=6/6  Tin=30.30 Hin=76.16 Tout=33.70 Hout=55.20
15:24:18.782 > [WARMUP] waiting=lag_history(lag1+lag2) | snapshot=0 warmup=6/6  Tin=30.30 Hin=76.68 Tout=33.70 Hout=55.20
15:24:20.271 > [WARMUP] waiting=lag_history(lag1+lag2) | snapshot=0 warmup=6/6  Tin=30.30 Hin=76.96 Tout=33.70 Hout=55.20
15:24:21.788 > [WARMUP] waiting=lag_history(lag1+lag2) | snapshot=0 warmup=6/6  Tin=30.30 Hin=76.57 Tout=33.70 Hout=55.20
15:24:23.304 > [WARMUP] waiting=lag_history(lag1+lag2) | snapshot=0 warmup=6/6  Tin=30.30 Hin=76.26 Tout=33.70 Hout=55.30
15:24:24.823 > [WARMUP] waiting=lag_history(lag1+lag2) | snapshot=0 warmup=6/6  Tin=30.30 Hin=75.98 Tout=33.70 Hout=55.20
15:24:26.324 > [WARMUP] waiting=lag_history(lag1+lag2) | snapshot=0 warmup=6/6  Tin=30.30 Hin=75.30 Tout=33.70 Hout=55.20
15:24:27.835 > [WARMUP] waiting=lag_history(lag1+lag2) | snapshot=0 warmup=6/6  Tin=30.30 Hin=75.21 Tout=33.70 Hout=55.30
15:24:29.341 > [WARMUP] waiting=lag_history(lag1+lag2) | snapshot=0 warmup=6/6  Tin=30.40 Hin=75.47 Tout=33.70 Hout=55.40
15:24:30.851 > [WARMUP] waiting=lag_history(lag1+lag2) | snapshot=0 warmup=6/6  Tin=30.40 Hin=75.76 Tout=33.70 Hout=55.40
15:24:32.351 > [WARMUP] waiting=lag_history(lag1+lag2) | snapshot=0 warmup=6/6  Tin=30.40 Hin=77.14 Tout=33.70 Hout=55.50
15:24:33.877 > [WARMUP] waiting=lag_history(lag1+lag2) | snapshot=0 warmup=6/6  Tin=30.40 Hin=78.06 Tout=33.70 Hout=55.60
15:24:35.388 > [WARMUP] waiting=lag_history(lag1+lag2) | snapshot=0 warmup=6/6  Tin=30.40 Hin=78.34 Tout=33.70 Hout=55.50
15:24:36.885 > [WARMUP] waiting=lag_history(lag1+lag2) | snapshot=0 warmup=6/6  Tin=30.40 Hin=77.87 Tout=33.70 Hout=55.50
15:24:38.399 > [WARMUP] waiting=lag_history(lag1+lag2) | snapshot=0 warmup=6/6  Tin=30.40 Hin=76.90 Tout=33.70 Hout=55.50
15:24:39.004 > [SENSORS] Health IN ok=57 err=0 reinit=0 pwr=0 | OUT ok=57 err=0 reinit=0 pwr=0
15:24:39.010 > [SENSORS] FIELD seed progress: lag1 + lag2 ready; snapshot gate released.
15:24:39.017 > 
15:24:39.017 > [EVENT] type=HOUR  Tin=30.40 Hin=76.73 Tout=33.70 Hout=55.50
15:24:39.023 > [infer] warmup: window 1/24 - (Invoke NOT executed)
15:24:40.516 > [BENCH] IDLE | t_inference_us=0 | heap=37.3kB/282.0kB (min=239.4kB, biggest=108.0kB) | arena=2.6kB | V_bus=5.128V I_bus=69.1mA P_bus=353.7mW E_total_accum=11.943mWh
15:24:42.533 > [BENCH] IDLE | t_inference_us=0 | heap=37.3kB/282.0kB (min=239.3kB, biggest=108.0kB) | arena=2.6kB | V_bus=5.128V I_bus=67.0mA P_bus=343.4mW E_total_accum=12.135mWh
15:24:44.546 > [BENCH] IDLE | t_inference_us=0 | heap=37.3kB/282.0kB (min=239.3kB, biggest=108.0kB) | arena=2.6kB | V_bus=5.124V I_bus=64.8mA P_bus=332.0mW E_total_accum=12.321mWh
15:24:46.549 > [BENCH] IDLE | t_inference_us=0 | heap=37.3kB/282.0kB (min=239.3kB, biggest=108.0kB) | arena=2.6kB | V_bus=5.128V I_bus=63.2mA P_bus=323.7mW E_total_accum=12.502mWh
15:24:48.562 > [BENCH] IDLE | t_inference_us=0 | heap=37.3kB/282.0kB (min=239.3kB, biggest=108.0kB) | arena=2.6kB | V_bus=5.128V I_bus=64.4mA P_bus=330.0mW E_total_accum=12.687mWh
15:24:50.579 > [BENCH] IDLE | t_inference_us=0 | heap=37.3kB/282.0kB (min=239.3kB, biggest=108.0kB) | arena=2.6kB | V_bus=5.124V I_bus=63.5mA P_bus=325.5mW E_total_accum=12.869mWh
15:24:52.596 > [BENCH] IDLE | t_inference_us=0 | heap=37.3kB/282.0kB (min=239.3kB, biggest=108.0kB) | arena=2.6kB | V_bus=5.128V I_bus=62.0mA P_bus=318.0mW E_total_accum=13.047mWh
15:24:54.614 > [BENCH] IDLE | t_inference_us=0 | heap=37.3kB/282.0kB (min=239.3kB, biggest=108.0kB) | arena=2.6kB | V_bus=5.124V I_bus=61.0mA P_bus=312.6mW E_total_accum=13.222mWh
15:24:56.625 > [BENCH] IDLE | t_inference_us=0 | heap=37.3kB/282.0kB (min=239.3kB, biggest=108.0kB) | arena=2.6kB | V_bus=5.108V I_bus=63.0mA P_bus=322.8mW E_total_accum=13.402mWh
15:24:58.628 > [BENCH] IDLE | t_inference_us=0 | heap=37.3kB/282.0kB (min=239.3kB, biggest=108.0kB) | arena=2.6kB | V_bus=5.132V I_bus=61.7mA P_bus=316.3mW E_total_accum=13.578mWh
15:25:00.644 > [BENCH] IDLE | t_inference_us=0 | heap=37.3kB/282.0kB (min=239.3kB, biggest=108.0kB) | arena=2.6kB | V_bus=5.128V I_bus=60.6mA P_bus=310.7mW E_total_accum=13.752mWh
15:25:02.661 > [BENCH] IDLE | t_inference_us=0 | heap=37.3kB/282.0kB (min=239.3kB, biggest=108.0kB) | arena=2.6kB | V_bus=5.128V I_bus=61.0mA P_bus=312.6mW E_total_accum=13.927mWh
15:25:04.662 > [BENCH] IDLE | t_inference_us=0 | heap=37.3kB/282.0kB (min=239.3kB, biggest=108.0kB) | arena=2.6kB | V_bus=5.128V I_bus=60.2mA P_bus=308.6mW E_total_accum=14.099mWh
15:25:06.677 > [BENCH] IDLE | t_inference_us=0 | heap=37.3kB/282.0kB (min=239.3kB, biggest=108.0kB) | arena=2.6kB | V_bus=5.128V I_bus=59.5mA P_bus=305.1mW E_total_accum=14.270mWh
15:25:08.693 > [BENCH] IDLE | t_inference_us=0 | heap=37.3kB/282.0kB (min=239.3kB, biggest=108.0kB) | arena=2.6kB | V_bus=5.128V I_bus=59.0mA P_bus=302.2mW E_total_accum=14.439mWh
15:25:10.710 > [BENCH] IDLE | t_inference_us=0 | heap=37.3kB/282.0kB (min=239.3kB, biggest=108.0kB) | arena=2.6kB | V_bus=5.128V I_bus=59.9mA P_bus=307.3mW E_total_accum=14.611mWh
15:25:12.725 > [BENCH] IDLE | t_inference_us=0 | heap=37.3kB/282.0kB (min=239.3kB, biggest=108.0kB) | arena=2.6kB | V_bus=5.124V I_bus=59.5mA P_bus=305.2mW E_total_accum=14.782mWh
15:25:14.743 > [BENCH] IDLE | t_inference_us=0 | heap=37.3kB/282.0kB (min=239.3kB, biggest=108.0kB) | arena=2.6kB | V_bus=5.128V I_bus=58.9mA P_bus=302.1mW E_total_accum=14.951mWh
15:25:16.755 > [BENCH] IDLE | t_inference_us=0 | heap=37.3kB/282.0kB (min=239.3kB, biggest=108.0kB) | arena=2.6kB | V_bus=5.124V I_bus=58.4mA P_bus=299.5mW E_total_accum=15.118mWh
15:25:18.772 > [BENCH] IDLE | t_inference_us=0 | heap=37.3kB/282.0kB (min=239.3kB, biggest=108.0kB) | arena=2.6kB | V_bus=5.128V I_bus=59.7mA P_bus=305.9mW E_total_accum=15.289mWh
15:25:20.773 > [BENCH] IDLE | t_inference_us=0 | heap=37.3kB/282.0kB (min=239.3kB, biggest=108.0kB) | arena=2.6kB | V_bus=5.128V I_bus=59.3mA P_bus=303.8mW E_total_accum=15.459mWh
15:25:22.791 > [BENCH] IDLE | t_inference_us=0 | heap=37.3kB/282.0kB (min=239.3kB, biggest=108.0kB) | arena=2.6kB | V_bus=5.128V I_bus=58.6mA P_bus=300.5mW E_total_accum=15.628mWh
15:25:24.808 > [BENCH] IDLE | t_inference_us=0 | heap=37.3kB/282.0kB (min=239.3kB, biggest=108.0kB) | arena=2.6kB | V_bus=5.124V I_bus=58.2mA P_bus=298.3mW E_total_accum=15.794mWh
15:25:26.820 > [BENCH] IDLE | t_inference_us=0 | heap=37.3kB/282.0kB (min=239.3kB, biggest=108.0kB) | arena=2.6kB | V_bus=5.128V I_bus=59.6mA P_bus=305.5mW E_total_accum=15.965mWh
15:25:28.838 > [BENCH] IDLE | t_inference_us=0 | heap=37.3kB/282.0kB (min=239.3kB, biggest=108.0kB) | arena=2.6kB | V_bus=5.124V I_bus=59.3mA P_bus=303.8mW E_total_accum=16.135mWh
15:25:30.855 > [BENCH] IDLE | t_inference_us=0 | heap=37.3kB/282.0kB (min=239.3kB, biggest=108.0kB) | arena=2.6kB | V_bus=5.128V I_bus=58.6mA P_bus=300.6mW E_total_accum=16.304mWh
15:25:32.856 > [BENCH] IDLE | t_inference_us=0 | heap=37.3kB/282.0kB (min=239.3kB, biggest=108.0kB) | arena=2.6kB | V_bus=5.112V I_bus=58.6mA P_bus=300.4mW E_total_accum=16.471mWh
15:25:34.857 > [BENCH] IDLE | t_inference_us=0 | heap=37.3kB/282.0kB (min=239.3kB, biggest=108.0kB) | arena=2.6kB | V_bus=5.128V I_bus=58.1mA P_bus=297.7mW E_total_accum=16.637mWh
15:25:36.879 > [BENCH] IDLE | t_inference_us=0 | heap=37.3kB/282.0kB (min=239.3kB, biggest=108.0kB) | arena=2.6kB | V_bus=5.124V I_bus=57.8mA P_bus=296.0mW E_total_accum=16.803mWh
15:25:38.886 > [BENCH] IDLE | t_inference_us=0 | heap=37.3kB/282.0kB (min=239.3kB, biggest=108.0kB) | arena=2.6kB | V_bus=5.128V I_bus=59.9mA P_bus=306.9mW E_total_accum=16.974mWh
15:25:38.974 > 
15:25:38.974 > [EVENT] type=HOUR  Tin=29.30 Hin=64.80 Tout=33.70 Hout=55.80
15:25:38.974 > [infer] warmup: window 2/24 - (Invoke NOT executed)
15:25:39.040 > [SENSORS] Health IN ok=85 err=0 reinit=0 pwr=0 | OUT ok=85 err=0 reinit=0 pwr=0
15:25:40.919 > [BENCH] IDLE | t_inference_us=0 | heap=37.3kB/282.0kB (min=239.3kB, biggest=108.0kB) | arena=2.6kB | V_bus=5.128V I_bus=59.4mA P_bus=304.5mW E_total_accum=17.147mWh
15:25:42.937 > [BENCH] IDLE | t_inference_us=0 | heap=37.3kB/282.0kB (min=239.3kB, biggest=108.0kB) | arena=2.6kB | V_bus=5.124V I_bus=58.8mA P_bus=301.5mW E_total_accum=17.315mWh
15:25:44.954 > [BENCH] IDLE | t_inference_us=0 | heap=37.3kB/282.0kB (min=239.3kB, biggest=108.0kB) | arena=2.6kB | V_bus=5.128V I_bus=60.6mA P_bus=310.4mW E_total_accum=17.489mWh
15:25:46.968 > [BENCH] IDLE | t_inference_us=0 | heap=37.3kB/282.0kB (min=239.3kB, biggest=108.0kB) | arena=2.6kB | V_bus=5.128V I_bus=60.1mA P_bus=308.0mW E_total_accum=17.661mWh
15:25:48.985 > [BENCH] IDLE | t_inference_us=0 | heap=37.3kB/282.0kB (min=239.3kB, biggest=108.0kB) | arena=2.6kB | V_bus=5.128V I_bus=59.3mA P_bus=303.9mW E_total_accum=17.831mWh
15:25:50.999 > [BENCH] IDLE | t_inference_us=0 | heap=37.3kB/282.0kB (min=239.3kB, biggest=108.0kB) | arena=2.6kB | V_bus=5.128V I_bus=61.4mA P_bus=314.8mW E_total_accum=18.007mWh
15:25:53.017 > [BENCH] IDLE | t_inference_us=0 | heap=37.3kB/282.0kB (min=239.3kB, biggest=108.0kB) | arena=2.6kB | V_bus=5.132V I_bus=61.4mA P_bus=314.9mW E_total_accum=18.184mWh
15:25:55.019 > [BENCH] IDLE | t_inference_us=0 | heap=37.3kB/282.0kB (min=239.3kB, biggest=108.0kB) | arena=2.6kB | V_bus=5.132V I_bus=60.3mA P_bus=309.3mW E_total_accum=18.357mWh
15:25:57.045 > [BENCH] IDLE | t_inference_us=0 | heap=37.3kB/282.0kB (min=239.3kB, biggest=108.0kB) | arena=2.6kB | V_bus=5.128V I_bus=59.5mA P_bus=305.3mW E_total_accum=18.528mWh
15:25:59.054 > [BENCH] IDLE | t_inference_us=0 | heap=37.3kB/282.0kB (min=239.3kB, biggest=108.0kB) | arena=2.6kB | V_bus=5.128V I_bus=60.6mA P_bus=310.8mW E_total_accum=18.701mWh
15:26:01.066 > [BENCH] IDLE | t_inference_us=0 | heap=37.3kB/282.0kB (min=239.3kB, biggest=108.0kB) | arena=2.6kB | V_bus=5.128V I_bus=59.7mA P_bus=306.0mW E_total_accum=18.873mWh
15:26:03.083 > [BENCH] IDLE | t_inference_us=0 | heap=37.3kB/282.0kB (min=239.3kB, biggest=108.0kB) | arena=2.6kB | V_bus=5.128V I_bus=58.9mA P_bus=302.2mW E_total_accum=19.042mWh
15:26:05.101 > [BENCH] IDLE | t_inference_us=0 | heap=37.3kB/282.0kB (min=239.3kB, biggest=108.0kB) | arena=2.6kB | V_bus=5.132V I_bus=60.4mA P_bus=309.6mW E_total_accum=19.215mWh
15:26:07.114 > [BENCH] IDLE | t_inference_us=0 | heap=37.3kB/282.0kB (min=239.3kB, biggest=108.0kB) | arena=2.6kB | V_bus=5.132V I_bus=59.7mA P_bus=306.4mW E_total_accum=19.386mWh
15:26:09.115 > [BENCH] IDLE | t_inference_us=0 | heap=37.3kB/282.0kB (min=239.3kB, biggest=108.0kB) | arena=2.6kB | V_bus=5.112V I_bus=59.7mA P_bus=306.2mW E_total_accum=19.557mWh
15:26:11.130 > [BENCH] IDLE | t_inference_us=0 | heap=37.3kB/282.0kB (min=239.3kB, biggest=108.0kB) | arena=2.6kB | V_bus=5.128V I_bus=58.9mA P_bus=301.9mW E_total_accum=19.725mWh
15:26:13.132 > [BENCH] IDLE | t_inference_us=0 | heap=37.3kB/282.0kB (min=239.3kB, biggest=108.0kB) | arena=2.6kB | V_bus=5.128V I_bus=58.3mA P_bus=298.9mW E_total_accum=19.893mWh
15:26:15.157 > [BENCH] IDLE | t_inference_us=0 | heap=37.3kB/282.0kB (min=239.3kB, biggest=108.0kB) | arena=2.6kB | V_bus=5.132V I_bus=59.6mA P_bus=305.7mW E_total_accum=20.064mWh
15:26:17.163 > [BENCH] IDLE | t_inference_us=0 | heap=37.3kB/282.0kB (min=239.3kB, biggest=108.0kB) | arena=2.6kB | V_bus=5.128V I_bus=58.8mA P_bus=301.8mW E_total_accum=20.232mWh
15:26:19.179 > [BENCH] IDLE | t_inference_us=0 | heap=37.3kB/282.0kB (min=239.3kB, biggest=108.0kB) | arena=2.6kB | V_bus=5.128V I_bus=58.4mA P_bus=299.2mW E_total_accum=20.400mWh
15:26:21.197 > [BENCH] IDLE | t_inference_us=0 | heap=37.3kB/282.0kB (min=239.3kB, biggest=108.0kB) | arena=2.6kB | V_bus=5.124V I_bus=59.8mA P_bus=306.5mW E_total_accum=20.571mWh
15:26:23.213 > [BENCH] IDLE | t_inference_us=0 | heap=37.3kB/282.0kB (min=239.3kB, biggest=108.0kB) | arena=2.6kB | V_bus=5.128V I_bus=59.0mA P_bus=302.4mW E_total_accum=20.741mWh
15:26:25.223 > [BENCH] IDLE | t_inference_us=0 | heap=37.3kB/282.0kB (min=239.3kB, biggest=108.0kB) | arena=2.6kB | V_bus=5.128V I_bus=58.5mA P_bus=299.8mW E_total_accum=20.908mWh
15:26:27.227 > [BENCH] IDLE | t_inference_us=0 | heap=37.3kB/282.0kB (min=239.3kB, biggest=108.0kB) | arena=2.6kB | V_bus=5.132V I_bus=59.4mA P_bus=304.5mW E_total_accum=21.079mWh
15:26:29.246 > [BENCH] IDLE | t_inference_us=0 | heap=37.3kB/282.0kB (min=239.3kB, biggest=108.0kB) | arena=2.6kB | V_bus=5.128V I_bus=58.6mA P_bus=300.7mW E_total_accum=21.247mWh
15:26:31.261 > [BENCH] IDLE | t_inference_us=0 | heap=37.3kB/282.0kB (min=239.3kB, biggest=108.0kB) | arena=2.6kB | V_bus=5.128V I_bus=58.2mA P_bus=298.2mW E_total_accum=21.414mWh
15:26:33.283 > [BENCH] IDLE | t_inference_us=0 | heap=37.3kB/282.0kB (min=239.3kB, biggest=108.0kB) | arena=2.6kB | V_bus=5.128V I_bus=58.7mA P_bus=300.9mW E_total_accum=21.582mWh
15:26:35.297 > [BENCH] IDLE | t_inference_us=0 | heap=37.3kB/282.0kB (min=239.3kB, biggest=108.0kB) | arena=2.6kB | V_bus=5.132V I_bus=58.1mA P_bus=297.9mW E_total_accum=21.749mWh
15:26:37.305 > [BENCH] IDLE | t_inference_us=0 | heap=37.3kB/282.0kB (min=239.3kB, biggest=108.0kB) | arena=2.6kB | V_bus=5.128V I_bus=60.5mA P_bus=310.2mW E_total_accum=21.922mWh
15:26:38.993 > 
15:26:38.993 > [EVENT] type=HOUR  Tin=27.80 Hin=67.10 Tout=33.80 Hout=54.80
15:26:38.993 > [infer] warmup: window 3/24 - (Invoke NOT executed)
15:26:39.065 > [SENSORS] Health IN ok=114 err=0 reinit=0 pwr=0 | OUT ok=114 err=0 reinit=0 pwr=0
15:26:40.506 > [BENCH] IDLE | t_inference_us=0 | heap=37.3kB/282.0kB (min=239.3kB, biggest=108.0kB) | arena=2.6kB | V_bus=5.128V I_bus=64.3mA P_bus=329.7mW E_total_accum=22.213mWh
15:26:42.507 > [BENCH] IDLE | t_inference_us=0 | heap=37.3kB/282.0kB (min=239.3kB, biggest=108.0kB) | arena=2.6kB | V_bus=5.128V I_bus=62.8mA P_bus=322.0mW E_total_accum=22.393mWh
15:26:44.524 > [BENCH] IDLE | t_inference_us=0 | heap=37.3kB/282.0kB (min=239.3kB, biggest=108.0kB) | arena=2.6kB | V_bus=5.128V I_bus=61.4mA P_bus=315.0mW E_total_accum=22.569mWh
15:26:46.542 > [BENCH] IDLE | t_inference_us=0 | heap=37.3kB/282.0kB (min=239.3kB, biggest=108.0kB) | arena=2.6kB | V_bus=5.132V I_bus=61.5mA P_bus=315.2mW E_total_accum=22.745mWh
15:26:48.558 > [BENCH] IDLE | t_inference_us=0 | heap=37.3kB/282.0kB (min=239.3kB, biggest=108.0kB) | arena=2.6kB | V_bus=5.128V I_bus=60.2mA P_bus=308.9mW E_total_accum=22.918mWh
15:26:50.571 > [BENCH] IDLE | t_inference_us=0 | heap=37.3kB/282.0kB (min=239.3kB, biggest=108.0kB) | arena=2.6kB | V_bus=5.132V I_bus=62.1mA P_bus=318.4mW E_total_accum=23.096mWh
15:26:52.588 > [BENCH] IDLE | t_inference_us=0 | heap=37.3kB/282.0kB (min=239.3kB, biggest=108.0kB) | arena=2.6kB | V_bus=5.132V I_bus=61.2mA P_bus=313.7mW E_total_accum=23.272mWh
15:26:54.589 > [BENCH] IDLE | t_inference_us=0 | heap=37.3kB/282.0kB (min=239.3kB, biggest=108.0kB) | arena=2.6kB | V_bus=5.128V I_bus=60.1mA P_bus=308.2mW E_total_accum=23.444mWh
15:26:56.607 > [BENCH] IDLE | t_inference_us=0 | heap=37.3kB/282.0kB (min=239.3kB, biggest=108.0kB) | arena=2.6kB | V_bus=5.128V I_bus=60.9mA P_bus=312.3mW E_total_accum=23.619mWh
15:26:58.623 > [BENCH] IDLE | t_inference_us=0 | heap=37.3kB/282.0kB (min=239.3kB, biggest=108.0kB) | arena=2.6kB | V_bus=5.132V I_bus=59.8mA P_bus=306.5mW E_total_accum=23.790mWh
15:27:00.635 > [BENCH] IDLE | t_inference_us=0 | heap=37.3kB/282.0kB (min=239.3kB, biggest=108.0kB) | arena=2.6kB | V_bus=5.132V I_bus=61.7mA P_bus=316.4mW E_total_accum=23.967mWh
15:27:02.652 > [BENCH] IDLE | t_inference_us=0 | heap=37.3kB/282.0kB (min=239.3kB, biggest=108.0kB) | arena=2.6kB | V_bus=5.128V I_bus=60.8mA P_bus=312.1mW E_total_accum=24.142mWh
15:27:04.670 > [BENCH] IDLE | t_inference_us=0 | heap=37.3kB/282.0kB (min=239.3kB, biggest=108.0kB) | arena=2.6kB | V_bus=5.128V I_bus=59.9mA P_bus=307.2mW E_total_accum=24.314mWh
15:27:06.669 > [BENCH] IDLE | t_inference_us=0 | heap=37.3kB/282.0kB (min=239.3kB, biggest=108.0kB) | arena=2.6kB | V_bus=5.128V I_bus=59.0mA P_bus=302.7mW E_total_accum=24.482mWh
15:27:08.690 > [BENCH] IDLE | t_inference_us=0 | heap=37.3kB/282.0kB (min=239.3kB, biggest=108.0kB) | arena=2.6kB | V_bus=5.128V I_bus=60.9mA P_bus=312.2mW E_total_accum=24.657mWh
15:27:10.701 > [BENCH] IDLE | t_inference_us=0 | heap=37.3kB/282.0kB (min=239.3kB, biggest=108.0kB) | arena=2.6kB | V_bus=5.132V I_bus=59.8mA P_bus=306.9mW E_total_accum=24.829mWh
15:27:12.702 > [BENCH] IDLE | t_inference_us=0 | heap=37.3kB/282.0kB (min=239.3kB, biggest=108.0kB) | arena=2.6kB | V_bus=5.132V I_bus=59.0mA P_bus=302.7mW E_total_accum=24.998mWh
15:27:14.718 > [BENCH] IDLE | t_inference_us=0 | heap=37.3kB/282.0kB (min=239.3kB, biggest=108.0kB) | arena=2.6kB | V_bus=5.128V I_bus=58.9mA P_bus=302.1mW E_total_accum=25.167mWh
15:27:16.735 > [BENCH] IDLE | t_inference_us=0 | heap=37.3kB/282.0kB (min=239.3kB, biggest=108.0kB) | arena=2.6kB | V_bus=5.128V I_bus=58.3mA P_bus=298.9mW E_total_accum=25.334mWh
15:27:18.752 > [BENCH] IDLE | t_inference_us=0 | heap=37.3kB/282.0kB (min=239.3kB, biggest=108.0kB) | arena=2.6kB | V_bus=5.128V I_bus=59.1mA P_bus=303.2mW E_total_accum=25.504mWh
15:27:20.769 > [BENCH] IDLE | t_inference_us=0 | heap=37.3kB/282.0kB (min=239.3kB, biggest=108.0kB) | arena=2.6kB | V_bus=5.128V I_bus=58.4mA P_bus=299.6mW E_total_accum=25.671mWh
15:27:22.783 > [BENCH] IDLE | t_inference_us=0 | heap=37.3kB/282.0kB (min=239.3kB, biggest=108.0kB) | arena=2.6kB | V_bus=5.132V I_bus=60.1mA P_bus=308.0mW E_total_accum=25.844mWh
15:27:24.800 > [BENCH] IDLE | t_inference_us=0 | heap=37.3kB/282.0kB (min=239.3kB, biggest=108.0kB) | arena=2.6kB | V_bus=5.128V I_bus=59.1mA P_bus=303.2mW E_total_accum=26.013mWh
15:27:26.800 > [BENCH] IDLE | t_inference_us=0 | heap=37.3kB/282.0kB (min=239.3kB, biggest=108.0kB) | arena=2.6kB | V_bus=5.132V I_bus=61.2mA P_bus=313.8mW E_total_accum=26.189mWh
15:27:28.817 > [BENCH] IDLE | t_inference_us=0 | heap=37.3kB/282.0kB (min=239.3kB, biggest=108.0kB) | arena=2.6kB | V_bus=5.128V I_bus=60.3mA P_bus=309.3mW E_total_accum=26.362mWh
15:27:30.830 > [BENCH] IDLE | t_inference_us=0 | heap=37.3kB/282.0kB (min=239.3kB, biggest=108.0kB) | arena=2.6kB | V_bus=5.128V I_bus=59.5mA P_bus=305.2mW E_total_accum=26.533mWh
15:27:32.845 > [BENCH] IDLE | t_inference_us=0 | heap=37.3kB/282.0kB (min=239.3kB, biggest=108.0kB) | arena=2.6kB | V_bus=5.128V I_bus=59.3mA P_bus=304.4mW E_total_accum=26.703mWh
15:27:34.863 > [BENCH] IDLE | t_inference_us=0 | heap=37.3kB/282.0kB (min=239.3kB, biggest=108.0kB) | arena=2.6kB | V_bus=5.128V I_bus=58.6mA P_bus=300.7mW E_total_accum=26.871mWh
15:27:36.881 > [BENCH] IDLE | t_inference_us=0 | heap=37.3kB/282.0kB (min=239.3kB, biggest=108.0kB) | arena=2.6kB | V_bus=5.128V I_bus=58.8mA P_bus=301.7mW E_total_accum=27.040mWh
15:27:38.898 > [BENCH] IDLE | t_inference_us=0 | heap=37.3kB/282.0kB (min=239.3kB, biggest=108.0kB) | arena=2.6kB | V_bus=5.128V I_bus=58.2mA P_bus=298.5mW E_total_accum=27.207mWh
15:27:38.979 > 
15:27:38.979 > [EVENT] type=HOUR  Tin=26.80 Hin=68.00 Tout=33.90 Hout=54.50
15:27:38.984 > [infer] warmup: window 4/24 - (Invoke NOT executed)
15:27:39.066 > [SENSORS] Health IN ok=142 err=0 reinit=0 pwr=0 | OUT ok=142 err=0 reinit=0 pwr=0
15:27:40.929 > [BENCH] IDLE | t_inference_us=0 | heap=37.3kB/282.0kB (min=239.3kB, biggest=108.0kB) | arena=2.6kB | V_bus=5.128V I_bus=59.2mA P_bus=303.5mW E_total_accum=27.379mWh
15:27:42.927 > [BENCH] IDLE | t_inference_us=0 | heap=37.3kB/282.0kB (min=239.3kB, biggest=108.0kB) | arena=2.6kB | V_bus=5.128V I_bus=58.8mA P_bus=301.8mW E_total_accum=27.547mWh
15:27:44.946 > [BENCH] IDLE | t_inference_us=0 | heap=37.3kB/282.0kB (min=239.3kB, biggest=108.0kB) | arena=2.6kB | V_bus=5.128V I_bus=58.3mA P_bus=298.8mW E_total_accum=27.714mWh
15:27:46.962 > [BENCH] IDLE | t_inference_us=0 | heap=37.3kB/282.0kB (min=239.3kB, biggest=108.0kB) | arena=2.6kB | V_bus=5.132V I_bus=58.2mA P_bus=298.5mW E_total_accum=27.881mWh
15:27:48.965 > [BENCH] IDLE | t_inference_us=0 | heap=37.3kB/282.0kB (min=239.3kB, biggest=108.0kB) | arena=2.6kB | V_bus=5.132V I_bus=57.8mA P_bus=296.4mW E_total_accum=28.047mWh
15:27:50.975 > [BENCH] IDLE | t_inference_us=0 | heap=37.3kB/282.0kB (min=239.3kB, biggest=108.0kB) | arena=2.6kB | V_bus=5.132V I_bus=57.8mA P_bus=296.7mW E_total_accum=28.213mWh
15:27:52.993 > [BENCH] IDLE | t_inference_us=0 | heap=37.3kB/282.0kB (min=239.3kB, biggest=108.0kB) | arena=2.6kB | V_bus=5.128V I_bus=57.5mA P_bus=295.0mW E_total_accum=28.378mWh
15:27:55.009 > [BENCH] IDLE | t_inference_us=0 | heap=37.3kB/282.0kB (min=239.3kB, biggest=108.0kB) | arena=2.6kB | V_bus=5.132V I_bus=57.6mA P_bus=295.7mW E_total_accum=28.543mWh
15:27:57.025 > [BENCH] IDLE | t_inference_us=0 | heap=37.3kB/282.0kB (min=239.3kB, biggest=108.0kB) | arena=2.6kB | V_bus=5.128V I_bus=57.2mA P_bus=293.6mW E_total_accum=28.707mWh
15:27:59.045 > [BENCH] IDLE | t_inference_us=0 | heap=37.3kB/282.0kB (min=239.3kB, biggest=108.0kB) | arena=2.6kB | V_bus=5.132V I_bus=57.4mA P_bus=294.3mW E_total_accum=28.872mWh
15:28:01.056 > [BENCH] IDLE | t_inference_us=0 | heap=37.3kB/282.0kB (min=239.3kB, biggest=108.0kB) | arena=2.6kB | V_bus=5.128V I_bus=57.0mA P_bus=292.5mW E_total_accum=29.036mWh
15:28:03.074 > [BENCH] IDLE | t_inference_us=0 | heap=37.3kB/282.0kB (min=239.3kB, biggest=108.0kB) | arena=2.6kB | V_bus=5.132V I_bus=57.2mA P_bus=293.3mW E_total_accum=29.200mWh
15:28:05.076 > [BENCH] IDLE | t_inference_us=0 | heap=37.3kB/282.0kB (min=239.3kB, biggest=108.0kB) | arena=2.6kB | V_bus=5.128V I_bus=56.9mA P_bus=291.9mW E_total_accum=29.363mWh
15:28:07.096 > [BENCH] IDLE | t_inference_us=0 | heap=37.3kB/282.0kB (min=239.3kB, biggest=108.0kB) | arena=2.6kB | V_bus=5.132V I_bus=56.9mA P_bus=292.2mW E_total_accum=29.526mWh
15:28:09.116 > [BENCH] IDLE | t_inference_us=0 | heap=37.3kB/282.0kB (min=239.3kB, biggest=108.0kB) | arena=2.6kB | V_bus=5.132V I_bus=56.8mA P_bus=291.2mW E_total_accum=29.689mWh
15:28:11.122 > [BENCH] IDLE | t_inference_us=0 | heap=37.3kB/282.0kB (min=239.3kB, biggest=108.0kB) | arena=2.6kB | V_bus=5.128V I_bus=56.6mA P_bus=290.4mW E_total_accum=29.852mWh
15:28:13.138 > [BENCH] IDLE | t_inference_us=0 | heap=37.3kB/282.0kB (min=239.3kB, biggest=108.0kB) | arena=2.6kB | V_bus=5.128V I_bus=59.2mA P_bus=303.9mW E_total_accum=30.022mWh
15:28:15.156 > [BENCH] IDLE | t_inference_us=0 | heap=37.3kB/282.0kB (min=239.3kB, biggest=108.0kB) | arena=2.6kB | V_bus=5.132V I_bus=58.5mA P_bus=300.3mW E_total_accum=30.190mWh
15:28:17.157 > [BENCH] IDLE | t_inference_us=0 | heap=37.3kB/282.0kB (min=239.3kB, biggest=108.0kB) | arena=2.6kB | V_bus=5.112V I_bus=60.8mA P_bus=311.5mW E_total_accum=30.364mWh
15:28:19.173 > [BENCH] IDLE | t_inference_us=0 | heap=37.3kB/282.0kB (min=239.3kB, biggest=108.0kB) | arena=2.6kB | V_bus=5.132V I_bus=62.4mA P_bus=319.8mW E_total_accum=30.542mWh
15:28:21.187 > [BENCH] IDLE | t_inference_us=0 | heap=37.3kB/282.0kB (min=239.3kB, biggest=108.0kB) | arena=2.6kB | V_bus=5.132V I_bus=61.0mA P_bus=313.0mW E_total_accum=30.717mWh
15:28:23.188 > [BENCH] IDLE | t_inference_us=0 | heap=37.3kB/282.0kB (min=239.3kB, biggest=108.0kB) | arena=2.6kB | V_bus=5.128V I_bus=61.9mA P_bus=317.5mW E_total_accum=30.895mWh
15:28:25.205 > [BENCH] IDLE | t_inference_us=0 | heap=37.3kB/282.0kB (min=239.3kB, biggest=108.0kB) | arena=2.6kB | V_bus=5.132V I_bus=60.6mA P_bus=310.9mW E_total_accum=31.069mWh
15:28:27.223 > [BENCH] IDLE | t_inference_us=0 | heap=37.3kB/282.0kB (min=239.3kB, biggest=108.0kB) | arena=2.6kB | V_bus=5.132V I_bus=60.7mA P_bus=311.4mW E_total_accum=31.243mWh
15:28:29.239 > [BENCH] IDLE | t_inference_us=0 | heap=37.3kB/282.0kB (min=239.3kB, biggest=108.0kB) | arena=2.6kB | V_bus=5.124V I_bus=59.7mA P_bus=306.4mW E_total_accum=31.414mWh
15:28:31.253 > [BENCH] IDLE | t_inference_us=0 | heap=37.3kB/282.0kB (min=239.3kB, biggest=108.0kB) | arena=2.6kB | V_bus=5.128V I_bus=59.4mA P_bus=304.8mW E_total_accum=31.585mWh
15:28:33.268 > [BENCH] IDLE | t_inference_us=0 | heap=37.3kB/282.0kB (min=239.3kB, biggest=108.0kB) | arena=2.6kB | V_bus=5.128V I_bus=58.7mA P_bus=300.9mW E_total_accum=31.753mWh
15:28:35.270 > [BENCH] IDLE | t_inference_us=0 | heap=37.3kB/282.0kB (min=239.3kB, biggest=108.0kB) | arena=2.6kB | V_bus=5.132V I_bus=58.2mA P_bus=298.3mW E_total_accum=31.920mWh
15:28:37.287 > [BENCH] IDLE | t_inference_us=0 | heap=37.3kB/282.0kB (min=239.3kB, biggest=108.0kB) | arena=2.6kB | V_bus=5.128V I_bus=60.3mA P_bus=309.1mW E_total_accum=32.093mWh
15:28:38.985 > 
15:28:38.985 > [EVENT] type=HOUR  Tin=26.30 Hin=67.77 Tout=34.00 Hout=54.60
15:28:38.985 > [infer] warmup: window 5/24 - (Invoke NOT executed)
15:28:39.093 > [SENSORS] Health IN ok=170 err=0 reinit=0 pwr=0 | OUT ok=170 err=0 reinit=0 pwr=0
15:28:40.487 > [BENCH] IDLE | t_inference_us=0 | heap=37.3kB/282.0kB (min=239.3kB, biggest=108.0kB) | arena=2.6kB | V_bus=5.128V I_bus=61.0mA P_bus=312.9mW E_total_accum=32.373mWh
15:28:42.508 > [BENCH] IDLE | t_inference_us=0 | heap=37.3kB/282.0kB (min=239.3kB, biggest=108.0kB) | arena=2.6kB | V_bus=5.132V I_bus=62.7mA P_bus=321.4mW E_total_accum=32.553mWh
15:28:44.516 > [BENCH] IDLE | t_inference_us=0 | heap=37.3kB/282.0kB (min=239.3kB, biggest=108.0kB) | arena=2.6kB | V_bus=5.128V I_bus=61.1mA P_bus=313.6mW E_total_accum=32.728mWh
15:28:46.531 > [BENCH] IDLE | t_inference_us=0 | heap=37.3kB/282.0kB (min=239.3kB, biggest=108.0kB) | arena=2.6kB | V_bus=5.128V I_bus=61.8mA P_bus=317.0mW E_total_accum=32.906mWh
15:28:48.549 > [BENCH] IDLE | t_inference_us=0 | heap=37.3kB/282.0kB (min=239.3kB, biggest=108.0kB) | arena=2.6kB | V_bus=5.128V I_bus=60.6mA P_bus=310.9mW E_total_accum=33.079mWh
15:28:50.552 > [BENCH] IDLE | t_inference_us=0 | heap=37.3kB/282.0kB (min=239.3kB, biggest=108.0kB) | arena=2.6kB | V_bus=5.132V I_bus=60.2mA P_bus=308.7mW E_total_accum=33.252mWh
15:28:52.571 > [BENCH] IDLE | t_inference_us=0 | heap=37.3kB/282.0kB (min=239.3kB, biggest=108.0kB) | arena=2.6kB | V_bus=5.128V I_bus=59.3mA P_bus=304.3mW E_total_accum=33.422mWh
15:28:54.581 > [BENCH] IDLE | t_inference_us=0 | heap=37.3kB/282.0kB (min=239.3kB, biggest=108.0kB) | arena=2.6kB | V_bus=5.132V I_bus=58.5mA P_bus=300.1mW E_total_accum=33.590mWh
15:28:56.606 > [BENCH] IDLE | t_inference_us=0 | heap=37.3kB/282.0kB (min=239.3kB, biggest=108.0kB) | arena=2.6kB | V_bus=5.132V I_bus=59.9mA P_bus=307.3mW E_total_accum=33.762mWh
15:28:58.615 > [BENCH] IDLE | t_inference_us=0 | heap=37.3kB/282.0kB (min=239.3kB, biggest=108.0kB) | arena=2.6kB | V_bus=5.128V I_bus=59.0mA P_bus=302.9mW E_total_accum=33.932mWh
15:29:00.632 > [BENCH] IDLE | t_inference_us=0 | heap=37.3kB/282.0kB (min=239.3kB, biggest=108.0kB) | arena=2.6kB | V_bus=5.132V I_bus=59.0mA P_bus=302.7mW E_total_accum=34.101mWh
15:29:02.640 > [BENCH] IDLE | t_inference_us=0 | heap=37.3kB/282.0kB (min=239.3kB, biggest=108.0kB) | arena=2.6kB | V_bus=5.128V I_bus=58.4mA P_bus=299.4mW E_total_accum=34.269mWh
15:29:04.647 > [BENCH] IDLE | t_inference_us=0 | heap=37.3kB/282.0kB (min=239.3kB, biggest=108.0kB) | arena=2.6kB | V_bus=5.132V I_bus=57.8mA P_bus=296.4mW E_total_accum=34.434mWh
15:29:06.669 > [BENCH] IDLE | t_inference_us=0 | heap=37.3kB/282.0kB (min=239.3kB, biggest=108.0kB) | arena=2.6kB | V_bus=5.132V I_bus=59.3mA P_bus=304.1mW E_total_accum=34.604mWh
15:29:08.679 > [BENCH] IDLE | t_inference_us=0 | heap=37.3kB/282.0kB (min=239.3kB, biggest=108.0kB) | arena=2.6kB | V_bus=5.128V I_bus=58.5mA P_bus=300.2mW E_total_accum=34.772mWh
15:29:10.703 > [BENCH] IDLE | t_inference_us=0 | heap=37.3kB/282.0kB (min=239.3kB, biggest=108.0kB) | arena=2.6kB | V_bus=5.128V I_bus=58.3mA P_bus=298.9mW E_total_accum=34.940mWh
15:29:12.717 > [BENCH] IDLE | t_inference_us=0 | heap=37.3kB/282.0kB (min=239.3kB, biggest=108.0kB) | arena=2.6kB | V_bus=5.128V I_bus=60.5mA P_bus=310.3mW E_total_accum=35.113mWh
15:29:14.724 > [BENCH] IDLE | t_inference_us=0 | heap=37.3kB/282.0kB (min=239.3kB, biggest=108.0kB) | arena=2.6kB | V_bus=5.116V I_bus=60.5mA P_bus=310.1mW E_total_accum=35.286mWh
15:29:16.728 > [BENCH] IDLE | t_inference_us=0 | heap=37.3kB/282.0kB (min=239.3kB, biggest=108.0kB) | arena=2.6kB | V_bus=5.128V I_bus=59.4mA P_bus=304.7mW E_total_accum=35.456mWh
15:29:18.744 > [BENCH] IDLE | t_inference_us=0 | heap=37.3kB/282.0kB (min=239.3kB, biggest=108.0kB) | arena=2.6kB | V_bus=5.128V I_bus=59.5mA P_bus=304.9mW E_total_accum=35.627mWh
15:29:20.761 > [BENCH] IDLE | t_inference_us=0 | heap=37.3kB/282.0kB (min=239.3kB, biggest=108.0kB) | arena=2.6kB | V_bus=5.128V I_bus=58.8mA P_bus=301.4mW E_total_accum=35.795mWh
15:29:22.774 > [BENCH] IDLE | t_inference_us=0 | heap=37.3kB/282.0kB (min=239.3kB, biggest=108.0kB) | arena=2.6kB | V_bus=5.128V I_bus=58.0mA P_bus=297.6mW E_total_accum=35.962mWh
15:29:24.788 > [BENCH] IDLE | t_inference_us=0 | heap=37.3kB/282.0kB (min=239.3kB, biggest=108.0kB) | arena=2.6kB | V_bus=5.132V I_bus=59.0mA P_bus=302.6mW E_total_accum=36.131mWh
15:29:26.792 > [BENCH] IDLE | t_inference_us=0 | heap=37.3kB/282.0kB (min=239.3kB, biggest=108.0kB) | arena=2.6kB | V_bus=5.128V I_bus=58.3mA P_bus=299.0mW E_total_accum=36.298mWh
15:29:28.806 > [BENCH] IDLE | t_inference_us=0 | heap=37.3kB/282.0kB (min=239.3kB, biggest=108.0kB) | arena=2.6kB | V_bus=5.132V I_bus=57.8mA P_bus=296.3mW E_total_accum=36.464mWh
15:29:30.830 > [BENCH] IDLE | t_inference_us=0 | heap=37.3kB/282.0kB (min=239.3kB, biggest=108.0kB) | arena=2.6kB | V_bus=5.132V I_bus=59.2mA P_bus=303.6mW E_total_accum=36.634mWh
15:29:32.843 > [BENCH] IDLE | t_inference_us=0 | heap=37.3kB/282.0kB (min=239.3kB, biggest=108.0kB) | arena=2.6kB | V_bus=5.128V I_bus=58.5mA P_bus=300.1mW E_total_accum=36.802mWh
15:29:34.855 > [BENCH] IDLE | t_inference_us=0 | heap=37.3kB/282.0kB (min=239.3kB, biggest=108.0kB) | arena=2.6kB | V_bus=5.128V I_bus=58.1mA P_bus=297.8mW E_total_accum=36.969mWh
15:29:36.872 > [BENCH] IDLE | t_inference_us=0 | heap=37.3kB/282.0kB (min=239.3kB, biggest=108.0kB) | arena=2.6kB | V_bus=5.132V I_bus=59.4mA P_bus=304.9mW E_total_accum=37.139mWh
15:29:38.876 > [BENCH] IDLE | t_inference_us=0 | heap=37.3kB/282.0kB (min=239.3kB, biggest=108.0kB) | arena=2.6kB | V_bus=5.132V I_bus=58.6mA P_bus=300.9mW E_total_accum=37.307mWh
15:29:38.965 > 
15:29:38.966 > [EVENT] type=HOUR  Tin=26.00 Hin=67.02 Tout=33.80 Hout=54.70
15:29:38.971 > [infer] warmup: window 6/24 - (Invoke NOT executed)
15:29:39.106 > [SENSORS] Health IN ok=198 err=0 reinit=0 pwr=0 | OUT ok=198 err=0 reinit=0 pwr=0
15:29:40.914 > [BENCH] IDLE | t_inference_us=0 | heap=37.3kB/282.0kB (min=239.3kB, biggest=108.0kB) | arena=2.6kB | V_bus=5.132V I_bus=59.4mA P_bus=304.9mW E_total_accum=37.480mWh
15:29:42.922 > [BENCH] IDLE | t_inference_us=0 | heap=37.3kB/282.0kB (min=239.3kB, biggest=108.0kB) | arena=2.6kB | V_bus=5.132V I_bus=58.8mA P_bus=301.7mW E_total_accum=37.649mWh
15:29:44.939 > [BENCH] IDLE | t_inference_us=0 | heap=37.3kB/282.0kB (min=239.3kB, biggest=108.0kB) | arena=2.6kB | V_bus=5.132V I_bus=60.1mA P_bus=308.4mW E_total_accum=37.821mWh
15:29:46.954 > [BENCH] IDLE | t_inference_us=0 | heap=37.3kB/282.0kB (min=239.3kB, biggest=108.0kB) | arena=2.6kB | V_bus=5.128V I_bus=59.2mA P_bus=303.9mW E_total_accum=37.991mWh
15:29:48.970 > [BENCH] IDLE | t_inference_us=0 | heap=37.3kB/282.0kB (min=239.3kB, biggest=108.0kB) | arena=2.6kB | V_bus=5.132V I_bus=58.4mA P_bus=299.6mW E_total_accum=38.159mWh
15:29:50.980 > [BENCH] IDLE | t_inference_us=0 | heap=37.3kB/282.0kB (min=239.3kB, biggest=108.0kB) | arena=2.6kB | V_bus=5.116V I_bus=61.5mA P_bus=315.3mW E_total_accum=38.335mWh
15:29:52.984 > [BENCH] IDLE | t_inference_us=0 | heap=37.3kB/282.0kB (min=239.3kB, biggest=108.0kB) | arena=2.6kB | V_bus=5.132V I_bus=60.9mA P_bus=312.5mW E_total_accum=38.509mWh
15:29:55.000 > [BENCH] IDLE | t_inference_us=0 | heap=37.3kB/282.0kB (min=239.3kB, biggest=108.0kB) | arena=2.6kB | V_bus=5.132V I_bus=62.6mA P_bus=320.9mW E_total_accum=38.689mWh
15:29:57.005 > [BENCH] IDLE | t_inference_us=0 | heap=37.3kB/282.0kB (min=239.3kB, biggest=108.0kB) | arena=2.6kB | V_bus=5.132V I_bus=61.2mA P_bus=313.9mW E_total_accum=38.864mWh
15:29:59.025 > [BENCH] IDLE | t_inference_us=0 | heap=37.3kB/282.0kB (min=239.3kB, biggest=108.0kB) | arena=2.6kB | V_bus=5.132V I_bus=60.4mA P_bus=309.9mW E_total_accum=39.038mWh
15:30:01.037 > [BENCH] IDLE | t_inference_us=0 | heap=37.3kB/282.0kB (min=239.3kB, biggest=108.0kB) | arena=2.6kB | V_bus=5.132V I_bus=61.5mA P_bus=315.4mW E_total_accum=39.214mWh
15:30:03.057 > [BENCH] IDLE | t_inference_us=0 | heap=37.3kB/282.0kB (min=239.3kB, biggest=108.0kB) | arena=2.6kB | V_bus=5.128V I_bus=60.3mA P_bus=309.4mW E_total_accum=39.387mWh
15:30:05.070 > [BENCH] IDLE | t_inference_us=0 | heap=37.3kB/282.0kB (min=239.3kB, biggest=108.0kB) | arena=2.6kB | V_bus=5.132V I_bus=59.3mA P_bus=304.2mW E_total_accum=39.557mWh
15:30:07.087 > [BENCH] IDLE | t_inference_us=0 | heap=37.3kB/282.0kB (min=239.3kB, biggest=108.0kB) | arena=2.6kB | V_bus=5.132V I_bus=59.5mA P_bus=305.5mW E_total_accum=39.728mWh
15:30:09.103 > [BENCH] IDLE | t_inference_us=0 | heap=37.3kB/282.0kB (min=239.3kB, biggest=108.0kB) | arena=2.6kB | V_bus=5.128V I_bus=58.7mA P_bus=301.1mW E_total_accum=39.897mWh
15:30:11.114 > [BENCH] IDLE | t_inference_us=0 | heap=37.3kB/282.0kB (min=239.3kB, biggest=108.0kB) | arena=2.6kB | V_bus=5.132V I_bus=58.1mA P_bus=297.8mW E_total_accum=40.063mWh
15:30:13.131 > [BENCH] IDLE | t_inference_us=0 | heap=37.3kB/282.0kB (min=239.3kB, biggest=108.0kB) | arena=2.6kB | V_bus=5.128V I_bus=57.9mA P_bus=296.9mW E_total_accum=40.229mWh
15:30:15.145 > [BENCH] IDLE | t_inference_us=0 | heap=37.3kB/282.0kB (min=239.3kB, biggest=108.0kB) | arena=2.6kB | V_bus=5.128V I_bus=59.4mA P_bus=304.7mW E_total_accum=40.400mWh
15:30:17.156 > [BENCH] IDLE | t_inference_us=0 | heap=37.3kB/282.0kB (min=239.3kB, biggest=108.0kB) | arena=2.6kB | V_bus=5.128V I_bus=58.6mA P_bus=300.7mW E_total_accum=40.568mWh
15:30:19.170 > [BENCH] IDLE | t_inference_us=0 | heap=37.3kB/282.0kB (min=239.3kB, biggest=108.0kB) | arena=2.6kB | V_bus=5.132V I_bus=57.9mA P_bus=296.9mW E_total_accum=40.734mWh
15:30:21.179 > [BENCH] IDLE | t_inference_us=0 | heap=37.3kB/282.0kB (min=239.3kB, biggest=108.0kB) | arena=2.6kB | V_bus=5.132V I_bus=58.0mA P_bus=297.7mW E_total_accum=40.901mWh
15:30:23.201 > [BENCH] IDLE | t_inference_us=0 | heap=37.3kB/282.0kB (min=239.3kB, biggest=108.0kB) | arena=2.6kB | V_bus=5.128V I_bus=59.9mA P_bus=307.5mW E_total_accum=41.073mWh
15:30:25.210 > [BENCH] IDLE | t_inference_us=0 | heap=37.3kB/282.0kB (min=239.3kB, biggest=108.0kB) | arena=2.6kB | V_bus=5.128V I_bus=59.1mA P_bus=303.1mW E_total_accum=41.242mWh
15:30:27.204 > [BENCH] IDLE | t_inference_us=0 | heap=37.3kB/282.0kB (min=239.3kB, biggest=108.0kB) | arena=2.6kB | V_bus=5.132V I_bus=58.4mA P_bus=299.7mW E_total_accum=41.409mWh
15:30:29.230 > [BENCH] IDLE | t_inference_us=0 | heap=37.3kB/282.0kB (min=239.3kB, biggest=108.0kB) | arena=2.6kB | V_bus=5.132V I_bus=57.9mA P_bus=296.9mW E_total_accum=41.575mWh
15:30:31.230 > [BENCH] IDLE | t_inference_us=0 | heap=37.3kB/282.0kB (min=239.3kB, biggest=108.0kB) | arena=2.6kB | V_bus=5.128V I_bus=57.7mA P_bus=295.8mW E_total_accum=41.740mWh
15:30:33.243 > [BENCH] IDLE | t_inference_us=0 | heap=37.3kB/282.0kB (min=239.3kB, biggest=108.0kB) | arena=2.6kB | V_bus=5.132V I_bus=58.7mA P_bus=301.2mW E_total_accum=41.909mWh
15:30:35.272 > [BENCH] IDLE | t_inference_us=0 | heap=37.3kB/282.0kB (min=239.3kB, biggest=108.0kB) | arena=2.6kB | V_bus=5.132V I_bus=58.0mA P_bus=297.8mW E_total_accum=42.076mWh
15:30:37.284 > [BENCH] IDLE | t_inference_us=0 | heap=37.3kB/282.0kB (min=239.3kB, biggest=108.0kB) | arena=2.6kB | V_bus=5.132V I_bus=57.6mA P_bus=295.4mW E_total_accum=42.241mWh
15:30:38.975 > 
15:30:38.975 > [EVENT] type=HOUR  Tin=25.70 Hin=66.11 Tout=33.90 Hout=55.40
15:30:38.975 > [infer] warmup: window 7/24 - (Invoke NOT executed)
15:30:39.110 > [SENSORS] Health IN ok=226 err=0 reinit=0 pwr=0 | OUT ok=226 err=0 reinit=0 pwr=0
15:30:40.494 > [BENCH] IDLE | t_inference_us=0 | heap=37.3kB/282.0kB (min=239.3kB, biggest=108.0kB) | arena=2.6kB | V_bus=5.128V I_bus=57.6mA P_bus=295.2mW E_total_accum=42.505mWh
15:30:42.494 > [BENCH] IDLE | t_inference_us=0 | heap=37.3kB/282.0kB (min=239.3kB, biggest=108.0kB) | arena=2.6kB | V_bus=5.124V I_bus=57.1mA P_bus=292.8mW E_total_accum=42.669mWh
15:30:44.522 > [BENCH] IDLE | t_inference_us=0 | heap=37.3kB/282.0kB (min=239.3kB, biggest=108.0kB) | arena=2.6kB | V_bus=5.132V I_bus=56.7mA P_bus=290.6mW E_total_accum=42.831mWh
15:30:46.527 > [BENCH] IDLE | t_inference_us=0 | heap=37.3kB/282.0kB (min=239.3kB, biggest=108.0kB) | arena=2.6kB | V_bus=5.128V I_bus=57.2mA P_bus=293.2mW E_total_accum=42.995mWh
15:30:48.533 > [BENCH] IDLE | t_inference_us=0 | heap=37.3kB/282.0kB (min=239.3kB, biggest=108.0kB) | arena=2.6kB | V_bus=5.132V I_bus=57.0mA P_bus=292.4mW E_total_accum=43.158mWh
15:30:50.541 > [BENCH] IDLE | t_inference_us=0 | heap=37.3kB/282.0kB (min=239.3kB, biggest=108.0kB) | arena=2.6kB | V_bus=5.132V I_bus=58.0mA P_bus=297.7mW E_total_accum=43.325mWh
15:30:52.565 > [BENCH] IDLE | t_inference_us=0 | heap=37.3kB/282.0kB (min=239.3kB, biggest=108.0kB) | arena=2.6kB | V_bus=5.132V I_bus=60.3mA P_bus=309.4mW E_total_accum=43.498mWh
15:30:54.569 > [BENCH] IDLE | t_inference_us=0 | heap=37.3kB/282.0kB (min=239.3kB, biggest=108.0kB) | arena=2.6kB | V_bus=5.128V I_bus=59.4mA P_bus=304.6mW E_total_accum=43.668mWh
15:30:56.580 > [BENCH] IDLE | t_inference_us=0 | heap=37.3kB/282.0kB (min=239.3kB, biggest=108.0kB) | arena=2.6kB | V_bus=5.128V I_bus=58.5mA P_bus=299.9mW E_total_accum=43.836mWh
15:30:58.601 > [BENCH] IDLE | t_inference_us=0 | heap=37.3kB/282.0kB (min=239.3kB, biggest=108.0kB) | arena=2.6kB | V_bus=5.128V I_bus=58.5mA P_bus=299.9mW E_total_accum=44.004mWh
15:31:00.619 > [BENCH] IDLE | t_inference_us=0 | heap=37.3kB/282.0kB (min=239.3kB, biggest=108.0kB) | arena=2.6kB | V_bus=5.132V I_bus=60.2mA P_bus=308.7mW E_total_accum=44.176mWh
15:31:02.623 > [BENCH] IDLE | t_inference_us=0 | heap=37.3kB/282.0kB (min=239.3kB, biggest=108.0kB) | arena=2.6kB | V_bus=5.132V I_bus=59.3mA P_bus=304.1mW E_total_accum=44.346mWh
15:31:04.646 > [BENCH] IDLE | t_inference_us=0 | heap=37.3kB/282.0kB (min=239.3kB, biggest=108.0kB) | arena=2.6kB | V_bus=5.124V I_bus=58.5mA P_bus=299.9mW E_total_accum=44.514mWh
15:31:06.649 > [BENCH] IDLE | t_inference_us=0 | heap=37.3kB/282.0kB (min=239.3kB, biggest=108.0kB) | arena=2.6kB | V_bus=5.128V I_bus=58.6mA P_bus=300.4mW E_total_accum=44.682mWh
15:31:08.663 > [BENCH] IDLE | t_inference_us=0 | heap=37.3kB/282.0kB (min=239.3kB, biggest=108.0kB) | arena=2.6kB | V_bus=5.132V I_bus=60.4mA P_bus=309.6mW E_total_accum=44.855mWh
15:31:10.681 > [BENCH] IDLE | t_inference_us=0 | heap=37.3kB/282.0kB (min=239.3kB, biggest=108.0kB) | arena=2.6kB | V_bus=5.128V I_bus=59.3mA P_bus=304.3mW E_total_accum=45.026mWh
15:31:12.695 > [BENCH] IDLE | t_inference_us=0 | heap=37.3kB/282.0kB (min=239.3kB, biggest=108.0kB) | arena=2.6kB | V_bus=5.132V I_bus=58.4mA P_bus=299.7mW E_total_accum=45.193mWh
15:31:14.713 > [BENCH] IDLE | t_inference_us=0 | heap=37.3kB/282.0kB (min=239.3kB, biggest=108.0kB) | arena=2.6kB | V_bus=5.128V I_bus=58.3mA P_bus=298.9mW E_total_accum=45.360mWh
15:31:16.731 > [BENCH] IDLE | t_inference_us=0 | heap=37.3kB/282.0kB (min=239.3kB, biggest=108.0kB) | arena=2.6kB | V_bus=5.132V I_bus=59.6mA P_bus=305.9mW E_total_accum=45.532mWh
15:31:18.742 > [BENCH] IDLE | t_inference_us=0 | heap=37.3kB/282.0kB (min=239.3kB, biggest=108.0kB) | arena=2.6kB | V_bus=5.132V I_bus=58.9mA P_bus=301.9mW E_total_accum=45.701mWh
15:31:20.757 > [BENCH] IDLE | t_inference_us=0 | heap=37.3kB/282.0kB (min=239.3kB, biggest=108.0kB) | arena=2.6kB | V_bus=5.128V I_bus=58.2mA P_bus=298.6mW E_total_accum=45.868mWh
15:31:22.769 > [BENCH] IDLE | t_inference_us=0 | heap=37.3kB/282.0kB (min=239.3kB, biggest=108.0kB) | arena=2.6kB | V_bus=5.112V I_bus=61.2mA P_bus=313.7mW E_total_accum=46.043mWh
15:31:24.775 > [BENCH] IDLE | t_inference_us=0 | heap=37.3kB/282.0kB (min=239.3kB, biggest=108.0kB) | arena=2.6kB | V_bus=5.132V I_bus=60.1mA P_bus=308.0mW E_total_accum=46.214mWh
15:31:26.782 > [BENCH] IDLE | t_inference_us=0 | heap=37.3kB/282.0kB (min=239.3kB, biggest=108.0kB) | arena=2.6kB | V_bus=5.132V I_bus=59.1mA P_bus=303.3mW E_total_accum=46.384mWh
15:31:28.792 > [BENCH] IDLE | t_inference_us=0 | heap=37.3kB/282.0kB (min=239.3kB, biggest=108.0kB) | arena=2.6kB | V_bus=5.132V I_bus=58.8mA P_bus=301.4mW E_total_accum=46.553mWh
15:31:30.808 > [BENCH] IDLE | t_inference_us=0 | heap=37.3kB/282.0kB (min=239.3kB, biggest=108.0kB) | arena=2.6kB | V_bus=5.128V I_bus=59.6mA P_bus=305.9mW E_total_accum=46.724mWh
15:31:32.825 > [BENCH] IDLE | t_inference_us=0 | heap=37.3kB/282.0kB (min=239.3kB, biggest=108.0kB) | arena=2.6kB | V_bus=5.128V I_bus=61.5mA P_bus=315.6mW E_total_accum=46.900mWh
15:31:34.842 > [BENCH] IDLE | t_inference_us=0 | heap=37.3kB/282.0kB (min=239.3kB, biggest=108.0kB) | arena=2.6kB | V_bus=5.128V I_bus=60.3mA P_bus=309.5mW E_total_accum=47.073mWh
15:31:36.858 > [BENCH] IDLE | t_inference_us=0 | heap=37.3kB/282.0kB (min=239.3kB, biggest=108.0kB) | arena=2.6kB | V_bus=5.128V I_bus=59.3mA P_bus=304.1mW E_total_accum=47.244mWh
15:31:38.870 > [BENCH] IDLE | t_inference_us=0 | heap=37.3kB/282.0kB (min=239.3kB, biggest=108.0kB) | arena=2.6kB | V_bus=5.132V I_bus=58.8mA P_bus=301.5mW E_total_accum=47.412mWh
15:31:38.954 > 
15:31:38.954 > [EVENT] type=HOUR  Tin=25.70 Hin=65.11 Tout=33.80 Hout=54.40
15:31:38.960 > [infer] warmup: window 8/24 - (Invoke NOT executed)
15:31:39.125 > [SENSORS] Health IN ok=254 err=0 reinit=0 pwr=0 | OUT ok=254 err=0 reinit=0 pwr=0
15:31:40.906 > [BENCH] IDLE | t_inference_us=0 | heap=37.3kB/282.0kB (min=239.3kB, biggest=108.0kB) | arena=2.6kB | V_bus=5.128V I_bus=59.4mA P_bus=304.5mW E_total_accum=47.585mWh
15:31:42.922 > [BENCH] IDLE | t_inference_us=0 | heap=37.3kB/282.0kB (min=239.3kB, biggest=108.0kB) | arena=2.6kB | V_bus=5.132V I_bus=59.2mA P_bus=303.7mW E_total_accum=47.754mWh
15:31:44.924 > [BENCH] IDLE | t_inference_us=0 | heap=37.3kB/282.0kB (min=239.3kB, biggest=108.0kB) | arena=2.6kB | V_bus=5.132V I_bus=60.4mA P_bus=309.7mW E_total_accum=47.928mWh
15:31:46.940 > [BENCH] IDLE | t_inference_us=0 | heap=37.3kB/282.0kB (min=239.3kB, biggest=108.0kB) | arena=2.6kB | V_bus=5.132V I_bus=59.4mA P_bus=304.6mW E_total_accum=48.098mWh
15:31:48.953 > [BENCH] IDLE | t_inference_us=0 | heap=37.3kB/282.0kB (min=239.3kB, biggest=108.0kB) | arena=2.6kB | V_bus=5.124V I_bus=58.6mA P_bus=300.7mW E_total_accum=48.266mWh
15:31:50.970 > [BENCH] IDLE | t_inference_us=0 | heap=37.3kB/282.0kB (min=239.3kB, biggest=108.0kB) | arena=2.6kB | V_bus=5.128V I_bus=57.9mA P_bus=297.1mW E_total_accum=48.433mWh
15:31:52.988 > [BENCH] IDLE | t_inference_us=0 | heap=37.3kB/282.0kB (min=239.3kB, biggest=108.0kB) | arena=2.6kB | V_bus=5.128V I_bus=57.7mA P_bus=296.0mW E_total_accum=48.598mWh
15:31:55.005 > [BENCH] IDLE | t_inference_us=0 | heap=37.3kB/282.0kB (min=239.3kB, biggest=108.0kB) | arena=2.6kB | V_bus=5.128V I_bus=58.2mA P_bus=298.6mW E_total_accum=48.765mWh
15:31:57.018 > [BENCH] IDLE | t_inference_us=0 | heap=37.3kB/282.0kB (min=239.3kB, biggest=108.0kB) | arena=2.6kB | V_bus=5.128V I_bus=59.9mA P_bus=307.0mW E_total_accum=48.937mWh
15:31:59.019 > [BENCH] IDLE | t_inference_us=0 | heap=37.3kB/282.0kB (min=239.3kB, biggest=108.0kB) | arena=2.6kB | V_bus=5.112V I_bus=59.9mA P_bus=306.8mW E_total_accum=49.109mWh
15:32:01.036 > [BENCH] IDLE | t_inference_us=0 | heap=37.3kB/282.0kB (min=239.3kB, biggest=108.0kB) | arena=2.6kB | V_bus=5.132V I_bus=60.8mA P_bus=311.7mW E_total_accum=49.282mWh
15:32:03.037 > [BENCH] IDLE | t_inference_us=0 | heap=37.3kB/282.0kB (min=239.3kB, biggest=108.0kB) | arena=2.6kB | V_bus=5.132V I_bus=62.3mA P_bus=319.6mW E_total_accum=49.461mWh
15:32:05.057 > [BENCH] IDLE | t_inference_us=0 | heap=37.3kB/282.0kB (min=239.3kB, biggest=108.0kB) | arena=2.6kB | V_bus=5.128V I_bus=61.0mA P_bus=312.7mW E_total_accum=49.636mWh
15:32:07.071 > [BENCH] IDLE | t_inference_us=0 | heap=37.3kB/282.0kB (min=239.3kB, biggest=108.0kB) | arena=2.6kB | V_bus=5.132V I_bus=59.9mA P_bus=307.3mW E_total_accum=49.808mWh
15:32:09.083 > [BENCH] IDLE | t_inference_us=0 | heap=37.3kB/282.0kB (min=239.3kB, biggest=108.0kB) | arena=2.6kB | V_bus=5.132V I_bus=59.0mA P_bus=302.5mW E_total_accum=49.977mWh
15:32:11.100 > [BENCH] IDLE | t_inference_us=0 | heap=37.3kB/282.0kB (min=239.3kB, biggest=108.0kB) | arena=2.6kB | V_bus=5.132V I_bus=58.7mA P_bus=301.3mW E_total_accum=50.145mWh
15:32:13.117 > [BENCH] IDLE | t_inference_us=0 | heap=37.3kB/282.0kB (min=239.3kB, biggest=108.0kB) | arena=2.6kB | V_bus=5.128V I_bus=59.5mA P_bus=305.2mW E_total_accum=50.316mWh
15:32:15.133 > [BENCH] IDLE | t_inference_us=0 | heap=37.3kB/282.0kB (min=239.3kB, biggest=108.0kB) | arena=2.6kB | V_bus=5.132V I_bus=61.1mA P_bus=313.5mW E_total_accum=50.492mWh
15:32:17.135 > [BENCH] IDLE | t_inference_us=0 | heap=37.3kB/282.0kB (min=239.3kB, biggest=108.0kB) | arena=2.6kB | V_bus=5.128V I_bus=60.0mA P_bus=307.7mW E_total_accum=50.664mWh
15:32:19.148 > [BENCH] IDLE | t_inference_us=0 | heap=37.3kB/282.0kB (min=239.3kB, biggest=108.0kB) | arena=2.6kB | V_bus=5.128V I_bus=59.1mA P_bus=303.1mW E_total_accum=50.833mWh
15:32:21.175 > [BENCH] IDLE | t_inference_us=0 | heap=37.3kB/282.0kB (min=239.3kB, biggest=108.0kB) | arena=2.6kB | V_bus=5.128V I_bus=58.3mA P_bus=299.0mW E_total_accum=51.000mWh
15:32:23.189 > [BENCH] IDLE | t_inference_us=0 | heap=37.3kB/282.0kB (min=239.3kB, biggest=108.0kB) | arena=2.6kB | V_bus=5.128V I_bus=57.9mA P_bus=297.0mW E_total_accum=51.167mWh
15:32:25.203 > [BENCH] IDLE | t_inference_us=0 | heap=37.3kB/282.0kB (min=239.3kB, biggest=108.0kB) | arena=2.6kB | V_bus=5.128V I_bus=58.2mA P_bus=298.6mW E_total_accum=51.334mWh
15:32:27.216 > [BENCH] IDLE | t_inference_us=0 | heap=37.3kB/282.0kB (min=239.3kB, biggest=108.0kB) | arena=2.6kB | V_bus=5.132V I_bus=59.6mA P_bus=305.7mW E_total_accum=51.505mWh
15:32:29.230 > [BENCH] IDLE | t_inference_us=0 | heap=37.3kB/282.0kB (min=239.3kB, biggest=108.0kB) | arena=2.6kB | V_bus=5.132V I_bus=61.5mA P_bus=315.6mW E_total_accum=51.681mWh
15:32:31.229 > [BENCH] IDLE | t_inference_us=0 | heap=37.3kB/282.0kB (min=239.3kB, biggest=108.0kB) | arena=2.6kB | V_bus=5.128V I_bus=60.3mA P_bus=309.3mW E_total_accum=51.854mWh
15:32:33.249 > [BENCH] IDLE | t_inference_us=0 | heap=37.3kB/282.0kB (min=239.3kB, biggest=108.0kB) | arena=2.6kB | V_bus=5.128V I_bus=59.3mA P_bus=304.3mW E_total_accum=52.025mWh
15:32:35.263 > [BENCH] IDLE | t_inference_us=0 | heap=37.3kB/282.0kB (min=239.3kB, biggest=108.0kB) | arena=2.6kB | V_bus=5.120V I_bus=59.3mA P_bus=304.2mW E_total_accum=52.194mWh
15:32:37.268 > [BENCH] IDLE | t_inference_us=0 | heap=37.3kB/282.0kB (min=239.3kB, biggest=108.0kB) | arena=2.6kB | V_bus=5.124V I_bus=58.5mA P_bus=300.1mW E_total_accum=52.362mWh
15:32:38.963 > 
15:32:38.963 > [EVENT] type=HOUR  Tin=25.50 Hin=64.40 Tout=33.80 Hout=54.50
15:32:38.963 > [infer] warmup: window 9/24 - (Invoke NOT executed)
15:32:39.147 > [SENSORS] Health IN ok=282 err=0 reinit=0 pwr=0 | OUT ok=282 err=0 reinit=0 pwr=0
15:32:40.480 > [BENCH] IDLE | t_inference_us=0 | heap=37.3kB/282.0kB (min=239.3kB, biggest=108.0kB) | arena=2.6kB | V_bus=5.132V I_bus=59.9mA P_bus=307.2mW E_total_accum=52.636mWh
15:32:42.494 > [BENCH] IDLE | t_inference_us=0 | heap=37.3kB/282.0kB (min=239.3kB, biggest=108.0kB) | arena=2.6kB | V_bus=5.128V I_bus=60.2mA P_bus=308.6mW E_total_accum=52.809mWh
15:32:44.510 > [BENCH] IDLE | t_inference_us=0 | heap=37.3kB/282.0kB (min=239.3kB, biggest=108.0kB) | arena=2.6kB | V_bus=5.132V I_bus=61.4mA P_bus=315.0mW E_total_accum=52.985mWh
15:32:46.513 > [BENCH] IDLE | t_inference_us=0 | heap=37.3kB/282.0kB (min=239.3kB, biggest=108.0kB) | arena=2.6kB | V_bus=5.128V I_bus=63.0mA P_bus=323.2mW E_total_accum=53.166mWh
15:32:48.530 > [BENCH] IDLE | t_inference_us=0 | heap=37.3kB/282.0kB (min=239.3kB, biggest=108.0kB) | arena=2.6kB | V_bus=5.128V I_bus=61.6mA P_bus=315.8mW E_total_accum=53.342mWh
15:32:50.552 > [BENCH] IDLE | t_inference_us=0 | heap=37.3kB/282.0kB (min=239.3kB, biggest=108.0kB) | arena=2.6kB | V_bus=5.132V I_bus=60.3mA P_bus=309.4mW E_total_accum=53.515mWh
15:32:52.556 > [BENCH] IDLE | t_inference_us=0 | heap=37.3kB/282.0kB (min=239.3kB, biggest=108.0kB) | arena=2.6kB | V_bus=5.132V I_bus=59.2mA P_bus=303.8mW E_total_accum=53.685mWh
15:32:54.573 > [BENCH] IDLE | t_inference_us=0 | heap=37.3kB/282.0kB (min=239.3kB, biggest=108.0kB) | arena=2.6kB | V_bus=5.132V I_bus=58.4mA P_bus=299.8mW E_total_accum=53.853mWh
15:32:56.576 > [BENCH] IDLE | t_inference_us=0 | heap=37.3kB/282.0kB (min=239.3kB, biggest=108.0kB) | arena=2.6kB | V_bus=5.112V I_bus=58.4mA P_bus=299.6mW E_total_accum=54.020mWh
15:32:58.595 > [BENCH] IDLE | t_inference_us=0 | heap=37.3kB/282.0kB (min=239.3kB, biggest=108.0kB) | arena=2.6kB | V_bus=5.132V I_bus=57.8mA P_bus=296.6mW E_total_accum=54.186mWh
15:33:00.609 > [BENCH] IDLE | t_inference_us=0 | heap=37.3kB/282.0kB (min=239.3kB, biggest=108.0kB) | arena=2.6kB | V_bus=5.128V I_bus=57.3mA P_bus=293.6mW E_total_accum=54.350mWh
15:33:02.622 > [BENCH] IDLE | t_inference_us=0 | heap=37.3kB/282.0kB (min=239.3kB, biggest=108.0kB) | arena=2.6kB | V_bus=5.132V I_bus=56.9mA P_bus=291.6mW E_total_accum=54.513mWh
15:33:04.636 > [BENCH] IDLE | t_inference_us=0 | heap=37.3kB/282.0kB (min=239.3kB, biggest=108.0kB) | arena=2.6kB | V_bus=5.124V I_bus=57.2mA P_bus=293.2mW E_total_accum=54.677mWh
15:33:06.642 > [BENCH] IDLE | t_inference_us=0 | heap=37.3kB/282.0kB (min=239.3kB, biggest=108.0kB) | arena=2.6kB | V_bus=5.128V I_bus=58.6mA P_bus=300.5mW E_total_accum=54.845mWh
15:33:08.657 > [BENCH] IDLE | t_inference_us=0 | heap=37.3kB/282.0kB (min=239.3kB, biggest=108.0kB) | arena=2.6kB | V_bus=5.132V I_bus=60.6mA P_bus=310.7mW E_total_accum=55.019mWh
15:33:10.679 > [BENCH] IDLE | t_inference_us=0 | heap=37.3kB/282.0kB (min=239.3kB, biggest=108.0kB) | arena=2.6kB | V_bus=5.128V I_bus=59.5mA P_bus=305.4mW E_total_accum=55.190mWh
15:33:12.686 > [BENCH] IDLE | t_inference_us=0 | heap=37.3kB/282.0kB (min=239.3kB, biggest=108.0kB) | arena=2.6kB | V_bus=5.128V I_bus=58.8mA P_bus=301.3mW E_total_accum=55.358mWh
15:33:14.705 > [BENCH] IDLE | t_inference_us=0 | heap=37.3kB/282.0kB (min=239.3kB, biggest=108.0kB) | arena=2.6kB | V_bus=5.132V I_bus=58.1mA P_bus=298.1mW E_total_accum=55.525mWh
15:33:16.721 > [BENCH] IDLE | t_inference_us=0 | heap=37.3kB/282.0kB (min=239.3kB, biggest=108.0kB) | arena=2.6kB | V_bus=5.132V I_bus=57.5mA P_bus=294.9mW E_total_accum=55.690mWh
15:33:18.721 > [BENCH] IDLE | t_inference_us=0 | heap=37.3kB/282.0kB (min=239.3kB, biggest=108.0kB) | arena=2.6kB | V_bus=5.128V I_bus=56.9mA P_bus=292.1mW E_total_accum=55.854mWh
15:33:20.739 > [BENCH] IDLE | t_inference_us=0 | heap=37.3kB/282.0kB (min=239.3kB, biggest=108.0kB) | arena=2.6kB | V_bus=5.132V I_bus=56.8mA P_bus=291.4mW E_total_accum=56.017mWh
15:33:22.756 > [BENCH] IDLE | t_inference_us=0 | heap=37.3kB/282.0kB (min=239.3kB, biggest=108.0kB) | arena=2.6kB | V_bus=5.132V I_bus=57.1mA P_bus=292.8mW E_total_accum=56.180mWh
15:33:24.768 > [BENCH] IDLE | t_inference_us=0 | heap=37.3kB/282.0kB (min=239.3kB, biggest=108.0kB) | arena=2.6kB | V_bus=5.132V I_bus=57.7mA P_bus=296.2mW E_total_accum=56.346mWh
15:33:26.785 > [BENCH] IDLE | t_inference_us=0 | heap=37.3kB/282.0kB (min=239.3kB, biggest=108.0kB) | arena=2.6kB | V_bus=5.132V I_bus=58.9mA P_bus=302.4mW E_total_accum=56.515mWh
15:33:28.804 > [BENCH] IDLE | t_inference_us=0 | heap=37.3kB/282.0kB (min=239.3kB, biggest=108.0kB) | arena=2.6kB | V_bus=5.128V I_bus=60.8mA P_bus=311.8mW E_total_accum=56.690mWh
15:33:30.815 > [BENCH] IDLE | t_inference_us=0 | heap=37.3kB/282.0kB (min=239.3kB, biggest=108.0kB) | arena=2.6kB | V_bus=5.132V I_bus=62.4mA P_bus=320.3mW E_total_accum=56.869mWh
15:33:32.816 > [BENCH] IDLE | t_inference_us=0 | heap=37.3kB/282.0kB (min=239.3kB, biggest=108.0kB) | arena=2.6kB | V_bus=5.132V I_bus=61.7mA P_bus=316.8mW E_total_accum=57.045mWh
15:33:34.834 > [BENCH] IDLE | t_inference_us=0 | heap=37.3kB/282.0kB (min=239.3kB, biggest=108.0kB) | arena=2.6kB | V_bus=5.128V I_bus=61.7mA P_bus=316.7mW E_total_accum=57.222mWh
15:33:36.840 > [BENCH] IDLE | t_inference_us=0 | heap=37.3kB/282.0kB (min=239.3kB, biggest=108.0kB) | arena=2.6kB | V_bus=5.132V I_bus=62.5mA P_bus=320.5mW E_total_accum=57.402mWh
15:33:38.856 > [BENCH] IDLE | t_inference_us=0 | heap=37.3kB/282.0kB (min=239.3kB, biggest=108.0kB) | arena=2.6kB | V_bus=5.132V I_bus=63.6mA P_bus=326.2mW E_total_accum=57.584mWh
15:33:38.975 > 
15:33:38.975 > [EVENT] type=HOUR  Tin=25.30 Hin=63.80 Tout=33.90 Hout=54.40
15:33:38.987 > [infer] warmup: window 10/24 - (Invoke NOT executed)
15:33:39.151 > [SENSORS] Health IN ok=310 err=0 reinit=0 pwr=0 | OUT ok=310 err=0 reinit=0 pwr=0
15:33:40.891 > [BENCH] IDLE | t_inference_us=0 | heap=37.3kB/282.0kB (min=239.3kB, biggest=108.0kB) | arena=2.6kB | V_bus=5.128V I_bus=63.8mA P_bus=327.2mW E_total_accum=57.769mWh
15:33:42.898 > [BENCH] IDLE | t_inference_us=0 | heap=37.3kB/282.0kB (min=239.3kB, biggest=108.0kB) | arena=2.6kB | V_bus=5.132V I_bus=63.8mA P_bus=327.3mW E_total_accum=57.952mWh
15:33:44.923 > [BENCH] IDLE | t_inference_us=0 | heap=37.3kB/282.0kB (min=239.3kB, biggest=108.0kB) | arena=2.6kB | V_bus=5.132V I_bus=64.2mA P_bus=329.4mW E_total_accum=58.137mWh
15:33:46.939 > [BENCH] IDLE | t_inference_us=0 | heap=37.3kB/282.0kB (min=239.3kB, biggest=108.0kB) | arena=2.6kB | V_bus=5.128V I_bus=65.1mA P_bus=333.8mW E_total_accum=58.323mWh
15:33:48.953 > [BENCH] IDLE | t_inference_us=0 | heap=37.3kB/282.0kB (min=239.3kB, biggest=108.0kB) | arena=2.6kB | V_bus=5.132V I_bus=63.1mA P_bus=323.9mW E_total_accum=58.505mWh
15:33:50.967 > [BENCH] IDLE | t_inference_us=0 | heap=37.3kB/282.0kB (min=239.3kB, biggest=108.0kB) | arena=2.6kB | V_bus=5.128V I_bus=61.6mA P_bus=315.9mW E_total_accum=58.681mWh
15:33:52.965 > [BENCH] IDLE | t_inference_us=0 | heap=37.3kB/282.0kB (min=239.3kB, biggest=108.0kB) | arena=2.6kB | V_bus=5.132V I_bus=60.3mA P_bus=309.4mW E_total_accum=58.854mWh
15:33:54.980 > [BENCH] IDLE | t_inference_us=0 | heap=37.3kB/282.0kB (min=239.3kB, biggest=108.0kB) | arena=2.6kB | V_bus=5.128V I_bus=59.3mA P_bus=304.2mW E_total_accum=59.025mWh
15:33:56.997 > [BENCH] IDLE | t_inference_us=0 | heap=37.3kB/282.0kB (min=239.3kB, biggest=108.0kB) | arena=2.6kB | V_bus=5.128V I_bus=58.5mA P_bus=300.2mW E_total_accum=59.193mWh
15:33:59.023 > [BENCH] IDLE | t_inference_us=0 | heap=37.3kB/282.0kB (min=239.3kB, biggest=108.0kB) | arena=2.6kB | V_bus=5.132V I_bus=57.8mA P_bus=296.6mW E_total_accum=59.358mWh
15:34:01.031 > [BENCH] IDLE | t_inference_us=0 | heap=37.3kB/282.0kB (min=239.3kB, biggest=108.0kB) | arena=2.6kB | V_bus=5.132V I_bus=57.2mA P_bus=293.4mW E_total_accum=59.523mWh
15:34:03.044 > [BENCH] IDLE | t_inference_us=0 | heap=37.3kB/282.0kB (min=239.3kB, biggest=108.0kB) | arena=2.6kB | V_bus=5.132V I_bus=56.8mA P_bus=291.5mW E_total_accum=59.686mWh
15:34:05.061 > [BENCH] IDLE | t_inference_us=0 | heap=37.3kB/282.0kB (min=239.3kB, biggest=108.0kB) | arena=2.6kB | V_bus=5.132V I_bus=56.8mA P_bus=291.5mW E_total_accum=59.849mWh
15:34:07.078 > [BENCH] IDLE | t_inference_us=0 | heap=37.3kB/282.0kB (min=239.3kB, biggest=108.0kB) | arena=2.6kB | V_bus=5.128V I_bus=57.0mA P_bus=292.5mW E_total_accum=60.012mWh
15:34:09.079 > [BENCH] IDLE | t_inference_us=0 | heap=37.3kB/282.0kB (min=239.3kB, biggest=108.0kB) | arena=2.6kB | V_bus=5.132V I_bus=56.7mA P_bus=291.0mW E_total_accum=60.174mWh
15:34:11.090 > [BENCH] IDLE | t_inference_us=0 | heap=37.3kB/282.0kB (min=239.3kB, biggest=108.0kB) | arena=2.6kB | V_bus=5.128V I_bus=56.4mA P_bus=289.2mW E_total_accum=60.336mWh
15:34:13.107 > [BENCH] IDLE | t_inference_us=0 | heap=37.3kB/282.0kB (min=239.3kB, biggest=108.0kB) | arena=2.6kB | V_bus=5.128V I_bus=56.0mA P_bus=287.4mW E_total_accum=60.497mWh
15:34:15.107 > [BENCH] IDLE | t_inference_us=0 | heap=37.3kB/282.0kB (min=239.3kB, biggest=108.0kB) | arena=2.6kB | V_bus=5.128V I_bus=55.8mA P_bus=286.1mW E_total_accum=60.657mWh
15:34:17.125 > [BENCH] IDLE | t_inference_us=0 | heap=37.3kB/282.0kB (min=239.3kB, biggest=108.0kB) | arena=2.6kB | V_bus=5.132V I_bus=55.6mA P_bus=285.2mW E_total_accum=60.816mWh
15:34:19.143 > [BENCH] IDLE | t_inference_us=0 | heap=37.3kB/282.0kB (min=239.3kB, biggest=108.0kB) | arena=2.6kB | V_bus=5.132V I_bus=55.8mA P_bus=286.0mW E_total_accum=60.976mWh
15:34:21.161 > [BENCH] IDLE | t_inference_us=0 | heap=37.3kB/282.0kB (min=239.3kB, biggest=108.0kB) | arena=2.6kB | V_bus=5.132V I_bus=56.0mA P_bus=287.5mW E_total_accum=61.137mWh
15:34:23.173 > [BENCH] IDLE | t_inference_us=0 | heap=37.3kB/282.0kB (min=239.3kB, biggest=108.0kB) | arena=2.6kB | V_bus=5.132V I_bus=56.3mA P_bus=289.1mW E_total_accum=61.299mWh
15:34:25.191 > [BENCH] IDLE | t_inference_us=0 | heap=37.3kB/282.0kB (min=239.3kB, biggest=108.0kB) | arena=2.6kB | V_bus=5.128V I_bus=56.7mA P_bus=290.9mW E_total_accum=61.462mWh
15:34:27.202 > [BENCH] IDLE | t_inference_us=0 | heap=37.3kB/282.0kB (min=239.3kB, biggest=108.0kB) | arena=2.6kB | V_bus=5.128V I_bus=57.8mA P_bus=296.6mW E_total_accum=61.628mWh
15:34:29.218 > [BENCH] IDLE | t_inference_us=0 | heap=37.3kB/282.0kB (min=239.3kB, biggest=108.0kB) | arena=2.6kB | V_bus=5.128V I_bus=59.3mA P_bus=304.4mW E_total_accum=61.798mWh
15:34:31.225 > [BENCH] IDLE | t_inference_us=0 | heap=37.3kB/282.0kB (min=239.3kB, biggest=108.0kB) | arena=2.6kB | V_bus=5.132V I_bus=61.0mA P_bus=312.8mW E_total_accum=61.973mWh
15:34:33.237 > [BENCH] IDLE | t_inference_us=0 | heap=37.3kB/282.0kB (min=239.3kB, biggest=108.0kB) | arena=2.6kB | V_bus=5.132V I_bus=62.5mA P_bus=320.6mW E_total_accum=62.152mWh
15:34:35.256 > [BENCH] IDLE | t_inference_us=0 | heap=37.3kB/282.0kB (min=239.3kB, biggest=108.0kB) | arena=2.6kB | V_bus=5.128V I_bus=63.8mA P_bus=327.1mW E_total_accum=62.335mWh
15:34:37.273 > [BENCH] IDLE | t_inference_us=0 | heap=37.3kB/282.0kB (min=239.3kB, biggest=108.0kB) | arena=2.6kB | V_bus=5.132V I_bus=62.1mA P_bus=318.7mW E_total_accum=62.514mWh
15:34:38.954 > 
15:34:38.954 > [EVENT] type=HOUR  Tin=25.30 Hin=63.91 Tout=33.90 Hout=54.00
15:34:38.954 > [infer] warmup: window 11/24 - (Invoke NOT executed)
15:34:39.184 > [SENSORS] Health IN ok=339 err=0 reinit=0 pwr=0 | OUT ok=339 err=0 reinit=0 pwr=0
15:34:40.457 > [BENCH] IDLE | t_inference_us=0 | heap=37.3kB/282.0kB (min=239.3kB, biggest=108.0kB) | arena=2.6kB | V_bus=5.128V I_bus=61.4mA P_bus=314.8mW E_total_accum=62.797mWh
15:34:42.475 > [BENCH] IDLE | t_inference_us=0 | heap=37.3kB/282.0kB (min=239.3kB, biggest=108.0kB) | arena=2.6kB | V_bus=5.132V I_bus=62.8mA P_bus=322.1mW E_total_accum=62.977mWh
15:34:44.496 > [BENCH] IDLE | t_inference_us=0 | heap=37.3kB/282.0kB (min=239.3kB, biggest=108.0kB) | arena=2.6kB | V_bus=5.128V I_bus=61.3mA P_bus=314.5mW E_total_accum=63.153mWh
15:34:46.503 > [BENCH] IDLE | t_inference_us=0 | heap=37.3kB/282.0kB (min=239.3kB, biggest=108.0kB) | arena=2.6kB | V_bus=5.132V I_bus=60.1mA P_bus=308.5mW E_total_accum=63.325mWh
15:34:48.518 > [BENCH] IDLE | t_inference_us=0 | heap=37.3kB/282.0kB (min=239.3kB, biggest=108.0kB) | arena=2.6kB | V_bus=5.132V I_bus=59.3mA P_bus=304.0mW E_total_accum=63.495mWh
15:34:50.536 > [BENCH] IDLE | t_inference_us=0 | heap=37.3kB/282.0kB (min=239.3kB, biggest=108.0kB) | arena=2.6kB | V_bus=5.132V I_bus=58.5mA P_bus=300.0mW E_total_accum=63.663mWh
15:34:52.553 > [BENCH] IDLE | t_inference_us=0 | heap=37.3kB/282.0kB (min=239.3kB, biggest=108.0kB) | arena=2.6kB | V_bus=5.128V I_bus=57.9mA P_bus=296.8mW E_total_accum=63.829mWh
15:34:54.553 > [BENCH] IDLE | t_inference_us=0 | heap=37.3kB/282.0kB (min=239.3kB, biggest=108.0kB) | arena=2.6kB | V_bus=5.128V I_bus=57.4mA P_bus=294.4mW E_total_accum=63.994mWh
15:34:56.567 > [BENCH] IDLE | t_inference_us=0 | heap=37.3kB/282.0kB (min=239.3kB, biggest=108.0kB) | arena=2.6kB | V_bus=5.128V I_bus=57.1mA P_bus=292.7mW E_total_accum=64.158mWh
15:34:58.590 > [BENCH] IDLE | t_inference_us=0 | heap=37.3kB/282.0kB (min=239.3kB, biggest=108.0kB) | arena=2.6kB | V_bus=5.132V I_bus=56.7mA P_bus=290.7mW E_total_accum=64.320mWh
15:35:00.601 > [BENCH] IDLE | t_inference_us=0 | heap=37.3kB/282.0kB (min=239.3kB, biggest=108.0kB) | arena=2.6kB | V_bus=5.132V I_bus=56.4mA P_bus=289.2mW E_total_accum=64.482mWh
15:35:02.617 > [BENCH] IDLE | t_inference_us=0 | heap=37.3kB/282.0kB (min=239.3kB, biggest=108.0kB) | arena=2.6kB | V_bus=5.128V I_bus=56.2mA P_bus=288.3mW E_total_accum=64.643mWh
15:35:04.638 > [BENCH] IDLE | t_inference_us=0 | heap=37.3kB/282.0kB (min=239.3kB, biggest=108.0kB) | arena=2.6kB | V_bus=5.112V I_bus=58.8mA P_bus=301.5mW E_total_accum=64.812mWh
15:35:06.633 > [BENCH] IDLE | t_inference_us=0 | heap=37.3kB/282.0kB (min=239.3kB, biggest=108.0kB) | arena=2.6kB | V_bus=5.132V I_bus=59.0mA P_bus=302.5mW E_total_accum=64.980mWh
15:35:08.649 > [BENCH] IDLE | t_inference_us=0 | heap=37.3kB/282.0kB (min=239.3kB, biggest=108.0kB) | arena=2.6kB | V_bus=5.132V I_bus=59.2mA P_bus=303.4mW E_total_accum=65.150mWh
15:35:10.665 > [BENCH] IDLE | t_inference_us=0 | heap=37.3kB/282.0kB (min=239.3kB, biggest=108.0kB) | arena=2.6kB | V_bus=5.132V I_bus=59.1mA P_bus=303.2mW E_total_accum=65.320mWh
15:35:12.666 > [BENCH] IDLE | t_inference_us=0 | heap=37.3kB/282.0kB (min=239.3kB, biggest=108.0kB) | arena=2.6kB | V_bus=5.132V I_bus=59.3mA P_bus=304.0mW E_total_accum=65.490mWh
15:35:14.690 > [BENCH] IDLE | t_inference_us=0 | heap=37.3kB/282.0kB (min=239.3kB, biggest=108.0kB) | arena=2.6kB | V_bus=5.132V I_bus=59.2mA P_bus=303.9mW E_total_accum=65.660mWh
15:35:16.702 > [BENCH] IDLE | t_inference_us=0 | heap=37.3kB/282.0kB (min=239.3kB, biggest=108.0kB) | arena=2.6kB | V_bus=5.132V I_bus=59.3mA P_bus=304.0mW E_total_accum=65.830mWh
15:35:18.723 > [BENCH] IDLE | t_inference_us=0 | heap=37.3kB/282.0kB (min=239.3kB, biggest=108.0kB) | arena=2.6kB | V_bus=5.128V I_bus=59.2mA P_bus=303.7mW E_total_accum=66.000mWh
15:35:20.737 > [BENCH] IDLE | t_inference_us=0 | heap=37.3kB/282.0kB (min=239.3kB, biggest=108.0kB) | arena=2.6kB | V_bus=5.128V I_bus=60.0mA P_bus=307.6mW E_total_accum=66.172mWh
15:35:22.750 > [BENCH] IDLE | t_inference_us=0 | heap=37.3kB/282.0kB (min=239.3kB, biggest=108.0kB) | arena=2.6kB | V_bus=5.128V I_bus=60.9mA P_bus=312.2mW E_total_accum=66.347mWh
15:35:24.764 > [BENCH] IDLE | t_inference_us=0 | heap=37.3kB/282.0kB (min=239.3kB, biggest=108.0kB) | arena=2.6kB | V_bus=5.132V I_bus=61.6mA P_bus=316.1mW E_total_accum=66.523mWh
15:35:26.777 > [BENCH] IDLE | t_inference_us=0 | heap=37.3kB/282.0kB (min=239.3kB, biggest=108.0kB) | arena=2.6kB | V_bus=5.132V I_bus=62.0mA P_bus=317.8mW E_total_accum=66.701mWh
15:35:28.778 > [BENCH] IDLE | t_inference_us=0 | heap=37.3kB/282.0kB (min=239.3kB, biggest=108.0kB) | arena=2.6kB | V_bus=5.128V I_bus=62.2mA P_bus=319.2mW E_total_accum=66.880mWh
15:35:30.795 > [BENCH] IDLE | t_inference_us=0 | heap=37.3kB/282.0kB (min=239.3kB, biggest=108.0kB) | arena=2.6kB | V_bus=5.132V I_bus=62.1mA P_bus=318.6mW E_total_accum=67.058mWh
15:35:32.815 > [BENCH] IDLE | t_inference_us=0 | heap=37.3kB/282.0kB (min=239.3kB, biggest=108.0kB) | arena=2.6kB | V_bus=5.124V I_bus=62.2mA P_bus=319.1mW E_total_accum=67.237mWh
15:35:34.833 > [BENCH] IDLE | t_inference_us=0 | heap=37.3kB/282.0kB (min=239.3kB, biggest=108.0kB) | arena=2.6kB | V_bus=5.124V I_bus=62.5mA P_bus=320.7mW E_total_accum=67.416mWh
15:35:36.847 > [BENCH] IDLE | t_inference_us=0 | heap=37.3kB/282.0kB (min=239.3kB, biggest=108.0kB) | arena=2.6kB | V_bus=5.128V I_bus=63.0mA P_bus=323.2mW E_total_accum=67.597mWh
15:35:38.859 > [BENCH] IDLE | t_inference_us=0 | heap=37.3kB/282.0kB (min=239.3kB, biggest=108.0kB) | arena=2.6kB | V_bus=5.132V I_bus=63.6mA P_bus=326.4mW E_total_accum=67.779mWh
15:35:38.930 > 
15:35:38.930 > [EVENT] type=HOUR  Tin=25.10 Hin=63.47 Tout=33.70 Hout=54.40
15:35:38.948 > [infer] warmup: window 12/24 - (Invoke NOT executed)
15:35:39.202 > [SENSORS] Health IN ok=367 err=0 reinit=0 pwr=0 | OUT ok=367 err=0 reinit=0 pwr=0
15:35:40.892 > [BENCH] IDLE | t_inference_us=0 | heap=37.3kB/282.0kB (min=239.3kB, biggest=108.0kB) | arena=2.6kB | V_bus=5.112V I_bus=62.8mA P_bus=321.9mW E_total_accum=67.961mWh
15:35:42.899 > [BENCH] IDLE | t_inference_us=0 | heap=37.3kB/282.0kB (min=239.3kB, biggest=108.0kB) | arena=2.6kB | V_bus=5.128V I_bus=61.3mA P_bus=314.3mW E_total_accum=68.136mWh
15:35:44.913 > [BENCH] IDLE | t_inference_us=0 | heap=37.3kB/282.0kB (min=239.3kB, biggest=108.0kB) | arena=2.6kB | V_bus=5.132V I_bus=60.1mA P_bus=308.4mW E_total_accum=68.309mWh
15:35:46.923 > [BENCH] IDLE | t_inference_us=0 | heap=37.3kB/282.0kB (min=239.3kB, biggest=108.0kB) | arena=2.6kB | V_bus=5.128V I_bus=59.3mA P_bus=303.8mW E_total_accum=68.479mWh
15:35:48.941 > [BENCH] IDLE | t_inference_us=0 | heap=37.3kB/282.0kB (min=239.3kB, biggest=108.0kB) | arena=2.6kB | V_bus=5.132V I_bus=58.6mA P_bus=300.3mW E_total_accum=68.647mWh
15:35:50.941 > [BENCH] IDLE | t_inference_us=0 | heap=37.3kB/282.0kB (min=239.3kB, biggest=108.0kB) | arena=2.6kB | V_bus=5.132V I_bus=60.6mA P_bus=310.9mW E_total_accum=68.821mWh
15:35:52.957 > [BENCH] IDLE | t_inference_us=0 | heap=37.3kB/282.0kB (min=239.3kB, biggest=108.0kB) | arena=2.6kB | V_bus=5.132V I_bus=62.2mA P_bus=319.0mW E_total_accum=68.999mWh
15:35:54.982 > [BENCH] IDLE | t_inference_us=0 | heap=37.3kB/282.0kB (min=239.3kB, biggest=108.0kB) | arena=2.6kB | V_bus=5.132V I_bus=63.3mA P_bus=324.6mW E_total_accum=69.181mWh
15:35:56.990 > [BENCH] IDLE | t_inference_us=0 | heap=37.3kB/282.0kB (min=239.3kB, biggest=108.0kB) | arena=2.6kB | V_bus=5.132V I_bus=63.9mA P_bus=327.9mW E_total_accum=69.364mWh
15:35:59.005 > [BENCH] IDLE | t_inference_us=0 | heap=37.3kB/282.0kB (min=239.3kB, biggest=108.0kB) | arena=2.6kB | V_bus=5.132V I_bus=64.1mA P_bus=328.9mW E_total_accum=69.548mWh
15:36:01.022 > [BENCH] IDLE | t_inference_us=0 | heap=37.3kB/282.0kB (min=239.3kB, biggest=108.0kB) | arena=2.6kB | V_bus=5.132V I_bus=64.0mA P_bus=328.6mW E_total_accum=69.732mWh
15:36:03.034 > [BENCH] IDLE | t_inference_us=0 | heap=37.3kB/282.0kB (min=239.3kB, biggest=108.0kB) | arena=2.6kB | V_bus=5.128V I_bus=63.3mA P_bus=325.0mW E_total_accum=69.914mWh
15:36:05.043 > [BENCH] IDLE | t_inference_us=0 | heap=37.3kB/282.0kB (min=239.3kB, biggest=108.0kB) | arena=2.6kB | V_bus=5.128V I_bus=62.6mA P_bus=321.1mW E_total_accum=70.093mWh
15:36:07.063 > [BENCH] IDLE | t_inference_us=0 | heap=37.3kB/282.0kB (min=239.3kB, biggest=108.0kB) | arena=2.6kB | V_bus=5.128V I_bus=61.7mA P_bus=316.7mW E_total_accum=70.271mWh
15:36:09.070 > [BENCH] IDLE | t_inference_us=0 | heap=37.3kB/282.0kB (min=239.3kB, biggest=108.0kB) | arena=2.6kB | V_bus=5.132V I_bus=60.8mA P_bus=311.8mW E_total_accum=70.445mWh
15:36:11.089 > [BENCH] IDLE | t_inference_us=0 | heap=37.3kB/282.0kB (min=239.3kB, biggest=108.0kB) | arena=2.6kB | V_bus=5.132V I_bus=59.8mA P_bus=307.0mW E_total_accum=70.617mWh
15:36:13.105 > [BENCH] IDLE | t_inference_us=0 | heap=37.3kB/282.0kB (min=239.3kB, biggest=108.0kB) | arena=2.6kB | V_bus=5.132V I_bus=58.9mA P_bus=302.0mW E_total_accum=70.786mWh
15:36:15.121 > [BENCH] IDLE | t_inference_us=0 | heap=37.3kB/282.0kB (min=239.3kB, biggest=108.0kB) | arena=2.6kB | V_bus=5.132V I_bus=58.2mA P_bus=298.5mW E_total_accum=70.953mWh
15:36:17.115 > [BENCH] IDLE | t_inference_us=0 | heap=37.3kB/282.0kB (min=239.3kB, biggest=108.0kB) | arena=2.6kB | V_bus=5.120V I_bus=58.2mA P_bus=298.4mW E_total_accum=71.119mWh
15:36:19.135 > [BENCH] IDLE | t_inference_us=0 | heap=37.3kB/282.0kB (min=239.3kB, biggest=108.0kB) | arena=2.6kB | V_bus=5.128V I_bus=60.0mA P_bus=307.8mW E_total_accum=71.291mWh
15:36:21.152 > [BENCH] IDLE | t_inference_us=0 | heap=37.3kB/282.0kB (min=239.3kB, biggest=108.0kB) | arena=2.6kB | V_bus=5.132V I_bus=61.1mA P_bus=313.5mW E_total_accum=71.466mWh
15:36:23.153 > [BENCH] IDLE | t_inference_us=0 | heap=37.3kB/282.0kB (min=239.3kB, biggest=108.0kB) | arena=2.6kB | V_bus=5.128V I_bus=61.8mA P_bus=316.8mW E_total_accum=71.644mWh
15:36:25.175 > [BENCH] IDLE | t_inference_us=0 | heap=37.3kB/282.0kB (min=239.3kB, biggest=108.0kB) | arena=2.6kB | V_bus=5.128V I_bus=61.9mA P_bus=317.6mW E_total_accum=71.821mWh
15:36:27.183 > [BENCH] IDLE | t_inference_us=0 | heap=37.3kB/282.0kB (min=239.3kB, biggest=108.0kB) | arena=2.6kB | V_bus=5.128V I_bus=61.5mA P_bus=315.2mW E_total_accum=71.998mWh
15:36:29.199 > [BENCH] IDLE | t_inference_us=0 | heap=37.3kB/282.0kB (min=239.3kB, biggest=108.0kB) | arena=2.6kB | V_bus=5.128V I_bus=60.8mA P_bus=312.0mW E_total_accum=72.172mWh
15:36:31.217 > [BENCH] IDLE | t_inference_us=0 | heap=37.3kB/282.0kB (min=239.3kB, biggest=108.0kB) | arena=2.6kB | V_bus=5.128V I_bus=60.2mA P_bus=308.8mW E_total_accum=72.345mWh
15:36:33.235 > [BENCH] IDLE | t_inference_us=0 | heap=37.3kB/282.0kB (min=239.3kB, biggest=108.0kB) | arena=2.6kB | V_bus=5.132V I_bus=59.6mA P_bus=305.7mW E_total_accum=72.516mWh
15:36:35.234 > [BENCH] IDLE | t_inference_us=0 | heap=37.3kB/282.0kB (min=239.3kB, biggest=108.0kB) | arena=2.6kB | V_bus=5.132V I_bus=58.8mA P_bus=301.7mW E_total_accum=72.685mWh
15:36:37.248 > [BENCH] IDLE | t_inference_us=0 | heap=37.3kB/282.0kB (min=239.3kB, biggest=108.0kB) | arena=2.6kB | V_bus=5.132V I_bus=58.1mA P_bus=297.8mW E_total_accum=72.851mWh
15:36:38.956 > 
15:36:38.956 > [EVENT] type=HOUR  Tin=25.50 Hin=62.74 Tout=33.80 Hout=54.80
15:36:38.956 > [infer] warmup: window 13/24 - (Invoke NOT executed)
15:36:39.217 > [SENSORS] Health IN ok=395 err=0 reinit=0 pwr=0 | OUT ok=395 err=0 reinit=0 pwr=0
15:36:40.459 > [BENCH] IDLE | t_inference_us=0 | heap=37.3kB/282.0kB (min=239.3kB, biggest=108.0kB) | arena=2.6kB | V_bus=5.132V I_bus=57.8mA P_bus=296.6mW E_total_accum=73.116mWh
15:36:42.464 > [BENCH] IDLE | t_inference_us=0 | heap=37.3kB/282.0kB (min=239.3kB, biggest=108.0kB) | arena=2.6kB | V_bus=5.132V I_bus=57.3mA P_bus=294.0mW E_total_accum=73.280mWh
15:36:44.480 > [BENCH] IDLE | t_inference_us=0 | heap=37.3kB/282.0kB (min=239.3kB, biggest=108.0kB) | arena=2.6kB | V_bus=5.128V I_bus=57.0mA P_bus=292.4mW E_total_accum=73.444mWh
15:36:46.498 > [BENCH] IDLE | t_inference_us=0 | heap=37.3kB/282.0kB (min=239.3kB, biggest=108.0kB) | arena=2.6kB | V_bus=5.132V I_bus=56.7mA P_bus=290.9mW E_total_accum=73.607mWh
15:36:48.515 > [BENCH] IDLE | t_inference_us=0 | heap=37.3kB/282.0kB (min=239.3kB, biggest=108.0kB) | arena=2.6kB | V_bus=5.132V I_bus=56.5mA P_bus=289.7mW E_total_accum=73.769mWh
15:36:50.528 > [BENCH] IDLE | t_inference_us=0 | heap=37.3kB/282.0kB (min=239.3kB, biggest=108.0kB) | arena=2.6kB | V_bus=5.132V I_bus=56.3mA P_bus=288.6mW E_total_accum=73.930mWh
15:36:52.528 > [BENCH] IDLE | t_inference_us=0 | heap=37.3kB/282.0kB (min=239.3kB, biggest=108.0kB) | arena=2.6kB | V_bus=5.132V I_bus=56.2mA P_bus=288.2mW E_total_accum=74.091mWh
15:36:54.545 > [BENCH] IDLE | t_inference_us=0 | heap=37.3kB/282.0kB (min=239.3kB, biggest=108.0kB) | arena=2.6kB | V_bus=5.132V I_bus=56.1mA P_bus=287.6mW E_total_accum=74.252mWh
15:36:56.562 > [BENCH] IDLE | t_inference_us=0 | heap=37.3kB/282.0kB (min=239.3kB, biggest=108.0kB) | arena=2.6kB | V_bus=5.132V I_bus=58.7mA P_bus=301.2mW E_total_accum=74.421mWh
15:36:58.584 > [BENCH] IDLE | t_inference_us=0 | heap=37.3kB/282.0kB (min=239.3kB, biggest=108.0kB) | arena=2.6kB | V_bus=5.128V I_bus=60.7mA P_bus=311.2mW E_total_accum=74.595mWh
15:37:00.593 > [BENCH] IDLE | t_inference_us=0 | heap=37.3kB/282.0kB (min=239.3kB, biggest=108.0kB) | arena=2.6kB | V_bus=5.132V I_bus=62.2mA P_bus=319.4mW E_total_accum=74.774mWh
15:37:02.612 > [BENCH] IDLE | t_inference_us=0 | heap=37.3kB/282.0kB (min=239.3kB, biggest=108.0kB) | arena=2.6kB | V_bus=5.128V I_bus=63.2mA P_bus=324.4mW E_total_accum=74.955mWh
15:37:04.626 > [BENCH] IDLE | t_inference_us=0 | heap=37.3kB/282.0kB (min=239.3kB, biggest=108.0kB) | arena=2.6kB | V_bus=5.132V I_bus=64.0mA P_bus=328.1mW E_total_accum=75.139mWh
15:37:06.628 > [BENCH] IDLE | t_inference_us=0 | heap=37.3kB/282.0kB (min=239.3kB, biggest=108.0kB) | arena=2.6kB | V_bus=5.132V I_bus=64.2mA P_bus=329.6mW E_total_accum=75.323mWh
15:37:08.644 > [BENCH] IDLE | t_inference_us=0 | heap=37.3kB/282.0kB (min=239.3kB, biggest=108.0kB) | arena=2.6kB | V_bus=5.132V I_bus=64.5mA P_bus=331.1mW E_total_accum=75.508mWh
15:37:10.658 > [BENCH] IDLE | t_inference_us=0 | heap=37.3kB/282.0kB (min=239.3kB, biggest=108.0kB) | arena=2.6kB | V_bus=5.132V I_bus=64.6mA P_bus=331.5mW E_total_accum=75.694mWh
15:37:12.677 > [BENCH] IDLE | t_inference_us=0 | heap=37.3kB/282.0kB (min=239.3kB, biggest=108.0kB) | arena=2.6kB | V_bus=5.132V I_bus=64.6mA P_bus=331.6mW E_total_accum=75.879mWh
15:37:14.683 > [BENCH] IDLE | t_inference_us=0 | heap=37.3kB/282.0kB (min=239.3kB, biggest=108.0kB) | arena=2.6kB | V_bus=5.132V I_bus=62.7mA P_bus=321.6mW E_total_accum=76.058mWh
15:37:16.693 > [BENCH] IDLE | t_inference_us=0 | heap=37.3kB/282.0kB (min=239.3kB, biggest=108.0kB) | arena=2.6kB | V_bus=5.128V I_bus=61.1mA P_bus=313.7mW E_total_accum=76.234mWh
15:37:18.711 > [BENCH] IDLE | t_inference_us=0 | heap=37.3kB/282.0kB (min=239.3kB, biggest=108.0kB) | arena=2.6kB | V_bus=5.132V I_bus=60.0mA P_bus=307.6mW E_total_accum=76.406mWh
15:37:20.723 > [BENCH] IDLE | t_inference_us=0 | heap=37.3kB/282.0kB (min=239.3kB, biggest=108.0kB) | arena=2.6kB | V_bus=5.132V I_bus=59.0mA P_bus=302.8mW E_total_accum=76.575mWh
15:37:22.739 > [BENCH] IDLE | t_inference_us=0 | heap=37.3kB/282.0kB (min=239.3kB, biggest=108.0kB) | arena=2.6kB | V_bus=5.132V I_bus=58.2mA P_bus=298.5mW E_total_accum=76.742mWh
15:37:24.752 > [BENCH] IDLE | t_inference_us=0 | heap=37.3kB/282.0kB (min=239.3kB, biggest=108.0kB) | arena=2.6kB | V_bus=5.128V I_bus=57.6mA P_bus=295.5mW E_total_accum=76.907mWh
15:37:26.766 > [BENCH] IDLE | t_inference_us=0 | heap=37.3kB/282.0kB (min=239.3kB, biggest=108.0kB) | arena=2.6kB | V_bus=5.128V I_bus=57.1mA P_bus=293.1mW E_total_accum=77.071mWh
15:37:28.779 > [BENCH] IDLE | t_inference_us=0 | heap=37.3kB/282.0kB (min=239.3kB, biggest=108.0kB) | arena=2.6kB | V_bus=5.128V I_bus=56.7mA P_bus=290.8mW E_total_accum=77.234mWh
15:37:30.783 > [BENCH] IDLE | t_inference_us=0 | heap=37.3kB/282.0kB (min=239.3kB, biggest=108.0kB) | arena=2.6kB | V_bus=5.128V I_bus=56.5mA P_bus=289.9mW E_total_accum=77.396mWh
15:37:32.808 > [BENCH] IDLE | t_inference_us=0 | heap=37.3kB/282.0kB (min=239.3kB, biggest=108.0kB) | arena=2.6kB | V_bus=5.128V I_bus=56.7mA P_bus=290.9mW E_total_accum=77.559mWh
15:37:34.822 > [BENCH] IDLE | t_inference_us=0 | heap=37.3kB/282.0kB (min=239.3kB, biggest=108.0kB) | arena=2.6kB | V_bus=5.128V I_bus=57.2mA P_bus=293.6mW E_total_accum=77.723mWh
15:37:36.830 > [BENCH] IDLE | t_inference_us=0 | heap=37.3kB/282.0kB (min=239.3kB, biggest=108.0kB) | arena=2.6kB | V_bus=5.128V I_bus=58.8mA P_bus=301.7mW E_total_accum=77.892mWh
15:37:38.848 > [BENCH] IDLE | t_inference_us=0 | heap=37.3kB/282.0kB (min=239.3kB, biggest=108.0kB) | arena=2.6kB | V_bus=5.124V I_bus=61.0mA P_bus=312.8mW E_total_accum=78.067mWh
15:37:38.956 > 
15:37:38.956 > [EVENT] type=HOUR  Tin=26.30 Hin=61.98 Tout=33.90 Hout=54.80
15:37:38.976 > [infer] warmup: window 14/24 - (Invoke NOT executed)
15:37:39.231 > [SENSORS] Health IN ok=423 err=0 reinit=0 pwr=0 | OUT ok=423 err=0 reinit=0 pwr=0
15:37:40.884 > [BENCH] IDLE | t_inference_us=0 | heap=37.3kB/282.0kB (min=239.3kB, biggest=108.0kB) | arena=2.6kB | V_bus=5.124V I_bus=63.9mA P_bus=327.3mW E_total_accum=78.252mWh
15:37:42.899 > [BENCH] IDLE | t_inference_us=0 | heap=37.3kB/282.0kB (min=239.3kB, biggest=108.0kB) | arena=2.6kB | V_bus=5.124V I_bus=62.3mA P_bus=319.5mW E_total_accum=78.430mWh
15:37:44.911 > [BENCH] IDLE | t_inference_us=0 | heap=37.3kB/282.0kB (min=239.3kB, biggest=108.0kB) | arena=2.6kB | V_bus=5.128V I_bus=61.0mA P_bus=312.5mW E_total_accum=78.605mWh
15:37:46.920 > [BENCH] IDLE | t_inference_us=0 | heap=37.3kB/282.0kB (min=239.3kB, biggest=108.0kB) | arena=2.6kB | V_bus=5.124V I_bus=59.8mA P_bus=306.6mW E_total_accum=78.777mWh
15:37:48.936 > [BENCH] IDLE | t_inference_us=0 | heap=37.3kB/282.0kB (min=239.3kB, biggest=108.0kB) | arena=2.6kB | V_bus=5.124V I_bus=59.5mA P_bus=305.1mW E_total_accum=78.947mWh
15:37:50.941 > [BENCH] IDLE | t_inference_us=0 | heap=37.3kB/282.0kB (min=239.3kB, biggest=108.0kB) | arena=2.6kB | V_bus=5.128V I_bus=58.7mA P_bus=301.0mW E_total_accum=79.115mWh
15:37:52.947 > [BENCH] IDLE | t_inference_us=0 | heap=37.3kB/282.0kB (min=239.3kB, biggest=108.0kB) | arena=2.6kB | V_bus=5.128V I_bus=58.4mA P_bus=299.4mW E_total_accum=79.282mWh
15:37:54.967 > [BENCH] IDLE | t_inference_us=0 | heap=37.3kB/282.0kB (min=239.3kB, biggest=108.0kB) | arena=2.6kB | V_bus=5.124V I_bus=58.6mA P_bus=300.5mW E_total_accum=79.450mWh
15:37:56.984 > [BENCH] IDLE | t_inference_us=0 | heap=37.3kB/282.0kB (min=239.3kB, biggest=108.0kB) | arena=2.6kB | V_bus=5.124V I_bus=60.2mA P_bus=308.3mW E_total_accum=79.623mWh
15:37:58.991 > [BENCH] IDLE | t_inference_us=0 | heap=37.3kB/282.0kB (min=239.3kB, biggest=108.0kB) | arena=2.6kB | V_bus=5.128V I_bus=59.3mA P_bus=304.0mW E_total_accum=79.793mWh
15:38:01.013 > [BENCH] IDLE | t_inference_us=0 | heap=37.3kB/282.0kB (min=239.3kB, biggest=108.0kB) | arena=2.6kB | V_bus=5.128V I_bus=58.6mA P_bus=300.4mW E_total_accum=79.961mWh
15:38:03.012 > [BENCH] IDLE | t_inference_us=0 | heap=37.3kB/282.0kB (min=239.3kB, biggest=108.0kB) | arena=2.6kB | V_bus=5.124V I_bus=57.9mA P_bus=296.7mW E_total_accum=80.127mWh
15:38:05.032 > [BENCH] IDLE | t_inference_us=0 | heap=37.3kB/282.0kB (min=239.3kB, biggest=108.0kB) | arena=2.6kB | V_bus=5.128V I_bus=57.5mA P_bus=295.0mW E_total_accum=80.292mWh
15:38:07.048 > [BENCH] IDLE | t_inference_us=0 | heap=37.3kB/282.0kB (min=239.3kB, biggest=108.0kB) | arena=2.6kB | V_bus=5.128V I_bus=57.8mA P_bus=296.2mW E_total_accum=80.458mWh
15:38:09.066 > [BENCH] IDLE | t_inference_us=0 | heap=37.3kB/282.0kB (min=239.3kB, biggest=108.0kB) | arena=2.6kB | V_bus=5.128V I_bus=58.8mA P_bus=301.4mW E_total_accum=80.626mWh
15:38:11.079 > [BENCH] IDLE | t_inference_us=0 | heap=37.3kB/282.0kB (min=239.3kB, biggest=108.0kB) | arena=2.6kB | V_bus=5.128V I_bus=60.3mA P_bus=309.0mW E_total_accum=80.799mWh
15:38:13.096 > [BENCH] IDLE | t_inference_us=0 | heap=37.3kB/282.0kB (min=239.3kB, biggest=108.0kB) | arena=2.6kB | V_bus=5.128V I_bus=62.2mA P_bus=318.7mW E_total_accum=80.977mWh
15:38:15.104 > [BENCH] IDLE | t_inference_us=0 | heap=37.3kB/282.0kB (min=239.3kB, biggest=108.0kB) | arena=2.6kB | V_bus=5.128V I_bus=60.9mA P_bus=312.2mW E_total_accum=81.152mWh
15:38:17.113 > [BENCH] IDLE | t_inference_us=0 | heap=37.3kB/282.0kB (min=239.3kB, biggest=108.0kB) | arena=2.6kB | V_bus=5.132V I_bus=59.9mA P_bus=307.0mW E_total_accum=81.324mWh
15:38:19.130 > [BENCH] IDLE | t_inference_us=0 | heap=37.3kB/282.0kB (min=239.3kB, biggest=108.0kB) | arena=2.6kB | V_bus=5.128V I_bus=59.0mA P_bus=302.5mW E_total_accum=81.493mWh
15:38:21.152 > [BENCH] IDLE | t_inference_us=0 | heap=37.3kB/282.0kB (min=239.3kB, biggest=108.0kB) | arena=2.6kB | V_bus=5.128V I_bus=58.2mA P_bus=298.6mW E_total_accum=81.660mWh
15:38:23.159 > [BENCH] IDLE | t_inference_us=0 | heap=37.3kB/282.0kB (min=239.3kB, biggest=108.0kB) | arena=2.6kB | V_bus=5.132V I_bus=58.0mA P_bus=297.7mW E_total_accum=81.827mWh
15:38:25.178 > [BENCH] IDLE | t_inference_us=0 | heap=37.3kB/282.0kB (min=239.3kB, biggest=108.0kB) | arena=2.6kB | V_bus=5.112V I_bus=60.8mA P_bus=311.8mW E_total_accum=82.001mWh
15:38:27.177 > [BENCH] IDLE | t_inference_us=0 | heap=37.3kB/282.0kB (min=239.3kB, biggest=108.0kB) | arena=2.6kB | V_bus=5.128V I_bus=59.8mA P_bus=306.4mW E_total_accum=82.172mWh
15:38:29.195 > [BENCH] IDLE | t_inference_us=0 | heap=37.3kB/282.0kB (min=239.3kB, biggest=108.0kB) | arena=2.6kB | V_bus=5.128V I_bus=59.1mA P_bus=303.0mW E_total_accum=82.341mWh
15:38:31.209 > [BENCH] IDLE | t_inference_us=0 | heap=37.3kB/282.0kB (min=239.3kB, biggest=108.0kB) | arena=2.6kB | V_bus=5.128V I_bus=59.1mA P_bus=302.7mW E_total_accum=82.510mWh
15:38:33.207 > [BENCH] IDLE | t_inference_us=0 | heap=37.3kB/282.0kB (min=239.3kB, biggest=108.0kB) | arena=2.6kB | V_bus=5.132V I_bus=59.9mA P_bus=307.4mW E_total_accum=82.682mWh
15:38:35.225 > [BENCH] IDLE | t_inference_us=0 | heap=37.3kB/282.0kB (min=239.3kB, biggest=108.0kB) | arena=2.6kB | V_bus=5.132V I_bus=61.3mA P_bus=314.6mW E_total_accum=82.858mWh
15:38:37.243 > [BENCH] IDLE | t_inference_us=0 | heap=37.3kB/282.0kB (min=239.3kB, biggest=108.0kB) | arena=2.6kB | V_bus=5.128V I_bus=63.0mA P_bus=323.0mW E_total_accum=83.039mWh
15:38:38.942 > 
15:38:38.942 > [EVENT] type=HOUR  Tin=27.00 Hin=60.54 Tout=33.60 Hout=55.90
15:38:38.949 > [infer] warmup: window 15/24 - (Invoke NOT executed)
15:38:39.244 > [SENSORS] Health IN ok=451 err=0 reinit=0 pwr=0 | OUT ok=451 err=0 reinit=0 pwr=0
15:38:40.459 > [BENCH] IDLE | t_inference_us=0 | heap=37.3kB/282.0kB (min=239.3kB, biggest=108.0kB) | arena=2.6kB | V_bus=5.128V I_bus=62.5mA P_bus=320.3mW E_total_accum=83.329mWh
15:38:42.459 > [BENCH] IDLE | t_inference_us=0 | heap=37.3kB/282.0kB (min=239.3kB, biggest=108.0kB) | arena=2.6kB | V_bus=5.132V I_bus=61.5mA P_bus=315.4mW E_total_accum=83.505mWh
15:38:44.471 > [BENCH] IDLE | t_inference_us=0 | heap=37.3kB/282.0kB (min=239.3kB, biggest=108.0kB) | arena=2.6kB | V_bus=5.128V I_bus=61.2mA P_bus=313.8mW E_total_accum=83.681mWh
15:38:46.488 > [BENCH] IDLE | t_inference_us=0 | heap=37.3kB/282.0kB (min=239.3kB, biggest=108.0kB) | arena=2.6kB | V_bus=5.116V I_bus=63.1mA P_bus=323.5mW E_total_accum=83.862mWh
15:38:48.498 > [BENCH] IDLE | t_inference_us=0 | heap=37.3kB/282.0kB (min=239.3kB, biggest=108.0kB) | arena=2.6kB | V_bus=5.124V I_bus=61.8mA P_bus=316.7mW E_total_accum=84.038mWh
15:38:50.508 > [BENCH] IDLE | t_inference_us=0 | heap=37.3kB/282.0kB (min=239.3kB, biggest=108.0kB) | arena=2.6kB | V_bus=5.128V I_bus=61.3mA P_bus=314.1mW E_total_accum=84.213mWh
15:38:52.524 > [BENCH] IDLE | t_inference_us=0 | heap=37.3kB/282.0kB (min=239.3kB, biggest=108.0kB) | arena=2.6kB | V_bus=5.128V I_bus=62.4mA P_bus=320.1mW E_total_accum=84.392mWh
15:38:54.535 > [BENCH] IDLE | t_inference_us=0 | heap=37.3kB/282.0kB (min=239.3kB, biggest=108.0kB) | arena=2.6kB | V_bus=5.124V I_bus=61.2mA P_bus=313.5mW E_total_accum=84.568mWh
15:38:56.557 > [BENCH] IDLE | t_inference_us=0 | heap=37.3kB/282.0kB (min=239.3kB, biggest=108.0kB) | arena=2.6kB | V_bus=5.124V I_bus=60.1mA P_bus=308.0mW E_total_accum=84.740mWh
15:38:58.571 > [BENCH] IDLE | t_inference_us=0 | heap=37.3kB/282.0kB (min=239.3kB, biggest=108.0kB) | arena=2.6kB | V_bus=5.132V I_bus=59.1mA P_bus=303.2mW E_total_accum=84.910mWh
15:39:00.578 > [BENCH] IDLE | t_inference_us=0 | heap=37.3kB/282.0kB (min=239.3kB, biggest=108.0kB) | arena=2.6kB | V_bus=5.128V I_bus=58.7mA P_bus=301.2mW E_total_accum=85.078mWh
15:39:02.589 > [BENCH] IDLE | t_inference_us=0 | heap=37.3kB/282.0kB (min=239.3kB, biggest=108.0kB) | arena=2.6kB | V_bus=5.132V I_bus=58.9mA P_bus=301.8mW E_total_accum=85.247mWh
15:39:04.603 > [BENCH] IDLE | t_inference_us=0 | heap=37.3kB/282.0kB (min=239.3kB, biggest=108.0kB) | arena=2.6kB | V_bus=5.132V I_bus=60.1mA P_bus=308.4mW E_total_accum=85.420mWh
15:39:06.619 > [BENCH] IDLE | t_inference_us=0 | heap=37.3kB/282.0kB (min=239.3kB, biggest=108.0kB) | arena=2.6kB | V_bus=5.128V I_bus=61.9mA P_bus=317.7mW E_total_accum=85.597mWh
15:39:08.635 > [BENCH] IDLE | t_inference_us=0 | heap=37.3kB/282.0kB (min=239.3kB, biggest=108.0kB) | arena=2.6kB | V_bus=5.128V I_bus=60.8mA P_bus=311.6mW E_total_accum=85.772mWh
15:39:10.654 > [BENCH] IDLE | t_inference_us=0 | heap=37.3kB/282.0kB (min=239.3kB, biggest=108.0kB) | arena=2.6kB | V_bus=5.132V I_bus=59.7mA P_bus=306.4mW E_total_accum=85.943mWh
15:39:12.653 > [BENCH] IDLE | t_inference_us=0 | heap=37.3kB/282.0kB (min=239.3kB, biggest=108.0kB) | arena=2.6kB | V_bus=5.132V I_bus=58.9mA P_bus=302.3mW E_total_accum=86.112mWh
15:39:14.668 > [BENCH] IDLE | t_inference_us=0 | heap=37.3kB/282.0kB (min=239.3kB, biggest=108.0kB) | arena=2.6kB | V_bus=5.132V I_bus=58.8mA P_bus=301.8mW E_total_accum=86.281mWh
15:39:16.686 > [BENCH] IDLE | t_inference_us=0 | heap=37.3kB/282.0kB (min=239.3kB, biggest=108.0kB) | arena=2.6kB | V_bus=5.132V I_bus=59.8mA P_bus=306.9mW E_total_accum=86.453mWh
15:39:18.700 > [BENCH] IDLE | t_inference_us=0 | heap=37.3kB/282.0kB (min=239.3kB, biggest=108.0kB) | arena=2.6kB | V_bus=5.128V I_bus=61.6mA P_bus=316.2mW E_total_accum=86.630mWh
15:39:20.717 > [BENCH] IDLE | t_inference_us=0 | heap=37.3kB/282.0kB (min=239.3kB, biggest=108.0kB) | arena=2.6kB | V_bus=5.128V I_bus=60.6mA P_bus=310.7mW E_total_accum=86.803mWh
15:39:22.718 > [BENCH] IDLE | t_inference_us=0 | heap=37.3kB/282.0kB (min=239.3kB, biggest=108.0kB) | arena=2.6kB | V_bus=5.120V I_bus=60.6mA P_bus=310.6mW E_total_accum=86.977mWh
15:39:24.731 > [BENCH] IDLE | t_inference_us=0 | heap=37.3kB/282.0kB (min=239.3kB, biggest=108.0kB) | arena=2.6kB | V_bus=5.128V I_bus=59.6mA P_bus=305.8mW E_total_accum=87.147mWh
15:39:26.750 > [BENCH] IDLE | t_inference_us=0 | heap=37.3kB/282.0kB (min=239.3kB, biggest=108.0kB) | arena=2.6kB | V_bus=5.132V I_bus=58.9mA P_bus=302.0mW E_total_accum=87.316mWh
15:39:28.767 > [BENCH] IDLE | t_inference_us=0 | heap=37.3kB/282.0kB (min=239.3kB, biggest=108.0kB) | arena=2.6kB | V_bus=5.128V I_bus=58.3mA P_bus=298.7mW E_total_accum=87.483mWh
15:39:30.767 > [BENCH] IDLE | t_inference_us=0 | heap=37.3kB/282.0kB (min=239.3kB, biggest=108.0kB) | arena=2.6kB | V_bus=5.132V I_bus=58.5mA P_bus=300.1mW E_total_accum=87.651mWh
15:39:32.783 > [BENCH] IDLE | t_inference_us=0 | heap=37.3kB/282.0kB (min=239.3kB, biggest=108.0kB) | arena=2.6kB | V_bus=5.136V I_bus=59.9mA P_bus=307.5mW E_total_accum=87.823mWh
15:39:34.796 > [BENCH] IDLE | t_inference_us=0 | heap=37.3kB/282.0kB (min=239.3kB, biggest=108.0kB) | arena=2.6kB | V_bus=5.128V I_bus=59.2mA P_bus=303.9mW E_total_accum=87.993mWh
15:39:36.813 > [BENCH] IDLE | t_inference_us=0 | heap=37.3kB/282.0kB (min=239.3kB, biggest=108.0kB) | arena=2.6kB | V_bus=5.132V I_bus=58.6mA P_bus=300.8mW E_total_accum=88.162mWh
15:39:38.830 > [BENCH] IDLE | t_inference_us=0 | heap=37.3kB/282.0kB (min=239.3kB, biggest=108.0kB) | arena=2.6kB | V_bus=5.128V I_bus=58.0mA P_bus=297.5mW E_total_accum=88.328mWh
15:39:38.950 > 
15:39:38.950 > [EVENT] type=HOUR  Tin=27.70 Hin=60.50 Tout=33.60 Hout=56.40
15:39:38.950 > [infer] warmup: window 16/24 - (Invoke NOT executed)
15:39:39.259 > [SENSORS] Health IN ok=479 err=0 reinit=0 pwr=0 | OUT ok=479 err=0 reinit=0 pwr=0
15:39:40.864 > [BENCH] IDLE | t_inference_us=0 | heap=37.3kB/282.0kB (min=239.3kB, biggest=108.0kB) | arena=2.6kB | V_bus=5.132V I_bus=57.6mA P_bus=295.5mW E_total_accum=88.495mWh
15:39:42.881 > [BENCH] IDLE | t_inference_us=0 | heap=37.3kB/282.0kB (min=239.3kB, biggest=108.0kB) | arena=2.6kB | V_bus=5.132V I_bus=57.6mA P_bus=295.3mW E_total_accum=88.660mWh
15:39:44.894 > [BENCH] IDLE | t_inference_us=0 | heap=37.3kB/282.0kB (min=239.3kB, biggest=108.0kB) | arena=2.6kB | V_bus=5.132V I_bus=58.8mA P_bus=301.6mW E_total_accum=88.829mWh
15:39:46.914 > [BENCH] IDLE | t_inference_us=0 | heap=37.3kB/282.0kB (min=239.3kB, biggest=108.0kB) | arena=2.6kB | V_bus=5.128V I_bus=61.0mA P_bus=312.7mW E_total_accum=89.004mWh
15:39:48.928 > [BENCH] IDLE | t_inference_us=0 | heap=37.3kB/282.0kB (min=239.3kB, biggest=108.0kB) | arena=2.6kB | V_bus=5.124V I_bus=60.0mA P_bus=307.5mW E_total_accum=89.176mWh
15:39:50.928 > [BENCH] IDLE | t_inference_us=0 | heap=37.3kB/282.0kB (min=239.3kB, biggest=108.0kB) | arena=2.6kB | V_bus=5.128V I_bus=59.1mA P_bus=302.9mW E_total_accum=89.345mWh
15:39:52.945 > [BENCH] IDLE | t_inference_us=0 | heap=37.3kB/282.0kB (min=239.3kB, biggest=108.0kB) | arena=2.6kB | V_bus=5.132V I_bus=59.1mA P_bus=303.0mW E_total_accum=89.515mWh
15:39:54.961 > [BENCH] IDLE | t_inference_us=0 | heap=37.3kB/282.0kB (min=239.3kB, biggest=108.0kB) | arena=2.6kB | V_bus=5.132V I_bus=60.4mA P_bus=310.0mW E_total_accum=89.688mWh
15:39:56.975 > [BENCH] IDLE | t_inference_us=0 | heap=37.3kB/282.0kB (min=239.3kB, biggest=108.0kB) | arena=2.6kB | V_bus=5.128V I_bus=59.5mA P_bus=305.4mW E_total_accum=89.859mWh
15:39:58.992 > [BENCH] IDLE | t_inference_us=0 | heap=37.3kB/282.0kB (min=239.3kB, biggest=108.0kB) | arena=2.6kB | V_bus=5.112V I_bus=59.5mA P_bus=305.2mW E_total_accum=90.029mWh
15:40:00.993 > [BENCH] IDLE | t_inference_us=0 | heap=37.3kB/282.0kB (min=239.3kB, biggest=108.0kB) | arena=2.6kB | V_bus=5.128V I_bus=58.8mA P_bus=301.6mW E_total_accum=90.198mWh
15:40:03.014 > [BENCH] IDLE | t_inference_us=0 | heap=37.3kB/282.0kB (min=239.3kB, biggest=108.0kB) | arena=2.6kB | V_bus=5.132V I_bus=58.2mA P_bus=298.5mW E_total_accum=90.365mWh
15:40:05.027 > [BENCH] IDLE | t_inference_us=0 | heap=37.3kB/282.0kB (min=239.3kB, biggest=108.0kB) | arena=2.6kB | V_bus=5.128V I_bus=58.2mA P_bus=298.6mW E_total_accum=90.532mWh
15:40:07.042 > [BENCH] IDLE | t_inference_us=0 | heap=37.3kB/282.0kB (min=239.3kB, biggest=108.0kB) | arena=2.6kB | V_bus=5.132V I_bus=59.7mA P_bus=306.1mW E_total_accum=90.703mWh
15:40:09.042 > [BENCH] IDLE | t_inference_us=0 | heap=37.3kB/282.0kB (min=239.3kB, biggest=108.0kB) | arena=2.6kB | V_bus=5.128V I_bus=59.0mA P_bus=302.3mW E_total_accum=90.872mWh
15:40:11.059 > [BENCH] IDLE | t_inference_us=0 | heap=37.3kB/282.0kB (min=239.3kB, biggest=108.0kB) | arena=2.6kB | V_bus=5.128V I_bus=58.3mA P_bus=299.1mW E_total_accum=91.039mWh
15:40:13.075 > [BENCH] IDLE | t_inference_us=0 | heap=37.3kB/282.0kB (min=239.3kB, biggest=108.0kB) | arena=2.6kB | V_bus=5.132V I_bus=58.3mA P_bus=298.8mW E_total_accum=91.207mWh
15:40:15.090 > [BENCH] IDLE | t_inference_us=0 | heap=37.3kB/282.0kB (min=239.3kB, biggest=108.0kB) | arena=2.6kB | V_bus=5.132V I_bus=59.8mA P_bus=306.7mW E_total_accum=91.378mWh
15:40:17.106 > [BENCH] IDLE | t_inference_us=0 | heap=37.3kB/282.0kB (min=239.3kB, biggest=108.0kB) | arena=2.6kB | V_bus=5.128V I_bus=59.0mA P_bus=302.8mW E_total_accum=91.548mWh
15:40:19.123 > [BENCH] IDLE | t_inference_us=0 | heap=37.3kB/282.0kB (min=239.3kB, biggest=108.0kB) | arena=2.6kB | V_bus=5.132V I_bus=58.3mA P_bus=299.2mW E_total_accum=91.715mWh
15:40:21.139 > [BENCH] IDLE | t_inference_us=0 | heap=37.3kB/282.0kB (min=239.3kB, biggest=108.0kB) | arena=2.6kB | V_bus=5.128V I_bus=58.3mA P_bus=299.1mW E_total_accum=91.882mWh
15:40:23.139 > [BENCH] IDLE | t_inference_us=0 | heap=37.3kB/282.0kB (min=239.3kB, biggest=108.0kB) | arena=2.6kB | V_bus=5.132V I_bus=59.8mA P_bus=307.0mW E_total_accum=92.054mWh
15:40:25.165 > [BENCH] IDLE | t_inference_us=0 | heap=37.3kB/282.0kB (min=239.3kB, biggest=108.0kB) | arena=2.6kB | V_bus=5.132V I_bus=59.1mA P_bus=303.2mW E_total_accum=92.224mWh
15:40:27.179 > [BENCH] IDLE | t_inference_us=0 | heap=37.3kB/282.0kB (min=239.3kB, biggest=108.0kB) | arena=2.6kB | V_bus=5.132V I_bus=58.5mA P_bus=300.3mW E_total_accum=92.392mWh
15:40:29.187 > [BENCH] IDLE | t_inference_us=0 | heap=37.3kB/282.0kB (min=239.3kB, biggest=108.0kB) | arena=2.6kB | V_bus=5.128V I_bus=58.6mA P_bus=300.4mW E_total_accum=92.560mWh
15:40:31.205 > [BENCH] IDLE | t_inference_us=0 | heap=37.3kB/282.0kB (min=239.3kB, biggest=108.0kB) | arena=2.6kB | V_bus=5.132V I_bus=60.1mA P_bus=308.5mW E_total_accum=92.732mWh
15:40:33.221 > [BENCH] IDLE | t_inference_us=0 | heap=37.3kB/282.0kB (min=239.3kB, biggest=108.0kB) | arena=2.6kB | V_bus=5.128V I_bus=59.3mA P_bus=304.4mW E_total_accum=92.903mWh
15:40:35.215 > [BENCH] IDLE | t_inference_us=0 | heap=37.3kB/282.0kB (min=239.3kB, biggest=108.0kB) | arena=2.6kB | V_bus=5.128V I_bus=61.5mA P_bus=315.2mW E_total_accum=93.078mWh
15:40:37.236 > [BENCH] IDLE | t_inference_us=0 | heap=37.3kB/282.0kB (min=239.3kB, biggest=108.0kB) | arena=2.6kB | V_bus=5.128V I_bus=60.4mA P_bus=309.9mW E_total_accum=93.251mWh
15:40:38.919 > 
15:40:38.919 > [EVENT] type=HOUR  Tin=28.00 Hin=58.60 Tout=33.60 Hout=54.80
15:40:38.935 > [infer] warmup: window 17/24 - (Invoke NOT executed)
15:40:39.270 > [SENSORS] Health IN ok=507 err=0 reinit=0 pwr=0 | OUT ok=507 err=0 reinit=0 pwr=0
15:40:40.438 > [BENCH] IDLE | t_inference_us=0 | heap=37.3kB/282.0kB (min=239.3kB, biggest=108.0kB) | arena=2.6kB | V_bus=5.128V I_bus=59.7mA P_bus=306.4mW E_total_accum=93.526mWh
15:40:42.452 > [BENCH] IDLE | t_inference_us=0 | heap=37.3kB/282.0kB (min=239.3kB, biggest=108.0kB) | arena=2.6kB | V_bus=5.128V I_bus=59.0mA P_bus=302.5mW E_total_accum=93.695mWh
15:40:44.469 > [BENCH] IDLE | t_inference_us=0 | heap=37.3kB/282.0kB (min=239.3kB, biggest=108.0kB) | arena=2.6kB | V_bus=5.128V I_bus=58.7mA P_bus=301.2mW E_total_accum=93.864mWh
15:40:46.488 > [BENCH] IDLE | t_inference_us=0 | heap=37.3kB/282.0kB (min=239.3kB, biggest=108.0kB) | arena=2.6kB | V_bus=5.128V I_bus=60.1mA P_bus=308.3mW E_total_accum=94.036mWh
15:40:48.498 > [BENCH] IDLE | t_inference_us=0 | heap=37.3kB/282.0kB (min=239.3kB, biggest=108.0kB) | arena=2.6kB | V_bus=5.128V I_bus=59.4mA P_bus=304.4mW E_total_accum=94.207mWh
15:40:50.514 > [BENCH] IDLE | t_inference_us=0 | heap=37.3kB/282.0kB (min=239.3kB, biggest=108.0kB) | arena=2.6kB | V_bus=5.132V I_bus=58.7mA P_bus=300.9mW E_total_accum=94.375mWh
15:40:52.517 > [BENCH] IDLE | t_inference_us=0 | heap=37.3kB/282.0kB (min=239.3kB, biggest=108.0kB) | arena=2.6kB | V_bus=5.132V I_bus=59.0mA P_bus=302.6mW E_total_accum=94.544mWh
15:40:54.537 > [BENCH] IDLE | t_inference_us=0 | heap=37.3kB/282.0kB (min=239.3kB, biggest=108.0kB) | arena=2.6kB | V_bus=5.136V I_bus=61.1mA P_bus=313.3mW E_total_accum=94.720mWh
15:40:56.532 > [BENCH] IDLE | t_inference_us=0 | heap=37.3kB/282.0kB (min=239.3kB, biggest=108.0kB) | arena=2.6kB | V_bus=5.128V I_bus=62.1mA P_bus=318.8mW E_total_accum=94.897mWh
15:40:58.545 > [BENCH] IDLE | t_inference_us=0 | heap=37.3kB/282.0kB (min=239.3kB, biggest=108.0kB) | arena=2.6kB | V_bus=5.128V I_bus=60.9mA P_bus=312.5mW E_total_accum=95.072mWh
15:41:00.564 > [BENCH] IDLE | t_inference_us=0 | heap=37.3kB/282.0kB (min=239.3kB, biggest=108.0kB) | arena=2.6kB | V_bus=5.128V I_bus=59.9mA P_bus=307.0mW E_total_accum=95.244mWh
15:41:02.585 > [BENCH] IDLE | t_inference_us=0 | heap=37.3kB/282.0kB (min=239.3kB, biggest=108.0kB) | arena=2.6kB | V_bus=5.128V I_bus=60.1mA P_bus=308.1mW E_total_accum=95.416mWh
15:41:04.598 > [BENCH] IDLE | t_inference_us=0 | heap=37.3kB/282.0kB (min=239.3kB, biggest=108.0kB) | arena=2.6kB | V_bus=5.128V I_bus=59.3mA P_bus=304.4mW E_total_accum=95.586mWh
15:41:06.615 > [BENCH] IDLE | t_inference_us=0 | heap=37.3kB/282.0kB (min=239.3kB, biggest=108.0kB) | arena=2.6kB | V_bus=5.132V I_bus=58.8mA P_bus=301.4mW E_total_accum=95.755mWh
15:41:08.627 > [BENCH] IDLE | t_inference_us=0 | heap=37.3kB/282.0kB (min=239.3kB, biggest=108.0kB) | arena=2.6kB | V_bus=5.132V I_bus=58.7mA P_bus=301.1mW E_total_accum=95.923mWh
15:41:10.629 > [BENCH] IDLE | t_inference_us=0 | heap=37.3kB/282.0kB (min=239.3kB, biggest=108.0kB) | arena=2.6kB | V_bus=5.132V I_bus=60.5mA P_bus=310.2mW E_total_accum=96.097mWh
15:41:12.645 > [BENCH] IDLE | t_inference_us=0 | heap=37.3kB/282.0kB (min=239.3kB, biggest=108.0kB) | arena=2.6kB | V_bus=5.132V I_bus=59.6mA P_bus=305.8mW E_total_accum=96.268mWh
15:41:14.666 > [BENCH] IDLE | t_inference_us=0 | heap=37.3kB/282.0kB (min=239.3kB, biggest=108.0kB) | arena=2.6kB | V_bus=5.128V I_bus=59.2mA P_bus=303.5mW E_total_accum=96.438mWh
15:41:16.679 > [BENCH] IDLE | t_inference_us=0 | heap=37.3kB/282.0kB (min=239.3kB, biggest=108.0kB) | arena=2.6kB | V_bus=5.128V I_bus=60.5mA P_bus=310.5mW E_total_accum=96.611mWh
15:41:18.691 > [BENCH] IDLE | t_inference_us=0 | heap=37.3kB/282.0kB (min=239.3kB, biggest=108.0kB) | arena=2.6kB | V_bus=5.128V I_bus=59.7mA P_bus=306.1mW E_total_accum=96.783mWh
15:41:20.710 > [BENCH] IDLE | t_inference_us=0 | heap=37.3kB/282.0kB (min=239.3kB, biggest=108.0kB) | arena=2.6kB | V_bus=5.132V I_bus=58.9mA P_bus=302.1mW E_total_accum=96.952mWh
15:41:22.710 > [BENCH] IDLE | t_inference_us=0 | heap=37.3kB/282.0kB (min=239.3kB, biggest=108.0kB) | arena=2.6kB | V_bus=5.132V I_bus=59.6mA P_bus=305.7mW E_total_accum=97.123mWh
15:41:24.726 > [BENCH] IDLE | t_inference_us=0 | heap=37.3kB/282.0kB (min=239.3kB, biggest=108.0kB) | arena=2.6kB | V_bus=5.132V I_bus=59.0mA P_bus=302.6mW E_total_accum=97.292mWh
15:41:26.744 > [BENCH] IDLE | t_inference_us=0 | heap=37.3kB/282.0kB (min=239.3kB, biggest=108.0kB) | arena=2.6kB | V_bus=5.128V I_bus=58.4mA P_bus=299.4mW E_total_accum=97.459mWh
15:41:28.757 > [BENCH] IDLE | t_inference_us=0 | heap=37.3kB/282.0kB (min=239.3kB, biggest=108.0kB) | arena=2.6kB | V_bus=5.128V I_bus=58.9mA P_bus=302.3mW E_total_accum=97.628mWh
15:41:30.774 > [BENCH] IDLE | t_inference_us=0 | heap=37.3kB/282.0kB (min=239.3kB, biggest=108.0kB) | arena=2.6kB | V_bus=5.112V I_bus=58.9mA P_bus=302.1mW E_total_accum=97.797mWh
15:41:32.774 > [BENCH] IDLE | t_inference_us=0 | heap=37.3kB/282.0kB (min=239.3kB, biggest=108.0kB) | arena=2.6kB | V_bus=5.132V I_bus=60.9mA P_bus=312.4mW E_total_accum=97.971mWh
15:41:34.792 > [BENCH] IDLE | t_inference_us=0 | heap=37.3kB/282.0kB (min=239.3kB, biggest=108.0kB) | arena=2.6kB | V_bus=5.132V I_bus=60.0mA P_bus=307.5mW E_total_accum=98.143mWh
15:41:36.811 > [BENCH] IDLE | t_inference_us=0 | heap=37.3kB/282.0kB (min=239.3kB, biggest=108.0kB) | arena=2.6kB | V_bus=5.128V I_bus=59.6mA P_bus=305.7mW E_total_accum=98.314mWh
15:41:38.823 > [BENCH] IDLE | t_inference_us=0 | heap=37.3kB/282.0kB (min=239.3kB, biggest=108.0kB) | arena=2.6kB | V_bus=5.132V I_bus=61.2mA P_bus=313.7mW E_total_accum=98.490mWh
15:41:38.945 > 
15:41:38.945 > [EVENT] type=HOUR  Tin=28.30 Hin=57.41 Tout=33.60 Hout=55.40
15:41:38.948 > [infer] warmup: window 18/24 - (Invoke NOT executed)
15:41:39.293 > [SENSORS] Health IN ok=536 err=0 reinit=0 pwr=0 | OUT ok=536 err=0 reinit=0 pwr=0
15:41:40.858 > [BENCH] IDLE | t_inference_us=0 | heap=37.3kB/282.0kB (min=239.3kB, biggest=108.0kB) | arena=2.6kB | V_bus=5.132V I_bus=61.3mA P_bus=314.2mW E_total_accum=98.668mWh
15:41:42.874 > [BENCH] IDLE | t_inference_us=0 | heap=37.3kB/282.0kB (min=239.3kB, biggest=108.0kB) | arena=2.6kB | V_bus=5.132V I_bus=60.3mA P_bus=309.1mW E_total_accum=98.840mWh
15:41:44.889 > [BENCH] IDLE | t_inference_us=0 | heap=37.3kB/282.0kB (min=239.3kB, biggest=108.0kB) | arena=2.6kB | V_bus=5.132V I_bus=60.0mA P_bus=307.8mW E_total_accum=99.013mWh
15:41:46.892 > [BENCH] IDLE | t_inference_us=0 | heap=37.3kB/282.0kB (min=239.3kB, biggest=108.0kB) | arena=2.6kB | V_bus=5.128V I_bus=61.9mA P_bus=317.3mW E_total_accum=99.190mWh
15:41:48.904 > [BENCH] IDLE | t_inference_us=0 | heap=37.3kB/282.0kB (min=239.3kB, biggest=108.0kB) | arena=2.6kB | V_bus=5.132V I_bus=60.7mA P_bus=311.4mW E_total_accum=99.364mWh
15:41:50.922 > [BENCH] IDLE | t_inference_us=0 | heap=37.3kB/282.0kB (min=239.3kB, biggest=108.0kB) | arena=2.6kB | V_bus=5.132V I_bus=60.4mA P_bus=309.9mW E_total_accum=99.538mWh
15:41:52.937 > [BENCH] IDLE | t_inference_us=0 | heap=37.3kB/282.0kB (min=239.3kB, biggest=108.0kB) | arena=2.6kB | V_bus=5.128V I_bus=62.3mA P_bus=319.7mW E_total_accum=99.717mWh
15:41:54.956 > [BENCH] IDLE | t_inference_us=0 | heap=37.3kB/282.0kB (min=239.3kB, biggest=108.0kB) | arena=2.6kB | V_bus=5.128V I_bus=61.0mA P_bus=312.8mW E_total_accum=99.892mWh
15:41:56.972 > [BENCH] IDLE | t_inference_us=0 | heap=37.3kB/282.0kB (min=239.3kB, biggest=108.0kB) | arena=2.6kB | V_bus=5.128V I_bus=61.2mA P_bus=313.9mW E_total_accum=100.067mWh
15:41:58.971 > [BENCH] IDLE | t_inference_us=0 | heap=37.3kB/282.0kB (min=239.3kB, biggest=108.0kB) | arena=2.6kB | V_bus=5.124V I_bus=60.2mA P_bus=308.8mW E_total_accum=100.240mWh
15:42:00.999 > [BENCH] IDLE | t_inference_us=0 | heap=37.3kB/282.0kB (min=239.3kB, biggest=108.0kB) | arena=2.6kB | V_bus=5.128V I_bus=59.8mA P_bus=306.7mW E_total_accum=100.412mWh
15:42:03.003 > [BENCH] IDLE | t_inference_us=0 | heap=37.3kB/282.0kB (min=239.3kB, biggest=108.0kB) | arena=2.6kB | V_bus=5.128V I_bus=61.9mA P_bus=317.3mW E_total_accum=100.589mWh
15:42:05.028 > [BENCH] IDLE | t_inference_us=0 | heap=37.3kB/282.0kB (min=239.3kB, biggest=108.0kB) | arena=2.6kB | V_bus=5.128V I_bus=60.6mA P_bus=310.6mW E_total_accum=100.763mWh
15:42:07.036 > [BENCH] IDLE | t_inference_us=0 | heap=37.3kB/282.0kB (min=239.3kB, biggest=108.0kB) | arena=2.6kB | V_bus=5.112V I_bus=62.3mA P_bus=319.2mW E_total_accum=100.942mWh
15:42:09.033 > [BENCH] IDLE | t_inference_us=0 | heap=37.3kB/282.0kB (min=239.3kB, biggest=108.0kB) | arena=2.6kB | V_bus=5.128V I_bus=62.8mA P_bus=321.6mW E_total_accum=101.120mWh
15:42:11.058 > [BENCH] IDLE | t_inference_us=0 | heap=37.3kB/282.0kB (min=239.3kB, biggest=108.0kB) | arena=2.6kB | V_bus=5.120V I_bus=61.5mA P_bus=314.9mW E_total_accum=101.297mWh
15:42:13.069 > [BENCH] IDLE | t_inference_us=0 | heap=37.3kB/282.0kB (min=239.3kB, biggest=108.0kB) | arena=2.6kB | V_bus=5.124V I_bus=61.2mA P_bus=313.4mW E_total_accum=101.472mWh
15:42:15.084 > [BENCH] IDLE | t_inference_us=0 | heap=37.3kB/282.0kB (min=239.3kB, biggest=108.0kB) | arena=2.6kB | V_bus=5.128V I_bus=60.3mA P_bus=308.8mW E_total_accum=101.645mWh
15:42:17.086 > [BENCH] IDLE | t_inference_us=0 | heap=37.3kB/282.0kB (min=239.3kB, biggest=108.0kB) | arena=2.6kB | V_bus=5.128V I_bus=59.3mA P_bus=304.2mW E_total_accum=101.815mWh
15:42:19.114 > [BENCH] IDLE | t_inference_us=0 | heap=37.3kB/282.0kB (min=239.3kB, biggest=108.0kB) | arena=2.6kB | V_bus=5.132V I_bus=60.6mA P_bus=310.7mW E_total_accum=101.989mWh
15:42:21.113 > [BENCH] IDLE | t_inference_us=0 | heap=37.3kB/282.0kB (min=239.3kB, biggest=108.0kB) | arena=2.6kB | V_bus=5.128V I_bus=59.8mA P_bus=306.5mW E_total_accum=102.160mWh
15:42:23.131 > [BENCH] IDLE | t_inference_us=0 | heap=37.3kB/282.0kB (min=239.3kB, biggest=108.0kB) | arena=2.6kB | V_bus=5.128V I_bus=59.5mA P_bus=305.1mW E_total_accum=102.331mWh
15:42:25.149 > [BENCH] IDLE | t_inference_us=0 | heap=37.3kB/282.0kB (min=239.3kB, biggest=108.0kB) | arena=2.6kB | V_bus=5.128V I_bus=61.6mA P_bus=315.9mW E_total_accum=102.508mWh
15:42:27.169 > [BENCH] IDLE | t_inference_us=0 | heap=37.3kB/282.0kB (min=239.3kB, biggest=108.0kB) | arena=2.6kB | V_bus=5.128V I_bus=60.5mA P_bus=310.0mW E_total_accum=102.681mWh
15:42:29.178 > [BENCH] IDLE | t_inference_us=0 | heap=37.3kB/282.0kB (min=239.3kB, biggest=108.0kB) | arena=2.6kB | V_bus=5.128V I_bus=60.7mA P_bus=311.2mW E_total_accum=102.855mWh
15:42:31.197 > [BENCH] IDLE | t_inference_us=0 | heap=37.3kB/282.0kB (min=239.3kB, biggest=108.0kB) | arena=2.6kB | V_bus=5.128V I_bus=59.8mA P_bus=306.7mW E_total_accum=103.027mWh
15:42:33.211 > [BENCH] IDLE | t_inference_us=0 | heap=37.3kB/282.0kB (min=239.3kB, biggest=108.0kB) | arena=2.6kB | V_bus=5.132V I_bus=59.1mA P_bus=303.2mW E_total_accum=103.196mWh
15:42:35.213 > [BENCH] IDLE | t_inference_us=0 | heap=37.3kB/282.0kB (min=239.3kB, biggest=108.0kB) | arena=2.6kB | V_bus=5.132V I_bus=60.5mA P_bus=310.2mW E_total_accum=103.370mWh
15:42:37.230 > [BENCH] IDLE | t_inference_us=0 | heap=37.3kB/282.0kB (min=239.3kB, biggest=108.0kB) | arena=2.6kB | V_bus=5.124V I_bus=59.7mA P_bus=306.1mW E_total_accum=103.541mWh
15:42:38.955 > 
15:42:38.955 > [EVENT] type=HOUR  Tin=28.60 Hin=56.60 Tout=33.50 Hout=55.10
15:42:38.960 > [infer] warmup: window 19/24 - (Invoke NOT executed)
15:42:39.312 > [SENSORS] Health IN ok=564 err=0 reinit=0 pwr=0 | OUT ok=564 err=0 reinit=0 pwr=0
15:42:40.475 > [BENCH] IDLE | t_inference_us=0 | heap=37.3kB/282.0kB (min=239.3kB, biggest=108.0kB) | arena=2.6kB | V_bus=5.132V I_bus=59.1mA P_bus=303.3mW E_total_accum=103.815mWh
15:42:42.489 > [BENCH] IDLE | t_inference_us=0 | heap=37.3kB/282.0kB (min=239.3kB, biggest=108.0kB) | arena=2.6kB | V_bus=5.132V I_bus=58.5mA P_bus=300.2mW E_total_accum=103.983mWh
15:42:44.490 > [BENCH] IDLE | t_inference_us=0 | heap=37.3kB/282.0kB (min=239.3kB, biggest=108.0kB) | arena=2.6kB | V_bus=5.128V I_bus=59.1mA P_bus=303.2mW E_total_accum=104.153mWh
15:42:46.509 > [BENCH] IDLE | t_inference_us=0 | heap=37.3kB/282.0kB (min=239.3kB, biggest=108.0kB) | arena=2.6kB | V_bus=5.128V I_bus=58.5mA P_bus=300.3mW E_total_accum=104.321mWh
15:42:48.525 > [BENCH] IDLE | t_inference_us=0 | heap=37.3kB/282.0kB (min=239.3kB, biggest=108.0kB) | arena=2.6kB | V_bus=5.128V I_bus=58.0mA P_bus=297.4mW E_total_accum=104.487mWh
15:42:50.543 > [BENCH] IDLE | t_inference_us=0 | heap=37.3kB/282.0kB (min=239.3kB, biggest=108.0kB) | arena=2.6kB | V_bus=5.132V I_bus=59.4mA P_bus=304.5mW E_total_accum=104.658mWh
15:42:52.557 > [BENCH] IDLE | t_inference_us=0 | heap=37.3kB/282.0kB (min=239.3kB, biggest=108.0kB) | arena=2.6kB | V_bus=5.132V I_bus=58.8mA P_bus=301.6mW E_total_accum=104.826mWh
15:42:54.557 > [BENCH] IDLE | t_inference_us=0 | heap=37.3kB/282.0kB (min=239.3kB, biggest=108.0kB) | arena=2.6kB | V_bus=5.128V I_bus=58.5mA P_bus=299.9mW E_total_accum=104.994mWh
15:42:56.572 > [BENCH] IDLE | t_inference_us=0 | heap=37.3kB/282.0kB (min=239.3kB, biggest=108.0kB) | arena=2.6kB | V_bus=5.128V I_bus=60.2mA P_bus=308.8mW E_total_accum=105.167mWh
15:42:58.591 > [BENCH] IDLE | t_inference_us=0 | heap=37.3kB/282.0kB (min=239.3kB, biggest=108.0kB) | arena=2.6kB | V_bus=5.132V I_bus=59.5mA P_bus=305.2mW E_total_accum=105.338mWh
15:43:00.614 > [BENCH] IDLE | t_inference_us=0 | heap=37.3kB/282.0kB (min=239.3kB, biggest=108.0kB) | arena=2.6kB | V_bus=5.128V I_bus=59.4mA P_bus=304.5mW E_total_accum=105.508mWh
15:43:02.627 > [BENCH] IDLE | t_inference_us=0 | heap=37.3kB/282.0kB (min=239.3kB, biggest=108.0kB) | arena=2.6kB | V_bus=5.128V I_bus=61.4mA P_bus=315.1mW E_total_accum=105.684mWh
15:43:04.637 > [BENCH] IDLE | t_inference_us=0 | heap=37.3kB/282.0kB (min=239.3kB, biggest=108.0kB) | arena=2.6kB | V_bus=5.112V I_bus=61.4mA P_bus=314.8mW E_total_accum=105.860mWh
15:43:06.638 > [BENCH] IDLE | t_inference_us=0 | heap=37.3kB/282.0kB (min=239.3kB, biggest=108.0kB) | arena=2.6kB | V_bus=5.128V I_bus=60.4mA P_bus=309.6mW E_total_accum=106.032mWh
15:43:08.656 > [BENCH] IDLE | t_inference_us=0 | heap=37.3kB/282.0kB (min=239.3kB, biggest=108.0kB) | arena=2.6kB | V_bus=5.132V I_bus=60.2mA P_bus=308.9mW E_total_accum=106.205mWh
15:43:10.657 > [BENCH] IDLE | t_inference_us=0 | heap=37.3kB/282.0kB (min=239.3kB, biggest=108.0kB) | arena=2.6kB | V_bus=5.128V I_bus=59.5mA P_bus=304.9mW E_total_accum=106.376mWh
15:43:12.685 > [BENCH] IDLE | t_inference_us=0 | heap=37.3kB/282.0kB (min=239.3kB, biggest=108.0kB) | arena=2.6kB | V_bus=5.128V I_bus=58.8mA P_bus=301.5mW E_total_accum=106.545mWh
15:43:14.687 > [BENCH] IDLE | t_inference_us=0 | heap=37.3kB/282.0kB (min=239.3kB, biggest=108.0kB) | arena=2.6kB | V_bus=5.128V I_bus=59.8mA P_bus=306.8mW E_total_accum=106.716mWh
15:43:16.703 > [BENCH] IDLE | t_inference_us=0 | heap=37.3kB/282.0kB (min=239.3kB, biggest=108.0kB) | arena=2.6kB | V_bus=5.128V I_bus=59.2mA P_bus=303.3mW E_total_accum=106.886mWh
15:43:18.719 > [BENCH] IDLE | t_inference_us=0 | heap=37.3kB/282.0kB (min=239.3kB, biggest=108.0kB) | arena=2.6kB | V_bus=5.132V I_bus=58.8mA P_bus=301.8mW E_total_accum=107.055mWh
15:43:20.738 > [BENCH] IDLE | t_inference_us=0 | heap=37.3kB/282.0kB (min=239.3kB, biggest=108.0kB) | arena=2.6kB | V_bus=5.128V I_bus=60.9mA P_bus=312.4mW E_total_accum=107.229mWh
15:43:22.751 > [BENCH] IDLE | t_inference_us=0 | heap=37.3kB/282.0kB (min=239.3kB, biggest=108.0kB) | arena=2.6kB | V_bus=5.128V I_bus=60.0mA P_bus=307.5mW E_total_accum=107.402mWh
15:43:24.762 > [BENCH] IDLE | t_inference_us=0 | heap=37.3kB/282.0kB (min=239.3kB, biggest=108.0kB) | arena=2.6kB | V_bus=5.132V I_bus=60.1mA P_bus=308.1mW E_total_accum=107.574mWh
15:43:26.772 > [BENCH] IDLE | t_inference_us=0 | heap=37.3kB/282.0kB (min=239.3kB, biggest=108.0kB) | arena=2.6kB | V_bus=5.128V I_bus=59.3mA P_bus=304.4mW E_total_accum=107.744mWh
15:43:28.790 > [BENCH] IDLE | t_inference_us=0 | heap=37.3kB/282.0kB (min=239.3kB, biggest=108.0kB) | arena=2.6kB | V_bus=5.132V I_bus=58.7mA P_bus=301.0mW E_total_accum=107.913mWh
15:43:30.802 > [BENCH] IDLE | t_inference_us=0 | heap=37.3kB/282.0kB (min=239.3kB, biggest=108.0kB) | arena=2.6kB | V_bus=5.132V I_bus=60.2mA P_bus=308.8mW E_total_accum=108.085mWh
15:43:32.820 > [BENCH] IDLE | t_inference_us=0 | heap=37.3kB/282.0kB (min=239.3kB, biggest=108.0kB) | arena=2.6kB | V_bus=5.124V I_bus=59.4mA P_bus=304.5mW E_total_accum=108.256mWh
15:43:34.838 > [BENCH] IDLE | t_inference_us=0 | heap=37.3kB/282.0kB (min=239.3kB, biggest=108.0kB) | arena=2.6kB | V_bus=5.128V I_bus=59.8mA P_bus=306.5mW E_total_accum=108.427mWh
15:43:36.852 > [BENCH] IDLE | t_inference_us=0 | heap=37.3kB/282.0kB (min=239.3kB, biggest=108.0kB) | arena=2.6kB | V_bus=5.124V I_bus=59.2mA P_bus=303.3mW E_total_accum=108.597mWh
15:43:38.866 > [BENCH] IDLE | t_inference_us=0 | heap=37.3kB/282.0kB (min=239.3kB, biggest=108.0kB) | arena=2.6kB | V_bus=5.132V I_bus=59.1mA P_bus=303.3mW E_total_accum=108.767mWh
15:43:38.946 > 
15:43:38.946 > [EVENT] type=HOUR  Tin=28.70 Hin=56.84 Tout=33.60 Hout=55.30
15:43:38.951 > [infer] warmup: window 20/24 - (Invoke NOT executed)
15:43:39.323 > [SENSORS] Health IN ok=592 err=0 reinit=0 pwr=0 | OUT ok=592 err=0 reinit=0 pwr=0
15:43:40.900 > [BENCH] IDLE | t_inference_us=0 | heap=37.3kB/282.0kB (min=239.3kB, biggest=108.0kB) | arena=2.6kB | V_bus=5.112V I_bus=61.0mA P_bus=312.3mW E_total_accum=108.943mWh
15:43:42.901 > [BENCH] IDLE | t_inference_us=0 | heap=37.3kB/282.0kB (min=239.3kB, biggest=108.0kB) | arena=2.6kB | V_bus=5.128V I_bus=61.0mA P_bus=312.6mW E_total_accum=109.117mWh
15:43:44.913 > [BENCH] IDLE | t_inference_us=0 | heap=37.3kB/282.0kB (min=239.3kB, biggest=108.0kB) | arena=2.6kB | V_bus=5.128V I_bus=60.2mA P_bus=308.5mW E_total_accum=109.289mWh
15:43:46.930 > [BENCH] IDLE | t_inference_us=0 | heap=37.3kB/282.0kB (min=239.3kB, biggest=108.0kB) | arena=2.6kB | V_bus=5.128V I_bus=59.6mA P_bus=305.3mW E_total_accum=109.460mWh
15:43:48.934 > [BENCH] IDLE | t_inference_us=0 | heap=37.3kB/282.0kB (min=239.3kB, biggest=108.0kB) | arena=2.6kB | V_bus=5.132V I_bus=61.3mA P_bus=314.3mW E_total_accum=109.636mWh
15:43:50.949 > [BENCH] IDLE | t_inference_us=0 | heap=37.3kB/282.0kB (min=239.3kB, biggest=108.0kB) | arena=2.6kB | V_bus=5.132V I_bus=60.3mA P_bus=309.4mW E_total_accum=109.809mWh
15:43:52.972 > [BENCH] IDLE | t_inference_us=0 | heap=37.3kB/282.0kB (min=239.3kB, biggest=108.0kB) | arena=2.6kB | V_bus=5.128V I_bus=60.4mA P_bus=310.0mW E_total_accum=109.982mWh
15:43:54.979 > [BENCH] IDLE | t_inference_us=0 | heap=37.3kB/282.0kB (min=239.3kB, biggest=108.0kB) | arena=2.6kB | V_bus=5.128V I_bus=59.6mA P_bus=305.7mW E_total_accum=110.153mWh
15:43:56.996 > [BENCH] IDLE | t_inference_us=0 | heap=37.3kB/282.0kB (min=239.3kB, biggest=108.0kB) | arena=2.6kB | V_bus=5.128V I_bus=59.1mA P_bus=302.9mW E_total_accum=110.323mWh
15:43:59.014 > [BENCH] IDLE | t_inference_us=0 | heap=37.3kB/282.0kB (min=239.3kB, biggest=108.0kB) | arena=2.6kB | V_bus=5.132V I_bus=60.8mA P_bus=311.9mW E_total_accum=110.497mWh
15:44:01.014 > [BENCH] IDLE | t_inference_us=0 | heap=37.3kB/282.0kB (min=239.3kB, biggest=108.0kB) | arena=2.6kB | V_bus=5.128V I_bus=60.0mA P_bus=307.5mW E_total_accum=110.669mWh
15:44:03.042 > [BENCH] IDLE | t_inference_us=0 | heap=37.3kB/282.0kB (min=239.3kB, biggest=108.0kB) | arena=2.6kB | V_bus=5.132V I_bus=60.1mA P_bus=308.2mW E_total_accum=110.842mWh
15:44:05.048 > [BENCH] IDLE | t_inference_us=0 | heap=37.3kB/282.0kB (min=239.3kB, biggest=108.0kB) | arena=2.6kB | V_bus=5.124V I_bus=59.3mA P_bus=304.3mW E_total_accum=111.012mWh
15:44:07.069 > [BENCH] IDLE | t_inference_us=0 | heap=37.3kB/282.0kB (min=239.3kB, biggest=108.0kB) | arena=2.6kB | V_bus=5.128V I_bus=59.3mA P_bus=304.2mW E_total_accum=111.182mWh
15:44:09.078 > [BENCH] IDLE | t_inference_us=0 | heap=37.3kB/282.0kB (min=239.3kB, biggest=108.0kB) | arena=2.6kB | V_bus=5.132V I_bus=58.8mA P_bus=301.6mW E_total_accum=111.351mWh
15:44:11.095 > [BENCH] IDLE | t_inference_us=0 | heap=37.3kB/282.0kB (min=239.3kB, biggest=108.0kB) | arena=2.6kB | V_bus=5.132V I_bus=58.5mA P_bus=300.2mW E_total_accum=111.519mWh
15:44:13.111 > [BENCH] IDLE | t_inference_us=0 | heap=37.3kB/282.0kB (min=239.3kB, biggest=108.0kB) | arena=2.6kB | V_bus=5.128V I_bus=60.7mA P_bus=311.4mW E_total_accum=111.693mWh
15:44:15.124 > [BENCH] IDLE | t_inference_us=0 | heap=37.3kB/282.0kB (min=239.3kB, biggest=108.0kB) | arena=2.6kB | V_bus=5.132V I_bus=59.8mA P_bus=306.7mW E_total_accum=111.865mWh
15:44:17.125 > [BENCH] IDLE | t_inference_us=0 | heap=37.3kB/282.0kB (min=239.3kB, biggest=108.0kB) | arena=2.6kB | V_bus=5.112V I_bus=62.3mA P_bus=319.2mW E_total_accum=112.043mWh
15:44:19.126 > [BENCH] IDLE | t_inference_us=0 | heap=37.3kB/282.0kB (min=239.3kB, biggest=108.0kB) | arena=2.6kB | V_bus=5.128V I_bus=62.5mA P_bus=320.4mW E_total_accum=112.221mWh
15:44:21.144 > [BENCH] IDLE | t_inference_us=0 | heap=37.3kB/282.0kB (min=239.3kB, biggest=108.0kB) | arena=2.6kB | V_bus=5.128V I_bus=61.4mA P_bus=314.8mW E_total_accum=112.398mWh
15:44:23.157 > [BENCH] IDLE | t_inference_us=0 | heap=37.3kB/282.0kB (min=239.3kB, biggest=108.0kB) | arena=2.6kB | V_bus=5.128V I_bus=60.8mA P_bus=311.7mW E_total_accum=112.572mWh
15:44:25.173 > [BENCH] IDLE | t_inference_us=0 | heap=37.3kB/282.0kB (min=239.3kB, biggest=108.0kB) | arena=2.6kB | V_bus=5.128V I_bus=59.9mA P_bus=307.3mW E_total_accum=112.744mWh
15:44:27.189 > [BENCH] IDLE | t_inference_us=0 | heap=37.3kB/282.0kB (min=239.3kB, biggest=108.0kB) | arena=2.6kB | V_bus=5.128V I_bus=59.2mA P_bus=303.4mW E_total_accum=112.914mWh
15:44:29.207 > [BENCH] IDLE | t_inference_us=0 | heap=37.3kB/282.0kB (min=239.3kB, biggest=108.0kB) | arena=2.6kB | V_bus=5.128V I_bus=60.6mA P_bus=310.9mW E_total_accum=113.087mWh
15:44:31.225 > [BENCH] IDLE | t_inference_us=0 | heap=37.3kB/282.0kB (min=239.3kB, biggest=108.0kB) | arena=2.6kB | V_bus=5.132V I_bus=59.8mA P_bus=306.7mW E_total_accum=113.259mWh
15:44:33.238 > [BENCH] IDLE | t_inference_us=0 | heap=37.3kB/282.0kB (min=239.3kB, biggest=108.0kB) | arena=2.6kB | V_bus=5.132V I_bus=59.8mA P_bus=307.0mW E_total_accum=113.431mWh
15:44:35.239 > [BENCH] IDLE | t_inference_us=0 | heap=37.3kB/282.0kB (min=239.3kB, biggest=108.0kB) | arena=2.6kB | V_bus=5.128V I_bus=59.2mA P_bus=303.5mW E_total_accum=113.601mWh
15:44:37.254 > [BENCH] IDLE | t_inference_us=0 | heap=37.3kB/282.0kB (min=239.3kB, biggest=108.0kB) | arena=2.6kB | V_bus=5.128V I_bus=58.8mA P_bus=301.7mW E_total_accum=113.769mWh
15:44:38.904 > 
15:44:38.904 > [EVENT] type=HOUR  Tin=28.90 Hin=54.80 Tout=33.60 Hout=55.40
15:44:38.920 > [infer] warmup: window 21/24 - (Invoke NOT executed)
15:44:39.340 > [SENSORS] Health IN ok=620 err=0 reinit=0 pwr=0 | OUT ok=620 err=0 reinit=0 pwr=0
15:44:40.422 > [BENCH] IDLE | t_inference_us=0 | heap=37.3kB/282.0kB (min=239.3kB, biggest=108.0kB) | arena=2.6kB | V_bus=5.132V I_bus=60.1mA P_bus=308.0mW E_total_accum=114.038mWh
15:44:42.423 > [BENCH] IDLE | t_inference_us=0 | heap=37.3kB/282.0kB (min=239.3kB, biggest=108.0kB) | arena=2.6kB | V_bus=5.128V I_bus=59.4mA P_bus=304.6mW E_total_accum=114.208mWh
15:44:44.439 > [BENCH] IDLE | t_inference_us=0 | heap=37.3kB/282.0kB (min=239.3kB, biggest=108.0kB) | arena=2.6kB | V_bus=5.128V I_bus=59.1mA P_bus=303.3mW E_total_accum=114.378mWh
15:44:46.452 > [BENCH] IDLE | t_inference_us=0 | heap=37.3kB/282.0kB (min=239.3kB, biggest=108.0kB) | arena=2.6kB | V_bus=5.128V I_bus=61.3mA P_bus=314.3mW E_total_accum=114.553mWh
15:44:48.469 > [BENCH] IDLE | t_inference_us=0 | heap=37.3kB/282.0kB (min=239.3kB, biggest=108.0kB) | arena=2.6kB | V_bus=5.132V I_bus=60.2mA P_bus=308.9mW E_total_accum=114.726mWh
15:44:50.487 > [BENCH] IDLE | t_inference_us=0 | heap=37.3kB/282.0kB (min=239.3kB, biggest=108.0kB) | arena=2.6kB | V_bus=5.128V I_bus=61.3mA P_bus=314.5mW E_total_accum=114.902mWh
15:44:52.504 > [BENCH] IDLE | t_inference_us=0 | heap=37.3kB/282.0kB (min=239.3kB, biggest=108.0kB) | arena=2.6kB | V_bus=5.128V I_bus=60.3mA P_bus=309.5mW E_total_accum=115.075mWh
15:44:54.520 > [BENCH] IDLE | t_inference_us=0 | heap=37.3kB/282.0kB (min=239.3kB, biggest=108.0kB) | arena=2.6kB | V_bus=5.128V I_bus=60.3mA P_bus=309.4mW E_total_accum=115.248mWh
15:44:56.529 > [BENCH] IDLE | t_inference_us=0 | heap=37.3kB/282.0kB (min=239.3kB, biggest=108.0kB) | arena=2.6kB | V_bus=5.128V I_bus=59.6mA P_bus=305.7mW E_total_accum=115.419mWh
15:44:58.531 > [BENCH] IDLE | t_inference_us=0 | heap=37.3kB/282.0kB (min=239.3kB, biggest=108.0kB) | arena=2.6kB | V_bus=5.132V I_bus=59.2mA P_bus=303.8mW E_total_accum=115.589mWh
15:45:00.551 > [BENCH] IDLE | t_inference_us=0 | heap=37.3kB/282.0kB (min=239.3kB, biggest=108.0kB) | arena=2.6kB | V_bus=5.132V I_bus=61.4mA P_bus=314.9mW E_total_accum=115.766mWh
15:45:02.567 > [BENCH] IDLE | t_inference_us=0 | heap=37.3kB/282.0kB (min=239.3kB, biggest=108.0kB) | arena=2.6kB | V_bus=5.132V I_bus=60.3mA P_bus=309.5mW E_total_accum=115.939mWh
15:45:04.584 > [BENCH] IDLE | t_inference_us=0 | heap=37.3kB/282.0kB (min=239.3kB, biggest=108.0kB) | arena=2.6kB | V_bus=5.132V I_bus=61.5mA P_bus=315.4mW E_total_accum=116.115mWh
15:45:06.596 > [BENCH] IDLE | t_inference_us=0 | heap=37.3kB/282.0kB (min=239.3kB, biggest=108.0kB) | arena=2.6kB | V_bus=5.132V I_bus=60.5mA P_bus=310.5mW E_total_accum=116.289mWh
15:45:08.617 > [BENCH] IDLE | t_inference_us=0 | heap=37.3kB/282.0kB (min=239.3kB, biggest=108.0kB) | arena=2.6kB | V_bus=5.128V I_bus=61.0mA P_bus=312.9mW E_total_accum=116.464mWh
15:45:10.631 > [BENCH] IDLE | t_inference_us=0 | heap=37.3kB/282.0kB (min=239.3kB, biggest=108.0kB) | arena=2.6kB | V_bus=5.128V I_bus=60.2mA P_bus=308.6mW E_total_accum=116.637mWh
15:45:12.641 > [BENCH] IDLE | t_inference_us=0 | heap=37.3kB/282.0kB (min=239.3kB, biggest=108.0kB) | arena=2.6kB | V_bus=5.112V I_bus=62.5mA P_bus=320.6mW E_total_accum=116.816mWh
15:45:14.636 > [BENCH] IDLE | t_inference_us=0 | heap=37.3kB/282.0kB (min=239.3kB, biggest=108.0kB) | arena=2.6kB | V_bus=5.132V I_bus=62.5mA P_bus=320.6mW E_total_accum=116.994mWh
15:45:16.646 > [BENCH] IDLE | t_inference_us=0 | heap=37.3kB/282.0kB (min=239.3kB, biggest=108.0kB) | arena=2.6kB | V_bus=5.128V I_bus=61.3mA P_bus=314.6mW E_total_accum=117.170mWh
15:45:18.664 > [BENCH] IDLE | t_inference_us=0 | heap=37.3kB/282.0kB (min=239.3kB, biggest=108.0kB) | arena=2.6kB | V_bus=5.132V I_bus=60.9mA P_bus=312.4mW E_total_accum=117.345mWh
15:45:20.680 > [BENCH] IDLE | t_inference_us=0 | heap=37.3kB/282.0kB (min=239.3kB, biggest=108.0kB) | arena=2.6kB | V_bus=5.128V I_bus=60.1mA P_bus=308.1mW E_total_accum=117.517mWh
15:45:22.697 > [BENCH] IDLE | t_inference_us=0 | heap=37.3kB/282.0kB (min=239.3kB, biggest=108.0kB) | arena=2.6kB | V_bus=5.128V I_bus=59.6mA P_bus=305.4mW E_total_accum=117.688mWh
15:45:24.714 > [BENCH] IDLE | t_inference_us=0 | heap=37.3kB/282.0kB (min=239.3kB, biggest=108.0kB) | arena=2.6kB | V_bus=5.132V I_bus=61.7mA P_bus=316.3mW E_total_accum=117.865mWh
15:45:26.728 > [BENCH] IDLE | t_inference_us=0 | heap=37.3kB/282.0kB (min=239.3kB, biggest=108.0kB) | arena=2.6kB | V_bus=5.132V I_bus=60.5mA P_bus=310.4mW E_total_accum=118.039mWh
15:45:28.743 > [BENCH] IDLE | t_inference_us=0 | heap=37.3kB/282.0kB (min=239.3kB, biggest=108.0kB) | arena=2.6kB | V_bus=5.128V I_bus=61.7mA P_bus=316.2mW E_total_accum=118.216mWh
15:45:30.745 > [BENCH] IDLE | t_inference_us=0 | heap=37.3kB/282.0kB (min=239.3kB, biggest=108.0kB) | arena=2.6kB | V_bus=5.132V I_bus=60.7mA P_bus=311.2mW E_total_accum=118.390mWh
15:45:32.768 > [BENCH] IDLE | t_inference_us=0 | heap=37.3kB/282.0kB (min=239.3kB, biggest=108.0kB) | arena=2.6kB | V_bus=5.128V I_bus=61.0mA P_bus=312.9mW E_total_accum=118.565mWh
15:45:34.779 > [BENCH] IDLE | t_inference_us=0 | heap=37.3kB/282.0kB (min=239.3kB, biggest=108.0kB) | arena=2.6kB | V_bus=5.132V I_bus=60.1mA P_bus=308.2mW E_total_accum=118.737mWh
15:45:36.798 > [BENCH] IDLE | t_inference_us=0 | heap=37.3kB/282.0kB (min=239.3kB, biggest=108.0kB) | arena=2.6kB | V_bus=5.128V I_bus=60.1mA P_bus=308.3mW E_total_accum=118.910mWh
15:45:38.810 > [BENCH] IDLE | t_inference_us=0 | heap=37.3kB/282.0kB (min=239.3kB, biggest=108.0kB) | arena=2.6kB | V_bus=5.124V I_bus=59.3mA P_bus=304.4mW E_total_accum=119.080mWh
15:45:38.929 > 
15:45:38.929 > [EVENT] type=HOUR  Tin=28.90 Hin=53.70 Tout=33.60 Hout=55.40
15:45:38.929 > [infer] warmup: window 22/24 - (Invoke NOT executed)
15:45:39.355 > [SENSORS] Health IN ok=648 err=0 reinit=0 pwr=0 | OUT ok=648 err=0 reinit=0 pwr=0
15:45:40.846 > [BENCH] IDLE | t_inference_us=0 | heap=37.3kB/282.0kB (min=239.3kB, biggest=108.0kB) | arena=2.6kB | V_bus=5.124V I_bus=60.1mA P_bus=308.3mW E_total_accum=119.255mWh
15:45:42.862 > [BENCH] IDLE | t_inference_us=0 | heap=37.3kB/282.0kB (min=239.3kB, biggest=108.0kB) | arena=2.6kB | V_bus=5.124V I_bus=61.7mA P_bus=316.4mW E_total_accum=119.432mWh
15:45:44.876 > [BENCH] IDLE | t_inference_us=0 | heap=37.3kB/282.0kB (min=239.3kB, biggest=108.0kB) | arena=2.6kB | V_bus=5.128V I_bus=60.5mA P_bus=310.1mW E_total_accum=119.605mWh
15:45:46.889 > [BENCH] IDLE | t_inference_us=0 | heap=37.3kB/282.0kB (min=239.3kB, biggest=108.0kB) | arena=2.6kB | V_bus=5.128V I_bus=61.5mA P_bus=315.1mW E_total_accum=119.781mWh
15:45:48.890 > [BENCH] IDLE | t_inference_us=0 | heap=37.3kB/282.0kB (min=239.3kB, biggest=108.0kB) | arena=2.6kB | V_bus=5.112V I_bus=61.5mA P_bus=315.0mW E_total_accum=119.958mWh
15:45:50.906 > [BENCH] IDLE | t_inference_us=0 | heap=37.3kB/282.0kB (min=239.3kB, biggest=108.0kB) | arena=2.6kB | V_bus=5.128V I_bus=60.4mA P_bus=309.6mW E_total_accum=120.130mWh
15:45:52.908 > [BENCH] IDLE | t_inference_us=0 | heap=37.3kB/282.0kB (min=239.3kB, biggest=108.0kB) | arena=2.6kB | V_bus=5.132V I_bus=61.5mA P_bus=315.4mW E_total_accum=120.306mWh
15:45:54.933 > [BENCH] IDLE | t_inference_us=0 | heap=37.3kB/282.0kB (min=239.3kB, biggest=108.0kB) | arena=2.6kB | V_bus=5.128V I_bus=60.5mA P_bus=310.3mW E_total_accum=120.480mWh
15:45:56.939 > [BENCH] IDLE | t_inference_us=0 | heap=37.3kB/282.0kB (min=239.3kB, biggest=108.0kB) | arena=2.6kB | V_bus=5.132V I_bus=60.9mA P_bus=312.1mW E_total_accum=120.654mWh
15:45:58.954 > [BENCH] IDLE | t_inference_us=0 | heap=37.3kB/282.0kB (min=239.3kB, biggest=108.0kB) | arena=2.6kB | V_bus=5.128V I_bus=60.0mA P_bus=307.8mW E_total_accum=120.827mWh
15:46:00.972 > [BENCH] IDLE | t_inference_us=0 | heap=37.3kB/282.0kB (min=239.3kB, biggest=108.0kB) | arena=2.6kB | V_bus=5.128V I_bus=60.0mA P_bus=307.7mW E_total_accum=120.999mWh
15:46:02.988 > [BENCH] IDLE | t_inference_us=0 | heap=37.3kB/282.0kB (min=239.3kB, biggest=108.0kB) | arena=2.6kB | V_bus=5.128V I_bus=59.3mA P_bus=304.0mW E_total_accum=121.169mWh
15:46:04.990 > [BENCH] IDLE | t_inference_us=0 | heap=37.3kB/282.0kB (min=239.3kB, biggest=108.0kB) | arena=2.6kB | V_bus=5.132V I_bus=59.1mA P_bus=302.9mW E_total_accum=121.338mWh
15:46:07.007 > [BENCH] IDLE | t_inference_us=0 | heap=37.3kB/282.0kB (min=239.3kB, biggest=108.0kB) | arena=2.6kB | V_bus=5.132V I_bus=58.6mA P_bus=300.6mW E_total_accum=121.506mWh
15:46:09.023 > [BENCH] IDLE | t_inference_us=0 | heap=37.3kB/282.0kB (min=239.3kB, biggest=108.0kB) | arena=2.6kB | V_bus=5.132V I_bus=58.3mA P_bus=298.9mW E_total_accum=121.674mWh
15:46:11.036 > [BENCH] IDLE | t_inference_us=0 | heap=37.3kB/282.0kB (min=239.3kB, biggest=108.0kB) | arena=2.6kB | V_bus=5.132V I_bus=60.5mA P_bus=310.5mW E_total_accum=121.847mWh
15:46:13.054 > [BENCH] IDLE | t_inference_us=0 | heap=37.3kB/282.0kB (min=239.3kB, biggest=108.0kB) | arena=2.6kB | V_bus=5.128V I_bus=59.6mA P_bus=305.8mW E_total_accum=122.018mWh
15:46:15.070 > [BENCH] IDLE | t_inference_us=0 | heap=37.3kB/282.0kB (min=239.3kB, biggest=108.0kB) | arena=2.6kB | V_bus=5.128V I_bus=61.1mA P_bus=313.6mW E_total_accum=122.194mWh
15:46:17.084 > [BENCH] IDLE | t_inference_us=0 | heap=37.3kB/282.0kB (min=239.3kB, biggest=108.0kB) | arena=2.6kB | V_bus=5.132V I_bus=60.1mA P_bus=308.5mW E_total_accum=122.366mWh
15:46:19.100 > [BENCH] IDLE | t_inference_us=0 | heap=37.3kB/282.0kB (min=239.3kB, biggest=108.0kB) | arena=2.6kB | V_bus=5.132V I_bus=61.2mA P_bus=314.0mW E_total_accum=122.542mWh
15:46:21.103 > [BENCH] IDLE | t_inference_us=0 | heap=37.3kB/282.0kB (min=239.3kB, biggest=108.0kB) | arena=2.6kB | V_bus=5.132V I_bus=60.2mA P_bus=309.1mW E_total_accum=122.715mWh
15:46:23.117 > [BENCH] IDLE | t_inference_us=0 | heap=37.3kB/282.0kB (min=239.3kB, biggest=108.0kB) | arena=2.6kB | V_bus=5.132V I_bus=60.6mA P_bus=310.9mW E_total_accum=122.889mWh
15:46:25.136 > [BENCH] IDLE | t_inference_us=0 | heap=37.3kB/282.0kB (min=239.3kB, biggest=108.0kB) | arena=2.6kB | V_bus=5.116V I_bus=60.6mA P_bus=310.7mW E_total_accum=123.062mWh
15:46:27.143 > [BENCH] IDLE | t_inference_us=0 | heap=37.3kB/282.0kB (min=239.3kB, biggest=108.0kB) | arena=2.6kB | V_bus=5.132V I_bus=59.8mA P_bus=306.8mW E_total_accum=123.233mWh
15:46:29.148 > [BENCH] IDLE | t_inference_us=0 | heap=37.3kB/282.0kB (min=239.3kB, biggest=108.0kB) | arena=2.6kB | V_bus=5.132V I_bus=60.5mA P_bus=310.4mW E_total_accum=123.407mWh
15:46:31.166 > [BENCH] IDLE | t_inference_us=0 | heap=37.3kB/282.0kB (min=239.3kB, biggest=108.0kB) | arena=2.6kB | V_bus=5.128V I_bus=59.7mA P_bus=306.1mW E_total_accum=123.578mWh
15:46:33.182 > [BENCH] IDLE | t_inference_us=0 | heap=37.3kB/282.0kB (min=239.3kB, biggest=108.0kB) | arena=2.6kB | V_bus=5.128V I_bus=59.8mA P_bus=306.9mW E_total_accum=123.750mWh
15:46:35.200 > [BENCH] IDLE | t_inference_us=0 | heap=37.3kB/282.0kB (min=239.3kB, biggest=108.0kB) | arena=2.6kB | V_bus=5.124V I_bus=59.2mA P_bus=303.5mW E_total_accum=123.920mWh
15:46:37.212 > [BENCH] IDLE | t_inference_us=0 | heap=37.3kB/282.0kB (min=239.3kB, biggest=108.0kB) | arena=2.6kB | V_bus=5.124V I_bus=60.0mA P_bus=307.5mW E_total_accum=124.092mWh
15:46:38.933 > 
15:46:38.933 > [EVENT] type=HOUR  Tin=29.20 Hin=54.95 Tout=33.50 Hout=56.10
15:46:38.949 > [infer] warmup: window 23/24 - (Invoke NOT executed)
15:46:39.367 > [SENSORS] Health IN ok=676 err=0 reinit=0 pwr=0 | OUT ok=676 err=0 reinit=0 pwr=0
15:46:40.462 > [BENCH] IDLE | t_inference_us=0 | heap=37.3kB/282.0kB (min=239.3kB, biggest=108.0kB) | arena=2.6kB | V_bus=5.128V I_bus=59.7mA P_bus=306.1mW E_total_accum=124.370mWh
15:46:42.462 > [BENCH] IDLE | t_inference_us=0 | heap=37.3kB/282.0kB (min=239.3kB, biggest=108.0kB) | arena=2.6kB | V_bus=5.132V I_bus=60.2mA P_bus=308.6mW E_total_accum=124.542mWh
15:46:44.479 > [BENCH] IDLE | t_inference_us=0 | heap=37.3kB/282.0kB (min=239.3kB, biggest=108.0kB) | arena=2.6kB | V_bus=5.128V I_bus=59.4mA P_bus=304.6mW E_total_accum=124.713mWh
15:46:46.498 > [BENCH] IDLE | t_inference_us=0 | heap=37.3kB/282.0kB (min=239.3kB, biggest=108.0kB) | arena=2.6kB | V_bus=5.108V I_bus=61.9mA P_bus=316.9mW E_total_accum=124.890mWh
15:46:48.499 > [BENCH] IDLE | t_inference_us=0 | heap=37.3kB/282.0kB (min=239.3kB, biggest=108.0kB) | arena=2.6kB | V_bus=5.132V I_bus=62.3mA P_bus=319.5mW E_total_accum=125.068mWh
15:46:50.519 > [BENCH] IDLE | t_inference_us=0 | heap=37.3kB/282.0kB (min=239.3kB, biggest=108.0kB) | arena=2.6kB | V_bus=5.128V I_bus=61.2mA P_bus=313.7mW E_total_accum=125.243mWh
15:46:52.528 > [BENCH] IDLE | t_inference_us=0 | heap=37.3kB/282.0kB (min=239.3kB, biggest=108.0kB) | arena=2.6kB | V_bus=5.128V I_bus=61.3mA P_bus=314.5mW E_total_accum=125.419mWh
15:46:54.546 > [BENCH] IDLE | t_inference_us=0 | heap=37.3kB/282.0kB (min=239.3kB, biggest=108.0kB) | arena=2.6kB | V_bus=5.128V I_bus=60.4mA P_bus=309.6mW E_total_accum=125.592mWh
15:46:56.560 > [BENCH] IDLE | t_inference_us=0 | heap=37.3kB/282.0kB (min=239.3kB, biggest=108.0kB) | arena=2.6kB | V_bus=5.132V I_bus=60.4mA P_bus=309.9mW E_total_accum=125.766mWh
15:46:58.571 > [BENCH] IDLE | t_inference_us=0 | heap=37.3kB/282.0kB (min=239.3kB, biggest=108.0kB) | arena=2.6kB | V_bus=5.128V I_bus=59.7mA P_bus=306.2mW E_total_accum=125.937mWh
15:47:00.589 > [BENCH] IDLE | t_inference_us=0 | heap=37.3kB/282.0kB (min=239.3kB, biggest=108.0kB) | arena=2.6kB | V_bus=5.132V I_bus=59.8mA P_bus=306.8mW E_total_accum=126.109mWh
15:47:02.590 > [BENCH] IDLE | t_inference_us=0 | heap=37.3kB/282.0kB (min=239.3kB, biggest=108.0kB) | arena=2.6kB | V_bus=5.128V I_bus=59.3mA P_bus=304.0mW E_total_accum=126.279mWh
15:47:04.609 > [BENCH] IDLE | t_inference_us=0 | heap=37.3kB/282.0kB (min=239.3kB, biggest=108.0kB) | arena=2.6kB | V_bus=5.132V I_bus=59.4mA P_bus=304.5mW E_total_accum=126.449mWh
15:47:06.626 > [BENCH] IDLE | t_inference_us=0 | heap=37.3kB/282.0kB (min=239.3kB, biggest=108.0kB) | arena=2.6kB | V_bus=5.128V I_bus=58.8mA P_bus=301.6mW E_total_accum=126.618mWh
15:47:08.642 > [BENCH] IDLE | t_inference_us=0 | heap=37.3kB/282.0kB (min=239.3kB, biggest=108.0kB) | arena=2.6kB | V_bus=5.132V I_bus=59.0mA P_bus=302.6mW E_total_accum=126.787mWh
15:47:10.656 > [BENCH] IDLE | t_inference_us=0 | heap=37.3kB/282.0kB (min=239.3kB, biggest=108.0kB) | arena=2.6kB | V_bus=5.128V I_bus=58.5mA P_bus=300.2mW E_total_accum=126.955mWh
15:47:12.672 > [BENCH] IDLE | t_inference_us=0 | heap=37.3kB/282.0kB (min=239.3kB, biggest=108.0kB) | arena=2.6kB | V_bus=5.132V I_bus=58.6mA P_bus=300.6mW E_total_accum=127.123mWh
15:47:14.674 > [BENCH] IDLE | t_inference_us=0 | heap=37.3kB/282.0kB (min=239.3kB, biggest=108.0kB) | arena=2.6kB | V_bus=5.128V I_bus=58.2mA P_bus=298.5mW E_total_accum=127.290mWh
15:47:16.690 > [BENCH] IDLE | t_inference_us=0 | heap=37.3kB/282.0kB (min=239.3kB, biggest=108.0kB) | arena=2.6kB | V_bus=5.128V I_bus=58.3mA P_bus=299.0mW E_total_accum=127.457mWh
15:47:18.707 > [BENCH] IDLE | t_inference_us=0 | heap=37.3kB/282.0kB (min=239.3kB, biggest=108.0kB) | arena=2.6kB | V_bus=5.128V I_bus=58.0mA P_bus=297.4mW E_total_accum=127.624mWh
15:47:20.728 > [BENCH] IDLE | t_inference_us=0 | heap=37.3kB/282.0kB (min=239.3kB, biggest=108.0kB) | arena=2.6kB | V_bus=5.128V I_bus=58.2mA P_bus=298.6mW E_total_accum=127.791mWh
15:47:22.721 > [BENCH] IDLE | t_inference_us=0 | heap=37.3kB/282.0kB (min=239.3kB, biggest=108.0kB) | arena=2.6kB | V_bus=5.116V I_bus=58.2mA P_bus=298.4mW E_total_accum=127.957mWh
15:47:24.740 > [BENCH] IDLE | t_inference_us=0 | heap=37.3kB/282.0kB (min=239.3kB, biggest=108.0kB) | arena=2.6kB | V_bus=5.128V I_bus=57.8mA P_bus=296.6mW E_total_accum=128.123mWh
15:47:26.755 > [BENCH] IDLE | t_inference_us=0 | heap=37.3kB/282.0kB (min=239.3kB, biggest=108.0kB) | arena=2.6kB | V_bus=5.132V I_bus=58.3mA P_bus=298.8mW E_total_accum=128.290mWh
15:47:28.771 > [BENCH] IDLE | t_inference_us=0 | heap=37.3kB/282.0kB (min=239.3kB, biggest=108.0kB) | arena=2.6kB | V_bus=5.128V I_bus=57.9mA P_bus=297.1mW E_total_accum=128.456mWh
15:47:30.770 > [BENCH] IDLE | t_inference_us=0 | heap=37.3kB/282.0kB (min=239.3kB, biggest=108.0kB) | arena=2.6kB | V_bus=5.132V I_bus=58.4mA P_bus=299.5mW E_total_accum=128.624mWh
15:47:32.789 > [BENCH] IDLE | t_inference_us=0 | heap=37.3kB/282.0kB (min=239.3kB, biggest=108.0kB) | arena=2.6kB | V_bus=5.124V I_bus=58.0mA P_bus=297.4mW E_total_accum=128.790mWh
15:47:34.804 > [BENCH] IDLE | t_inference_us=0 | heap=37.3kB/282.0kB (min=239.3kB, biggest=108.0kB) | arena=2.6kB | V_bus=5.132V I_bus=58.5mA P_bus=300.0mW E_total_accum=128.958mWh
15:47:36.820 > [BENCH] IDLE | t_inference_us=0 | heap=37.3kB/282.0kB (min=239.3kB, biggest=108.0kB) | arena=2.6kB | V_bus=5.128V I_bus=58.1mA P_bus=298.2mW E_total_accum=129.125mWh
15:47:38.837 > [BENCH] IDLE | t_inference_us=0 | heap=37.3kB/282.0kB (min=239.3kB, biggest=108.0kB) | arena=2.6kB | V_bus=5.132V I_bus=58.7mA P_bus=301.1mW E_total_accum=129.293mWh
15:47:38.921 > 
15:47:38.922 > [EVENT] type=HOUR  Tin=28.90 Hin=56.71 Tout=33.50 Hout=56.20
15:47:38.929 > [infer] REAL - Invoke executed (model ran)
15:47:38.934 > 
15:47:38.937 > [PWR] infer | E_inference_window(ΔE_total)=0.580µWh (E0=129.300079mWh E1=129.300659mWh) | E_inference_pipeline(ΔE_total)=0.824µWh (E0=129.299927mWh E1=129.300751mWh) | t_inference=5.727ms | t_inference_pipeline=8.979ms | E_total_accum=129.301mWh
15:47:38.973 > [BENCH] INFER_HOURLY | t_inference_us=5727 | heap=37.3kB/282.0kB (min=239.0kB, biggest=108.0kB) | arena=2.6kB | V_bus=5.120V I_bus=65.3mA P_bus=334.3mW E_total_accum=129.301mWh
15:47:38.973 > [HOUR] Tin=28.90 Hin=56.71 | Tp=29.23 Hp=54.96
15:47:38.978 > [HOUR] SAMPLES | N_ALL=1 N_T=1 N_H=1
15:47:38.980 > [HOUR] METRICS | MAE=nan RMSE=nan R2=NA | MAE_T=nan RMSE_T=nan R2_T=NA | MAE_H=nan RMSE_H=nan R2_H=NA
15:47:39.372 > [SENSORS] Health IN ok=704 err=0 reinit=0 pwr=0 | OUT ok=704 err=0 reinit=0 pwr=0
15:47:40.938 > [BENCH] IDLE | t_inference_us=0 | heap=37.3kB/282.0kB (min=239.0kB, biggest=108.0kB) | arena=2.6kB | V_bus=5.128V I_bus=63.4mA P_bus=325.0mW E_total_accum=129.483mWh
15:47:42.951 > [BENCH] IDLE | t_inference_us=0 | heap=37.3kB/282.0kB (min=239.0kB, biggest=108.0kB) | arena=2.6kB | V_bus=5.132V I_bus=64.6mA P_bus=331.0mW E_total_accum=129.668mWh
15:47:44.976 > [BENCH] IDLE | t_inference_us=0 | heap=37.3kB/282.0kB (min=239.0kB, biggest=108.0kB) | arena=2.6kB | V_bus=5.132V I_bus=62.8mA P_bus=322.1mW E_total_accum=129.848mWh
15:47:46.986 > [BENCH] IDLE | t_inference_us=0 | heap=37.3kB/282.0kB (min=239.0kB, biggest=108.0kB) | arena=2.6kB | V_bus=5.128V I_bus=64.2mA P_bus=329.2mW E_total_accum=130.032mWh
15:47:49.003 > [BENCH] IDLE | t_inference_us=0 | heap=37.3kB/282.0kB (min=239.0kB, biggest=108.0kB) | arena=2.6kB | V_bus=5.128V I_bus=62.6mA P_bus=320.8mW E_total_accum=130.212mWh
15:47:51.018 > [BENCH] IDLE | t_inference_us=0 | heap=37.3kB/282.0kB (min=239.0kB, biggest=108.0kB) | arena=2.6kB | V_bus=5.132V I_bus=64.1mA P_bus=328.9mW E_total_accum=130.396mWh
15:47:53.030 > [BENCH] IDLE | t_inference_us=0 | heap=37.3kB/282.0kB (min=239.0kB, biggest=108.0kB) | arena=2.6kB | V_bus=5.132V I_bus=62.4mA P_bus=320.3mW E_total_accum=130.575mWh
15:47:55.033 > [BENCH] IDLE | t_inference_us=0 | heap=37.3kB/282.0kB (min=239.0kB, biggest=108.0kB) | arena=2.6kB | V_bus=5.132V I_bus=63.9mA P_bus=328.0mW E_total_accum=130.758mWh
15:47:57.046 > [BENCH] IDLE | t_inference_us=0 | heap=37.3kB/282.0kB (min=239.0kB, biggest=108.0kB) | arena=2.6kB | V_bus=5.132V I_bus=62.3mA P_bus=319.7mW E_total_accum=130.937mWh
15:47:59.065 > [BENCH] IDLE | t_inference_us=0 | heap=37.3kB/282.0kB (min=239.0kB, biggest=108.0kB) | arena=2.6kB | V_bus=5.132V I_bus=63.8mA P_bus=327.4mW E_total_accum=131.120mWh
15:48:01.066 > [BENCH] IDLE | t_inference_us=0 | heap=37.3kB/282.0kB (min=239.0kB, biggest=108.0kB) | arena=2.6kB | V_bus=5.128V I_bus=62.3mA P_bus=319.6mW E_total_accum=131.298mWh
15:48:03.080 > [BENCH] IDLE | t_inference_us=0 | heap=37.3kB/282.0kB (min=239.0kB, biggest=108.0kB) | arena=2.6kB | V_bus=5.128V I_bus=61.3mA P_bus=314.6mW E_total_accum=131.474mWh
15:48:05.104 > [BENCH] IDLE | t_inference_us=0 | heap=37.3kB/282.0kB (min=239.0kB, biggest=108.0kB) | arena=2.6kB | V_bus=5.132V I_bus=60.4mA P_bus=309.7mW E_total_accum=131.647mWh
15:48:07.112 > [BENCH] IDLE | t_inference_us=0 | heap=37.3kB/282.0kB (min=239.0kB, biggest=108.0kB) | arena=2.6kB | V_bus=5.128V I_bus=59.8mA P_bus=306.8mW E_total_accum=131.819mWh
15:48:09.131 > [BENCH] IDLE | t_inference_us=0 | heap=37.3kB/282.0kB (min=239.0kB, biggest=108.0kB) | arena=2.6kB | V_bus=5.128V I_bus=59.2mA P_bus=303.4mW E_total_accum=131.989mWh
15:48:11.137 > [BENCH] IDLE | t_inference_us=0 | heap=37.3kB/282.0kB (min=239.0kB, biggest=108.0kB) | arena=2.6kB | V_bus=5.128V I_bus=58.8mA P_bus=301.6mW E_total_accum=132.158mWh
15:48:13.145 > [BENCH] IDLE | t_inference_us=0 | heap=37.3kB/282.0kB (min=239.0kB, biggest=108.0kB) | arena=2.6kB | V_bus=5.132V I_bus=58.3mA P_bus=298.9mW E_total_accum=132.325mWh
15:48:15.160 > [BENCH] IDLE | t_inference_us=0 | heap=37.3kB/282.0kB (min=239.0kB, biggest=108.0kB) | arena=2.6kB | V_bus=5.132V I_bus=58.0mA P_bus=297.6mW E_total_accum=132.491mWh
15:48:17.177 > [BENCH] IDLE | t_inference_us=0 | heap=37.3kB/282.0kB (min=239.0kB, biggest=108.0kB) | arena=2.6kB | V_bus=5.132V I_bus=57.7mA P_bus=296.0mW E_total_accum=132.657mWh
15:48:19.194 > [BENCH] IDLE | t_inference_us=0 | heap=37.3kB/282.0kB (min=239.0kB, biggest=108.0kB) | arena=2.6kB | V_bus=5.132V I_bus=57.6mA P_bus=295.3mW E_total_accum=132.822mWh
15:48:21.212 > [BENCH] IDLE | t_inference_us=0 | heap=37.3kB/282.0kB (min=239.0kB, biggest=108.0kB) | arena=2.6kB | V_bus=5.128V I_bus=60.1mA P_bus=308.2mW E_total_accum=132.994mWh
15:48:23.222 > [BENCH] IDLE | t_inference_us=0 | heap=37.3kB/282.0kB (min=239.0kB, biggest=108.0kB) | arena=2.6kB | V_bus=5.132V I_bus=59.2mA P_bus=303.8mW E_total_accum=133.164mWh
15:48:25.228 > [BENCH] IDLE | t_inference_us=0 | heap=37.3kB/282.0kB (min=239.0kB, biggest=108.0kB) | arena=2.6kB | V_bus=5.132V I_bus=61.2mA P_bus=314.2mW E_total_accum=133.340mWh
15:48:27.244 > [BENCH] IDLE | t_inference_us=0 | heap=37.3kB/282.0kB (min=239.0kB, biggest=108.0kB) | arena=2.6kB | V_bus=5.132V I_bus=60.2mA P_bus=308.6mW E_total_accum=133.513mWh
15:48:29.260 > [BENCH] IDLE | t_inference_us=0 | heap=37.3kB/282.0kB (min=239.0kB, biggest=108.0kB) | arena=2.6kB | V_bus=5.132V I_bus=61.8mA P_bus=316.9mW E_total_accum=133.690mWh
15:48:31.278 > [BENCH] IDLE | t_inference_us=0 | heap=37.3kB/282.0kB (min=239.0kB, biggest=108.0kB) | arena=2.6kB | V_bus=5.128V I_bus=60.5mA P_bus=310.5mW E_total_accum=133.864mWh
15:48:33.291 > [BENCH] IDLE | t_inference_us=0 | heap=37.3kB/282.0kB (min=239.0kB, biggest=108.0kB) | arena=2.6kB | V_bus=5.132V I_bus=61.6mA P_bus=316.2mW E_total_accum=134.041mWh
15:48:35.310 > [BENCH] IDLE | t_inference_us=0 | heap=37.3kB/282.0kB (min=239.0kB, biggest=108.0kB) | arena=2.6kB | V_bus=5.112V I_bus=61.6mA P_bus=316.0mW E_total_accum=134.218mWh
15:48:37.308 > [BENCH] IDLE | t_inference_us=0 | heap=37.3kB/282.0kB (min=239.0kB, biggest=108.0kB) | arena=2.6kB | V_bus=5.128V I_bus=60.5mA P_bus=310.0mW E_total_accum=134.390mWh
15:48:38.924 > 
15:48:38.927 > [EVENT] type=HOUR  Tin=27.40 Hin=58.50 Tout=33.50 Hout=55.70
15:48:38.935 > [infer] REAL - Invoke executed (model ran)
15:48:38.940 > 
15:48:38.940 > [PWR] infer | E_inference_window(ΔE_total)=0.580µWh (E0=134.532532mWh E1=134.533112mWh) | E_inference_pipeline(ΔE_total)=0.824µWh (E0=134.532379mWh E1=134.533203mWh) | t_inference=5.735ms | t_inference_pipeline=8.991ms | E_total_accum=134.533mWh
15:48:38.961 > [BENCH] INFER_HOURLY | t_inference_us=5735 | heap=37.3kB/282.0kB (min=239.0kB, biggest=108.0kB) | arena=2.6kB | V_bus=5.120V I_bus=66.4mA P_bus=340.3mW E_total_accum=134.533mWh
15:48:38.977 > [HOUR] Tin=27.40 Hin=58.50 | Tp=28.93 Hp=56.72
15:48:38.981 > [HOUR] SAMPLES | N_ALL=2 N_T=2 N_H=2
15:48:38.985 > [HOUR] METRICS | MAE=nan RMSE=nan R2=NA | MAE_T=nan RMSE_T=nan R2_T=NA | MAE_H=nan RMSE_H=nan R2_H=NA
15:48:39.380 > [SENSORS] Health IN ok=732 err=0 reinit=0 pwr=0 | OUT ok=732 err=0 reinit=0 pwr=0
15:48:40.941 > [BENCH] IDLE | t_inference_us=0 | heap=37.3kB/282.0kB (min=239.0kB, biggest=108.0kB) | arena=2.6kB | V_bus=5.128V I_bus=64.3mA P_bus=329.6mW E_total_accum=134.718mWh
15:48:42.968 > [BENCH] IDLE | t_inference_us=0 | heap=37.3kB/282.0kB (min=239.0kB, biggest=108.0kB) | arena=2.6kB | V_bus=5.132V I_bus=63.2mA P_bus=323.7mW E_total_accum=134.899mWh
15:48:44.972 > [BENCH] IDLE | t_inference_us=0 | heap=37.3kB/282.0kB (min=239.0kB, biggest=108.0kB) | arena=2.6kB | V_bus=5.132V I_bus=61.8mA P_bus=316.8mW E_total_accum=135.076mWh
15:48:46.988 > [BENCH] IDLE | t_inference_us=0 | heap=37.3kB/282.0kB (min=239.0kB, biggest=108.0kB) | arena=2.6kB | V_bus=5.128V I_bus=60.8mA P_bus=311.6mW E_total_accum=135.250mWh
15:48:49.005 > [BENCH] IDLE | t_inference_us=0 | heap=37.3kB/282.0kB (min=239.0kB, biggest=108.0kB) | arena=2.6kB | V_bus=5.132V I_bus=62.5mA P_bus=320.3mW E_total_accum=135.430mWh
15:48:51.023 > [BENCH] IDLE | t_inference_us=0 | heap=37.3kB/282.0kB (min=239.0kB, biggest=108.0kB) | arena=2.6kB | V_bus=5.132V I_bus=61.1mA P_bus=313.3mW E_total_accum=135.605mWh
15:48:53.023 > [BENCH] IDLE | t_inference_us=0 | heap=37.3kB/282.0kB (min=239.0kB, biggest=108.0kB) | arena=2.6kB | V_bus=5.132V I_bus=62.2mA P_bus=318.8mW E_total_accum=135.783mWh
15:48:55.052 > [BENCH] IDLE | t_inference_us=0 | heap=37.3kB/282.0kB (min=239.0kB, biggest=108.0kB) | arena=2.6kB | V_bus=5.132V I_bus=60.8mA P_bus=312.0mW E_total_accum=135.958mWh
15:48:57.054 > [BENCH] IDLE | t_inference_us=0 | heap=37.3kB/282.0kB (min=239.0kB, biggest=108.0kB) | arena=2.6kB | V_bus=5.128V I_bus=61.1mA P_bus=313.2mW E_total_accum=136.133mWh
15:48:59.070 > [BENCH] IDLE | t_inference_us=0 | heap=37.3kB/282.0kB (min=239.0kB, biggest=108.0kB) | arena=2.6kB | V_bus=5.128V I_bus=60.0mA P_bus=308.0mW E_total_accum=136.305mWh
15:49:01.087 > [BENCH] IDLE | t_inference_us=0 | heap=37.3kB/282.0kB (min=239.0kB, biggest=108.0kB) | arena=2.6kB | V_bus=5.132V I_bus=59.7mA P_bus=306.2mW E_total_accum=136.477mWh
15:49:03.105 > [BENCH] IDLE | t_inference_us=0 | heap=37.3kB/282.0kB (min=239.0kB, biggest=108.0kB) | arena=2.6kB | V_bus=5.132V I_bus=58.9mA P_bus=302.3mW E_total_accum=136.646mWh
15:49:05.112 > [BENCH] IDLE | t_inference_us=0 | heap=37.3kB/282.0kB (min=239.0kB, biggest=108.0kB) | arena=2.6kB | V_bus=5.112V I_bus=58.9mA P_bus=302.0mW E_total_accum=136.814mWh
15:49:07.116 > [BENCH] IDLE | t_inference_us=0 | heap=37.3kB/282.0kB (min=239.0kB, biggest=108.0kB) | arena=2.6kB | V_bus=5.132V I_bus=58.4mA P_bus=299.6mW E_total_accum=136.981mWh
15:49:09.136 > [BENCH] IDLE | t_inference_us=0 | heap=37.3kB/282.0kB (min=239.0kB, biggest=108.0kB) | arena=2.6kB | V_bus=5.128V I_bus=60.5mA P_bus=310.4mW E_total_accum=137.155mWh
15:49:11.142 > [BENCH] IDLE | t_inference_us=0 | heap=37.3kB/282.0kB (min=239.0kB, biggest=108.0kB) | arena=2.6kB | V_bus=5.132V I_bus=59.5mA P_bus=305.3mW E_total_accum=137.326mWh
15:49:13.152 > [BENCH] IDLE | t_inference_us=0 | heap=37.3kB/282.0kB (min=239.0kB, biggest=108.0kB) | arena=2.6kB | V_bus=5.132V I_bus=60.2mA P_bus=308.9mW E_total_accum=137.499mWh
15:49:15.166 > [BENCH] IDLE | t_inference_us=0 | heap=37.3kB/282.0kB (min=239.0kB, biggest=108.0kB) | arena=2.6kB | V_bus=5.128V I_bus=59.3mA P_bus=304.3mW E_total_accum=137.669mWh
15:49:17.181 > [BENCH] IDLE | t_inference_us=0 | heap=37.3kB/282.0kB (min=239.0kB, biggest=108.0kB) | arena=2.6kB | V_bus=5.132V I_bus=59.1mA P_bus=303.0mW E_total_accum=137.838mWh
15:49:19.201 > [BENCH] IDLE | t_inference_us=0 | heap=37.3kB/282.0kB (min=239.0kB, biggest=108.0kB) | arena=2.6kB | V_bus=5.132V I_bus=58.5mA P_bus=300.2mW E_total_accum=138.006mWh
15:49:21.216 > [BENCH] IDLE | t_inference_us=0 | heap=37.3kB/282.0kB (min=239.0kB, biggest=108.0kB) | arena=2.6kB | V_bus=5.132V I_bus=57.9mA P_bus=296.8mW E_total_accum=138.172mWh
15:49:23.235 > [BENCH] IDLE | t_inference_us=0 | heap=37.3kB/282.0kB (min=239.0kB, biggest=108.0kB) | arena=2.6kB | V_bus=5.128V I_bus=59.2mA P_bus=303.5mW E_total_accum=138.342mWh
15:49:25.247 > [BENCH] IDLE | t_inference_us=0 | heap=37.3kB/282.0kB (min=239.0kB, biggest=108.0kB) | arena=2.6kB | V_bus=5.128V I_bus=58.5mA P_bus=300.1mW E_total_accum=138.510mWh
15:49:27.248 > [BENCH] IDLE | t_inference_us=0 | heap=37.3kB/282.0kB (min=239.0kB, biggest=108.0kB) | arena=2.6kB | V_bus=5.132V I_bus=58.3mA P_bus=299.0mW E_total_accum=138.677mWh
15:49:29.263 > [BENCH] IDLE | t_inference_us=0 | heap=37.3kB/282.0kB (min=239.0kB, biggest=108.0kB) | arena=2.6kB | V_bus=5.128V I_bus=60.4mA P_bus=309.8mW E_total_accum=138.851mWh
15:49:31.281 > [BENCH] IDLE | t_inference_us=0 | heap=37.3kB/282.0kB (min=239.0kB, biggest=108.0kB) | arena=2.6kB | V_bus=5.132V I_bus=59.4mA P_bus=304.8mW E_total_accum=139.021mWh
15:49:33.297 > [BENCH] IDLE | t_inference_us=0 | heap=37.3kB/282.0kB (min=239.0kB, biggest=108.0kB) | arena=2.6kB | V_bus=5.132V I_bus=59.8mA P_bus=306.8mW E_total_accum=139.193mWh
15:49:35.312 > [BENCH] IDLE | t_inference_us=0 | heap=37.3kB/282.0kB (min=239.0kB, biggest=108.0kB) | arena=2.6kB | V_bus=5.128V I_bus=59.0mA P_bus=302.5mW E_total_accum=139.362mWh
15:49:37.329 > [BENCH] IDLE | t_inference_us=0 | heap=37.3kB/282.0kB (min=239.0kB, biggest=108.0kB) | arena=2.6kB | V_bus=5.132V I_bus=58.3mA P_bus=299.2mW E_total_accum=139.529mWh
15:49:38.931 > 
15:49:38.931 > [EVENT] type=HOUR  Tin=26.40 Hin=59.80 Tout=33.60 Hout=54.50
15:49:38.941 > [infer] REAL - Invoke executed (model ran)
15:49:38.947 > 
15:49:38.947 > [PWR] infer | E_inference_window(ΔE_total)=0.565µWh (E0=139.666382mWh E1=139.666946mWh) | E_inference_pipeline(ΔE_total)=0.809µWh (E0=139.666229mWh E1=139.667038mWh) | t_inference=5.715ms | t_inference_pipeline=8.912ms | E_total_accum=139.667mWh
15:49:38.967 > [BENCH] INFER_HOURLY | t_inference_us=5715 | heap=37.3kB/282.0kB (min=239.0kB, biggest=108.0kB) | arena=2.6kB | V_bus=5.120V I_bus=63.9mA P_bus=327.4mW E_total_accum=139.667mWh
15:49:38.983 > [HOUR] Tin=26.40 Hin=59.80 | Tp=27.43 Hp=58.51
15:49:38.990 > [HOUR] SAMPLES | N_ALL=3 N_T=3 N_H=3
15:49:38.991 > [HOUR] METRICS | MAE=nan RMSE=nan R2=NA | MAE_T=nan RMSE_T=nan R2_T=NA | MAE_H=nan RMSE_H=nan R2_H=NA
15:49:39.398 > [SENSORS] Health IN ok=761 err=0 reinit=0 pwr=0 | OUT ok=761 err=0 reinit=0 pwr=0
15:49:40.962 > [BENCH] IDLE | t_inference_us=0 | heap=37.3kB/282.0kB (min=239.0kB, biggest=108.0kB) | arena=2.6kB | V_bus=5.132V I_bus=63.0mA P_bus=322.8mW E_total_accum=139.848mWh
15:49:42.962 > [BENCH] IDLE | t_inference_us=0 | heap=37.3kB/282.0kB (min=239.0kB, biggest=108.0kB) | arena=2.6kB | V_bus=5.128V I_bus=61.5mA P_bus=315.4mW E_total_accum=140.024mWh
15:49:44.979 > [BENCH] IDLE | t_inference_us=0 | heap=37.3kB/282.0kB (min=239.0kB, biggest=108.0kB) | arena=2.6kB | V_bus=5.132V I_bus=60.2mA P_bus=308.7mW E_total_accum=140.197mWh
15:49:47.003 > [BENCH] IDLE | t_inference_us=0 | heap=37.3kB/282.0kB (min=239.0kB, biggest=108.0kB) | arena=2.6kB | V_bus=5.132V I_bus=60.8mA P_bus=312.0mW E_total_accum=140.372mWh
15:49:49.009 > [BENCH] IDLE | t_inference_us=0 | heap=37.3kB/282.0kB (min=239.0kB, biggest=108.0kB) | arena=2.6kB | V_bus=5.128V I_bus=59.9mA P_bus=307.3mW E_total_accum=140.544mWh
15:49:51.027 > [BENCH] IDLE | t_inference_us=0 | heap=37.3kB/282.0kB (min=239.0kB, biggest=108.0kB) | arena=2.6kB | V_bus=5.128V I_bus=59.2mA P_bus=303.4mW E_total_accum=140.713mWh
15:49:53.043 > [BENCH] IDLE | t_inference_us=0 | heap=37.3kB/282.0kB (min=239.0kB, biggest=108.0kB) | arena=2.6kB | V_bus=5.132V I_bus=60.5mA P_bus=310.4mW E_total_accum=140.887mWh
15:49:55.044 > [BENCH] IDLE | t_inference_us=0 | heap=37.3kB/282.0kB (min=239.0kB, biggest=108.0kB) | arena=2.6kB | V_bus=5.128V I_bus=59.6mA P_bus=305.5mW E_total_accum=141.058mWh
15:49:57.073 > [BENCH] IDLE | t_inference_us=0 | heap=37.3kB/282.0kB (min=239.0kB, biggest=108.0kB) | arena=2.6kB | V_bus=5.132V I_bus=59.0mA P_bus=302.5mW E_total_accum=141.227mWh
15:49:59.074 > [BENCH] IDLE | t_inference_us=0 | heap=37.3kB/282.0kB (min=239.0kB, biggest=108.0kB) | arena=2.6kB | V_bus=5.128V I_bus=60.4mA P_bus=309.8mW E_total_accum=141.400mWh
15:50:01.097 > [BENCH] IDLE | t_inference_us=0 | heap=37.3kB/282.0kB (min=239.0kB, biggest=108.0kB) | arena=2.6kB | V_bus=5.128V I_bus=59.5mA P_bus=305.1mW E_total_accum=141.571mWh
15:50:03.110 > [BENCH] IDLE | t_inference_us=0 | heap=37.3kB/282.0kB (min=239.0kB, biggest=108.0kB) | arena=2.6kB | V_bus=5.132V I_bus=59.0mA P_bus=302.6mW E_total_accum=141.740mWh
15:50:05.125 > [BENCH] IDLE | t_inference_us=0 | heap=37.3kB/282.0kB (min=239.0kB, biggest=108.0kB) | arena=2.6kB | V_bus=5.132V I_bus=60.3mA P_bus=309.5mW E_total_accum=141.913mWh
15:50:07.140 > [BENCH] IDLE | t_inference_us=0 | heap=37.3kB/282.0kB (min=239.0kB, biggest=108.0kB) | arena=2.6kB | V_bus=5.128V I_bus=59.4mA P_bus=304.8mW E_total_accum=142.084mWh
15:50:09.155 > [BENCH] IDLE | t_inference_us=0 | heap=37.3kB/282.0kB (min=239.0kB, biggest=108.0kB) | arena=2.6kB | V_bus=5.116V I_bus=62.1mA P_bus=318.5mW E_total_accum=142.262mWh
15:50:11.156 > [BENCH] IDLE | t_inference_us=0 | heap=37.3kB/282.0kB (min=239.0kB, biggest=108.0kB) | arena=2.6kB | V_bus=5.132V I_bus=60.8mA P_bus=311.6mW E_total_accum=142.435mWh
15:50:13.156 > [BENCH] IDLE | t_inference_us=0 | heap=37.3kB/282.0kB (min=239.0kB, biggest=108.0kB) | arena=2.6kB | V_bus=5.132V I_bus=60.8mA P_bus=312.0mW E_total_accum=142.610mWh
15:50:15.174 > [BENCH] IDLE | t_inference_us=0 | heap=37.3kB/282.0kB (min=239.0kB, biggest=108.0kB) | arena=2.6kB | V_bus=5.132V I_bus=59.8mA P_bus=306.7mW E_total_accum=142.782mWh
15:50:17.187 > [BENCH] IDLE | t_inference_us=0 | heap=37.3kB/282.0kB (min=239.0kB, biggest=108.0kB) | arena=2.6kB | V_bus=5.128V I_bus=58.9mA P_bus=302.0mW E_total_accum=142.951mWh
15:50:19.206 > [BENCH] IDLE | t_inference_us=0 | heap=37.3kB/282.0kB (min=239.0kB, biggest=108.0kB) | arena=2.6kB | V_bus=5.132V I_bus=58.9mA P_bus=302.2mW E_total_accum=143.120mWh
15:50:21.222 > [BENCH] IDLE | t_inference_us=0 | heap=37.3kB/282.0kB (min=239.0kB, biggest=108.0kB) | arena=2.6kB | V_bus=5.132V I_bus=60.9mA P_bus=312.3mW E_total_accum=143.294mWh
15:50:23.239 > [BENCH] IDLE | t_inference_us=0 | heap=37.3kB/282.0kB (min=239.0kB, biggest=108.0kB) | arena=2.6kB | V_bus=5.132V I_bus=59.8mA P_bus=306.9mW E_total_accum=143.466mWh
15:50:25.255 > [BENCH] IDLE | t_inference_us=0 | heap=37.3kB/282.0kB (min=239.0kB, biggest=108.0kB) | arena=2.6kB | V_bus=5.132V I_bus=59.3mA P_bus=304.1mW E_total_accum=143.636mWh
15:50:27.267 > [BENCH] IDLE | t_inference_us=0 | heap=37.3kB/282.0kB (min=239.0kB, biggest=108.0kB) | arena=2.6kB | V_bus=5.132V I_bus=60.5mA P_bus=310.4mW E_total_accum=143.810mWh
15:50:29.283 > [BENCH] IDLE | t_inference_us=0 | heap=37.3kB/282.0kB (min=239.0kB, biggest=108.0kB) | arena=2.6kB | V_bus=5.128V I_bus=59.5mA P_bus=305.2mW E_total_accum=143.980mWh
15:50:31.286 > [BENCH] IDLE | t_inference_us=0 | heap=37.3kB/282.0kB (min=239.0kB, biggest=108.0kB) | arena=2.6kB | V_bus=5.132V I_bus=58.6mA P_bus=300.5mW E_total_accum=144.149mWh
15:50:33.302 > [BENCH] IDLE | t_inference_us=0 | heap=37.3kB/282.0kB (min=239.0kB, biggest=108.0kB) | arena=2.6kB | V_bus=5.132V I_bus=58.8mA P_bus=301.8mW E_total_accum=144.317mWh
15:50:35.324 > [BENCH] IDLE | t_inference_us=0 | heap=37.3kB/282.0kB (min=239.0kB, biggest=108.0kB) | arena=2.6kB | V_bus=5.132V I_bus=60.9mA P_bus=312.5mW E_total_accum=144.492mWh
15:50:37.330 > [BENCH] IDLE | t_inference_us=0 | heap=37.3kB/282.0kB (min=239.0kB, biggest=108.0kB) | arena=2.6kB | V_bus=5.132V I_bus=59.8mA P_bus=307.0mW E_total_accum=144.664mWh
15:50:38.936 > 
15:50:38.936 > [EVENT] type=HOUR  Tin=25.70 Hin=60.70 Tout=33.50 Hout=55.10
15:50:38.947 > [infer] REAL - Invoke executed (model ran)
15:50:38.950 > 
15:50:38.950 > [PWR] infer | E_inference_window(ΔE_total)=0.565µWh (E0=144.799561mWh E1=144.800125mWh) | E_inference_pipeline(ΔE_total)=0.793µWh (E0=144.799423mWh E1=144.800217mWh) | t_inference=5.736ms | t_inference_pipeline=8.889ms | E_total_accum=144.800mWh
15:50:38.973 > [BENCH] INFER_HOURLY | t_inference_us=5736 | heap=37.3kB/282.0kB (min=239.0kB, biggest=108.0kB) | arena=2.6kB | V_bus=5.120V I_bus=64.4mA P_bus=329.8mW E_total_accum=144.800mWh
15:50:38.989 > [HOUR] Tin=25.70 Hin=60.70 | Tp=26.43 Hp=59.81
15:50:38.998 > [HOUR] SAMPLES | N_ALL=4 N_T=4 N_H=4
15:50:38.998 > [HOUR] METRICS | MAE=nan RMSE=nan R2=NA | MAE_T=nan RMSE_T=nan R2_T=NA | MAE_H=nan RMSE_H=nan R2_H=NA
15:50:39.406 > [SENSORS] Health IN ok=789 err=0 reinit=0 pwr=0 | OUT ok=789 err=0 reinit=0 pwr=0
15:50:40.966 > [BENCH] IDLE | t_inference_us=0 | heap=37.3kB/282.0kB (min=239.0kB, biggest=108.0kB) | arena=2.6kB | V_bus=5.132V I_bus=62.5mA P_bus=320.4mW E_total_accum=144.980mWh
15:50:42.967 > [BENCH] IDLE | t_inference_us=0 | heap=37.3kB/282.0kB (min=239.0kB, biggest=108.0kB) | arena=2.6kB | V_bus=5.132V I_bus=61.5mA P_bus=315.2mW E_total_accum=145.156mWh
15:50:44.984 > [BENCH] IDLE | t_inference_us=0 | heap=37.3kB/282.0kB (min=239.0kB, biggest=108.0kB) | arena=2.6kB | V_bus=5.132V I_bus=62.2mA P_bus=319.0mW E_total_accum=145.335mWh
15:50:47.000 > [BENCH] IDLE | t_inference_us=0 | heap=37.3kB/282.0kB (min=239.0kB, biggest=108.0kB) | arena=2.6kB | V_bus=5.132V I_bus=60.8mA P_bus=312.1mW E_total_accum=145.509mWh
15:50:49.024 > [BENCH] IDLE | t_inference_us=0 | heap=37.3kB/282.0kB (min=239.0kB, biggest=108.0kB) | arena=2.6kB | V_bus=5.132V I_bus=59.7mA P_bus=306.0mW E_total_accum=145.680mWh
15:50:51.030 > [BENCH] IDLE | t_inference_us=0 | heap=37.3kB/282.0kB (min=239.0kB, biggest=108.0kB) | arena=2.6kB | V_bus=5.132V I_bus=59.2mA P_bus=303.9mW E_total_accum=145.850mWh
15:50:53.047 > [BENCH] IDLE | t_inference_us=0 | heap=37.3kB/282.0kB (min=239.0kB, biggest=108.0kB) | arena=2.6kB | V_bus=5.132V I_bus=60.4mA P_bus=309.7mW E_total_accum=146.024mWh
15:50:55.060 > [BENCH] IDLE | t_inference_us=0 | heap=37.3kB/282.0kB (min=239.0kB, biggest=108.0kB) | arena=2.6kB | V_bus=5.128V I_bus=59.4mA P_bus=304.7mW E_total_accum=146.194mWh
15:50:57.079 > [BENCH] IDLE | t_inference_us=0 | heap=37.3kB/282.0kB (min=239.0kB, biggest=108.0kB) | arena=2.6kB | V_bus=5.132V I_bus=58.6mA P_bus=300.4mW E_total_accum=146.362mWh
15:50:59.093 > [BENCH] IDLE | t_inference_us=0 | heap=37.3kB/282.0kB (min=239.0kB, biggest=108.0kB) | arena=2.6kB | V_bus=5.132V I_bus=58.2mA P_bus=298.8mW E_total_accum=146.529mWh
15:51:01.094 > [BENCH] IDLE | t_inference_us=0 | heap=37.3kB/282.0kB (min=239.0kB, biggest=108.0kB) | arena=2.6kB | V_bus=5.132V I_bus=59.2mA P_bus=303.7mW E_total_accum=146.699mWh
15:51:03.113 > [BENCH] IDLE | t_inference_us=0 | heap=37.3kB/282.0kB (min=239.0kB, biggest=108.0kB) | arena=2.6kB | V_bus=5.132V I_bus=58.4mA P_bus=299.9mW E_total_accum=146.867mWh
15:51:05.129 > [BENCH] IDLE | t_inference_us=0 | heap=37.3kB/282.0kB (min=239.0kB, biggest=108.0kB) | arena=2.6kB | V_bus=5.132V I_bus=57.8mA P_bus=296.7mW E_total_accum=147.033mWh
15:51:07.146 > [BENCH] IDLE | t_inference_us=0 | heap=37.3kB/282.0kB (min=239.0kB, biggest=108.0kB) | arena=2.6kB | V_bus=5.128V I_bus=57.3mA P_bus=294.0mW E_total_accum=147.198mWh
15:51:09.163 > [BENCH] IDLE | t_inference_us=0 | heap=37.3kB/282.0kB (min=239.0kB, biggest=108.0kB) | arena=2.6kB | V_bus=5.132V I_bus=57.6mA P_bus=295.8mW E_total_accum=147.363mWh
15:51:11.176 > [BENCH] IDLE | t_inference_us=0 | heap=37.3kB/282.0kB (min=239.0kB, biggest=108.0kB) | arena=2.6kB | V_bus=5.132V I_bus=59.4mA P_bus=304.8mW E_total_accum=147.534mWh
15:51:13.178 > [BENCH] IDLE | t_inference_us=0 | heap=37.3kB/282.0kB (min=239.0kB, biggest=108.0kB) | arena=2.6kB | V_bus=5.132V I_bus=58.6mA P_bus=300.7mW E_total_accum=147.702mWh
15:51:15.177 > [BENCH] IDLE | t_inference_us=0 | heap=37.3kB/282.0kB (min=239.0kB, biggest=108.0kB) | arena=2.6kB | V_bus=5.132V I_bus=60.3mA P_bus=309.4mW E_total_accum=147.874mWh
15:51:17.196 > [BENCH] IDLE | t_inference_us=0 | heap=37.3kB/282.0kB (min=239.0kB, biggest=108.0kB) | arena=2.6kB | V_bus=5.132V I_bus=59.4mA P_bus=304.7mW E_total_accum=148.044mWh
15:51:19.220 > [BENCH] IDLE | t_inference_us=0 | heap=37.3kB/282.0kB (min=239.0kB, biggest=108.0kB) | arena=2.6kB | V_bus=5.128V I_bus=58.5mA P_bus=300.3mW E_total_accum=148.212mWh
15:51:21.226 > [BENCH] IDLE | t_inference_us=0 | heap=37.3kB/282.0kB (min=239.0kB, biggest=108.0kB) | arena=2.6kB | V_bus=5.128V I_bus=58.2mA P_bus=298.5mW E_total_accum=148.379mWh
15:51:23.243 > [BENCH] IDLE | t_inference_us=0 | heap=37.3kB/282.0kB (min=239.0kB, biggest=108.0kB) | arena=2.6kB | V_bus=5.132V I_bus=58.8mA P_bus=301.5mW E_total_accum=148.548mWh
15:51:25.260 > [BENCH] IDLE | t_inference_us=0 | heap=37.3kB/282.0kB (min=239.0kB, biggest=108.0kB) | arena=2.6kB | V_bus=5.128V I_bus=60.7mA P_bus=311.3mW E_total_accum=148.722mWh
15:51:27.276 > [BENCH] IDLE | t_inference_us=0 | heap=37.3kB/282.0kB (min=239.0kB, biggest=108.0kB) | arena=2.6kB | V_bus=5.132V I_bus=59.7mA P_bus=306.1mW E_total_accum=148.893mWh
15:51:29.289 > [BENCH] IDLE | t_inference_us=0 | heap=37.3kB/282.0kB (min=239.0kB, biggest=108.0kB) | arena=2.6kB | V_bus=5.128V I_bus=58.7mA P_bus=301.2mW E_total_accum=149.062mWh
15:51:31.290 > [BENCH] IDLE | t_inference_us=0 | heap=37.3kB/282.0kB (min=239.0kB, biggest=108.0kB) | arena=2.6kB | V_bus=5.132V I_bus=58.1mA P_bus=298.1mW E_total_accum=149.229mWh
15:51:33.306 > [BENCH] IDLE | t_inference_us=0 | heap=37.3kB/282.0kB (min=239.0kB, biggest=108.0kB) | arena=2.6kB | V_bus=5.132V I_bus=58.3mA P_bus=299.3mW E_total_accum=149.396mWh
15:51:35.323 > [BENCH] IDLE | t_inference_us=0 | heap=37.3kB/282.0kB (min=239.0kB, biggest=108.0kB) | arena=2.6kB | V_bus=5.132V I_bus=59.8mA P_bus=307.0mW E_total_accum=149.568mWh
15:51:37.340 > [BENCH] IDLE | t_inference_us=0 | heap=37.3kB/282.0kB (min=239.0kB, biggest=108.0kB) | arena=2.6kB | V_bus=5.132V I_bus=59.0mA P_bus=302.6mW E_total_accum=149.737mWh
15:51:38.918 > 
15:51:38.918 > [EVENT] type=HOUR  Tin=25.40 Hin=60.73 Tout=33.70 Hout=55.40
15:51:38.927 > [infer] REAL - Invoke executed (model ran)
15:51:38.931 > 
15:51:38.932 > [PWR] infer | E_inference_window(ΔE_total)=0.580µWh (E0=149.873627mWh E1=149.874207mWh) | E_inference_pipeline(ΔE_total)=0.824µWh (E0=149.873474mWh E1=149.874298mWh) | t_inference=5.712ms | t_inference_pipeline=8.915ms | E_total_accum=149.874mWh
15:51:38.953 > [BENCH] INFER_HOURLY | t_inference_us=5712 | heap=37.3kB/282.0kB (min=239.0kB, biggest=108.0kB) | arena=2.6kB | V_bus=5.124V I_bus=66.0mA P_bus=338.2mW E_total_accum=149.874mWh
15:51:38.969 > [HOUR] Tin=25.40 Hin=60.73 | Tp=25.74 Hp=60.71
15:51:38.973 > [HOUR] SAMPLES | N_ALL=5 N_T=5 N_H=5
15:51:38.975 > [HOUR] METRICS | MAE=nan RMSE=nan R2=NA | MAE_T=nan RMSE_T=nan R2_T=NA | MAE_H=nan RMSE_H=nan R2_H=NA
15:51:39.412 > [SENSORS] Health IN ok=817 err=0 reinit=0 pwr=0 | OUT ok=817 err=0 reinit=0 pwr=0
15:51:40.946 > [BENCH] IDLE | t_inference_us=0 | heap=37.3kB/282.0kB (min=239.0kB, biggest=108.0kB) | arena=2.6kB | V_bus=5.132V I_bus=66.0mA P_bus=338.6mW E_total_accum=150.064mWh
15:51:42.954 > [BENCH] IDLE | t_inference_us=0 | heap=37.3kB/282.0kB (min=239.0kB, biggest=108.0kB) | arena=2.6kB | V_bus=5.116V I_bus=66.3mA P_bus=340.0mW E_total_accum=150.254mWh
15:51:44.948 > [BENCH] IDLE | t_inference_us=0 | heap=37.3kB/282.0kB (min=239.0kB, biggest=108.0kB) | arena=2.6kB | V_bus=5.132V I_bus=66.2mA P_bus=339.5mW E_total_accum=150.443mWh
15:51:46.972 > [BENCH] IDLE | t_inference_us=0 | heap=37.3kB/282.0kB (min=239.0kB, biggest=108.0kB) | arena=2.6kB | V_bus=5.128V I_bus=64.1mA P_bus=328.6mW E_total_accum=150.627mWh
15:51:48.988 > [BENCH] IDLE | t_inference_us=0 | heap=37.3kB/282.0kB (min=239.0kB, biggest=108.0kB) | arena=2.6kB | V_bus=5.128V I_bus=62.3mA P_bus=319.6mW E_total_accum=150.806mWh
15:51:51.004 > [BENCH] IDLE | t_inference_us=0 | heap=37.3kB/282.0kB (min=239.0kB, biggest=108.0kB) | arena=2.6kB | V_bus=5.132V I_bus=60.8mA P_bus=311.8mW E_total_accum=150.980mWh
15:51:53.012 > [BENCH] IDLE | t_inference_us=0 | heap=37.3kB/282.0kB (min=239.0kB, biggest=108.0kB) | arena=2.6kB | V_bus=5.132V I_bus=59.9mA P_bus=307.4mW E_total_accum=151.152mWh
15:51:55.019 > [BENCH] IDLE | t_inference_us=0 | heap=37.3kB/282.0kB (min=239.0kB, biggest=108.0kB) | arena=2.6kB | V_bus=5.136V I_bus=59.7mA P_bus=306.2mW E_total_accum=151.323mWh
15:51:57.041 > [BENCH] IDLE | t_inference_us=0 | heap=37.3kB/282.0kB (min=239.0kB, biggest=108.0kB) | arena=2.6kB | V_bus=5.132V I_bus=60.6mA P_bus=311.2mW E_total_accum=151.497mWh
15:51:59.057 > [BENCH] IDLE | t_inference_us=0 | heap=37.3kB/282.0kB (min=239.0kB, biggest=108.0kB) | arena=2.6kB | V_bus=5.132V I_bus=62.2mA P_bus=319.3mW E_total_accum=151.676mWh
15:52:01.069 > [BENCH] IDLE | t_inference_us=0 | heap=37.3kB/282.0kB (min=239.0kB, biggest=108.0kB) | arena=2.6kB | V_bus=5.132V I_bus=60.8mA P_bus=312.1mW E_total_accum=151.851mWh
15:52:03.088 > [BENCH] IDLE | t_inference_us=0 | heap=37.3kB/282.0kB (min=239.0kB, biggest=108.0kB) | arena=2.6kB | V_bus=5.136V I_bus=59.8mA P_bus=306.7mW E_total_accum=152.022mWh
15:52:05.089 > [BENCH] IDLE | t_inference_us=0 | heap=37.3kB/282.0kB (min=239.0kB, biggest=108.0kB) | arena=2.6kB | V_bus=5.128V I_bus=58.8mA P_bus=301.9mW E_total_accum=152.191mWh
15:52:07.115 > [BENCH] IDLE | t_inference_us=0 | heap=37.3kB/282.0kB (min=239.0kB, biggest=108.0kB) | arena=2.6kB | V_bus=5.128V I_bus=58.3mA P_bus=298.9mW E_total_accum=152.358mWh
15:52:09.130 > [BENCH] IDLE | t_inference_us=0 | heap=37.3kB/282.0kB (min=239.0kB, biggest=108.0kB) | arena=2.6kB | V_bus=5.132V I_bus=58.2mA P_bus=298.8mW E_total_accum=152.526mWh
15:52:11.139 > [BENCH] IDLE | t_inference_us=0 | heap=37.3kB/282.0kB (min=239.0kB, biggest=108.0kB) | arena=2.6kB | V_bus=5.132V I_bus=58.9mA P_bus=302.3mW E_total_accum=152.695mWh
15:52:13.144 > [BENCH] IDLE | t_inference_us=0 | heap=37.3kB/282.0kB (min=239.0kB, biggest=108.0kB) | arena=2.6kB | V_bus=5.132V I_bus=60.3mA P_bus=309.4mW E_total_accum=152.868mWh
15:52:15.165 > [BENCH] IDLE | t_inference_us=0 | heap=37.3kB/282.0kB (min=239.0kB, biggest=108.0kB) | arena=2.6kB | V_bus=5.132V I_bus=62.1mA P_bus=318.9mW E_total_accum=153.046mWh
15:52:17.176 > [BENCH] IDLE | t_inference_us=0 | heap=37.3kB/282.0kB (min=239.0kB, biggest=108.0kB) | arena=2.6kB | V_bus=5.132V I_bus=60.9mA P_bus=312.5mW E_total_accum=153.221mWh
15:52:19.173 > [BENCH] IDLE | t_inference_us=0 | heap=37.3kB/282.0kB (min=239.0kB, biggest=108.0kB) | arena=2.6kB | V_bus=5.132V I_bus=61.7mA P_bus=316.5mW E_total_accum=153.397mWh
15:52:21.200 > [BENCH] IDLE | t_inference_us=0 | heap=37.3kB/282.0kB (min=239.0kB, biggest=108.0kB) | arena=2.6kB | V_bus=5.132V I_bus=62.9mA P_bus=322.9mW E_total_accum=153.578mWh
15:52:23.215 > [BENCH] IDLE | t_inference_us=0 | heap=37.3kB/282.0kB (min=239.0kB, biggest=108.0kB) | arena=2.6kB | V_bus=5.132V I_bus=61.4mA P_bus=315.0mW E_total_accum=153.754mWh
15:52:25.224 > [BENCH] IDLE | t_inference_us=0 | heap=37.3kB/282.0kB (min=239.0kB, biggest=108.0kB) | arena=2.6kB | V_bus=5.132V I_bus=60.2mA P_bus=309.0mW E_total_accum=153.927mWh
15:52:27.229 > [BENCH] IDLE | t_inference_us=0 | heap=37.3kB/282.0kB (min=239.0kB, biggest=108.0kB) | arena=2.6kB | V_bus=5.128V I_bus=59.3mA P_bus=304.2mW E_total_accum=154.097mWh
15:52:29.248 > [BENCH] IDLE | t_inference_us=0 | heap=37.3kB/282.0kB (min=239.0kB, biggest=108.0kB) | arena=2.6kB | V_bus=5.132V I_bus=58.5mA P_bus=300.0mW E_total_accum=154.265mWh
15:52:31.270 > [BENCH] IDLE | t_inference_us=0 | heap=37.3kB/282.0kB (min=239.0kB, biggest=108.0kB) | arena=2.6kB | V_bus=5.132V I_bus=57.7mA P_bus=296.2mW E_total_accum=154.431mWh
15:52:33.272 > [BENCH] IDLE | t_inference_us=0 | heap=37.3kB/282.0kB (min=239.0kB, biggest=108.0kB) | arena=2.6kB | V_bus=5.136V I_bus=57.5mA P_bus=295.2mW E_total_accum=154.596mWh
15:52:35.298 > [BENCH] IDLE | t_inference_us=0 | heap=37.3kB/282.0kB (min=239.0kB, biggest=108.0kB) | arena=2.6kB | V_bus=5.132V I_bus=57.7mA P_bus=296.2mW E_total_accum=154.761mWh
15:52:37.299 > [BENCH] IDLE | t_inference_us=0 | heap=37.3kB/282.0kB (min=239.0kB, biggest=108.0kB) | arena=2.6kB | V_bus=5.128V I_bus=58.6mA P_bus=300.5mW E_total_accum=154.929mWh
15:52:38.914 > 
15:52:38.914 > [EVENT] type=HOUR  Tin=25.10 Hin=60.60 Tout=33.50 Hout=56.10
15:52:38.932 > [infer] REAL - Invoke executed (model ran)
15:52:38.938 > 
15:52:38.938 > [PWR] infer | E_inference_window(ΔE_total)=0.580µWh (E0=155.068665mWh E1=155.069244mWh) | E_inference_pipeline(ΔE_total)=0.809µWh (E0=155.068527mWh E1=155.069336mWh) | t_inference=5.730ms | t_inference_pipeline=8.921ms | E_total_accum=155.069mWh
15:52:38.960 > [BENCH] INFER_HOURLY | t_inference_us=5730 | heap=37.3kB/282.0kB (min=239.0kB, biggest=108.0kB) | arena=2.6kB | V_bus=5.120V I_bus=65.7mA P_bus=336.9mW E_total_accum=155.069mWh
15:52:38.977 > [HOUR] Tin=25.10 Hin=60.60 | Tp=25.43 Hp=60.75
15:52:38.979 > [HOUR] SAMPLES | N_ALL=6 N_T=6 N_H=6
15:52:38.981 > [HOUR] METRICS | MAE=nan RMSE=nan R2=NA | MAE_T=nan RMSE_T=nan R2_T=NA | MAE_H=nan RMSE_H=nan R2_H=NA
15:52:39.418 > [SENSORS] Health IN ok=845 err=0 reinit=0 pwr=0 | OUT ok=845 err=0 reinit=0 pwr=0
15:52:40.949 > [BENCH] IDLE | t_inference_us=0 | heap=37.3kB/282.0kB (min=239.0kB, biggest=108.0kB) | arena=2.6kB | V_bus=5.132V I_bus=65.2mA P_bus=334.4mW E_total_accum=155.257mWh
15:52:42.965 > [BENCH] IDLE | t_inference_us=0 | heap=37.3kB/282.0kB (min=239.0kB, biggest=108.0kB) | arena=2.6kB | V_bus=5.132V I_bus=65.8mA P_bus=337.2mW E_total_accum=155.445mWh
15:52:44.979 > [BENCH] IDLE | t_inference_us=0 | heap=37.3kB/282.0kB (min=239.0kB, biggest=108.0kB) | arena=2.6kB | V_bus=5.132V I_bus=63.7mA P_bus=326.5mW E_total_accum=155.628mWh
15:52:46.986 > [BENCH] IDLE | t_inference_us=0 | heap=37.3kB/282.0kB (min=239.0kB, biggest=108.0kB) | arena=2.6kB | V_bus=5.112V I_bus=64.7mA P_bus=331.4mW E_total_accum=155.813mWh
15:52:48.989 > [BENCH] IDLE | t_inference_us=0 | heap=37.3kB/282.0kB (min=239.0kB, biggest=108.0kB) | arena=2.6kB | V_bus=5.132V I_bus=64.3mA P_bus=329.8mW E_total_accum=155.997mWh
15:52:51.003 > [BENCH] IDLE | t_inference_us=0 | heap=37.3kB/282.0kB (min=239.0kB, biggest=108.0kB) | arena=2.6kB | V_bus=5.132V I_bus=64.6mA P_bus=331.1mW E_total_accum=156.182mWh
15:52:53.023 > [BENCH] IDLE | t_inference_us=0 | heap=37.3kB/282.0kB (min=239.0kB, biggest=108.0kB) | arena=2.6kB | V_bus=5.132V I_bus=65.2mA P_bus=334.5mW E_total_accum=156.369mWh
15:52:55.030 > [BENCH] IDLE | t_inference_us=0 | heap=37.3kB/282.0kB (min=239.0kB, biggest=108.0kB) | arena=2.6kB | V_bus=5.132V I_bus=63.3mA P_bus=324.4mW E_total_accum=156.551mWh
15:52:57.040 > [BENCH] IDLE | t_inference_us=0 | heap=37.3kB/282.0kB (min=239.0kB, biggest=108.0kB) | arena=2.6kB | V_bus=5.132V I_bus=61.7mA P_bus=316.5mW E_total_accum=156.728mWh
15:52:59.063 > [BENCH] IDLE | t_inference_us=0 | heap=37.3kB/282.0kB (min=239.0kB, biggest=108.0kB) | arena=2.6kB | V_bus=5.128V I_bus=60.5mA P_bus=310.1mW E_total_accum=156.901mWh
15:53:01.075 > [BENCH] IDLE | t_inference_us=0 | heap=37.3kB/282.0kB (min=239.0kB, biggest=108.0kB) | arena=2.6kB | V_bus=5.128V I_bus=59.5mA P_bus=305.2mW E_total_accum=157.072mWh
15:53:03.093 > [BENCH] IDLE | t_inference_us=0 | heap=37.3kB/282.0kB (min=239.0kB, biggest=108.0kB) | arena=2.6kB | V_bus=5.128V I_bus=58.7mA P_bus=300.9mW E_total_accum=157.240mWh
15:53:05.104 > [BENCH] IDLE | t_inference_us=0 | heap=37.3kB/282.0kB (min=239.0kB, biggest=108.0kB) | arena=2.6kB | V_bus=5.132V I_bus=58.0mA P_bus=297.3mW E_total_accum=157.407mWh
15:53:07.121 > [BENCH] IDLE | t_inference_us=0 | heap=37.3kB/282.0kB (min=239.0kB, biggest=108.0kB) | arena=2.6kB | V_bus=5.132V I_bus=57.3mA P_bus=294.0mW E_total_accum=157.571mWh
15:53:09.120 > [BENCH] IDLE | t_inference_us=0 | heap=37.3kB/282.0kB (min=239.0kB, biggest=108.0kB) | arena=2.6kB | V_bus=5.128V I_bus=56.8mA P_bus=291.6mW E_total_accum=157.734mWh
15:53:11.149 > [BENCH] IDLE | t_inference_us=0 | heap=37.3kB/282.0kB (min=239.0kB, biggest=108.0kB) | arena=2.6kB | V_bus=5.132V I_bus=56.6mA P_bus=290.4mW E_total_accum=157.897mWh
15:53:13.154 > [BENCH] IDLE | t_inference_us=0 | heap=37.3kB/282.0kB (min=239.0kB, biggest=108.0kB) | arena=2.6kB | V_bus=5.128V I_bus=56.7mA P_bus=290.6mW E_total_accum=158.059mWh
15:53:15.170 > [BENCH] IDLE | t_inference_us=0 | heap=37.3kB/282.0kB (min=239.0kB, biggest=108.0kB) | arena=2.6kB | V_bus=5.132V I_bus=56.8mA P_bus=291.6mW E_total_accum=158.222mWh
15:53:17.186 > [BENCH] IDLE | t_inference_us=0 | heap=37.3kB/282.0kB (min=239.0kB, biggest=108.0kB) | arena=2.6kB | V_bus=5.132V I_bus=57.1mA P_bus=293.1mW E_total_accum=158.386mWh
15:53:19.203 > [BENCH] IDLE | t_inference_us=0 | heap=37.3kB/282.0kB (min=239.0kB, biggest=108.0kB) | arena=2.6kB | V_bus=5.132V I_bus=57.5mA P_bus=294.8mW E_total_accum=158.551mWh
15:53:21.218 > [BENCH] IDLE | t_inference_us=0 | heap=37.3kB/282.0kB (min=239.0kB, biggest=108.0kB) | arena=2.6kB | V_bus=5.132V I_bus=58.1mA P_bus=298.1mW E_total_accum=158.718mWh
15:53:23.212 > [BENCH] IDLE | t_inference_us=0 | heap=37.3kB/282.0kB (min=239.0kB, biggest=108.0kB) | arena=2.6kB | V_bus=5.116V I_bus=60.4mA P_bus=309.9mW E_total_accum=158.891mWh
15:53:25.227 > [BENCH] IDLE | t_inference_us=0 | heap=37.3kB/282.0kB (min=239.0kB, biggest=108.0kB) | arena=2.6kB | V_bus=5.132V I_bus=59.3mA P_bus=304.3mW E_total_accum=159.061mWh
15:53:27.249 > [BENCH] IDLE | t_inference_us=0 | heap=37.3kB/282.0kB (min=239.0kB, biggest=108.0kB) | arena=2.6kB | V_bus=5.132V I_bus=58.5mA P_bus=299.9mW E_total_accum=159.228mWh
15:53:29.256 > [BENCH] IDLE | t_inference_us=0 | heap=37.3kB/282.0kB (min=239.0kB, biggest=108.0kB) | arena=2.6kB | V_bus=5.136V I_bus=57.8mA P_bus=296.7mW E_total_accum=159.394mWh
15:53:31.271 > [BENCH] IDLE | t_inference_us=0 | heap=37.3kB/282.0kB (min=239.0kB, biggest=108.0kB) | arena=2.6kB | V_bus=5.128V I_bus=57.5mA P_bus=294.8mW E_total_accum=159.559mWh
15:53:33.277 > [BENCH] IDLE | t_inference_us=0 | heap=37.3kB/282.0kB (min=239.0kB, biggest=108.0kB) | arena=2.6kB | V_bus=5.132V I_bus=57.3mA P_bus=294.0mW E_total_accum=159.724mWh
15:53:35.290 > [BENCH] IDLE | t_inference_us=0 | heap=37.3kB/282.0kB (min=239.0kB, biggest=108.0kB) | arena=2.6kB | V_bus=5.132V I_bus=57.3mA P_bus=294.0mW E_total_accum=159.888mWh
15:53:37.318 > [BENCH] IDLE | t_inference_us=0 | heap=37.3kB/282.0kB (min=239.0kB, biggest=108.0kB) | arena=2.6kB | V_bus=5.136V I_bus=57.5mA P_bus=295.0mW E_total_accum=160.053mWh
15:53:38.925 > 
15:53:38.925 > [EVENT] type=HOUR  Tin=24.90 Hin=59.90 Tout=33.60 Hout=55.90
15:53:38.939 > [infer] REAL - Invoke executed (model ran)
15:53:38.944 > 
15:53:38.944 > [PWR] infer | E_inference_window(ΔE_total)=0.549µWh (E0=160.189316mWh E1=160.189865mWh) | E_inference_pipeline(ΔE_total)=0.778µWh (E0=160.189178mWh E1=160.189957mWh) | t_inference=5.709ms | t_inference_pipeline=8.907ms | E_total_accum=160.190mWh
15:53:38.966 > [BENCH] INFER_HOURLY | t_inference_us=5709 | heap=37.3kB/282.0kB (min=239.0kB, biggest=108.0kB) | arena=2.6kB | V_bus=5.120V I_bus=63.5mA P_bus=325.5mW E_total_accum=160.190mWh
15:53:38.983 > [HOUR] Tin=24.90 Hin=59.90 | Tp=25.14 Hp=60.62
15:53:38.984 > [HOUR] SAMPLES | N_ALL=7 N_T=7 N_H=7
15:53:38.987 > [HOUR] METRICS | MAE=nan RMSE=nan R2=NA | MAE_T=nan RMSE_T=nan R2_T=NA | MAE_H=nan RMSE_H=nan R2_H=NA
15:53:39.424 > [SENSORS] Health IN ok=873 err=0 reinit=0 pwr=0 | OUT ok=873 err=0 reinit=0 pwr=0
15:53:40.958 > [BENCH] IDLE | t_inference_us=0 | heap=37.3kB/282.0kB (min=239.0kB, biggest=108.0kB) | arena=2.6kB | V_bus=5.132V I_bus=62.2mA P_bus=318.9mW E_total_accum=160.369mWh
15:53:42.958 > [BENCH] IDLE | t_inference_us=0 | heap=37.3kB/282.0kB (min=239.0kB, biggest=108.0kB) | arena=2.6kB | V_bus=5.136V I_bus=61.2mA P_bus=313.8mW E_total_accum=160.544mWh
15:53:44.986 > [BENCH] IDLE | t_inference_us=0 | heap=37.3kB/282.0kB (min=239.0kB, biggest=108.0kB) | arena=2.6kB | V_bus=5.128V I_bus=60.4mA P_bus=309.8mW E_total_accum=160.717mWh
15:53:47.000 > [BENCH] IDLE | t_inference_us=0 | heap=37.3kB/282.0kB (min=239.0kB, biggest=108.0kB) | arena=2.6kB | V_bus=5.132V I_bus=59.9mA P_bus=307.1mW E_total_accum=160.889mWh
15:53:49.004 > [BENCH] IDLE | t_inference_us=0 | heap=37.3kB/282.0kB (min=239.0kB, biggest=108.0kB) | arena=2.6kB | V_bus=5.132V I_bus=59.5mA P_bus=305.4mW E_total_accum=161.060mWh
15:53:51.028 > [BENCH] IDLE | t_inference_us=0 | heap=37.3kB/282.0kB (min=239.0kB, biggest=108.0kB) | arena=2.6kB | V_bus=5.136V I_bus=59.3mA P_bus=304.5mW E_total_accum=161.230mWh
15:53:53.030 > [BENCH] IDLE | t_inference_us=0 | heap=37.3kB/282.0kB (min=239.0kB, biggest=108.0kB) | arena=2.6kB | V_bus=5.128V I_bus=58.6mA P_bus=300.4mW E_total_accum=161.397mWh
15:53:55.044 > [BENCH] IDLE | t_inference_us=0 | heap=37.3kB/282.0kB (min=239.0kB, biggest=108.0kB) | arena=2.6kB | V_bus=5.132V I_bus=57.9mA P_bus=297.1mW E_total_accum=161.564mWh
15:53:57.057 > [BENCH] IDLE | t_inference_us=0 | heap=37.3kB/282.0kB (min=239.0kB, biggest=108.0kB) | arena=2.6kB | V_bus=5.132V I_bus=57.4mA P_bus=294.6mW E_total_accum=161.728mWh
15:53:59.058 > [BENCH] IDLE | t_inference_us=0 | heap=37.3kB/282.0kB (min=239.0kB, biggest=108.0kB) | arena=2.6kB | V_bus=5.132V I_bus=57.0mA P_bus=292.3mW E_total_accum=161.892mWh
15:54:01.085 > [BENCH] IDLE | t_inference_us=0 | heap=37.3kB/282.0kB (min=239.0kB, biggest=108.0kB) | arena=2.6kB | V_bus=5.132V I_bus=56.6mA P_bus=290.5mW E_total_accum=162.055mWh
15:54:03.099 > [BENCH] IDLE | t_inference_us=0 | heap=37.3kB/282.0kB (min=239.0kB, biggest=108.0kB) | arena=2.6kB | V_bus=5.128V I_bus=56.3mA P_bus=289.0mW E_total_accum=162.216mWh
15:54:05.113 > [BENCH] IDLE | t_inference_us=0 | heap=37.3kB/282.0kB (min=239.0kB, biggest=108.0kB) | arena=2.6kB | V_bus=5.128V I_bus=56.1mA P_bus=287.9mW E_total_accum=162.377mWh
15:54:07.121 > [BENCH] IDLE | t_inference_us=0 | heap=37.3kB/282.0kB (min=239.0kB, biggest=108.0kB) | arena=2.6kB | V_bus=5.132V I_bus=56.0mA P_bus=287.3mW E_total_accum=162.538mWh
15:54:09.135 > [BENCH] IDLE | t_inference_us=0 | heap=37.3kB/282.0kB (min=239.0kB, biggest=108.0kB) | arena=2.6kB | V_bus=5.132V I_bus=55.9mA P_bus=286.7mW E_total_accum=162.698mWh
15:54:11.143 > [BENCH] IDLE | t_inference_us=0 | heap=37.3kB/282.0kB (min=239.0kB, biggest=108.0kB) | arena=2.6kB | V_bus=5.128V I_bus=55.8mA P_bus=286.2mW E_total_accum=162.859mWh
15:54:13.169 > [BENCH] IDLE | t_inference_us=0 | heap=37.3kB/282.0kB (min=239.0kB, biggest=108.0kB) | arena=2.6kB | V_bus=5.128V I_bus=55.8mA P_bus=286.2mW E_total_accum=163.019mWh
15:54:15.183 > [BENCH] IDLE | t_inference_us=0 | heap=37.3kB/282.0kB (min=239.0kB, biggest=108.0kB) | arena=2.6kB | V_bus=5.132V I_bus=55.7mA P_bus=285.5mW E_total_accum=163.178mWh
15:54:17.187 > [BENCH] IDLE | t_inference_us=0 | heap=37.3kB/282.0kB (min=239.0kB, biggest=108.0kB) | arena=2.6kB | V_bus=5.132V I_bus=55.5mA P_bus=285.0mW E_total_accum=163.338mWh
15:54:19.208 > [BENCH] IDLE | t_inference_us=0 | heap=37.3kB/282.0kB (min=239.0kB, biggest=108.0kB) | arena=2.6kB | V_bus=5.132V I_bus=58.3mA P_bus=298.9mW E_total_accum=163.505mWh
15:54:21.224 > [BENCH] IDLE | t_inference_us=0 | heap=37.3kB/282.0kB (min=239.0kB, biggest=108.0kB) | arena=2.6kB | V_bus=5.136V I_bus=60.3mA P_bus=309.7mW E_total_accum=163.678mWh
15:54:23.229 > [BENCH] IDLE | t_inference_us=0 | heap=37.3kB/282.0kB (min=239.0kB, biggest=108.0kB) | arena=2.6kB | V_bus=5.132V I_bus=61.9mA P_bus=317.4mW E_total_accum=163.856mWh
15:54:25.252 > [BENCH] IDLE | t_inference_us=0 | heap=37.3kB/282.0kB (min=239.0kB, biggest=108.0kB) | arena=2.6kB | V_bus=5.132V I_bus=62.7mA P_bus=321.6mW E_total_accum=164.036mWh
15:54:27.253 > [BENCH] IDLE | t_inference_us=0 | heap=37.3kB/282.0kB (min=239.0kB, biggest=108.0kB) | arena=2.6kB | V_bus=5.116V I_bus=64.2mA P_bus=329.0mW E_total_accum=164.220mWh
15:54:29.267 > [BENCH] IDLE | t_inference_us=0 | heap=37.3kB/282.0kB (min=239.0kB, biggest=108.0kB) | arena=2.6kB | V_bus=5.132V I_bus=62.3mA P_bus=319.7mW E_total_accum=164.398mWh
15:54:31.273 > [BENCH] IDLE | t_inference_us=0 | heap=37.3kB/282.0kB (min=239.0kB, biggest=108.0kB) | arena=2.6kB | V_bus=5.132V I_bus=60.8mA P_bus=311.9mW E_total_accum=164.572mWh
15:54:33.286 > [BENCH] IDLE | t_inference_us=0 | heap=37.3kB/282.0kB (min=239.0kB, biggest=108.0kB) | arena=2.6kB | V_bus=5.132V I_bus=59.7mA P_bus=306.1mW E_total_accum=164.743mWh
15:54:35.302 > [BENCH] IDLE | t_inference_us=0 | heap=37.3kB/282.0kB (min=239.0kB, biggest=108.0kB) | arena=2.6kB | V_bus=5.132V I_bus=58.8mA P_bus=301.5mW E_total_accum=164.912mWh
15:54:37.323 > [BENCH] IDLE | t_inference_us=0 | heap=37.3kB/282.0kB (min=239.0kB, biggest=108.0kB) | arena=2.6kB | V_bus=5.128V I_bus=58.0mA P_bus=297.8mW E_total_accum=165.079mWh
15:54:38.896 > 
15:54:38.896 > [EVENT] type=HOUR  Tin=24.80 Hin=59.70 Tout=33.60 Hout=55.50
15:54:38.904 > [infer] REAL - Invoke executed (model ran)
15:54:38.909 > 
15:54:38.909 > [PWR] infer | E_inference_window(ΔE_total)=0.580µWh (E0=165.213013mWh E1=165.213593mWh) | E_inference_pipeline(ΔE_total)=0.809µWh (E0=165.212875mWh E1=165.213684mWh) | t_inference=5.734ms | t_inference_pipeline=8.926ms | E_total_accum=165.214mWh
15:54:38.931 > [BENCH] INFER_HOURLY | t_inference_us=5734 | heap=37.3kB/282.0kB (min=239.0kB, biggest=108.0kB) | arena=2.6kB | V_bus=5.124V I_bus=65.4mA P_bus=335.2mW E_total_accum=165.214mWh
15:54:38.945 > [HOUR] Tin=24.80 Hin=59.70 | Tp=24.94 Hp=59.91
15:54:38.949 > [HOUR] SAMPLES | N_ALL=8 N_T=8 N_H=8
15:54:38.954 > [HOUR] METRICS | MAE=nan RMSE=nan R2=NA | MAE_T=nan RMSE_T=nan R2_T=NA | MAE_H=nan RMSE_H=nan R2_H=NA
15:54:39.424 > [SENSORS] Health IN ok=901 err=0 reinit=0 pwr=0 | OUT ok=901 err=0 reinit=0 pwr=0
15:54:40.920 > [BENCH] IDLE | t_inference_us=0 | heap=37.3kB/282.0kB (min=239.0kB, biggest=108.0kB) | arena=2.6kB | V_bus=5.132V I_bus=63.8mA P_bus=327.1mW E_total_accum=165.397mWh
15:54:42.933 > [BENCH] IDLE | t_inference_us=0 | heap=37.3kB/282.0kB (min=239.0kB, biggest=108.0kB) | arena=2.6kB | V_bus=5.136V I_bus=62.3mA P_bus=319.7mW E_total_accum=165.576mWh
15:54:44.949 > [BENCH] IDLE | t_inference_us=0 | heap=37.3kB/282.0kB (min=239.0kB, biggest=108.0kB) | arena=2.6kB | V_bus=5.132V I_bus=60.9mA P_bus=312.6mW E_total_accum=165.751mWh
15:54:46.950 > [BENCH] IDLE | t_inference_us=0 | heap=37.3kB/282.0kB (min=239.0kB, biggest=108.0kB) | arena=2.6kB | V_bus=5.132V I_bus=59.7mA P_bus=306.4mW E_total_accum=165.922mWh
15:54:48.973 > [BENCH] IDLE | t_inference_us=0 | heap=37.3kB/282.0kB (min=239.0kB, biggest=108.0kB) | arena=2.6kB | V_bus=5.132V I_bus=58.8mA P_bus=301.6mW E_total_accum=166.091mWh
15:54:50.987 > [BENCH] IDLE | t_inference_us=0 | heap=37.3kB/282.0kB (min=239.0kB, biggest=108.0kB) | arena=2.6kB | V_bus=5.132V I_bus=58.1mA P_bus=298.1mW E_total_accum=166.258mWh
15:54:53.003 > [BENCH] IDLE | t_inference_us=0 | heap=37.3kB/282.0kB (min=239.0kB, biggest=108.0kB) | arena=2.6kB | V_bus=5.132V I_bus=57.6mA P_bus=295.4mW E_total_accum=166.423mWh
15:54:55.019 > [BENCH] IDLE | t_inference_us=0 | heap=37.3kB/282.0kB (min=239.0kB, biggest=108.0kB) | arena=2.6kB | V_bus=5.128V I_bus=57.1mA P_bus=293.2mW E_total_accum=166.587mWh
15:54:57.011 > [BENCH] IDLE | t_inference_us=0 | heap=37.3kB/282.0kB (min=239.0kB, biggest=108.0kB) | arena=2.6kB | V_bus=5.132V I_bus=57.5mA P_bus=295.0mW E_total_accum=166.751mWh
15:54:59.028 > [BENCH] IDLE | t_inference_us=0 | heap=37.3kB/282.0kB (min=239.0kB, biggest=108.0kB) | arena=2.6kB | V_bus=5.132V I_bus=57.5mA P_bus=294.9mW E_total_accum=166.916mWh
15:55:01.050 > [BENCH] IDLE | t_inference_us=0 | heap=37.3kB/282.0kB (min=239.0kB, biggest=108.0kB) | arena=2.6kB | V_bus=5.136V I_bus=57.2mA P_bus=293.7mW E_total_accum=167.080mWh
15:55:03.055 > [BENCH] IDLE | t_inference_us=0 | heap=37.3kB/282.0kB (min=239.0kB, biggest=108.0kB) | arena=2.6kB | V_bus=5.132V I_bus=56.8mA P_bus=291.2mW E_total_accum=167.243mWh
15:55:05.076 > [BENCH] IDLE | t_inference_us=0 | heap=37.3kB/282.0kB (min=239.0kB, biggest=108.0kB) | arena=2.6kB | V_bus=5.136V I_bus=56.3mA P_bus=289.1mW E_total_accum=167.405mWh
15:55:07.083 > [BENCH] IDLE | t_inference_us=0 | heap=37.3kB/282.0kB (min=239.0kB, biggest=108.0kB) | arena=2.6kB | V_bus=5.132V I_bus=56.1mA P_bus=287.8mW E_total_accum=167.566mWh
15:55:09.102 > [BENCH] IDLE | t_inference_us=0 | heap=37.3kB/282.0kB (min=239.0kB, biggest=108.0kB) | arena=2.6kB | V_bus=5.132V I_bus=55.9mA P_bus=286.9mW E_total_accum=167.726mWh
15:55:11.120 > [BENCH] IDLE | t_inference_us=0 | heap=37.3kB/282.0kB (min=239.0kB, biggest=108.0kB) | arena=2.6kB | V_bus=5.132V I_bus=55.8mA P_bus=286.3mW E_total_accum=167.887mWh
15:55:13.121 > [BENCH] IDLE | t_inference_us=0 | heap=37.3kB/282.0kB (min=239.0kB, biggest=108.0kB) | arena=2.6kB | V_bus=5.136V I_bus=55.7mA P_bus=285.7mW E_total_accum=168.046mWh
15:55:15.148 > [BENCH] IDLE | t_inference_us=0 | heap=37.3kB/282.0kB (min=239.0kB, biggest=108.0kB) | arena=2.6kB | V_bus=5.132V I_bus=58.2mA P_bus=298.7mW E_total_accum=168.213mWh
15:55:17.155 > [BENCH] IDLE | t_inference_us=0 | heap=37.3kB/282.0kB (min=239.0kB, biggest=108.0kB) | arena=2.6kB | V_bus=5.136V I_bus=59.6mA P_bus=306.1mW E_total_accum=168.385mWh
15:55:19.176 > [BENCH] IDLE | t_inference_us=0 | heap=37.3kB/282.0kB (min=239.0kB, biggest=108.0kB) | arena=2.6kB | V_bus=5.132V I_bus=60.1mA P_bus=308.5mW E_total_accum=168.557mWh
15:55:21.189 > [BENCH] IDLE | t_inference_us=0 | heap=37.3kB/282.0kB (min=239.0kB, biggest=108.0kB) | arena=2.6kB | V_bus=5.132V I_bus=59.8mA P_bus=307.2mW E_total_accum=168.729mWh
15:55:23.195 > [BENCH] IDLE | t_inference_us=0 | heap=37.3kB/282.0kB (min=239.0kB, biggest=108.0kB) | arena=2.6kB | V_bus=5.128V I_bus=59.3mA P_bus=304.5mW E_total_accum=168.900mWh
15:55:25.218 > [BENCH] IDLE | t_inference_us=0 | heap=37.3kB/282.0kB (min=239.0kB, biggest=108.0kB) | arena=2.6kB | V_bus=5.132V I_bus=58.5mA P_bus=300.5mW E_total_accum=169.068mWh
15:55:27.221 > [BENCH] IDLE | t_inference_us=0 | heap=37.3kB/282.0kB (min=239.0kB, biggest=108.0kB) | arena=2.6kB | V_bus=5.132V I_bus=57.9mA P_bus=297.0mW E_total_accum=169.234mWh
15:55:29.236 > [BENCH] IDLE | t_inference_us=0 | heap=37.3kB/282.0kB (min=239.0kB, biggest=108.0kB) | arena=2.6kB | V_bus=5.132V I_bus=57.3mA P_bus=294.0mW E_total_accum=169.398mWh
15:55:31.250 > [BENCH] IDLE | t_inference_us=0 | heap=37.3kB/282.0kB (min=239.0kB, biggest=108.0kB) | arena=2.6kB | V_bus=5.120V I_bus=57.3mA P_bus=293.8mW E_total_accum=169.563mWh
15:55:33.252 > [BENCH] IDLE | t_inference_us=0 | heap=37.3kB/282.0kB (min=239.0kB, biggest=108.0kB) | arena=2.6kB | V_bus=5.132V I_bus=57.6mA P_bus=295.6mW E_total_accum=169.727mWh
15:55:35.275 > [BENCH] IDLE | t_inference_us=0 | heap=37.3kB/282.0kB (min=239.0kB, biggest=108.0kB) | arena=2.6kB | V_bus=5.136V I_bus=57.5mA P_bus=295.0mW E_total_accum=169.892mWh
15:55:37.273 > [BENCH] IDLE | t_inference_us=0 | heap=37.3kB/282.0kB (min=239.0kB, biggest=108.0kB) | arena=2.6kB | V_bus=5.136V I_bus=57.0mA P_bus=292.5mW E_total_accum=170.056mWh
15:55:38.894 > 
15:55:38.894 > [EVENT] type=HOUR  Tin=24.60 Hin=59.11 Tout=33.70 Hout=55.00
15:55:38.909 > [infer] REAL - Invoke executed (model ran)
15:55:38.914 > 
15:55:38.915 > [PWR] infer | E_inference_window(ΔE_total)=0.549µWh (E0=170.189896mWh E1=170.190445mWh) | E_inference_pipeline(ΔE_total)=0.793µWh (E0=170.189743mWh E1=170.190536mWh) | t_inference=5.714ms | t_inference_pipeline=8.908ms | E_total_accum=170.191mWh
15:55:38.936 > [BENCH] INFER_HOURLY | t_inference_us=5714 | heap=37.3kB/282.0kB (min=239.0kB, biggest=108.0kB) | arena=2.6kB | V_bus=5.120V I_bus=63.2mA P_bus=324.2mW E_total_accum=170.191mWh
15:55:38.952 > [HOUR] Tin=24.60 Hin=59.11 | Tp=24.84 Hp=59.71
15:55:38.955 > [HOUR] SAMPLES | N_ALL=9 N_T=9 N_H=9
15:55:38.959 > [HOUR] METRICS | MAE=nan RMSE=nan R2=NA | MAE_T=nan RMSE_T=nan R2_T=NA | MAE_H=nan RMSE_H=nan R2_H=NA
15:55:39.432 > [SENSORS] Health IN ok=929 err=0 reinit=0 pwr=0 | OUT ok=929 err=0 reinit=0 pwr=0
15:55:40.928 > [BENCH] IDLE | t_inference_us=0 | heap=37.3kB/282.0kB (min=239.0kB, biggest=108.0kB) | arena=2.6kB | V_bus=5.132V I_bus=61.6mA P_bus=315.9mW E_total_accum=170.367mWh
15:55:42.941 > [BENCH] IDLE | t_inference_us=0 | heap=37.3kB/282.0kB (min=239.0kB, biggest=108.0kB) | arena=2.6kB | V_bus=5.132V I_bus=60.3mA P_bus=309.3mW E_total_accum=170.541mWh
15:55:44.957 > [BENCH] IDLE | t_inference_us=0 | heap=37.3kB/282.0kB (min=239.0kB, biggest=108.0kB) | arena=2.6kB | V_bus=5.132V I_bus=61.9mA P_bus=317.6mW E_total_accum=170.718mWh
15:55:46.971 > [BENCH] IDLE | t_inference_us=0 | heap=37.3kB/282.0kB (min=239.0kB, biggest=108.0kB) | arena=2.6kB | V_bus=5.132V I_bus=62.6mA P_bus=320.9mW E_total_accum=170.898mWh
15:55:48.971 > [BENCH] IDLE | t_inference_us=0 | heap=37.3kB/282.0kB (min=239.0kB, biggest=108.0kB) | arena=2.6kB | V_bus=5.132V I_bus=62.2mA P_bus=318.9mW E_total_accum=171.076mWh
15:55:50.991 > [BENCH] IDLE | t_inference_us=0 | heap=37.3kB/282.0kB (min=239.0kB, biggest=108.0kB) | arena=2.6kB | V_bus=5.132V I_bus=61.3mA P_bus=314.3mW E_total_accum=171.252mWh
15:55:53.004 > [BENCH] IDLE | t_inference_us=0 | heap=37.3kB/282.0kB (min=239.0kB, biggest=108.0kB) | arena=2.6kB | V_bus=5.132V I_bus=60.1mA P_bus=308.3mW E_total_accum=171.424mWh
15:55:55.013 > [BENCH] IDLE | t_inference_us=0 | heap=37.3kB/282.0kB (min=239.0kB, biggest=108.0kB) | arena=2.6kB | V_bus=5.132V I_bus=59.1mA P_bus=303.1mW E_total_accum=171.594mWh
15:55:57.040 > [BENCH] IDLE | t_inference_us=0 | heap=37.3kB/282.0kB (min=239.0kB, biggest=108.0kB) | arena=2.6kB | V_bus=5.132V I_bus=58.3mA P_bus=299.1mW E_total_accum=171.761mWh
15:55:59.045 > [BENCH] IDLE | t_inference_us=0 | heap=37.3kB/282.0kB (min=239.0kB, biggest=108.0kB) | arena=2.6kB | V_bus=5.132V I_bus=57.6mA P_bus=295.7mW E_total_accum=171.927mWh
15:56:01.056 > [BENCH] IDLE | t_inference_us=0 | heap=37.3kB/282.0kB (min=239.0kB, biggest=108.0kB) | arena=2.6kB | V_bus=5.116V I_bus=59.6mA P_bus=305.5mW E_total_accum=172.097mWh
15:56:03.066 > [BENCH] IDLE | t_inference_us=0 | heap=37.3kB/282.0kB (min=239.0kB, biggest=108.0kB) | arena=2.6kB | V_bus=5.128V I_bus=58.6mA P_bus=300.5mW E_total_accum=172.265mWh
15:56:05.068 > [BENCH] IDLE | t_inference_us=0 | heap=37.3kB/282.0kB (min=239.0kB, biggest=108.0kB) | arena=2.6kB | V_bus=5.132V I_bus=57.8mA P_bus=296.5mW E_total_accum=172.431mWh
15:56:07.091 > [BENCH] IDLE | t_inference_us=0 | heap=37.3kB/282.0kB (min=239.0kB, biggest=108.0kB) | arena=2.6kB | V_bus=5.128V I_bus=57.3mA P_bus=293.6mW E_total_accum=172.595mWh
15:56:09.111 > [BENCH] IDLE | t_inference_us=0 | heap=37.3kB/282.0kB (min=239.0kB, biggest=108.0kB) | arena=2.6kB | V_bus=5.132V I_bus=56.8mA P_bus=291.6mW E_total_accum=172.758mWh
15:56:11.123 > [BENCH] IDLE | t_inference_us=0 | heap=37.3kB/282.0kB (min=239.0kB, biggest=108.0kB) | arena=2.6kB | V_bus=5.132V I_bus=58.7mA P_bus=301.3mW E_total_accum=172.927mWh
15:56:13.125 > [BENCH] IDLE | t_inference_us=0 | heap=37.3kB/282.0kB (min=239.0kB, biggest=108.0kB) | arena=2.6kB | V_bus=5.132V I_bus=59.4mA P_bus=304.6mW E_total_accum=173.097mWh
15:56:15.141 > [BENCH] IDLE | t_inference_us=0 | heap=37.3kB/282.0kB (min=239.0kB, biggest=108.0kB) | arena=2.6kB | V_bus=5.132V I_bus=59.1mA P_bus=303.0mW E_total_accum=173.266mWh
15:56:17.163 > [BENCH] IDLE | t_inference_us=0 | heap=37.3kB/282.0kB (min=239.0kB, biggest=108.0kB) | arena=2.6kB | V_bus=5.132V I_bus=58.3mA P_bus=299.1mW E_total_accum=173.434mWh
15:56:19.176 > [BENCH] IDLE | t_inference_us=0 | heap=37.3kB/282.0kB (min=239.0kB, biggest=108.0kB) | arena=2.6kB | V_bus=5.132V I_bus=57.7mA P_bus=296.0mW E_total_accum=173.599mWh
15:56:21.185 > [BENCH] IDLE | t_inference_us=0 | heap=37.3kB/282.0kB (min=239.0kB, biggest=108.0kB) | arena=2.6kB | V_bus=5.132V I_bus=57.2mA P_bus=293.3mW E_total_accum=173.764mWh
15:56:23.199 > [BENCH] IDLE | t_inference_us=0 | heap=37.3kB/282.0kB (min=239.0kB, biggest=108.0kB) | arena=2.6kB | V_bus=5.132V I_bus=56.8mA P_bus=291.2mW E_total_accum=173.926mWh
15:56:25.218 > [BENCH] IDLE | t_inference_us=0 | heap=37.3kB/282.0kB (min=239.0kB, biggest=108.0kB) | arena=2.6kB | V_bus=5.128V I_bus=58.7mA P_bus=301.1mW E_total_accum=174.095mWh
15:56:27.236 > [BENCH] IDLE | t_inference_us=0 | heap=37.3kB/282.0kB (min=239.0kB, biggest=108.0kB) | arena=2.6kB | V_bus=5.132V I_bus=59.2mA P_bus=303.6mW E_total_accum=174.265mWh
15:56:29.251 > [BENCH] IDLE | t_inference_us=0 | heap=37.3kB/282.0kB (min=239.0kB, biggest=108.0kB) | arena=2.6kB | V_bus=5.132V I_bus=58.8mA P_bus=301.8mW E_total_accum=174.434mWh
15:56:31.264 > [BENCH] IDLE | t_inference_us=0 | heap=37.3kB/282.0kB (min=239.0kB, biggest=108.0kB) | arena=2.6kB | V_bus=5.132V I_bus=58.0mA P_bus=297.5mW E_total_accum=174.600mWh
15:56:33.268 > [BENCH] IDLE | t_inference_us=0 | heap=37.3kB/282.0kB (min=239.0kB, biggest=108.0kB) | arena=2.6kB | V_bus=5.132V I_bus=57.4mA P_bus=294.4mW E_total_accum=174.765mWh
15:56:35.286 > [BENCH] IDLE | t_inference_us=0 | heap=37.3kB/282.0kB (min=239.0kB, biggest=108.0kB) | arena=2.6kB | V_bus=5.132V I_bus=57.0mA P_bus=292.3mW E_total_accum=174.928mWh
15:56:37.285 > [BENCH] IDLE | t_inference_us=0 | heap=37.3kB/282.0kB (min=239.0kB, biggest=108.0kB) | arena=2.6kB | V_bus=5.132V I_bus=56.9mA P_bus=291.9mW E_total_accum=175.091mWh
15:56:38.901 > 
15:56:38.901 > [EVENT] type=HOUR  Tin=24.50 Hin=59.00 Tout=33.30 Hout=55.80
15:56:38.915 > [infer] REAL - Invoke executed (model ran)
15:56:38.921 > 
15:56:38.921 > [PWR] infer | E_inference_window(ΔE_total)=0.565µWh (E0=175.225937mWh E1=175.226501mWh) | E_inference_pipeline(ΔE_total)=0.793µWh (E0=175.225800mWh E1=175.226593mWh) | t_inference=5.733ms | t_inference_pipeline=8.907ms | E_total_accum=175.227mWh
15:56:38.941 > [BENCH] INFER_HOURLY | t_inference_us=5733 | heap=37.3kB/282.0kB (min=239.0kB, biggest=108.0kB) | arena=2.6kB | V_bus=5.120V I_bus=64.0mA P_bus=328.0mW E_total_accum=175.227mWh
15:56:38.958 > [HOUR] Tin=24.50 Hin=59.00 | Tp=24.64 Hp=59.12
15:56:38.962 > [HOUR] SAMPLES | N_ALL=10 N_T=10 N_H=10
15:56:38.965 > [HOUR] METRICS | MAE=nan RMSE=nan R2=NA | MAE_T=nan RMSE_T=nan R2_T=NA | MAE_H=nan RMSE_H=nan R2_H=NA
15:56:39.440 > [SENSORS] Health IN ok=957 err=0 reinit=0 pwr=0 | OUT ok=958 err=0 reinit=0 pwr=0
15:56:40.935 > [BENCH] IDLE | t_inference_us=0 | heap=37.3kB/282.0kB (min=239.0kB, biggest=108.0kB) | arena=2.6kB | V_bus=5.132V I_bus=62.3mA P_bus=319.3mW E_total_accum=175.406mWh
15:56:42.939 > [BENCH] IDLE | t_inference_us=0 | heap=37.3kB/282.0kB (min=239.0kB, biggest=108.0kB) | arena=2.6kB | V_bus=5.132V I_bus=60.9mA P_bus=312.2mW E_total_accum=175.580mWh
15:56:44.964 > [BENCH] IDLE | t_inference_us=0 | heap=37.3kB/282.0kB (min=239.0kB, biggest=108.0kB) | arena=2.6kB | V_bus=5.132V I_bus=62.3mA P_bus=319.3mW E_total_accum=175.759mWh
15:56:46.975 > [BENCH] IDLE | t_inference_us=0 | heap=37.3kB/282.0kB (min=239.0kB, biggest=108.0kB) | arena=2.6kB | V_bus=5.132V I_bus=62.2mA P_bus=319.2mW E_total_accum=175.937mWh
15:56:48.987 > [BENCH] IDLE | t_inference_us=0 | heap=37.3kB/282.0kB (min=239.0kB, biggest=108.0kB) | arena=2.6kB | V_bus=5.132V I_bus=61.3mA P_bus=314.4mW E_total_accum=176.113mWh
15:56:51.005 > [BENCH] IDLE | t_inference_us=0 | heap=37.3kB/282.0kB (min=239.0kB, biggest=108.0kB) | arena=2.6kB | V_bus=5.132V I_bus=60.0mA P_bus=307.8mW E_total_accum=176.285mWh
15:56:53.013 > [BENCH] IDLE | t_inference_us=0 | heap=37.3kB/282.0kB (min=239.0kB, biggest=108.0kB) | arena=2.6kB | V_bus=5.132V I_bus=59.1mA P_bus=303.1mW E_total_accum=176.455mWh
15:56:55.025 > [BENCH] IDLE | t_inference_us=0 | heap=37.3kB/282.0kB (min=239.0kB, biggest=108.0kB) | arena=2.6kB | V_bus=5.132V I_bus=58.3mA P_bus=299.3mW E_total_accum=176.622mWh
15:56:57.046 > [BENCH] IDLE | t_inference_us=0 | heap=37.3kB/282.0kB (min=239.0kB, biggest=108.0kB) | arena=2.6kB | V_bus=5.132V I_bus=60.1mA P_bus=308.2mW E_total_accum=176.795mWh
15:56:59.061 > [BENCH] IDLE | t_inference_us=0 | heap=37.3kB/282.0kB (min=239.0kB, biggest=108.0kB) | arena=2.6kB | V_bus=5.136V I_bus=60.2mA P_bus=308.9mW E_total_accum=176.968mWh
15:57:01.075 > [BENCH] IDLE | t_inference_us=0 | heap=37.3kB/282.0kB (min=239.0kB, biggest=108.0kB) | arena=2.6kB | V_bus=5.132V I_bus=59.5mA P_bus=305.5mW E_total_accum=177.139mWh
15:57:03.089 > [BENCH] IDLE | t_inference_us=0 | heap=37.3kB/282.0kB (min=239.0kB, biggest=108.0kB) | arena=2.6kB | V_bus=5.136V I_bus=58.6mA P_bus=300.9mW E_total_accum=177.307mWh
15:57:05.088 > [BENCH] IDLE | t_inference_us=0 | heap=37.3kB/282.0kB (min=239.0kB, biggest=108.0kB) | arena=2.6kB | V_bus=5.116V I_bus=58.6mA P_bus=300.7mW E_total_accum=177.475mWh
15:57:07.093 > [BENCH] IDLE | t_inference_us=0 | heap=37.3kB/282.0kB (min=239.0kB, biggest=108.0kB) | arena=2.6kB | V_bus=5.136V I_bus=58.5mA P_bus=299.9mW E_total_accum=177.642mWh
15:57:09.114 > [BENCH] IDLE | t_inference_us=0 | heap=37.3kB/282.0kB (min=239.0kB, biggest=108.0kB) | arena=2.6kB | V_bus=5.132V I_bus=57.7mA P_bus=296.1mW E_total_accum=177.808mWh
15:57:11.119 > [BENCH] IDLE | t_inference_us=0 | heap=37.3kB/282.0kB (min=239.0kB, biggest=108.0kB) | arena=2.6kB | V_bus=5.132V I_bus=57.2mA P_bus=293.5mW E_total_accum=177.972mWh
15:57:13.143 > [BENCH] IDLE | t_inference_us=0 | heap=37.3kB/282.0kB (min=239.0kB, biggest=108.0kB) | arena=2.6kB | V_bus=5.132V I_bus=56.8mA P_bus=291.3mW E_total_accum=178.135mWh
15:57:15.154 > [BENCH] IDLE | t_inference_us=0 | heap=37.3kB/282.0kB (min=239.0kB, biggest=108.0kB) | arena=2.6kB | V_bus=5.132V I_bus=58.5mA P_bus=299.9mW E_total_accum=178.303mWh
15:57:17.168 > [BENCH] IDLE | t_inference_us=0 | heap=37.3kB/282.0kB (min=239.0kB, biggest=108.0kB) | arena=2.6kB | V_bus=5.132V I_bus=58.5mA P_bus=300.2mW E_total_accum=178.471mWh
15:57:19.184 > [BENCH] IDLE | t_inference_us=0 | heap=37.3kB/282.0kB (min=239.0kB, biggest=108.0kB) | arena=2.6kB | V_bus=5.132V I_bus=57.8mA P_bus=296.8mW E_total_accum=178.637mWh
15:57:21.192 > [BENCH] IDLE | t_inference_us=0 | heap=37.3kB/282.0kB (min=239.0kB, biggest=108.0kB) | arena=2.6kB | V_bus=5.136V I_bus=57.3mA P_bus=294.1mW E_total_accum=178.801mWh
15:57:23.209 > [BENCH] IDLE | t_inference_us=0 | heap=37.3kB/282.0kB (min=239.0kB, biggest=108.0kB) | arena=2.6kB | V_bus=5.136V I_bus=56.8mA P_bus=291.7mW E_total_accum=178.964mWh
15:57:25.224 > [BENCH] IDLE | t_inference_us=0 | heap=37.3kB/282.0kB (min=239.0kB, biggest=108.0kB) | arena=2.6kB | V_bus=5.132V I_bus=58.7mA P_bus=301.4mW E_total_accum=179.133mWh
15:57:27.231 > [BENCH] IDLE | t_inference_us=0 | heap=37.3kB/282.0kB (min=239.0kB, biggest=108.0kB) | arena=2.6kB | V_bus=5.132V I_bus=58.8mA P_bus=302.0mW E_total_accum=179.302mWh
15:57:29.257 > [BENCH] IDLE | t_inference_us=0 | heap=37.3kB/282.0kB (min=239.0kB, biggest=108.0kB) | arena=2.6kB | V_bus=5.132V I_bus=58.2mA P_bus=298.9mW E_total_accum=179.469mWh
15:57:31.272 > [BENCH] IDLE | t_inference_us=0 | heap=37.3kB/282.0kB (min=239.0kB, biggest=108.0kB) | arena=2.6kB | V_bus=5.132V I_bus=57.7mA P_bus=296.0mW E_total_accum=179.635mWh
15:57:33.284 > [BENCH] IDLE | t_inference_us=0 | heap=37.3kB/282.0kB (min=239.0kB, biggest=108.0kB) | arena=2.6kB | V_bus=5.128V I_bus=57.2mA P_bus=293.3mW E_total_accum=179.799mWh
15:57:35.290 > [BENCH] IDLE | t_inference_us=0 | heap=37.3kB/282.0kB (min=239.0kB, biggest=108.0kB) | arena=2.6kB | V_bus=5.136V I_bus=59.1mA P_bus=303.5mW E_total_accum=179.969mWh
15:57:37.312 > [BENCH] IDLE | t_inference_us=0 | heap=37.3kB/282.0kB (min=239.0kB, biggest=108.0kB) | arena=2.6kB | V_bus=5.136V I_bus=59.3mA P_bus=304.2mW E_total_accum=180.139mWh
15:57:38.903 > 
15:57:38.903 > [EVENT] type=HOUR  Tin=24.50 Hin=58.60 Tout=33.40 Hout=56.50
15:57:38.922 > [infer] REAL - Invoke executed (model ran)
15:57:38.929 > 
15:57:38.929 > [PWR] infer | E_inference_window(ΔE_total)=0.565µWh (E0=180.274094mWh E1=180.274658mWh) | E_inference_pipeline(ΔE_total)=0.809µWh (E0=180.273941mWh E1=180.274750mWh) | t_inference=5.712ms | t_inference_pipeline=8.907ms | E_total_accum=180.275mWh
15:57:38.948 > [BENCH] INFER_HOURLY | t_inference_us=5712 | heap=37.3kB/282.0kB (min=239.0kB, biggest=108.0kB) | arena=2.6kB | V_bus=5.120V I_bus=63.7mA P_bus=326.7mW E_total_accum=180.275mWh
15:57:38.965 > [HOUR] Tin=24.50 Hin=58.60 | Tp=24.54 Hp=59.01
15:57:38.967 > [HOUR] SAMPLES | N_ALL=11 N_T=11 N_H=11
15:57:38.970 > [HOUR] METRICS | MAE=nan RMSE=nan R2=NA | MAE_T=nan RMSE_T=nan R2_T=NA | MAE_H=nan RMSE_H=nan R2_H=NA
15:57:39.459 > [SENSORS] Health IN ok=986 err=0 reinit=0 pwr=0 | OUT ok=986 err=0 reinit=0 pwr=0
15:57:40.940 > [BENCH] IDLE | t_inference_us=0 | heap=37.3kB/282.0kB (min=239.0kB, biggest=108.0kB) | arena=2.6kB | V_bus=5.132V I_bus=64.1mA P_bus=328.9mW E_total_accum=180.459mWh
15:57:42.956 > [BENCH] IDLE | t_inference_us=0 | heap=37.3kB/282.0kB (min=239.0kB, biggest=108.0kB) | arena=2.6kB | V_bus=5.132V I_bus=63.3mA P_bus=324.4mW E_total_accum=180.641mWh
15:57:44.959 > [BENCH] IDLE | t_inference_us=0 | heap=37.3kB/282.0kB (min=239.0kB, biggest=108.0kB) | arena=2.6kB | V_bus=5.132V I_bus=61.8mA P_bus=317.1mW E_total_accum=180.818mWh
15:57:46.976 > [BENCH] IDLE | t_inference_us=0 | heap=37.3kB/282.0kB (min=239.0kB, biggest=108.0kB) | arena=2.6kB | V_bus=5.132V I_bus=60.4mA P_bus=309.7mW E_total_accum=180.991mWh
15:57:48.996 > [BENCH] IDLE | t_inference_us=0 | heap=37.3kB/282.0kB (min=239.0kB, biggest=108.0kB) | arena=2.6kB | V_bus=5.132V I_bus=59.3mA P_bus=304.3mW E_total_accum=181.161mWh
15:57:51.011 > [BENCH] IDLE | t_inference_us=0 | heap=37.3kB/282.0kB (min=239.0kB, biggest=108.0kB) | arena=2.6kB | V_bus=5.132V I_bus=60.8mA P_bus=312.1mW E_total_accum=181.336mWh
15:57:53.026 > [BENCH] IDLE | t_inference_us=0 | heap=37.3kB/282.0kB (min=239.0kB, biggest=108.0kB) | arena=2.6kB | V_bus=5.132V I_bus=60.5mA P_bus=310.4mW E_total_accum=181.510mWh
15:57:55.033 > [BENCH] IDLE | t_inference_us=0 | heap=37.3kB/282.0kB (min=239.0kB, biggest=108.0kB) | arena=2.6kB | V_bus=5.132V I_bus=59.4mA P_bus=304.7mW E_total_accum=181.680mWh
15:57:57.042 > [BENCH] IDLE | t_inference_us=0 | heap=37.3kB/282.0kB (min=239.0kB, biggest=108.0kB) | arena=2.6kB | V_bus=5.132V I_bus=58.5mA P_bus=300.1mW E_total_accum=181.848mWh
15:57:59.057 > [BENCH] IDLE | t_inference_us=0 | heap=37.3kB/282.0kB (min=239.0kB, biggest=108.0kB) | arena=2.6kB | V_bus=5.132V I_bus=57.8mA P_bus=296.8mW E_total_accum=182.014mWh
15:58:01.070 > [BENCH] IDLE | t_inference_us=0 | heap=37.3kB/282.0kB (min=239.0kB, biggest=108.0kB) | arena=2.6kB | V_bus=5.128V I_bus=59.3mA P_bus=304.4mW E_total_accum=182.184mWh
15:58:03.095 > [BENCH] IDLE | t_inference_us=0 | heap=37.3kB/282.0kB (min=239.0kB, biggest=108.0kB) | arena=2.6kB | V_bus=5.128V I_bus=59.7mA P_bus=306.3mW E_total_accum=182.356mWh
15:58:05.104 > [BENCH] IDLE | t_inference_us=0 | heap=37.3kB/282.0kB (min=239.0kB, biggest=108.0kB) | arena=2.6kB | V_bus=5.128V I_bus=59.2mA P_bus=303.7mW E_total_accum=182.526mWh
15:58:07.113 > [BENCH] IDLE | t_inference_us=0 | heap=37.3kB/282.0kB (min=239.0kB, biggest=108.0kB) | arena=2.6kB | V_bus=5.128V I_bus=58.2mA P_bus=298.5mW E_total_accum=182.693mWh
15:58:09.129 > [BENCH] IDLE | t_inference_us=0 | heap=37.3kB/282.0kB (min=239.0kB, biggest=108.0kB) | arena=2.6kB | V_bus=5.136V I_bus=57.6mA P_bus=295.4mW E_total_accum=182.858mWh
15:58:11.131 > [BENCH] IDLE | t_inference_us=0 | heap=37.3kB/282.0kB (min=239.0kB, biggest=108.0kB) | arena=2.6kB | V_bus=5.132V I_bus=57.6mA P_bus=295.6mW E_total_accum=183.022mWh
15:58:13.153 > [BENCH] IDLE | t_inference_us=0 | heap=37.3kB/282.0kB (min=239.0kB, biggest=108.0kB) | arena=2.6kB | V_bus=5.132V I_bus=57.0mA P_bus=292.6mW E_total_accum=183.186mWh
15:58:15.161 > [BENCH] IDLE | t_inference_us=0 | heap=37.3kB/282.0kB (min=239.0kB, biggest=108.0kB) | arena=2.6kB | V_bus=5.128V I_bus=56.7mA P_bus=290.7mW E_total_accum=183.349mWh
15:58:17.178 > [BENCH] IDLE | t_inference_us=0 | heap=37.3kB/282.0kB (min=239.0kB, biggest=108.0kB) | arena=2.6kB | V_bus=5.128V I_bus=59.0mA P_bus=302.7mW E_total_accum=183.518mWh
15:58:19.194 > [BENCH] IDLE | t_inference_us=0 | heap=37.3kB/282.0kB (min=239.0kB, biggest=108.0kB) | arena=2.6kB | V_bus=5.132V I_bus=59.4mA P_bus=304.9mW E_total_accum=183.689mWh
15:58:21.195 > [BENCH] IDLE | t_inference_us=0 | heap=37.3kB/282.0kB (min=239.0kB, biggest=108.0kB) | arena=2.6kB | V_bus=5.132V I_bus=58.8mA P_bus=301.7mW E_total_accum=183.857mWh
15:58:23.210 > [BENCH] IDLE | t_inference_us=0 | heap=37.3kB/282.0kB (min=239.0kB, biggest=108.0kB) | arena=2.6kB | V_bus=5.136V I_bus=58.0mA P_bus=297.7mW E_total_accum=184.024mWh
15:58:25.224 > [BENCH] IDLE | t_inference_us=0 | heap=37.3kB/282.0kB (min=239.0kB, biggest=108.0kB) | arena=2.6kB | V_bus=5.132V I_bus=57.5mA P_bus=295.1mW E_total_accum=184.189mWh
15:58:27.241 > [BENCH] IDLE | t_inference_us=0 | heap=37.3kB/282.0kB (min=239.0kB, biggest=108.0kB) | arena=2.6kB | V_bus=5.132V I_bus=59.2mA P_bus=303.6mW E_total_accum=184.359mWh
15:58:29.258 > [BENCH] IDLE | t_inference_us=0 | heap=37.3kB/282.0kB (min=239.0kB, biggest=108.0kB) | arena=2.6kB | V_bus=5.132V I_bus=58.9mA P_bus=302.4mW E_total_accum=184.528mWh
15:58:31.277 > [BENCH] IDLE | t_inference_us=0 | heap=37.3kB/282.0kB (min=239.0kB, biggest=108.0kB) | arena=2.6kB | V_bus=5.132V I_bus=58.0mA P_bus=297.9mW E_total_accum=184.695mWh
15:58:33.291 > [BENCH] IDLE | t_inference_us=0 | heap=37.3kB/282.0kB (min=239.0kB, biggest=108.0kB) | arena=2.6kB | V_bus=5.132V I_bus=57.4mA P_bus=294.7mW E_total_accum=184.859mWh
15:58:35.305 > [BENCH] IDLE | t_inference_us=0 | heap=37.3kB/282.0kB (min=239.0kB, biggest=108.0kB) | arena=2.6kB | V_bus=5.132V I_bus=59.7mA P_bus=306.2mW E_total_accum=185.031mWh
15:58:37.309 > [BENCH] IDLE | t_inference_us=0 | heap=37.3kB/282.0kB (min=239.0kB, biggest=108.0kB) | arena=2.6kB | V_bus=5.132V I_bus=60.0mA P_bus=307.8mW E_total_accum=185.203mWh
15:58:38.874 > 
15:58:38.874 > [EVENT] type=HOUR  Tin=24.50 Hin=58.20 Tout=33.40 Hout=56.30
15:58:38.874 > [infer] REAL - Invoke executed (model ran)
15:58:38.893 > 
15:58:38.893 > [PWR] infer | E_inference_window(ΔE_total)=0.580µWh (E0=185.339523mWh E1=185.340103mWh) | E_inference_pipeline(ΔE_total)=0.824µWh (E0=185.339371mWh E1=185.340195mWh) | t_inference=5.731ms | t_inference_pipeline=8.908ms | E_total_accum=185.340mWh
15:58:38.915 > [BENCH] INFER_HOURLY | t_inference_us=5731 | heap=37.3kB/282.0kB (min=239.0kB, biggest=108.0kB) | arena=2.6kB | V_bus=5.128V I_bus=65.6mA P_bus=336.4mW E_total_accum=185.340mWh
15:58:38.928 > [HOUR] Tin=24.50 Hin=58.20 | Tp=24.54 Hp=58.61
15:58:38.934 > [HOUR] SAMPLES | N_ALL=12 N_T=12 N_H=12
15:58:38.937 > [HOUR] METRICS | MAE=nan RMSE=nan R2=NA | MAE_T=nan RMSE_T=nan R2_T=NA | MAE_H=nan RMSE_H=nan R2_H=NA
15:58:39.459 > [SENSORS] Health IN ok=1014 err=0 reinit=0 pwr=0 | OUT ok=1014 err=0 reinit=0 pwr=0
15:58:40.908 > [BENCH] IDLE | t_inference_us=0 | heap=37.3kB/282.0kB (min=239.0kB, biggest=108.0kB) | arena=2.6kB | V_bus=5.132V I_bus=63.8mA P_bus=326.9mW E_total_accum=185.523mWh
15:58:42.908 > [BENCH] IDLE | t_inference_us=0 | heap=37.3kB/282.0kB (min=239.0kB, biggest=108.0kB) | arena=2.6kB | V_bus=5.132V I_bus=61.9mA P_bus=317.5mW E_total_accum=185.701mWh
15:58:44.937 > [BENCH] IDLE | t_inference_us=0 | heap=37.3kB/282.0kB (min=239.0kB, biggest=108.0kB) | arena=2.6kB | V_bus=5.132V I_bus=60.6mA P_bus=310.8mW E_total_accum=185.875mWh
15:58:46.938 > [BENCH] IDLE | t_inference_us=0 | heap=37.3kB/282.0kB (min=239.0kB, biggest=108.0kB) | arena=2.6kB | V_bus=5.132V I_bus=61.5mA P_bus=315.5mW E_total_accum=186.051mWh
15:58:48.956 > [BENCH] IDLE | t_inference_us=0 | heap=37.3kB/282.0kB (min=239.0kB, biggest=108.0kB) | arena=2.6kB | V_bus=5.132V I_bus=60.7mA P_bus=311.3mW E_total_accum=186.226mWh
15:58:50.972 > [BENCH] IDLE | t_inference_us=0 | heap=37.3kB/282.0kB (min=239.0kB, biggest=108.0kB) | arena=2.6kB | V_bus=5.132V I_bus=59.6mA P_bus=305.6mW E_total_accum=186.397mWh
15:58:52.993 > [BENCH] IDLE | t_inference_us=0 | heap=37.3kB/282.0kB (min=239.0kB, biggest=108.0kB) | arena=2.6kB | V_bus=5.128V I_bus=58.6mA P_bus=300.8mW E_total_accum=186.565mWh
15:58:55.003 > [BENCH] IDLE | t_inference_us=0 | heap=37.3kB/282.0kB (min=239.0kB, biggest=108.0kB) | arena=2.6kB | V_bus=5.132V I_bus=59.9mA P_bus=307.4mW E_total_accum=186.737mWh
15:58:57.020 > [BENCH] IDLE | t_inference_us=0 | heap=37.3kB/282.0kB (min=239.0kB, biggest=108.0kB) | arena=2.6kB | V_bus=5.136V I_bus=59.5mA P_bus=305.2mW E_total_accum=186.908mWh
15:58:59.019 > [BENCH] IDLE | t_inference_us=0 | heap=37.3kB/282.0kB (min=239.0kB, biggest=108.0kB) | arena=2.6kB | V_bus=5.136V I_bus=58.5mA P_bus=300.4mW E_total_accum=187.076mWh
15:59:01.036 > [BENCH] IDLE | t_inference_us=0 | heap=37.3kB/282.0kB (min=239.0kB, biggest=108.0kB) | arena=2.6kB | V_bus=5.132V I_bus=57.9mA P_bus=297.0mW E_total_accum=187.242mWh
15:59:03.053 > [BENCH] IDLE | t_inference_us=0 | heap=37.3kB/282.0kB (min=239.0kB, biggest=108.0kB) | arena=2.6kB | V_bus=5.136V I_bus=59.4mA P_bus=304.8mW E_total_accum=187.412mWh
15:59:05.067 > [BENCH] IDLE | t_inference_us=0 | heap=37.3kB/282.0kB (min=239.0kB, biggest=108.0kB) | arena=2.6kB | V_bus=5.132V I_bus=58.9mA P_bus=302.5mW E_total_accum=187.582mWh
15:59:07.084 > [BENCH] IDLE | t_inference_us=0 | heap=37.3kB/282.0kB (min=239.0kB, biggest=108.0kB) | arena=2.6kB | V_bus=5.128V I_bus=58.0mA P_bus=297.9mW E_total_accum=187.748mWh
15:59:09.102 > [BENCH] IDLE | t_inference_us=0 | heap=37.3kB/282.0kB (min=239.0kB, biggest=108.0kB) | arena=2.6kB | V_bus=5.132V I_bus=57.5mA P_bus=295.3mW E_total_accum=187.913mWh
15:59:11.118 > [BENCH] IDLE | t_inference_us=0 | heap=37.3kB/282.0kB (min=239.0kB, biggest=108.0kB) | arena=2.6kB | V_bus=5.136V I_bus=58.9mA P_bus=302.6mW E_total_accum=188.083mWh
15:59:13.119 > [BENCH] IDLE | t_inference_us=0 | heap=37.3kB/282.0kB (min=239.0kB, biggest=108.0kB) | arena=2.6kB | V_bus=5.132V I_bus=58.6mA P_bus=300.6mW E_total_accum=188.251mWh
15:59:15.132 > [BENCH] IDLE | t_inference_us=0 | heap=37.3kB/282.0kB (min=239.0kB, biggest=108.0kB) | arena=2.6kB | V_bus=5.132V I_bus=60.2mA P_bus=308.8mW E_total_accum=188.423mWh
15:59:17.146 > [BENCH] IDLE | t_inference_us=0 | heap=37.3kB/282.0kB (min=239.0kB, biggest=108.0kB) | arena=2.6kB | V_bus=5.132V I_bus=59.9mA P_bus=307.3mW E_total_accum=188.594mWh
15:59:19.162 > [BENCH] IDLE | t_inference_us=0 | heap=37.3kB/282.0kB (min=239.0kB, biggest=108.0kB) | arena=2.6kB | V_bus=5.132V I_bus=58.8mA P_bus=301.9mW E_total_accum=188.763mWh
15:59:21.174 > [BENCH] IDLE | t_inference_us=0 | heap=37.3kB/282.0kB (min=239.0kB, biggest=108.0kB) | arena=2.6kB | V_bus=5.132V I_bus=58.1mA P_bus=298.1mW E_total_accum=188.930mWh
15:59:23.187 > [BENCH] IDLE | t_inference_us=0 | heap=37.3kB/282.0kB (min=239.0kB, biggest=108.0kB) | arena=2.6kB | V_bus=5.132V I_bus=59.6mA P_bus=305.8mW E_total_accum=189.101mWh
15:59:25.196 > [BENCH] IDLE | t_inference_us=0 | heap=37.3kB/282.0kB (min=239.0kB, biggest=108.0kB) | arena=2.6kB | V_bus=5.132V I_bus=59.3mA P_bus=304.3mW E_total_accum=189.271mWh
15:59:27.213 > [BENCH] IDLE | t_inference_us=0 | heap=37.3kB/282.0kB (min=239.0kB, biggest=108.0kB) | arena=2.6kB | V_bus=5.132V I_bus=58.4mA P_bus=299.9mW E_total_accum=189.439mWh
15:59:29.230 > [BENCH] IDLE | t_inference_us=0 | heap=37.3kB/282.0kB (min=239.0kB, biggest=108.0kB) | arena=2.6kB | V_bus=5.132V I_bus=57.8mA P_bus=296.8mW E_total_accum=189.605mWh
15:59:31.231 > [BENCH] IDLE | t_inference_us=0 | heap=37.3kB/282.0kB (min=239.0kB, biggest=108.0kB) | arena=2.6kB | V_bus=5.136V I_bus=59.4mA P_bus=304.7mW E_total_accum=189.776mWh
15:59:33.248 > [BENCH] IDLE | t_inference_us=0 | heap=37.3kB/282.0kB (min=239.0kB, biggest=108.0kB) | arena=2.6kB | V_bus=5.132V I_bus=59.0mA P_bus=302.7mW E_total_accum=189.945mWh
15:59:35.261 > [BENCH] IDLE | t_inference_us=0 | heap=37.3kB/282.0kB (min=239.0kB, biggest=108.0kB) | arena=2.6kB | V_bus=5.132V I_bus=58.1mA P_bus=298.3mW E_total_accum=190.112mWh
15:59:37.279 > [BENCH] IDLE | t_inference_us=0 | heap=37.3kB/282.0kB (min=239.0kB, biggest=108.0kB) | arena=2.6kB | V_bus=5.132V I_bus=57.6mA P_bus=295.4mW E_total_accum=190.277mWh
15:59:38.895 > 
15:59:38.895 > [EVENT] type=HOUR  Tin=25.00 Hin=58.06 Tout=33.30 Hout=56.30
15:59:38.907 > [infer] REAL - Invoke executed (model ran)
15:59:38.916 > 
15:59:38.916 > [PWR] infer | E_inference_window(ΔE_total)=0.565µWh (E0=190.413956mWh E1=190.414520mWh) | E_inference_pipeline(ΔE_total)=0.809µWh (E0=190.413803mWh E1=190.414612mWh) | t_inference=5.711ms | t_inference_pipeline=8.912ms | E_total_accum=190.415mWh
15:59:38.933 > [BENCH] INFER_HOURLY | t_inference_us=5711 | heap=37.3kB/282.0kB (min=239.0kB, biggest=108.0kB) | arena=2.6kB | V_bus=5.124V I_bus=64.8mA P_bus=332.0mW E_total_accum=190.415mWh
15:59:38.949 > [HOUR] Tin=25.00 Hin=58.06 | Tp=24.54 Hp=58.21
15:59:38.952 > [HOUR] SAMPLES | N_ALL=13 N_T=13 N_H=13
15:59:38.955 > [HOUR] METRICS | MAE=nan RMSE=nan R2=NA | MAE_T=nan RMSE_T=nan R2_T=NA | MAE_H=nan RMSE_H=nan R2_H=NA
15:59:39.471 > [SENSORS] Health IN ok=1042 err=0 reinit=0 pwr=0 | OUT ok=1042 err=0 reinit=0 pwr=0
15:59:40.913 > [BENCH] IDLE | t_inference_us=0 | heap=37.3kB/282.0kB (min=239.0kB, biggest=108.0kB) | arena=2.6kB | V_bus=5.136V I_bus=63.3mA P_bus=324.6mW E_total_accum=190.596mWh
15:59:42.929 > [BENCH] IDLE | t_inference_us=0 | heap=37.3kB/282.0kB (min=239.0kB, biggest=108.0kB) | arena=2.6kB | V_bus=5.116V I_bus=63.3mA P_bus=324.5mW E_total_accum=190.778mWh
15:59:44.929 > [BENCH] IDLE | t_inference_us=0 | heap=37.3kB/282.0kB (min=239.0kB, biggest=108.0kB) | arena=2.6kB | V_bus=5.132V I_bus=62.7mA P_bus=321.2mW E_total_accum=190.957mWh
15:59:46.946 > [BENCH] IDLE | t_inference_us=0 | heap=37.3kB/282.0kB (min=239.0kB, biggest=108.0kB) | arena=2.6kB | V_bus=5.132V I_bus=61.1mA P_bus=313.2mW E_total_accum=191.132mWh
15:59:48.967 > [BENCH] IDLE | t_inference_us=0 | heap=37.3kB/282.0kB (min=239.0kB, biggest=108.0kB) | arena=2.6kB | V_bus=5.132V I_bus=59.9mA P_bus=307.2mW E_total_accum=191.304mWh
15:59:50.980 > [BENCH] IDLE | t_inference_us=0 | heap=37.3kB/282.0kB (min=239.0kB, biggest=108.0kB) | arena=2.6kB | V_bus=5.132V I_bus=61.7mA P_bus=316.5mW E_total_accum=191.481mWh
15:59:52.996 > [BENCH] IDLE | t_inference_us=0 | heap=37.3kB/282.0kB (min=239.0kB, biggest=108.0kB) | arena=2.6kB | V_bus=5.132V I_bus=61.8mA P_bus=317.0mW E_total_accum=191.658mWh
15:59:55.011 > [BENCH] IDLE | t_inference_us=0 | heap=37.3kB/282.0kB (min=239.0kB, biggest=108.0kB) | arena=2.6kB | V_bus=5.132V I_bus=60.8mA P_bus=311.8mW E_total_accum=191.832mWh
15:59:57.026 > [BENCH] IDLE | t_inference_us=0 | heap=37.3kB/282.0kB (min=239.0kB, biggest=108.0kB) | arena=2.6kB | V_bus=5.132V I_bus=59.6mA P_bus=305.9mW E_total_accum=192.004mWh
15:59:59.036 > [BENCH] IDLE | t_inference_us=0 | heap=37.3kB/282.0kB (min=239.0kB, biggest=108.0kB) | arena=2.6kB | V_bus=5.132V I_bus=58.9mA P_bus=302.1mW E_total_accum=192.173mWh
16:00:01.040 > [BENCH] IDLE | t_inference_us=0 | heap=37.3kB/282.0kB (min=239.0kB, biggest=108.0kB) | arena=2.6kB | V_bus=5.132V I_bus=60.2mA P_bus=309.1mW E_total_accum=192.346mWh
16:00:03.056 > [BENCH] IDLE | t_inference_us=0 | heap=37.3kB/282.0kB (min=239.0kB, biggest=108.0kB) | arena=2.6kB | V_bus=5.132V I_bus=59.9mA P_bus=307.4mW E_total_accum=192.518mWh
16:00:05.075 > [BENCH] IDLE | t_inference_us=0 | heap=37.3kB/282.0kB (min=239.0kB, biggest=108.0kB) | arena=2.6kB | V_bus=5.132V I_bus=58.9mA P_bus=302.3mW E_total_accum=192.687mWh
16:00:07.089 > [BENCH] IDLE | t_inference_us=0 | heap=37.3kB/282.0kB (min=239.0kB, biggest=108.0kB) | arena=2.6kB | V_bus=5.128V I_bus=58.3mA P_bus=298.9mW E_total_accum=192.854mWh
16:00:09.106 > [BENCH] IDLE | t_inference_us=0 | heap=37.3kB/282.0kB (min=239.0kB, biggest=108.0kB) | arena=2.6kB | V_bus=5.132V I_bus=57.7mA P_bus=296.1mW E_total_accum=193.019mWh
16:00:11.122 > [BENCH] IDLE | t_inference_us=0 | heap=37.3kB/282.0kB (min=239.0kB, biggest=108.0kB) | arena=2.6kB | V_bus=5.132V I_bus=59.1mA P_bus=303.5mW E_total_accum=193.189mWh
16:00:13.134 > [BENCH] IDLE | t_inference_us=0 | heap=37.3kB/282.0kB (min=239.0kB, biggest=108.0kB) | arena=2.6kB | V_bus=5.132V I_bus=58.9mA P_bus=302.3mW E_total_accum=193.358mWh
16:00:15.145 > [BENCH] IDLE | t_inference_us=0 | heap=37.3kB/282.0kB (min=239.0kB, biggest=108.0kB) | arena=2.6kB | V_bus=5.132V I_bus=58.1mA P_bus=298.3mW E_total_accum=193.525mWh
16:00:17.154 > [BENCH] IDLE | t_inference_us=0 | heap=37.3kB/282.0kB (min=239.0kB, biggest=108.0kB) | arena=2.6kB | V_bus=5.132V I_bus=57.6mA P_bus=295.7mW E_total_accum=193.691mWh
16:00:19.169 > [BENCH] IDLE | t_inference_us=0 | heap=37.3kB/282.0kB (min=239.0kB, biggest=108.0kB) | arena=2.6kB | V_bus=5.112V I_bus=59.6mA P_bus=305.6mW E_total_accum=193.861mWh
16:00:21.171 > [BENCH] IDLE | t_inference_us=0 | heap=37.3kB/282.0kB (min=239.0kB, biggest=108.0kB) | arena=2.6kB | V_bus=5.132V I_bus=58.7mA P_bus=301.0mW E_total_accum=194.029mWh
16:00:23.187 > [BENCH] IDLE | t_inference_us=0 | heap=37.3kB/282.0kB (min=239.0kB, biggest=108.0kB) | arena=2.6kB | V_bus=5.132V I_bus=58.1mA P_bus=298.0mW E_total_accum=194.196mWh
16:00:25.209 > [BENCH] IDLE | t_inference_us=0 | heap=37.3kB/282.0kB (min=239.0kB, biggest=108.0kB) | arena=2.6kB | V_bus=5.132V I_bus=57.6mA P_bus=295.2mW E_total_accum=194.361mWh
16:00:27.221 > [BENCH] IDLE | t_inference_us=0 | heap=37.3kB/282.0kB (min=239.0kB, biggest=108.0kB) | arena=2.6kB | V_bus=5.132V I_bus=59.5mA P_bus=305.3mW E_total_accum=194.532mWh
16:00:29.233 > [BENCH] IDLE | t_inference_us=0 | heap=37.3kB/282.0kB (min=239.0kB, biggest=108.0kB) | arena=2.6kB | V_bus=5.132V I_bus=59.8mA P_bus=306.8mW E_total_accum=194.703mWh
16:00:31.243 > [BENCH] IDLE | t_inference_us=0 | heap=37.3kB/282.0kB (min=239.0kB, biggest=108.0kB) | arena=2.6kB | V_bus=5.132V I_bus=59.3mA P_bus=304.3mW E_total_accum=194.874mWh
16:00:33.251 > [BENCH] IDLE | t_inference_us=0 | heap=37.3kB/282.0kB (min=239.0kB, biggest=108.0kB) | arena=2.6kB | V_bus=5.132V I_bus=58.5mA P_bus=300.1mW E_total_accum=195.041mWh
16:00:35.269 > [BENCH] IDLE | t_inference_us=0 | heap=37.3kB/282.0kB (min=239.0kB, biggest=108.0kB) | arena=2.6kB | V_bus=5.132V I_bus=57.9mA P_bus=297.3mW E_total_accum=195.208mWh
16:00:37.291 > [BENCH] IDLE | t_inference_us=0 | heap=37.3kB/282.0kB (min=239.0kB, biggest=108.0kB) | arena=2.6kB | V_bus=5.132V I_bus=57.4mA P_bus=294.7mW E_total_accum=195.373mWh
16:00:38.904 > 
16:00:38.904 > [EVENT] type=HOUR  Tin=25.80 Hin=57.00 Tout=33.30 Hout=56.20
16:00:38.913 > [infer] REAL - Invoke executed (model ran)
16:00:38.917 > 
16:00:38.917 > [PWR] infer | E_inference_window(ΔE_total)=0.565µWh (E0=195.508911mWh E1=195.509476mWh) | E_inference_pipeline(ΔE_total)=0.793µWh (E0=195.508774mWh E1=195.509567mWh) | t_inference=5.731ms | t_inference_pipeline=8.920ms | E_total_accum=195.510mWh
16:00:38.939 > [BENCH] INFER_HOURLY | t_inference_us=5731 | heap=37.3kB/282.0kB (min=239.0kB, biggest=108.0kB) | arena=2.6kB | V_bus=5.120V I_bus=64.8mA P_bus=332.1mW E_total_accum=195.510mWh
16:00:38.955 > [HOUR] Tin=25.80 Hin=57.00 | Tp=25.04 Hp=58.07
16:00:38.960 > [HOUR] SAMPLES | N_ALL=14 N_T=14 N_H=14
16:00:38.963 > [HOUR] METRICS | MAE=nan RMSE=nan R2=NA | MAE_T=nan RMSE_T=nan R2_T=NA | MAE_H=nan RMSE_H=nan R2_H=NA
16:00:39.470 > [SENSORS] Health IN ok=1070 err=0 reinit=0 pwr=0 | OUT ok=1070 err=0 reinit=0 pwr=0
16:00:40.932 > [BENCH] IDLE | t_inference_us=0 | heap=37.3kB/282.0kB (min=239.0kB, biggest=108.0kB) | arena=2.6kB | V_bus=5.132V I_bus=63.7mA P_bus=326.3mW E_total_accum=195.692mWh
16:00:42.932 > [BENCH] IDLE | t_inference_us=0 | heap=37.3kB/282.0kB (min=239.0kB, biggest=108.0kB) | arena=2.6kB | V_bus=5.132V I_bus=62.3mA P_bus=319.3mW E_total_accum=195.871mWh
16:00:44.950 > [BENCH] IDLE | t_inference_us=0 | heap=37.3kB/282.0kB (min=239.0kB, biggest=108.0kB) | arena=2.6kB | V_bus=5.132V I_bus=60.9mA P_bus=312.2mW E_total_accum=196.046mWh
16:00:46.967 > [BENCH] IDLE | t_inference_us=0 | heap=37.3kB/282.0kB (min=239.0kB, biggest=108.0kB) | arena=2.6kB | V_bus=5.132V I_bus=59.8mA P_bus=306.6mW E_total_accum=196.217mWh
16:00:48.975 > [BENCH] IDLE | t_inference_us=0 | heap=37.3kB/282.0kB (min=239.0kB, biggest=108.0kB) | arena=2.6kB | V_bus=5.132V I_bus=59.6mA P_bus=305.4mW E_total_accum=196.387mWh
16:00:50.989 > [BENCH] IDLE | t_inference_us=0 | heap=37.3kB/282.0kB (min=239.0kB, biggest=108.0kB) | arena=2.6kB | V_bus=5.132V I_bus=58.8mA P_bus=301.4mW E_total_accum=196.556mWh
16:00:52.997 > [BENCH] IDLE | t_inference_us=0 | heap=37.3kB/282.0kB (min=239.0kB, biggest=108.0kB) | arena=2.6kB | V_bus=5.132V I_bus=58.1mA P_bus=297.8mW E_total_accum=196.722mWh
16:00:55.014 > [BENCH] IDLE | t_inference_us=0 | heap=37.3kB/282.0kB (min=239.0kB, biggest=108.0kB) | arena=2.6kB | V_bus=5.128V I_bus=57.6mA P_bus=295.4mW E_total_accum=196.887mWh
16:00:57.031 > [BENCH] IDLE | t_inference_us=0 | heap=37.3kB/282.0kB (min=239.0kB, biggest=108.0kB) | arena=2.6kB | V_bus=5.132V I_bus=57.2mA P_bus=293.7mW E_total_accum=197.052mWh
16:00:59.044 > [BENCH] IDLE | t_inference_us=0 | heap=37.3kB/282.0kB (min=239.0kB, biggest=108.0kB) | arena=2.6kB | V_bus=5.136V I_bus=59.5mA P_bus=305.3mW E_total_accum=197.223mWh
16:01:01.059 > [BENCH] IDLE | t_inference_us=0 | heap=37.3kB/282.0kB (min=239.0kB, biggest=108.0kB) | arena=2.6kB | V_bus=5.132V I_bus=60.5mA P_bus=310.4mW E_total_accum=197.396mWh
16:01:03.070 > [BENCH] IDLE | t_inference_us=0 | heap=37.3kB/282.0kB (min=239.0kB, biggest=108.0kB) | arena=2.6kB | V_bus=5.132V I_bus=60.2mA P_bus=309.1mW E_total_accum=197.569mWh
16:01:05.077 > [BENCH] IDLE | t_inference_us=0 | heap=37.3kB/282.0kB (min=239.0kB, biggest=108.0kB) | arena=2.6kB | V_bus=5.132V I_bus=59.6mA P_bus=305.9mW E_total_accum=197.740mWh
16:01:07.095 > [BENCH] IDLE | t_inference_us=0 | heap=37.3kB/282.0kB (min=239.0kB, biggest=108.0kB) | arena=2.6kB | V_bus=5.132V I_bus=58.7mA P_bus=301.5mW E_total_accum=197.909mWh
16:01:09.114 > [BENCH] IDLE | t_inference_us=0 | heap=37.3kB/282.0kB (min=239.0kB, biggest=108.0kB) | arena=2.6kB | V_bus=5.132V I_bus=58.0mA P_bus=297.8mW E_total_accum=198.076mWh
16:01:11.125 > [BENCH] IDLE | t_inference_us=0 | heap=37.3kB/282.0kB (min=239.0kB, biggest=108.0kB) | arena=2.6kB | V_bus=5.128V I_bus=57.5mA P_bus=295.2mW E_total_accum=198.241mWh
16:01:13.142 > [BENCH] IDLE | t_inference_us=0 | heap=37.3kB/282.0kB (min=239.0kB, biggest=108.0kB) | arena=2.6kB | V_bus=5.132V I_bus=57.1mA P_bus=293.2mW E_total_accum=198.405mWh
16:01:15.144 > [BENCH] IDLE | t_inference_us=0 | heap=37.3kB/282.0kB (min=239.0kB, biggest=108.0kB) | arena=2.6kB | V_bus=5.132V I_bus=59.6mA P_bus=305.8mW E_total_accum=198.576mWh
16:01:17.161 > [BENCH] IDLE | t_inference_us=0 | heap=37.3kB/282.0kB (min=239.0kB, biggest=108.0kB) | arena=2.6kB | V_bus=5.132V I_bus=60.8mA P_bus=312.2mW E_total_accum=198.750mWh
16:01:19.184 > [BENCH] IDLE | t_inference_us=0 | heap=37.3kB/282.0kB (min=239.0kB, biggest=108.0kB) | arena=2.6kB | V_bus=5.132V I_bus=61.1mA P_bus=313.6mW E_total_accum=198.926mWh
16:01:21.191 > [BENCH] IDLE | t_inference_us=0 | heap=37.3kB/282.0kB (min=239.0kB, biggest=108.0kB) | arena=2.6kB | V_bus=5.128V I_bus=60.6mA P_bus=311.1mW E_total_accum=199.100mWh
16:01:23.209 > [BENCH] IDLE | t_inference_us=0 | heap=37.3kB/282.0kB (min=239.0kB, biggest=108.0kB) | arena=2.6kB | V_bus=5.116V I_bus=63.1mA P_bus=323.6mW E_total_accum=199.281mWh
16:01:25.208 > [BENCH] IDLE | t_inference_us=0 | heap=37.3kB/282.0kB (min=239.0kB, biggest=108.0kB) | arena=2.6kB | V_bus=5.132V I_bus=61.6mA P_bus=315.8mW E_total_accum=199.457mWh
16:01:27.227 > [BENCH] IDLE | t_inference_us=0 | heap=37.3kB/282.0kB (min=239.0kB, biggest=108.0kB) | arena=2.6kB | V_bus=5.132V I_bus=63.1mA P_bus=323.7mW E_total_accum=199.638mWh
16:01:29.240 > [BENCH] IDLE | t_inference_us=0 | heap=37.3kB/282.0kB (min=239.0kB, biggest=108.0kB) | arena=2.6kB | V_bus=5.132V I_bus=63.7mA P_bus=326.9mW E_total_accum=199.820mWh
16:01:31.255 > [BENCH] IDLE | t_inference_us=0 | heap=37.3kB/282.0kB (min=239.0kB, biggest=108.0kB) | arena=2.6kB | V_bus=5.132V I_bus=63.8mA P_bus=327.4mW E_total_accum=200.004mWh
16:01:33.255 > [BENCH] IDLE | t_inference_us=0 | heap=37.3kB/282.0kB (min=239.0kB, biggest=108.0kB) | arena=2.6kB | V_bus=5.128V I_bus=63.2mA P_bus=324.1mW E_total_accum=200.185mWh
16:01:35.281 > [BENCH] IDLE | t_inference_us=0 | heap=37.3kB/282.0kB (min=239.0kB, biggest=108.0kB) | arena=2.6kB | V_bus=5.132V I_bus=62.2mA P_bus=319.1mW E_total_accum=200.363mWh
16:01:37.290 > [BENCH] IDLE | t_inference_us=0 | heap=37.3kB/282.0kB (min=239.0kB, biggest=108.0kB) | arena=2.6kB | V_bus=5.132V I_bus=61.2mA P_bus=314.0mW E_total_accum=200.539mWh
16:01:38.906 > 
16:01:38.906 > [EVENT] type=HOUR  Tin=26.50 Hin=55.62 Tout=33.40 Hout=55.70
16:01:38.918 > [infer] REAL - Invoke executed (model ran)
16:01:38.922 > 
16:01:38.922 > [PWR] infer | E_inference_window(ΔE_total)=0.580µWh (E0=200.682816mWh E1=200.683395mWh) | E_inference_pipeline(ΔE_total)=0.824µWh (E0=200.682663mWh E1=200.683487mWh) | t_inference=5.714ms | t_inference_pipeline=8.916ms | E_total_accum=200.683mWh
16:01:38.944 > [BENCH] INFER_HOURLY | t_inference_us=5714 | heap=37.3kB/282.0kB (min=239.0kB, biggest=108.0kB) | arena=2.6kB | V_bus=5.120V I_bus=65.1mA P_bus=333.7mW E_total_accum=200.683mWh
16:01:38.960 > [HOUR] Tin=26.50 Hin=55.62 | Tp=25.84 Hp=57.01
16:01:38.964 > [HOUR] SAMPLES | N_ALL=15 N_T=15 N_H=15
16:01:38.967 > [HOUR] METRICS | MAE=nan RMSE=nan R2=NA | MAE_T=nan RMSE_T=nan R2_T=NA | MAE_H=nan RMSE_H=nan R2_H=NA
16:01:39.478 > [SENSORS] Health IN ok=1098 err=0 reinit=0 pwr=0 | OUT ok=1098 err=0 reinit=0 pwr=0
16:01:40.923 > [BENCH] IDLE | t_inference_us=0 | heap=37.3kB/282.0kB (min=239.0kB, biggest=108.0kB) | arena=2.6kB | V_bus=5.132V I_bus=63.2mA P_bus=323.8mW E_total_accum=200.865mWh
16:01:42.937 > [BENCH] IDLE | t_inference_us=0 | heap=37.3kB/282.0kB (min=239.0kB, biggest=108.0kB) | arena=2.6kB | V_bus=5.136V I_bus=61.6mA P_bus=316.1mW E_total_accum=201.042mWh
16:01:44.956 > [BENCH] IDLE | t_inference_us=0 | heap=37.3kB/282.0kB (min=239.0kB, biggest=108.0kB) | arena=2.6kB | V_bus=5.128V I_bus=60.5mA P_bus=310.1mW E_total_accum=201.215mWh
16:01:46.970 > [BENCH] IDLE | t_inference_us=0 | heap=37.3kB/282.0kB (min=239.0kB, biggest=108.0kB) | arena=2.6kB | V_bus=5.132V I_bus=59.6mA P_bus=305.5mW E_total_accum=201.386mWh
16:01:48.987 > [BENCH] IDLE | t_inference_us=0 | heap=37.3kB/282.0kB (min=239.0kB, biggest=108.0kB) | arena=2.6kB | V_bus=5.132V I_bus=58.8mA P_bus=301.8mW E_total_accum=201.555mWh
16:01:51.005 > [BENCH] IDLE | t_inference_us=0 | heap=37.3kB/282.0kB (min=239.0kB, biggest=108.0kB) | arena=2.6kB | V_bus=5.132V I_bus=61.0mA P_bus=313.1mW E_total_accum=201.730mWh
16:01:53.001 > [BENCH] IDLE | t_inference_us=0 | heap=37.3kB/282.0kB (min=239.0kB, biggest=108.0kB) | arena=2.6kB | V_bus=5.112V I_bus=62.4mA P_bus=320.0mW E_total_accum=201.909mWh
16:01:55.019 > [BENCH] IDLE | t_inference_us=0 | heap=37.3kB/282.0kB (min=239.0kB, biggest=108.0kB) | arena=2.6kB | V_bus=5.132V I_bus=61.0mA P_bus=312.5mW E_total_accum=202.083mWh
16:01:57.035 > [BENCH] IDLE | t_inference_us=0 | heap=37.3kB/282.0kB (min=239.0kB, biggest=108.0kB) | arena=2.6kB | V_bus=5.132V I_bus=59.8mA P_bus=306.9mW E_total_accum=202.255mWh
16:01:59.035 > [BENCH] IDLE | t_inference_us=0 | heap=37.3kB/282.0kB (min=239.0kB, biggest=108.0kB) | arena=2.6kB | V_bus=5.132V I_bus=59.0mA P_bus=302.4mW E_total_accum=202.424mWh
16:02:01.064 > [BENCH] IDLE | t_inference_us=0 | heap=37.3kB/282.0kB (min=239.0kB, biggest=108.0kB) | arena=2.6kB | V_bus=5.132V I_bus=58.3mA P_bus=299.3mW E_total_accum=202.591mWh
16:02:03.070 > [BENCH] IDLE | t_inference_us=0 | heap=37.3kB/282.0kB (min=239.0kB, biggest=108.0kB) | arena=2.6kB | V_bus=5.132V I_bus=57.8mA P_bus=296.6mW E_total_accum=202.757mWh
16:02:05.082 > [BENCH] IDLE | t_inference_us=0 | heap=37.3kB/282.0kB (min=239.0kB, biggest=108.0kB) | arena=2.6kB | V_bus=5.128V I_bus=57.4mA P_bus=294.4mW E_total_accum=202.922mWh
16:02:07.100 > [BENCH] IDLE | t_inference_us=0 | heap=37.3kB/282.0kB (min=239.0kB, biggest=108.0kB) | arena=2.6kB | V_bus=5.128V I_bus=57.1mA P_bus=293.0mW E_total_accum=203.086mWh
16:02:09.118 > [BENCH] IDLE | t_inference_us=0 | heap=37.3kB/282.0kB (min=239.0kB, biggest=108.0kB) | arena=2.6kB | V_bus=5.128V I_bus=56.9mA P_bus=291.7mW E_total_accum=203.249mWh
16:02:11.134 > [BENCH] IDLE | t_inference_us=0 | heap=37.3kB/282.0kB (min=239.0kB, biggest=108.0kB) | arena=2.6kB | V_bus=5.128V I_bus=56.6mA P_bus=290.5mW E_total_accum=203.411mWh
16:02:13.146 > [BENCH] IDLE | t_inference_us=0 | heap=37.3kB/282.0kB (min=239.0kB, biggest=108.0kB) | arena=2.6kB | V_bus=5.132V I_bus=56.5mA P_bus=289.7mW E_total_accum=203.573mWh
16:02:15.157 > [BENCH] IDLE | t_inference_us=0 | heap=37.3kB/282.0kB (min=239.0kB, biggest=108.0kB) | arena=2.6kB | V_bus=5.132V I_bus=56.4mA P_bus=289.2mW E_total_accum=203.735mWh
16:02:17.175 > [BENCH] IDLE | t_inference_us=0 | heap=37.3kB/282.0kB (min=239.0kB, biggest=108.0kB) | arena=2.6kB | V_bus=5.128V I_bus=56.3mA P_bus=288.8mW E_total_accum=203.897mWh
16:02:19.183 > [BENCH] IDLE | t_inference_us=0 | heap=37.3kB/282.0kB (min=239.0kB, biggest=108.0kB) | arena=2.6kB | V_bus=5.132V I_bus=56.2mA P_bus=288.4mW E_total_accum=204.058mWh
16:02:21.203 > [BENCH] IDLE | t_inference_us=0 | heap=37.3kB/282.0kB (min=239.0kB, biggest=108.0kB) | arena=2.6kB | V_bus=5.132V I_bus=56.1mA P_bus=287.8mW E_total_accum=204.219mWh
16:02:23.210 > [BENCH] IDLE | t_inference_us=0 | heap=37.3kB/282.0kB (min=239.0kB, biggest=108.0kB) | arena=2.6kB | V_bus=5.132V I_bus=56.0mA P_bus=287.5mW E_total_accum=204.380mWh
16:02:25.229 > [BENCH] IDLE | t_inference_us=0 | heap=37.3kB/282.0kB (min=239.0kB, biggest=108.0kB) | arena=2.6kB | V_bus=5.132V I_bus=58.7mA P_bus=301.3mW E_total_accum=204.549mWh
16:02:27.232 > [BENCH] IDLE | t_inference_us=0 | heap=37.3kB/282.0kB (min=239.0kB, biggest=108.0kB) | arena=2.6kB | V_bus=5.128V I_bus=58.2mA P_bus=298.4mW E_total_accum=204.716mWh
16:02:29.246 > [BENCH] IDLE | t_inference_us=0 | heap=37.3kB/282.0kB (min=239.0kB, biggest=108.0kB) | arena=2.6kB | V_bus=5.128V I_bus=58.1mA P_bus=298.2mW E_total_accum=204.881mWh
16:02:31.261 > [BENCH] IDLE | t_inference_us=0 | heap=37.3kB/282.0kB (min=239.0kB, biggest=108.0kB) | arena=2.6kB | V_bus=5.132V I_bus=58.2mA P_bus=298.7mW E_total_accum=205.049mWh
16:02:33.262 > [BENCH] IDLE | t_inference_us=0 | heap=37.3kB/282.0kB (min=239.0kB, biggest=108.0kB) | arena=2.6kB | V_bus=5.132V I_bus=58.3mA P_bus=299.2mW E_total_accum=205.216mWh
16:02:35.277 > [BENCH] IDLE | t_inference_us=0 | heap=37.3kB/282.0kB (min=239.0kB, biggest=108.0kB) | arena=2.6kB | V_bus=5.132V I_bus=58.3mA P_bus=299.1mW E_total_accum=205.383mWh
16:02:37.304 > [BENCH] IDLE | t_inference_us=0 | heap=37.3kB/282.0kB (min=239.0kB, biggest=108.0kB) | arena=2.6kB | V_bus=5.132V I_bus=58.3mA P_bus=299.2mW E_total_accum=205.551mWh
16:02:38.866 > 
16:02:38.866 > [EVENT] type=HOUR  Tin=27.00 Hin=54.37 Tout=33.50 Hout=56.10
16:02:38.884 > [infer] REAL - Invoke executed (model ran)
16:02:38.888 > 
16:02:38.888 > [PWR] infer | E_inference_window(ΔE_total)=0.565µWh (E0=205.683411mWh E1=205.683975mWh) | E_inference_pipeline(ΔE_total)=0.809µWh (E0=205.683258mWh E1=205.684067mWh) | t_inference=5.731ms | t_inference_pipeline=8.920ms | E_total_accum=205.684mWh
16:02:38.910 > [BENCH] INFER_HOURLY | t_inference_us=5731 | heap=37.3kB/282.0kB (min=239.0kB, biggest=108.0kB) | arena=2.6kB | V_bus=5.116V I_bus=64.3mA P_bus=329.6mW E_total_accum=205.684mWh
16:02:38.925 > [HOUR] Tin=27.00 Hin=54.37 | Tp=26.54 Hp=55.63
16:02:38.929 > [HOUR] SAMPLES | N_ALL=16 N_T=16 N_H=16
16:02:38.933 > [HOUR] METRICS | MAE=nan RMSE=nan R2=NA | MAE_T=nan RMSE_T=nan R2_T=NA | MAE_H=nan RMSE_H=nan R2_H=NA
16:02:39.490 > [SENSORS] Health IN ok=1126 err=0 reinit=0 pwr=0 | OUT ok=1126 err=0 reinit=0 pwr=0
16:02:40.894 > [BENCH] IDLE | t_inference_us=0 | heap=37.3kB/282.0kB (min=239.0kB, biggest=108.0kB) | arena=2.6kB | V_bus=5.132V I_bus=62.7mA P_bus=321.1mW E_total_accum=205.864mWh
16:02:42.913 > [BENCH] IDLE | t_inference_us=0 | heap=37.3kB/282.0kB (min=239.0kB, biggest=108.0kB) | arena=2.6kB | V_bus=5.128V I_bus=61.3mA P_bus=314.5mW E_total_accum=206.040mWh
16:02:44.924 > [BENCH] IDLE | t_inference_us=0 | heap=37.3kB/282.0kB (min=239.0kB, biggest=108.0kB) | arena=2.6kB | V_bus=5.128V I_bus=60.3mA P_bus=309.1mW E_total_accum=206.213mWh
16:02:46.941 > [BENCH] IDLE | t_inference_us=0 | heap=37.3kB/282.0kB (min=239.0kB, biggest=108.0kB) | arena=2.6kB | V_bus=5.128V I_bus=59.4mA P_bus=304.7mW E_total_accum=206.383mWh
16:02:48.958 > [BENCH] IDLE | t_inference_us=0 | heap=37.3kB/282.0kB (min=239.0kB, biggest=108.0kB) | arena=2.6kB | V_bus=5.132V I_bus=58.7mA P_bus=301.0mW E_total_accum=206.552mWh
16:02:50.960 > [BENCH] IDLE | t_inference_us=0 | heap=37.3kB/282.0kB (min=239.0kB, biggest=108.0kB) | arena=2.6kB | V_bus=5.132V I_bus=58.2mA P_bus=298.3mW E_total_accum=206.719mWh
16:02:52.973 > [BENCH] IDLE | t_inference_us=0 | heap=37.3kB/282.0kB (min=239.0kB, biggest=108.0kB) | arena=2.6kB | V_bus=5.128V I_bus=57.7mA P_bus=296.1mW E_total_accum=206.884mWh
16:02:54.989 > [BENCH] IDLE | t_inference_us=0 | heap=37.3kB/282.0kB (min=239.0kB, biggest=108.0kB) | arena=2.6kB | V_bus=5.136V I_bus=57.4mA P_bus=294.4mW E_total_accum=207.049mWh
16:02:57.004 > [BENCH] IDLE | t_inference_us=0 | heap=37.3kB/282.0kB (min=239.0kB, biggest=108.0kB) | arena=2.6kB | V_bus=5.116V I_bus=57.4mA P_bus=294.2mW E_total_accum=207.213mWh
16:02:59.010 > [BENCH] IDLE | t_inference_us=0 | heap=37.3kB/282.0kB (min=239.0kB, biggest=108.0kB) | arena=2.6kB | V_bus=5.132V I_bus=59.7mA P_bus=305.9mW E_total_accum=207.384mWh
16:03:01.022 > [BENCH] IDLE | t_inference_us=0 | heap=37.3kB/282.0kB (min=239.0kB, biggest=108.0kB) | arena=2.6kB | V_bus=5.136V I_bus=61.5mA P_bus=315.6mW E_total_accum=207.560mWh
16:03:03.037 > [BENCH] IDLE | t_inference_us=0 | heap=37.3kB/282.0kB (min=239.0kB, biggest=108.0kB) | arena=2.6kB | V_bus=5.128V I_bus=63.1mA P_bus=323.7mW E_total_accum=207.741mWh
16:03:05.053 > [BENCH] IDLE | t_inference_us=0 | heap=37.3kB/282.0kB (min=239.0kB, biggest=108.0kB) | arena=2.6kB | V_bus=5.132V I_bus=64.3mA P_bus=330.1mW E_total_accum=207.926mWh
16:03:07.063 > [BENCH] IDLE | t_inference_us=0 | heap=37.3kB/282.0kB (min=239.0kB, biggest=108.0kB) | arena=2.6kB | V_bus=5.136V I_bus=62.7mA P_bus=321.7mW E_total_accum=208.106mWh
16:03:09.074 > [BENCH] IDLE | t_inference_us=0 | heap=37.3kB/282.0kB (min=239.0kB, biggest=108.0kB) | arena=2.6kB | V_bus=5.128V I_bus=61.4mA P_bus=315.1mW E_total_accum=208.282mWh
16:03:11.090 > [BENCH] IDLE | t_inference_us=0 | heap=37.3kB/282.0kB (min=239.0kB, biggest=108.0kB) | arena=2.6kB | V_bus=5.132V I_bus=60.3mA P_bus=309.3mW E_total_accum=208.455mWh
16:03:13.103 > [BENCH] IDLE | t_inference_us=0 | heap=37.3kB/282.0kB (min=239.0kB, biggest=108.0kB) | arena=2.6kB | V_bus=5.132V I_bus=59.4mA P_bus=304.8mW E_total_accum=208.626mWh
16:03:15.121 > [BENCH] IDLE | t_inference_us=0 | heap=37.3kB/282.0kB (min=239.0kB, biggest=108.0kB) | arena=2.6kB | V_bus=5.132V I_bus=58.8mA P_bus=301.6mW E_total_accum=208.795mWh
16:03:17.138 > [BENCH] IDLE | t_inference_us=0 | heap=37.3kB/282.0kB (min=239.0kB, biggest=108.0kB) | arena=2.6kB | V_bus=5.128V I_bus=58.2mA P_bus=298.7mW E_total_accum=208.962mWh
16:03:19.150 > [BENCH] IDLE | t_inference_us=0 | heap=37.3kB/282.0kB (min=239.0kB, biggest=108.0kB) | arena=2.6kB | V_bus=5.128V I_bus=57.8mA P_bus=296.5mW E_total_accum=209.127mWh
16:03:21.169 > [BENCH] IDLE | t_inference_us=0 | heap=37.3kB/282.0kB (min=239.0kB, biggest=108.0kB) | arena=2.6kB | V_bus=5.128V I_bus=57.4mA P_bus=294.5mW E_total_accum=209.292mWh
16:03:23.170 > [BENCH] IDLE | t_inference_us=0 | heap=37.3kB/282.0kB (min=239.0kB, biggest=108.0kB) | arena=2.6kB | V_bus=5.128V I_bus=57.2mA P_bus=293.1mW E_total_accum=209.456mWh
16:03:25.197 > [BENCH] IDLE | t_inference_us=0 | heap=37.3kB/282.0kB (min=239.0kB, biggest=108.0kB) | arena=2.6kB | V_bus=5.128V I_bus=57.0mA P_bus=292.3mW E_total_accum=209.620mWh
16:03:27.212 > [BENCH] IDLE | t_inference_us=0 | heap=37.3kB/282.0kB (min=239.0kB, biggest=108.0kB) | arena=2.6kB | V_bus=5.132V I_bus=56.7mA P_bus=291.1mW E_total_accum=209.783mWh
16:03:29.226 > [BENCH] IDLE | t_inference_us=0 | heap=37.3kB/282.0kB (min=239.0kB, biggest=108.0kB) | arena=2.6kB | V_bus=5.132V I_bus=56.5mA P_bus=289.7mW E_total_accum=209.945mWh
16:03:31.233 > [BENCH] IDLE | t_inference_us=0 | heap=37.3kB/282.0kB (min=239.0kB, biggest=108.0kB) | arena=2.6kB | V_bus=5.128V I_bus=56.3mA P_bus=288.6mW E_total_accum=210.106mWh
16:03:33.226 > [BENCH] IDLE | t_inference_us=0 | heap=37.3kB/282.0kB (min=239.0kB, biggest=108.0kB) | arena=2.6kB | V_bus=5.132V I_bus=56.2mA P_bus=288.3mW E_total_accum=210.266mWh
16:03:35.254 > [BENCH] IDLE | t_inference_us=0 | heap=37.3kB/282.0kB (min=239.0kB, biggest=108.0kB) | arena=2.6kB | V_bus=5.132V I_bus=56.2mA P_bus=288.2mW E_total_accum=210.428mWh
16:03:37.270 > [BENCH] IDLE | t_inference_us=0 | heap=37.3kB/282.0kB (min=239.0kB, biggest=108.0kB) | arena=2.6kB | V_bus=5.132V I_bus=56.2mA P_bus=288.1mW E_total_accum=210.589mWh
16:03:38.879 > 
16:03:38.879 > [EVENT] type=HOUR  Tin=27.40 Hin=52.81 Tout=33.70 Hout=55.30
16:03:38.890 > [infer] REAL - Invoke executed (model ran)
16:03:38.895 > 
16:03:38.895 > [PWR] infer | E_inference_window(ΔE_total)=0.549µWh (E0=210.720078mWh E1=210.720627mWh) | E_inference_pipeline(ΔE_total)=0.778µWh (E0=210.719940mWh E1=210.720718mWh) | t_inference=5.714ms | t_inference_pipeline=8.916ms | E_total_accum=210.721mWh
16:03:38.917 > [BENCH] INFER_HOURLY | t_inference_us=5714 | heap=37.3kB/282.0kB (min=239.0kB, biggest=108.0kB) | arena=2.6kB | V_bus=5.120V I_bus=63.6mA P_bus=325.7mW E_total_accum=210.721mWh
16:03:38.931 > [HOUR] Tin=27.40 Hin=52.81 | Tp=27.04 Hp=54.38
16:03:38.935 > [HOUR] SAMPLES | N_ALL=17 N_T=17 N_H=17
16:03:38.940 > [HOUR] METRICS | MAE=nan RMSE=nan R2=NA | MAE_T=nan RMSE_T=nan R2_T=NA | MAE_H=nan RMSE_H=nan R2_H=NA
16:03:39.496 > [SENSORS] Health IN ok=1154 err=0 reinit=0 pwr=0 | OUT ok=1154 err=0 reinit=0 pwr=0
16:03:40.902 > [BENCH] IDLE | t_inference_us=0 | heap=37.3kB/282.0kB (min=239.0kB, biggest=108.0kB) | arena=2.6kB | V_bus=5.128V I_bus=62.1mA P_bus=318.0mW E_total_accum=210.899mWh
16:03:42.922 > [BENCH] IDLE | t_inference_us=0 | heap=37.3kB/282.0kB (min=239.0kB, biggest=108.0kB) | arena=2.6kB | V_bus=5.128V I_bus=60.9mA P_bus=312.0mW E_total_accum=211.073mWh
16:03:44.938 > [BENCH] IDLE | t_inference_us=0 | heap=37.3kB/282.0kB (min=239.0kB, biggest=108.0kB) | arena=2.6kB | V_bus=5.132V I_bus=60.0mA P_bus=307.4mW E_total_accum=211.245mWh
16:03:46.937 > [BENCH] IDLE | t_inference_us=0 | heap=37.3kB/282.0kB (min=239.0kB, biggest=108.0kB) | arena=2.6kB | V_bus=5.128V I_bus=59.1mA P_bus=303.1mW E_total_accum=211.415mWh
16:03:48.962 > [BENCH] IDLE | t_inference_us=0 | heap=37.3kB/282.0kB (min=239.0kB, biggest=108.0kB) | arena=2.6kB | V_bus=5.132V I_bus=58.4mA P_bus=299.4mW E_total_accum=211.582mWh
16:03:50.973 > [BENCH] IDLE | t_inference_us=0 | heap=37.3kB/282.0kB (min=239.0kB, biggest=108.0kB) | arena=2.6kB | V_bus=5.132V I_bus=57.8mA P_bus=296.4mW E_total_accum=211.748mWh
16:03:52.990 > [BENCH] IDLE | t_inference_us=0 | heap=37.3kB/282.0kB (min=239.0kB, biggest=108.0kB) | arena=2.6kB | V_bus=5.128V I_bus=57.6mA P_bus=295.6mW E_total_accum=211.914mWh
16:03:55.007 > [BENCH] IDLE | t_inference_us=0 | heap=37.3kB/282.0kB (min=239.0kB, biggest=108.0kB) | arena=2.6kB | V_bus=5.136V I_bus=57.7mA P_bus=296.1mW E_total_accum=212.079mWh
16:03:57.020 > [BENCH] IDLE | t_inference_us=0 | heap=37.3kB/282.0kB (min=239.0kB, biggest=108.0kB) | arena=2.6kB | V_bus=5.132V I_bus=58.1mA P_bus=298.1mW E_total_accum=212.246mWh
16:03:59.035 > [BENCH] IDLE | t_inference_us=0 | heap=37.3kB/282.0kB (min=239.0kB, biggest=108.0kB) | arena=2.6kB | V_bus=5.128V I_bus=58.7mA P_bus=301.0mW E_total_accum=212.414mWh
16:04:01.040 > [BENCH] IDLE | t_inference_us=0 | heap=37.3kB/282.0kB (min=239.0kB, biggest=108.0kB) | arena=2.6kB | V_bus=5.116V I_bus=60.7mA P_bus=311.1mW E_total_accum=212.588mWh
16:04:03.048 > [BENCH] IDLE | t_inference_us=0 | heap=37.3kB/282.0kB (min=239.0kB, biggest=108.0kB) | arena=2.6kB | V_bus=5.132V I_bus=59.6mA P_bus=305.8mW E_total_accum=212.759mWh
16:04:05.061 > [BENCH] IDLE | t_inference_us=0 | heap=37.3kB/282.0kB (min=239.0kB, biggest=108.0kB) | arena=2.6kB | V_bus=5.132V I_bus=59.1mA P_bus=303.3mW E_total_accum=212.928mWh
16:04:07.078 > [BENCH] IDLE | t_inference_us=0 | heap=37.3kB/282.0kB (min=239.0kB, biggest=108.0kB) | arena=2.6kB | V_bus=5.132V I_bus=59.0mA P_bus=302.7mW E_total_accum=213.098mWh
16:04:09.092 > [BENCH] IDLE | t_inference_us=0 | heap=37.3kB/282.0kB (min=239.0kB, biggest=108.0kB) | arena=2.6kB | V_bus=5.132V I_bus=59.2mA P_bus=303.5mW E_total_accum=213.267mWh
16:04:11.098 > [BENCH] IDLE | t_inference_us=0 | heap=37.3kB/282.0kB (min=239.0kB, biggest=108.0kB) | arena=2.6kB | V_bus=5.132V I_bus=60.0mA P_bus=307.8mW E_total_accum=213.440mWh
16:04:13.120 > [BENCH] IDLE | t_inference_us=0 | heap=37.3kB/282.0kB (min=239.0kB, biggest=108.0kB) | arena=2.6kB | V_bus=5.128V I_bus=61.1mA P_bus=313.5mW E_total_accum=213.615mWh
16:04:15.122 > [BENCH] IDLE | t_inference_us=0 | heap=37.3kB/282.0kB (min=239.0kB, biggest=108.0kB) | arena=2.6kB | V_bus=5.136V I_bus=62.6mA P_bus=321.1mW E_total_accum=213.795mWh
16:04:17.146 > [BENCH] IDLE | t_inference_us=0 | heap=37.3kB/282.0kB (min=239.0kB, biggest=108.0kB) | arena=2.6kB | V_bus=5.132V I_bus=64.0mA P_bus=328.5mW E_total_accum=213.978mWh
16:04:19.147 > [BENCH] IDLE | t_inference_us=0 | heap=37.3kB/282.0kB (min=239.0kB, biggest=108.0kB) | arena=2.6kB | V_bus=5.132V I_bus=62.5mA P_bus=320.5mW E_total_accum=214.158mWh
16:04:21.160 > [BENCH] IDLE | t_inference_us=0 | heap=37.3kB/282.0kB (min=239.0kB, biggest=108.0kB) | arena=2.6kB | V_bus=5.132V I_bus=61.2mA P_bus=314.0mW E_total_accum=214.333mWh
16:04:23.189 > [BENCH] IDLE | t_inference_us=0 | heap=37.3kB/282.0kB (min=239.0kB, biggest=108.0kB) | arena=2.6kB | V_bus=5.132V I_bus=60.1mA P_bus=308.7mW E_total_accum=214.506mWh
16:04:25.203 > [BENCH] IDLE | t_inference_us=0 | heap=37.3kB/282.0kB (min=239.0kB, biggest=108.0kB) | arena=2.6kB | V_bus=5.132V I_bus=59.2mA P_bus=303.8mW E_total_accum=214.676mWh
16:04:27.204 > [BENCH] IDLE | t_inference_us=0 | heap=37.3kB/282.0kB (min=239.0kB, biggest=108.0kB) | arena=2.6kB | V_bus=5.132V I_bus=58.5mA P_bus=300.1mW E_total_accum=214.844mWh
16:04:29.219 > [BENCH] IDLE | t_inference_us=0 | heap=37.3kB/282.0kB (min=239.0kB, biggest=108.0kB) | arena=2.6kB | V_bus=5.132V I_bus=58.3mA P_bus=299.3mW E_total_accum=215.011mWh
16:04:31.237 > [BENCH] IDLE | t_inference_us=0 | heap=37.3kB/282.0kB (min=239.0kB, biggest=108.0kB) | arena=2.6kB | V_bus=5.124V I_bus=58.6mA P_bus=300.4mW E_total_accum=215.179mWh
16:04:33.247 > [BENCH] IDLE | t_inference_us=0 | heap=37.3kB/282.0kB (min=239.0kB, biggest=108.0kB) | arena=2.6kB | V_bus=5.132V I_bus=59.5mA P_bus=305.2mW E_total_accum=215.350mWh
16:04:35.272 > [BENCH] IDLE | t_inference_us=0 | heap=37.3kB/282.0kB (min=239.0kB, biggest=108.0kB) | arena=2.6kB | V_bus=5.136V I_bus=60.9mA P_bus=312.4mW E_total_accum=215.525mWh
16:04:37.275 > [BENCH] IDLE | t_inference_us=0 | heap=37.3kB/282.0kB (min=239.0kB, biggest=108.0kB) | arena=2.6kB | V_bus=5.116V I_bus=62.5mA P_bus=320.6mW E_total_accum=215.704mWh
16:04:38.880 > 
16:04:38.880 > [EVENT] type=HOUR  Tin=27.70 Hin=52.09 Tout=33.80 Hout=54.60
16:04:38.895 > [infer] REAL - Invoke executed (model ran)
16:04:38.900 > 
16:04:38.900 > [PWR] infer | E_inference_window(ΔE_total)=0.595µWh (E0=215.848755mWh E1=215.849350mWh) | E_inference_pipeline(ΔE_total)=0.839µWh (E0=215.848602mWh E1=215.849442mWh) | t_inference=5.727ms | t_inference_pipeline=8.886ms | E_total_accum=215.849mWh
16:04:38.921 > [BENCH] INFER_HOURLY | t_inference_us=5727 | heap=37.3kB/282.0kB (min=239.0kB, biggest=108.0kB) | arena=2.6kB | V_bus=5.120V I_bus=66.5mA P_bus=341.0mW E_total_accum=215.849mWh
16:04:38.938 > [HOUR] Tin=27.70 Hin=52.09 | Tp=27.44 Hp=52.82
16:04:38.942 > [HOUR] SAMPLES | N_ALL=18 N_T=18 N_H=18
16:04:38.944 > [HOUR] METRICS | MAE=nan RMSE=nan R2=NA | MAE_T=nan RMSE_T=nan R2_T=NA | MAE_H=nan RMSE_H=nan R2_H=NA
16:04:39.513 > [SENSORS] Health IN ok=1183 err=0 reinit=0 pwr=0 | OUT ok=1183 err=0 reinit=0 pwr=0
16:04:40.916 > [BENCH] IDLE | t_inference_us=0 | heap=37.3kB/282.0kB (min=239.0kB, biggest=108.0kB) | arena=2.6kB | V_bus=5.132V I_bus=65.3mA P_bus=334.6mW E_total_accum=216.037mWh
16:04:42.926 > [BENCH] IDLE | t_inference_us=0 | heap=37.3kB/282.0kB (min=239.0kB, biggest=108.0kB) | arena=2.6kB | V_bus=5.132V I_bus=65.4mA P_bus=335.1mW E_total_accum=216.224mWh
16:04:44.936 > [BENCH] IDLE | t_inference_us=0 | heap=37.3kB/282.0kB (min=239.0kB, biggest=108.0kB) | arena=2.6kB | V_bus=5.132V I_bus=66.0mA P_bus=338.5mW E_total_accum=216.414mWh
16:04:46.958 > [BENCH] IDLE | t_inference_us=0 | heap=37.3kB/282.0kB (min=239.0kB, biggest=108.0kB) | arena=2.6kB | V_bus=5.132V I_bus=64.1mA P_bus=328.6mW E_total_accum=216.598mWh
16:04:48.972 > [BENCH] IDLE | t_inference_us=0 | heap=37.3kB/282.0kB (min=239.0kB, biggest=108.0kB) | arena=2.6kB | V_bus=5.128V I_bus=62.5mA P_bus=320.6mW E_total_accum=216.777mWh
16:04:50.977 > [BENCH] IDLE | t_inference_us=0 | heap=37.3kB/282.0kB (min=239.0kB, biggest=108.0kB) | arena=2.6kB | V_bus=5.132V I_bus=61.3mA P_bus=314.2mW E_total_accum=216.953mWh
16:04:52.984 > [BENCH] IDLE | t_inference_us=0 | heap=37.3kB/282.0kB (min=239.0kB, biggest=108.0kB) | arena=2.6kB | V_bus=5.132V I_bus=60.1mA P_bus=308.3mW E_total_accum=217.125mWh
16:04:55.013 > [BENCH] IDLE | t_inference_us=0 | heap=37.3kB/282.0kB (min=239.0kB, biggest=108.0kB) | arena=2.6kB | V_bus=5.132V I_bus=59.5mA P_bus=305.2mW E_total_accum=217.296mWh
16:04:57.027 > [BENCH] IDLE | t_inference_us=0 | heap=37.3kB/282.0kB (min=239.0kB, biggest=108.0kB) | arena=2.6kB | V_bus=5.132V I_bus=59.4mA P_bus=305.0mW E_total_accum=217.467mWh
16:04:59.037 > [BENCH] IDLE | t_inference_us=0 | heap=37.3kB/282.0kB (min=239.0kB, biggest=108.0kB) | arena=2.6kB | V_bus=5.132V I_bus=60.1mA P_bus=308.5mW E_total_accum=217.639mWh
16:05:01.039 > [BENCH] IDLE | t_inference_us=0 | heap=37.3kB/282.0kB (min=239.0kB, biggest=108.0kB) | arena=2.6kB | V_bus=5.132V I_bus=61.5mA P_bus=315.4mW E_total_accum=217.816mWh
16:05:03.053 > [BENCH] IDLE | t_inference_us=0 | heap=37.3kB/282.0kB (min=239.0kB, biggest=108.0kB) | arena=2.6kB | V_bus=5.132V I_bus=60.5mA P_bus=310.2mW E_total_accum=217.989mWh
16:05:05.077 > [BENCH] IDLE | t_inference_us=0 | heap=37.3kB/282.0kB (min=239.0kB, biggest=108.0kB) | arena=2.6kB | V_bus=5.128V I_bus=59.6mA P_bus=305.9mW E_total_accum=218.160mWh
16:05:07.084 > [BENCH] IDLE | t_inference_us=0 | heap=37.3kB/282.0kB (min=239.0kB, biggest=108.0kB) | arena=2.6kB | V_bus=5.128V I_bus=61.0mA P_bus=312.8mW E_total_accum=218.334mWh
16:05:09.094 > [BENCH] IDLE | t_inference_us=0 | heap=37.3kB/282.0kB (min=239.0kB, biggest=108.0kB) | arena=2.6kB | V_bus=5.132V I_bus=62.7mA P_bus=321.9mW E_total_accum=218.514mWh
16:05:11.112 > [BENCH] IDLE | t_inference_us=0 | heap=37.3kB/282.0kB (min=239.0kB, biggest=108.0kB) | arena=2.6kB | V_bus=5.132V I_bus=61.4mA P_bus=315.1mW E_total_accum=218.691mWh
16:05:13.126 > [BENCH] IDLE | t_inference_us=0 | heap=37.3kB/282.0kB (min=239.0kB, biggest=108.0kB) | arena=2.6kB | V_bus=5.132V I_bus=60.4mA P_bus=309.8mW E_total_accum=218.864mWh
16:05:15.140 > [BENCH] IDLE | t_inference_us=0 | heap=37.3kB/282.0kB (min=239.0kB, biggest=108.0kB) | arena=2.6kB | V_bus=5.128V I_bus=59.5mA P_bus=305.0mW E_total_accum=219.035mWh
16:05:17.153 > [BENCH] IDLE | t_inference_us=0 | heap=37.3kB/282.0kB (min=239.0kB, biggest=108.0kB) | arena=2.6kB | V_bus=5.128V I_bus=59.0mA P_bus=302.6mW E_total_accum=219.204mWh
16:05:19.155 > [BENCH] IDLE | t_inference_us=0 | heap=37.3kB/282.0kB (min=239.0kB, biggest=108.0kB) | arena=2.6kB | V_bus=5.132V I_bus=59.0mA P_bus=302.9mW E_total_accum=219.373mWh
16:05:21.168 > [BENCH] IDLE | t_inference_us=0 | heap=37.3kB/282.0kB (min=239.0kB, biggest=108.0kB) | arena=2.6kB | V_bus=5.132V I_bus=60.0mA P_bus=307.9mW E_total_accum=219.546mWh
16:05:23.189 > [BENCH] IDLE | t_inference_us=0 | heap=37.3kB/282.0kB (min=239.0kB, biggest=108.0kB) | arena=2.6kB | V_bus=5.136V I_bus=61.7mA P_bus=316.6mW E_total_accum=219.723mWh
16:05:25.203 > [BENCH] IDLE | t_inference_us=0 | heap=37.3kB/282.0kB (min=239.0kB, biggest=108.0kB) | arena=2.6kB | V_bus=5.128V I_bus=60.6mA P_bus=311.0mW E_total_accum=219.897mWh
16:05:27.224 > [BENCH] IDLE | t_inference_us=0 | heap=37.3kB/282.0kB (min=239.0kB, biggest=108.0kB) | arena=2.6kB | V_bus=5.128V I_bus=59.8mA P_bus=306.8mW E_total_accum=220.068mWh
16:05:29.229 > [BENCH] IDLE | t_inference_us=0 | heap=37.3kB/282.0kB (min=239.0kB, biggest=108.0kB) | arena=2.6kB | V_bus=5.132V I_bus=59.0mA P_bus=302.6mW E_total_accum=220.238mWh
16:05:31.241 > [BENCH] IDLE | t_inference_us=0 | heap=37.3kB/282.0kB (min=239.0kB, biggest=108.0kB) | arena=2.6kB | V_bus=5.132V I_bus=58.3mA P_bus=299.0mW E_total_accum=220.405mWh
16:05:33.257 > [BENCH] IDLE | t_inference_us=0 | heap=37.3kB/282.0kB (min=239.0kB, biggest=108.0kB) | arena=2.6kB | V_bus=5.132V I_bus=58.2mA P_bus=298.9mW E_total_accum=220.572mWh
16:05:35.272 > [BENCH] IDLE | t_inference_us=0 | heap=37.3kB/282.0kB (min=239.0kB, biggest=108.0kB) | arena=2.6kB | V_bus=5.132V I_bus=58.9mA P_bus=302.1mW E_total_accum=220.741mWh
16:05:37.293 > [BENCH] IDLE | t_inference_us=0 | heap=37.3kB/282.0kB (min=239.0kB, biggest=108.0kB) | arena=2.6kB | V_bus=5.132V I_bus=60.4mA P_bus=310.0mW E_total_accum=220.915mWh
16:05:38.894 > 
16:05:38.894 > [EVENT] type=HOUR  Tin=27.80 Hin=50.70 Tout=33.60 Hout=53.60
16:05:38.902 > [infer] REAL - Invoke executed (model ran)
16:05:38.906 > 
16:05:38.907 > [PWR] infer | E_inference_window(ΔE_total)=0.580µWh (E0=221.055862mWh E1=221.056442mWh) | E_inference_pipeline(ΔE_total)=0.824µWh (E0=221.055710mWh E1=221.056534mWh) | t_inference=5.708ms | t_inference_pipeline=8.894ms | E_total_accum=221.057mWh
16:05:38.942 > [BENCH] INFER_HOURLY | t_inference_us=5708 | heap=37.3kB/282.0kB (min=239.0kB, biggest=108.0kB) | arena=2.6kB | V_bus=5.120V I_bus=66.5mA P_bus=341.0mW E_total_accum=221.057mWh
16:05:38.943 > [HOUR] Tin=27.80 Hin=50.70 | Tp=27.74 Hp=52.10
16:05:38.950 > [HOUR] SAMPLES | N_ALL=19 N_T=19 N_H=19
16:05:38.950 > [HOUR] METRICS | MAE=nan RMSE=nan R2=NA | MAE_T=nan RMSE_T=nan R2_T=NA | MAE_H=nan RMSE_H=nan R2_H=NA
16:05:39.512 > [SENSORS] Health IN ok=1211 err=0 reinit=0 pwr=0 | OUT ok=1211 err=0 reinit=0 pwr=0
16:05:40.918 > [BENCH] IDLE | t_inference_us=0 | heap=37.3kB/282.0kB (min=239.0kB, biggest=108.0kB) | arena=2.6kB | V_bus=5.132V I_bus=65.0mA P_bus=333.5mW E_total_accum=221.243mWh
16:05:42.928 > [BENCH] IDLE | t_inference_us=0 | heap=37.3kB/282.0kB (min=239.0kB, biggest=108.0kB) | arena=2.6kB | V_bus=5.132V I_bus=65.1mA P_bus=333.8mW E_total_accum=221.430mWh
16:05:44.941 > [BENCH] IDLE | t_inference_us=0 | heap=37.3kB/282.0kB (min=239.0kB, biggest=108.0kB) | arena=2.6kB | V_bus=5.132V I_bus=66.0mA P_bus=338.5mW E_total_accum=221.620mWh
16:05:46.955 > [BENCH] IDLE | t_inference_us=0 | heap=37.3kB/282.0kB (min=239.0kB, biggest=108.0kB) | arena=2.6kB | V_bus=5.132V I_bus=64.1mA P_bus=328.6mW E_total_accum=221.803mWh
16:05:48.978 > [BENCH] IDLE | t_inference_us=0 | heap=37.3kB/282.0kB (min=239.0kB, biggest=108.0kB) | arena=2.6kB | V_bus=5.132V I_bus=62.5mA P_bus=320.7mW E_total_accum=221.983mWh
16:05:50.984 > [BENCH] IDLE | t_inference_us=0 | heap=37.3kB/282.0kB (min=239.0kB, biggest=108.0kB) | arena=2.6kB | V_bus=5.132V I_bus=61.1mA P_bus=313.6mW E_total_accum=222.158mWh
16:05:53.006 > [BENCH] IDLE | t_inference_us=0 | heap=37.3kB/282.0kB (min=239.0kB, biggest=108.0kB) | arena=2.6kB | V_bus=5.132V I_bus=60.6mA P_bus=310.8mW E_total_accum=222.332mWh
16:05:55.007 > [BENCH] IDLE | t_inference_us=0 | heap=37.3kB/282.0kB (min=239.0kB, biggest=108.0kB) | arena=2.6kB | V_bus=5.132V I_bus=61.1mA P_bus=313.6mW E_total_accum=222.508mWh
16:05:57.021 > [BENCH] IDLE | t_inference_us=0 | heap=37.3kB/282.0kB (min=239.0kB, biggest=108.0kB) | arena=2.6kB | V_bus=5.132V I_bus=62.7mA P_bus=321.8mW E_total_accum=222.688mWh
16:05:59.047 > [BENCH] IDLE | t_inference_us=0 | heap=37.3kB/282.0kB (min=239.0kB, biggest=108.0kB) | arena=2.6kB | V_bus=5.128V I_bus=61.5mA P_bus=315.6mW E_total_accum=222.864mWh
16:06:01.050 > [BENCH] IDLE | t_inference_us=0 | heap=37.3kB/282.0kB (min=239.0kB, biggest=108.0kB) | arena=2.6kB | V_bus=5.132V I_bus=60.4mA P_bus=310.1mW E_total_accum=223.038mWh
16:06:03.072 > [BENCH] IDLE | t_inference_us=0 | heap=37.3kB/282.0kB (min=239.0kB, biggest=108.0kB) | arena=2.6kB | V_bus=5.132V I_bus=59.5mA P_bus=305.1mW E_total_accum=223.208mWh
16:06:05.089 > [BENCH] IDLE | t_inference_us=0 | heap=37.3kB/282.0kB (min=239.0kB, biggest=108.0kB) | arena=2.6kB | V_bus=5.132V I_bus=59.3mA P_bus=304.2mW E_total_accum=223.378mWh
16:06:07.100 > [BENCH] IDLE | t_inference_us=0 | heap=37.3kB/282.0kB (min=239.0kB, biggest=108.0kB) | arena=2.6kB | V_bus=5.132V I_bus=60.1mA P_bus=308.4mW E_total_accum=223.551mWh
16:06:09.117 > [BENCH] IDLE | t_inference_us=0 | heap=37.3kB/282.0kB (min=239.0kB, biggest=108.0kB) | arena=2.6kB | V_bus=5.132V I_bus=62.0mA P_bus=317.9mW E_total_accum=223.729mWh
16:06:11.123 > [BENCH] IDLE | t_inference_us=0 | heap=37.3kB/282.0kB (min=239.0kB, biggest=108.0kB) | arena=2.6kB | V_bus=5.116V I_bus=63.6mA P_bus=326.0mW E_total_accum=223.911mWh
16:06:13.134 > [BENCH] IDLE | t_inference_us=0 | heap=37.3kB/282.0kB (min=239.0kB, biggest=108.0kB) | arena=2.6kB | V_bus=5.132V I_bus=64.4mA P_bus=330.3mW E_total_accum=224.095mWh
16:06:15.147 > [BENCH] IDLE | t_inference_us=0 | heap=37.3kB/282.0kB (min=239.0kB, biggest=108.0kB) | arena=2.6kB | V_bus=5.128V I_bus=62.8mA P_bus=321.9mW E_total_accum=224.275mWh
16:06:17.156 > [BENCH] IDLE | t_inference_us=0 | heap=37.3kB/282.0kB (min=239.0kB, biggest=108.0kB) | arena=2.6kB | V_bus=5.132V I_bus=61.5mA P_bus=315.4mW E_total_accum=224.452mWh
16:06:19.175 > [BENCH] IDLE | t_inference_us=0 | heap=37.3kB/282.0kB (min=239.0kB, biggest=108.0kB) | arena=2.6kB | V_bus=5.132V I_bus=60.4mA P_bus=309.6mW E_total_accum=224.625mWh
16:06:21.182 > [BENCH] IDLE | t_inference_us=0 | heap=37.3kB/282.0kB (min=239.0kB, biggest=108.0kB) | arena=2.6kB | V_bus=5.128V I_bus=60.1mA P_bus=308.5mW E_total_accum=224.797mWh
16:06:23.202 > [BENCH] IDLE | t_inference_us=0 | heap=37.3kB/282.0kB (min=239.0kB, biggest=108.0kB) | arena=2.6kB | V_bus=5.132V I_bus=61.3mA P_bus=314.4mW E_total_accum=224.973mWh
16:06:25.217 > [BENCH] IDLE | t_inference_us=0 | heap=37.3kB/282.0kB (min=239.0kB, biggest=108.0kB) | arena=2.6kB | V_bus=5.132V I_bus=63.1mA P_bus=323.8mW E_total_accum=225.154mWh
16:06:27.219 > [BENCH] IDLE | t_inference_us=0 | heap=37.3kB/282.0kB (min=239.0kB, biggest=108.0kB) | arena=2.6kB | V_bus=5.128V I_bus=61.8mA P_bus=316.9mW E_total_accum=225.332mWh
16:06:29.245 > [BENCH] IDLE | t_inference_us=0 | heap=37.3kB/282.0kB (min=239.0kB, biggest=108.0kB) | arena=2.6kB | V_bus=5.128V I_bus=60.6mA P_bus=310.8mW E_total_accum=225.506mWh
16:06:31.248 > [BENCH] IDLE | t_inference_us=0 | heap=37.3kB/282.0kB (min=239.0kB, biggest=108.0kB) | arena=2.6kB | V_bus=5.132V I_bus=60.0mA P_bus=308.0mW E_total_accum=225.678mWh
16:06:33.265 > [BENCH] IDLE | t_inference_us=0 | heap=37.3kB/282.0kB (min=239.0kB, biggest=108.0kB) | arena=2.6kB | V_bus=5.132V I_bus=60.7mA P_bus=311.3mW E_total_accum=225.852mWh
16:06:35.287 > [BENCH] IDLE | t_inference_us=0 | heap=37.3kB/282.0kB (min=239.0kB, biggest=108.0kB) | arena=2.6kB | V_bus=5.132V I_bus=62.5mA P_bus=320.6mW E_total_accum=226.031mWh
16:06:37.294 > [BENCH] IDLE | t_inference_us=0 | heap=37.3kB/282.0kB (min=239.0kB, biggest=108.0kB) | arena=2.6kB | V_bus=5.128V I_bus=61.2mA P_bus=314.2mW E_total_accum=226.207mWh
16:06:38.853 > 
16:06:38.853 > [EVENT] type=HOUR  Tin=28.00 Hin=50.30 Tout=33.60 Hout=55.30
16:06:38.875 > [infer] REAL - Invoke executed (model ran)
16:06:38.879 > 
16:06:38.879 > [PWR] infer | E_inference_window(ΔE_total)=0.610µWh (E0=226.351135mWh E1=226.351746mWh) | E_inference_pipeline(ΔE_total)=0.854µWh (E0=226.350983mWh E1=226.351837mWh) | t_inference=5.731ms | t_inference_pipeline=8.898ms | E_total_accum=226.352mWh
16:06:38.901 > [BENCH] INFER_HOURLY | t_inference_us=5731 | heap=37.3kB/282.0kB (min=239.0kB, biggest=108.0kB) | arena=2.6kB | V_bus=5.124V I_bus=69.7mA P_bus=357.3mW E_total_accum=226.352mWh
16:06:38.918 > [HOUR] Tin=28.00 Hin=50.30 | Tp=27.84 Hp=50.72
16:06:38.920 > [HOUR] SAMPLES | N_ALL=20 N_T=20 N_H=20
16:06:38.924 > [HOUR] METRICS | MAE=nan RMSE=nan R2=NA | MAE_T=nan RMSE_T=nan R2_T=NA | MAE_H=nan RMSE_H=nan R2_H=NA
16:06:39.528 > [SENSORS] Health IN ok=1239 err=0 reinit=0 pwr=0 | OUT ok=1239 err=0 reinit=0 pwr=0
16:06:40.880 > [BENCH] IDLE | t_inference_us=0 | heap=37.3kB/282.0kB (min=239.0kB, biggest=108.0kB) | arena=2.6kB | V_bus=5.132V I_bus=67.8mA P_bus=347.4mW E_total_accum=226.546mWh
16:06:42.901 > [BENCH] IDLE | t_inference_us=0 | heap=37.3kB/282.0kB (min=239.0kB, biggest=108.0kB) | arena=2.6kB | V_bus=5.132V I_bus=67.9mA P_bus=348.0mW E_total_accum=226.741mWh
16:06:44.917 > [BENCH] IDLE | t_inference_us=0 | heap=37.3kB/282.0kB (min=239.0kB, biggest=108.0kB) | arena=2.6kB | V_bus=5.132V I_bus=65.5mA P_bus=336.1mW E_total_accum=226.929mWh
16:06:46.928 > [BENCH] IDLE | t_inference_us=0 | heap=37.3kB/282.0kB (min=239.0kB, biggest=108.0kB) | arena=2.6kB | V_bus=5.128V I_bus=63.7mA P_bus=326.8mW E_total_accum=227.112mWh
16:06:48.939 > [BENCH] IDLE | t_inference_us=0 | heap=37.3kB/282.0kB (min=239.0kB, biggest=108.0kB) | arena=2.6kB | V_bus=5.132V I_bus=62.2mA P_bus=318.8mW E_total_accum=227.290mWh
16:06:50.960 > [BENCH] IDLE | t_inference_us=0 | heap=37.3kB/282.0kB (min=239.0kB, biggest=108.0kB) | arena=2.6kB | V_bus=5.132V I_bus=61.6mA P_bus=316.1mW E_total_accum=227.467mWh
16:06:52.958 > [BENCH] IDLE | t_inference_us=0 | heap=37.3kB/282.0kB (min=239.0kB, biggest=108.0kB) | arena=2.6kB | V_bus=5.132V I_bus=62.3mA P_bus=319.8mW E_total_accum=227.646mWh
16:06:54.973 > [BENCH] IDLE | t_inference_us=0 | heap=37.3kB/282.0kB (min=239.0kB, biggest=108.0kB) | arena=2.6kB | V_bus=5.132V I_bus=63.9mA P_bus=327.9mW E_total_accum=227.829mWh
16:06:56.993 > [BENCH] IDLE | t_inference_us=0 | heap=37.3kB/282.0kB (min=239.0kB, biggest=108.0kB) | arena=2.6kB | V_bus=5.128V I_bus=62.4mA P_bus=320.2mW E_total_accum=228.008mWh
16:06:59.015 > [BENCH] IDLE | t_inference_us=0 | heap=37.3kB/282.0kB (min=239.0kB, biggest=108.0kB) | arena=2.6kB | V_bus=5.132V I_bus=61.2mA P_bus=313.7mW E_total_accum=228.184mWh
16:07:01.029 > [BENCH] IDLE | t_inference_us=0 | heap=37.3kB/282.0kB (min=239.0kB, biggest=108.0kB) | arena=2.6kB | V_bus=5.132V I_bus=60.4mA P_bus=310.1mW E_total_accum=228.357mWh
16:07:03.039 > [BENCH] IDLE | t_inference_us=0 | heap=37.3kB/282.0kB (min=239.0kB, biggest=108.0kB) | arena=2.6kB | V_bus=5.132V I_bus=60.8mA P_bus=312.1mW E_total_accum=228.532mWh
16:07:05.050 > [BENCH] IDLE | t_inference_us=0 | heap=37.3kB/282.0kB (min=239.0kB, biggest=108.0kB) | arena=2.6kB | V_bus=5.132V I_bus=62.5mA P_bus=320.8mW E_total_accum=228.712mWh
16:07:07.071 > [BENCH] IDLE | t_inference_us=0 | heap=37.3kB/282.0kB (min=239.0kB, biggest=108.0kB) | arena=2.6kB | V_bus=5.132V I_bus=61.4mA P_bus=314.9mW E_total_accum=228.888mWh
16:07:09.078 > [BENCH] IDLE | t_inference_us=0 | heap=37.3kB/282.0kB (min=239.0kB, biggest=108.0kB) | arena=2.6kB | V_bus=5.132V I_bus=60.2mA P_bus=309.2mW E_total_accum=229.061mWh
16:07:11.099 > [BENCH] IDLE | t_inference_us=0 | heap=37.3kB/282.0kB (min=239.0kB, biggest=108.0kB) | arena=2.6kB | V_bus=5.132V I_bus=59.6mA P_bus=305.9mW E_total_accum=229.232mWh
16:07:13.113 > [BENCH] IDLE | t_inference_us=0 | heap=37.3kB/282.0kB (min=239.0kB, biggest=108.0kB) | arena=2.6kB | V_bus=5.132V I_bus=60.1mA P_bus=308.6mW E_total_accum=229.404mWh
16:07:15.112 > [BENCH] IDLE | t_inference_us=0 | heap=37.3kB/282.0kB (min=239.0kB, biggest=108.0kB) | arena=2.6kB | V_bus=5.116V I_bus=61.9mA P_bus=317.3mW E_total_accum=229.581mWh
16:07:17.118 > [BENCH] IDLE | t_inference_us=0 | heap=37.3kB/282.0kB (min=239.0kB, biggest=108.0kB) | arena=2.6kB | V_bus=5.132V I_bus=61.8mA P_bus=316.8mW E_total_accum=229.758mWh
16:07:19.133 > [BENCH] IDLE | t_inference_us=0 | heap=37.3kB/282.0kB (min=239.0kB, biggest=108.0kB) | arena=2.6kB | V_bus=5.132V I_bus=63.2mA P_bus=324.4mW E_total_accum=229.940mWh
16:07:21.155 > [BENCH] IDLE | t_inference_us=0 | heap=37.3kB/282.0kB (min=239.0kB, biggest=108.0kB) | arena=2.6kB | V_bus=5.128V I_bus=61.8mA P_bus=317.2mW E_total_accum=230.117mWh
16:07:23.164 > [BENCH] IDLE | t_inference_us=0 | heap=37.3kB/282.0kB (min=239.0kB, biggest=108.0kB) | arena=2.6kB | V_bus=5.132V I_bus=60.6mA P_bus=311.0mW E_total_accum=230.291mWh
16:07:25.179 > [BENCH] IDLE | t_inference_us=0 | heap=37.3kB/282.0kB (min=239.0kB, biggest=108.0kB) | arena=2.6kB | V_bus=5.128V I_bus=60.0mA P_bus=307.7mW E_total_accum=230.463mWh
16:07:27.198 > [BENCH] IDLE | t_inference_us=0 | heap=37.3kB/282.0kB (min=239.0kB, biggest=108.0kB) | arena=2.6kB | V_bus=5.132V I_bus=60.4mA P_bus=309.7mW E_total_accum=230.636mWh
16:07:29.212 > [BENCH] IDLE | t_inference_us=0 | heap=37.3kB/282.0kB (min=239.0kB, biggest=108.0kB) | arena=2.6kB | V_bus=5.136V I_bus=62.1mA P_bus=318.7mW E_total_accum=230.815mWh
16:07:31.222 > [BENCH] IDLE | t_inference_us=0 | heap=37.3kB/282.0kB (min=239.0kB, biggest=108.0kB) | arena=2.6kB | V_bus=5.132V I_bus=60.9mA P_bus=312.7mW E_total_accum=230.990mWh
16:07:33.240 > [BENCH] IDLE | t_inference_us=0 | heap=37.3kB/282.0kB (min=239.0kB, biggest=108.0kB) | arena=2.6kB | V_bus=5.132V I_bus=60.0mA P_bus=307.7mW E_total_accum=231.162mWh
16:07:35.246 > [BENCH] IDLE | t_inference_us=0 | heap=37.3kB/282.0kB (min=239.0kB, biggest=108.0kB) | arena=2.6kB | V_bus=5.132V I_bus=59.7mA P_bus=306.1mW E_total_accum=231.333mWh
16:07:37.266 > [BENCH] IDLE | t_inference_us=0 | heap=37.3kB/282.0kB (min=239.0kB, biggest=108.0kB) | arena=2.6kB | V_bus=5.132V I_bus=60.8mA P_bus=312.1mW E_total_accum=231.508mWh
16:07:38.873 > 
16:07:38.873 > [EVENT] type=HOUR  Tin=28.10 Hin=49.49 Tout=33.40 Hout=56.10
16:07:38.888 > [infer] REAL - Invoke executed (model ran)
16:07:38.892 > 
16:07:38.892 > [PWR] infer | E_inference_window(ΔE_total)=0.580µWh (E0=231.650665mWh E1=231.651245mWh) | E_inference_pipeline(ΔE_total)=0.824µWh (E0=231.650513mWh E1=231.651337mWh) | t_inference=5.714ms | t_inference_pipeline=8.911ms | E_total_accum=231.651mWh
16:07:38.915 > [BENCH] INFER_HOURLY | t_inference_us=5714 | heap=37.3kB/282.0kB (min=239.0kB, biggest=108.0kB) | arena=2.6kB | V_bus=5.120V I_bus=66.7mA P_bus=341.6mW E_total_accum=231.651mWh
16:07:38.930 > [HOUR] Tin=28.10 Hin=49.49 | Tp=28.04 Hp=50.31
16:07:38.933 > [HOUR] SAMPLES | N_ALL=21 N_T=21 N_H=21
16:07:38.937 > [HOUR] METRICS | MAE=nan RMSE=nan R2=NA | MAE_T=nan RMSE_T=nan R2_T=NA | MAE_H=nan RMSE_H=nan R2_H=NA
16:07:39.534 > [SENSORS] Health IN ok=1267 err=0 reinit=0 pwr=0 | OUT ok=1267 err=0 reinit=0 pwr=0
16:07:40.900 > [BENCH] IDLE | t_inference_us=0 | heap=37.3kB/282.0kB (min=239.0kB, biggest=108.0kB) | arena=2.6kB | V_bus=5.132V I_bus=64.6mA P_bus=331.2mW E_total_accum=231.837mWh
16:07:42.921 > [BENCH] IDLE | t_inference_us=0 | heap=37.3kB/282.0kB (min=239.0kB, biggest=108.0kB) | arena=2.6kB | V_bus=5.132V I_bus=63.0mA P_bus=322.9mW E_total_accum=232.018mWh
16:07:44.921 > [BENCH] IDLE | t_inference_us=0 | heap=37.3kB/282.0kB (min=239.0kB, biggest=108.0kB) | arena=2.6kB | V_bus=5.132V I_bus=61.7mA P_bus=316.3mW E_total_accum=232.193mWh
16:07:46.931 > [BENCH] IDLE | t_inference_us=0 | heap=37.3kB/282.0kB (min=239.0kB, biggest=108.0kB) | arena=2.6kB | V_bus=5.132V I_bus=60.5mA P_bus=310.3mW E_total_accum=232.367mWh
16:07:48.951 > [BENCH] IDLE | t_inference_us=0 | heap=37.3kB/282.0kB (min=239.0kB, biggest=108.0kB) | arena=2.6kB | V_bus=5.132V I_bus=60.2mA P_bus=308.6mW E_total_accum=232.540mWh
16:07:50.953 > [BENCH] IDLE | t_inference_us=0 | heap=37.3kB/282.0kB (min=239.0kB, biggest=108.0kB) | arena=2.6kB | V_bus=5.132V I_bus=61.3mA P_bus=314.6mW E_total_accum=232.716mWh
16:07:52.978 > [BENCH] IDLE | t_inference_us=0 | heap=37.3kB/282.0kB (min=239.0kB, biggest=108.0kB) | arena=2.6kB | V_bus=5.128V I_bus=60.4mA P_bus=309.6mW E_total_accum=232.889mWh
16:07:54.993 > [BENCH] IDLE | t_inference_us=0 | heap=37.3kB/282.0kB (min=239.0kB, biggest=108.0kB) | arena=2.6kB | V_bus=5.132V I_bus=59.6mA P_bus=305.7mW E_total_accum=233.060mWh
16:07:57.007 > [BENCH] IDLE | t_inference_us=0 | heap=37.3kB/282.0kB (min=239.0kB, biggest=108.0kB) | arena=2.6kB | V_bus=5.136V I_bus=59.1mA P_bus=303.2mW E_total_accum=233.230mWh
16:07:59.014 > [BENCH] IDLE | t_inference_us=0 | heap=37.3kB/282.0kB (min=239.0kB, biggest=108.0kB) | arena=2.6kB | V_bus=5.132V I_bus=59.5mA P_bus=305.5mW E_total_accum=233.400mWh
16:08:01.022 > [BENCH] IDLE | t_inference_us=0 | heap=37.3kB/282.0kB (min=239.0kB, biggest=108.0kB) | arena=2.6kB | V_bus=5.132V I_bus=61.5mA P_bus=315.7mW E_total_accum=233.577mWh
16:08:03.048 > [BENCH] IDLE | t_inference_us=0 | heap=37.3kB/282.0kB (min=239.0kB, biggest=108.0kB) | arena=2.6kB | V_bus=5.132V I_bus=60.5mA P_bus=310.5mW E_total_accum=233.751mWh
16:08:05.054 > [BENCH] IDLE | t_inference_us=0 | heap=37.3kB/282.0kB (min=239.0kB, biggest=108.0kB) | arena=2.6kB | V_bus=5.132V I_bus=59.6mA P_bus=305.8mW E_total_accum=233.922mWh
16:08:07.070 > [BENCH] IDLE | t_inference_us=0 | heap=37.3kB/282.0kB (min=239.0kB, biggest=108.0kB) | arena=2.6kB | V_bus=5.132V I_bus=59.6mA P_bus=305.7mW E_total_accum=234.093mWh
16:08:09.090 > [BENCH] IDLE | t_inference_us=0 | heap=37.3kB/282.0kB (min=239.0kB, biggest=108.0kB) | arena=2.6kB | V_bus=5.132V I_bus=61.0mA P_bus=312.8mW E_total_accum=234.268mWh
16:08:11.103 > [BENCH] IDLE | t_inference_us=0 | heap=37.3kB/282.0kB (min=239.0kB, biggest=108.0kB) | arena=2.6kB | V_bus=5.132V I_bus=60.1mA P_bus=308.2mW E_total_accum=234.440mWh
16:08:13.118 > [BENCH] IDLE | t_inference_us=0 | heap=37.3kB/282.0kB (min=239.0kB, biggest=108.0kB) | arena=2.6kB | V_bus=5.132V I_bus=59.2mA P_bus=304.1mW E_total_accum=234.610mWh
16:08:15.120 > [BENCH] IDLE | t_inference_us=0 | heap=37.3kB/282.0kB (min=239.0kB, biggest=108.0kB) | arena=2.6kB | V_bus=5.132V I_bus=59.1mA P_bus=303.2mW E_total_accum=234.780mWh
16:08:17.141 > [BENCH] IDLE | t_inference_us=0 | heap=37.3kB/282.0kB (min=239.0kB, biggest=108.0kB) | arena=2.6kB | V_bus=5.132V I_bus=60.2mA P_bus=309.2mW E_total_accum=234.953mWh
16:08:19.147 > [BENCH] IDLE | t_inference_us=0 | heap=37.3kB/282.0kB (min=239.0kB, biggest=108.0kB) | arena=2.6kB | V_bus=5.120V I_bus=60.2mA P_bus=309.0mW E_total_accum=235.126mWh
16:08:21.157 > [BENCH] IDLE | t_inference_us=0 | heap=37.3kB/282.0kB (min=239.0kB, biggest=108.0kB) | arena=2.6kB | V_bus=5.132V I_bus=61.5mA P_bus=315.3mW E_total_accum=235.301mWh
16:08:23.176 > [BENCH] IDLE | t_inference_us=0 | heap=37.3kB/282.0kB (min=239.0kB, biggest=108.0kB) | arena=2.6kB | V_bus=5.132V I_bus=60.5mA P_bus=310.2mW E_total_accum=235.475mWh
16:08:25.190 > [BENCH] IDLE | t_inference_us=0 | heap=37.3kB/282.0kB (min=239.0kB, biggest=108.0kB) | arena=2.6kB | V_bus=5.132V I_bus=59.6mA P_bus=305.6mW E_total_accum=235.646mWh
16:08:27.204 > [BENCH] IDLE | t_inference_us=0 | heap=37.3kB/282.0kB (min=239.0kB, biggest=108.0kB) | arena=2.6kB | V_bus=5.132V I_bus=59.2mA P_bus=303.7mW E_total_accum=235.816mWh
16:08:29.217 > [BENCH] IDLE | t_inference_us=0 | heap=37.3kB/282.0kB (min=239.0kB, biggest=108.0kB) | arena=2.6kB | V_bus=5.132V I_bus=60.3mA P_bus=309.5mW E_total_accum=235.989mWh
16:08:31.231 > [BENCH] IDLE | t_inference_us=0 | heap=37.3kB/282.0kB (min=239.0kB, biggest=108.0kB) | arena=2.6kB | V_bus=5.132V I_bus=59.6mA P_bus=305.7mW E_total_accum=236.160mWh
16:08:33.245 > [BENCH] IDLE | t_inference_us=0 | heap=37.3kB/282.0kB (min=239.0kB, biggest=108.0kB) | arena=2.6kB | V_bus=5.132V I_bus=59.0mA P_bus=302.5mW E_total_accum=236.329mWh
16:08:35.257 > [BENCH] IDLE | t_inference_us=0 | heap=37.3kB/282.0kB (min=239.0kB, biggest=108.0kB) | arena=2.6kB | V_bus=5.132V I_bus=58.5mA P_bus=300.4mW E_total_accum=236.497mWh
16:08:37.260 > [BENCH] IDLE | t_inference_us=0 | heap=37.3kB/282.0kB (min=239.0kB, biggest=108.0kB) | arena=2.6kB | V_bus=5.132V I_bus=59.3mA P_bus=304.4mW E_total_accum=236.667mWh
16:08:38.886 > 
16:08:38.886 > [EVENT] type=HOUR  Tin=28.20 Hin=49.03 Tout=33.40 Hout=56.00
16:08:38.893 > [infer] REAL - Invoke executed (model ran)
16:08:38.900 > 
16:08:38.900 > [PWR] infer | E_inference_window(ΔE_total)=0.580µWh (E0=236.807678mWh E1=236.808258mWh) | E_inference_pipeline(ΔE_total)=0.824µWh (E0=236.807526mWh E1=236.808350mWh) | t_inference=5.732ms | t_inference_pipeline=8.911ms | E_total_accum=236.808mWh
16:08:38.920 > [BENCH] INFER_HOURLY | t_inference_us=5732 | heap=37.3kB/282.0kB (min=239.0kB, biggest=108.0kB) | arena=2.6kB | V_bus=5.124V I_bus=66.1mA P_bus=338.9mW E_total_accum=236.808mWh
16:08:38.936 > [HOUR] Tin=28.20 Hin=49.03 | Tp=28.14 Hp=49.50
16:08:38.940 > [HOUR] SAMPLES | N_ALL=22 N_T=22 N_H=22
16:08:38.942 > [HOUR] METRICS | MAE=nan RMSE=nan R2=NA | MAE_T=nan RMSE_T=nan R2_T=NA | MAE_H=nan RMSE_H=nan R2_H=NA
16:08:39.540 > [SENSORS] Health IN ok=1295 err=0 reinit=0 pwr=0 | OUT ok=1295 err=0 reinit=0 pwr=0
16:08:40.901 > [BENCH] IDLE | t_inference_us=0 | heap=37.3kB/282.0kB (min=239.0kB, biggest=108.0kB) | arena=2.6kB | V_bus=5.128V I_bus=64.2mA P_bus=328.9mW E_total_accum=236.993mWh
16:08:42.919 > [BENCH] IDLE | t_inference_us=0 | heap=37.3kB/282.0kB (min=239.0kB, biggest=108.0kB) | arena=2.6kB | V_bus=5.132V I_bus=62.5mA P_bus=320.5mW E_total_accum=237.172mWh
16:08:44.941 > [BENCH] IDLE | t_inference_us=0 | heap=37.3kB/282.0kB (min=239.0kB, biggest=108.0kB) | arena=2.6kB | V_bus=5.132V I_bus=61.7mA P_bus=316.5mW E_total_accum=237.349mWh
16:08:46.952 > [BENCH] IDLE | t_inference_us=0 | heap=37.3kB/282.0kB (min=239.0kB, biggest=108.0kB) | arena=2.6kB | V_bus=5.128V I_bus=62.6mA P_bus=321.2mW E_total_accum=237.529mWh
16:08:48.961 > [BENCH] IDLE | t_inference_us=0 | heap=37.3kB/282.0kB (min=239.0kB, biggest=108.0kB) | arena=2.6kB | V_bus=5.116V I_bus=64.3mA P_bus=329.5mW E_total_accum=237.712mWh
16:08:50.958 > [BENCH] IDLE | t_inference_us=0 | heap=37.3kB/282.0kB (min=239.0kB, biggest=108.0kB) | arena=2.6kB | V_bus=5.136V I_bus=65.1mA P_bus=334.0mW E_total_accum=237.899mWh
16:08:52.973 > [BENCH] IDLE | t_inference_us=0 | heap=37.3kB/282.0kB (min=239.0kB, biggest=108.0kB) | arena=2.6kB | V_bus=5.132V I_bus=63.4mA P_bus=325.1mW E_total_accum=238.081mWh
16:08:54.998 > [BENCH] IDLE | t_inference_us=0 | heap=37.3kB/282.0kB (min=239.0kB, biggest=108.0kB) | arena=2.6kB | V_bus=5.136V I_bus=61.9mA P_bus=317.6mW E_total_accum=238.258mWh
16:08:57.012 > [BENCH] IDLE | t_inference_us=0 | heap=37.3kB/282.0kB (min=239.0kB, biggest=108.0kB) | arena=2.6kB | V_bus=5.132V I_bus=61.5mA P_bus=315.6mW E_total_accum=238.435mWh
16:08:59.026 > [BENCH] IDLE | t_inference_us=0 | heap=37.3kB/282.0kB (min=239.0kB, biggest=108.0kB) | arena=2.6kB | V_bus=5.132V I_bus=62.8mA P_bus=322.2mW E_total_accum=238.615mWh
16:09:01.040 > [BENCH] IDLE | t_inference_us=0 | heap=37.3kB/282.0kB (min=239.0kB, biggest=108.0kB) | arena=2.6kB | V_bus=5.128V I_bus=61.5mA P_bus=315.7mW E_total_accum=238.792mWh
16:09:03.045 > [BENCH] IDLE | t_inference_us=0 | heap=37.3kB/282.0kB (min=239.0kB, biggest=108.0kB) | arena=2.6kB | V_bus=5.132V I_bus=60.5mA P_bus=310.2mW E_total_accum=238.965mWh
16:09:05.068 > [BENCH] IDLE | t_inference_us=0 | heap=37.3kB/282.0kB (min=239.0kB, biggest=108.0kB) | arena=2.6kB | V_bus=5.132V I_bus=60.4mA P_bus=309.7mW E_total_accum=239.138mWh
16:09:07.078 > [BENCH] IDLE | t_inference_us=0 | heap=37.3kB/282.0kB (min=239.0kB, biggest=108.0kB) | arena=2.6kB | V_bus=5.132V I_bus=62.0mA P_bus=317.9mW E_total_accum=239.316mWh
16:09:09.087 > [BENCH] IDLE | t_inference_us=0 | heap=37.3kB/282.0kB (min=239.0kB, biggest=108.0kB) | arena=2.6kB | V_bus=5.128V I_bus=60.8mA P_bus=312.1mW E_total_accum=239.491mWh
16:09:11.096 > [BENCH] IDLE | t_inference_us=0 | heap=37.3kB/282.0kB (min=239.0kB, biggest=108.0kB) | arena=2.6kB | V_bus=5.132V I_bus=59.9mA P_bus=307.2mW E_total_accum=239.663mWh
16:09:13.116 > [BENCH] IDLE | t_inference_us=0 | heap=37.3kB/282.0kB (min=239.0kB, biggest=108.0kB) | arena=2.6kB | V_bus=5.132V I_bus=59.9mA P_bus=307.4mW E_total_accum=239.835mWh
16:09:15.138 > [BENCH] IDLE | t_inference_us=0 | heap=37.3kB/282.0kB (min=239.0kB, biggest=108.0kB) | arena=2.6kB | V_bus=5.132V I_bus=61.7mA P_bus=316.6mW E_total_accum=240.012mWh
16:09:17.151 > [BENCH] IDLE | t_inference_us=0 | heap=37.3kB/282.0kB (min=239.0kB, biggest=108.0kB) | arena=2.6kB | V_bus=5.128V I_bus=60.7mA P_bus=311.2mW E_total_accum=240.186mWh
16:09:19.159 > [BENCH] IDLE | t_inference_us=0 | heap=37.3kB/282.0kB (min=239.0kB, biggest=108.0kB) | arena=2.6kB | V_bus=5.132V I_bus=59.7mA P_bus=306.4mW E_total_accum=240.357mWh
16:09:21.167 > [BENCH] IDLE | t_inference_us=0 | heap=37.3kB/282.0kB (min=239.0kB, biggest=108.0kB) | arena=2.6kB | V_bus=5.132V I_bus=60.0mA P_bus=308.0mW E_total_accum=240.530mWh
16:09:23.187 > [BENCH] IDLE | t_inference_us=0 | heap=37.3kB/282.0kB (min=239.0kB, biggest=108.0kB) | arena=2.6kB | V_bus=5.132V I_bus=61.9mA P_bus=317.8mW E_total_accum=240.707mWh
16:09:25.193 > [BENCH] IDLE | t_inference_us=0 | heap=37.3kB/282.0kB (min=239.0kB, biggest=108.0kB) | arena=2.6kB | V_bus=5.132V I_bus=62.6mA P_bus=321.4mW E_total_accum=240.886mWh
16:09:27.194 > [BENCH] IDLE | t_inference_us=0 | heap=37.3kB/282.0kB (min=239.0kB, biggest=108.0kB) | arena=2.6kB | V_bus=5.132V I_bus=61.4mA P_bus=315.1mW E_total_accum=241.062mWh
16:09:29.219 > [BENCH] IDLE | t_inference_us=0 | heap=37.3kB/282.0kB (min=239.0kB, biggest=108.0kB) | arena=2.6kB | V_bus=5.132V I_bus=60.4mA P_bus=310.0mW E_total_accum=241.236mWh
16:09:31.236 > [BENCH] IDLE | t_inference_us=0 | heap=37.3kB/282.0kB (min=239.0kB, biggest=108.0kB) | arena=2.6kB | V_bus=5.132V I_bus=60.3mA P_bus=309.2mW E_total_accum=241.409mWh
16:09:33.240 > [BENCH] IDLE | t_inference_us=0 | heap=37.3kB/282.0kB (min=239.0kB, biggest=108.0kB) | arena=2.6kB | V_bus=5.132V I_bus=61.9mA P_bus=317.8mW E_total_accum=241.587mWh
16:09:35.264 > [BENCH] IDLE | t_inference_us=0 | heap=37.3kB/282.0kB (min=239.0kB, biggest=108.0kB) | arena=2.6kB | V_bus=5.128V I_bus=60.9mA P_bus=312.4mW E_total_accum=241.761mWh
16:09:37.273 > [BENCH] IDLE | t_inference_us=0 | heap=37.3kB/282.0kB (min=239.0kB, biggest=108.0kB) | arena=2.6kB | V_bus=5.132V I_bus=60.1mA P_bus=308.2mW E_total_accum=241.934mWh
16:09:38.851 > 
16:09:38.851 > [EVENT] type=HOUR  Tin=28.30 Hin=48.86 Tout=33.30 Hout=56.30
16:09:38.859 > [infer] REAL - Invoke executed (model ran)
16:09:38.864 > 
16:09:38.864 > [PWR] infer | E_inference_window(ΔE_total)=0.565µWh (E0=242.070480mWh E1=242.071045mWh) | E_inference_pipeline(ΔE_total)=0.809µWh (E0=242.070328mWh E1=242.071136mWh) | t_inference=5.714ms | t_inference_pipeline=8.911ms | E_total_accum=242.071mWh
16:09:38.886 > [BENCH] INFER_HOURLY | t_inference_us=5714 | heap=37.3kB/282.0kB (min=239.0kB, biggest=108.0kB) | arena=2.6kB | V_bus=5.120V I_bus=65.2mA P_bus=334.3mW E_total_accum=242.071mWh
16:09:38.902 > [HOUR] Tin=28.30 Hin=48.86 | Tp=28.24 Hp=49.05
16:09:38.904 > [HOUR] SAMPLES | N_ALL=23 N_T=23 N_H=23
16:09:38.907 > [HOUR] METRICS | MAE=nan RMSE=nan R2=NA | MAE_T=nan RMSE_T=nan R2_T=NA | MAE_H=nan RMSE_H=nan R2_H=NA
16:09:39.544 > [SENSORS] Health IN ok=1323 err=0 reinit=0 pwr=0 | OUT ok=1323 err=0 reinit=0 pwr=0
16:09:40.878 > [BENCH] IDLE | t_inference_us=0 | heap=37.3kB/282.0kB (min=239.0kB, biggest=108.0kB) | arena=2.6kB | V_bus=5.132V I_bus=63.8mA P_bus=327.2mW E_total_accum=242.254mWh
16:09:42.891 > [BENCH] IDLE | t_inference_us=0 | heap=37.3kB/282.0kB (min=239.0kB, biggest=108.0kB) | arena=2.6kB | V_bus=5.132V I_bus=64.2mA P_bus=329.4mW E_total_accum=242.439mWh
16:09:44.906 > [BENCH] IDLE | t_inference_us=0 | heap=37.3kB/282.0kB (min=239.0kB, biggest=108.0kB) | arena=2.6kB | V_bus=5.128V I_bus=62.7mA P_bus=321.6mW E_total_accum=242.619mWh
16:09:46.919 > [BENCH] IDLE | t_inference_us=0 | heap=37.3kB/282.0kB (min=239.0kB, biggest=108.0kB) | arena=2.6kB | V_bus=5.132V I_bus=61.4mA P_bus=314.7mW E_total_accum=242.795mWh
16:09:48.926 > [BENCH] IDLE | t_inference_us=0 | heap=37.3kB/282.0kB (min=239.0kB, biggest=108.0kB) | arena=2.6kB | V_bus=5.132V I_bus=61.1mA P_bus=313.2mW E_total_accum=242.970mWh
16:09:50.939 > [BENCH] IDLE | t_inference_us=0 | heap=37.3kB/282.0kB (min=239.0kB, biggest=108.0kB) | arena=2.6kB | V_bus=5.132V I_bus=62.8mA P_bus=322.0mW E_total_accum=243.150mWh
16:09:52.956 > [BENCH] IDLE | t_inference_us=0 | heap=37.3kB/282.0kB (min=239.0kB, biggest=108.0kB) | arena=2.6kB | V_bus=5.116V I_bus=62.8mA P_bus=321.8mW E_total_accum=243.329mWh
16:09:54.957 > [BENCH] IDLE | t_inference_us=0 | heap=37.3kB/282.0kB (min=239.0kB, biggest=108.0kB) | arena=2.6kB | V_bus=5.132V I_bus=61.5mA P_bus=315.4mW E_total_accum=243.505mWh
16:09:56.977 > [BENCH] IDLE | t_inference_us=0 | heap=37.3kB/282.0kB (min=239.0kB, biggest=108.0kB) | arena=2.6kB | V_bus=5.132V I_bus=60.5mA P_bus=310.1mW E_total_accum=243.679mWh
16:09:58.977 > [BENCH] IDLE | t_inference_us=0 | heap=37.3kB/282.0kB (min=239.0kB, biggest=108.0kB) | arena=2.6kB | V_bus=5.132V I_bus=60.3mA P_bus=309.2mW E_total_accum=243.852mWh
16:10:01.004 > [BENCH] IDLE | t_inference_us=0 | heap=37.3kB/282.0kB (min=239.0kB, biggest=108.0kB) | arena=2.6kB | V_bus=5.136V I_bus=62.1mA P_bus=318.5mW E_total_accum=244.030mWh
16:10:03.008 > [BENCH] IDLE | t_inference_us=0 | heap=37.3kB/282.0kB (min=239.0kB, biggest=108.0kB) | arena=2.6kB | V_bus=5.132V I_bus=61.0mA P_bus=313.0mW E_total_accum=244.205mWh
16:10:05.033 > [BENCH] IDLE | t_inference_us=0 | heap=37.3kB/282.0kB (min=239.0kB, biggest=108.0kB) | arena=2.6kB | V_bus=5.128V I_bus=60.3mA P_bus=309.4mW E_total_accum=244.378mWh
16:10:07.047 > [BENCH] IDLE | t_inference_us=0 | heap=37.3kB/282.0kB (min=239.0kB, biggest=108.0kB) | arena=2.6kB | V_bus=5.132V I_bus=61.2mA P_bus=314.0mW E_total_accum=244.554mWh
16:10:09.045 > [BENCH] IDLE | t_inference_us=0 | heap=37.3kB/282.0kB (min=239.0kB, biggest=108.0kB) | arena=2.6kB | V_bus=5.128V I_bus=60.3mA P_bus=309.2mW E_total_accum=244.727mWh
16:10:11.071 > [BENCH] IDLE | t_inference_us=0 | heap=37.3kB/282.0kB (min=239.0kB, biggest=108.0kB) | arena=2.6kB | V_bus=5.132V I_bus=59.4mA P_bus=304.8mW E_total_accum=244.897mWh
16:10:13.087 > [BENCH] IDLE | t_inference_us=0 | heap=37.3kB/282.0kB (min=239.0kB, biggest=108.0kB) | arena=2.6kB | V_bus=5.132V I_bus=59.5mA P_bus=305.3mW E_total_accum=245.068mWh
16:10:15.103 > [BENCH] IDLE | t_inference_us=0 | heap=37.3kB/282.0kB (min=239.0kB, biggest=108.0kB) | arena=2.6kB | V_bus=5.128V I_bus=58.9mA P_bus=302.0mW E_total_accum=245.237mWh
16:10:17.108 > [BENCH] IDLE | t_inference_us=0 | heap=37.3kB/282.0kB (min=239.0kB, biggest=108.0kB) | arena=2.6kB | V_bus=5.128V I_bus=58.2mA P_bus=298.5mW E_total_accum=245.404mWh
16:10:19.121 > [BENCH] IDLE | t_inference_us=0 | heap=37.3kB/282.0kB (min=239.0kB, biggest=108.0kB) | arena=2.6kB | V_bus=5.128V I_bus=59.7mA P_bus=306.3mW E_total_accum=245.576mWh
16:10:21.144 > [BENCH] IDLE | t_inference_us=0 | heap=37.3kB/282.0kB (min=239.0kB, biggest=108.0kB) | arena=2.6kB | V_bus=5.128V I_bus=59.1mA P_bus=303.0mW E_total_accum=245.745mWh
16:10:23.155 > [BENCH] IDLE | t_inference_us=0 | heap=37.3kB/282.0kB (min=239.0kB, biggest=108.0kB) | arena=2.6kB | V_bus=5.128V I_bus=58.8mA P_bus=301.8mW E_total_accum=245.914mWh
16:10:25.172 > [BENCH] IDLE | t_inference_us=0 | heap=37.3kB/282.0kB (min=239.0kB, biggest=108.0kB) | arena=2.6kB | V_bus=5.132V I_bus=60.3mA P_bus=309.2mW E_total_accum=246.087mWh
16:10:27.186 > [BENCH] IDLE | t_inference_us=0 | heap=37.3kB/282.0kB (min=239.0kB, biggest=108.0kB) | arena=2.6kB | V_bus=5.128V I_bus=59.5mA P_bus=305.3mW E_total_accum=246.258mWh
16:10:29.184 > [BENCH] IDLE | t_inference_us=0 | heap=37.3kB/282.0kB (min=239.0kB, biggest=108.0kB) | arena=2.6kB | V_bus=5.128V I_bus=58.9mA P_bus=302.2mW E_total_accum=246.426mWh
16:10:31.187 > [BENCH] IDLE | t_inference_us=0 | heap=37.3kB/282.0kB (min=239.0kB, biggest=108.0kB) | arena=2.6kB | V_bus=5.132V I_bus=58.4mA P_bus=299.3mW E_total_accum=246.593mWh
16:10:33.203 > [BENCH] IDLE | t_inference_us=0 | heap=37.3kB/282.0kB (min=239.0kB, biggest=108.0kB) | arena=2.6kB | V_bus=5.132V I_bus=58.6mA P_bus=300.4mW E_total_accum=246.761mWh
16:10:35.221 > [BENCH] IDLE | t_inference_us=0 | heap=37.3kB/282.0kB (min=239.0kB, biggest=108.0kB) | arena=2.6kB | V_bus=5.132V I_bus=60.8mA P_bus=312.0mW E_total_accum=246.936mWh
16:10:37.241 > [BENCH] IDLE | t_inference_us=0 | heap=37.3kB/282.0kB (min=239.0kB, biggest=108.0kB) | arena=2.6kB | V_bus=5.132V I_bus=59.9mA P_bus=307.6mW E_total_accum=247.108mWh
16:10:38.856 > 
16:10:38.856 > [EVENT] type=HOUR  Tin=28.40 Hin=50.23 Tout=33.30 Hout=56.80
16:10:38.864 > [infer] REAL - Invoke executed (model ran)
16:10:38.868 > 
16:10:38.868 > [PWR] infer | E_inference_window(ΔE_total)=0.580µWh (E0=247.249466mWh E1=247.250046mWh) | E_inference_pipeline(ΔE_total)=0.824µWh (E0=247.249313mWh E1=247.250137mWh) | t_inference=5.729ms | t_inference_pipeline=8.908ms | E_total_accum=247.250mWh
16:10:38.891 > [BENCH] INFER_HOURLY | t_inference_us=5729 | heap=37.3kB/282.0kB (min=239.0kB, biggest=108.0kB) | arena=2.6kB | V_bus=5.120V I_bus=64.8mA P_bus=332.2mW E_total_accum=247.250mWh
16:10:38.905 > [HOUR] Tin=28.40 Hin=50.23 | Tp=28.34 Hp=48.88
16:10:38.913 > [HOUR] SAMPLES | N_ALL=24 N_T=24 N_H=24
16:10:38.913 > [HOUR] METRICS | MAE=0.5775 RMSE=0.7734 R2=0.9150 | MAE_T=0.3557 RMSE_T=0.5045 R2_T=0.8845 | MAE_H=0.7994 RMSE_H=0.9704 R2_H=0.9455
16:10:39.538 > [SENSORS] Health IN ok=1351 err=0 reinit=0 pwr=0 | OUT ok=1351 err=0 reinit=0 pwr=0
16:10:40.885 > [BENCH] IDLE | t_inference_us=0 | heap=37.3kB/282.0kB (min=239.0kB, biggest=108.0kB) | arena=2.6kB | V_bus=5.128V I_bus=65.2mA P_bus=334.0mW E_total_accum=247.437mWh
16:10:42.886 > [BENCH] IDLE | t_inference_us=0 | heap=37.3kB/282.0kB (min=239.0kB, biggest=108.0kB) | arena=2.6kB | V_bus=5.132V I_bus=63.5mA P_bus=325.5mW E_total_accum=247.619mWh
16:10:44.912 > [BENCH] IDLE | t_inference_us=0 | heap=37.3kB/282.0kB (min=239.0kB, biggest=108.0kB) | arena=2.6kB | V_bus=5.124V I_bus=62.6mA P_bus=320.7mW E_total_accum=247.799mWh
16:10:46.919 > [BENCH] IDLE | t_inference_us=0 | heap=37.3kB/282.0kB (min=239.0kB, biggest=108.0kB) | arena=2.6kB | V_bus=5.128V I_bus=61.3mA P_bus=314.4mW E_total_accum=247.975mWh
16:10:48.940 > [BENCH] IDLE | t_inference_us=0 | heap=37.3kB/282.0kB (min=239.0kB, biggest=108.0kB) | arena=2.6kB | V_bus=5.132V I_bus=60.3mA P_bus=309.2mW E_total_accum=248.148mWh
16:10:50.951 > [BENCH] IDLE | t_inference_us=0 | heap=37.3kB/282.0kB (min=239.0kB, biggest=108.0kB) | arena=2.6kB | V_bus=5.124V I_bus=60.5mA P_bus=310.3mW E_total_accum=248.321mWh
16:10:52.967 > [BENCH] IDLE | t_inference_us=0 | heap=37.3kB/282.0kB (min=239.0kB, biggest=108.0kB) | arena=2.6kB | V_bus=5.128V I_bus=59.6mA P_bus=305.8mW E_total_accum=248.492mWh
16:10:54.967 > [BENCH] IDLE | t_inference_us=0 | heap=37.3kB/282.0kB (min=239.0kB, biggest=108.0kB) | arena=2.6kB | V_bus=5.128V I_bus=59.1mA P_bus=303.3mW E_total_accum=248.662mWh
16:10:56.983 > [BENCH] IDLE | t_inference_us=0 | heap=37.3kB/282.0kB (min=239.0kB, biggest=108.0kB) | arena=2.6kB | V_bus=5.112V I_bus=61.3mA P_bus=314.2mW E_total_accum=248.838mWh
16:10:58.997 > [BENCH] IDLE | t_inference_us=0 | heap=37.3kB/282.0kB (min=239.0kB, biggest=108.0kB) | arena=2.6kB | V_bus=5.128V I_bus=62.7mA P_bus=321.4mW E_total_accum=249.017mWh
16:11:00.996 > [BENCH] IDLE | t_inference_us=0 | heap=37.3kB/282.0kB (min=239.0kB, biggest=108.0kB) | arena=2.6kB | V_bus=5.132V I_bus=61.4mA P_bus=314.9mW E_total_accum=249.193mWh
16:11:03.013 > [BENCH] IDLE | t_inference_us=0 | heap=37.3kB/282.0kB (min=239.0kB, biggest=108.0kB) | arena=2.6kB | V_bus=5.132V I_bus=60.8mA P_bus=311.6mW E_total_accum=249.367mWh
16:11:05.030 > [BENCH] IDLE | t_inference_us=0 | heap=37.3kB/282.0kB (min=239.0kB, biggest=108.0kB) | arena=2.6kB | V_bus=5.132V I_bus=62.1mA P_bus=318.3mW E_total_accum=249.545mWh
16:11:07.052 > [BENCH] IDLE | t_inference_us=0 | heap=37.3kB/282.0kB (min=239.0kB, biggest=108.0kB) | arena=2.6kB | V_bus=5.124V I_bus=60.9mA P_bus=312.4mW E_total_accum=249.720mWh
16:11:09.060 > [BENCH] IDLE | t_inference_us=0 | heap=37.3kB/282.0kB (min=239.0kB, biggest=108.0kB) | arena=2.6kB | V_bus=5.132V I_bus=60.3mA P_bus=309.1mW E_total_accum=249.893mWh
16:11:11.078 > [BENCH] IDLE | t_inference_us=0 | heap=37.3kB/282.0kB (min=239.0kB, biggest=108.0kB) | arena=2.6kB | V_bus=5.128V I_bus=61.6mA P_bus=315.9mW E_total_accum=250.069mWh
16:11:13.095 > [BENCH] IDLE | t_inference_us=0 | heap=37.3kB/282.0kB (min=239.0kB, biggest=108.0kB) | arena=2.6kB | V_bus=5.128V I_bus=60.5mA P_bus=310.5mW E_total_accum=250.243mWh
16:11:15.096 > [BENCH] IDLE | t_inference_us=0 | heap=37.3kB/282.0kB (min=239.0kB, biggest=108.0kB) | arena=2.6kB | V_bus=5.132V I_bus=59.9mA P_bus=307.4mW E_total_accum=250.415mWh
16:11:17.112 > [BENCH] IDLE | t_inference_us=0 | heap=37.3kB/282.0kB (min=239.0kB, biggest=108.0kB) | arena=2.6kB | V_bus=5.132V I_bus=61.5mA P_bus=315.4mW E_total_accum=250.592mWh
16:11:19.124 > [BENCH] IDLE | t_inference_us=0 | heap=37.3kB/282.0kB (min=239.0kB, biggest=108.0kB) | arena=2.6kB | V_bus=5.132V I_bus=60.5mA P_bus=310.4mW E_total_accum=250.765mWh
16:11:21.143 > [BENCH] IDLE | t_inference_us=0 | heap=37.3kB/282.0kB (min=239.0kB, biggest=108.0kB) | arena=2.6kB | V_bus=5.132V I_bus=60.0mA P_bus=308.0mW E_total_accum=250.938mWh
16:11:23.163 > [BENCH] IDLE | t_inference_us=0 | heap=37.3kB/282.0kB (min=239.0kB, biggest=108.0kB) | arena=2.6kB | V_bus=5.128V I_bus=61.9mA P_bus=317.5mW E_total_accum=251.115mWh
16:11:25.163 > [BENCH] IDLE | t_inference_us=0 | heap=37.3kB/282.0kB (min=239.0kB, biggest=108.0kB) | arena=2.6kB | V_bus=5.108V I_bus=61.5mA P_bus=315.0mW E_total_accum=251.291mWh
16:11:27.184 > [BENCH] IDLE | t_inference_us=0 | heap=37.3kB/282.0kB (min=239.0kB, biggest=108.0kB) | arena=2.6kB | V_bus=5.104V I_bus=61.1mA P_bus=313.1mW E_total_accum=251.467mWh
16:11:29.206 > [BENCH] IDLE | t_inference_us=0 | heap=37.3kB/282.0kB (min=239.0kB, biggest=108.0kB) | arena=2.6kB | V_bus=5.100V I_bus=61.4mA P_bus=314.1mW E_total_accum=251.642mWh
16:11:31.219 > [BENCH] IDLE | t_inference_us=0 | heap=37.3kB/282.0kB (min=239.0kB, biggest=108.0kB) | arena=2.6kB | V_bus=5.104V I_bus=62.0mA P_bus=316.9mW E_total_accum=251.820mWh
16:11:33.223 > [BENCH] IDLE | t_inference_us=0 | heap=37.3kB/282.0kB (min=239.0kB, biggest=108.0kB) | arena=2.6kB | V_bus=5.088V I_bus=64.7mA P_bus=330.4mW E_total_accum=252.004mWh
16:11:35.229 > [BENCH] IDLE | t_inference_us=0 | heap=37.3kB/282.0kB (min=239.0kB, biggest=108.0kB) | arena=2.6kB | V_bus=5.104V I_bus=63.0mA P_bus=321.6mW E_total_accum=252.183mWh
16:11:37.248 > [BENCH] IDLE | t_inference_us=0 | heap=37.3kB/282.0kB (min=239.0kB, biggest=108.0kB) | arena=2.6kB | V_bus=5.104V I_bus=61.9mA P_bus=316.2mW E_total_accum=252.360mWh
16:11:38.857 > 
