window_start,window_end,datetime_end,N,MAE,RMSE,R2,MAE_T,RMSE_T,R2_T,MAE_H,RMSE_H,R2_H
0,23,2018-10-14 14:00:00,24,0.0707,0.0942,0.7169,0.0656,0.0849,0.6017,0.0758,0.1027,0.832
1,24,2018-10-14 15:00:00,24,0.0706,0.0946,0.713,0.0621,0.0822,0.603,0.079,0.1055,0.823
2,25,2018-10-14 16:00:00,24,0.0674,0.0924,0.7354,0.057,0.0779,0.6482,0.0779,0.105,0.8227
3,26,2018-10-14 17:00:00,24,0.0637,0.0866,0.7962,0.0493,0.0629,0.77,0.0781,0.105,0.8224
4,27,2018-10-14 18:00:00,24,0.0671,0.0887,0.7801,0.052,0.0652,0.7457,0.0822,0.1071,0.8145
5,28,2018-10-14 19:00:00,24,0.0714,0.0991,0.7469,0.0511,0.0649,0.7327,0.0918,0.1242,0.7611
6,29,2018-10-14 20:00:00,24,0.0721,0.1002,0.7404,0.051,0.0649,0.722,0.0932,0.126,0.7589
7,30,2018-10-14 21:00:00,24,0.0754,0.1038,0.73,0.0499,0.0644,0.6986,0.1009,0.1318,0.7614
8,31,2018-10-14 22:00:00,24,0.0772,0.1081,0.7471,0.0464,0.0609,0.7294,0.108,0.1403,0.7647
9,32,2018-10-14 23:00:00,24,0.079,0.1087,0.7476,0.0479,0.0614,0.7172,0.11,0.1409,0.7781
10,33,2018-10-15 00:00:00,24,0.0756,0.1036,0.7784,0.0458,0.0581,0.7231,0.1054,0.1345,0.8337
11,34,2018-10-15 01:00:00,24,0.073,0.0992,0.7934,0.0467,0.0594,0.7051,0.0992,0.1271,0.8817
12,35,2018-10-15 02:00:00,24,0.0684,0.0959,0.8113,0.042,0.0535,0.7197,0.0948,0.1247,0.9029
13,36,2018-10-15 03:00:00,24,0.0692,0.0961,0.7763,0.0446,0.0561,0.6337,0.0938,0.1237,0.919
14,37,2018-10-15 04:00:00,24,0.0672,0.0941,0.7492,0.0455,0.0567,0.566,0.0889,0.1203,0.9324
15,38,2018-10-15 05:00:00,24,0.0695,0.0951,0.6885,0.047,0.0575,0.4409,0.092,0.1216,0.9361
16,39,2018-10-15 06:00:00,24,0.0666,0.0937,0.709,0.043,0.0538,0.4784,0.0902,0.1211,0.9395
17,40,2018-10-15 07:00:00,24,0.0646,0.0923,0.7405,0.0405,0.0509,0.5375,0.0887,0.1202,0.9435
18,41,2018-10-15 08:00:00,24,0.072,0.1049,0.5692,0.0542,0.0868,0.1927,0.0899,0.1203,0.9456
19,42,2018-10-15 09:00:00,24,0.0781,0.111,0.4346,0.064,0.1002,-0.0779,0.0922,0.1209,0.947
20,43,2018-10-15 10:00:00,24,0.0778,0.1107,0.4784,0.0632,0.0995,0.0088,0.0923,0.1209,0.9479
21,44,2018-10-15 11:00:00,24,0.0838,0.118,0.3501,0.0723,0.1128,-0.2451,0.0952,0.123,0.9453
22,45,2018-10-15 12:00:00,24,0.0831,0.117,0.3774,0.0727,0.113,-0.1883,0.0936,0.1209,0.9432
23,46,2018-10-15 13:00:00,24,0.09,0.1229,0.4445,0.0771,0.1161,-0.0396,0.1029,0.1295,0.9286
24,47,2018-10-15 14:00:00,24,0.1073,0.1562,0.6227,0.0973,0.1595,0.35,0.1173,0.1529,0.8954
25,48,2018-10-15 15:00:00,24,0.1141,0.1648,0.7527,0.1007,0.1609,0.6313,0.1274,0.1687,0.8742
26,49,2018-10-15 16:00:00,24,0.1264,0.177,0.7473,0.1142,0.1741,0.6236,0.1387,0.1799,0.8711
27,50,2018-10-15 17:00:00,24,0.1319,0.1826,0.7682,0.1135,0.174,0.6553,0.1503,0.1909,0.8812
28,51,2018-10-15 18:00:00,24,0.1399,0.1914,0.7995,0.119,0.1787,0.6985,0.1609,0.2033,0.9006
29,52,2018-10-15 19:00:00,24,0.1428,0.1917,0.8138,0.1281,0.1846,0.6969,0.1574,0.1985,0.9308
30,53,2018-10-15 20:00:00,24,0.1455,0.1926,0.8201,0.1347,0.1874,0.6932,0.1563,0.1976,0.9469
31,54,2018-10-15 21:00:00,24,0.1478,0.1949,0.8277,0.1355,0.1876,0.6989,0.16,0.202,0.9564
32,55,2018-10-15 22:00:00,24,0.1498,0.198,0.8338,0.1356,0.1876,0.7046,0.1641,0.2079,0.963
33,56,2018-10-15 23:00:00,24,0.156,0.2032,0.8344,0.1374,0.1882,0.7019,0.1745,0.2171,0.967
34,57,2018-10-16 00:00:00,24,0.1606,0.2079,0.8304,0.1389,0.1888,0.6906,0.1823,0.2253,0.9702
35,58,2018-10-16 01:00:00,24,0.1672,0.214,0.8266,0.1411,0.1903,0.681,0.1932,0.2353,0.9723
36,59,2018-10-16 02:00:00,24,0.1698,0.2147,0.8247,0.1423,0.1905,0.6742,0.1974,0.2365,0.9752
37,60,2018-10-16 03:00:00,24,0.1671,0.2139,0.8205,0.1399,0.1898,0.6637,0.1944,0.2356,0.9773
38,61,2018-10-16 04:00:00,24,0.1672,0.214,0.8161,0.1382,0.1895,0.6538,0.1963,0.236,0.9785
39,62,2018-10-16 05:00:00,24,0.1682,0.2147,0.8079,0.1374,0.1894,0.637,0.1989,0.2373,0.9787
40,63,2018-10-16 06:00:00,24,0.1701,0.2149,0.7968,0.1394,0.1897,0.6148,0.2007,0.2375,0.9788
41,64,2018-10-16 07:00:00,24,0.1712,0.2152,0.7842,0.1406,0.1899,0.59,0.2018,0.2379,0.9783
42,65,2018-10-16 08:00:00,24,0.1709,0.2145,0.7388,0.1396,0.1882,0.5004,0.2022,0.2379,0.9772
43,66,2018-10-16 09:00:00,24,0.169,0.2125,0.7167,0.1347,0.1832,0.4582,0.2033,0.2383,0.9751
44,67,2018-10-16 10:00:00,24,0.1734,0.2149,0.6491,0.1367,0.1845,0.3274,0.2101,0.2415,0.9709
45,68,2018-10-16 11:00:00,24,0.1749,0.2189,0.5704,0.1427,0.195,0.1747,0.2071,0.2405,0.9661
46,69,2018-10-16 12:00:00,24,0.1752,0.219,0.5293,0.1438,0.1955,0.1,0.2066,0.2402,0.9586
47,70,2018-10-16 13:00:00,24,0.1737,0.218,0.5252,0.1416,0.1943,0.1021,0.2057,0.2394,0.9483
48,71,2018-10-16 14:00:00,24,0.1608,0.198,0.6057,0.1259,0.1637,0.2702,0.1956,0.2272,0.9412
49,72,2018-10-16 15:00:00,24,0.1559,0.1927,0.4571,0.1308,0.1685,-0.0188,0.1809,0.2142,0.9329
50,73,2018-10-16 16:00:00,24,0.1478,0.1835,0.5301,0.1245,0.1588,0.142,0.1711,0.2053,0.9182
51,74,2018-10-16 17:00:00,24,0.1414,0.1778,0.5284,0.1235,0.1587,0.1576,0.1592,0.195,0.8992
52,75,2018-10-16 18:00:00,24,0.1372,0.172,0.3633,0.125,0.1608,-0.152,0.1495,0.1826,0.8787
53,76,2018-10-16 19:00:00,24,0.1352,0.1695,0.2943,0.1228,0.158,-0.2428,0.1476,0.1803,0.8313
54,77,2018-10-16 20:00:00,24,0.1319,0.1674,0.2675,0.1182,0.155,-0.2058,0.1455,0.179,0.7409
55,78,2018-10-16 21:00:00,24,0.131,0.1649,0.1673,0.1234,0.1582,-0.3058,0.1387,0.1713,0.6404
56,79,2018-10-16 22:00:00,24,0.1266,0.1585,0.163,0.123,0.1582,-0.3262,0.1302,0.1588,0.6522
57,80,2018-10-16 23:00:00,24,0.1206,0.152,0.2349,0.1202,0.1573,-0.2757,0.1211,0.1466,0.7455
58,81,2018-10-17 00:00:00,24,0.114,0.1445,0.3277,0.1169,0.156,-0.1833,0.1112,0.1321,0.8387
59,82,2018-10-17 01:00:00,24,0.1047,0.1341,0.3826,0.1124,0.1531,-0.1387,0.0971,0.112,0.9038
60,83,2018-10-17 02:00:00,24,0.1057,0.1347,0.3868,0.1136,0.1535,-0.1435,0.0978,0.1128,0.9172
61,84,2018-10-17 03:00:00,24,0.1057,0.1347,0.3914,0.1135,0.1535,-0.1444,0.0979,0.1128,0.9272
62,85,2018-10-17 04:00:00,24,0.1054,0.1345,0.3995,0.1147,0.1537,-0.1336,0.0961,0.112,0.9326
63,86,2018-10-17 05:00:00,24,0.1042,0.1333,0.4028,0.1156,0.1539,-0.1337,0.0928,0.1087,0.9392
64,87,2018-10-17 06:00:00,24,0.1042,0.1333,0.4026,0.1158,0.154,-0.1347,0.0925,0.1086,0.9399
65,88,2018-10-17 07:00:00,24,0.1034,0.133,0.4036,0.1143,0.1536,-0.1323,0.0925,0.1086,0.9396
66,89,2018-10-17 08:00:00,24,0.1044,0.1315,0.3634,0.1108,0.1471,-0.2086,0.098,0.1138,0.9354
67,90,2018-10-17 09:00:00,24,0.1059,0.1354,0.3771,0.106,0.1447,-0.1754,0.1058,0.1253,0.9295
68,91,2018-10-17 10:00:00,24,0.1049,0.1348,0.4178,0.1091,0.1484,-0.1077,0.1007,0.1197,0.9432
69,92,2018-10-17 11:00:00,24,0.1013,0.1245,0.5698,0.098,0.1262,0.1916,0.1046,0.1227,0.948
70,93,2018-10-17 12:00:00,24,0.1005,0.1252,0.5345,0.1014,0.1299,0.1147,0.0996,0.1203,0.9543
71,94,2018-10-17 13:00:00,24,0.0966,0.1218,0.5015,0.102,0.1303,0.0421,0.0913,0.1127,0.9608
72,95,2018-10-17 14:00:00,24,0.0964,0.1236,0.4467,0.1063,0.1373,-0.0681,0.0865,0.1083,0.9616
73,96,2018-10-17 15:00:00,24,0.0922,0.1194,0.5088,0.0984,0.1296,0.0594,0.0859,0.1082,0.9582
74,97,2018-10-17 16:00:00,24,0.0904,0.1183,0.467,0.0976,0.1286,-0.0205,0.0831,0.1072,0.9545
75,98,2018-10-17 17:00:00,24,0.0939,0.1203,0.4382,0.103,0.1316,-0.0699,0.0848,0.1079,0.9462
76,99,2018-10-17 18:00:00,24,0.0893,0.1148,0.4961,0.0976,0.1237,0.0519,0.0811,0.1051,0.9403
77,100,2018-10-17 19:00:00,24,0.0846,0.1099,0.5091,0.0955,0.1211,0.0764,0.0737,0.0974,0.9417
78,101,2018-10-17 20:00:00,24,0.0856,0.1107,0.5018,0.0961,0.1214,0.0697,0.075,0.0989,0.9338
79,102,2018-10-17 21:00:00,24,0.0829,0.1084,0.5111,0.0945,0.1195,0.0907,0.0713,0.0962,0.9315
80,103,2018-10-17 22:00:00,24,0.0846,0.1094,0.513,0.0978,0.1209,0.0966,0.0715,0.0965,0.9295
81,104,2018-10-17 23:00:00,24,0.095,0.1304,0.3229,0.1174,0.1565,-0.2777,0.0726,0.0977,0.9235
82,105,2018-10-18 00:00:00,24,0.104,0.145,0.121,0.1344,0.1796,-0.6777,0.0737,0.0989,0.9196
83,106,2018-10-18 01:00:00,24,0.1074,0.1479,0.1432,0.1326,0.1794,-0.6216,0.0822,0.1077,0.9079
84,107,2018-10-18 02:00:00,24,0.1055,0.1469,0.2233,0.1304,0.1788,-0.4705,0.0805,0.1059,0.9171
85,108,2018-10-18 03:00:00,24,0.1097,0.151,0.1627,0.1396,0.1856,-0.5953,0.0797,0.1057,0.9207
86,109,2018-10-18 04:00:00,24,0.1141,0.1543,0.1735,0.1471,0.1906,-0.5708,0.0811,0.1063,0.9178
87,110,2018-10-18 05:00:00,24,0.1137,0.1542,0.2382,0.1477,0.1908,-0.433,0.0797,0.1056,0.9093
88,111,2018-10-18 06:00:00,24,0.1145,0.1551,0.2777,0.1455,0.1905,-0.3231,0.0835,0.1088,0.8785
89,112,2018-10-18 07:00:00,24,0.1141,0.1548,0.3045,0.147,0.1908,-0.2363,0.0812,0.1075,0.8452
90,113,2018-10-18 08:00:00,24,0.1169,0.1617,0.4565,0.1545,0.2033,0.0884,0.0792,0.1048,0.8247
91,114,2018-10-18 09:00:00,24,0.1192,0.162,0.5098,0.1625,0.2075,0.1637,0.0759,0.0971,0.856
92,115,2018-10-18 10:00:00,24,0.1206,0.1634,0.5935,0.164,0.2092,0.3192,0.0771,0.0982,0.8679
93,116,2018-10-18 11:00:00,24,0.1263,0.1737,0.5476,0.1764,0.2257,0.2167,0.0762,0.097,0.8786
94,117,2018-10-18 12:00:00,24,0.1303,0.1766,0.5283,0.1734,0.2237,0.2204,0.0872,0.1109,0.8362
95,118,2018-10-18 13:00:00,24,0.1345,0.1795,0.4928,0.1725,0.2234,0.1918,0.0966,0.1206,0.7939
96,119,2018-10-18 14:00:00,24,0.1338,0.1775,0.5039,0.1679,0.219,0.2243,0.0996,0.1226,0.7836
97,120,2018-10-18 15:00:00,24,0.1494,0.1992,0.4912,0.1913,0.2505,0.2116,0.1074,0.1289,0.7707
98,121,2018-10-18 16:00:00,24,0.1568,0.2069,0.4667,0.2015,0.2615,0.1438,0.1122,0.1312,0.7897
99,122,2018-10-18 17:00:00,24,0.1662,0.2171,0.4141,0.2132,0.2736,0.0213,0.1193,0.1392,0.8068
100,123,2018-10-18 18:00:00,24,0.1672,0.2174,0.4443,0.211,0.2728,0.042,0.1234,0.1418,0.8467
101,124,2018-10-18 19:00:00,24,0.1683,0.2178,0.4591,0.2121,0.2734,0.0412,0.1246,0.142,0.877
102,125,2018-10-18 20:00:00,24,0.1706,0.219,0.4644,0.2155,0.2747,0.0268,0.1258,0.1432,0.902
103,126,2018-10-18 21:00:00,24,0.1738,0.2204,0.4648,0.2159,0.2749,0.0108,0.1317,0.1471,0.9188
104,127,2018-10-18 22:00:00,24,0.1721,0.2196,0.4557,0.2147,0.2745,-0.0242,0.1294,0.1452,0.9356
105,128,2018-10-18 23:00:00,24,0.1611,0.2075,0.5422,0.1954,0.256,0.1371,0.1267,0.1435,0.9472
106,129,2018-10-19 00:00:00,24,0.1646,0.2131,0.5092,0.1993,0.2632,0.0648,0.1299,0.1469,0.9537
107,130,2018-10-19 01:00:00,24,0.1615,0.2111,0.4895,0.1999,0.2632,0.0173,0.1231,0.1409,0.9617
108,131,2018-10-19 02:00:00,24,0.1656,0.2133,0.4138,0.2078,0.2667,-0.1371,0.1234,0.1411,0.9647
109,132,2018-10-19 03:00:00,24,0.1653,0.2127,0.4218,0.2066,0.2656,-0.1232,0.124,0.1412,0.9668
110,133,2018-10-19 04:00:00,24,0.1663,0.2128,0.4762,0.2033,0.2634,-0.013,0.1292,0.1456,0.9654
111,134,2018-10-19 05:00:00,24,0.1679,0.2135,0.486,0.2059,0.2644,0.0067,0.13,0.1459,0.9652
112,135,2018-10-19 06:00:00,24,0.1689,0.2134,0.4896,0.2091,0.2649,0.0138,0.1286,0.1447,0.9654
113,136,2018-10-19 07:00:00,24,0.1734,0.2162,0.4845,0.2096,0.265,0.0092,0.1372,0.1524,0.9598
114,137,2018-10-19 08:00:00,24,0.172,0.2158,0.4463,0.2098,0.2654,-0.0647,0.1342,0.1507,0.9574
115,138,2018-10-19 09:00:00,24,0.1694,0.2138,0.447,0.2062,0.2631,-0.0576,0.1326,0.1488,0.9516
116,139,2018-10-19 10:00:00,24,0.1666,0.212,0.3898,0.1975,0.2585,-0.1567,0.1358,0.1519,0.9364
117,140,2018-10-19 11:00:00,24,0.1612,0.2048,0.4265,0.1894,0.2476,-0.0655,0.133,0.1503,0.9185
118,141,2018-10-19 12:00:00,24,0.1626,0.2081,0.417,0.2005,0.2583,-0.0735,0.1247,0.141,0.9075
119,142,2018-10-19 13:00:00,24,0.1687,0.2142,0.3758,0.2078,0.2627,-0.1146,0.1297,0.1509,0.8661
120,143,2018-10-19 14:00:00,24,0.1754,0.2211,0.3844,0.2159,0.2705,-0.0489,0.1349,0.157,0.8177
121,144,2018-10-19 15:00:00,24,0.1719,0.212,0.4715,0.207,0.2537,0.1573,0.1369,0.1597,0.7856
122,145,2018-10-19 16:00:00,24,0.1673,0.2067,0.5699,0.1921,0.2405,0.3766,0.1426,0.1662,0.7633
123,146,2018-10-19 17:00:00,24,0.1613,0.1993,0.6625,0.1782,0.2256,0.5274,0.1444,0.169,0.7976
124,147,2018-10-19 18:00:00,24,0.1636,0.2012,0.701,0.179,0.2259,0.5663,0.1481,0.173,0.8357
125,148,2018-10-19 19:00:00,24,0.1658,0.2023,0.7252,0.1795,0.2262,0.5842,0.1521,0.1751,0.8663
126,149,2018-10-19 20:00:00,24,0.1624,0.2008,0.7407,0.1785,0.2256,0.59,0.1463,0.1724,0.8914
127,150,2018-10-19 21:00:00,24,0.1586,0.1989,0.7567,0.1741,0.224,0.6026,0.1431,0.17,0.9107
128,151,2018-10-19 22:00:00,24,0.1601,0.2006,0.7674,0.172,0.2237,0.6128,0.1483,0.1746,0.922
129,152,2018-10-19 23:00:00,24,0.1618,0.2011,0.7793,0.1747,0.2244,0.6255,0.1488,0.1748,0.933
130,153,2018-10-20 00:00:00,24,0.1503,0.1852,0.8217,0.1546,0.1972,0.7019,0.1461,0.1724,0.9414
131,154,2018-10-20 01:00:00,24,0.1493,0.1851,0.8162,0.1539,0.1972,0.6865,0.1446,0.1721,0.946
132,155,2018-10-20 02:00:00,24,0.1439,0.182,0.8275,0.1458,0.1924,0.7047,0.1419,0.1711,0.9503
133,156,2018-10-20 03:00:00,24,0.1407,0.1796,0.8408,0.1388,0.1875,0.7287,0.1425,0.1712,0.9528
134,157,2018-10-20 04:00:00,24,0.1348,0.1765,0.8505,0.1345,0.1855,0.7444,0.1351,0.167,0.9566
135,158,2018-10-20 05:00:00,24,0.1342,0.1761,0.8531,0.1332,0.1847,0.749,0.1352,0.167,0.9573
136,159,2018-10-20 06:00:00,24,0.1315,0.1752,0.8527,0.1316,0.1842,0.7477,0.1314,0.1657,0.9578
137,160,2018-10-20 07:00:00,24,0.1279,0.1721,0.8485,0.1311,0.1841,0.7377,0.1246,0.1593,0.9592
138,161,2018-10-20 08:00:00,24,0.1325,0.1759,0.8118,0.1291,0.1796,0.675,0.1358,0.1721,0.9486
139,162,2018-10-20 09:00:00,24,0.1389,0.1875,0.755,0.1283,0.1792,0.5834,0.1495,0.1955,0.9266
140,163,2018-10-20 10:00:00,24,0.1388,0.1869,0.6313,0.1306,0.1799,0.3463,0.1471,0.1936,0.9164
141,164,2018-10-20 11:00:00,24,0.1415,0.1891,0.529,0.1258,0.1749,0.1632,0.1572,0.2023,0.8949
142,165,2018-10-20 12:00:00,24,0.1398,0.1852,0.5458,0.1209,0.1657,0.209,0.1587,0.203,0.8825
143,166,2018-10-20 13:00:00,24,0.1315,0.176,0.4622,0.113,0.1583,0.0336,0.15,0.1921,0.8909
144,167,2018-10-20 14:00:00,24,0.1254,0.168,0.5958,0.1027,0.1426,0.2995,0.1482,0.19,0.8922
145,168,2018-10-20 15:00:00,24,0.1188,0.1587,0.7353,0.0898,0.1204,0.5779,0.1478,0.1895,0.8927
146,169,2018-10-20 16:00:00,24,0.1211,0.16,0.7354,0.0951,0.1249,0.5768,0.1471,0.1886,0.8939
147,170,2018-10-20 17:00:00,24,0.1191,0.1577,0.7582,0.0936,0.1241,0.6183,0.1446,0.1853,0.8982
148,171,2018-10-20 18:00:00,24,0.119,0.1577,0.7903,0.0933,0.1239,0.6831,0.1448,0.1855,0.8975
149,172,2018-10-20 19:00:00,24,0.1173,0.1563,0.813,0.0903,0.1208,0.7292,0.1444,0.1852,0.8969
150,173,2018-10-20 20:00:00,24,0.1215,0.1623,0.8228,0.0855,0.1181,0.7608,0.1575,0.1968,0.8847
151,174,2018-10-20 21:00:00,24,0.1251,0.1651,0.8258,0.0873,0.1189,0.7684,0.1629,0.201,0.8832
152,175,2018-10-20 22:00:00,24,0.1219,0.1624,0.8328,0.0882,0.119,0.7781,0.1555,0.1963,0.8875
153,176,2018-10-20 23:00:00,24,0.1241,0.1641,0.8374,0.0878,0.1188,0.79,0.1604,0.1994,0.8848
154,177,2018-10-21 00:00:00,24,0.1239,0.1639,0.8448,0.0884,0.119,0.8001,0.1594,0.1989,0.8896
155,178,2018-10-21 01:00:00,24,0.1261,0.1644,0.8483,0.0918,0.1202,0.8044,0.1605,0.199,0.8923
156,179,2018-10-21 02:00:00,24,0.1281,0.1651,0.8485,0.0953,0.122,0.8037,0.1609,0.1991,0.8933
157,180,2018-10-21 03:00:00,24,0.1296,0.1659,0.8508,0.0949,0.1219,0.8098,0.1643,0.2005,0.8917
158,181,2018-10-21 04:00:00,24,0.1316,0.1669,0.8472,0.0987,0.1244,0.8033,0.1645,0.2006,0.8912
159,182,2018-10-21 05:00:00,24,0.1344,0.1687,0.8414,0.1004,0.126,0.7953,0.1685,0.2027,0.8874
160,183,2018-10-21 06:00:00,24,0.1343,0.1687,0.8393,0.1005,0.126,0.7925,0.1682,0.2026,0.8861
161,184,2018-10-21 07:00:00,24,0.1351,0.1692,0.8357,0.1005,0.126,0.7874,0.1697,0.2033,0.884
162,185,2018-10-21 08:00:00,24,0.1285,0.1586,0.8559,0.0904,0.1039,0.8221,0.1665,0.1988,0.8898
163,186,2018-10-21 09:00:00,24,0.1251,0.1485,0.8146,0.097,0.1144,0.7184,0.1532,0.1761,0.9107
164,187,2018-10-21 10:00:00,24,0.1304,0.1559,0.7909,0.0988,0.1161,0.6884,0.162,0.1874,0.8934
165,188,2018-10-21 11:00:00,24,0.1329,0.1601,0.7734,0.1007,0.1187,0.6742,0.1652,0.1928,0.8725
166,189,2018-10-21 12:00:00,24,0.1389,0.1717,0.8165,0.0966,0.1113,0.8164,0.1812,0.2158,0.8165
167,190,2018-10-21 13:00:00,24,0.1447,0.1825,0.8265,0.0952,0.1108,0.8744,0.1942,0.2331,0.7786
168,191,2018-10-21 14:00:00,24,0.1498,0.1954,0.8427,0.0916,0.1088,0.9106,0.2081,0.2541,0.7747
169,192,2018-10-21 15:00:00,24,0.1644,0.2241,0.7725,0.1202,0.189,0.7321,0.2085,0.2544,0.813
170,193,2018-10-21 16:00:00,24,0.1617,0.222,0.7868,0.1196,0.1885,0.7273,0.2037,0.251,0.8463
171,194,2018-10-21 17:00:00,24,0.1655,0.2257,0.7755,0.132,0.201,0.68,0.1991,0.2479,0.8709
172,195,2018-10-21 18:00:00,24,0.1887,0.2746,0.6911,0.1721,0.2925,0.495,0.2052,0.2554,0.8872
173,196,2018-10-21 19:00:00,24,0.1891,0.2753,0.7209,0.1771,0.295,0.5387,0.2012,0.2541,0.903
174,197,2018-10-21 20:00:00,24,0.1894,0.2736,0.7306,0.1849,0.2978,0.5449,0.1938,0.2471,0.9163
175,198,2018-10-21 21:00:00,24,0.1888,0.2729,0.7401,0.1871,0.2985,0.558,0.1905,0.2446,0.9223
176,199,2018-10-21 22:00:00,24,0.2035,0.2898,0.7385,0.2136,0.3282,0.5518,0.1933,0.2455,0.9252
177,200,2018-10-21 23:00:00,24,0.2069,0.2922,0.7449,0.2227,0.3335,0.56,0.1911,0.244,0.9297
178,201,2018-10-22 00:00:00,24,0.2083,0.2931,0.7542,0.2219,0.3334,0.5761,0.1948,0.2463,0.9324
179,202,2018-10-22 01:00:00,24,0.2078,0.293,0.7612,0.2196,0.333,0.5881,0.196,0.2465,0.9343
180,203,2018-10-22 02:00:00,24,0.2087,0.2933,0.7666,0.2176,0.3325,0.5979,0.1999,0.248,0.9352
181,204,2018-10-22 03:00:00,24,0.2147,0.2973,0.7698,0.2304,0.3397,0.6038,0.1991,0.2476,0.9359
182,205,2018-10-22 04:00:00,24,0.218,0.2983,0.7815,0.2325,0.3407,0.6279,0.2035,0.2487,0.935
183,206,2018-10-22 05:00:00,24,0.2137,0.297,0.7901,0.2269,0.3395,0.6478,0.2006,0.2474,0.9324
184,207,2018-10-22 06:00:00,24,0.2151,0.2972,0.7923,0.2271,0.3395,0.6577,0.2031,0.2477,0.9269
185,208,2018-10-22 07:00:00,24,0.2151,0.2972,0.7921,0.2287,0.3399,0.6671,0.2014,0.2471,0.9172
186,209,2018-10-22 08:00:00,24,0.2199,0.301,0.7835,0.2377,0.3462,0.6771,0.2021,0.2477,0.8899
187,210,2018-10-22 09:00:00,24,0.2176,0.3003,0.7633,0.229,0.3424,0.6933,0.2063,0.2513,0.8333
188,211,2018-10-22 10:00:00,24,0.2106,0.2963,0.7229,0.2239,0.3414,0.692,0.1973,0.2429,0.7538
189,212,2018-10-22 11:00:00,24,0.2027,0.2908,0.6397,0.2199,0.3398,0.668,0.1855,0.2317,0.6113
190,213,2018-10-22 12:00:00,24,0.195,0.2827,0.5244,0.2186,0.3393,0.5995,0.1713,0.2115,0.4494
191,214,2018-10-22 13:00:00,24,0.1901,0.2767,0.3706,0.2193,0.3394,0.4468,0.161,0.1947,0.2945
192,215,2018-10-22 14:00:00,24,0.185,0.2677,0.2135,0.2229,0.34,0.003,0.1471,0.1664,0.424
193,216,2018-10-22 15:00:00,24,0.1769,0.2497,0.2448,0.2057,0.3108,0.0432,0.148,0.1678,0.4464
194,217,2018-10-22 16:00:00,24,0.1803,0.2523,0.1422,0.2101,0.3136,-0.2299,0.1506,0.1701,0.5142
195,218,2018-10-22 17:00:00,24,0.1781,0.2494,0.2294,0.2038,0.3082,-0.1429,0.1525,0.1716,0.6016
196,219,2018-10-22 18:00:00,24,0.1521,0.1919,0.6164,0.165,0.2237,0.4992,0.1392,0.1537,0.7337
197,220,2018-10-22 19:00:00,24,0.1572,0.1961,0.6265,0.1686,0.2277,0.5171,0.1458,0.1583,0.7358
198,221,2018-10-22 20:00:00,24,0.1546,0.1947,0.6433,0.1678,0.227,0.5306,0.1415,0.1557,0.7559
199,222,2018-10-22 21:00:00,24,0.1501,0.1929,0.6609,0.1644,0.2258,0.5538,0.1359,0.153,0.7681
200,223,2018-10-22 22:00:00,24,0.1358,0.1665,0.7379,0.1376,0.1798,0.7012,0.134,0.152,0.7746
201,224,2018-10-22 23:00:00,24,0.1327,0.1622,0.7589,0.1308,0.1712,0.7308,0.1347,0.1527,0.7871
202,225,2018-10-23 00:00:00,24,0.133,0.1616,0.7743,0.1336,0.1724,0.7352,0.1323,0.15,0.8135
203,226,2018-10-23 01:00:00,24,0.1389,0.1703,0.7557,0.1482,0.1888,0.6825,0.1297,0.1495,0.829
204,227,2018-10-23 02:00:00,24,0.1409,0.1737,0.7473,0.1462,0.1885,0.6834,0.1356,0.1575,0.8112
205,228,2018-10-23 03:00:00,24,0.1375,0.1709,0.7533,0.1321,0.175,0.7169,0.143,0.1666,0.7898
206,229,2018-10-23 04:00:00,24,0.1376,0.1731,0.7429,0.1249,0.1712,0.7076,0.1502,0.1751,0.7781
207,230,2018-10-23 05:00:00,24,0.1471,0.1834,0.7289,0.1306,0.1735,0.6825,0.1635,0.1927,0.7753
208,231,2018-10-23 06:00:00,24,0.1529,0.1896,0.739,0.1308,0.1736,0.6712,0.1751,0.2044,0.8069
209,232,2018-10-23 07:00:00,24,0.156,0.193,0.7526,0.1283,0.1725,0.6587,0.1837,0.2116,0.8464
210,233,2018-10-23 08:00:00,24,0.1523,0.1879,0.7642,0.1214,0.1616,0.642,0.1831,0.2109,0.8864
211,234,2018-10-23 09:00:00,24,0.1517,0.1862,0.7339,0.126,0.1644,0.5526,0.1775,0.2057,0.9151
212,235,2018-10-23 10:00:00,24,0.1571,0.1899,0.6705,0.1361,0.1722,0.4141,0.1781,0.2061,0.9268
213,236,2018-10-23 11:00:00,24,0.1659,0.1985,0.6533,0.1439,0.1801,0.3801,0.1878,0.2152,0.9264
214,237,2018-10-23 12:00:00,24,0.1698,0.2027,0.61,0.1516,0.1892,0.2894,0.1879,0.2154,0.9306
215,238,2018-10-23 13:00:00,24,0.167,0.2007,0.6178,0.1523,0.1893,0.2985,0.1817,0.2115,0.937
216,239,2018-10-23 14:00:00,24,0.1653,0.2005,0.6037,0.1569,0.1932,0.265,0.1736,0.2075,0.9424
217,240,2018-10-23 15:00:00,24,0.1648,0.2083,0.5569,0.1668,0.216,0.166,0.1628,0.2004,0.9478
218,241,2018-10-23 16:00:00,24,0.1611,0.2055,0.6474,0.1644,0.2133,0.3448,0.1579,0.1973,0.9501
219,242,2018-10-23 17:00:00,24,0.1561,0.2027,0.6861,0.1575,0.2097,0.4215,0.1548,0.1954,0.9507
220,243,2018-10-23 18:00:00,24,0.1581,0.2037,0.6527,0.1579,0.21,0.3566,0.1584,0.1973,0.9488
221,244,2018-10-23 19:00:00,24,0.1568,0.2021,0.6892,0.156,0.2075,0.4288,0.1576,0.1966,0.9496
222,245,2018-10-23 20:00:00,24,0.1591,0.2033,0.7318,0.1551,0.2068,0.5147,0.1631,0.1998,0.9488
223,246,2018-10-23 21:00:00,24,0.1605,0.2038,0.7402,0.1578,0.2078,0.5319,0.1633,0.1998,0.9485
224,247,2018-10-23 22:00:00,24,0.1592,0.2036,0.7422,0.157,0.2077,0.5376,0.1615,0.1994,0.9467
225,248,2018-10-23 23:00:00,24,0.1549,0.2018,0.7489,0.1513,0.2058,0.5547,0.1584,0.1977,0.943
226,249,2018-10-24 00:00:00,24,0.1531,0.2011,0.7368,0.1484,0.2048,0.5393,0.1579,0.1974,0.9342
227,250,2018-10-24 01:00:00,24,0.1531,0.1974,0.7634,0.1408,0.1939,0.6098,0.1654,0.2007,0.9169
228,251,2018-10-24 02:00:00,24,0.1533,0.1973,0.7635,0.1414,0.194,0.6231,0.1652,0.2006,0.904
229,252,2018-10-24 03:00:00,24,0.1525,0.1949,0.7677,0.1441,0.1944,0.6343,0.1609,0.1954,0.901
230,253,2018-10-24 04:00:00,24,0.1558,0.197,0.7745,0.1494,0.1964,0.6465,0.1623,0.1976,0.9025
231,254,2018-10-24 05:00:00,24,0.1516,0.1911,0.7924,0.1471,0.1951,0.66,0.1561,0.187,0.9249
232,255,2018-10-24 06:00:00,24,0.1483,0.1861,0.8058,0.1494,0.196,0.6673,0.1473,0.1757,0.9443
233,256,2018-10-24 07:00:00,24,0.1441,0.1821,0.8167,0.1491,0.1959,0.6761,0.1392,0.1672,0.9572
234,257,2018-10-24 08:00:00,24,0.1406,0.1788,0.8321,0.1487,0.1956,0.6989,0.1324,0.1603,0.9652
235,258,2018-10-24 09:00:00,24,0.1388,0.1784,0.8322,0.1496,0.1964,0.6951,0.1279,0.1583,0.9694
236,259,2018-10-24 10:00:00,24,0.1353,0.175,0.8283,0.1442,0.1911,0.6851,0.1264,0.1572,0.9715
237,260,2018-10-24 11:00:00,24,0.1331,0.1727,0.7493,0.1471,0.1956,0.5235,0.1192,0.1463,0.9752
238,261,2018-10-24 12:00:00,24,0.1341,0.1734,0.7097,0.1438,0.1911,0.4485,0.1244,0.1536,0.9709
239,262,2018-10-24 13:00:00,24,0.1431,0.1818,0.6459,0.1532,0.1993,0.3274,0.1331,0.1625,0.9645
240,263,2018-10-24 14:00:00,24,0.141,0.1796,0.651,0.1478,0.1951,0.3418,0.1342,0.1627,0.9603
241,264,2018-10-24 15:00:00,24,0.1326,0.16,0.8181,0.1248,0.1541,0.6834,0.1405,0.1657,0.9528
242,265,2018-10-24 16:00:00,24,0.1375,0.1653,0.8215,0.126,0.1558,0.7032,0.149,0.1742,0.9398
243,266,2018-10-24 17:00:00,24,0.1438,0.1701,0.8094,0.1328,0.1605,0.6915,0.1548,0.1792,0.9274
244,267,2018-10-24 18:00:00,24,0.144,0.171,0.8097,0.1303,0.159,0.7008,0.1578,0.1821,0.9187
245,268,2018-10-24 19:00:00,24,0.1392,0.1665,0.8205,0.1248,0.1525,0.7225,0.1535,0.1793,0.9184
246,269,2018-10-24 20:00:00,24,0.137,0.1647,0.819,0.1219,0.1503,0.7198,0.152,0.1779,0.9182
247,270,2018-10-24 21:00:00,24,0.1385,0.1652,0.8184,0.1204,0.1493,0.7206,0.1567,0.1797,0.9162
248,271,2018-10-24 22:00:00,24,0.1409,0.1659,0.8155,0.1242,0.1507,0.7141,0.1575,0.1798,0.9169
249,272,2018-10-24 23:00:00,24,0.14,0.1656,0.8168,0.1246,0.1507,0.7143,0.1555,0.1792,0.9193
250,273,2018-10-25 00:00:00,24,0.1398,0.1657,0.82,0.1237,0.1506,0.7161,0.1558,0.1794,0.9238
251,274,2018-10-25 01:00:00,24,0.1402,0.1687,0.803,0.1297,0.161,0.6752,0.1507,0.176,0.9308
252,275,2018-10-25 02:00:00,24,0.1387,0.1655,0.8085,0.1325,0.162,0.6781,0.1448,0.169,0.939
253,276,2018-10-25 03:00:00,24,0.1392,0.1664,0.8115,0.132,0.1618,0.6846,0.1464,0.1708,0.9385
254,277,2018-10-25 04:00:00,24,0.135,0.1617,0.8166,0.1281,0.1596,0.691,0.142,0.1637,0.9421
255,278,2018-10-25 05:00:00,24,0.1333,0.1592,0.8227,0.1292,0.1603,0.7029,0.1374,0.158,0.9424
256,279,2018-10-25 06:00:00,24,0.1331,0.1603,0.8237,0.1253,0.1589,0.7138,0.1409,0.1617,0.9337
257,280,2018-10-25 07:00:00,24,0.1427,0.1749,0.8123,0.1277,0.1599,0.721,0.1577,0.1887,0.9036
258,281,2018-10-25 08:00:00,24,0.1431,0.1755,0.8098,0.1233,0.1565,0.7206,0.1628,0.1927,0.8989
259,282,2018-10-25 09:00:00,24,0.1432,0.1751,0.8103,0.1218,0.155,0.7213,0.1646,0.1931,0.8992
260,283,2018-10-25 10:00:00,24,0.1428,0.1752,0.8076,0.1233,0.1563,0.7111,0.1623,0.1922,0.9041
261,284,2018-10-25 11:00:00,24,0.1382,0.1698,0.8285,0.118,0.1466,0.7458,0.1584,0.1903,0.9111
262,285,2018-10-25 12:00:00,24,0.1324,0.1637,0.8412,0.1109,0.1393,0.7616,0.1539,0.185,0.9208
263,286,2018-10-25 13:00:00,24,0.1298,0.1611,0.8172,0.112,0.1418,0.704,0.1477,0.1784,0.9303
264,287,2018-10-25 14:00:00,24,0.1343,0.1664,0.7767,0.1209,0.1534,0.6191,0.1477,0.1784,0.9343
265,288,2018-10-25 15:00:00,24,0.1318,0.165,0.7251,0.1208,0.1534,0.5108,0.1429,0.1758,0.9394
266,289,2018-10-25 16:00:00,24,0.1273,0.1594,0.6882,0.1168,0.1486,0.4315,0.1377,0.1696,0.9449
267,290,2018-10-25 17:00:00,24,0.123,0.1566,0.6751,0.109,0.1434,0.4055,0.137,0.1687,0.9448
268,291,2018-10-25 18:00:00,24,0.1186,0.1534,0.6413,0.109,0.1434,0.3361,0.1283,0.1627,0.9464
269,292,2018-10-25 19:00:00,24,0.1206,0.1554,0.603,0.1127,0.1476,0.2633,0.1284,0.1628,0.9427
270,293,2018-10-25 20:00:00,24,0.1208,0.1565,0.5952,0.1104,0.1466,0.2523,0.1311,0.1657,0.9381
271,294,2018-10-25 21:00:00,24,0.1173,0.1552,0.6023,0.1083,0.146,0.27,0.1263,0.1638,0.9345
272,295,2018-10-25 22:00:00,24,0.1176,0.1552,0.5679,0.1076,0.1456,0.2092,0.1276,0.1643,0.9265
273,296,2018-10-25 23:00:00,24,0.1215,0.1583,0.5112,0.1073,0.1456,0.1138,0.1356,0.1701,0.9086
274,297,2018-10-26 00:00:00,24,0.1251,0.1613,0.3987,0.1099,0.1463,-0.0828,0.1403,0.1751,0.8801
275,298,2018-10-26 01:00:00,24,0.1256,0.1631,0.4219,0.1116,0.1505,-0.0025,0.1396,0.1749,0.8462
276,299,2018-10-26 02:00:00,24,0.126,0.1647,0.4472,0.1087,0.1494,0.108,0.1433,0.1787,0.7864
277,300,2018-10-26 03:00:00,24,0.1279,0.1675,0.4207,0.1089,0.1494,0.139,0.1468,0.1837,0.7024
278,301,2018-10-26 04:00:00,24,0.1277,0.1667,0.4162,0.1103,0.15,0.1872,0.1451,0.1819,0.6452
279,302,2018-10-26 05:00:00,24,0.1289,0.1693,0.4147,0.1075,0.1485,0.2404,0.1503,0.1878,0.589
280,303,2018-10-26 06:00:00,24,0.1301,0.1709,0.4491,0.1076,0.1485,0.2736,0.1526,0.1906,0.6246
281,304,2018-10-26 07:00:00,24,0.1278,0.1655,0.5402,0.1071,0.1482,0.3145,0.1485,0.1811,0.7659
282,305,2018-10-26 08:00:00,24,0.1285,0.1656,0.5688,0.1096,0.1499,0.3029,0.1475,0.1799,0.8348
283,306,2018-10-26 09:00:00,24,0.1265,0.1645,0.5904,0.1066,0.1478,0.3087,0.1465,0.1797,0.872
284,307,2018-10-26 10:00:00,24,0.123,0.1628,0.6173,0.1012,0.1443,0.3404,0.1448,0.1794,0.8942
285,308,2018-10-26 11:00:00,24,0.1301,0.1716,0.6111,0.1074,0.1561,0.3249,0.1528,0.1857,0.8974
286,309,2018-10-26 12:00:00,24,0.1339,0.1758,0.6662,0.1095,0.1572,0.4383,0.1583,0.1925,0.8941
287,310,2018-10-26 13:00:00,24,0.1354,0.1782,0.7714,0.1023,0.1466,0.6624,0.1686,0.2049,0.8804
288,311,2018-10-26 14:00:00,24,0.1377,0.18,0.8105,0.0946,0.1353,0.7536,0.1809,0.2156,0.8674
289,312,2018-10-26 15:00:00,24,0.1424,0.1827,0.8288,0.0972,0.1365,0.7935,0.1877,0.2194,0.8642
290,313,2018-10-26 16:00:00,24,0.1621,0.2205,0.7028,0.1217,0.1987,0.5585,0.2025,0.2403,0.847
291,314,2018-10-26 17:00:00,24,0.1671,0.2245,0.6936,0.1356,0.2103,0.5282,0.1987,0.2378,0.8589
292,315,2018-10-26 18:00:00,24,0.1683,0.2249,0.7075,0.1336,0.21,0.5477,0.203,0.2389,0.8673
293,316,2018-10-26 19:00:00,24,0.1653,0.2232,0.7246,0.1295,0.2068,0.5747,0.201,0.2385,0.8745
294,317,2018-10-26 20:00:00,24,0.1646,0.2227,0.7245,0.1357,0.21,0.5646,0.1935,0.2347,0.8844
295,318,2018-10-26 21:00:00,24,0.1662,0.223,0.7269,0.138,0.2105,0.564,0.1945,0.2348,0.8899
296,319,2018-10-26 22:00:00,24,0.165,0.2226,0.7316,0.1363,0.21,0.5684,0.1937,0.2346,0.8948
297,320,2018-10-26 23:00:00,24,0.1667,0.2228,0.7336,0.14,0.2108,0.5664,0.1933,0.2342,0.9007
298,321,2018-10-27 00:00:00,24,0.1645,0.2212,0.7382,0.1392,0.2105,0.5681,0.1899,0.2313,0.9082
299,322,2018-10-27 01:00:00,24,0.1651,0.2199,0.7365,0.1366,0.2063,0.5634,0.1936,0.2326,0.9096
300,323,2018-10-27 02:00:00,24,0.1709,0.2263,0.7201,0.14,0.2073,0.5394,0.2019,0.2439,0.9007
301,324,2018-10-27 03:00:00,24,0.1681,0.2232,0.7108,0.1413,0.2077,0.5154,0.195,0.2376,0.9061
302,325,2018-10-27 04:00:00,24,0.1674,0.2235,0.6932,0.1384,0.2072,0.4812,0.1963,0.2387,0.9052
303,326,2018-10-27 05:00:00,24,0.1617,0.22,0.6692,0.1376,0.2071,0.429,0.1859,0.2323,0.9093
304,327,2018-10-27 06:00:00,24,0.1596,0.2174,0.6348,0.1413,0.2081,0.3586,0.1779,0.2263,0.9111
305,328,2018-10-27 07:00:00,24,0.1511,0.21,0.5826,0.1399,0.2077,0.2511,0.1622,0.2122,0.9142
306,329,2018-10-27 08:00:00,24,0.1584,0.2184,0.5547,0.1501,0.2199,0.2125,0.1666,0.2169,0.8968
307,330,2018-10-27 09:00:00,24,0.1617,0.2204,0.5599,0.1495,0.2197,0.2447,0.1738,0.221,0.8752
308,331,2018-10-27 10:00:00,24,0.168,0.2232,0.518,0.1571,0.2239,0.1845,0.1788,0.2225,0.8516
309,332,2018-10-27 11:00:00,24,0.158,0.2147,0.5535,0.1456,0.2121,0.261,0.1704,0.2172,0.8459
310,333,2018-10-27 12:00:00,24,0.1577,0.2156,0.5554,0.1553,0.2223,0.2544,0.1601,0.2087,0.8564
311,334,2018-10-27 13:00:00,24,0.1536,0.2107,0.6043,0.154,0.2216,0.3362,0.1532,0.1993,0.8724
312,335,2018-10-27 14:00:00,24,0.1537,0.2099,0.5982,0.1606,0.2273,0.3092,0.1468,0.1909,0.8871
313,336,2018-10-27 15:00:00,24,0.1554,0.2125,0.5247,0.1698,0.2354,0.1516,0.1411,0.1869,0.8977
314,337,2018-10-27 16:00:00,24,0.1361,0.1751,0.678,0.1512,0.1921,0.4257,0.121,0.1562,0.9302
315,338,2018-10-27 17:00:00,24,0.1288,0.1677,0.7093,0.1384,0.1795,0.4864,0.1191,0.1551,0.9322
316,339,2018-10-27 18:00:00,24,0.1271,0.1671,0.6994,0.1378,0.1794,0.4657,0.1164,0.1537,0.9331
317,340,2018-10-27 19:00:00,24,0.1323,0.1709,0.6924,0.1427,0.184,0.4568,0.1218,0.1568,0.928
318,341,2018-10-27 20:00:00,24,0.1389,0.1779,0.6862,0.1428,0.1841,0.4642,0.1349,0.1715,0.9081
319,342,2018-10-27 21:00:00,24,0.1566,0.203,0.6185,0.1565,0.2008,0.3767,0.1566,0.2052,0.8604
320,343,2018-10-27 22:00:00,24,0.162,0.2088,0.6124,0.1552,0.2006,0.3827,0.1688,0.2166,0.8422
321,344,2018-10-27 23:00:00,24,0.1594,0.2076,0.6142,0.1517,0.1998,0.3893,0.1671,0.2152,0.8391
322,345,2018-10-28 00:00:00,24,0.1582,0.207,0.6112,0.1509,0.1996,0.3897,0.1655,0.2141,0.8328
323,346,2018-10-28 01:00:00,24,0.15,0.201,0.6328,0.1378,0.1885,0.4343,0.1622,0.2127,0.8314
324,347,2018-10-28 02:00:00,24,0.1425,0.1916,0.6348,0.1364,0.1878,0.3986,0.1485,0.1953,0.871
325,348,2018-10-28 03:00:00,24,0.1413,0.1912,0.6322,0.1384,0.189,0.3796,0.1442,0.1934,0.8848
326,349,2018-10-28 04:00:00,24,0.1385,0.1891,0.6348,0.1387,0.189,0.372,0.1382,0.1892,0.8976
327,350,2018-10-28 05:00:00,24,0.1387,0.1892,0.6351,0.1397,0.1892,0.3665,0.1377,0.1891,0.9037
328,351,2018-10-28 06:00:00,24,0.138,0.1891,0.635,0.1403,0.1896,0.3608,0.1357,0.1886,0.9092
329,352,2018-10-28 07:00:00,24,0.1398,0.1895,0.6342,0.1421,0.1902,0.356,0.1375,0.1889,0.9123
330,353,2018-10-28 08:00:00,24,0.1292,0.1781,0.6412,0.1268,0.174,0.3635,0.1316,0.182,0.9189
331,354,2018-10-28 09:00:00,24,0.1259,0.1756,0.5989,0.1259,0.1738,0.2766,0.1259,0.1775,0.9212
332,355,2018-10-28 10:00:00,24,0.1254,0.1751,0.6076,0.1245,0.1723,0.2985,0.1263,0.1778,0.9168
333,356,2018-10-28 11:00:00,24,0.1253,0.175,0.6258,0.1227,0.1716,0.3419,0.1279,0.1783,0.9098
334,357,2018-10-28 12:00:00,24,0.1219,0.1693,0.6715,0.1142,0.1591,0.4428,0.1296,0.179,0.9003
335,358,2018-10-28 13:00:00,24,0.1215,0.1688,0.6806,0.1155,0.1601,0.4647,0.1276,0.177,0.8965
336,359,2018-10-28 14:00:00,24,0.1234,0.1711,0.689,0.1151,0.1595,0.4892,0.1316,0.1821,0.8887
337,360,2018-10-28 15:00:00,24,0.1263,0.1764,0.649,0.1198,0.17,0.4154,0.1328,0.1826,0.8826
338,361,2018-10-28 16:00:00,24,0.1275,0.1765,0.647,0.1192,0.1691,0.4269,0.1358,0.1835,0.8671
339,362,2018-10-28 17:00:00,24,0.1302,0.1778,0.6362,0.1241,0.1717,0.4345,0.1363,0.1837,0.8379
340,363,2018-10-28 18:00:00,24,0.1297,0.1777,0.6058,0.1246,0.1717,0.4449,0.1348,0.1835,0.7666
341,364,2018-10-28 19:00:00,24,0.1226,0.1733,0.5395,0.1155,0.1654,0.4685,0.1297,0.1809,0.6106
342,365,2018-10-28 20:00:00,24,0.115,0.1652,0.4569,0.1091,0.1612,0.4921,0.1209,0.1691,0.4217
343,366,2018-10-28 21:00:00,24,0.0976,0.1331,0.6038,0.094,0.1392,0.6051,0.1011,0.1268,0.6024
344,367,2018-10-28 22:00:00,24,0.0912,0.1237,0.656,0.0941,0.1392,0.5926,0.0883,0.1059,0.7194
345,368,2018-10-28 23:00:00,24,0.0885,0.1215,0.6675,0.0956,0.1395,0.5834,0.0814,0.1002,0.7515
346,369,2018-10-29 00:00:00,24,0.0858,0.1201,0.6741,0.0951,0.1394,0.581,0.0766,0.097,0.7672
347,370,2018-10-29 01:00:00,24,0.0868,0.1208,0.6717,0.099,0.141,0.5714,0.0746,0.0965,0.7719
348,371,2018-10-29 02:00:00,24,0.0856,0.1205,0.6738,0.0963,0.1403,0.5742,0.0748,0.0967,0.7733
349,372,2018-10-29 03:00:00,24,0.0839,0.1193,0.6742,0.0936,0.1383,0.5776,0.0741,0.0965,0.7708
350,373,2018-10-29 04:00:00,24,0.0853,0.1202,0.669,0.098,0.1404,0.5658,0.0727,0.0958,0.7721
351,374,2018-10-29 05:00:00,24,0.0868,0.1212,0.6696,0.1009,0.1421,0.5657,0.0727,0.0958,0.7735
352,375,2018-10-29 06:00:00,24,0.0867,0.1208,0.6752,0.0996,0.1412,0.5815,0.0737,0.0962,0.769
353,376,2018-10-29 07:00:00,24,0.0882,0.1218,0.682,0.1,0.1414,0.5949,0.0763,0.0984,0.769
354,377,2018-10-29 08:00:00,24,0.0924,0.1299,0.689,0.114,0.158,0.6035,0.0709,0.0938,0.7746
355,378,2018-10-29 09:00:00,24,0.0949,0.1323,0.7211,0.1142,0.158,0.6581,0.0756,0.1001,0.7841
356,379,2018-10-29 10:00:00,24,0.0954,0.1338,0.7709,0.1106,0.1548,0.7114,0.0803,0.1088,0.8304
357,380,2018-10-29 11:00:00,24,0.1024,0.1433,0.759,0.1235,0.1703,0.6356,0.0814,0.1097,0.8825
358,381,2018-10-29 12:00:00,24,0.104,0.1458,0.7314,0.1278,0.1751,0.5545,0.0803,0.1089,0.9084
359,382,2018-10-29 13:00:00,24,0.1011,0.1444,0.6306,0.1281,0.1753,0.3314,0.0742,0.1046,0.9298
360,383,2018-10-29 14:00:00,24,0.0961,0.1369,0.5754,0.1228,0.1692,0.2043,0.0694,0.0942,0.9465
361,384,2018-10-29 15:00:00,24,0.0903,0.1242,0.6586,0.1113,0.1483,0.3703,0.0692,0.094,0.9468
362,385,2018-10-29 16:00:00,24,0.0836,0.1177,0.7057,0.1007,0.1386,0.4615,0.0666,0.0922,0.9498
363,386,2018-10-29 17:00:00,24,0.0857,0.1239,0.6663,0.1077,0.1498,0.3814,0.0637,0.0908,0.9512
364,387,2018-10-29 18:00:00,24,0.0888,0.1252,0.6762,0.1107,0.1509,0.4022,0.0669,0.0927,0.9502
365,388,2018-10-29 19:00:00,24,0.0983,0.1359,0.685,0.1175,0.1548,0.4384,0.0792,0.1137,0.9317
366,389,2018-10-29 20:00:00,24,0.0991,0.1363,0.7137,0.1184,0.1551,0.4911,0.0797,0.1144,0.9363
367,390,2018-10-29 21:00:00,24,0.0985,0.136,0.7262,0.119,0.1553,0.5119,0.078,0.1136,0.9405
368,391,2018-10-29 22:00:00,24,0.101,0.1372,0.7298,0.1203,0.1555,0.5215,0.0817,0.1161,0.9381
369,392,2018-10-29 23:00:00,24,0.1037,0.1387,0.7305,0.1199,0.1554,0.5299,0.0875,0.1196,0.9311
370,393,2018-10-30 00:00:00,24,0.1056,0.1393,0.7113,0.1231,0.1566,0.4958,0.0881,0.1196,0.9268
371,394,2018-10-30 01:00:00,24,0.1036,0.1385,0.7011,0.119,0.1551,0.4818,0.0881,0.1196,0.9204
372,395,2018-10-30 02:00:00,24,0.1042,0.1387,0.6785,0.1233,0.1566,0.4407,0.0851,0.1181,0.9164
373,396,2018-10-30 03:00:00,24,0.1041,0.1386,0.6605,0.1226,0.1563,0.4132,0.0856,0.1182,0.9078
374,397,2018-10-30 04:00:00,24,0.105,0.14,0.6461,0.1179,0.1544,0.404,0.092,0.1238,0.8882
375,398,2018-10-30 05:00:00,24,0.1029,0.139,0.6415,0.114,0.1526,0.4106,0.0918,0.1238,0.8723
376,399,2018-10-30 06:00:00,24,0.1016,0.1385,0.6339,0.1126,0.152,0.4151,0.0906,0.1235,0.8526
377,400,2018-10-30 07:00:00,24,0.0989,0.1371,0.6345,0.1093,0.1508,0.4274,0.0885,0.1219,0.8417
378,401,2018-10-30 08:00:00,24,0.1,0.1404,0.6329,0.1117,0.1568,0.4481,0.0883,0.1219,0.8177
379,402,2018-10-30 09:00:00,24,0.1059,0.1471,0.6054,0.12,0.1638,0.3947,0.0918,0.1282,0.8161
380,403,2018-10-30 10:00:00,24,0.101,0.1424,0.6266,0.1181,0.163,0.3834,0.084,0.1184,0.8698
381,404,2018-10-30 11:00:00,24,0.1021,0.1463,0.6221,0.1212,0.1701,0.3585,0.083,0.1176,0.8856
382,405,2018-10-30 12:00:00,24,0.1062,0.1509,0.6475,0.1225,0.1721,0.4252,0.09,0.1262,0.8698
383,406,2018-10-30 13:00:00,24,0.1107,0.154,0.6596,0.1225,0.1721,0.4709,0.0988,0.1335,0.8484
384,407,2018-10-30 14:00:00,24,0.1194,0.1681,0.6753,0.1336,0.1888,0.5452,0.1052,0.1444,0.8054
385,408,2018-10-30 15:00:00,24,0.1323,0.1975,0.51,0.1576,0.2383,0.2537,0.1069,0.1456,0.7662
386,409,2018-10-30 16:00:00,24,0.1378,0.1999,0.4542,0.1654,0.2414,0.1938,0.1101,0.1472,0.7147
387,410,2018-10-30 17:00:00,24,0.1375,0.1973,0.4386,0.1594,0.2352,0.242,0.1157,0.15,0.6352
388,411,2018-10-30 18:00:00,24,0.1451,0.2047,0.3861,0.1702,0.2451,0.2015,0.12,0.154,0.5707
389,412,2018-10-30 19:00:00,24,0.1437,0.2031,0.4195,0.1753,0.2498,0.1546,0.1122,0.1418,0.6843
390,413,2018-10-30 20:00:00,24,0.1444,0.2036,0.4413,0.1755,0.2499,0.1354,0.1133,0.1431,0.7472
391,414,2018-10-30 21:00:00,24,0.1531,0.2098,0.4331,0.1841,0.2551,0.1289,0.122,0.1515,0.7373
392,415,2018-10-30 22:00:00,24,0.1555,0.2121,0.4319,0.1838,0.2551,0.1557,0.1273,0.1578,0.7081
393,416,2018-10-30 23:00:00,24,0.156,0.2121,0.4188,0.1857,0.2555,0.1527,0.1263,0.1571,0.6848
394,417,2018-10-31 00:00:00,24,0.1557,0.212,0.4104,0.1825,0.2548,0.1651,0.1289,0.1579,0.6556
395,418,2018-10-31 01:00:00,24,0.158,0.2123,0.3967,0.1847,0.2551,0.1724,0.1314,0.1584,0.6209
396,419,2018-10-31 02:00:00,24,0.1571,0.212,0.3798,0.1815,0.2543,0.1833,0.1327,0.1588,0.5763
397,420,2018-10-31 03:00:00,24,0.1564,0.2119,0.3608,0.1804,0.2541,0.1866,0.1325,0.1588,0.5349
398,421,2018-10-31 04:00:00,24,0.1545,0.2105,0.3746,0.1832,0.2545,0.1911,0.1257,0.1543,0.558
399,422,2018-10-31 05:00:00,24,0.1565,0.2108,0.3787,0.1849,0.2548,0.2021,0.1281,0.1548,0.5552
400,423,2018-10-31 06:00:00,24,0.1574,0.2111,0.3797,0.1841,0.2547,0.2118,0.1306,0.1557,0.5475
401,424,2018-10-31 07:00:00,24,0.1588,0.2115,0.3856,0.1857,0.2549,0.2256,0.1319,0.1563,0.5456
402,425,2018-10-31 08:00:00,24,0.156,0.2068,0.4074,0.1799,0.2471,0.2721,0.1321,0.1564,0.5426
403,426,2018-10-31 09:00:00,24,0.1492,0.2011,0.4485,0.1728,0.2428,0.3232,0.1256,0.1482,0.5739
404,427,2018-10-31 10:00:00,24,0.1517,0.2023,0.4559,0.1769,0.2444,0.3593,0.1265,0.1487,0.5524
405,428,2018-10-31 11:00:00,24,0.1497,0.1975,0.4607,0.1708,0.2355,0.3844,0.1286,0.1501,0.5371
406,429,2018-10-31 12:00:00,24,0.1455,0.1935,0.4272,0.1685,0.2331,0.2818,0.1224,0.1435,0.5726
407,430,2018-10-31 13:00:00,24,0.1412,0.1905,0.3915,0.1661,0.2318,0.1789,0.1163,0.1373,0.604
408,431,2018-10-31 14:00:00,24,0.1383,0.1884,0.1686,0.1682,0.2357,-0.2623,0.1084,0.1242,0.5995
409,432,2018-10-31 15:00:00,24,0.1278,0.1611,0.5013,0.1402,0.1833,0.4549,0.1153,0.1355,0.5476
410,433,2018-10-31 16:00:00,24,0.1287,0.164,0.6137,0.134,0.1793,0.596,0.1233,0.147,0.6314
411,434,2018-10-31 17:00:00,24,0.1311,0.1667,0.6821,0.1365,0.1821,0.6177,0.1257,0.1497,0.7465
412,435,2018-10-31 18:00:00,24,0.1242,0.158,0.7471,0.127,0.1695,0.6728,0.1213,0.1455,0.8215
413,436,2018-10-31 19:00:00,24,0.1192,0.1522,0.7855,0.1195,0.1602,0.714,0.1189,0.1437,0.8571
414,437,2018-10-31 20:00:00,24,0.1188,0.1516,0.7873,0.1231,0.1624,0.7073,0.1144,0.14,0.8673
415,438,2018-10-31 21:00:00,24,0.1111,0.1433,0.809,0.1144,0.154,0.7322,0.1078,0.1319,0.8858
416,439,2018-10-31 22:00:00,24,0.1077,0.1398,0.817,0.1128,0.1538,0.7269,0.1026,0.1243,0.9072
417,440,2018-10-31 23:00:00,24,0.1056,0.1389,0.824,0.1098,0.1529,0.7299,0.1014,0.1233,0.918
418,441,2018-11-01 00:00:00,24,0.1053,0.1386,0.8289,0.1111,0.1531,0.7312,0.0995,0.1224,0.9266
419,442,2018-11-01 01:00:00,24,0.1059,0.1389,0.8294,0.1125,0.1538,0.7259,0.0993,0.1222,0.9328
420,443,2018-11-01 02:00:00,24,0.1073,0.1396,0.8295,0.1133,0.154,0.7247,0.1012,0.1235,0.9344
421,444,2018-11-01 03:00:00,24,0.1084,0.14,0.8278,0.1153,0.1547,0.719,0.1014,0.1236,0.9367
422,445,2018-11-01 04:00:00,24,0.1082,0.1399,0.8246,0.1149,0.1545,0.7106,0.1015,0.1236,0.9386
423,446,2018-11-01 05:00:00,24,0.1083,0.1403,0.8167,0.1171,0.1558,0.693,0.0994,0.123,0.9404
424,447,2018-11-01 06:00:00,24,0.1104,0.143,0.8055,0.1161,0.1556,0.6785,0.1047,0.1292,0.9324
425,448,2018-11-01 07:00:00,24,0.1089,0.1426,0.7937,0.1138,0.1552,0.6582,0.104,0.1287,0.9291
426,449,2018-11-01 08:00:00,24,0.1127,0.1493,0.7396,0.1195,0.1669,0.5555,0.1059,0.1293,0.9236
427,450,2018-11-01 09:00:00,24,0.1172,0.1544,0.6938,0.1213,0.1678,0.491,0.113,0.1397,0.8966
428,451,2018-11-01 10:00:00,24,0.1163,0.1541,0.6275,0.1213,0.1678,0.3835,0.1114,0.139,0.8715
429,452,2018-11-01 11:00:00,24,0.112,0.1502,0.6093,0.1178,0.1629,0.3758,0.1062,0.1364,0.8428
430,453,2018-11-01 12:00:00,24,0.107,0.1465,0.6141,0.1106,0.1569,0.4328,0.1035,0.1353,0.7954
431,454,2018-11-01 13:00:00,24,0.1085,0.148,0.5654,0.1088,0.1561,0.4471,0.1081,0.1394,0.6837
432,455,2018-11-01 14:00:00,24,0.099,0.1322,0.5468,0.0931,0.1267,0.595,0.105,0.1375,0.4986
433,456,2018-11-01 15:00:00,24,0.0947,0.1262,0.48,0.096,0.1287,0.4871,0.0934,0.1237,0.4728
434,457,2018-11-01 16:00:00,24,0.0914,0.1208,0.4623,0.1011,0.1328,0.346,0.0817,0.1076,0.5786
435,458,2018-11-01 17:00:00,24,0.0841,0.113,0.5425,0.0945,0.125,0.4395,0.0738,0.0996,0.6456
436,459,2018-11-01 18:00:00,24,0.0838,0.1132,0.5932,0.0956,0.1262,0.529,0.072,0.0984,0.6574
437,460,2018-11-01 19:00:00,24,0.0812,0.1118,0.6365,0.0937,0.1249,0.6205,0.0687,0.0971,0.6525
438,461,2018-11-01 20:00:00,24,0.0832,0.1163,0.654,0.0892,0.1216,0.6976,0.0772,0.1106,0.6104
439,462,2018-11-01 21:00:00,24,0.0873,0.1206,0.6764,0.0959,0.1284,0.6643,0.0788,0.1122,0.6885
440,463,2018-11-01 22:00:00,24,0.0901,0.1228,0.6686,0.0984,0.1291,0.661,0.0817,0.1163,0.6762
441,464,2018-11-01 23:00:00,24,0.0956,0.1305,0.6101,0.1,0.1294,0.6568,0.0912,0.1316,0.5634
442,465,2018-11-02 00:00:00,24,0.099,0.1338,0.5777,0.0996,0.1293,0.6366,0.0984,0.1382,0.5189
443,466,2018-11-02 01:00:00,24,0.0999,0.1354,0.5842,0.0962,0.128,0.6286,0.1035,0.1425,0.5399
444,467,2018-11-02 02:00:00,24,0.0998,0.1355,0.6079,0.0958,0.1278,0.5854,0.1038,0.1427,0.6304
445,468,2018-11-02 03:00:00,24,0.1006,0.1359,0.6246,0.0947,0.1273,0.5461,0.1066,0.1439,0.7031
446,469,2018-11-02 04:00:00,24,0.1011,0.136,0.6347,0.0939,0.1269,0.5062,0.1083,0.1444,0.7633
447,470,2018-11-02 05:00:00,24,0.0989,0.1349,0.6496,0.0895,0.1247,0.4983,0.1082,0.1444,0.801
448,471,2018-11-02 06:00:00,24,0.0988,0.134,0.618,0.091,0.125,0.4149,0.1067,0.1424,0.8211
449,472,2018-11-02 07:00:00,24,0.1007,0.1349,0.5416,0.0928,0.1253,0.2589,0.1086,0.1437,0.8244
450,473,2018-11-02 08:00:00,24,0.0974,0.1291,0.6833,0.0887,0.1133,0.5346,0.1061,0.1432,0.832
451,474,2018-11-02 09:00:00,24,0.094,0.1241,0.7138,0.0866,0.1117,0.5803,0.1013,0.1354,0.8472
452,475,2018-11-02 10:00:00,24,0.0958,0.1255,0.7085,0.0869,0.1121,0.5822,0.1047,0.1375,0.8349
453,476,2018-11-02 11:00:00,24,0.0989,0.1277,0.6614,0.0876,0.1133,0.5045,0.1103,0.1405,0.8182
454,477,2018-11-02 12:00:00,24,0.1004,0.1283,0.6175,0.0877,0.1134,0.4276,0.1131,0.1416,0.8073
455,478,2018-11-02 13:00:00,24,0.0969,0.1257,0.5696,0.0875,0.1133,0.3227,0.1064,0.1369,0.8165
456,479,2018-11-02 14:00:00,24,0.1031,0.1322,0.5618,0.0935,0.1208,0.3167,0.1128,0.1428,0.8069
457,480,2018-11-02 15:00:00,24,0.1029,0.1318,0.5998,0.092,0.1196,0.3925,0.1137,0.1429,0.807
458,481,2018-11-02 16:00:00,24,0.1095,0.146,0.445,0.1045,0.1488,0.0881,0.1145,0.1431,0.8018
459,482,2018-11-02 17:00:00,24,0.1118,0.1476,0.4236,0.1084,0.1519,0.0524,0.1151,0.1431,0.7948
460,483,2018-11-02 18:00:00,24,0.1094,0.1461,0.4355,0.1033,0.1489,0.0807,0.1154,0.1432,0.7903
461,484,2018-11-02 19:00:00,24,0.1088,0.1459,0.4301,0.1021,0.1485,0.0781,0.1155,0.1433,0.7821
462,485,2018-11-02 20:00:00,24,0.1074,0.1427,0.388,0.1046,0.1495,0.019,0.1102,0.1354,0.7571
463,486,2018-11-02 21:00:00,24,0.1039,0.14,0.3476,0.0966,0.1434,0.0952,0.1112,0.1365,0.6
464,487,2018-11-02 22:00:00,24,0.0987,0.1369,0.2464,0.0942,0.1429,0.1074,0.1032,0.1306,0.3854
465,488,2018-11-02 23:00:00,24,0.0939,0.1297,0.2696,0.0954,0.1434,0.1343,0.0925,0.1143,0.4048
466,489,2018-11-03 00:00:00,24,0.0932,0.1279,0.3427,0.0975,0.1444,0.2023,0.0888,0.1089,0.483
467,490,2018-11-03 01:00:00,24,0.0917,0.1258,0.4053,0.1,0.1451,0.2293,0.0835,0.103,0.5812
468,491,2018-11-03 02:00:00,24,0.0917,0.1263,0.4428,0.0988,0.1449,0.2528,0.0846,0.1044,0.6328
469,492,2018-11-03 03:00:00,24,0.0936,0.1286,0.4829,0.0985,0.1448,0.2831,0.0887,0.11,0.6828
470,493,2018-11-03 04:00:00,24,0.0929,0.1283,0.5092,0.0979,0.1446,0.295,0.0878,0.1095,0.7233
471,494,2018-11-03 05:00:00,24,0.0939,0.1285,0.5205,0.0987,0.1448,0.2868,0.089,0.1098,0.7541
472,495,2018-11-03 06:00:00,24,0.0923,0.1275,0.5513,0.0969,0.1444,0.2921,0.0877,0.1078,0.8105
473,496,2018-11-03 07:00:00,24,0.0925,0.1274,0.5648,0.0981,0.1449,0.2733,0.0869,0.107,0.8562
474,497,2018-11-03 08:00:00,24,0.0957,0.1286,0.4868,0.0944,0.1383,0.1005,0.097,0.1182,0.873
475,498,2018-11-03 09:00:00,24,0.101,0.1359,0.2739,0.0992,0.1423,-0.3494,0.1028,0.1292,0.8973
476,499,2018-11-03 10:00:00,24,0.0994,0.1348,0.2001,0.0952,0.1393,-0.5243,0.1036,0.1301,0.9245
477,500,2018-11-03 11:00:00,24,0.0969,0.1331,0.2796,0.0876,0.1326,-0.3811,0.1062,0.1335,0.9402
478,501,2018-11-03 12:00:00,24,0.0997,0.1356,0.3702,0.0934,0.1379,-0.2117,0.106,0.1334,0.9521
479,502,2018-11-03 13:00:00,24,0.1085,0.1447,0.2511,0.1047,0.1516,-0.4557,0.1122,0.1375,0.9579
480,503,2018-11-03 14:00:00,24,0.104,0.1397,0.2347,0.1,0.1464,-0.4965,0.1079,0.1326,0.966
481,504,2018-11-03 15:00:00,24,0.1058,0.1412,0.1654,0.1031,0.1492,-0.6386,0.1084,0.1328,0.9693
482,505,2018-11-03 16:00:00,24,0.0991,0.1262,0.2801,0.085,0.1153,-0.4106,0.1131,0.1361,0.9708
483,506,2018-11-03 17:00:00,24,0.1007,0.1284,0.2722,0.0797,0.1106,-0.4263,0.1218,0.144,0.9706
484,507,2018-11-03 18:00:00,24,0.103,0.1296,0.3075,0.0834,0.1129,-0.3575,0.1227,0.1444,0.9725
485,508,2018-11-03 19:00:00,24,0.1121,0.1382,0.1852,0.0909,0.121,-0.6009,0.1332,0.1535,0.9713
486,509,2018-11-03 20:00:00,24,0.1116,0.1385,0.1063,0.0886,0.1198,-0.7605,0.1346,0.1549,0.973
487,510,2018-11-03 21:00:00,24,0.1103,0.1374,0.0212,0.0883,0.1198,-0.9333,0.1323,0.1531,0.9756
488,511,2018-11-03 22:00:00,24,0.113,0.1387,-0.0351,0.0885,0.1198,-1.0464,0.1375,0.1552,0.9763
489,512,2018-11-03 23:00:00,24,0.1119,0.1383,-0.0312,0.0878,0.1194,-1.0392,0.1359,0.1548,0.9769
490,513,2018-11-04 00:00:00,24,0.1132,0.1406,-0.0419,0.086,0.1183,-1.0599,0.1404,0.1599,0.9761
491,514,2018-11-04 01:00:00,24,0.1124,0.1405,-0.0249,0.086,0.1183,-1.0261,0.1388,0.1596,0.9762
492,515,2018-11-04 02:00:00,24,0.1124,0.1401,-0.0489,0.0905,0.1207,-1.0744,0.1343,0.1571,0.9765
493,516,2018-11-04 03:00:00,24,0.1096,0.1378,-0.0486,0.0892,0.1205,-1.0745,0.1301,0.1533,0.9773
494,517,2018-11-04 04:00:00,24,0.1108,0.1387,-0.0542,0.0929,0.1228,-1.0849,0.1287,0.153,0.9764
495,518,2018-11-04 05:00:00,24,0.111,0.1389,-0.0413,0.0941,0.1233,-1.0573,0.1278,0.1529,0.9747
496,519,2018-11-04 06:00:00,24,0.1122,0.1391,-0.0162,0.0967,0.1239,-1.0051,0.1278,0.1528,0.9727
497,520,2018-11-04 07:00:00,24,0.1106,0.1386,0.0428,0.0975,0.1245,-0.8847,0.1236,0.1514,0.9704
498,521,2018-11-04 08:00:00,24,0.1024,0.1305,-0.0637,0.0896,0.1167,-1.0983,0.1152,0.143,0.9708
499,522,2018-11-04 09:00:00,24,0.0953,0.1211,0.0107,0.0859,0.1125,-0.9528,0.1046,0.1291,0.9741
500,523,2018-11-04 10:00:00,24,0.0978,0.1245,0.169,0.0872,0.1132,-0.6301,0.1085,0.1348,0.968
501,524,2018-11-04 11:00:00,24,0.1018,0.1289,0.4798,0.0924,0.1173,-0.0007,0.1112,0.1394,0.9604
502,525,2018-11-04 12:00:00,24,0.1076,0.1409,0.7038,0.0895,0.1135,0.4729,0.1257,0.1638,0.9346
503,526,2018-11-04 13:00:00,24,0.1049,0.1407,0.8391,0.0766,0.094,0.766,0.1333,0.1753,0.9123
504,527,2018-11-04 14:00:00,24,0.1077,0.1461,0.8687,0.0734,0.0917,0.8469,0.142,0.1852,0.8904
505,528,2018-11-04 15:00:00,24,0.1105,0.1509,0.8847,0.0682,0.0855,0.896,0.1529,0.1955,0.8734
506,529,2018-11-04 16:00:00,24,0.1095,0.1502,0.8978,0.0677,0.0854,0.9166,0.1513,0.1944,0.879
507,530,2018-11-04 17:00:00,24,0.1089,0.1484,0.9085,0.0715,0.089,0.9209,0.1463,0.19,0.8961
508,531,2018-11-04 19:00:00,24,0.1113,0.1519,0.9044,0.0776,0.101,0.9035,0.145,0.1896,0.9052
509,532,2018-11-04 20:00:00,24,0.1075,0.1471,0.9134,0.076,0.0978,0.9093,0.139,0.1837,0.9175
510,533,2018-11-04 21:00:00,24,0.1098,0.1487,0.9094,0.0811,0.103,0.8973,0.1386,0.1833,0.9215
511,534,2018-11-04 22:00:00,24,0.1107,0.1489,0.9093,0.0826,0.1033,0.895,0.1387,0.1834,0.9236
512,535,2018-11-04 23:00:00,24,0.1127,0.1501,0.9031,0.0896,0.1094,0.8804,0.1359,0.182,0.9259
513,536,2018-11-05 00:00:00,24,0.1163,0.1524,0.9002,0.09,0.1096,0.8775,0.1426,0.1856,0.9229
514,537,2018-11-05 01:00:00,24,0.1122,0.1489,0.8998,0.091,0.1102,0.8731,0.1335,0.1795,0.9265
515,538,2018-11-05 02:00:00,24,0.1133,0.1495,0.8952,0.0927,0.1115,0.8657,0.1338,0.1796,0.9247
516,539,2018-11-05 03:00:00,24,0.1156,0.1509,0.8895,0.0927,0.1116,0.8582,0.1385,0.1818,0.9208
517,540,2018-11-05 04:00:00,24,0.1159,0.1511,0.8829,0.0969,0.1138,0.8471,0.1348,0.1808,0.9188
518,541,2018-11-05 05:00:00,24,0.1152,0.1506,0.8778,0.0956,0.1126,0.8405,0.1348,0.1808,0.9151
519,542,2018-11-05 06:00:00,24,0.1166,0.1511,0.8692,0.096,0.1128,0.8271,0.1372,0.1815,0.9113
520,543,2018-11-05 07:00:00,24,0.1164,0.151,0.8563,0.0992,0.1156,0.8052,0.1337,0.1795,0.9075
521,544,2018-11-05 08:00:00,24,0.1207,0.1565,0.8298,0.1078,0.1294,0.7588,0.1335,0.1795,0.9007
522,545,2018-11-05 09:00:00,24,0.1205,0.1565,0.8259,0.1075,0.1293,0.7594,0.1335,0.1795,0.8924
523,546,2018-11-05 10:00:00,24,0.1222,0.1574,0.831,0.1089,0.1305,0.7755,0.1354,0.1803,0.8864
524,547,2018-11-05 11:00:00,24,0.1227,0.1576,0.8212,0.1152,0.1378,0.7507,0.1302,0.1751,0.8916
525,548,2018-11-05 12:00:00,24,0.1234,0.1599,0.8158,0.1232,0.1516,0.7288,0.1236,0.1678,0.9027
526,549,2018-11-05 13:00:00,24,0.1249,0.1606,0.7854,0.1347,0.1701,0.6469,0.1152,0.1505,0.9238
527,550,2018-11-05 14:00:00,24,0.1284,0.1615,0.7648,0.1446,0.177,0.5996,0.1123,0.1443,0.9301
528,551,2018-11-05 15:00:00,24,0.1338,0.1681,0.7266,0.1514,0.1813,0.5351,0.1163,0.1539,0.9181
529,552,2018-11-05 16:00:00,24,0.131,0.1637,0.7042,0.1523,0.1815,0.4859,0.1096,0.1436,0.9226
530,553,2018-11-05 17:00:00,24,0.1313,0.1637,0.6528,0.153,0.1816,0.3916,0.1095,0.1435,0.9139
531,554,2018-11-05 18:00:00,24,0.1281,0.1622,0.6196,0.1484,0.1798,0.3368,0.1078,0.1424,0.9023
532,555,2018-11-05 19:00:00,24,0.129,0.162,0.5947,0.1472,0.1781,0.308,0.1108,0.1441,0.8814
533,556,2018-11-05 20:00:00,24,0.13,0.163,0.5617,0.1484,0.1794,0.2643,0.1116,0.1447,0.8592
534,557,2018-11-05 21:00:00,24,0.1261,0.1602,0.5603,0.1445,0.1768,0.2703,0.1077,0.1416,0.8502
535,558,2018-11-05 22:00:00,24,0.1258,0.1602,0.5419,0.1469,0.1779,0.2402,0.1047,0.1402,0.8436
536,559,2018-11-05 23:00:00,24,0.1395,0.1844,0.4955,0.1639,0.2111,0.1733,0.115,0.1531,0.8177
537,560,2018-11-06 00:00:00,24,0.1474,0.1986,0.3927,0.1834,0.2376,-0.0535,0.1114,0.1498,0.8388
538,561,2018-11-06 01:00:00,24,0.146,0.1983,0.3997,0.1809,0.2371,-0.05,0.111,0.1498,0.8494
539,562,2018-11-06 02:00:00,24,0.1463,0.1985,0.4054,0.1774,0.2361,-0.04,0.1153,0.1519,0.8507
540,563,2018-11-06 03:00:00,24,0.143,0.197,0.4153,0.175,0.2352,-0.0291,0.1111,0.1493,0.8598
541,564,2018-11-06 04:00:00,24,0.1432,0.1968,0.4194,0.1743,0.2349,-0.0233,0.1122,0.1494,0.8622
542,565,2018-11-06 05:00:00,24,0.1456,0.1979,0.4164,0.1727,0.2344,-0.0213,0.1185,0.1529,0.8542
543,566,2018-11-06 06:00:00,24,0.1439,0.1975,0.417,0.171,0.2341,-0.0168,0.1169,0.1523,0.8509
544,567,2018-11-06 07:00:00,24,0.1437,0.1974,0.4075,0.1707,0.2339,-0.0264,0.1168,0.1523,0.8415
545,568,2018-11-06 08:00:00,24,0.1438,0.1972,0.3939,0.1704,0.2336,-0.038,0.1172,0.1523,0.8257
546,569,2018-11-06 09:00:00,24,0.1441,0.1973,0.3635,0.172,0.2338,-0.0723,0.1162,0.1521,0.7992
547,570,2018-11-06 10:00:00,24,0.142,0.1966,0.2754,0.1714,0.2336,-0.1871,0.1126,0.1508,0.7379
548,571,2018-11-06 11:00:00,24,0.138,0.1937,0.2454,0.1657,0.2295,-0.1484,0.1104,0.1495,0.6391
549,572,2018-11-06 12:00:00,24,0.1363,0.1905,0.1242,0.1607,0.2232,-0.1465,0.112,0.1509,0.3949
550,573,2018-11-06 13:00:00,24,0.1334,0.1855,0.1175,0.153,0.2124,0.1548,0.1139,0.1541,0.0803
551,574,2018-11-06 14:00:00,24,0.1488,0.2194,0.0121,0.1716,0.2498,-0.1553,0.1259,0.184,0.1795
552,575,2018-11-06 15:00:00,24,0.1496,0.222,0.1953,0.1836,0.2655,-0.2059,0.1156,0.1675,0.5964
553,576,2018-11-06 16:00:00,24,0.1615,0.2352,0.1607,0.1997,0.2807,-0.4105,0.1233,0.1783,0.7319
554,577,2018-11-06 17:00:00,24,0.1691,0.2403,0.1682,0.2106,0.2869,-0.4823,0.1275,0.1821,0.8187
555,578,2018-11-06 18:00:00,24,0.1741,0.2426,0.0727,0.2185,0.29,-0.7076,0.1297,0.1832,0.853
556,579,2018-11-06 19:00:00,24,0.1759,0.2439,0.0715,0.2194,0.2908,-0.7213,0.1325,0.1855,0.8643
557,580,2018-11-06 20:00:00,24,0.1737,0.2429,0.091,0.2124,0.2878,-0.682,0.1351,0.1877,0.8641
558,581,2018-11-06 21:00:00,24,0.1789,0.2459,0.129,0.2199,0.2918,-0.6037,0.1379,0.1893,0.8616
559,582,2018-11-06 22:00:00,24,0.1779,0.2456,0.1588,0.2174,0.2912,-0.5409,0.1384,0.1894,0.8584
560,583,2018-11-06 23:00:00,24,0.1623,0.2269,0.137,0.1961,0.2661,-0.5991,0.1285,0.1793,0.8731
561,584,2018-11-07 00:00:00,24,0.1493,0.2127,0.2764,0.1737,0.2423,-0.3213,0.1249,0.1783,0.8742
562,585,2018-11-07 01:00:00,24,0.1527,0.2135,0.2724,0.1759,0.2427,-0.3276,0.1295,0.1797,0.8724
563,586,2018-11-07 02:00:00,24,0.1527,0.2133,0.2635,0.1771,0.2429,-0.345,0.1282,0.1789,0.8719
564,587,2018-11-07 03:00:00,24,0.1506,0.213,0.2594,0.1746,0.2425,-0.3516,0.1266,0.1787,0.8704
565,588,2018-11-07 04:00:00,24,0.1514,0.2132,0.2627,0.1742,0.2424,-0.3425,0.1286,0.1793,0.8679
566,589,2018-11-07 05:00:00,24,0.1484,0.212,0.267,0.1749,0.2425,-0.3317,0.1219,0.1763,0.8657
567,590,2018-11-07 06:00:00,24,0.1505,0.2132,0.2548,0.1741,0.2425,-0.3403,0.127,0.1791,0.8499
568,591,2018-11-07 07:00:00,24,0.1497,0.2127,0.2579,0.1709,0.2413,-0.3196,0.1285,0.1797,0.8355
569,592,2018-11-07 08:00:00,24,0.1464,0.209,0.2584,0.1623,0.2343,-0.2998,0.1305,0.1801,0.8166
570,593,2018-11-07 09:00:00,24,0.1486,0.2097,0.2409,0.1623,0.2343,-0.3046,0.135,0.1818,0.7863
571,594,2018-11-07 10:00:00,24,0.1491,0.2097,0.2413,0.1612,0.2339,-0.2591,0.1371,0.1823,0.7417
572,595,2018-11-07 11:00:00,24,0.1564,0.2154,0.1674,0.1686,0.2396,-0.3169,0.1443,0.1881,0.6517
573,596,2018-11-07 12:00:00,24,0.1557,0.2149,0.0965,0.1643,0.2365,-0.3581,0.1471,0.1908,0.5511
574,597,2018-11-07 13:00:00,24,0.1511,0.2107,-0.3021,0.1615,0.2344,-1.1346,0.1406,0.1841,0.5304
575,598,2018-11-07 14:00:00,24,0.1303,0.1694,0.2543,0.136,0.1884,-0.2027,0.1246,0.1481,0.7113
576,599,2018-11-07 15:00:00,24,0.1231,0.1571,0.3425,0.1178,0.1611,-0.0457,0.1283,0.1531,0.7307
577,600,2018-11-07 16:00:00,24,0.1131,0.1397,0.6302,0.1012,0.1325,0.4701,0.125,0.1466,0.7902
578,601,2018-11-07 17:00:00,24,0.1086,0.1341,0.7312,0.0914,0.1189,0.6378,0.1258,0.1477,0.8245
579,602,2018-11-07 18:00:00,24,0.1076,0.1327,0.8074,0.0875,0.1135,0.7502,0.1276,0.1495,0.8646
580,603,2018-11-07 19:00:00,24,0.1005,0.1253,0.8623,0.0798,0.1021,0.8265,0.1211,0.1448,0.898
581,604,2018-11-07 20:00:00,24,0.1009,0.1269,0.858,0.0881,0.1129,0.7957,0.1137,0.1395,0.9203
582,605,2018-11-07 21:00:00,24,0.1028,0.1314,0.8672,0.0833,0.1046,0.8114,0.1223,0.1536,0.9231
583,606,2018-11-07 22:00:00,24,0.1052,0.1339,0.8688,0.082,0.1042,0.8042,0.1284,0.1581,0.9335
584,607,2018-11-07 23:00:00,24,0.1095,0.1377,0.8617,0.0858,0.1083,0.7818,0.1332,0.1619,0.9416
585,608,2018-11-08 00:00:00,24,0.119,0.1457,0.8404,0.0953,0.1181,0.74,0.1427,0.1688,0.9408
586,609,2018-11-08 01:00:00,24,0.1172,0.145,0.8418,0.096,0.1186,0.7386,0.1384,0.1673,0.9449
587,610,2018-11-08 02:00:00,24,0.1177,0.1454,0.8418,0.0989,0.1207,0.7365,0.1365,0.1665,0.9472
588,611,2018-11-08 03:00:00,24,0.1211,0.1472,0.8442,0.0994,0.1207,0.7437,0.1429,0.1696,0.9448
589,612,2018-11-08 04:00:00,24,0.1257,0.1518,0.8438,0.1016,0.1227,0.7488,0.1498,0.1761,0.9388
590,613,2018-11-08 05:00:00,24,0.1263,0.1518,0.8479,0.1001,0.1221,0.7601,0.1524,0.1766,0.9357
591,614,2018-11-08 06:00:00,24,0.1274,0.1525,0.849,0.1012,0.1223,0.7689,0.1536,0.1777,0.9292
592,615,2018-11-08 07:00:00,24,0.1295,0.1539,0.849,0.1038,0.1242,0.7756,0.1551,0.1786,0.9224
593,616,2018-11-08 08:00:00,24,0.1332,0.1567,0.85,0.107,0.1273,0.7875,0.1595,0.1814,0.9124
594,617,2018-11-08 09:00:00,24,0.1365,0.1593,0.8394,0.1108,0.1304,0.7801,0.1622,0.1837,0.8987
595,618,2018-11-08 10:00:00,24,0.1372,0.1597,0.827,0.1126,0.1317,0.7668,0.1618,0.1835,0.8872
596,619,2018-11-08 11:00:00,24,0.1268,0.1511,0.8497,0.1016,0.1194,0.8094,0.1521,0.1771,0.8899
597,620,2018-11-08 12:00:00,24,0.1234,0.1478,0.8525,0.0995,0.1177,0.8115,0.1473,0.1727,0.8934
598,621,2018-11-08 13:00:00,24,0.13,0.1572,0.8294,0.1076,0.1335,0.7759,0.1523,0.1778,0.8829
599,622,2018-11-08 14:00:00,24,0.1326,0.16,0.8361,0.11,0.1353,0.7982,0.1553,0.1814,0.874
600,623,2018-11-08 15:00:00,24,0.1336,0.1601,0.8499,0.1128,0.1369,0.8261,0.1544,0.1803,0.8736
601,624,2018-11-08 16:00:00,24,0.1347,0.1628,0.8578,0.1119,0.1366,0.848,0.1575,0.1853,0.8676
602,625,2018-11-08 17:00:00,24,0.1419,0.1737,0.8504,0.1172,0.1413,0.8478,0.1666,0.201,0.853
603,626,2018-11-08 18:00:00,24,0.1454,0.1802,0.8542,0.1152,0.14,0.8538,0.1756,0.213,0.8546
604,627,2018-11-08 19:00:00,24,0.1507,0.1842,0.8509,0.1231,0.1489,0.8313,0.1783,0.2138,0.8705
605,628,2018-11-08 20:00:00,24,0.1522,0.1849,0.8552,0.1239,0.1501,0.8265,0.1805,0.2142,0.8838
606,629,2018-11-08 21:00:00,24,0.1464,0.1784,0.8675,0.1236,0.1498,0.8302,0.1693,0.2029,0.9048
607,630,2018-11-08 22:00:00,24,0.1462,0.1775,0.8725,0.1257,0.1504,0.8307,0.1667,0.2009,0.9143
608,631,2018-11-08 23:00:00,24,0.1563,0.1963,0.8316,0.143,0.188,0.7427,0.1697,0.2042,0.9205
609,632,2018-11-09 00:00:00,24,0.1579,0.2018,0.8148,0.1522,0.2042,0.6965,0.1635,0.1992,0.9332
610,633,2018-11-09 01:00:00,24,0.1586,0.2018,0.8189,0.1511,0.2039,0.6992,0.1662,0.1998,0.9385
611,634,2018-11-09 02:00:00,24,0.1558,0.201,0.822,0.1461,0.2023,0.7011,0.1655,0.1996,0.943
612,635,2018-11-09 03:00:00,24,0.1571,0.2011,0.8175,0.1507,0.2039,0.6884,0.1635,0.1983,0.9466
613,636,2018-11-09 04:00:00,24,0.1525,0.1977,0.8111,0.1492,0.203,0.6708,0.1559,0.1923,0.9514
614,637,2018-11-09 05:00:00,24,0.1536,0.1982,0.8001,0.1495,0.2031,0.6486,0.1577,0.1931,0.9515
615,638,2018-11-09 06:00:00,24,0.1518,0.1968,0.784,0.152,0.2039,0.6152,0.1516,0.1895,0.9528
616,639,2018-11-09 07:00:00,24,0.1474,0.1952,0.7568,0.1484,0.2025,0.5615,0.1463,0.1877,0.9521
617,640,2018-11-09 08:00:00,24,0.1507,0.2048,0.6455,0.162,0.2232,0.3407,0.1395,0.1847,0.9504
618,641,2018-11-09 09:00:00,24,0.1473,0.2029,0.5958,0.1575,0.2212,0.2467,0.1372,0.1827,0.945
619,642,2018-11-09 10:00:00,24,0.1501,0.2043,0.5759,0.1592,0.2223,0.2186,0.1409,0.1846,0.9332
620,643,2018-11-09 11:00:00,24,0.1565,0.2071,0.5785,0.1669,0.2258,0.2422,0.1462,0.1865,0.9147
621,644,2018-11-09 12:00:00,24,0.1564,0.207,0.603,0.167,0.2258,0.3157,0.1458,0.1863,0.8903
622,645,2018-11-09 13:00:00,24,0.1457,0.1983,0.6447,0.1547,0.215,0.4188,0.1367,0.18,0.8706
623,646,2018-11-09 14:00:00,24,0.1416,0.1949,0.6277,0.1532,0.2142,0.4023,0.1301,0.1735,0.853
624,647,2018-11-09 15:00:00,24,0.1383,0.1926,0.58,0.1502,0.2132,0.3268,0.1265,0.1696,0.8332
625,648,2018-11-09 16:00:00,24,0.1344,0.1878,0.5231,0.155,0.2151,0.1931,0.1138,0.1557,0.8531
626,649,2018-11-09 17:00:00,24,0.1214,0.1744,0.5107,0.1477,0.2118,0.1124,0.0952,0.1262,0.909
627,650,2018-11-09 18:00:00,24,0.1147,0.1657,0.4545,0.1487,0.2122,-0.0381,0.0808,0.0995,0.947
628,651,2018-11-09 19:00:00,24,0.1111,0.1627,0.4511,0.1449,0.2084,-0.0494,0.0773,0.0977,0.9516
629,652,2018-11-09 20:00:00,24,0.1101,0.1613,0.485,0.1372,0.2022,0.0216,0.0831,0.1054,0.9484
630,653,2018-11-09 21:00:00,24,0.1136,0.1661,0.4679,0.1344,0.201,-0.0054,0.0927,0.1216,0.9412
631,654,2018-11-09 22:00:00,24,0.1103,0.1649,0.4586,0.1323,0.2005,-0.0323,0.0883,0.119,0.9495
632,655,2018-11-09 23:00:00,24,0.0942,0.1376,0.5947,0.1093,0.1625,0.2299,0.0791,0.1071,0.9595
633,656,2018-11-11 00:00:00,24,0.0866,0.1218,0.7054,0.095,0.1354,0.4516,0.0782,0.1065,0.9593
634,657,2018-11-11 01:00:00,24,0.085,0.1212,0.684,0.0937,0.1351,0.4096,0.0763,0.1056,0.9583
635,658,2018-11-11 02:00:00,24,0.0855,0.1214,0.6393,0.0957,0.1355,0.3227,0.0752,0.1054,0.9558
636,659,2018-11-11 03:00:00,24,0.0816,0.1192,0.6199,0.0926,0.1334,0.2845,0.0707,0.103,0.9552
637,660,2018-11-11 04:00:00,24,0.0804,0.1187,0.5963,0.0923,0.1332,0.2398,0.0685,0.1022,0.9527
638,661,2018-11-11 05:00:00,24,0.0778,0.1176,0.5297,0.0911,0.133,0.1073,0.0645,0.0998,0.9521
639,662,2018-11-11 06:00:00,24,0.077,0.1172,0.4696,0.0881,0.1317,-0.0096,0.0659,0.1006,0.9487
640,663,2018-11-11 07:00:00,24,0.0829,0.1217,0.3109,0.0917,0.1338,-0.318,0.0741,0.1083,0.9397
641,664,2018-11-11 08:00:00,24,0.0781,0.1043,0.6553,0.0731,0.0899,0.3791,0.083,0.1169,0.9316
642,665,2018-11-11 09:00:00,24,0.0761,0.1029,0.6631,0.0747,0.0909,0.3884,0.0774,0.1136,0.9378
643,666,2018-11-11 10:00:00,24,0.0716,0.0988,0.707,0.0686,0.0847,0.4716,0.0747,0.111,0.9424
644,667,2018-11-11 11:00:00,24,0.0696,0.0958,0.7493,0.0662,0.0799,0.5538,0.0731,0.1094,0.9449
645,668,2018-11-11 12:00:00,24,0.0739,0.1017,0.789,0.07,0.0854,0.6403,0.0778,0.1157,0.9378
646,669,2018-11-11 13:00:00,24,0.0786,0.1096,0.8325,0.0681,0.0848,0.7478,0.0891,0.1298,0.9171
647,670,2018-11-11 14:00:00,24,0.0807,0.1138,0.8602,0.0658,0.083,0.8213,0.0955,0.138,0.899
648,671,2018-11-11 15:00:00,24,0.0856,0.1244,0.7812,0.0798,0.1127,0.6736,0.0913,0.1351,0.8889
649,672,2018-11-11 16:00:00,24,0.0881,0.1282,0.7363,0.0846,0.1209,0.5999,0.0915,0.1352,0.8727
650,673,2018-11-11 17:00:00,24,0.0915,0.1304,0.7075,0.091,0.1253,0.5654,0.0919,0.1352,0.8497
651,674,2018-11-11 18:00:00,24,0.0956,0.1346,0.6869,0.0912,0.1254,0.5806,0.1001,0.1432,0.7931
652,675,2018-11-11 19:00:00,24,0.099,0.1369,0.6615,0.0903,0.1244,0.604,0.1077,0.1484,0.719
653,676,2018-11-11 20:00:00,24,0.0991,0.1366,0.6642,0.0915,0.1252,0.6209,0.1067,0.1471,0.7076
654,677,2018-11-11 21:00:00,24,0.099,0.134,0.7154,0.0964,0.1296,0.6457,0.1016,0.1383,0.7851
655,678,2018-11-11 22:00:00,24,0.1032,0.1368,0.7506,0.0979,0.13,0.6808,0.1084,0.1433,0.8204
656,679,2018-11-11 23:00:00,24,0.1043,0.1373,0.78,0.1003,0.131,0.7075,0.1083,0.1433,0.8524
657,680,2018-11-12 00:00:00,24,0.1025,0.1364,0.807,0.0985,0.1297,0.7375,0.1066,0.1428,0.8765
658,681,2018-11-12 01:00:00,24,0.1048,0.1372,0.8245,0.1008,0.1306,0.7556,0.1088,0.1436,0.8934
659,682,2018-11-12 02:00:00,24,0.1074,0.1384,0.8397,0.1013,0.1308,0.7725,0.1135,0.1456,0.907
660,683,2018-11-12 03:00:00,24,0.1111,0.1402,0.8523,0.1035,0.1321,0.7859,0.1187,0.1478,0.9187
661,684,2018-11-12 04:00:00,24,0.1149,0.1429,0.8653,0.1036,0.1322,0.8033,0.1263,0.1529,0.9273
662,685,2018-11-12 05:00:00,24,0.1159,0.1432,0.876,0.1057,0.1328,0.8156,0.126,0.1528,0.9364
663,686,2018-11-12 06:00:00,24,0.1168,0.144,0.8841,0.1103,0.1353,0.8246,0.1234,0.1521,0.9436
664,687,2018-11-12 07:00:00,24,0.1134,0.141,0.8969,0.109,0.1343,0.8421,0.1179,0.1474,0.9518
665,688,2018-11-12 08:00:00,24,0.118,0.1484,0.8938,0.123,0.1546,0.8292,0.113,0.142,0.9584
666,689,2018-11-12 09:00:00,24,0.1214,0.1502,0.9009,0.1237,0.155,0.8434,0.1192,0.1452,0.9583
667,690,2018-11-12 10:00:00,24,0.1269,0.1542,0.8984,0.1287,0.1574,0.841,0.125,0.1509,0.9557
668,691,2018-11-12 11:00:00,24,0.1266,0.1544,0.8954,0.1252,0.1553,0.8369,0.128,0.1535,0.954
669,692,2018-11-12 12:00:00,24,0.1261,0.1544,0.8807,0.1227,0.1532,0.8104,0.1295,0.1556,0.951
670,693,2018-11-12 13:00:00,24,0.1361,0.1688,0.8143,0.1417,0.1793,0.6827,0.1305,0.1575,0.9459
671,694,2018-11-12 14:00:00,24,0.1376,0.1694,0.7513,0.1446,0.1805,0.5632,0.1306,0.1576,0.9394
672,695,2018-11-12 15:00:00,24,0.1362,0.1645,0.7782,0.1373,0.1685,0.6272,0.1352,0.1604,0.9292
673,696,2018-11-12 16:00:00,24,0.1341,0.1613,0.8198,0.131,0.1615,0.7191,0.1371,0.161,0.9205
674,697,2018-11-12 17:00:00,24,0.1362,0.1642,0.8149,0.1355,0.1673,0.7193,0.1368,0.161,0.9106
675,698,2018-11-12 18:00:00,24,0.1389,0.1681,0.7921,0.1453,0.1794,0.6748,0.1325,0.156,0.9094
676,699,2018-11-12 19:00:00,24,0.1409,0.1703,0.781,0.149,0.1833,0.6581,0.1327,0.1563,0.9038
677,700,2018-11-12 20:00:00,24,0.142,0.1711,0.7768,0.1511,0.1847,0.6541,0.1328,0.1564,0.8995
678,701,2018-11-12 21:00:00,24,0.1426,0.1719,0.7754,0.1512,0.1848,0.6548,0.1341,0.158,0.896
679,702,2018-11-12 22:00:00,24,0.1406,0.1703,0.7793,0.1532,0.1856,0.6574,0.1281,0.1536,0.9013
680,703,2018-11-12 23:00:00,24,0.1399,0.1701,0.7823,0.1519,0.1852,0.6631,0.128,0.1536,0.9015
681,704,2018-11-13 00:00:00,24,0.1413,0.1708,0.7803,0.1543,0.1864,0.6591,0.1283,0.1536,0.9015
682,705,2018-11-13 01:00:00,24,0.1426,0.1722,0.7748,0.1588,0.1895,0.6477,0.1264,0.1529,0.9019
683,706,2018-11-13 02:00:00,24,0.143,0.1726,0.7738,0.1621,0.1913,0.645,0.1239,0.1515,0.9027
684,707,2018-11-13 03:00:00,24,0.1414,0.1717,0.7767,0.1617,0.1911,0.6519,0.1212,0.1498,0.9016
685,708,2018-11-13 04:00:00,24,0.138,0.1694,0.7793,0.1597,0.1904,0.6594,0.1164,0.1455,0.8992
686,709,2018-11-13 05:00:00,24,0.1385,0.1696,0.7772,0.1607,0.1908,0.6657,0.1164,0.1455,0.8886
687,710,2018-11-13 06:00:00,24,0.1381,0.1691,0.7743,0.1588,0.1897,0.6767,0.1173,0.1456,0.872
688,711,2018-11-13 07:00:00,24,0.1398,0.1702,0.7681,0.1591,0.1899,0.6854,0.1205,0.1479,0.8507
689,712,2018-11-13 08:00:00,24,0.1375,0.1663,0.7762,0.1554,0.1832,0.7124,0.1197,0.1474,0.8399
690,713,2018-11-13 09:00:00,24,0.1363,0.1664,0.7862,0.1515,0.1822,0.7298,0.1211,0.1489,0.8427
691,714,2018-11-13 10:00:00,24,0.133,0.1641,0.8161,0.1528,0.1832,0.7622,0.1132,0.1425,0.87
692,715,2018-11-13 11:00:00,24,0.1325,0.1635,0.8318,0.1554,0.1844,0.7773,0.1097,0.1395,0.8864
693,716,2018-11-13 12:00:00,24,0.1355,0.168,0.8252,0.1654,0.1963,0.7489,0.1056,0.1337,0.9015
694,717,2018-11-13 13:00:00,24,0.1224,0.1485,0.8575,0.1485,0.1731,0.7921,0.0963,0.1189,0.9229
695,718,2018-11-13 14:00:00,24,0.1204,0.1481,0.8489,0.1548,0.1797,0.7643,0.086,0.1075,0.9335
696,719,2018-11-13 15:00:00,24,0.1188,0.1472,0.8278,0.1488,0.1753,0.7394,0.0888,0.1121,0.9162
697,720,2018-11-13 16:00:00,24,0.1244,0.154,0.7626,0.1503,0.1764,0.6622,0.0985,0.1278,0.8631
698,721,2018-11-13 17:00:00,24,0.1256,0.1556,0.7237,0.14,0.1677,0.652,0.1112,0.1425,0.7953
699,722,2018-11-13 18:00:00,24,0.1241,0.1531,0.7484,0.1307,0.1551,0.7197,0.1174,0.1511,0.7771
700,723,2018-11-13 19:00:00,24,0.1223,0.1509,0.7847,0.1281,0.1516,0.7439,0.1166,0.1501,0.8255
701,724,2018-11-13 20:00:00,24,0.1176,0.1475,0.8137,0.1253,0.1494,0.758,0.1099,0.1455,0.8695
702,725,2018-11-13 21:00:00,24,0.1147,0.1442,0.8391,0.1234,0.1475,0.7751,0.1059,0.1408,0.9031
703,726,2018-11-13 22:00:00,24,0.1179,0.1484,0.8485,0.1206,0.1462,0.7821,0.1151,0.1506,0.9149
704,727,2018-11-13 23:00:00,24,0.1237,0.1539,0.8539,0.1218,0.1468,0.7814,0.1255,0.1607,0.9264
705,728,2018-11-14 00:00:00,24,0.1216,0.153,0.867,0.117,0.1445,0.7939,0.1263,0.1609,0.9401
706,729,2018-11-14 01:00:00,24,0.1206,0.1521,0.8813,0.1101,0.1396,0.8176,0.1311,0.1637,0.9451
707,730,2018-11-14 02:00:00,24,0.1188,0.1511,0.889,0.1078,0.1377,0.8277,0.1298,0.1633,0.9504
708,731,2018-11-14 03:00:00,24,0.119,0.1517,0.8885,0.11,0.1396,0.8225,0.128,0.1629,0.9545
709,732,2018-11-14 04:00:00,24,0.1233,0.1549,0.8819,0.1156,0.1441,0.8089,0.131,0.165,0.955
710,733,2018-11-14 05:00:00,24,0.1217,0.1544,0.882,0.1124,0.143,0.8078,0.131,0.165,0.9562
711,734,2018-11-14 06:00:00,24,0.1205,0.154,0.8805,0.1089,0.1419,0.8045,0.1321,0.1652,0.9564
712,735,2018-11-14 07:00:00,24,0.119,0.1536,0.8762,0.1055,0.1406,0.7976,0.1325,0.1656,0.9549
713,736,2018-11-14 08:00:00,24,0.1244,0.1631,0.8353,0.1122,0.157,0.7203,0.1367,0.1689,0.9502
714,737,2018-11-14 09:00:00,24,0.1277,0.1662,0.811,0.1146,0.1575,0.6816,0.1408,0.1745,0.9404
715,738,2018-11-14 10:00:00,24,0.1328,0.1726,0.7657,0.111,0.1546,0.6106,0.1547,0.1888,0.9209
716,739,2018-11-14 11:00:00,24,0.1397,0.1796,0.6678,0.1179,0.1632,0.4279,0.1614,0.1946,0.9077
717,740,2018-11-14 12:00:00,24,0.1317,0.1717,0.7074,0.1047,0.1472,0.5104,0.1588,0.193,0.9044
718,741,2018-11-14 13:00:00,24,0.135,0.1737,0.6867,0.1093,0.1506,0.4708,0.1608,0.1942,0.9026
719,742,2018-11-14 14:00:00,24,0.1373,0.1737,0.7029,0.1062,0.1459,0.5028,0.1683,0.1977,0.9031
720,743,2018-11-14 15:00:00,24,0.1362,0.1733,0.7066,0.1125,0.1514,0.4985,0.1599,0.1928,0.9148
721,744,2018-11-14 16:00:00,24,0.1313,0.1676,0.7449,0.1104,0.1497,0.561,0.1522,0.1838,0.9288
722,745,2018-11-14 17:00:00,24,0.1395,0.1777,0.6806,0.1255,0.169,0.4308,0.1534,0.186,0.9303
723,746,2018-11-14 18:00:00,24,0.1411,0.1807,0.6675,0.1253,0.1689,0.4079,0.1568,0.1917,0.9271
724,747,2018-11-14 19:00:00,24,0.1425,0.1826,0.6668,0.1244,0.1681,0.4099,0.1606,0.196,0.9237
725,748,2018-11-14 20:00:00,24,0.1477,0.1858,0.6557,0.1278,0.1706,0.3913,0.1677,0.1999,0.9202
726,749,2018-11-14 21:00:00,24,0.1472,0.1859,0.6469,0.1246,0.1689,0.3756,0.1699,0.2015,0.9182
727,750,2018-11-14 22:00:00,24,0.146,0.1835,0.6304,0.1277,0.1702,0.3399,0.1642,0.1959,0.9209
728,751,2018-11-14 23:00:00,24,0.1404,0.1791,0.6234,0.1275,0.1701,0.3244,0.1533,0.1876,0.9225
729,752,2018-11-15 00:00:00,24,0.1409,0.1792,0.6035,0.13,0.1707,0.2909,0.1519,0.1873,0.9161
730,753,2018-11-15 01:00:00,24,0.1377,0.1778,0.5808,0.1293,0.1706,0.2486,0.1461,0.1848,0.9129
731,754,2018-11-15 02:00:00,24,0.1363,0.1774,0.5733,0.1262,0.1697,0.2404,0.1465,0.1849,0.9062
732,755,2018-11-15 03:00:00,24,0.1342,0.1762,0.5837,0.1217,0.1671,0.2698,0.1466,0.1849,0.8975
733,756,2018-11-15 04:00:00,24,0.1285,0.1732,0.5959,0.1164,0.1634,0.2981,0.1407,0.1824,0.8936
734,757,2018-11-15 05:00:00,24,0.1296,0.1733,0.5892,0.1181,0.1637,0.2926,0.141,0.1824,0.8857
735,758,2018-11-15 06:00:00,24,0.1305,0.1736,0.5793,0.1214,0.1646,0.2811,0.1396,0.1821,0.8776
736,759,2018-11-15 07:00:00,24,0.1307,0.1731,0.5743,0.1246,0.1656,0.2744,0.1368,0.1802,0.8741
737,760,2018-11-15 08:00:00,24,0.1283,0.167,0.5964,0.1178,0.1499,0.3262,0.1388,0.1825,0.8666
738,761,2018-11-15 09:00:00,24,0.1305,0.1686,0.5187,0.1221,0.153,0.1698,0.139,0.1828,0.8675
739,762,2018-11-15 10:00:00,24,0.1256,0.1615,0.371,0.1221,0.153,-0.1457,0.1291,0.1696,0.8877
740,763,2018-11-15 11:00:00,24,0.1229,0.1576,0.4313,0.1197,0.149,-0.0326,0.126,0.1658,0.8953
741,764,2018-11-15 12:00:00,24,0.1361,0.1808,0.529,0.1436,0.1932,0.1605,0.1286,0.1676,0.8974
742,765,2018-11-15 13:00:00,24,0.1311,0.1784,0.6608,0.137,0.1903,0.4212,0.1251,0.1656,0.9004
743,766,2018-11-15 14:00:00,24,0.1249,0.1745,0.7286,0.1299,0.1865,0.5572,0.1198,0.1617,0.9001
744,767,2018-11-15 15:00:00,24,0.1238,0.1736,0.7544,0.1214,0.1817,0.6134,0.1261,0.1652,0.8954
745,768,2018-11-15 16:00:00,24,0.1273,0.1778,0.7101,0.1297,0.1903,0.5177,0.1248,0.1644,0.9025
746,769,2018-11-15 17:00:00,24,0.1154,0.1628,0.7607,0.1145,0.1734,0.5928,0.1162,0.1515,0.9287
747,770,2018-11-15 18:00:00,24,0.1102,0.1553,0.7592,0.1157,0.1742,0.5654,0.1047,0.1337,0.9529
748,771,2018-11-15 19:00:00,24,0.1035,0.1494,0.7671,0.1133,0.1726,0.5686,0.0936,0.1219,0.9655
749,772,2018-11-15 20:00:00,24,0.1008,0.1467,0.7809,0.1112,0.1708,0.5906,0.0903,0.1178,0.9712
750,773,2018-11-15 21:00:00,24,0.1009,0.1469,0.7831,0.111,0.1708,0.5942,0.0908,0.1184,0.9719
751,774,2018-11-15 22:00:00,24,0.1053,0.1536,0.7864,0.1114,0.171,0.6101,0.0992,0.1339,0.9627
752,775,2018-11-15 23:00:00,24,0.1129,0.1614,0.7916,0.1135,0.1723,0.6333,0.1123,0.1498,0.9498
753,776,2018-11-16 00:00:00,24,0.1165,0.1643,0.7886,0.1121,0.1719,0.6364,0.1208,0.1564,0.9408
754,777,2018-11-16 01:00:00,24,0.1194,0.1658,0.778,0.112,0.1719,0.6233,0.1268,0.1596,0.9327
755,778,2018-11-16 02:00:00,24,0.1193,0.1658,0.7596,0.112,0.1719,0.5937,0.1267,0.1595,0.9255
756,779,2018-11-16 03:00:00,24,0.1186,0.1657,0.7344,0.1109,0.1717,0.5516,0.1264,0.1595,0.9172
757,780,2018-11-16 04:00:00,24,0.1179,0.1656,0.6994,0.109,0.1714,0.4927,0.1267,0.1595,0.906
758,781,2018-11-16 05:00:00,24,0.1215,0.168,0.6485,0.1087,0.1713,0.4142,0.1344,0.1646,0.8828
759,782,2018-11-16 06:00:00,24,0.1251,0.1706,0.585,0.1078,0.1709,0.3219,0.1424,0.1703,0.8481
760,783,2018-11-16 07:00:00,24,0.1267,0.1728,0.512,0.1052,0.17,0.2203,0.1482,0.1755,0.8037
761,784,2018-11-16 08:00:00,24,0.1267,0.1729,0.5317,0.1021,0.1654,0.2899,0.1513,0.18,0.7734
762,785,2018-11-16 09:00:00,24,0.1251,0.1707,0.4835,0.1012,0.1646,0.1727,0.149,0.1767,0.7943
763,786,2018-11-16 10:00:00,24,0.1248,0.1712,0.2968,0.0986,0.1638,-0.2213,0.151,0.1782,0.8148
764,787,2018-11-16 11:00:00,24,0.1214,0.169,0.2042,0.0979,0.1628,-0.4329,0.1449,0.1749,0.8414
765,788,2018-11-16 12:00:00,24,0.1129,0.1483,0.6471,0.083,0.1179,0.4376,0.1427,0.1734,0.8565
766,789,2018-11-16 13:00:00,24,0.1171,0.1506,0.7293,0.0899,0.1228,0.5969,0.1443,0.174,0.8618
767,790,2018-11-16 14:00:00,24,0.123,0.1547,0.7902,0.0969,0.1285,0.7216,0.149,0.177,0.8588
768,791,2018-11-16 15:00:00,24,0.1343,0.1692,0.8175,0.111,0.1461,0.7969,0.1575,0.1895,0.8382
769,792,2018-11-16 16:00:00,24,0.1341,0.1681,0.8494,0.1043,0.136,0.8677,0.1638,0.195,0.8311
770,793,2018-11-16 17:00:00,24,0.1377,0.1704,0.8574,0.1093,0.1389,0.8827,0.1662,0.197,0.832
771,794,2018-11-16 18:00:00,24,0.1377,0.1712,0.868,0.1048,0.1363,0.9029,0.1706,0.2,0.8332
772,795,2018-11-16 19:00:00,24,0.1403,0.1727,0.8716,0.1084,0.1398,0.9057,0.1721,0.2002,0.8376
773,796,2018-11-16 20:00:00,24,0.1388,0.172,0.8724,0.1085,0.1399,0.9094,0.1691,0.199,0.8353
774,797,2018-11-16 21:00:00,24,0.1351,0.17,0.877,0.1073,0.1396,0.9134,0.163,0.1957,0.8406
775,798,2018-11-16 22:00:00,24,0.1439,0.1858,0.8562,0.1242,0.1742,0.8608,0.1636,0.1968,0.8516
776,799,2018-11-16 23:00:00,24,0.1396,0.1819,0.8627,0.1288,0.1788,0.8474,0.1504,0.1849,0.878
777,800,2018-11-17 00:00:00,24,0.1367,0.1794,0.8657,0.13,0.1791,0.8427,0.1434,0.1797,0.8887
778,801,2018-11-17 01:00:00,24,0.1374,0.1793,0.863,0.1319,0.1794,0.837,0.1428,0.1792,0.889
779,802,2018-11-17 02:00:00,24,0.1406,0.1811,0.8564,0.1321,0.1794,0.8312,0.149,0.1827,0.8816
780,803,2018-11-17 03:00:00,24,0.1454,0.1832,0.8466,0.1352,0.1803,0.8207,0.1555,0.186,0.8726
781,804,2018-11-17 04:00:00,24,0.1494,0.1847,0.8364,0.1375,0.1807,0.8089,0.1613,0.1885,0.864
782,805,2018-11-17 05:00:00,24,0.1453,0.1824,0.8315,0.136,0.1805,0.7947,0.1546,0.1843,0.8684
783,806,2018-11-17 06:00:00,24,0.1417,0.18,0.8224,0.1371,0.181,0.7681,0.1464,0.179,0.8767
784,807,2018-11-17 07:00:00,24,0.1397,0.1777,0.8084,0.1399,0.182,0.7329,0.1394,0.1734,0.884
785,808,2018-11-17 08:00:00,24,0.1474,0.2088,0.6801,0.1663,0.2467,0.4646,0.1286,0.1624,0.8956
786,809,2018-11-17 09:00:00,24,0.1442,0.2064,0.684,0.1636,0.2455,0.4723,0.1248,0.158,0.8958
787,810,2018-11-17 10:00:00,24,0.1473,0.2091,0.6751,0.165,0.2457,0.4689,0.1296,0.1646,0.8813
788,811,2018-11-17 11:00:00,24,0.1464,0.2079,0.6853,0.1597,0.2427,0.4934,0.1331,0.166,0.8773
789,812,2018-11-17 12:00:00,24,0.1432,0.2053,0.7039,0.1539,0.2384,0.5243,0.1324,0.1657,0.8834
790,813,2018-11-17 13:00:00,24,0.1389,0.2035,0.7182,0.1487,0.2361,0.5429,0.129,0.1647,0.8935
791,814,2018-11-17 14:00:00,24,0.1398,0.2044,0.7166,0.15,0.2371,0.5343,0.1297,0.1653,0.899
792,815,2018-11-17 15:00:00,24,0.1311,0.1944,0.7202,0.138,0.227,0.5251,0.1243,0.1551,0.9153
793,816,2018-11-17 16:00:00,24,0.13,0.1954,0.7024,0.1328,0.2253,0.4943,0.1271,0.1601,0.9105
794,817,2018-11-17 17:00:00,24,0.1303,0.1975,0.6941,0.1287,0.2236,0.4876,0.1319,0.1674,0.9006
795,818,2018-11-17 18:00:00,24,0.1388,0.2063,0.6353,0.1438,0.2373,0.3762,0.1338,0.1697,0.8945
796,819,2018-11-17 19:00:00,24,0.138,0.2057,0.6256,0.1423,0.2363,0.3607,0.1337,0.1697,0.8904
797,820,2018-11-17 20:00:00,24,0.138,0.2056,0.6312,0.1416,0.236,0.3762,0.1344,0.1699,0.8863
798,821,2018-11-17 21:00:00,24,0.1371,0.2055,0.6354,0.141,0.236,0.3895,0.1332,0.1697,0.8814
799,822,2018-11-17 22:00:00,24,0.1259,0.1876,0.6978,0.1248,0.2122,0.5125,0.1269,0.1594,0.8831
800,823,2018-11-17 23:00:00,24,0.1249,0.1857,0.7039,0.119,0.2076,0.5421,0.1308,0.1608,0.8657
801,824,2018-11-18 00:00:00,24,0.1261,0.1862,0.6963,0.1203,0.2081,0.5411,0.132,0.1613,0.8515
802,825,2018-11-18 01:00:00,24,0.1278,0.1871,0.6925,0.1224,0.2088,0.5353,0.1332,0.1625,0.8497
803,826,2018-11-18 02:00:00,24,0.1259,0.1858,0.6946,0.1257,0.2097,0.5262,0.1261,0.1584,0.8631
804,827,2018-11-18 03:00:00,24,0.1218,0.1839,0.7023,0.1239,0.2091,0.5257,0.1198,0.1545,0.8788
805,828,2018-11-18 04:00:00,24,0.1201,0.1828,0.7069,0.1241,0.2092,0.5223,0.116,0.1519,0.8915
806,829,2018-11-18 05:00:00,24,0.1234,0.1839,0.7033,0.1282,0.2103,0.5074,0.1186,0.1531,0.8993
807,830,2018-11-18 06:00:00,24,0.1258,0.185,0.7028,0.1277,0.2101,0.5009,0.1239,0.1559,0.9047
808,831,2018-11-18 07:00:00,24,0.1245,0.1846,0.7056,0.1242,0.2092,0.5013,0.1247,0.1562,0.91
809,832,2018-11-18 08:00:00,24,0.1108,0.1412,0.8482,0.0963,0.1242,0.7822,0.1252,0.1564,0.9143
810,833,2018-11-18 09:00:00,24,0.1115,0.1436,0.7992,0.1033,0.1328,0.6793,0.1198,0.1537,0.9191
811,834,2018-11-18 10:00:00,24,0.1078,0.1386,0.7399,0.103,0.1327,0.5554,0.1125,0.1444,0.9245
812,835,2018-11-18 11:00:00,24,0.1051,0.1374,0.6642,0.1007,0.1318,0.4122,0.1095,0.1428,0.9162
813,836,2018-11-18 12:00:00,24,0.1035,0.1366,0.6015,0.099,0.1307,0.3069,0.108,0.1422,0.8961
814,837,2018-11-18 13:00:00,24,0.1039,0.1366,0.5337,0.0983,0.1305,0.2152,0.1095,0.1425,0.8522
815,838,2018-11-18 14:00:00,24,0.099,0.1315,0.5481,0.0925,0.1239,0.311,0.1055,0.1387,0.7853
816,839,2018-11-18 15:00:00,24,0.0973,0.1284,0.5374,0.0941,0.1247,0.3856,0.1005,0.1319,0.6893
817,840,2018-11-18 16:00:00,24,0.0921,0.1205,0.559,0.0941,0.1247,0.4776,0.0901,0.1161,0.6404
818,841,2018-11-18 17:00:00,24,0.0853,0.1121,0.6149,0.0932,0.1245,0.5487,0.0775,0.0981,0.681
819,842,2018-11-18 18:00:00,24,0.0765,0.0939,0.7183,0.0835,0.101,0.7087,0.0696,0.0862,0.728
820,843,2018-11-18 19:00:00,24,0.0776,0.0944,0.7122,0.0829,0.1002,0.7219,0.0722,0.0882,0.7025
821,844,2018-11-18 20:00:00,24,0.0829,0.1025,0.6496,0.0855,0.1037,0.697,0.0802,0.1013,0.6022
822,845,2018-11-18 21:00:00,24,0.0913,0.1125,0.6213,0.0902,0.1063,0.6635,0.0925,0.1183,0.5792
823,846,2018-11-18 22:00:00,24,0.0933,0.1161,0.6886,0.0911,0.1076,0.6516,0.0955,0.1241,0.7256
824,847,2018-11-18 23:00:00,24,0.0924,0.1155,0.7303,0.0916,0.108,0.653,0.0933,0.1227,0.8076
825,848,2018-11-19 00:00:00,24,0.0915,0.1153,0.7475,0.0884,0.1062,0.6654,0.0947,0.1238,0.8297
826,849,2018-11-19 01:00:00,24,0.0877,0.1121,0.7673,0.0862,0.1048,0.678,0.0891,0.119,0.8565
827,850,2018-11-19 02:00:00,24,0.089,0.113,0.7695,0.0838,0.1032,0.6866,0.0943,0.1221,0.8525
828,851,2018-11-19 03:00:00,24,0.0907,0.1138,0.7665,0.0852,0.1041,0.6832,0.0962,0.1227,0.8499
829,852,2018-11-19 04:00:00,24,0.0896,0.1134,0.767,0.0852,0.1041,0.6847,0.094,0.1221,0.8494
830,853,2018-11-19 05:00:00,24,0.0892,0.1131,0.7705,0.0844,0.1034,0.6931,0.094,0.122,0.848
831,854,2018-11-19 06:00:00,24,0.0864,0.1112,0.7773,0.0815,0.1022,0.7011,0.0913,0.1195,0.8536
832,855,2018-11-19 07:00:00,24,0.0861,0.111,0.7777,0.0832,0.1028,0.7009,0.0889,0.1186,0.8544
833,856,2018-11-19 08:00:00,24,0.0912,0.1255,0.7339,0.0944,0.1323,0.6135,0.0881,0.1183,0.8543
834,857,2018-11-19 09:00:00,24,0.0922,0.1259,0.772,0.0865,0.1232,0.7109,0.0979,0.1286,0.8331
835,858,2018-11-19 10:00:00,24,0.093,0.1264,0.7948,0.0873,0.1235,0.7505,0.0987,0.1293,0.8391
836,859,2018-11-19 11:00:00,24,0.0997,0.1343,0.7661,0.0992,0.1385,0.6845,0.1003,0.13,0.8477
837,860,2018-11-19 12:00:00,24,0.1017,0.1354,0.7654,0.1,0.1389,0.6832,0.1033,0.1317,0.8477
838,861,2018-11-19 13:00:00,24,0.1044,0.1369,0.7608,0.1017,0.1395,0.68,0.1071,0.1343,0.8416
839,862,2018-11-19 14:00:00,24,0.1067,0.1393,0.7498,0.1015,0.1394,0.6745,0.1118,0.1392,0.8251
840,863,2018-11-19 15:00:00,24,0.1072,0.1404,0.7352,0.1,0.1386,0.6554,0.1144,0.1421,0.815
841,864,2018-11-19 16:00:00,24,0.1125,0.145,0.6846,0.1099,0.1475,0.5574,0.1151,0.1424,0.8118
842,865,2018-11-19 17:00:00,24,0.1164,0.1478,0.6265,0.1174,0.1529,0.4443,0.1153,0.1424,0.8087
843,866,2018-11-19 18:00:00,24,0.1164,0.1477,0.5991,0.1128,0.1498,0.3997,0.1199,0.1456,0.7985
844,867,2018-11-19 19:00:00,24,0.1164,0.1478,0.5835,0.112,0.1492,0.3642,0.1209,0.1463,0.8027
845,868,2018-11-19 20:00:00,24,0.114,0.1448,0.6123,0.1094,0.1468,0.3954,0.1186,0.1428,0.8292
846,869,2018-11-19 21:00:00,24,0.1094,0.1387,0.6246,0.1083,0.1461,0.3839,0.1105,0.1308,0.8652
847,870,2018-11-19 22:00:00,24,0.1018,0.1314,0.645,0.1021,0.1425,0.4098,0.1015,0.1193,0.8803
848,871,2018-11-19 23:00:00,24,0.0997,0.1306,0.639,0.1,0.1413,0.4126,0.0995,0.1188,0.8653
849,872,2018-11-20 00:00:00,24,0.0984,0.1297,0.6278,0.1005,0.1414,0.3968,0.0964,0.1168,0.8588
850,873,2018-11-20 01:00:00,24,0.0978,0.1296,0.6111,0.1003,0.1414,0.3804,0.0954,0.1165,0.8418
851,874,2018-11-20 02:00:00,24,0.0956,0.1282,0.5876,0.1005,0.1414,0.3323,0.0907,0.1134,0.8429
852,875,2018-11-20 03:00:00,24,0.0943,0.1278,0.5741,0.0975,0.1405,0.3069,0.0911,0.1137,0.8412
853,876,2018-11-20 04:00:00,24,0.0945,0.1277,0.5613,0.0968,0.1402,0.2822,0.0921,0.1139,0.8403
854,877,2018-11-20 05:00:00,24,0.0924,0.1266,0.559,0.0952,0.1394,0.2747,0.0896,0.1123,0.8434
855,878,2018-11-20 06:00:00,24,0.0936,0.127,0.5448,0.0969,0.1397,0.2386,0.0902,0.1128,0.851
856,879,2018-11-20 07:00:00,24,0.0968,0.1292,0.5323,0.0974,0.14,0.2075,0.0962,0.1176,0.8571
857,880,2018-11-20 08:00:00,24,0.0963,0.1251,0.6168,0.0946,0.1315,0.3653,0.098,0.1183,0.8684
858,881,2018-11-20 09:00:00,24,0.0949,0.1221,0.621,0.0963,0.1325,0.3361,0.0935,0.1107,0.906
859,882,2018-11-20 10:00:00,24,0.0947,0.1226,0.635,0.1002,0.1357,0.3457,0.0891,0.1079,0.9244
860,883,2018-11-20 11:00:00,24,0.0895,0.1148,0.7204,0.0917,0.1221,0.5057,0.0872,0.1069,0.9351
861,884,2018-11-20 12:00:00,24,0.0919,0.1186,0.7294,0.0913,0.1218,0.531,0.0925,0.1152,0.9277
862,885,2018-11-20 13:00:00,24,0.0979,0.1268,0.6558,0.0983,0.1302,0.3958,0.0974,0.1233,0.9158
863,886,2018-11-20 14:00:00,24,0.104,0.1361,0.6128,0.1059,0.1395,0.329,0.1021,0.1326,0.8966
864,887,2018-11-20 15:00:00,24,0.1082,0.1446,0.6035,0.106,0.1396,0.3468,0.1104,0.1495,0.8603
865,888,2018-11-20 16:00:00,24,0.1089,0.1487,0.6821,0.096,0.1301,0.5279,0.1218,0.1652,0.8363
866,889,2018-11-20 17:00:00,24,0.1129,0.1524,0.7219,0.0925,0.1258,0.5999,0.1333,0.1749,0.8439
867,890,2018-11-20 18:00:00,24,0.1194,0.1598,0.7149,0.0994,0.1328,0.5569,0.1395,0.1829,0.8729
868,891,2018-11-20 19:00:00,24,0.124,0.165,0.7329,0.1015,0.1348,0.5647,0.1464,0.1905,0.9011
869,892,2018-11-20 20:00:00,24,0.1281,0.1697,0.7141,0.1065,0.1409,0.5032,0.1496,0.1944,0.925
870,893,2018-11-20 21:00:00,24,0.1307,0.1728,0.7188,0.1058,0.1404,0.4978,0.1557,0.1999,0.9398
871,894,2018-11-20 22:00:00,24,0.1397,0.185,0.7196,0.1065,0.1405,0.4943,0.1729,0.2208,0.9449
872,895,2018-11-20 23:00:00,24,0.1446,0.1889,0.7259,0.1054,0.1402,0.4975,0.1838,0.2274,0.9543
873,896,2018-11-21 00:00:00,24,0.1482,0.1919,0.7323,0.1043,0.14,0.5034,0.1921,0.2325,0.9613
874,897,2018-11-21 01:00:00,24,0.1536,0.1951,0.7414,0.1058,0.1407,0.5164,0.2013,0.2374,0.9663
875,898,2018-11-21 02:00:00,24,0.153,0.1951,0.7551,0.1049,0.1405,0.5398,0.201,0.2374,0.9705
876,899,2018-11-21 03:00:00,24,0.1522,0.1949,0.7679,0.1045,0.1405,0.5625,0.1998,0.2371,0.9733
877,900,2018-11-21 04:00:00,24,0.1541,0.1955,0.7732,0.1054,0.1408,0.5713,0.2028,0.238,0.9751
878,901,2018-11-21 05:00:00,24,0.1549,0.196,0.7814,0.1039,0.1405,0.5864,0.206,0.239,0.9765
879,902,2018-11-21 06:00:00,24,0.1568,0.1973,0.7675,0.1095,0.1451,0.5577,0.204,0.2384,0.9773
880,903,2018-11-21 07:00:00,24,0.1531,0.1958,0.7685,0.1073,0.1444,0.5593,0.1989,0.2362,0.9777
881,904,2018-11-21 08:00:00,24,0.1561,0.2059,0.7067,0.116,0.1708,0.4362,0.1963,0.2357,0.9772
882,905,2018-11-21 09:00:00,24,0.1558,0.2067,0.7433,0.1122,0.1697,0.5117,0.1995,0.2381,0.9748
883,906,2018-11-21 10:00:00,24,0.1578,0.2073,0.7721,0.111,0.1687,0.5731,0.2046,0.2398,0.9711
884,907,2018-11-21 11:00:00,24,0.1593,0.2081,0.7945,0.1085,0.1676,0.624,0.2101,0.242,0.9651
885,908,2018-11-21 12:00:00,24,0.1583,0.2068,0.7873,0.1117,0.1698,0.6162,0.2049,0.2382,0.9585
886,909,2018-11-21 13:00:00,24,0.1485,0.2007,0.8064,0.1022,0.1629,0.6629,0.1949,0.2325,0.9498
887,910,2018-11-21 14:00:00,24,0.1402,0.1929,0.8224,0.0948,0.1551,0.7057,0.1857,0.2244,0.939
888,911,2018-11-21 15:00:00,24,0.1407,0.1912,0.7822,0.1054,0.1673,0.6367,0.176,0.2125,0.9277
889,912,2018-11-21 16:00:00,24,0.1395,0.1868,0.758,0.1107,0.1695,0.6035,0.1682,0.2026,0.9125
890,913,2018-11-21 17:00:00,24,0.1393,0.1887,0.7054,0.1207,0.1827,0.522,0.1578,0.1944,0.8887
891,914,2018-11-21 18:00:00,24,0.1317,0.1817,0.6977,0.1168,0.1791,0.5378,0.1466,0.1844,0.8576
892,915,2018-11-21 19:00:00,24,0.1282,0.179,0.6577,0.1203,0.1829,0.506,0.136,0.1749,0.8095
893,916,2018-11-21 20:00:00,24,0.1214,0.1725,0.642,0.1142,0.1778,0.5515,0.1287,0.167,0.7326
894,917,2018-11-21 21:00:00,24,0.1216,0.1727,0.5876,0.1144,0.1779,0.5771,0.1289,0.1673,0.5982
895,918,2018-11-21 22:00:00,24,0.114,0.1597,0.6347,0.1165,0.1785,0.5831,0.1114,0.1385,0.6863
896,919,2018-11-21 23:00:00,24,0.1132,0.1573,0.6359,0.1199,0.1798,0.5689,0.1066,0.131,0.7029
897,920,2018-11-22 00:00:00,24,0.1118,0.1548,0.6406,0.1214,0.18,0.5554,0.1022,0.1246,0.7259
898,921,2018-11-22 01:00:00,24,0.107,0.151,0.641,0.1182,0.1793,0.5231,0.0958,0.1161,0.7589
899,922,2018-11-22 02:00:00,24,0.1079,0.1514,0.6101,0.1174,0.1792,0.461,0.0984,0.1171,0.7592
900,923,2018-11-22 03:00:00,24,0.1092,0.1518,0.5573,0.1182,0.1793,0.3622,0.1002,0.1181,0.7524
901,924,2018-11-22 04:00:00,24,0.1094,0.1524,0.4933,0.1219,0.1815,0.2318,0.097,0.1162,0.7549
902,925,2018-11-22 05:00:00,24,0.1128,0.1552,0.3773,0.124,0.182,0.0321,0.1015,0.1227,0.7225
903,926,2018-11-22 06:00:00,24,0.1111,0.1536,0.3254,0.1193,0.1787,-0.0758,0.103,0.1235,0.7266
904,927,2018-11-22 07:00:00,24,0.112,0.1538,0.202,0.1212,0.1791,-0.3137,0.1027,0.1234,0.7177
905,928,2018-11-22 08:00:00,24,0.1069,0.1371,0.4925,0.1106,0.1496,0.2846,0.1032,0.1234,0.7004
906,929,2018-11-22 09:00:00,24,0.1106,0.1416,0.4461,0.1235,0.1627,0.1465,0.0977,0.1166,0.7458
907,930,2018-11-22 10:00:00,24,0.1107,0.142,0.4675,0.1259,0.165,0.1627,0.0954,0.1143,0.7723
908,931,2018-11-22 11:00:00,24,0.1083,0.1405,0.5384,0.1277,0.1657,0.2796,0.0889,0.1095,0.7972
909,932,2018-11-22 12:00:00,24,0.1077,0.1415,0.5382,0.1306,0.169,0.2697,0.0848,0.1071,0.8067
910,933,2018-11-22 13:00:00,24,0.1099,0.1425,0.5546,0.1352,0.1707,0.309,0.0847,0.1071,0.8003
911,934,2018-11-22 14:00:00,24,0.1106,0.1434,0.5746,0.1337,0.1702,0.3433,0.0875,0.1102,0.8058
912,935,2018-11-22 15:00:00,24,0.1038,0.1351,0.5984,0.1246,0.1589,0.3602,0.083,0.1061,0.8366
913,936,2018-11-22 16:00:00,24,0.1023,0.1338,0.5,0.1222,0.1573,0.1371,0.0823,0.105,0.8628
914,937,2018-11-22 17:00:00,24,0.0982,0.1251,0.5656,0.1117,0.1414,0.2526,0.0846,0.1063,0.8787
915,938,2018-11-22 18:00:00,24,0.0952,0.1238,0.4944,0.1071,0.1394,0.0987,0.0833,0.1061,0.8901
916,939,2018-11-22 19:00:00,24,0.0935,0.122,0.5192,0.1051,0.1363,0.1406,0.0819,0.1058,0.8978
917,940,2018-11-22 20:00:00,24,0.0961,0.125,0.5125,0.1058,0.1367,0.129,0.0865,0.1121,0.8959
918,941,2018-11-22 21:00:00,24,0.0935,0.1208,0.5315,0.107,0.1375,0.1553,0.08,0.1012,0.9077
919,942,2018-11-22 22:00:00,24,0.0969,0.1244,0.5388,0.1066,0.1373,0.2133,0.0872,0.1099,0.8643
920,943,2018-11-22 23:00:00,24,0.0928,0.1217,0.5386,0.1022,0.1355,0.2351,0.0833,0.1061,0.842
921,944,2018-11-23 00:00:00,24,0.0925,0.1215,0.5406,0.102,0.1354,0.2704,0.0831,0.1058,0.8108
922,945,2018-11-23 01:00:00,24,0.092,0.1212,0.5509,0.1042,0.1359,0.3191,0.0798,0.1044,0.7826
923,946,2018-11-23 02:00:00,24,0.0925,0.1212,0.5381,0.1074,0.1367,0.3204,0.0777,0.1034,0.7557
924,947,2018-11-23 03:00:00,24,0.0904,0.1205,0.5299,0.1066,0.1367,0.3144,0.0743,0.1019,0.7454
925,948,2018-11-23 04:00:00,24,0.0914,0.1214,0.5119,0.1022,0.1333,0.3659,0.0806,0.1082,0.6579
926,949,2018-11-23 05:00:00,24,0.086,0.1167,0.545,0.0999,0.1326,0.3845,0.0721,0.0982,0.7054
927,950,2018-11-23 06:00:00,24,0.0837,0.1158,0.5569,0.0984,0.1321,0.3967,0.069,0.0967,0.7171
928,951,2018-11-23 07:00:00,24,0.088,0.12,0.5193,0.0993,0.1326,0.3906,0.0766,0.106,0.648
929,952,2018-11-23 08:00:00,24,0.0926,0.1249,0.488,0.0971,0.1274,0.3937,0.0881,0.1223,0.5822
930,953,2018-11-23 09:00:00,24,0.092,0.1217,0.5736,0.092,0.1169,0.4937,0.092,0.1264,0.6536
931,954,2018-11-23 10:00:00,24,0.0917,0.1216,0.6134,0.0922,0.1172,0.4987,0.0911,0.1258,0.7281
932,955,2018-11-23 11:00:00,24,0.0992,0.1323,0.4903,0.1037,0.1372,0.2048,0.0947,0.1272,0.7759
933,956,2018-11-23 12:00:00,24,0.0978,0.1295,0.5522,0.098,0.1305,0.3107,0.0977,0.1284,0.7937
934,957,2018-11-23 13:00:00,24,0.1057,0.1384,0.556,0.1026,0.1364,0.3648,0.1088,0.1404,0.7471
935,958,2018-11-23 14:00:00,24,0.1091,0.1427,0.6029,0.1043,0.1372,0.4871,0.1139,0.1479,0.7186
936,959,2018-11-23 15:00:00,24,0.1128,0.1455,0.6114,0.107,0.1397,0.5086,0.1185,0.1512,0.7142
937,960,2018-11-23 16:00:00,24,0.1161,0.1531,0.5239,0.1191,0.158,0.3133,0.1131,0.1481,0.7346
938,961,2018-11-23 17:00:00,24,0.1185,0.1551,0.5224,0.1204,0.1589,0.3007,0.1166,0.1512,0.744
939,962,2018-11-23 18:00:00,24,0.1197,0.1553,0.5162,0.122,0.1592,0.2699,0.1175,0.1512,0.7626
940,963,2018-11-23 19:00:00,24,0.118,0.1533,0.5412,0.1149,0.1542,0.3147,0.1212,0.1524,0.7676
941,964,2018-11-23 20:00:00,24,0.1216,0.1576,0.5228,0.1184,0.1572,0.3082,0.1247,0.158,0.7374
942,965,2018-11-23 21:00:00,24,0.1246,0.1603,0.5072,0.1212,0.1597,0.2877,0.128,0.1609,0.7266
943,966,2018-11-23 22:00:00,24,0.1258,0.162,0.5004,0.1215,0.1598,0.284,0.1301,0.1641,0.7169
944,967,2018-11-23 23:00:00,24,0.1259,0.162,0.4987,0.1218,0.1598,0.2797,0.13,0.1641,0.7178
945,968,2018-11-24 00:00:00,24,0.1279,0.1631,0.4891,0.1247,0.1611,0.2699,0.1311,0.165,0.7082
946,969,2018-11-24 01:00:00,24,0.1289,0.1633,0.4897,0.124,0.1609,0.2838,0.1338,0.1656,0.6956
947,970,2018-11-24 02:00:00,24,0.1273,0.1629,0.4999,0.1211,0.1602,0.3175,0.1335,0.1656,0.6822
948,971,2018-11-24 03:00:00,24,0.1294,0.1633,0.4935,0.1236,0.1607,0.3258,0.1352,0.1659,0.6611
949,972,2018-11-24 04:00:00,24,0.1263,0.1613,0.5084,0.1225,0.1605,0.3453,0.13,0.1621,0.6715
950,973,2018-11-24 05:00:00,24,0.1277,0.1617,0.5133,0.1227,0.1605,0.3602,0.1328,0.163,0.6663
951,974,2018-11-24 06:00:00,24,0.1309,0.1634,0.5061,0.1228,0.1605,0.3678,0.139,0.1662,0.6444
952,975,2018-11-24 07:00:00,24,0.1265,0.1602,0.514,0.1215,0.16,0.362,0.1314,0.1604,0.6661
953,976,2018-11-24 08:00:00,24,0.1256,0.1615,0.4445,0.1274,0.1721,0.1881,0.1237,0.1502,0.701
954,977,2018-11-24 09:00:00,24,0.1192,0.1572,0.4585,0.1211,0.1678,0.2336,0.1173,0.1459,0.6835
955,978,2018-11-24 10:00:00,24,0.1212,0.159,0.3927,0.1182,0.1651,0.2043,0.1243,0.1527,0.5811
956,979,2018-11-24 11:00:00,24,0.1168,0.152,0.3587,0.1103,0.1519,0.3379,0.1233,0.1522,0.3796
957,980,2018-11-24 12:00:00,24,0.1208,0.1563,0.115,0.1174,0.1598,0.2851,0.1242,0.1528,-0.0552
958,981,2018-11-24 13:00:00,24,0.1143,0.1489,0.0473,0.1113,0.1538,0.272,0.1173,0.1438,-0.1774
959,982,2018-11-24 14:00:00,24,0.114,0.1474,0.1353,0.1165,0.1588,0.185,0.1115,0.1351,0.0856
960,983,2018-11-24 15:00:00,24,0.1108,0.1456,0.2764,0.1103,0.1555,0.2838,0.1114,0.1349,0.2691
961,984,2018-11-24 16:00:00,24,0.107,0.1375,0.4931,0.0971,0.1364,0.5523,0.117,0.1385,0.434
962,985,2018-11-24 17:00:00,24,0.1056,0.1365,0.604,0.0939,0.1341,0.6048,0.1173,0.1389,0.6033
963,986,2018-11-24 18:00:00,24,0.1118,0.1416,0.6919,0.0979,0.137,0.6629,0.1256,0.146,0.721
964,987,2018-11-24 19:00:00,24,0.1158,0.146,0.7655,0.0991,0.1373,0.7243,0.1326,0.1542,0.8066
965,988,2018-11-24 20:00:00,24,0.1244,0.1699,0.7761,0.1009,0.1399,0.7148,0.1478,0.1953,0.8375
966,989,2018-11-24 21:00:00,24,0.1334,0.1896,0.7951,0.1011,0.1401,0.7156,0.1657,0.2287,0.8747
967,990,2018-11-24 22:00:00,24,0.1463,0.2148,0.7865,0.1084,0.1483,0.6703,0.1842,0.2651,0.9027
968,991,2018-11-24 23:00:00,24,0.1552,0.2217,0.79,0.1137,0.151,0.6503,0.1967,0.2747,0.9297
969,992,2018-11-25 00:00:00,24,0.1519,0.2203,0.7995,0.1118,0.1499,0.6529,0.1919,0.273,0.946
970,993,2018-11-25 01:00:00,24,0.1533,0.2209,0.8041,0.1119,0.15,0.6529,0.1947,0.2741,0.9552
971,994,2018-11-25 02:00:00,24,0.1552,0.2212,0.8068,0.1129,0.1501,0.6525,0.1974,0.2745,0.9612
972,995,2018-11-25 03:00:00,24,0.1529,0.221,0.8105,0.1103,0.1495,0.6559,0.1956,0.2744,0.965
973,996,2018-11-25 04:00:00,24,0.1557,0.2221,0.81,0.1117,0.1499,0.6532,0.1997,0.276,0.9667
974,997,2018-11-25 05:00:00,24,0.1584,0.2231,0.8082,0.114,0.1506,0.649,0.2028,0.2773,0.9675
975,998,2018-11-25 06:00:00,24,0.159,0.2238,0.8083,0.1135,0.1505,0.6495,0.2045,0.2784,0.9671
976,999,2018-11-25 07:00:00,24,0.1603,0.2245,0.8009,0.1171,0.1527,0.6353,0.2035,0.2784,0.9664
977,1000,2018-11-25 08:00:00,24,0.1523,0.2162,0.8282,0.1034,0.1282,0.6909,0.2012,0.2777,0.9656
978,1001,2018-11-25 09:00:00,24,0.1556,0.218,0.7972,0.1028,0.128,0.6314,0.2084,0.2805,0.963
979,1002,2018-11-25 10:00:00,24,0.1567,0.2196,0.7137,0.102,0.1274,0.469,0.2113,0.2832,0.9584
980,1003,2018-11-25 11:00:00,24,0.1564,0.2192,0.6652,0.1001,0.1252,0.3773,0.2126,0.2836,0.9531
981,1004,2018-11-25 12:00:00,24,0.1556,0.2182,0.7325,0.0978,0.1208,0.5189,0.2134,0.2839,0.9462
982,1005,2018-11-25 13:00:00,24,0.1673,0.2305,0.6142,0.1102,0.1423,0.2952,0.2244,0.2932,0.9333
983,1006,2018-11-25 14:00:00,24,0.1658,0.2294,0.6259,0.1075,0.1389,0.3314,0.2241,0.2931,0.9205
984,1007,2018-11-25 15:00:00,24,0.1688,0.2304,0.6033,0.1139,0.1427,0.3046,0.2237,0.2929,0.9019
985,1008,2018-11-25 16:00:00,24,0.168,0.2298,0.6031,0.1149,0.1432,0.3321,0.2211,0.2918,0.874
986,1009,2018-11-25 17:00:00,24,0.1648,0.2285,0.5888,0.1159,0.1436,0.3474,0.2138,0.2895,0.8303
987,1010,2018-11-25 18:00:00,24,0.1604,0.2263,0.5537,0.1102,0.1407,0.3512,0.2106,0.2875,0.7562
988,1011,2018-11-25 19:00:00,24,0.1598,0.2252,0.3953,0.1162,0.1458,0.1547,0.2034,0.2831,0.6359
989,1012,2018-11-25 20:00:00,24,0.1478,0.2056,0.429,0.1083,0.1388,0.1994,0.1874,0.2556,0.6587
990,1013,2018-11-25 21:00:00,24,0.1359,0.1854,0.4935,0.106,0.1363,0.2244,0.1657,0.224,0.7627
991,1014,2018-11-25 22:00:00,24,0.1199,0.1528,0.5817,0.0956,0.1265,0.2976,0.1441,0.1753,0.8659
992,1015,2018-11-25 23:00:00,24,0.1164,0.1493,0.5445,0.0907,0.1233,0.2223,0.1421,0.1714,0.8667
993,1016,2018-11-26 00:00:00,24,0.12,0.1535,0.5078,0.0888,0.1228,0.1727,0.1511,0.1791,0.843
994,1017,2018-11-26 01:00:00,24,0.1173,0.1523,0.4978,0.0887,0.1227,0.1705,0.1459,0.177,0.8251
995,1018,2018-11-26 02:00:00,24,0.1181,0.1526,0.463,0.0893,0.1229,0.1404,0.1469,0.1775,0.7855
996,1019,2018-11-26 03:00:00,24,0.1211,0.1536,0.4131,0.094,0.125,0.1074,0.1483,0.1776,0.7188
997,1020,2018-11-26 04:00:00,24,0.117,0.1517,0.3671,0.0918,0.1245,0.0858,0.1421,0.1748,0.6484
998,1021,2018-11-26 05:00:00,24,0.1189,0.1543,0.3032,0.0995,0.134,0.0237,0.1383,0.1723,0.5827
999,1022,2018-11-26 06:00:00,24,0.1175,0.1525,0.2976,0.1005,0.1342,0.0531,0.1344,0.1688,0.5421
1000,1023,2018-11-26 07:00:00,24,0.1179,0.1524,0.2783,0.0966,0.1315,0.0911,0.1393,0.1707,0.4654
1001,1024,2018-11-26 08:00:00,24,0.1291,0.167,0.2828,0.1076,0.1489,0.1887,0.1507,0.1834,0.3768
1002,1025,2018-11-26 09:00:00,24,0.1319,0.1686,0.3495,0.113,0.1522,0.22,0.1508,0.1835,0.4791
1003,1026,2018-11-26 10:00:00,24,0.1292,0.1659,0.3826,0.1187,0.1584,0.151,0.1396,0.1731,0.6142
1004,1027,2018-11-26 11:00:00,24,0.1328,0.1699,0.4202,0.1249,0.1659,0.1536,0.1407,0.1738,0.6867
1005,1028,2018-11-26 12:00:00,24,0.138,0.185,0.2409,0.1398,0.1973,-0.2609,0.1362,0.1718,0.7426
1006,1029,2018-11-26 13:00:00,24,0.1285,0.1712,0.4721,0.1288,0.1832,0.1279,0.1283,0.1583,0.8163
1007,1030,2018-11-26 14:00:00,24,0.1302,0.1738,0.46,0.1341,0.1892,0.0796,0.1262,0.157,0.8403
1008,1031,2018-11-26 15:00:00,24,0.1289,0.1734,0.514,0.1355,0.1905,0.1688,0.1222,0.1544,0.8591
1009,1032,2018-11-26 16:00:00,24,0.1281,0.1734,0.5559,0.1328,0.1898,0.2474,0.1235,0.1553,0.8644
1010,1033,2018-11-26 17:00:00,24,0.1287,0.1735,0.5891,0.1306,0.1892,0.3138,0.1268,0.1562,0.8644
1011,1034,2018-11-26 18:00:00,24,0.135,0.1793,0.6453,0.1436,0.2,0.4253,0.1264,0.1559,0.8653
1012,1035,2018-11-26 19:00:00,24,0.1346,0.1789,0.6835,0.1426,0.1991,0.5019,0.1266,0.156,0.8651
1013,1036,2018-11-26 20:00:00,24,0.1371,0.18,0.6791,0.1522,0.2061,0.479,0.122,0.1495,0.8792
1014,1037,2018-11-26 21:00:00,24,0.1343,0.179,0.6862,0.1476,0.2046,0.4914,0.1209,0.149,0.881
1015,1038,2018-11-26 22:00:00,24,0.1363,0.1793,0.6959,0.1538,0.2068,0.5067,0.1189,0.1467,0.8851
1016,1039,2018-11-26 23:00:00,24,0.1346,0.1768,0.7131,0.1536,0.2068,0.5343,0.1157,0.1406,0.8918
1017,1040,2018-11-27 00:00:00,24,0.1302,0.173,0.7277,0.1531,0.2067,0.558,0.1072,0.1309,0.8974
1018,1041,2018-11-27 01:00:00,24,0.1315,0.1733,0.7286,0.1548,0.2072,0.57,0.1082,0.131,0.8872
1019,1042,2018-11-27 02:00:00,24,0.129,0.1726,0.732,0.1532,0.207,0.5835,0.1049,0.1294,0.8806
1020,1043,2018-11-27 03:00:00,24,0.1287,0.1724,0.7289,0.1504,0.2059,0.5902,0.1071,0.1305,0.8677
1021,1044,2018-11-27 04:00:00,24,0.1288,0.1724,0.7229,0.1502,0.2059,0.5935,0.1073,0.1305,0.8523
1022,1045,2018-11-27 05:00:00,24,0.1253,0.1689,0.7055,0.1429,0.2,0.5876,0.1076,0.1307,0.8234
1023,1046,2018-11-27 06:00:00,24,0.1291,0.172,0.6678,0.1503,0.205,0.5351,0.1079,0.1309,0.8004
1024,1047,2018-11-27 07:00:00,24,0.1298,0.1722,0.6469,0.1531,0.206,0.4939,0.1066,0.1298,0.7999
1025,1048,2018-11-27 08:00:00,24,0.123,0.1652,0.6304,0.153,0.2059,0.3933,0.093,0.1105,0.8676
1026,1049,2018-11-27 09:00:00,24,0.1215,0.1639,0.5819,0.1537,0.2065,0.2793,0.0892,0.1051,0.8846
1027,1050,2018-11-27 10:00:00,24,0.1234,0.1678,0.6267,0.1582,0.2128,0.3658,0.0886,0.105,0.8875
1028,1051,2018-11-27 11:00:00,24,0.1266,0.1722,0.5479,0.1613,0.2172,0.214,0.0919,0.11,0.8818
1029,1052,2018-11-27 12:00:00,24,0.125,0.1613,0.678,0.1519,0.1968,0.4756,0.0981,0.1153,0.8804
1030,1053,2018-11-27 13:00:00,24,0.1241,0.1603,0.7049,0.1516,0.1966,0.52,0.0965,0.1129,0.8899
1031,1054,2018-11-27 14:00:00,24,0.1211,0.1566,0.7228,0.1464,0.1909,0.5576,0.0958,0.1125,0.888
1032,1055,2018-11-27 15:00:00,24,0.1186,0.1546,0.727,0.142,0.1876,0.5738,0.0953,0.1123,0.8801
1033,1056,2018-11-27 16:00:00,24,0.1259,0.1614,0.7149,0.1503,0.1924,0.5652,0.1015,0.1227,0.8647
1034,1057,2018-11-27 17:00:00,24,0.1275,0.163,0.7271,0.1566,0.1958,0.582,0.0983,0.1216,0.8722
1035,1058,2018-11-27 18:00:00,24,0.1261,0.1638,0.6935,0.1586,0.1991,0.5046,0.0936,0.1185,0.8823
1036,1059,2018-11-27 19:00:00,24,0.1235,0.1622,0.6816,0.1557,0.1971,0.4764,0.0913,0.1172,0.8869
1037,1060,2018-11-27 20:00:00,24,0.1209,0.1614,0.6766,0.1452,0.1898,0.51,0.0966,0.1268,0.8433
1038,1061,2018-11-27 21:00:00,24,0.1259,0.1669,0.6463,0.1453,0.1898,0.5029,0.1064,0.1403,0.7896
1039,1062,2018-11-27 22:00:00,24,0.1267,0.1699,0.6288,0.1402,0.1874,0.4829,0.1131,0.1504,0.7748
1040,1063,2018-11-27 23:00:00,24,0.1245,0.1676,0.625,0.1448,0.1891,0.4289,0.1041,0.1428,0.8212
1041,1064,2018-11-28 00:00:00,24,0.1272,0.1692,0.5961,0.1456,0.1892,0.3528,0.1089,0.1465,0.8393
1042,1065,2018-11-28 01:00:00,24,0.1286,0.1698,0.5602,0.1451,0.189,0.2716,0.112,0.148,0.8488
1043,1066,2018-11-28 02:00:00,24,0.1334,0.1723,0.485,0.1476,0.1895,0.1356,0.1191,0.1533,0.8344
1044,1067,2018-11-28 03:00:00,24,0.1318,0.1718,0.3917,0.1468,0.1893,-0.0499,0.1169,0.1524,0.8333
1045,1068,2018-11-28 04:00:00,24,0.1357,0.1738,0.2032,0.1475,0.1894,-0.4053,0.124,0.1568,0.8116
1046,1069,2018-11-28 05:00:00,24,0.1363,0.1746,-0.0927,0.1455,0.1888,-0.9665,0.1271,0.159,0.7811
1047,1070,2018-11-28 06:00:00,24,0.131,0.171,-0.1521,0.137,0.1831,-1.0677,0.125,0.1579,0.7635
1048,1071,2018-11-28 07:00:00,24,0.13,0.1711,-0.1988,0.1327,0.1818,-1.1403,0.1274,0.1597,0.7426
1049,1072,2018-11-28 08:00:00,24,0.1333,0.1724,-0.0258,0.132,0.1806,-0.779,0.1346,0.1639,0.7274
1050,1073,2018-11-28 09:00:00,24,0.1358,0.1747,-0.0348,0.1332,0.1818,-0.7884,0.1384,0.1674,0.7188
1051,1074,2018-11-28 10:00:00,24,0.1357,0.1715,-0.1063,0.125,0.1702,-0.9455,0.1464,0.1728,0.7328
1052,1075,2018-11-28 11:00:00,24,0.1296,0.1651,0.0798,0.1115,0.1551,-0.6337,0.1478,0.1745,0.7934
1053,1076,2018-11-28 12:00:00,24,0.1305,0.1686,0.2218,0.1154,0.1645,-0.4027,0.1455,0.1726,0.8464
1054,1077,2018-11-28 13:00:00,24,0.1309,0.169,0.4977,0.118,0.1666,0.1138,0.1439,0.1714,0.8816
1055,1078,2018-11-28 14:00:00,24,0.1319,0.1695,0.5925,0.117,0.1658,0.2898,0.1469,0.1732,0.8951
1056,1079,2018-11-28 15:00:00,24,0.1408,0.1824,0.481,0.1328,0.1906,0.0584,0.1489,0.1739,0.9037
1057,1080,2018-11-28 16:00:00,24,0.1398,0.1831,0.5081,0.1387,0.1991,0.0974,0.1409,0.1656,0.9189
1058,1081,2018-11-28 17:00:00,24,0.1445,0.1862,0.4775,0.141,0.2015,0.0324,0.1481,0.1696,0.9225
1059,1082,2018-11-28 18:00:00,24,0.1394,0.1793,0.5405,0.1276,0.1875,0.1527,0.1511,0.1706,0.9283
1060,1083,2018-11-28 19:00:00,24,0.1403,0.1799,0.5496,0.1291,0.1886,0.1667,0.1516,0.1707,0.9325
1061,1084,2018-11-28 20:00:00,24,0.1389,0.1766,0.5711,0.1335,0.19,0.2002,0.1444,0.1621,0.942
1062,1085,2018-11-28 21:00:00,24,0.1448,0.1901,0.5687,0.1338,0.19,0.2195,0.1557,0.1901,0.9179
1063,1086,2018-11-28 22:00:00,24,0.1541,0.209,0.5651,0.1373,0.1912,0.252,0.1709,0.2254,0.8782
1064,1087,2018-11-28 23:00:00,24,0.1655,0.2246,0.5849,0.1369,0.191,0.3193,0.1941,0.2539,0.8505
1065,1088,2018-11-29 00:00:00,24,0.1709,0.2301,0.6166,0.1391,0.1916,0.3807,0.2027,0.263,0.8525
1066,1089,2018-11-29 01:00:00,24,0.1729,0.2325,0.6469,0.1367,0.1911,0.4243,0.2091,0.2675,0.8696
1067,1090,2018-11-29 02:00:00,24,0.1723,0.2318,0.6837,0.1397,0.1927,0.4753,0.2048,0.2651,0.8921
1068,1091,2018-11-29 03:00:00,24,0.174,0.2324,0.7078,0.1396,0.1927,0.5077,0.2085,0.2662,0.908
1069,1092,2018-11-29 04:00:00,24,0.1746,0.2326,0.7284,0.1403,0.1928,0.5341,0.2088,0.2665,0.9227
1070,1093,2018-11-29 05:00:00,24,0.1719,0.2316,0.7445,0.1398,0.1927,0.5554,0.204,0.2648,0.9336
1071,1094,2018-11-29 06:00:00,24,0.1759,0.2332,0.7574,0.1436,0.1941,0.5758,0.2082,0.2666,0.9389
1072,1095,2018-11-29 07:00:00,24,0.1782,0.2346,0.7701,0.1449,0.1942,0.5962,0.2114,0.2689,0.944
1073,1096,2018-11-29 08:00:00,24,0.1742,0.232,0.8063,0.1432,0.1915,0.663,0.2053,0.2665,0.9495
1074,1097,2018-11-29 09:00:00,24,0.1697,0.2294,0.823,0.1408,0.1893,0.6925,0.1987,0.2635,0.9535
1075,1098,2018-11-29 10:00:00,24,0.1768,0.2388,0.8147,0.1435,0.1918,0.6808,0.21,0.278,0.9485
1076,1099,2018-11-29 11:00:00,24,0.1759,0.2374,0.8129,0.147,0.1929,0.6773,0.2047,0.2747,0.9485
1077,1100,2018-11-29 12:00:00,24,0.1717,0.2334,0.7968,0.1428,0.1846,0.647,0.2005,0.2737,0.9467
1078,1101,2018-11-29 13:00:00,24,0.1745,0.2358,0.7242,0.1471,0.1896,0.506,0.202,0.2743,0.9425
1079,1102,2018-11-29 14:00:00,24,0.1772,0.2378,0.598,0.1514,0.1936,0.2584,0.2031,0.2749,0.9377
1080,1103,2018-11-29 15:00:00,24,0.1779,0.2358,0.6349,0.1409,0.174,0.3421,0.215,0.2846,0.9276
1081,1104,2018-11-29 16:00:00,24,0.1809,0.2381,0.6769,0.1418,0.1759,0.4351,0.22,0.287,0.9188
1082,1105,2018-11-29 17:00:00,24,0.1825,0.2398,0.6834,0.1396,0.1733,0.462,0.2253,0.2915,0.9047
1083,1106,2018-11-29 18:00:00,24,0.1894,0.2442,0.6887,0.1458,0.1774,0.4911,0.2329,0.2963,0.8862
1084,1107,2018-11-29 19:00:00,24,0.1917,0.2454,0.6814,0.1483,0.1797,0.4953,0.2351,0.2969,0.8675
1085,1108,2018-11-29 20:00:00,24,0.1944,0.2473,0.6745,0.1489,0.1801,0.4986,0.24,0.2998,0.8504
1086,1109,2018-11-29 21:00:00,24,0.1898,0.237,0.6859,0.1513,0.1809,0.5094,0.2282,0.2823,0.8624
1087,1110,2018-11-29 22:00:00,24,0.1839,0.2221,0.6796,0.1588,0.1889,0.4646,0.209,0.251,0.8946
1088,1111,2018-11-29 23:00:00,24,0.1717,0.2058,0.6964,0.1549,0.1874,0.4719,0.1885,0.2227,0.9209
1089,1112,2018-11-30 00:00:00,24,0.1684,0.2012,0.6952,0.1612,0.1925,0.4572,0.1757,0.2095,0.9331
1090,1113,2018-11-30 01:00:00,24,0.1635,0.1976,0.7023,0.1622,0.1926,0.4659,0.1647,0.2025,0.9388
1091,1114,2018-11-30 02:00:00,24,0.1622,0.1971,0.7038,0.1583,0.1907,0.4686,0.1662,0.2033,0.939
1092,1115,2018-11-30 03:00:00,24,0.166,0.1993,0.6942,0.1628,0.1926,0.4504,0.1693,0.2057,0.938
1093,1116,2018-11-30 04:00:00,24,0.1635,0.1977,0.6891,0.1647,0.1931,0.4404,0.1623,0.2021,0.9379
1094,1117,2018-11-30 05:00:00,24,0.1677,0.1993,0.6843,0.1682,0.1942,0.4348,0.1672,0.2043,0.9339
1095,1118,2018-11-30 06:00:00,24,0.1648,0.1979,0.6711,0.168,0.1941,0.409,0.1617,0.2017,0.9332
1096,1119,2018-11-30 07:00:00,24,0.1608,0.1952,0.6519,0.1685,0.1942,0.3744,0.153,0.1962,0.9293
1097,1120,2018-11-30 08:00:00,24,0.1557,0.1908,0.5862,0.1568,0.1847,0.2573,0.1547,0.1966,0.9152
1098,1121,2018-11-30 09:00:00,24,0.1638,0.1993,0.4719,0.1668,0.1985,0.0538,0.1608,0.2002,0.89
1099,1122,2018-11-30 10:00:00,24,0.1511,0.1846,0.4987,0.1612,0.1943,0.0935,0.1409,0.1743,0.9039
1100,1123,2018-11-30 11:00:00,24,0.1534,0.1881,0.5161,0.169,0.2019,0.1435,0.1379,0.1731,0.8886
1101,1124,2018-11-30 12:00:00,24,0.1548,0.1872,0.5235,0.1665,0.1983,0.1896,0.1431,0.1754,0.8574
1102,1125,2018-11-30 13:00:00,24,0.1492,0.1825,0.4961,0.1577,0.1908,0.1717,0.1407,0.1738,0.8205
1103,1126,2018-11-30 14:00:00,24,0.1456,0.18,0.4653,0.1559,0.1889,0.1599,0.1352,0.1707,0.7707
1104,1127,2018-11-30 15:00:00,24,0.1397,0.1726,0.4905,0.1563,0.1894,0.207,0.1231,0.154,0.7741
1105,1128,2018-11-30 16:00:00,24,0.1321,0.164,0.4759,0.1492,0.1782,0.1944,0.1149,0.1484,0.7575
1106,1129,2018-11-30 17:00:00,24,0.1301,0.1626,0.504,0.1548,0.1858,0.2232,0.1054,0.1355,0.7849
1107,1130,2018-11-30 18:00:00,24,0.1235,0.1559,0.5215,0.1496,0.1822,0.2168,0.0973,0.1242,0.8262
1108,1131,2018-11-30 19:00:00,24,0.1252,0.1589,0.4857,0.1536,0.1875,0.1339,0.0967,0.1238,0.8375
1109,1132,2018-11-30 20:00:00,24,0.119,0.1544,0.5053,0.1502,0.1859,0.14,0.0879,0.1144,0.8707
1110,1133,2018-11-30 21:00:00,24,0.1149,0.1497,0.5013,0.1478,0.1852,0.108,0.082,0.1026,0.8946
1111,1134,2018-11-30 22:00:00,24,0.1076,0.1419,0.5449,0.1368,0.1758,0.1941,0.0784,0.0968,0.8957
1112,1135,2018-11-30 23:00:00,24,0.1077,0.142,0.5323,0.1366,0.1757,0.1941,0.0789,0.0973,0.8704
1113,1136,2018-12-01 00:00:00,24,0.1048,0.1388,0.5139,0.1299,0.17,0.1906,0.0798,0.098,0.8373
1114,1137,2018-12-01 01:00:00,24,0.106,0.1391,0.4595,0.1292,0.1699,0.1444,0.0828,0.0991,0.7746
1115,1138,2018-12-01 02:00:00,24,0.1044,0.138,0.4147,0.1294,0.17,0.1256,0.0794,0.096,0.7038
1116,1139,2018-12-01 03:00:00,24,0.1007,0.1352,0.4283,0.1245,0.1678,0.1651,0.0768,0.0915,0.6914
1117,1140,2018-12-01 04:00:00,24,0.1042,0.1393,0.4107,0.1222,0.1671,0.2127,0.0862,0.1044,0.6088
1118,1141,2018-12-01 05:00:00,24,0.1029,0.1383,0.4505,0.1232,0.1678,0.2061,0.0826,0.1006,0.6948
1119,1142,2018-12-01 06:00:00,24,0.1035,0.1391,0.482,0.1194,0.1663,0.227,0.0877,0.1052,0.737
1120,1143,2018-12-01 07:00:00,24,0.1036,0.1392,0.5091,0.1181,0.1661,0.2323,0.089,0.1056,0.7859
1121,1144,2018-12-01 08:00:00,24,0.1116,0.149,0.4817,0.1326,0.1816,0.1459,0.0905,0.1069,0.8175
1122,1145,2018-12-01 09:00:00,24,0.1073,0.142,0.5747,0.1204,0.1648,0.2942,0.0943,0.1149,0.8552
1123,1146,2018-12-01 10:00:00,24,0.1107,0.1442,0.5947,0.1197,0.1645,0.3028,0.1016,0.1206,0.8867
1124,1147,2018-12-01 11:00:00,24,0.1074,0.139,0.5842,0.1108,0.1543,0.2563,0.104,0.1219,0.9122
1125,1148,2018-12-01 12:00:00,24,0.1026,0.1333,0.623,0.1046,0.1462,0.3122,0.1006,0.1191,0.9337
1126,1149,2018-12-01 13:00:00,24,0.1067,0.1388,0.5545,0.1139,0.1566,0.1654,0.0995,0.1184,0.9436
1127,1150,2018-12-01 14:00:00,24,0.109,0.1403,0.6168,0.1141,0.1569,0.288,0.1039,0.1216,0.9455
1128,1151,2018-12-01 15:00:00,24,0.1172,0.158,0.4722,0.1269,0.1852,0.0004,0.1076,0.1251,0.9439
1129,1152,2018-12-01 16:00:00,24,0.1234,0.1647,0.4583,0.1328,0.1938,-0.0234,0.114,0.1293,0.94
1130,1153,2018-12-01 17:00:00,24,0.1231,0.1629,0.4294,0.1294,0.189,-0.079,0.1168,0.1317,0.9377
1131,1154,2018-12-01 18:00:00,24,0.1304,0.1702,0.3559,0.1349,0.1927,-0.2174,0.1259,0.1443,0.9292
1132,1155,2018-12-01 19:00:00,24,0.1251,0.1649,0.4273,0.1258,0.1837,-0.0776,0.1244,0.1436,0.9322
1133,1156,2018-12-01 20:00:00,24,0.1247,0.1648,0.4325,0.1252,0.1836,-0.0687,0.1241,0.1436,0.9337
1134,1157,2018-12-01 21:00:00,24,0.1338,0.1759,0.4261,0.1332,0.1887,-0.0579,0.1344,0.162,0.91
1135,1158,2018-12-01 22:00:00,24,0.1435,0.1868,0.4698,0.1403,0.1928,0.0636,0.1466,0.1807,0.876
1136,1159,2018-12-01 23:00:00,24,0.1535,0.2007,0.5159,0.1431,0.1935,0.2065,0.164,0.2076,0.8253
1137,1160,2018-12-02 00:00:00,24,0.1544,0.2013,0.542,0.1426,0.1933,0.2621,0.1662,0.2089,0.8218
1138,1161,2018-12-02 01:00:00,24,0.1557,0.2017,0.548,0.1433,0.1934,0.279,0.1681,0.2097,0.817
1139,1162,2018-12-02 02:00:00,24,0.1555,0.2018,0.547,0.1444,0.1938,0.2791,0.1665,0.2095,0.8149
1140,1163,2018-12-02 03:00:00,24,0.1538,0.201,0.5423,0.1444,0.1938,0.2652,0.1631,0.2079,0.8195
1141,1164,2018-12-02 04:00:00,24,0.1506,0.1984,0.5243,0.1437,0.1937,0.2168,0.1574,0.203,0.8319
1142,1165,2018-12-02 05:00:00,24,0.1514,0.1991,0.5215,0.1409,0.1924,0.2145,0.1619,0.2056,0.8286
1143,1166,2018-12-02 06:00:00,24,0.1518,0.1991,0.504,0.1419,0.1926,0.1788,0.1617,0.2055,0.8292
1144,1167,2018-12-02 07:00:00,24,0.1527,0.1994,0.4814,0.1444,0.1932,0.1329,0.161,0.2054,0.83
1145,1168,2018-12-02 08:00:00,24,0.149,0.196,0.5372,0.1299,0.1787,0.2552,0.1681,0.2119,0.8191
1146,1169,2018-12-02 09:00:00,24,0.1425,0.1914,0.5372,0.1272,0.1778,0.2445,0.1578,0.2042,0.8299
1147,1170,2018-12-02 10:00:00,24,0.1399,0.1898,0.5369,0.1266,0.1776,0.2445,0.1531,0.2013,0.8293
1148,1171,2018-12-02 11:00:00,24,0.1398,0.1898,0.5331,0.1262,0.1774,0.2479,0.1533,0.2014,0.8184
1149,1172,2018-12-02 12:00:00,24,0.145,0.1956,0.5188,0.125,0.1767,0.2536,0.165,0.2128,0.784
1150,1173,2018-12-02 13:00:00,24,0.1414,0.192,0.5191,0.1152,0.1674,0.2679,0.1677,0.2139,0.7702
1151,1174,2018-12-02 14:00:00,24,0.1378,0.1898,0.3973,0.1091,0.1631,0.0259,0.1664,0.2132,0.7687
1152,1175,2018-12-02 15:00:00,24,0.1273,0.1733,0.6257,0.0888,0.1219,0.4876,0.1658,0.2127,0.7638
1153,1176,2018-12-02 16:00:00,24,0.1231,0.1691,0.5679,0.0858,0.114,0.3698,0.1605,0.2103,0.7659
1154,1177,2018-12-02 17:00:00,24,0.1232,0.1689,0.5548,0.0841,0.1108,0.3621,0.1622,0.2116,0.7475
1155,1178,2018-12-02 18:00:00,24,0.1188,0.1655,0.5791,0.0766,0.1034,0.4523,0.1609,0.2099,0.7058
1156,1179,2018-12-02 19:00:00,24,0.1211,0.1684,0.5548,0.0736,0.1022,0.4659,0.1685,0.2151,0.6437
1157,1180,2018-12-02 20:00:00,24,0.1298,0.1758,0.5209,0.0779,0.1057,0.4402,0.1816,0.2251,0.6015
1158,1181,2018-12-02 21:00:00,24,0.1297,0.1828,0.6267,0.0706,0.0964,0.5468,0.1887,0.2399,0.7066
1159,1182,2018-12-02 22:00:00,24,0.1233,0.1736,0.7173,0.0667,0.0902,0.6127,0.1799,0.2284,0.8219
1160,1183,2018-12-02 23:00:00,24,0.1187,0.1634,0.7393,0.0657,0.0894,0.5904,0.1717,0.2131,0.8882
1161,1184,2018-12-03 00:00:00,24,0.1231,0.1699,0.7507,0.0658,0.0895,0.5929,0.1804,0.223,0.9086
1162,1185,2018-12-03 01:00:00,24,0.1252,0.1718,0.7596,0.0662,0.0897,0.5921,0.1842,0.2258,0.927
1163,1186,2018-12-03 02:00:00,24,0.1274,0.1726,0.7666,0.0658,0.0894,0.5974,0.189,0.2272,0.9359
1164,1187,2018-12-03 03:00:00,24,0.1291,0.1732,0.7641,0.0676,0.09,0.5873,0.1906,0.2278,0.9409
1165,1188,2018-12-03 04:00:00,24,0.1291,0.1729,0.7622,0.0703,0.0913,0.5789,0.1878,0.2268,0.9454
1166,1189,2018-12-03 05:00:00,24,0.1262,0.1711,0.7657,0.0694,0.0908,0.5821,0.183,0.2243,0.9493
1167,1190,2018-12-03 06:00:00,24,0.1246,0.17,0.765,0.0703,0.0913,0.578,0.1789,0.2225,0.9521
1168,1191,2018-12-03 07:00:00,24,0.1234,0.1697,0.7723,0.0689,0.0904,0.5912,0.1779,0.2224,0.9534
1169,1192,2018-12-03 08:00:00,24,0.1225,0.1686,0.7485,0.0785,0.1032,0.5394,0.1666,0.215,0.9577
1170,1193,2018-12-03 09:00:00,24,0.1264,0.1703,0.7396,0.0828,0.1063,0.5207,0.17,0.2162,0.9584
1171,1194,2018-12-03 10:00:00,24,0.1329,0.1757,0.7238,0.0911,0.1177,0.489,0.1748,0.2189,0.9585
1172,1195,2018-12-03 11:00:00,24,0.1386,0.183,0.5809,0.1037,0.1388,0.2032,0.1734,0.2184,0.9586
1173,1196,2018-12-03 12:00:00,24,0.1355,0.1801,0.513,0.111,0.1483,0.0652,0.1599,0.207,0.9609
1174,1197,2018-12-03 13:00:00,24,0.1396,0.1829,0.4032,0.1158,0.1515,-0.149,0.1633,0.2097,0.9553
1175,1198,2018-12-03 14:00:00,24,0.1394,0.1833,0.1413,0.1198,0.1539,-0.6652,0.159,0.2085,0.9478
1176,1199,2018-12-03 15:00:00,24,0.1406,0.1837,-0.3305,0.1233,0.1559,-1.5977,0.1578,0.2078,0.9366
1177,1200,2018-12-03 16:00:00,24,0.1367,0.1801,-0.1893,0.1119,0.1455,-1.2934,0.1615,0.2091,0.9147
1178,1201,2018-12-03 17:00:00,24,0.1342,0.179,-0.1141,0.1052,0.1401,-1.1055,0.1632,0.2108,0.8773
1179,1202,2018-12-03 18:00:00,24,0.1388,0.1822,-0.0946,0.1164,0.1516,-1.0111,0.1612,0.2084,0.8218
1180,1203,2018-12-03 19:00:00,24,0.1426,0.1883,-0.0316,0.1171,0.1516,-0.7629,0.1682,0.2189,0.6998
1181,1204,2018-12-03 20:00:00,24,0.1471,0.2015,-0.0229,0.1143,0.1497,-0.6389,0.1799,0.2425,0.5932
1182,1205,2018-12-03 21:00:00,24,0.1412,0.1873,0.0005,0.1175,0.1514,-0.6794,0.1649,0.2173,0.6804
1183,1206,2018-12-03 22:00:00,24,0.1381,0.1857,0.0454,0.1193,0.1529,-0.6125,0.1569,0.2136,0.7033
1184,1207,2018-12-03 23:00:00,24,0.1318,0.1801,0.106,0.1188,0.1527,-0.5393,0.1448,0.2039,0.7512
1185,1208,2018-12-04 00:00:00,24,0.1271,0.1736,0.2006,0.1198,0.1531,-0.3965,0.1345,0.1919,0.7977
1186,1209,2018-12-04 01:00:00,24,0.1291,0.1752,0.2176,0.1218,0.154,-0.3632,0.1364,0.1942,0.7983
1187,1210,2018-12-04 02:00:00,24,0.1269,0.1744,0.2171,0.1221,0.1542,-0.3723,0.1316,0.1925,0.8065
1188,1211,2018-12-04 03:00:00,24,0.1272,0.1752,0.2191,0.12,0.1537,-0.3605,0.1343,0.1943,0.7987
1189,1212,2018-12-04 04:00:00,24,0.1273,0.1753,0.2263,0.1184,0.1532,-0.3416,0.1361,0.1949,0.7942
1190,1213,2018-12-04 05:00:00,24,0.1286,0.1758,0.2114,0.1196,0.1535,-0.3641,0.1376,0.1955,0.7868
1191,1214,2018-12-04 06:00:00,24,0.1297,0.1767,0.2067,0.1179,0.1531,-0.3589,0.1415,0.1975,0.7724
1192,1215,2018-12-04 07:00:00,24,0.1296,0.1767,0.2047,0.118,0.1531,-0.3498,0.1413,0.1974,0.7592
1193,1216,2018-12-04 08:00:00,24,0.1346,0.1802,0.1719,0.1188,0.1545,-0.3888,0.1504,0.2027,0.7325
1194,1217,2018-12-04 09:00:00,24,0.1363,0.1815,0.1559,0.1196,0.1552,-0.4122,0.153,0.2045,0.724
1195,1218,2018-12-04 10:00:00,24,0.1348,0.1799,0.111,0.1151,0.1492,-0.5137,0.1546,0.2061,0.7358
1196,1219,2018-12-04 11:00:00,24,0.1363,0.1831,0.1721,0.118,0.1567,-0.3965,0.1546,0.2061,0.7406
1197,1220,2018-12-04 12:00:00,24,0.1386,0.1834,0.4092,0.1152,0.1524,0.0921,0.162,0.2098,0.7263
1198,1221,2018-12-04 13:00:00,24,0.1375,0.1834,0.5432,0.1109,0.1494,0.3912,0.1641,0.2121,0.6951
1199,1222,2018-12-04 14:00:00,24,0.1408,0.185,0.5654,0.1103,0.1488,0.4697,0.1713,0.2152,0.661
1200,1223,2018-12-04 15:00:00,24,0.1458,0.1917,0.5364,0.1098,0.1485,0.4616,0.1818,0.2269,0.6113
1201,1224,2018-12-04 16:00:00,24,0.1527,0.1965,0.5434,0.1193,0.1556,0.4851,0.1862,0.2302,0.6017
1202,1225,2018-12-04 17:00:00,24,0.1582,0.201,0.5251,0.1306,0.1674,0.3749,0.1857,0.2298,0.6752
1203,1226,2018-12-04 18:00:00,24,0.1546,0.1982,0.6069,0.1216,0.1577,0.4541,0.1876,0.2318,0.7597
1204,1227,2018-12-04 19:00:00,24,0.1514,0.1917,0.6269,0.1281,0.1618,0.4264,0.1747,0.2175,0.8273
1205,1228,2018-12-04 20:00:00,24,0.1409,0.1712,0.6559,0.1281,0.1618,0.4263,0.1537,0.1801,0.8855
1206,1229,2018-12-04 21:00:00,24,0.1411,0.1715,0.6583,0.1279,0.1616,0.4214,0.1544,0.1809,0.8953
1207,1230,2018-12-04 22:00:00,24,0.1421,0.1715,0.6651,0.1268,0.1607,0.4282,0.1574,0.1816,0.902
1208,1231,2018-12-04 23:00:00,24,0.1503,0.1804,0.6599,0.1281,0.1613,0.4212,0.1725,0.1976,0.8986
1209,1232,2018-12-05 00:00:00,24,0.1523,0.1828,0.6679,0.1266,0.1607,0.4265,0.1781,0.2024,0.9094
1210,1233,2018-12-05 01:00:00,24,0.15,0.181,0.6808,0.124,0.1597,0.4356,0.1759,0.2,0.926
1211,1234,2018-12-05 02:00:00,24,0.1523,0.1827,0.685,0.1213,0.159,0.4354,0.1833,0.2036,0.9345
1212,1235,2018-12-05 03:00:00,24,0.1511,0.1815,0.6916,0.1237,0.1595,0.4402,0.1785,0.2012,0.943
1213,1236,2018-12-05 04:00:00,24,0.1514,0.1817,0.6868,0.1263,0.1606,0.4253,0.1764,0.2005,0.9484
1214,1237,2018-12-05 05:00:00,24,0.1486,0.181,0.6795,0.124,0.1601,0.4075,0.1732,0.1996,0.9516
1215,1238,2018-12-05 06:00:00,24,0.1475,0.1801,0.6614,0.1264,0.1609,0.3679,0.1686,0.1975,0.9548
1216,1239,2018-12-05 07:00:00,24,0.1514,0.1825,0.6513,0.1258,0.1607,0.3495,0.1769,0.2019,0.9531
1217,1240,2018-12-05 08:00:00,24,0.1534,0.1862,0.5743,0.1303,0.1695,0.1974,0.1765,0.2015,0.9512
1218,1241,2018-12-05 09:00:00,24,0.1509,0.1844,0.5535,0.1291,0.1686,0.1595,0.1728,0.199,0.9476
1219,1242,2018-12-05 10:00:00,24,0.1482,0.182,0.4849,0.1275,0.1674,0.0296,0.169,0.1956,0.9402
1220,1243,2018-12-05 11:00:00,24,0.1477,0.1774,0.5767,0.1186,0.149,0.231,0.1768,0.2019,0.9224
1221,1244,2018-12-05 12:00:00,24,0.1468,0.1765,0.5473,0.1179,0.1479,0.1894,0.1758,0.2011,0.9053
1222,1245,2018-12-05 13:00:00,24,0.1483,0.1776,0.4197,0.127,0.1579,-0.0508,0.1696,0.1954,0.8902
1223,1246,2018-12-05 14:00:00,24,0.1479,0.1789,0.4087,0.1227,0.1558,-0.0448,0.1732,0.1994,0.8622
1224,1247,2018-12-05 15:00:00,24,0.1408,0.1705,0.4186,0.1215,0.155,-0.0294,0.16,0.1847,0.8666
1225,1248,2018-12-05 16:00:00,24,0.1336,0.1647,0.2889,0.1162,0.1493,-0.2844,0.1509,0.1788,0.8623
1226,1249,2018-12-05 17:00:00,24,0.1285,0.1598,0.3966,0.1048,0.1358,-0.047,0.1523,0.1806,0.8402
1227,1250,2018-12-05 18:00:00,24,0.1361,0.1729,0.3249,0.1104,0.1413,-0.1349,0.1618,0.1996,0.7848
1228,1251,2018-12-05 19:00:00,24,0.1382,0.1785,0.3271,0.1033,0.1365,-0.0798,0.1732,0.2123,0.734
1229,1252,2018-12-05 20:00:00,24,0.1442,0.184,0.2879,0.1074,0.1401,-0.1288,0.1809,0.2193,0.7047
1230,1253,2018-12-05 21:00:00,24,0.1418,0.1818,0.2436,0.1075,0.1401,-0.2544,0.1761,0.2156,0.7415
1231,1254,2018-12-05 22:00:00,24,0.1424,0.1832,0.2572,0.1033,0.1381,-0.2256,0.1815,0.2193,0.74
1232,1255,2018-12-05 23:00:00,24,0.1377,0.1767,0.2561,0.1016,0.1373,-0.2642,0.1738,0.2088,0.7765
1233,1256,2018-12-06 00:00:00,24,0.1348,0.174,0.2656,0.101,0.1372,-0.2631,0.1685,0.2043,0.7943
1234,1257,2018-12-06 01:00:00,24,0.1343,0.1731,0.2685,0.1021,0.1375,-0.2631,0.1665,0.2025,0.8001
1235,1258,2018-12-06 02:00:00,24,0.1335,0.1719,0.2661,0.1033,0.1377,-0.2679,0.1637,0.2004,0.8001
1236,1259,2018-12-06 03:00:00,24,0.1338,0.1723,0.2553,0.1052,0.1388,-0.2865,0.1624,0.2002,0.7971
1237,1260,2018-12-06 04:00:00,24,0.134,0.1723,0.2441,0.1037,0.138,-0.3021,0.1642,0.2007,0.7903
1238,1261,2018-12-06 05:00:00,24,0.1361,0.1728,0.227,0.1065,0.1389,-0.3295,0.1657,0.201,0.7835
1239,1262,2018-12-06 06:00:00,24,0.136,0.1727,0.2312,0.1051,0.1382,-0.3124,0.1668,0.2013,0.7748
1240,1263,2018-12-06 07:00:00,24,0.1327,0.1702,0.2292,0.1056,0.1383,-0.3252,0.1598,0.197,0.7836
1241,1264,2018-12-06 08:00:00,24,0.1348,0.1735,0.3029,0.1052,0.1372,-0.171,0.1645,0.2034,0.7768
1242,1265,2018-12-06 09:00:00,24,0.1316,0.1723,0.4229,0.1006,0.1352,0.0594,0.1626,0.2028,0.7863
1243,1266,2018-12-06 10:00:00,24,0.1284,0.1708,0.4535,0.0984,0.1339,0.1112,0.1584,0.2011,0.7959
1244,1267,2018-12-06 11:00:00,24,0.1219,0.1651,0.5683,0.0952,0.1294,0.3253,0.1486,0.1943,0.8114
1245,1268,2018-12-06 12:00:00,24,0.1235,0.169,0.4931,0.1018,0.1422,0.1762,0.1452,0.1921,0.8101
1246,1269,2018-12-06 13:00:00,24,0.1236,0.1687,0.4777,0.1009,0.1407,0.1608,0.1463,0.1927,0.7947
1247,1270,2018-12-06 14:00:00,24,0.1242,0.1689,0.4627,0.111,0.1506,0.1557,0.1374,0.1854,0.7698
1248,1271,2018-12-06 15:00:00,24,0.122,0.1682,0.4594,0.1082,0.1495,0.2219,0.1358,0.185,0.6968
1249,1272,2018-12-06 16:00:00,24,0.1242,0.1699,0.3368,0.1121,0.1533,0.1409,0.1363,0.1851,0.5326
1250,1273,2018-12-06 17:00:00,24,0.1227,0.1676,0.1894,0.117,0.1561,0.0147,0.1285,0.1784,0.364
1251,1274,2018-12-06 18:00:00,24,0.1106,0.1495,0.3161,0.1094,0.1506,0.0769,0.1118,0.1483,0.5553
1252,1275,2018-12-06 19:00:00,24,0.106,0.1407,0.3635,0.1116,0.1511,0.0433,0.1005,0.1295,0.6837
1253,1276,2018-12-06 20:00:00,24,0.1011,0.1353,0.3856,0.1129,0.1526,0.0466,0.0894,0.1154,0.7246
1254,1277,2018-12-06 21:00:00,24,0.1006,0.1352,0.34,0.1103,0.1513,0.0221,0.0908,0.1169,0.6579
1255,1278,2018-12-06 22:00:00,24,0.1015,0.1364,0.3342,0.1106,0.1513,-0.0321,0.0923,0.1197,0.7005
1256,1279,2018-12-06 23:00:00,24,0.1041,0.1389,0.3387,0.1141,0.1532,-0.1086,0.0941,0.123,0.786
1257,1280,2018-12-07 00:00:00,24,0.1128,0.1535,0.3324,0.1172,0.1544,-0.1535,0.1084,0.1525,0.8183
1258,1281,2018-12-07 01:00:00,24,0.1099,0.1518,0.332,0.1164,0.1542,-0.2148,0.1033,0.1495,0.8788
1259,1282,2018-12-07 02:00:00,24,0.1103,0.152,0.3272,0.1174,0.1545,-0.2551,0.1033,0.1494,0.9096
1260,1283,2018-12-07 03:00:00,24,0.1099,0.1516,0.3333,0.1142,0.1531,-0.2608,0.1056,0.1501,0.9275
1261,1284,2018-12-07 04:00:00,24,0.1085,0.1511,0.2926,0.1123,0.1526,-0.3549,0.1047,0.1496,0.9402
1262,1285,2018-12-07 05:00:00,24,0.1066,0.1506,0.2623,0.1094,0.1518,-0.424,0.1039,0.1494,0.9487
1263,1286,2018-12-07 06:00:00,24,0.108,0.1517,0.2314,0.1086,0.1516,-0.4885,0.1075,0.1519,0.9512
1264,1287,2018-12-07 07:00:00,24,0.109,0.1521,0.1208,0.1086,0.1516,-0.7128,0.1095,0.1527,0.9545
1265,1288,2018-12-07 08:00:00,24,0.1044,0.143,0.3481,0.1037,0.1413,-0.2626,0.1051,0.1446,0.9589
1266,1289,2018-12-07 09:00:00,24,0.1139,0.1548,0.3422,0.1079,0.143,-0.2581,0.1199,0.1658,0.9425
1267,1290,2018-12-07 10:00:00,24,0.1165,0.1562,0.3877,0.1083,0.1431,-0.1602,0.1247,0.1683,0.9356
1268,1291,2018-12-07 11:00:00,24,0.1236,0.1678,0.2656,0.1208,0.167,-0.3978,0.1263,0.1686,0.929
1269,1292,2018-12-07 12:00:00,24,0.1168,0.1602,0.4352,0.108,0.1517,-0.0519,0.1256,0.1683,0.9223
1270,1293,2018-12-07 13:00:00,24,0.1109,0.1551,0.5516,0.0991,0.1427,0.1862,0.1227,0.1666,0.917
1271,1294,2018-12-07 14:00:00,24,0.1057,0.1504,0.5928,0.0898,0.1324,0.2769,0.1216,0.1664,0.9088
1272,1295,2018-12-07 15:00:00,24,0.1108,0.1531,0.5327,0.0952,0.136,0.1708,0.1264,0.1685,0.8946
1273,1296,2018-12-07 16:00:00,24,0.1105,0.1526,0.5648,0.0881,0.1302,0.2559,0.1328,0.1722,0.8736
1274,1297,2018-12-07 17:00:00,24,0.1127,0.1555,0.587,0.0925,0.1367,0.3204,0.1329,0.1722,0.8536
1275,1298,2018-12-07 18:00:00,24,0.1111,0.1549,0.6275,0.092,0.1367,0.42,0.1302,0.1712,0.8351
1276,1299,2018-12-07 19:00:00,24,0.1167,0.1602,0.5881,0.0995,0.1446,0.3603,0.134,0.1743,0.8159
1277,1300,2018-12-07 20:00:00,24,0.1176,0.1602,0.5787,0.099,0.1439,0.3611,0.1362,0.175,0.7962
1278,1301,2018-12-07 21:00:00,24,0.1239,0.167,0.5534,0.1099,0.1571,0.312,0.1378,0.1764,0.7948
1279,1302,2018-12-07 22:00:00,24,0.1215,0.1641,0.5762,0.1129,0.1583,0.3318,0.1301,0.1696,0.8206
1280,1303,2018-12-07 23:00:00,24,0.1195,0.1626,0.602,0.1098,0.1567,0.3562,0.1291,0.1683,0.8478
1281,1304,2018-12-08 00:00:00,24,0.1111,0.1488,0.62,0.1094,0.1564,0.3388,0.1128,0.1408,0.9011
1282,1305,2018-12-08 01:00:00,24,0.1141,0.1509,0.609,0.1094,0.1564,0.3224,0.1189,0.1453,0.8957
1283,1306,2018-12-08 02:00:00,24,0.1122,0.15,0.5958,0.1087,0.1562,0.2973,0.1158,0.1435,0.8943
1284,1307,2018-12-08 03:00:00,24,0.1121,0.15,0.5814,0.1083,0.1561,0.2782,0.1159,0.1436,0.8845
1285,1308,2018-12-08 04:00:00,24,0.1151,0.1521,0.562,0.109,0.1562,0.261,0.1211,0.1478,0.8629
1286,1309,2018-12-08 05:00:00,24,0.1173,0.1529,0.5286,0.1131,0.1577,0.2238,0.1214,0.1479,0.8333
1287,1310,2018-12-08 06:00:00,24,0.118,0.1529,0.4976,0.1152,0.1584,0.1968,0.1207,0.1473,0.7983
1288,1311,2018-12-08 07:00:00,24,0.1205,0.1548,0.4326,0.1161,0.1587,0.1612,0.1249,0.1509,0.704
1289,1312,2018-12-08 08:00:00,24,0.1185,0.1557,0.3625,0.1204,0.1665,0.088,0.1167,0.1441,0.6369
1290,1313,2018-12-08 09:00:00,24,0.117,0.1507,0.3681,0.1231,0.1687,0.0132,0.1109,0.1302,0.723
1291,1314,2018-12-08 10:00:00,24,0.1201,0.156,0.2967,0.1221,0.1684,-0.1606,0.1181,0.1424,0.7541
1292,1315,2018-12-08 11:00:00,24,0.1157,0.1451,0.4611,0.111,0.1464,0.1177,0.1204,0.1438,0.8044
1293,1316,2018-12-08 12:00:00,24,0.1179,0.1466,0.4716,0.1161,0.1498,0.1175,0.1196,0.1434,0.8256
1294,1317,2018-12-08 13:00:00,24,0.1181,0.1467,0.5198,0.1164,0.1498,0.2141,0.1198,0.1435,0.8254
1295,1318,2018-12-08 14:00:00,24,0.121,0.1482,0.5248,0.1201,0.152,0.2259,0.1219,0.1442,0.8236
1296,1319,2018-12-08 15:00:00,24,0.1167,0.1455,0.5697,0.1149,0.1488,0.3053,0.1185,0.142,0.8341
1297,1320,2018-12-08 16:00:00,24,0.1186,0.1472,0.5469,0.1232,0.1556,0.2401,0.114,0.1382,0.8537
1298,1321,2018-12-08 17:00:00,24,0.1202,0.151,0.522,0.1271,0.163,0.1826,0.1133,0.1379,0.8613
1299,1322,2018-12-08 18:00:00,24,0.126,0.1545,0.4829,0.1314,0.1646,0.1033,0.1205,0.1438,0.8626
1300,1323,2018-12-08 19:00:00,24,0.1274,0.1638,0.495,0.1219,0.1571,0.1838,0.1329,0.1701,0.8063
1301,1324,2018-12-08 20:00:00,24,0.1283,0.1646,0.4959,0.1181,0.1537,0.2098,0.1384,0.1747,0.7819
1302,1325,2018-12-08 21:00:00,24,0.1217,0.1572,0.5467,0.1084,0.1407,0.3086,0.1351,0.1721,0.7849
1303,1326,2018-12-08 22:00:00,24,0.1235,0.1599,0.5388,0.1047,0.1393,0.3125,0.1424,0.1782,0.7651
1304,1327,2018-12-08 23:00:00,24,0.1193,0.1568,0.5428,0.1035,0.139,0.3012,0.1351,0.1728,0.7844
1305,1328,2018-12-09 00:00:00,24,0.1214,0.1583,0.5391,0.1064,0.1416,0.2912,0.1364,0.1734,0.787
1306,1329,2018-12-09 01:00:00,24,0.1222,0.1586,0.5393,0.1077,0.1421,0.2833,0.1366,0.1736,0.7952
1307,1330,2018-12-09 02:00:00,24,0.1218,0.1586,0.5419,0.1071,0.1419,0.2827,0.1365,0.1736,0.8011
1308,1331,2018-12-09 03:00:00,24,0.123,0.1593,0.5383,0.1073,0.142,0.2818,0.1388,0.1749,0.7949
1309,1332,2018-12-09 04:00:00,24,0.1219,0.1579,0.5377,0.1096,0.1429,0.2667,0.1343,0.1716,0.8088
1310,1333,2018-12-09 05:00:00,24,0.1202,0.1573,0.5467,0.1055,0.1413,0.2824,0.1349,0.1718,0.811
1311,1334,2018-12-09 06:00:00,24,0.1187,0.1564,0.5498,0.1048,0.141,0.2861,0.1326,0.1704,0.8136
1312,1335,2018-12-09 07:00:00,24,0.1154,0.1543,0.5543,0.1054,0.1413,0.2793,0.1254,0.1663,0.8294
1313,1336,2018-12-09 08:00:00,24,0.1122,0.1479,0.5611,0.0935,0.1227,0.2979,0.1309,0.1693,0.8243
1314,1337,2018-12-09 09:00:00,24,0.1052,0.1413,0.5556,0.0895,0.1187,0.2674,0.1208,0.1607,0.8438
1315,1338,2018-12-09 10:00:00,24,0.1045,0.138,0.5566,0.0926,0.1207,0.2523,0.1164,0.1533,0.8608
1316,1339,2018-12-09 11:00:00,24,0.1004,0.1349,0.624,0.0869,0.1153,0.3894,0.1139,0.152,0.8586
1317,1340,2018-12-09 12:00:00,24,0.0982,0.1331,0.6717,0.0821,0.111,0.4896,0.1143,0.1521,0.8538
1318,1341,2018-12-09 13:00:00,24,0.1006,0.1361,0.7195,0.0889,0.1187,0.5888,0.1124,0.1516,0.8501
1319,1342,2018-12-09 14:00:00,24,0.1011,0.1366,0.7898,0.0863,0.1165,0.7408,0.1158,0.1541,0.8388
1320,1343,2018-12-09 15:00:00,24,0.1079,0.1441,0.7995,0.0894,0.1181,0.7883,0.1264,0.1661,0.8107
1321,1344,2018-12-09 16:00:00,24,0.1045,0.141,0.8261,0.0809,0.109,0.8553,0.1282,0.167,0.7969
1322,1345,2018-12-09 17:00:00,24,0.1024,0.1355,0.851,0.0702,0.0851,0.9197,0.1346,0.1717,0.7823
1323,1346,2018-12-09 18:00:00,24,0.1005,0.1333,0.8364,0.0693,0.084,0.9278,0.1316,0.1688,0.745
1324,1347,2018-12-09 19:00:00,24,0.1012,0.1264,0.8724,0.0773,0.0936,0.9125,0.125,0.1523,0.8323
1325,1348,2018-12-09 20:00:00,24,0.1064,0.1349,0.8792,0.0829,0.103,0.8914,0.1298,0.1606,0.8669
1326,1349,2018-12-09 21:00:00,24,0.1037,0.1338,0.8914,0.0802,0.1018,0.89,0.1272,0.1595,0.8929
1327,1350,2018-12-09 22:00:00,24,0.1035,0.1334,0.8893,0.0892,0.1116,0.8621,0.1179,0.1521,0.9165
1328,1351,2018-12-09 23:00:00,24,0.1038,0.1335,0.8905,0.0893,0.1116,0.8577,0.1183,0.1523,0.9232
1329,1352,2018-12-10 00:00:00,24,0.1001,0.1311,0.8935,0.0832,0.1069,0.8596,0.117,0.1516,0.9275
1330,1353,2018-12-10 01:00:00,24,0.101,0.1322,0.8898,0.0838,0.1073,0.8524,0.1183,0.1532,0.9272
1331,1354,2018-12-10 02:00:00,24,0.0997,0.132,0.8866,0.0828,0.1072,0.8453,0.1166,0.1529,0.9279
1332,1355,2018-12-10 03:00:00,24,0.101,0.1333,0.8801,0.0835,0.1074,0.8366,0.1185,0.1549,0.9235
1333,1356,2018-12-10 04:00:00,24,0.1003,0.1329,0.8733,0.0828,0.1069,0.8255,0.1179,0.1546,0.921
1334,1357,2018-12-10 05:00:00,24,0.1011,0.1333,0.8627,0.0862,0.1084,0.8083,0.1159,0.1542,0.9172
1335,1358,2018-12-10 06:00:00,24,0.1016,0.134,0.8516,0.085,0.1079,0.7922,0.1183,0.1558,0.911
1336,1359,2018-12-10 07:00:00,24,0.103,0.1345,0.836,0.085,0.1079,0.7667,0.1211,0.1566,0.9052
1337,1360,2018-12-10 08:00:00,24,0.1077,0.1455,0.7771,0.0998,0.1372,0.6557,0.1156,0.1534,0.8985
1338,1361,2018-12-10 09:00:00,24,0.1142,0.1532,0.7718,0.0996,0.1371,0.678,0.1288,0.1677,0.8656
1339,1362,2018-12-10 10:00:00,24,0.1188,0.16,0.7873,0.1094,0.1528,0.7079,0.1281,0.1669,0.8667
1340,1363,2018-12-10 11:00:00,24,0.1289,0.1804,0.6993,0.1319,0.1933,0.5337,0.126,0.1665,0.8649
1341,1364,2018-12-10 12:00:00,24,0.1333,0.1842,0.6877,0.1411,0.2005,0.5084,0.1256,0.1664,0.867
1342,1365,2018-12-10 13:00:00,24,0.131,0.1823,0.6934,0.1329,0.1958,0.5231,0.1291,0.1677,0.8637
1343,1366,2018-12-10 14:00:00,24,0.1311,0.183,0.6624,0.1384,0.1997,0.4512,0.1238,0.1647,0.8736
1344,1367,2018-12-10 15:00:00,24,0.1322,0.1848,0.6204,0.149,0.2113,0.3403,0.1155,0.1539,0.9006
1345,1368,2018-12-10 16:00:00,24,0.1334,0.1852,0.5866,0.1507,0.2116,0.261,0.1161,0.1543,0.9121
1346,1369,2018-12-10 17:00:00,24,0.1309,0.1841,0.5594,0.1541,0.2137,0.192,0.1077,0.1487,0.9268
1347,1370,2018-12-10 18:00:00,24,0.1291,0.1835,0.5013,0.1555,0.2144,0.068,0.1028,0.1463,0.9346
1348,1371,2018-12-10 19:00:00,24,0.1232,0.1783,0.4691,0.1569,0.2159,-0.0114,0.0895,0.1305,0.9495
1349,1372,2018-12-10 20:00:00,24,0.1167,0.1715,0.4709,0.156,0.2149,-0.0186,0.0775,0.1124,0.9605
1350,1373,2018-12-10 21:00:00,24,0.1253,0.1827,0.4368,0.1563,0.2149,-0.0535,0.0942,0.1433,0.9271
1351,1374,2018-12-10 22:00:00,24,0.1346,0.1973,0.4274,0.1526,0.2118,-0.0089,0.1166,0.1817,0.8637
1352,1375,2018-12-10 23:00:00,24,0.142,0.2034,0.4238,0.1559,0.2128,0.0165,0.1281,0.1935,0.8311
1353,1376,2018-12-11 00:00:00,24,0.1461,0.2051,0.4091,0.1603,0.2141,-0.0058,0.1319,0.1957,0.824
1354,1377,2018-12-11 01:00:00,24,0.1428,0.2032,0.4115,0.162,0.2149,-0.017,0.1235,0.1908,0.84
1355,1378,2018-12-11 02:00:00,24,0.1434,0.2032,0.4074,0.1627,0.215,-0.0322,0.1241,0.1908,0.847
1356,1379,2018-12-11 03:00:00,24,0.1423,0.2024,0.4188,0.1655,0.2159,-0.0236,0.1191,0.1878,0.8613
1357,1380,2018-12-11 04:00:00,24,0.1435,0.203,0.412,0.1678,0.217,-0.0442,0.1191,0.1878,0.8682
1358,1381,2018-12-11 05:00:00,24,0.1419,0.2025,0.4233,0.1649,0.2163,-0.0288,0.1188,0.1878,0.8753
1359,1382,2018-12-11 06:00:00,24,0.1397,0.2017,0.4278,0.1649,0.2163,-0.0284,0.1145,0.1859,0.8839
1360,1383,2018-12-11 07:00:00,24,0.138,0.2012,0.4345,0.1631,0.2158,-0.0202,0.1129,0.1854,0.8893
1361,1384,2018-12-11 08:00:00,24,0.137,0.1975,0.4444,0.1589,0.2084,-0.0048,0.1151,0.186,0.8935
1362,1385,2018-12-11 09:00:00,24,0.1333,0.1931,0.4446,0.1581,0.2082,-0.0164,0.1085,0.1767,0.9057
1363,1386,2018-12-11 10:00:00,24,0.1268,0.1863,0.2791,0.1511,0.199,-0.3513,0.1025,0.1725,0.9095
1364,1387,2018-12-11 11:00:00,24,0.1193,0.1692,0.521,0.136,0.1658,0.134,0.1027,0.1725,0.9081
1365,1388,2018-12-11 12:00:00,24,0.1144,0.1649,0.5239,0.127,0.1571,0.1422,0.1018,0.1723,0.9055
1366,1389,2018-12-11 13:00:00,24,0.1148,0.1651,0.4091,0.1271,0.1571,-0.0853,0.1025,0.1728,0.9035
1367,1390,2018-12-11 14:00:00,24,0.111,0.1625,0.3882,0.1196,0.1516,-0.1238,0.1025,0.1728,0.9002
1368,1391,2018-12-11 15:00:00,24,0.1101,0.1593,0.5696,0.1134,0.1398,0.253,0.1068,0.1767,0.8863
1369,1392,2018-12-11 16:00:00,24,0.1126,0.1617,0.6428,0.1144,0.1403,0.4218,0.1108,0.1805,0.8637
1370,1393,2018-12-11 17:00:00,24,0.1144,0.162,0.7093,0.1137,0.1396,0.5818,0.115,0.1817,0.8369
1371,1394,2018-12-11 18:00:00,24,0.1156,0.163,0.7355,0.1096,0.1374,0.6725,0.1217,0.1851,0.7986
1372,1395,2018-12-11 19:00:00,24,0.1177,0.1632,0.717,0.1078,0.1345,0.6813,0.1276,0.1875,0.7527
1373,1396,2018-12-11 20:00:00,24,0.1185,0.1631,0.7139,0.1033,0.1292,0.7287,0.1337,0.1911,0.6991
1374,1397,2018-12-11 21:00:00,24,0.1117,0.151,0.7619,0.1045,0.1296,0.7347,0.1188,0.1698,0.7892
1375,1398,2018-12-11 22:00:00,24,0.1,0.1282,0.8255,0.0994,0.1267,0.7559,0.1006,0.1298,0.8951
1376,1399,2018-12-11 23:00:00,24,0.093,0.1189,0.8493,0.0952,0.1249,0.7717,0.0908,0.1126,0.9268
1377,1400,2018-12-12 00:00:00,24,0.0916,0.1185,0.8452,0.0979,0.1281,0.7558,0.0852,0.1081,0.9347
1378,1401,2018-12-12 01:00:00,24,0.0937,0.1198,0.8386,0.096,0.1265,0.7448,0.0914,0.1128,0.9323
1379,1402,2018-12-12 02:00:00,24,0.0943,0.12,0.8289,0.0958,0.1264,0.7252,0.0928,0.1132,0.9326
1380,1403,2018-12-12 03:00:00,24,0.0919,0.1188,0.8085,0.0917,0.1245,0.685,0.092,0.1129,0.932
1381,1404,2018-12-12 04:00:00,24,0.0889,0.1171,0.7965,0.0872,0.1217,0.6619,0.0906,0.1124,0.9311
1382,1405,2018-12-12 05:00:00,24,0.093,0.1213,0.7607,0.0864,0.1217,0.6015,0.0996,0.1209,0.92
1383,1406,2018-12-12 06:00:00,24,0.0928,0.1213,0.7196,0.0859,0.1216,0.5211,0.0997,0.1209,0.9181
1384,1407,2018-12-12 07:00:00,24,0.092,0.1211,0.6606,0.0845,0.1213,0.4077,0.0995,0.1209,0.9136
1385,1408,2018-12-12 08:00:00,24,0.0949,0.1243,0.694,0.0811,0.1132,0.4979,0.1087,0.1344,0.8901
1386,1409,2018-12-12 09:00:00,24,0.0952,0.125,0.6911,0.0808,0.1131,0.489,0.1097,0.1358,0.8932
1387,1410,2018-12-12 10:00:00,24,0.0969,0.1266,0.6671,0.0773,0.1088,0.4409,0.1164,0.1422,0.8934
1388,1411,2018-12-12 11:00:00,24,0.0983,0.1262,0.6743,0.075,0.1046,0.4493,0.1215,0.1447,0.8994
1389,1412,2018-12-12 12:00:00,24,0.1081,0.1471,0.5774,0.0949,0.1495,0.2525,0.1214,0.1447,0.9024
1390,1413,2018-12-12 13:00:00,24,0.11,0.1479,0.6868,0.099,0.1513,0.4808,0.121,0.1444,0.8929
1391,1414,2018-12-12 14:00:00,24,0.1137,0.1507,0.7325,0.0991,0.1513,0.6074,0.1283,0.1501,0.8575
1392,1415,2018-12-12 15:00:00,24,0.1122,0.1525,0.7073,0.1045,0.1606,0.5712,0.1199,0.1438,0.8433
1393,1416,2018-12-12 16:00:00,24,0.1133,0.1531,0.6872,0.1083,0.1637,0.5416,0.1184,0.1417,0.8327
1394,1417,2018-12-12 17:00:00,24,0.1122,0.1523,0.6654,0.1046,0.1612,0.51,0.1198,0.1428,0.8208
1395,1418,2018-12-12 18:00:00,24,0.1129,0.1535,0.6411,0.104,0.1611,0.4569,0.1218,0.1456,0.8252
1396,1419,2018-12-12 19:00:00,24,0.1118,0.1541,0.6601,0.097,0.1562,0.4784,0.1265,0.152,0.8419
1397,1420,2018-12-12 20:00:00,24,0.1119,0.1549,0.6617,0.0956,0.1554,0.4507,0.1282,0.1543,0.8727
1398,1421,2018-12-12 21:00:00,24,0.1136,0.1564,0.6583,0.0951,0.1553,0.4339,0.1322,0.1575,0.8827
1399,1422,2018-12-12 22:00:00,24,0.1178,0.1607,0.6396,0.0966,0.1556,0.4081,0.139,0.1656,0.871
1400,1423,2018-12-12 23:00:00,24,0.1201,0.1615,0.623,0.1006,0.1569,0.3829,0.1397,0.166,0.8631
1401,1424,2018-12-13 00:00:00,24,0.1218,0.1635,0.63,0.0944,0.1527,0.4232,0.1492,0.1737,0.8368
1402,1425,2018-12-13 01:00:00,24,0.121,0.1636,0.6313,0.0918,0.1518,0.4374,0.1501,0.1746,0.8253
1403,1426,2018-12-13 02:00:00,24,0.1228,0.1642,0.632,0.0943,0.1526,0.4517,0.1512,0.175,0.8122
1404,1427,2018-12-13 03:00:00,24,0.1258,0.1659,0.6283,0.0948,0.1527,0.4628,0.1568,0.1782,0.7938
1405,1428,2018-12-13 04:00:00,24,0.127,0.1663,0.6174,0.0969,0.1533,0.4589,0.1572,0.1783,0.7759
1406,1429,2018-12-13 05:00:00,24,0.1281,0.1656,0.6164,0.103,0.1563,0.4562,0.1532,0.1744,0.7766
1407,1430,2018-12-13 06:00:00,24,0.131,0.1673,0.6147,0.1032,0.1563,0.4655,0.1588,0.1775,0.7639
1408,1431,2018-12-13 07:00:00,24,0.1312,0.1673,0.6155,0.1037,0.1563,0.477,0.1587,0.1775,0.754
1409,1432,2018-12-13 08:00:00,24,0.131,0.1669,0.6381,0.1038,0.1565,0.5239,0.1582,0.1767,0.7523
1410,1433,2018-12-13 09:00:00,24,0.1378,0.1749,0.6065,0.1108,0.1621,0.4919,0.1647,0.1867,0.7211
1411,1434,2018-12-13 10:00:00,24,0.1393,0.1781,0.6052,0.1092,0.1613,0.4902,0.1694,0.1934,0.7202
1412,1435,2018-12-13 11:00:00,24,0.1371,0.177,0.6318,0.1037,0.158,0.5204,0.1704,0.1941,0.7432
1413,1436,2018-12-13 12:00:00,24,0.1334,0.1649,0.6913,0.0923,0.1268,0.6334,0.1746,0.1958,0.7493
1414,1437,2018-12-13 13:00:00,24,0.1355,0.1678,0.58,0.0982,0.1353,0.3932,0.1727,0.1949,0.7667
1415,1438,2018-12-13 14:00:00,24,0.1318,0.1652,0.2261,0.0983,0.1353,-0.3322,0.1653,0.1905,0.7843
1416,1439,2018-12-13 15:00:00,24,0.1249,0.158,0.1948,0.0845,0.1168,-0.3994,0.1654,0.1905,0.7889
1417,1440,2018-12-13 16:00:00,24,0.1223,0.1562,0.2817,0.0848,0.1173,-0.2404,0.1599,0.1872,0.8038
1418,1441,2018-12-13 17:00:00,24,0.1201,0.155,0.3213,0.0848,0.1173,-0.1743,0.1553,0.1852,0.8169
1419,1442,2018-12-13 18:00:00,24,0.1219,0.1562,0.2002,0.0948,0.1278,-0.4291,0.149,0.1802,0.8295
1420,1443,2018-12-13 19:00:00,24,0.1196,0.1529,0.1232,0.0991,0.1304,-0.5973,0.14,0.1724,0.8437
1421,1444,2018-12-13 20:00:00,24,0.1201,0.1525,0.1442,0.1028,0.1336,-0.5566,0.1373,0.1694,0.845
1422,1445,2018-12-13 21:00:00,24,0.1184,0.1515,0.1065,0.1067,0.1361,-0.6407,0.1302,0.1655,0.8537
1423,1446,2018-12-13 22:00:00,24,0.113,0.1463,0.0454,0.106,0.1359,-0.7842,0.1199,0.156,0.875
1424,1447,2018-12-13 23:00:00,24,0.1121,0.1457,0.074,0.1059,0.1358,-0.7344,0.1182,0.1549,0.8824
1425,1448,2018-12-14 00:00:00,24,0.1125,0.1467,0.0485,0.1056,0.1358,-0.7813,0.1193,0.1569,0.8783
1426,1449,2018-12-14 01:00:00,24,0.1113,0.1453,0.0083,0.1065,0.136,-0.8607,0.1162,0.154,0.8772
1427,1450,2018-12-14 02:00:00,24,0.1093,0.1446,0.0334,0.1052,0.1354,-0.8016,0.1134,0.1533,0.8685
1428,1451,2018-12-14 03:00:00,24,0.1091,0.1441,0.0238,0.1059,0.1355,-0.8041,0.1123,0.1521,0.8517
1429,1452,2018-12-14 04:00:00,24,0.108,0.1438,-0.051,0.1034,0.1348,-0.9309,0.1126,0.1522,0.8289
1430,1453,2018-12-14 05:00:00,24,0.1028,0.141,0.016,0.0976,0.1313,-0.7826,0.1081,0.1501,0.8145
1431,1454,2018-12-14 06:00:00,24,0.1007,0.1392,0.0428,0.0983,0.1315,-0.6944,0.1031,0.1466,0.7799
1432,1455,2018-12-14 07:00:00,24,0.1028,0.1403,0.0435,0.0987,0.1315,-0.6085,0.1068,0.1486,0.6954
1433,1456,2018-12-14 08:00:00,24,0.0976,0.1327,0.2283,0.0945,0.1255,-0.218,0.1007,0.1395,0.6746
1434,1457,2018-12-14 09:00:00,24,0.097,0.1308,0.2118,0.0953,0.1269,-0.2628,0.0986,0.1346,0.6864
1435,1458,2018-12-14 10:00:00,24,0.0969,0.129,0.2336,0.0974,0.1282,-0.2574,0.0965,0.1297,0.7246
1436,1459,2018-12-14 11:00:00,24,0.0981,0.1295,0.2216,0.0999,0.1294,-0.305,0.0964,0.1296,0.7482
1437,1460,2018-12-14 12:00:00,24,0.1017,0.1415,0.214,0.1095,0.1542,-0.3587,0.0939,0.1277,0.7867
1438,1461,2018-12-14 13:00:00,24,0.1036,0.1451,0.1742,0.1128,0.1605,-0.4514,0.0943,0.1279,0.7998
1439,1462,2018-12-14 14:00:00,24,0.1085,0.1481,0.2525,0.1184,0.1637,-0.291,0.0987,0.1305,0.7961
1440,1463,2018-12-14 15:00:00,24,0.1164,0.1538,0.2326,0.1241,0.1662,-0.2978,0.1087,0.1403,0.7629
1441,1464,2018-12-14 16:00:00,24,0.1144,0.1526,0.2569,0.1165,0.1619,-0.2427,0.1122,0.1426,0.7566
1442,1465,2018-12-14 17:00:00,24,0.1212,0.1627,0.3552,0.1302,0.1805,-0.0486,0.1122,0.1426,0.7589
1443,1466,2018-12-14 18:00:00,24,0.1172,0.1594,0.453,0.1251,0.1751,0.1385,0.1094,0.1419,0.7675
1444,1467,2018-12-14 19:00:00,24,0.1162,0.1588,0.5053,0.1211,0.1732,0.2477,0.1114,0.1428,0.7628
1445,1468,2018-12-14 20:00:00,24,0.1174,0.1603,0.477,0.1243,0.1768,0.2002,0.1106,0.1419,0.7538
1446,1469,2018-12-14 21:00:00,24,0.1194,0.161,0.4811,0.1223,0.1756,0.2287,0.1164,0.145,0.7336
1447,1470,2018-12-14 22:00:00,24,0.1357,0.1887,0.4034,0.1286,0.1795,0.1938,0.1427,0.1975,0.613
1448,1471,2018-12-14 23:00:00,24,0.1496,0.2146,0.4294,0.1298,0.1803,0.19,0.1693,0.2442,0.6687
1449,1472,2018-12-15 00:00:00,24,0.1521,0.217,0.4884,0.1319,0.1808,0.1806,0.1723,0.248,0.7961
1450,1473,2018-12-15 01:00:00,24,0.1507,0.2167,0.5174,0.1308,0.1806,0.179,0.1707,0.2475,0.8557
1451,1474,2018-12-15 02:00:00,24,0.1537,0.2175,0.525,0.1335,0.1819,0.162,0.1739,0.2481,0.888
1452,1475,2018-12-15 03:00:00,24,0.1517,0.2167,0.5199,0.135,0.1823,0.1309,0.1684,0.2464,0.9089
1453,1476,2018-12-15 04:00:00,24,0.1516,0.2167,0.5116,0.1365,0.1826,0.1015,0.1668,0.2462,0.9218
1454,1477,2018-12-15 05:00:00,24,0.1547,0.2175,0.4987,0.1383,0.1829,0.066,0.171,0.2473,0.9314
1455,1478,2018-12-15 06:00:00,24,0.1568,0.2185,0.472,0.1381,0.1828,0.0074,0.1755,0.2492,0.9366
1456,1479,2018-12-15 07:00:00,24,0.155,0.2179,0.4241,0.1393,0.1831,-0.0939,0.1707,0.2479,0.942
1457,1480,2018-12-15 08:00:00,24,0.1572,0.2197,0.2854,0.1403,0.184,-0.3724,0.1741,0.2503,0.9431
1458,1481,2018-12-15 09:00:00,24,0.1542,0.2182,0.3471,0.133,0.1782,-0.2476,0.1753,0.2519,0.9418
1459,1482,2018-12-15 10:00:00,24,0.1532,0.217,0.3494,0.1332,0.1783,-0.2408,0.1732,0.2498,0.9397
1460,1483,2018-12-15 11:00:00,24,0.1545,0.2181,0.3515,0.1331,0.1783,-0.2302,0.1759,0.2518,0.9332
1461,1484,2018-12-15 12:00:00,24,0.148,0.208,0.4463,0.1174,0.1503,-0.0317,0.1786,0.2529,0.9243
1462,1485,2018-12-15 13:00:00,24,0.142,0.2023,0.5479,0.1051,0.1338,0.1816,0.1788,0.2529,0.9141
1463,1486,2018-12-15 14:00:00,24,0.1402,0.2014,0.5502,0.1012,0.1304,0.1975,0.1792,0.2532,0.9029
1464,1487,2018-12-15 15:00:00,24,0.136,0.1988,0.5697,0.0955,0.1272,0.2429,0.1765,0.2508,0.8965
1465,1488,2018-12-15 16:00:00,24,0.1385,0.1997,0.5761,0.0991,0.1284,0.2621,0.1779,0.2516,0.89
1466,1489,2018-12-15 17:00:00,24,0.1339,0.1932,0.6663,0.0903,0.1066,0.4485,0.1775,0.2516,0.8841
1467,1490,2018-12-15 18:00:00,24,0.1373,0.1947,0.613,0.0923,0.1094,0.3511,0.1824,0.2527,0.8748
1468,1491,2018-12-15 19:00:00,24,0.1405,0.1965,0.5464,0.0948,0.1108,0.2298,0.1863,0.2549,0.8631
1469,1492,2018-12-15 20:00:00,24,0.1367,0.1938,0.6215,0.0869,0.1004,0.3923,0.1865,0.255,0.8506
1470,1493,2018-12-15 21:00:00,24,0.1346,0.1928,0.6257,0.0848,0.0991,0.4061,0.1843,0.254,0.8453
1471,1494,2018-12-15 22:00:00,24,0.1253,0.1732,0.5887,0.0914,0.1155,0.2831,0.1591,0.2159,0.8942
1472,1495,2018-12-15 23:00:00,24,0.1158,0.1465,0.6532,0.0884,0.1131,0.3732,0.1431,0.1735,0.9331
1473,1496,2018-12-16 00:00:00,24,0.1115,0.1404,0.693,0.0857,0.1122,0.4474,0.1373,0.1639,0.9386
1474,1497,2018-12-16 01:00:00,24,0.1122,0.1407,0.7107,0.0863,0.1123,0.4864,0.1381,0.1642,0.9349
1475,1498,2018-12-16 02:00:00,24,0.1094,0.1394,0.7311,0.0822,0.1099,0.5324,0.1366,0.1636,0.9298
1476,1499,2018-12-16 03:00:00,24,0.1138,0.1432,0.746,0.0817,0.1096,0.576,0.1459,0.1704,0.916
1477,1500,2018-12-16 04:00:00,24,0.1146,0.1434,0.7592,0.082,0.1097,0.6142,0.1471,0.1705,0.9043
1478,1501,2018-12-16 05:00:00,24,0.1129,0.1426,0.7636,0.0805,0.1092,0.6445,0.1454,0.1695,0.8826
1479,1502,2018-12-16 06:00:00,24,0.114,0.1443,0.7595,0.08,0.1091,0.671,0.1481,0.1725,0.848
1480,1503,2018-12-16 07:00:00,24,0.1141,0.1443,0.7333,0.0798,0.109,0.6827,0.1484,0.1725,0.7839
1481,1504,2018-12-16 08:00:00,24,0.1079,0.139,0.7139,0.0742,0.1039,0.7245,0.1417,0.167,0.7033
1482,1505,2018-12-16 09:00:00,24,0.1021,0.1307,0.6976,0.0728,0.1034,0.7328,0.1314,0.1533,0.6624
1483,1506,2018-12-16 10:00:00,24,0.1018,0.1303,0.6664,0.0726,0.1032,0.7357,0.1311,0.1528,0.5971
1484,1507,2018-12-16 11:00:00,24,0.0983,0.1268,0.6701,0.0732,0.1037,0.7315,0.1234,0.1463,0.6086
1485,1508,2018-12-16 12:00:00,24,0.1029,0.1339,0.6588,0.0814,0.1187,0.6825,0.1245,0.1475,0.6352
1486,1509,2018-12-16 13:00:00,24,0.108,0.1395,0.6961,0.0908,0.1306,0.7052,0.1252,0.1479,0.687
1487,1510,2018-12-16 14:00:00,24,0.1066,0.1384,0.7583,0.0909,0.1307,0.7672,0.1222,0.1458,0.7493
1488,1511,2018-12-16 15:00:00,24,0.1093,0.1398,0.8094,0.0964,0.1337,0.8132,0.1222,0.1457,0.8056
1489,1512,2018-12-16 16:00:00,24,0.1075,0.1385,0.8496,0.0981,0.135,0.8532,0.117,0.142,0.846
1490,1513,2018-12-16 17:00:00,24,0.114,0.1468,0.8627,0.0973,0.1339,0.8695,0.1307,0.1587,0.856
1491,1514,2018-12-16 18:00:00,24,0.1191,0.154,0.8712,0.1029,0.1436,0.8541,0.1353,0.1637,0.8883
1492,1515,2018-12-16 19:00:00,24,0.1189,0.1556,0.8748,0.1098,0.1519,0.837,0.1279,0.1593,0.9126
1493,1516,2018-12-16 20:00:00,24,0.1161,0.1543,0.8801,0.108,0.1516,0.8376,0.1243,0.157,0.9226
1494,1517,2018-12-16 21:00:00,24,0.1181,0.1553,0.8784,0.1105,0.1527,0.8349,0.1257,0.158,0.9219
1495,1518,2018-12-16 22:00:00,24,0.1178,0.1546,0.8839,0.0984,0.1359,0.8666,0.1372,0.1713,0.9013
1496,1519,2018-12-16 23:00:00,24,0.1127,0.148,0.8873,0.0996,0.1366,0.8612,0.1258,0.1585,0.9133
1497,1520,2018-12-17 00:00:00,24,0.1128,0.148,0.8815,0.1083,0.1435,0.8434,0.1173,0.1525,0.9195
1498,1521,2018-12-17 01:00:00,24,0.1138,0.1486,0.8802,0.1086,0.1435,0.8401,0.1189,0.1536,0.9203
1499,1522,2018-12-17 02:00:00,24,0.1143,0.1489,0.879,0.1085,0.1435,0.8373,0.1201,0.1541,0.9207
1500,1523,2018-12-17 03:00:00,24,0.1097,0.145,0.879,0.1078,0.1432,0.8319,0.1116,0.1466,0.9262
1501,1524,2018-12-17 04:00:00,24,0.1113,0.146,0.8721,0.1068,0.143,0.8233,0.1158,0.149,0.9209
1502,1525,2018-12-17 05:00:00,24,0.113,0.1468,0.8639,0.1082,0.1433,0.8135,0.1178,0.1503,0.9144
1503,1526,2018-12-17 06:00:00,24,0.1113,0.1446,0.8544,0.1086,0.1434,0.8007,0.114,0.1458,0.9081
1504,1527,2018-12-17 07:00:00,24,0.1136,0.1461,0.8391,0.1077,0.1431,0.7895,0.1196,0.149,0.8886
1505,1528,2018-12-17 08:00:00,24,0.1201,0.154,0.8041,0.1206,0.1589,0.7445,0.1196,0.149,0.8637
1506,1529,2018-12-17 09:00:00,24,0.1262,0.159,0.7757,0.1277,0.1636,0.7186,0.1248,0.1542,0.8327
1507,1530,2018-12-17 10:00:00,24,0.1294,0.1628,0.7774,0.1347,0.1717,0.7176,0.1241,0.1533,0.8371
1508,1531,2018-12-17 11:00:00,24,0.1365,0.1725,0.7477,0.1473,0.1892,0.6547,0.1258,0.1539,0.8406
1509,1532,2018-12-17 12:00:00,24,0.1336,0.1686,0.7689,0.1423,0.1828,0.6764,0.1249,0.1531,0.8615
1510,1533,2018-12-17 13:00:00,24,0.1472,0.2131,0.6894,0.1704,0.26,0.5025,0.124,0.1525,0.8763
1511,1534,2018-12-17 14:00:00,24,0.1596,0.2342,0.7604,0.1957,0.2941,0.6317,0.1235,0.1523,0.8891
1512,1535,2018-12-17 15:00:00,24,0.1573,0.2328,0.815,0.1938,0.2933,0.7239,0.1208,0.1495,0.9061
1513,1536,2018-12-17 16:00:00,24,0.163,0.2383,0.8233,0.204,0.3018,0.7335,0.122,0.15,0.9132
1514,1537,2018-12-17 17:00:00,24,0.1553,0.2322,0.8452,0.2008,0.3004,0.7559,0.1099,0.1327,0.9345
1515,1538,2018-12-17 18:00:00,24,0.1454,0.2256,0.8637,0.1904,0.294,0.7872,0.1005,0.1241,0.9402
1516,1539,2018-12-17 19:00:00,24,0.144,0.2236,0.869,0.1855,0.2906,0.8026,0.1025,0.1246,0.9353
1517,1540,2018-12-17 20:00:00,24,0.1477,0.2257,0.8676,0.1861,0.2906,0.8113,0.1093,0.1319,0.9239
1518,1541,2018-12-17 21:00:00,24,0.1528,0.2296,0.8629,0.1919,0.2939,0.8187,0.1138,0.138,0.9071
1519,1542,2018-12-17 22:00:00,24,0.1511,0.2285,0.8656,0.1899,0.2937,0.8265,0.1123,0.1347,0.9047
1520,1543,2018-12-17 23:00:00,24,0.1593,0.2352,0.8487,0.1929,0.2949,0.8281,0.1256,0.1539,0.8693
1521,1544,2018-12-18 00:00:00,24,0.1558,0.2333,0.8457,0.1848,0.2917,0.8298,0.1269,0.1541,0.8616
1522,1545,2018-12-18 01:00:00,24,0.1552,0.2329,0.8382,0.1862,0.2919,0.8274,0.1242,0.1525,0.8489
1523,1546,2018-12-18 02:00:00,24,0.1552,0.2328,0.8278,0.187,0.292,0.8235,0.1234,0.1522,0.832
1524,1547,2018-12-18 03:00:00,24,0.1553,0.2329,0.812,0.1855,0.2918,0.8187,0.1251,0.1527,0.8054
1525,1548,2018-12-18 04:00:00,24,0.1541,0.2324,0.7977,0.1849,0.2918,0.8119,0.1232,0.1513,0.7835
1526,1549,2018-12-18 05:00:00,24,0.1523,0.2319,0.7832,0.1835,0.2916,0.8006,0.1212,0.15,0.7658
1527,1550,2018-12-18 06:00:00,24,0.1518,0.2316,0.7664,0.1836,0.2916,0.7855,0.12,0.1491,0.7473
1528,1551,2018-12-18 07:00:00,24,0.1494,0.2307,0.7571,0.1838,0.2917,0.7658,0.115,0.1461,0.7483
1529,1552,2018-12-18 08:00:00,24,0.1512,0.2308,0.717,0.1816,0.2893,0.711,0.1207,0.1511,0.7231
1530,1553,2018-12-18 09:00:00,24,0.1874,0.3227,0.5351,0.2323,0.406,0.4536,0.1424,0.2085,0.6166
1531,1554,2018-12-18 10:00:00,24,0.1925,0.3337,0.5476,0.2226,0.4021,0.3857,0.1625,0.247,0.7094
1532,1555,2018-12-18 11:00:00,24,0.1906,0.3313,0.5871,0.2095,0.394,0.3634,0.1716,0.2536,0.8107
1533,1556,2018-12-18 12:00:00,24,0.1936,0.3339,0.6108,0.2071,0.3931,0.3542,0.1801,0.2616,0.8674
1534,1557,2018-12-18 13:00:00,24,0.1815,0.3085,0.7555,0.1727,0.3433,0.6093,0.1903,0.2692,0.9017
1535,1558,2018-12-18 14:00:00,24,0.1693,0.293,0.8317,0.1492,0.3151,0.7394,0.1894,0.2691,0.9239
1536,1559,2018-12-18 15:00:00,24,0.1657,0.2922,0.8611,0.1468,0.3147,0.7846,0.1846,0.2679,0.9376
1537,1560,2018-12-18 16:00:00,24,0.1596,0.2875,0.8842,0.1346,0.3059,0.8216,0.1846,0.2679,0.9467
1538,1561,2018-12-18 17:00:00,24,0.1612,0.288,0.8946,0.1356,0.3062,0.8358,0.1869,0.2686,0.9534
1539,1562,2018-12-18 18:00:00,24,0.165,0.2891,0.9021,0.1366,0.3065,0.8458,0.1934,0.2706,0.9584
1540,1563,2018-12-18 19:00:00,24,0.1792,0.3038,0.8978,0.142,0.3101,0.8432,0.2164,0.2973,0.9524
1541,1564,2018-12-18 20:00:00,24,0.1974,0.326,0.8858,0.1549,0.3171,0.8314,0.2399,0.3347,0.9402
1542,1565,2018-12-18 21:00:00,24,0.2108,0.346,0.8751,0.1576,0.3193,0.8247,0.264,0.3707,0.9254
1543,1566,2018-12-18 22:00:00,24,0.2304,0.372,0.8587,0.1695,0.3249,0.8119,0.2912,0.4138,0.9056
1544,1567,2018-12-18 23:00:00,24,0.2546,0.4061,0.8263,0.1957,0.3608,0.7616,0.3136,0.4468,0.8909
1545,1568,2018-12-19 00:00:00,24,0.2662,0.412,0.8222,0.2014,0.3622,0.7539,0.331,0.4564,0.8905
1546,1569,2018-12-19 01:00:00,24,0.2681,0.4124,0.8191,0.2041,0.3629,0.7434,0.3321,0.4566,0.8949
1547,1570,2018-12-19 02:00:00,24,0.2716,0.4132,0.8127,0.2089,0.3642,0.7279,0.3343,0.457,0.8976
1548,1571,2018-12-19 03:00:00,24,0.2751,0.4145,0.804,0.209,0.3642,0.7105,0.3412,0.4593,0.8976
1549,1572,2018-12-19 04:00:00,24,0.2806,0.4169,0.7918,0.2105,0.3643,0.6886,0.3508,0.4635,0.895
1550,1573,2018-12-19 05:00:00,24,0.2877,0.4204,0.7754,0.2118,0.3644,0.6609,0.3635,0.4697,0.8899
1551,1574,2018-12-19 06:00:00,24,0.2943,0.4237,0.7542,0.2135,0.3647,0.6243,0.375,0.4754,0.8841
1552,1575,2018-12-19 07:00:00,24,0.3016,0.4269,0.7258,0.2143,0.3648,0.574,0.3888,0.481,0.8776
1553,1576,2018-12-19 08:00:00,24,0.3011,0.428,0.6675,0.2047,0.3602,0.4626,0.3974,0.4865,0.8724
1554,1577,2018-12-19 09:00:00,24,0.2652,0.3653,0.8436,0.1484,0.2174,0.8041,0.382,0.4687,0.8831
1555,1578,2018-12-19 10:00:00,24,0.2597,0.3573,0.8481,0.1478,0.2173,0.8031,0.3715,0.4561,0.8931
1556,1579,2018-12-19 11:00:00,24,0.2586,0.3565,0.8514,0.1478,0.2173,0.8044,0.3695,0.4549,0.8984
1557,1580,2018-12-19 12:00:00,24,0.2544,0.3536,0.8543,0.1472,0.217,0.8037,0.3617,0.4506,0.9049
1558,1581,2018-12-19 13:00:00,24,0.2504,0.3513,0.857,0.1446,0.2159,0.8034,0.3562,0.4475,0.9106
1559,1582,2018-12-19 14:00:00,24,0.2555,0.3532,0.8495,0.1484,0.2187,0.7859,0.3626,0.4491,0.9131
1560,1583,2018-12-19 15:00:00,24,0.2563,0.3533,0.8434,0.1498,0.219,0.7704,0.3627,0.4491,0.9164
1561,1584,2018-12-19 16:00:00,24,0.2613,0.3552,0.8318,0.154,0.2214,0.7459,0.3687,0.4509,0.9176
1562,1585,2018-12-19 17:00:00,24,0.2735,0.3657,0.7781,0.1734,0.2499,0.6387,0.3736,0.4528,0.9175
1563,1586,2018-12-19 18:00:00,24,0.2756,0.3665,0.7486,0.178,0.2525,0.5804,0.3733,0.4527,0.9169
1564,1587,2018-12-19 19:00:00,24,0.263,0.3549,0.7418,0.1712,0.2473,0.5599,0.3548,0.4367,0.9237
1565,1588,2018-12-19 20:00:00,24,0.2449,0.334,0.7544,0.1621,0.2393,0.5733,0.3278,0.4073,0.9355
1566,1589,2018-12-19 21:00:00,24,0.2337,0.3183,0.772,0.1524,0.2318,0.5991,0.3149,0.3858,0.945
1567,1590,2018-12-19 22:00:00,24,0.2196,0.2939,0.7955,0.1423,0.2242,0.6342,0.297,0.3501,0.9568
1568,1591,2018-12-19 23:00:00,24,0.1937,0.2441,0.8762,0.1125,0.1574,0.7855,0.275,0.3073,0.967
1569,1592,2018-12-20 00:00:00,24,0.1884,0.2374,0.8429,0.1096,0.1552,0.7181,0.2671,0.2978,0.9678
1570,1593,2018-12-20 01:00:00,24,0.1894,0.2381,0.8066,0.1079,0.1539,0.648,0.271,0.2995,0.9652
1571,1594,2018-12-20 02:00:00,24,0.1903,0.2386,0.7814,0.1072,0.1533,0.6008,0.2733,0.3006,0.962
1572,1595,2018-12-20 03:00:00,24,0.192,0.2386,0.744,0.1141,0.1575,0.5289,0.2699,0.2983,0.9592
1573,1596,2018-12-20 04:00:00,24,0.1887,0.235,0.7139,0.1159,0.1583,0.4703,0.2615,0.2922,0.9576
1574,1597,2018-12-20 05:00:00,24,0.1844,0.2296,0.6774,0.1198,0.1607,0.397,0.2489,0.2821,0.9577
1575,1598,2018-12-20 06:00:00,24,0.1791,0.2241,0.6319,0.1233,0.1631,0.3052,0.2349,0.2717,0.9586
1576,1599,2018-12-20 07:00:00,24,0.1753,0.2199,0.5742,0.1296,0.1681,0.1886,0.221,0.2617,0.9598
1577,1600,2018-12-20 08:00:00,24,0.1699,0.2132,0.5359,0.1343,0.1712,0.1086,0.2055,0.2482,0.9631
1578,1601,2018-12-20 09:00:00,24,0.1643,0.2074,0.5119,0.1327,0.1708,0.0573,0.1959,0.2383,0.9665
1579,1602,2018-12-20 10:00:00,24,0.158,0.199,0.5205,0.132,0.1708,0.0692,0.184,0.2237,0.9718
1580,1603,2018-12-20 11:00:00,24,0.1599,0.2001,0.4894,0.1367,0.1747,0.0058,0.183,0.2227,0.973
1581,1604,2018-12-20 12:00:00,24,0.1583,0.1997,0.5001,0.133,0.1733,0.0269,0.1835,0.2231,0.9733
1582,1605,2018-12-20 13:00:00,24,0.1615,0.2045,0.4821,0.1323,0.1731,-0.0069,0.1907,0.2317,0.9712
1583,1606,2018-12-20 14:00:00,24,0.1626,0.2057,0.6324,0.1345,0.176,0.2944,0.1906,0.2317,0.9703
1584,1607,2018-12-20 15:00:00,24,0.1717,0.213,0.695,0.1386,0.1787,0.4241,0.2047,0.2425,0.9658
1585,1608,2018-12-20 16:00:00,24,0.1699,0.2125,0.7653,0.1335,0.1753,0.5682,0.2063,0.2441,0.9623
1586,1609,2018-12-20 17:00:00,24,0.1644,0.2004,0.8491,0.1206,0.1406,0.741,0.2082,0.246,0.9572
1587,1610,2018-12-20 18:00:00,24,0.1713,0.2129,0.7535,0.1349,0.174,0.5575,0.2076,0.2457,0.9496
1588,1611,2018-12-20 19:00:00,24,0.1792,0.2256,0.6485,0.153,0.205,0.3612,0.2054,0.2444,0.9359
1589,1612,2018-12-20 20:00:00,24,0.179,0.2262,0.6064,0.1497,0.2039,0.3092,0.2083,0.2464,0.9036
1590,1613,2018-12-20 21:00:00,24,0.1722,0.2157,0.5787,0.1494,0.2038,0.2766,0.1949,0.2268,0.8809
1591,1614,2018-12-20 22:00:00,24,0.1795,0.223,0.5113,0.1682,0.2279,0.1832,0.1907,0.218,0.8393
1592,1615,2018-12-20 23:00:00,24,0.1883,0.2353,0.4959,0.1778,0.2356,0.2597,0.1988,0.235,0.7321
1593,1616,2018-12-21 00:00:00,24,0.1963,0.2445,0.4893,0.1858,0.2418,0.3622,0.2068,0.2471,0.6164
1594,1617,2018-12-21 01:00:00,24,0.2012,0.2491,0.5057,0.188,0.2428,0.4462,0.2144,0.2553,0.5653
1595,1618,2018-12-21 02:00:00,24,0.2018,0.2497,0.5342,0.187,0.2423,0.4686,0.2166,0.2569,0.5997
1596,1619,2018-12-21 03:00:00,24,0.1994,0.2485,0.5714,0.1858,0.2415,0.489,0.2131,0.2554,0.6538
1597,1620,2018-12-21 04:00:00,24,0.1961,0.2477,0.5946,0.184,0.2409,0.4982,0.2082,0.2542,0.6909
1598,1621,2018-12-21 05:00:00,24,0.1947,0.2473,0.6079,0.1834,0.2406,0.5041,0.206,0.2538,0.7117
1599,1622,2018-12-21 06:00:00,24,0.1939,0.2471,0.6166,0.1828,0.2402,0.5097,0.2051,0.2537,0.7235
1600,1623,2018-12-21 07:00:00,24,0.1933,0.2465,0.6219,0.1812,0.239,0.5181,0.2053,0.2537,0.7257
1601,1624,2018-12-21 08:00:00,24,0.193,0.2461,0.6219,0.1796,0.238,0.5237,0.2065,0.254,0.72
1602,1625,2018-12-21 09:00:00,24,0.2019,0.2524,0.6007,0.1905,0.2448,0.5073,0.2133,0.2597,0.694
1603,1626,2018-12-21 10:00:00,24,0.2031,0.2526,0.575,0.1924,0.245,0.5034,0.2138,0.26,0.6465
1604,1627,2018-12-21 11:00:00,24,0.1954,0.249,0.566,0.185,0.2416,0.518,0.2058,0.2562,0.6139
1605,1628,2018-12-21 12:00:00,24,0.1981,0.25,0.559,0.1923,0.2449,0.5302,0.2039,0.2551,0.5878
1606,1629,2018-12-21 13:00:00,24,0.1934,0.2457,0.6071,0.1975,0.2471,0.5873,0.1893,0.2443,0.6269
1607,1630,2018-12-21 14:00:00,24,0.1864,0.2417,0.6496,0.1883,0.2416,0.6495,0.1845,0.2418,0.6497
1608,1631,2018-12-21 15:00:00,24,0.1805,0.2365,0.6961,0.1842,0.2396,0.7029,0.1767,0.2333,0.6894
1609,1632,2018-12-21 16:00:00,24,0.1864,0.245,0.6807,0.203,0.2607,0.6464,0.1699,0.2283,0.7149
1610,1633,2018-12-21 17:00:00,24,0.2015,0.275,0.582,0.2271,0.3079,0.4749,0.176,0.2374,0.6891
1611,1634,2018-12-21 18:00:00,24,0.19,0.2634,0.618,0.209,0.2884,0.5422,0.171,0.2358,0.6938
1612,1635,2018-12-21 19:00:00,24,0.1798,0.2519,0.6525,0.1925,0.268,0.6027,0.1671,0.2348,0.7022
1613,1636,2018-12-21 20:00:00,24,0.1778,0.2506,0.6559,0.1936,0.2682,0.6077,0.1619,0.2316,0.7042
1614,1637,2018-12-21 21:00:00,24,0.2079,0.3042,0.4727,0.2212,0.3058,0.4981,0.1946,0.3026,0.4473
1615,1638,2018-12-21 22:00:00,24,0.2136,0.323,0.494,0.2092,0.2915,0.5455,0.2179,0.3517,0.4426
1616,1639,2018-12-21 23:00:00,24,0.2051,0.3129,0.5766,0.2062,0.2887,0.5316,0.204,0.3354,0.6216
1617,1640,2018-12-22 00:00:00,24,0.191,0.3032,0.6087,0.1967,0.2832,0.5105,0.1853,0.3219,0.7069
1618,1641,2018-12-22 01:00:00,24,0.1828,0.2982,0.6073,0.194,0.2821,0.4671,0.1717,0.3135,0.7475
1619,1642,2018-12-22 02:00:00,24,0.1797,0.2972,0.6038,0.1966,0.2834,0.4419,0.1627,0.3103,0.7656
1620,1643,2018-12-22 03:00:00,24,0.1794,0.2972,0.5923,0.1973,0.2838,0.4111,0.1616,0.3101,0.7735
1621,1644,2018-12-22 04:00:00,24,0.1828,0.2982,0.5794,0.2021,0.2856,0.3815,0.1634,0.3102,0.7773
1622,1645,2018-12-22 05:00:00,24,0.1842,0.2989,0.5643,0.2046,0.287,0.3488,0.1638,0.3102,0.7797
1623,1646,2018-12-22 06:00:00,24,0.185,0.2992,0.5474,0.2059,0.2877,0.3141,0.1641,0.3103,0.7807
1624,1647,2018-12-22 07:00:00,24,0.1846,0.2993,0.5245,0.2064,0.288,0.2679,0.1628,0.3102,0.7811
1625,1648,2018-12-22 08:00:00,24,0.1849,0.3,0.4943,0.2094,0.2897,0.2092,0.1604,0.3099,0.7794
1626,1649,2018-12-22 09:00:00,24,0.1753,0.2944,0.4574,0.2007,0.2844,0.1261,0.15,0.304,0.7886
1627,1650,2018-12-22 10:00:00,24,0.1755,0.2945,0.4306,0.2006,0.2843,0.0715,0.1504,0.3042,0.7896
1628,1651,2018-12-22 11:00:00,24,0.1773,0.2948,0.4181,0.2041,0.2851,0.045,0.1504,0.3042,0.7913
1629,1652,2018-12-22 12:00:00,24,0.1776,0.2949,0.4219,0.2033,0.2846,0.0576,0.1519,0.3049,0.7862
1630,1653,2018-12-22 13:00:00,24,0.1798,0.2961,0.403,0.1979,0.2826,0.0355,0.1617,0.309,0.7705
1631,1654,2018-12-22 14:00:00,24,0.1863,0.3015,0.346,0.1971,0.2826,-0.0448,0.1755,0.3193,0.7367
1632,1655,2018-12-22 15:00:00,24,0.1889,0.3027,0.2557,0.1997,0.2835,-0.2034,0.178,0.3208,0.7147
1633,1656,2018-12-22 16:00:00,24,0.1831,0.2955,0.3362,0.1874,0.2674,-0.0153,0.1789,0.3211,0.6878
1634,1657,2018-12-22 17:00:00,24,0.1637,0.2645,0.5348,0.1616,0.2094,0.3727,0.1658,0.3101,0.6969
1635,1658,2018-12-22 18:00:00,24,0.1686,0.2666,0.5311,0.1651,0.2118,0.3886,0.172,0.3119,0.6737
1636,1659,2018-12-22 19:00:00,24,0.1711,0.2674,0.5222,0.1662,0.2126,0.4067,0.1761,0.3128,0.6376
1637,1660,2018-12-22 20:00:00,24,0.1794,0.2735,0.457,0.1798,0.2261,0.3294,0.179,0.3139,0.5846
1638,1661,2018-12-22 21:00:00,24,0.151,0.2138,0.602,0.1602,0.179,0.4537,0.1419,0.2437,0.7503
1639,1662,2018-12-22 22:00:00,24,0.1459,0.1863,0.4595,0.1668,0.1894,0.0764,0.1251,0.1832,0.8425
1640,1663,2018-12-22 23:00:00,24,0.1669,0.2379,0.3866,0.1799,0.2144,0.0689,0.1538,0.2592,0.7042
1641,1664,2018-12-23 00:00:00,24,0.1838,0.2583,0.5009,0.1865,0.2185,0.2751,0.1812,0.2928,0.7266
1642,1665,2018-12-23 01:00:00,24,0.1965,0.2721,0.5926,0.1889,0.2196,0.3946,0.2041,0.316,0.7907
1643,1666,2018-12-23 02:00:00,24,0.2016,0.2744,0.6264,0.1891,0.2197,0.4079,0.214,0.3199,0.8449
1644,1667,2018-12-23 03:00:00,24,0.2018,0.2742,0.6493,0.1872,0.2185,0.4221,0.2163,0.3203,0.8766
1645,1668,2018-12-23 04:00:00,24,0.2011,0.274,0.6616,0.1865,0.218,0.4279,0.2157,0.3203,0.8954
1646,1669,2018-12-23 05:00:00,24,0.2003,0.2737,0.6712,0.1857,0.2173,0.4356,0.2149,0.3202,0.9069
1647,1670,2018-12-23 06:00:00,24,0.2002,0.2737,0.6759,0.186,0.2176,0.4381,0.2145,0.3202,0.9137
1648,1671,2018-12-23 07:00:00,24,0.2007,0.2737,0.6797,0.1858,0.2174,0.4419,0.2157,0.3202,0.9174
1649,1672,2018-12-23 08:00:00,24,0.2022,0.2741,0.6816,0.1864,0.218,0.444,0.2181,0.3205,0.9191
1650,1673,2018-12-23 09:00:00,24,0.2136,0.2822,0.6731,0.1965,0.2268,0.4294,0.2307,0.3284,0.9168
1651,1674,2018-12-23 10:00:00,24,0.2162,0.2834,0.6782,0.1994,0.228,0.4413,0.233,0.3297,0.9151
1652,1675,2018-12-23 11:00:00,24,0.2201,0.2854,0.6783,0.1981,0.2275,0.4462,0.242,0.3334,0.9103
1653,1676,2018-12-23 12:00:00,24,0.2179,0.2849,0.679,0.1918,0.2246,0.4524,0.244,0.3345,0.9056
1654,1677,2018-12-23 13:00:00,24,0.2182,0.2843,0.6719,0.1959,0.2262,0.442,0.2405,0.3324,0.9018
1655,1678,2018-12-23 14:00:00,24,0.2272,0.2947,0.6361,0.204,0.2303,0.3788,0.2503,0.3473,0.8935
1656,1679,2018-12-23 15:00:00,24,0.2388,0.3122,0.5941,0.2058,0.2314,0.3049,0.2718,0.376,0.8833
1657,1680,2018-12-23 16:00:00,24,0.2385,0.3124,0.5865,0.1996,0.2278,0.2864,0.2774,0.3785,0.8865
1658,1681,2018-12-23 17:00:00,24,0.2388,0.3137,0.611,0.1913,0.2231,0.3355,0.2862,0.3835,0.8866
1659,1682,2018-12-23 18:00:00,24,0.2492,0.3251,0.4881,0.2076,0.2495,0.0899,0.2907,0.3861,0.8862
1660,1683,2018-12-23 19:00:00,24,0.2548,0.3305,0.3881,0.2192,0.2636,-0.1061,0.2905,0.386,0.8823
1661,1684,2018-12-23 20:00:00,24,0.2493,0.3267,0.4181,0.212,0.2554,-0.0359,0.2866,0.385,0.8722
1662,1685,2018-12-23 21:00:00,24,0.2459,0.325,0.4219,0.2031,0.2502,-0.006,0.2886,0.3856,0.8498
1663,1686,2018-12-23 22:00:00,24,0.2431,0.3208,0.4479,0.2025,0.2493,0.0549,0.2837,0.379,0.8408
1664,1687,2018-12-23 23:00:00,24,0.234,0.2999,0.5415,0.2017,0.2476,0.2064,0.2664,0.3444,0.8766
1665,1688,2018-12-24 00:00:00,24,0.2222,0.2851,0.5901,0.1948,0.244,0.2762,0.2497,0.321,0.9041
1666,1689,2018-12-24 01:00:00,24,0.2139,0.2742,0.5663,0.1994,0.2475,0.2088,0.2284,0.2985,0.9238
1667,1690,2018-12-24 02:00:00,24,0.2088,0.2719,0.5772,0.1922,0.2449,0.2264,0.2254,0.2964,0.928
1668,1691,2018-12-24 03:00:00,24,0.2135,0.2749,0.5736,0.1939,0.2459,0.2218,0.233,0.3012,0.9254
1669,1692,2018-12-24 04:00:00,24,0.2166,0.2763,0.5726,0.1923,0.245,0.2241,0.241,0.3045,0.9211
1670,1693,2018-12-24 05:00:00,24,0.2201,0.2778,0.573,0.1902,0.2438,0.232,0.2499,0.308,0.914
1671,1694,2018-12-24 06:00:00,24,0.2236,0.279,0.5695,0.1898,0.2435,0.2343,0.2574,0.3105,0.9047
1672,1695,2018-12-24 07:00:00,24,0.2275,0.2807,0.5627,0.1898,0.2435,0.2337,0.2652,0.3136,0.8916
1673,1696,2018-12-24 08:00:00,24,0.2312,0.2828,0.5597,0.1889,0.2427,0.2437,0.2736,0.3179,0.8757
1674,1697,2018-12-24 09:00:00,24,0.2198,0.2749,0.5805,0.176,0.234,0.2866,0.2635,0.3104,0.8744
1675,1698,2018-12-24 10:00:00,24,0.2148,0.2727,0.581,0.1733,0.2329,0.2897,0.2562,0.3074,0.8724
1676,1699,2018-12-24 11:00:00,24,0.2151,0.2728,0.58,0.174,0.2332,0.2923,0.2562,0.3074,0.8677
1677,1700,2018-12-24 12:00:00,24,0.2141,0.2718,0.5976,0.1767,0.2338,0.3287,0.2515,0.3051,0.8666
1678,1701,2018-12-24 13:00:00,24,0.2127,0.2714,0.6204,0.1735,0.2325,0.3782,0.2519,0.3053,0.8627
1679,1702,2018-12-24 14:00:00,24,0.2041,0.2575,0.7029,0.1729,0.232,0.52,0.2353,0.2806,0.8859
1680,1703,2018-12-24 15:00:00,24,0.1876,0.2333,0.7766,0.1675,0.2295,0.6312,0.2077,0.237,0.9221
1681,1704,2018-12-24 16:00:00,24,0.1873,0.2326,0.8006,0.1729,0.2324,0.6736,0.2017,0.2327,0.9276
1682,1705,2018-12-24 17:00:00,24,0.2022,0.2527,0.7631,0.192,0.253,0.6117,0.2124,0.2525,0.9145
1683,1706,2018-12-24 18:00:00,24,0.211,0.271,0.7617,0.1874,0.2432,0.642,0.2345,0.2963,0.8815
1684,1707,2018-12-24 19:00:00,24,0.2233,0.2912,0.7557,0.1836,0.2368,0.6568,0.263,0.3369,0.8546
1685,1708,2018-12-24 20:00:00,24,0.2365,0.3053,0.7497,0.1871,0.2405,0.6457,0.2858,0.3585,0.8537
1686,1709,2018-12-24 21:00:00,24,0.252,0.3213,0.7527,0.1961,0.246,0.6433,0.3079,0.3821,0.8621
1687,1710,2018-12-24 22:00:00,24,0.2495,0.3207,0.7792,0.1876,0.237,0.6737,0.3114,0.3866,0.8847
1688,1711,2018-12-24 23:00:00,24,0.2504,0.3234,0.8016,0.1822,0.2263,0.7003,0.3185,0.3975,0.903
1689,1712,2018-12-25 00:00:00,24,0.264,0.3365,0.8109,0.1967,0.2399,0.7038,0.3314,0.411,0.918
1690,1713,2018-12-25 01:00:00,24,0.2662,0.3376,0.8456,0.1919,0.2362,0.7588,0.3405,0.415,0.9323
1691,1714,2018-12-25 02:00:00,24,0.2708,0.3405,0.8448,0.2063,0.2467,0.747,0.3353,0.4136,0.9426
1692,1715,2018-12-25 03:00:00,24,0.2722,0.3413,0.8438,0.2109,0.2506,0.7389,0.3335,0.4125,0.9487
1693,1716,2018-12-25 04:00:00,24,0.2729,0.3423,0.8459,0.2091,0.25,0.7403,0.3368,0.4146,0.9514
1694,1717,2018-12-25 05:00:00,24,0.2769,0.3449,0.8437,0.2131,0.2527,0.7352,0.3407,0.4172,0.9523
1695,1718,2018-12-25 06:00:00,24,0.2786,0.3465,0.845,0.211,0.2515,0.7383,0.3462,0.4206,0.9516
1696,1719,2018-12-25 07:00:00,24,0.2821,0.3499,0.8447,0.2098,0.2507,0.7406,0.3544,0.4267,0.9489
1697,1720,2018-12-25 08:00:00,24,0.2783,0.3479,0.8461,0.2058,0.2484,0.7455,0.3508,0.4248,0.9466
1698,1721,2018-12-25 09:00:00,24,0.2843,0.3509,0.8429,0.2089,0.2489,0.7444,0.3596,0.4293,0.9413
1699,1722,2018-12-25 10:00:00,24,0.2885,0.3529,0.841,0.2081,0.2488,0.747,0.369,0.4326,0.9351
1700,1723,2018-12-25 11:00:00,24,0.2845,0.3513,0.8391,0.2092,0.2492,0.7477,0.3598,0.4297,0.9305
1701,1724,2018-12-25 12:00:00,24,0.2841,0.3512,0.8376,0.2101,0.2496,0.7513,0.358,0.4294,0.9238
1702,1725,2018-12-25 13:00:00,24,0.2844,0.3513,0.8363,0.2107,0.2498,0.7568,0.3581,0.4294,0.9157
1703,1726,2018-12-25 14:00:00,24,0.2809,0.3495,0.8276,0.2078,0.2478,0.748,0.3541,0.4277,0.9072
1704,1727,2018-12-25 15:00:00,24,0.2823,0.3498,0.8093,0.2111,0.2489,0.7234,0.3534,0.4276,0.8952
1705,1728,2018-12-25 16:00:00,24,0.2799,0.349,0.7945,0.2078,0.2469,0.7089,0.352,0.4273,0.8802
1706,1729,2018-12-25 17:00:00,24,0.2604,0.3317,0.8232,0.1903,0.2262,0.7661,0.3305,0.4109,0.8804
1707,1730,2018-12-25 18:00:00,24,0.2414,0.3055,0.8537,0.1802,0.2102,0.8093,0.3026,0.3774,0.8981
1708,1731,2018-12-25 19:00:00,24,0.2391,0.2982,0.8423,0.1893,0.2294,0.7731,0.2888,0.3538,0.9114
1709,1732,2018-12-25 20:00:00,24,0.2456,0.3082,0.8236,0.1996,0.2474,0.7382,0.2916,0.3588,0.909
1710,1733,2018-12-25 21:00:00,24,0.2445,0.3059,0.8263,0.1995,0.2473,0.7419,0.2895,0.355,0.9108
1711,1734,2018-12-25 22:00:00,24,0.2501,0.3128,0.8239,0.2061,0.2535,0.741,0.2941,0.3626,0.9067
1712,1735,2018-12-25 23:00:00,24,0.2466,0.3067,0.8352,0.204,0.2504,0.7606,0.2893,0.3542,0.9099
1713,1736,2018-12-26 00:00:00,24,0.2298,0.2904,0.8442,0.1886,0.2373,0.7739,0.271,0.3352,0.9145
1714,1737,2018-12-26 01:00:00,24,0.2286,0.2912,0.8128,0.1979,0.2466,0.7171,0.2594,0.3299,0.9085
1715,1738,2018-12-26 02:00:00,24,0.2266,0.2884,0.8104,0.1889,0.2376,0.7243,0.2643,0.3315,0.8965
1716,1739,2018-12-26 03:00:00,24,0.225,0.2872,0.8086,0.185,0.2339,0.7328,0.2651,0.332,0.8844
1717,1740,2018-12-26 04:00:00,24,0.2249,0.2863,0.802,0.1921,0.2385,0.7251,0.2577,0.3273,0.8788
1718,1741,2018-12-26 05:00:00,24,0.2205,0.2828,0.8042,0.1904,0.2371,0.7313,0.2507,0.3221,0.877
1719,1742,2018-12-26 06:00:00,24,0.2167,0.2797,0.8065,0.1899,0.2369,0.7344,0.2435,0.3168,0.8787
1720,1743,2018-12-26 07:00:00,24,0.2105,0.2737,0.812,0.189,0.2363,0.738,0.232,0.3066,0.886
1721,1744,2018-12-26 08:00:00,24,0.2102,0.2735,0.8134,0.189,0.2363,0.7402,0.2314,0.3063,0.8865
1722,1745,2018-12-26 09:00:00,24,0.2074,0.2713,0.8161,0.1878,0.236,0.7426,0.2271,0.3025,0.8896
1723,1746,2018-12-26 10:00:00,24,0.2048,0.2692,0.815,0.1912,0.2372,0.7391,0.2183,0.2978,0.8909
1724,1747,2018-12-26 11:00:00,24,0.2112,0.2746,0.8083,0.1888,0.2363,0.7386,0.2335,0.3081,0.8781
1725,1748,2018-12-26 12:00:00,24,0.2131,0.2761,0.7983,0.185,0.2352,0.7283,0.2411,0.3117,0.8682
1726,1749,2018-12-26 13:00:00,24,0.216,0.2789,0.7773,0.1955,0.2438,0.6917,0.2365,0.31,0.8628
1727,1750,2018-12-26 14:00:00,24,0.2158,0.2791,0.7764,0.1982,0.2456,0.696,0.2334,0.3089,0.8568
1728,1751,2018-12-26 15:00:00,24,0.2202,0.2814,0.7714,0.1993,0.2462,0.6989,0.2411,0.3126,0.8439
1729,1752,2018-12-26 16:00:00,24,0.2241,0.2835,0.7626,0.1996,0.2463,0.7011,0.2486,0.3163,0.8242
1730,1753,2018-12-26 17:00:00,24,0.2269,0.2847,0.7478,0.2,0.2465,0.7019,0.2538,0.3184,0.7938
1731,1754,2018-12-26 18:00:00,24,0.2213,0.2822,0.7415,0.1922,0.2422,0.7274,0.2503,0.3173,0.7555
1732,1755,2018-12-26 19:00:00,24,0.2013,0.2615,0.7827,0.1706,0.2121,0.8162,0.232,0.3029,0.7492
1733,1756,2018-12-26 20:00:00,24,0.1819,0.2319,0.8322,0.1557,0.185,0.8705,0.2081,0.2709,0.7939
1734,1757,2018-12-26 21:00:00,24,0.1889,0.2446,0.8123,0.1672,0.2077,0.8327,0.2106,0.2766,0.7918
1735,1758,2018-12-26 22:00:00,24,0.1884,0.2426,0.8138,0.1686,0.21,0.8129,0.2082,0.2714,0.8146
1736,1759,2018-12-26 23:00:00,24,0.1998,0.2683,0.7703,0.1818,0.2392,0.7232,0.2178,0.2946,0.8173
1737,1760,2018-12-27 00:00:00,24,0.2183,0.2897,0.7626,0.197,0.2519,0.6878,0.2397,0.3231,0.8375
1738,1761,2018-12-27 01:00:00,24,0.2231,0.2937,0.7664,0.2018,0.2598,0.6607,0.2443,0.324,0.872
1739,1762,2018-12-27 02:00:00,24,0.219,0.2924,0.7781,0.2004,0.2592,0.6609,0.2376,0.3223,0.8954
1740,1763,2018-12-27 03:00:00,24,0.2147,0.2899,0.7864,0.1967,0.2573,0.6628,0.2326,0.3193,0.9101
1741,1764,2018-12-27 04:00:00,24,0.2135,0.2893,0.79,0.1905,0.2533,0.6642,0.2365,0.3214,0.9158
1742,1765,2018-12-27 05:00:00,24,0.2145,0.2902,0.7858,0.1886,0.2521,0.6539,0.2404,0.3238,0.9177
1743,1766,2018-12-27 06:00:00,24,0.2163,0.2912,0.7771,0.1901,0.2528,0.6367,0.2426,0.325,0.9175
1744,1767,2018-12-27 07:00:00,24,0.2178,0.292,0.7663,0.1903,0.253,0.6174,0.2453,0.3264,0.9152
1745,1768,2018-12-27 08:00:00,24,0.2206,0.2937,0.7523,0.1923,0.2539,0.5948,0.2489,0.3287,0.9098
1746,1769,2018-12-27 09:00:00,24,0.2219,0.2944,0.7387,0.1936,0.2542,0.5758,0.2503,0.3297,0.9015
1747,1770,2018-12-27 10:00:00,24,0.2255,0.2977,0.723,0.1891,0.253,0.5566,0.2619,0.3364,0.8894
1748,1771,2018-12-27 11:00:00,24,0.218,0.2924,0.7131,0.1897,0.2532,0.5345,0.2463,0.327,0.8917
1749,1772,2018-12-27 12:00:00,24,0.2233,0.2961,0.688,0.2045,0.2645,0.4855,0.2421,0.3246,0.8905
1750,1773,2018-12-27 13:00:00,24,0.2227,0.2946,0.6952,0.1995,0.2595,0.5044,0.246,0.3259,0.886
1751,1774,2018-12-27 14:00:00,24,0.2214,0.2939,0.6856,0.1934,0.2567,0.4905,0.2493,0.327,0.8806
1752,1775,2018-12-27 15:00:00,24,0.2192,0.2926,0.67,0.1951,0.2577,0.4599,0.2433,0.3238,0.8801
1753,1776,2018-12-27 16:00:00,24,0.218,0.2917,0.6555,0.1954,0.2579,0.4314,0.2405,0.322,0.8795
1754,1777,2018-12-27 17:00:00,24,0.2165,0.2915,0.6293,0.1997,0.2601,0.3777,0.2333,0.3198,0.881
1755,1778,2018-12-27 18:00:00,24,0.2166,0.2916,0.6011,0.1987,0.26,0.3204,0.2345,0.32,0.8819
1756,1779,2018-12-27 19:00:00,24,0.2169,0.2916,0.5589,0.1994,0.2601,0.2347,0.2343,0.32,0.8832
1757,1780,2018-12-27 20:00:00,24,0.2285,0.3026,0.4427,0.2101,0.2727,0.0111,0.247,0.3298,0.8743
1758,1781,2018-12-27 21:00:00,24,0.2262,0.2984,0.478,0.2068,0.2668,0.0797,0.2456,0.327,0.8762
1759,1782,2018-12-27 22:00:00,24,0.2352,0.3174,0.5209,0.2118,0.2744,0.1847,0.2586,0.3552,0.857
1760,1783,2018-12-27 23:00:00,24,0.2191,0.2938,0.6023,0.1875,0.2398,0.3313,0.2507,0.3393,0.8733
1761,1784,2018-12-28 00:00:00,24,0.2089,0.2801,0.5322,0.1762,0.2276,0.1789,0.2417,0.3241,0.8855
1762,1785,2018-12-28 01:00:00,24,0.2028,0.2728,0.5861,0.1634,0.209,0.2857,0.2423,0.3244,0.8865
1763,1786,2018-12-28 02:00:00,24,0.2047,0.2735,0.5864,0.1605,0.2081,0.2887,0.2489,0.326,0.8841
1764,1787,2018-12-28 03:00:00,24,0.2057,0.2743,0.5876,0.1592,0.2077,0.2945,0.2521,0.3277,0.8808
1765,1788,2018-12-28 04:00:00,24,0.2051,0.2739,0.587,0.1596,0.2078,0.2939,0.2507,0.3268,0.88
1766,1789,2018-12-28 05:00:00,24,0.21,0.2823,0.529,0.177,0.2345,0.1747,0.243,0.3232,0.8832
1767,1790,2018-12-28 06:00:00,24,0.2127,0.2863,0.5737,0.1882,0.2473,0.2603,0.2371,0.3207,0.8872
1768,1791,2018-12-28 07:00:00,24,0.2144,0.2878,0.6474,0.1948,0.2528,0.4036,0.2339,0.319,0.8912
1769,1792,2018-12-28 08:00:00,24,0.214,0.2877,0.6559,0.1993,0.2563,0.4172,0.2287,0.316,0.8945
1770,1793,2018-12-28 09:00:00,24,0.2079,0.2851,0.6645,0.1962,0.2557,0.4327,0.2197,0.3117,0.8964
1771,1794,2018-12-28 10:00:00,24,0.2073,0.2829,0.6627,0.2022,0.2578,0.4295,0.2123,0.3059,0.8958
1772,1795,2018-12-28 11:00:00,24,0.2091,0.2835,0.6547,0.2003,0.2574,0.4214,0.2178,0.3074,0.888
1773,1796,2018-12-28 12:00:00,24,0.2062,0.2807,0.6686,0.1959,0.2518,0.4571,0.2164,0.3068,0.8801
1774,1797,2018-12-28 13:00:00,24,0.207,0.2823,0.6737,0.1904,0.2487,0.4803,0.2235,0.3123,0.8671
1775,1798,2018-12-28 14:00:00,24,0.2164,0.2917,0.6828,0.1938,0.2499,0.5187,0.2389,0.3283,0.847
1776,1799,2018-12-28 15:00:00,24,0.2231,0.2991,0.6988,0.1911,0.2483,0.5669,0.2551,0.3424,0.8307
1777,1800,2018-12-28 16:00:00,24,0.2254,0.3018,0.7196,0.1886,0.2473,0.6125,0.2623,0.3479,0.8266
1778,1801,2018-12-28 17:00:00,24,0.2312,0.3047,0.7311,0.1887,0.2474,0.6424,0.2737,0.3528,0.8199
1779,1802,2018-12-28 18:00:00,24,0.2392,0.3084,0.7213,0.1977,0.2519,0.6378,0.2807,0.356,0.8047
1780,1803,2018-12-28 19:00:00,24,0.2451,0.3106,0.704,0.202,0.254,0.6327,0.2883,0.3584,0.7754
1781,1804,2018-12-28 20:00:00,24,0.2477,0.3144,0.6888,0.2055,0.2606,0.6121,0.2899,0.3603,0.7655
1782,1805,2018-12-28 21:00:00,24,0.2493,0.3182,0.7089,0.2045,0.259,0.6187,0.2941,0.3681,0.7991
1783,1806,2018-12-28 22:00:00,24,0.2433,0.3069,0.7535,0.1978,0.2487,0.6371,0.2887,0.3557,0.8698
1784,1807,2018-12-28 23:00:00,24,0.2458,0.3095,0.7731,0.2009,0.2501,0.6387,0.2907,0.3593,0.9075
1785,1808,2018-12-29 00:00:00,24,0.2463,0.3105,0.7874,0.2005,0.2499,0.6435,0.2921,0.361,0.9312
1786,1809,2018-12-29 01:00:00,24,0.2456,0.3103,0.8019,0.197,0.2482,0.6589,0.2941,0.3619,0.945
1787,1810,2018-12-29 02:00:00,24,0.2475,0.3108,0.8088,0.2027,0.2505,0.6638,0.2924,0.3613,0.9537
1788,1811,2018-12-29 03:00:00,24,0.2485,0.3112,0.8135,0.2098,0.2544,0.6676,0.2873,0.3591,0.9595
1789,1812,2018-12-29 04:00:00,24,0.2492,0.3116,0.8196,0.2142,0.2571,0.6761,0.2841,0.3578,0.963
1790,1813,2018-12-29 05:00:00,24,0.2424,0.3029,0.8548,0.1998,0.2351,0.7447,0.285,0.358,0.9649
1791,1814,2018-12-29 06:00:00,24,0.2473,0.3057,0.8688,0.1966,0.2299,0.7726,0.2981,0.3661,0.965
1792,1815,2018-12-29 07:00:00,24,0.2505,0.3077,0.8782,0.1965,0.2299,0.7907,0.3044,0.3695,0.9656
1793,1816,2018-12-29 08:00:00,24,0.2512,0.3088,0.8777,0.1995,0.2336,0.7899,0.3029,0.369,0.9655
1794,1817,2018-12-29 09:00:00,24,0.2576,0.3116,0.8768,0.2024,0.2341,0.7909,0.3128,0.3732,0.9627
1795,1818,2018-12-29 10:00:00,24,0.2628,0.3163,0.8739,0.2021,0.2339,0.7904,0.3234,0.3812,0.9573
1796,1819,2018-12-29 11:00:00,24,0.2688,0.3207,0.8701,0.2039,0.2343,0.7906,0.3336,0.3884,0.9496
1797,1820,2018-12-29 12:00:00,24,0.2698,0.3224,0.8704,0.1949,0.228,0.8025,0.3446,0.3949,0.9383
1798,1821,2018-12-29 13:00:00,24,0.268,0.3208,0.8628,0.1954,0.2282,0.7988,0.3406,0.3921,0.9267
1799,1822,2018-12-29 14:00:00,24,0.2596,0.3125,0.8522,0.1943,0.2276,0.7856,0.325,0.3787,0.9187
1800,1823,2018-12-29 15:00:00,24,0.2521,0.3057,0.844,0.19,0.2263,0.7766,0.3142,0.3684,0.9114
1801,1824,2018-12-29 16:00:00,24,0.2497,0.3035,0.8326,0.1898,0.2262,0.7616,0.3095,0.3647,0.9035
1802,1825,2018-12-29 17:00:00,24,0.2477,0.3031,0.8285,0.1845,0.2233,0.7589,0.311,0.3659,0.898
1803,1826,2018-12-29 18:00:00,24,0.2458,0.3038,0.836,0.1758,0.2182,0.7738,0.3159,0.37,0.8982
1804,1827,2018-12-29 19:00:00,24,0.2467,0.3072,0.8195,0.1857,0.2313,0.7349,0.3076,0.3677,0.904
1805,1828,2018-12-29 20:00:00,24,0.2472,0.3083,0.8143,0.1877,0.236,0.7207,0.3067,0.3666,0.908
1806,1829,2018-12-29 21:00:00,24,0.2374,0.2922,0.8339,0.1805,0.2253,0.7467,0.2944,0.3464,0.9211
1807,1830,2018-12-29 22:00:00,24,0.2334,0.2821,0.8394,0.182,0.2275,0.7478,0.2848,0.3278,0.9309
1808,1831,2018-12-29 23:00:00,24,0.2267,0.2693,0.8468,0.1859,0.2308,0.7522,0.2675,0.3029,0.9413
1809,1832,2018-12-30 00:00:00,24,0.2245,0.2681,0.8285,0.2006,0.2483,0.7104,0.2485,0.2866,0.9467
1810,1833,2018-12-30 01:00:00,24,0.2249,0.2683,0.828,0.2012,0.2485,0.7105,0.2485,0.2867,0.9456
1811,1834,2018-12-30 02:00:00,24,0.2259,0.2709,0.8296,0.1945,0.2461,0.7169,0.2574,0.2935,0.9422
1812,1835,2018-12-30 03:00:00,24,0.2262,0.2718,0.8321,0.1869,0.2419,0.7245,0.2655,0.2987,0.9397
1813,1836,2018-12-30 04:00:00,24,0.2262,0.2721,0.8311,0.1816,0.2388,0.7242,0.2708,0.3017,0.9379
1814,1837,2018-12-30 05:00:00,24,0.2276,0.2733,0.8254,0.1768,0.2359,0.7151,0.2784,0.3061,0.9357
1815,1838,2018-12-30 06:00:00,24,0.2201,0.2667,0.8157,0.166,0.2265,0.6966,0.2742,0.3016,0.9347
1816,1839,2018-12-30 07:00:00,24,0.2168,0.264,0.7684,0.1599,0.2206,0.608,0.2738,0.3012,0.9288
1817,1840,2018-12-30 08:00:00,24,0.2158,0.2626,0.7507,0.151,0.2118,0.5812,0.2806,0.305,0.9201
1818,1841,2018-12-30 09:00:00,24,0.2139,0.2615,0.7316,0.1489,0.2113,0.5464,0.2788,0.3036,0.9167
1819,1842,2018-12-30 10:00:00,24,0.2094,0.2585,0.7403,0.1427,0.2089,0.5593,0.276,0.3001,0.9214
1820,1843,2018-12-30 11:00:00,24,0.2077,0.2564,0.7251,0.1528,0.2182,0.5189,0.2626,0.2895,0.9314
1821,1844,2018-12-30 12:00:00,24,0.2026,0.2516,0.7342,0.1563,0.2198,0.5282,0.2488,0.2799,0.9402
1822,1845,2018-12-30 13:00:00,24,0.2159,0.2709,0.7152,0.1639,0.2256,0.5041,0.2679,0.3096,0.9262
1823,1846,2018-12-30 14:00:00,24,0.2282,0.2885,0.7036,0.1653,0.2264,0.5009,0.2911,0.3395,0.9063
1824,1847,2018-12-30 15:00:00,24,0.2398,0.2985,0.7047,0.1783,0.2362,0.5147,0.3013,0.3498,0.8948
1825,1848,2018-12-30 16:00:00,24,0.2439,0.3032,0.7278,0.178,0.2362,0.5702,0.3098,0.358,0.8854
1826,1849,2018-12-30 17:00:00,24,0.2447,0.3034,0.7212,0.1888,0.2445,0.5555,0.3007,0.3525,0.8869
1827,1850,2018-12-30 18:00:00,24,0.2425,0.3013,0.7074,0.1992,0.2509,0.5231,0.2858,0.3445,0.8917
1828,1851,2018-12-30 19:00:00,24,0.2406,0.2972,0.7356,0.1885,0.2384,0.5807,0.2926,0.3462,0.8904
1829,1852,2018-12-30 20:00:00,24,0.2363,0.2952,0.7153,0.192,0.2472,0.5358,0.2805,0.3365,0.8949
1830,1853,2018-12-30 21:00:00,24,0.2415,0.3018,0.6881,0.2027,0.263,0.4856,0.2803,0.3362,0.8907
1831,1854,2018-12-30 22:00:00,24,0.2427,0.3045,0.6848,0.2015,0.2616,0.4911,0.2838,0.3421,0.8785
1832,1855,2018-12-30 23:00:00,24,0.2469,0.3106,0.6208,0.1988,0.2594,0.3805,0.2951,0.3544,0.861
1833,1856,2018-12-31 00:00:00,24,0.2425,0.3053,0.6581,0.1809,0.2418,0.4626,0.3041,0.3578,0.8536
1834,1857,2018-12-31 01:00:00,24,0.2418,0.305,0.6564,0.1803,0.2416,0.4637,0.3033,0.3574,0.8492
1835,1858,2018-12-31 02:00:00,24,0.2407,0.3037,0.6552,0.1808,0.2416,0.4622,0.3006,0.3551,0.8482
1836,1859,2018-12-31 03:00:00,24,0.2433,0.3059,0.6509,0.1822,0.2419,0.4601,0.3044,0.3587,0.8417
1837,1860,2018-12-31 04:00:00,24,0.2458,0.3079,0.6476,0.183,0.2422,0.4587,0.3085,0.3618,0.8364
1838,1861,2018-12-31 05:00:00,24,0.2465,0.3082,0.6465,0.1845,0.2429,0.4563,0.3085,0.3619,0.8367
1839,1862,2018-12-31 06:00:00,24,0.2473,0.3083,0.6467,0.1862,0.2435,0.4536,0.3083,0.3617,0.8397
1840,1863,2018-12-31 07:00:00,24,0.2477,0.3088,0.6494,0.1857,0.2432,0.4541,0.3097,0.3628,0.8446
1841,1864,2018-12-31 08:00:00,24,0.2486,0.3096,0.653,0.1858,0.2433,0.4536,0.3115,0.3641,0.8524
1842,1865,2018-12-31 09:00:00,24,0.2497,0.3112,0.6414,0.1978,0.2517,0.4219,0.3017,0.3609,0.861
1843,1866,2018-12-31 10:00:00,24,0.2476,0.3082,0.641,0.2033,0.2533,0.4133,0.2918,0.3547,0.8687
1844,1867,2018-12-31 11:00:00,24,0.246,0.3066,0.6614,0.1936,0.2455,0.4497,0.2984,0.3574,0.8731
1845,1868,2018-12-31 12:00:00,24,0.2465,0.3066,0.6669,0.1909,0.2443,0.4524,0.302,0.3583,0.8813
1846,1869,2018-12-31 13:00:00,24,0.2298,0.2881,0.699,0.1835,0.2389,0.4859,0.2762,0.3299,0.9121
1847,1870,2018-12-31 14:00:00,24,0.2155,0.2696,0.721,0.1804,0.2377,0.5049,0.2505,0.2981,0.9371
1848,1871,2018-12-31 15:00:00,24,0.2155,0.2693,0.6847,0.1826,0.2408,0.4267,0.2485,0.295,0.9427
1849,1872,2018-12-31 16:00:00,24,0.22,0.2716,0.606,0.1925,0.2478,0.2673,0.2474,0.2935,0.9447
1850,1873,2018-12-31 17:00:00,24,0.2155,0.2686,0.5765,0.1868,0.2421,0.2072,0.2442,0.2928,0.9458
1851,1874,2018-12-31 18:00:00,24,0.22,0.2706,0.562,0.1852,0.2404,0.1782,0.2548,0.2977,0.9458
1852,1875,2018-12-31 19:00:00,24,0.2296,0.283,0.5123,0.1867,0.2415,0.0818,0.2724,0.3191,0.9427
1853,1876,2018-12-31 20:00:00,24,0.2248,0.2775,0.6561,0.1598,0.2009,0.369,0.2898,0.3371,0.9432
1854,1877,2018-12-31 21:00:00,24,0.2136,0.2658,0.6503,0.1542,0.1882,0.3497,0.2729,0.3253,0.9509
1855,1878,2018-12-31 22:00:00,24,0.2101,0.2584,0.5381,0.1593,0.1981,0.1204,0.2608,0.307,0.9558
1856,1879,2018-12-31 23:00:00,24,0.2097,0.2555,0.6259,0.1666,0.2075,0.2972,0.2528,0.2958,0.9546
1857,1880,2019-01-01 00:00:00,24,0.215,0.2588,0.7177,0.1753,0.2132,0.4906,0.2547,0.2975,0.9448
1858,1881,2019-01-01 01:00:00,24,0.2238,0.2668,0.7775,0.1828,0.219,0.6299,0.2649,0.3073,0.9252
1859,1882,2019-01-01 02:00:00,24,0.2276,0.2719,0.7456,0.2006,0.2373,0.5859,0.2546,0.3025,0.9054
1860,1883,2019-01-01 03:00:00,24,0.2201,0.2663,0.7402,0.1981,0.2368,0.5958,0.2421,0.2929,0.8847
1861,1884,2019-01-01 04:00:00,24,0.214,0.2621,0.7285,0.1958,0.2361,0.5985,0.2323,0.2857,0.8584
1862,1885,2019-01-01 05:00:00,24,0.2078,0.2589,0.7115,0.1908,0.2348,0.5979,0.2247,0.281,0.8251
1863,1886,2019-01-01 06:00:00,24,0.2028,0.2558,0.6914,0.1891,0.2341,0.5919,0.2166,0.2758,0.791
1864,1887,2019-01-01 07:00:00,24,0.2019,0.2558,0.6769,0.1863,0.233,0.5857,0.2175,0.2768,0.768
1865,1888,2019-01-01 08:00:00,24,0.2014,0.2568,0.6763,0.183,0.232,0.5745,0.2198,0.2795,0.778
1866,1889,2019-01-01 09:00:00,24,0.2037,0.2585,0.6995,0.172,0.2229,0.6042,0.2353,0.2896,0.7949
1867,1890,2019-01-01 10:00:00,24,0.2173,0.2736,0.6694,0.1883,0.2461,0.5492,0.2464,0.2986,0.7896
1868,1891,2019-01-01 11:00:00,24,0.2239,0.2823,0.6629,0.1888,0.2463,0.5631,0.2589,0.3141,0.7628
1869,1892,2019-01-01 12:00:00,24,0.2355,0.2979,0.6291,0.1894,0.2465,0.548,0.2817,0.3416,0.7101
1870,1893,2019-01-01 13:00:00,24,0.2507,0.3205,0.5801,0.1883,0.2462,0.4997,0.3132,0.3805,0.6606
1871,1894,2019-01-01 14:00:00,24,0.2662,0.3415,0.5394,0.1884,0.2462,0.4044,0.3441,0.4154,0.6745
1872,1895,2019-01-01 15:00:00,24,0.2669,0.3505,0.5813,0.1745,0.2337,0.4218,0.3593,0.4371,0.7409
1873,1896,2019-01-01 16:00:00,24,0.2708,0.364,0.6274,0.1642,0.2262,0.4498,0.3773,0.4624,0.805
1874,1897,2019-01-01 17:00:00,24,0.2843,0.3791,0.6624,0.1612,0.2243,0.469,0.4073,0.4869,0.8557
1875,1898,2019-01-01 18:00:00,24,0.2824,0.3803,0.7029,0.1513,0.219,0.511,0.4135,0.4912,0.8949
1876,1899,2019-01-01 19:00:00,24,0.2802,0.3766,0.6385,0.1613,0.2328,0.3545,0.3992,0.479,0.9226
1877,1900,2019-01-01 20:00:00,24,0.2737,0.3692,0.5511,0.1679,0.2354,0.1639,0.3794,0.466,0.9383
1878,1901,2019-01-01 21:00:00,24,0.2699,0.3659,0.5764,0.1562,0.2236,0.2081,0.3835,0.4667,0.9447
1879,1902,2019-01-01 22:00:00,24,0.2553,0.3573,0.6579,0.1391,0.2051,0.3654,0.3715,0.4618,0.9503
1880,1903,2019-01-01 23:00:00,24,0.2508,0.3557,0.6444,0.1417,0.2098,0.3341,0.3598,0.4572,0.9546
1881,1904,2019-01-02 00:00:00,24,0.2444,0.3523,0.658,0.1367,0.2054,0.358,0.3522,0.4539,0.958
1882,1905,2019-01-02 01:00:00,24,0.2342,0.3458,0.6634,0.1291,0.1992,0.3652,0.3394,0.4466,0.9617
1883,1906,2019-01-02 02:00:00,24,0.2281,0.3402,0.7612,0.1151,0.1784,0.559,0.3412,0.4468,0.9633
1884,1907,2019-01-02 03:00:00,24,0.2299,0.3405,0.7897,0.1171,0.1788,0.6151,0.3427,0.4471,0.9644
1885,1908,2019-01-02 04:00:00,24,0.2304,0.3406,0.8133,0.118,0.1791,0.6616,0.3427,0.4471,0.965
1886,1909,2019-01-02 05:00:00,24,0.2312,0.3406,0.8291,0.1195,0.1793,0.6932,0.3429,0.4471,0.9649
1887,1910,2019-01-02 06:00:00,24,0.2347,0.3427,0.8096,0.1283,0.1877,0.6551,0.341,0.4469,0.964
1888,1911,2019-01-02 07:00:00,24,0.2415,0.3473,0.7721,0.1391,0.1986,0.5834,0.3439,0.4492,0.9608
1889,1912,2019-01-02 08:00:00,24,0.2438,0.3486,0.7383,0.1418,0.1994,0.522,0.3459,0.4508,0.9545
1890,1913,2019-01-02 09:00:00,24,0.2467,0.3506,0.6917,0.1444,0.2006,0.442,0.3489,0.4535,0.9414
1891,1914,2019-01-02 10:00:00,24,0.2389,0.3428,0.7671,0.1294,0.1725,0.6136,0.3483,0.4531,0.9206
1892,1915,2019-01-02 11:00:00,24,0.235,0.337,0.7672,0.1334,0.1757,0.6439,0.3367,0.443,0.8905
1893,1916,2019-01-02 12:00:00,24,0.2212,0.3228,0.766,0.1332,0.1756,0.684,0.3092,0.4214,0.848
1894,1917,2019-01-02 13:00:00,24,0.209,0.3028,0.7588,0.1426,0.1845,0.7166,0.2754,0.3864,0.801
1895,1918,2019-01-02 14:00:00,24,0.1989,0.2815,0.7647,0.1483,0.1886,0.7654,0.2496,0.3506,0.764
1896,1919,2019-01-02 15:00:00,24,0.1871,0.2593,0.7901,0.1551,0.1933,0.8064,0.2191,0.3116,0.7738
1897,1920,2019-01-02 16:00:00,24,0.1717,0.2292,0.8399,0.1549,0.1933,0.8331,0.1885,0.2601,0.8468
1898,1921,2019-01-02 17:00:00,24,0.1605,0.2048,0.8805,0.1538,0.1928,0.8519,0.1672,0.2161,0.9091
1899,1922,2019-01-02 18:00:00,24,0.1618,0.2024,0.8968,0.1607,0.1958,0.8644,0.1629,0.2088,0.9292
1900,1923,2019-01-02 19:00:00,24,0.1572,0.1973,0.9207,0.1458,0.1753,0.9046,0.1686,0.2171,0.9368
1901,1924,2019-01-02 20:00:00,24,0.1571,0.198,0.9263,0.1477,0.1775,0.908,0.1665,0.2166,0.9446
1902,1925,2019-01-02 21:00:00,24,0.1562,0.1982,0.932,0.1444,0.1765,0.9135,0.168,0.2177,0.9505
1903,1926,2019-01-02 22:00:00,24,0.1633,0.2028,0.9301,0.1542,0.1843,0.907,0.1725,0.2197,0.9531
1904,1927,2019-01-02 23:00:00,24,0.1639,0.2002,0.9361,0.1446,0.1681,0.9216,0.1832,0.2277,0.9505
1905,1928,2019-01-03 00:00:00,24,0.1657,0.2018,0.9338,0.1433,0.1673,0.9196,0.1881,0.2312,0.9481
1906,1929,2019-01-03 01:00:00,24,0.1682,0.2035,0.9295,0.1446,0.168,0.9147,0.1918,0.2336,0.9443
1907,1930,2019-01-03 02:00:00,24,0.1691,0.2039,0.9239,0.1434,0.1673,0.9086,0.1949,0.2349,0.9392
1908,1931,2019-01-03 03:00:00,24,0.1669,0.2032,0.9157,0.1427,0.1671,0.899,0.1911,0.2338,0.9325
1909,1932,2019-01-03 04:00:00,24,0.1646,0.2026,0.9026,0.1414,0.1667,0.8841,0.1878,0.233,0.9211
1910,1933,2019-01-03 05:00:00,24,0.1654,0.2029,0.8795,0.1423,0.167,0.86,0.1886,0.2334,0.8991
1911,1934,2019-01-03 06:00:00,24,0.1609,0.1991,0.8614,0.1341,0.1577,0.8641,0.1878,0.2333,0.8586
1912,1935,2019-01-03 07:00:00,24,0.1483,0.1857,0.8584,0.1242,0.1443,0.8905,0.1725,0.2194,0.8263
1913,1936,2019-01-03 08:00:00,24,0.1496,0.1851,0.8283,0.1332,0.1565,0.8683,0.166,0.2098,0.7883
1914,1937,2019-01-03 09:00:00,24,0.1484,0.183,0.8121,0.1324,0.156,0.8668,0.1644,0.2065,0.7573
1915,1938,2019-01-03 10:00:00,24,0.143,0.1772,0.8186,0.1265,0.1522,0.8729,0.1594,0.1991,0.7642
1916,1939,2019-01-03 11:00:00,24,0.1491,0.1918,0.8116,0.1251,0.1506,0.8755,0.173,0.2257,0.7477
1917,1940,2019-01-03 12:00:00,24,0.1659,0.2197,0.8149,0.129,0.1539,0.8702,0.2028,0.27,0.7596
1918,1941,2019-01-03 13:00:00,24,0.1694,0.2242,0.8541,0.119,0.1429,0.8876,0.2198,0.2831,0.8206
1919,1942,2019-01-03 14:00:00,24,0.1768,0.2348,0.8741,0.1215,0.1468,0.8822,0.2321,0.2979,0.8661
1920,1943,2019-01-03 15:00:00,24,0.18,0.2391,0.8929,0.1146,0.1405,0.8879,0.2455,0.3075,0.8979
1921,1944,2019-01-03 16:00:00,24,0.1865,0.2439,0.9024,0.1184,0.1428,0.8849,0.2545,0.314,0.9198
1922,1945,2019-01-03 17:00:00,24,0.1849,0.2429,0.9106,0.1172,0.1423,0.8844,0.2527,0.3127,0.9369
1923,1946,2019-01-03 18:00:00,24,0.1776,0.2379,0.9154,0.1136,0.1391,0.8814,0.2417,0.3064,0.9494
1924,1947,2019-01-03 19:00:00,24,0.1697,0.2315,0.9149,0.1109,0.1382,0.8707,0.2285,0.2967,0.9592
1925,1948,2019-01-03 20:00:00,24,0.1664,0.2295,0.9215,0.1041,0.1314,0.8794,0.2287,0.2968,0.9636
1926,1949,2019-01-03 21:00:00,24,0.1636,0.2283,0.9221,0.1047,0.1315,0.877,0.2224,0.2949,0.9673
1927,1950,2019-01-03 22:00:00,24,0.1556,0.2241,0.9358,0.094,0.1202,0.9016,0.2171,0.2932,0.9699
1928,1951,2019-01-03 23:00:00,24,0.1558,0.2246,0.9378,0.0934,0.1194,0.9051,0.2181,0.2943,0.9705
1929,1952,2019-01-04 00:00:00,24,0.1572,0.2256,0.9384,0.0951,0.1209,0.9066,0.2192,0.2952,0.9703
1930,1953,2019-01-04 01:00:00,24,0.1527,0.2236,0.9409,0.0938,0.1199,0.9117,0.2115,0.2925,0.9702
1931,1954,2019-01-04 02:00:00,24,0.1514,0.2231,0.9419,0.092,0.119,0.9149,0.2108,0.2922,0.969
1932,1955,2019-01-04 03:00:00,24,0.1526,0.2235,0.9411,0.0909,0.1187,0.9152,0.2143,0.293,0.967
1933,1956,2019-01-04 04:00:00,24,0.153,0.2236,0.9383,0.0904,0.1186,0.9123,0.2156,0.2931,0.9642
1934,1957,2019-01-04 05:00:00,24,0.1508,0.2229,0.9324,0.0891,0.1181,0.9047,0.2124,0.2923,0.96
1935,1958,2019-01-04 06:00:00,24,0.1497,0.2227,0.9203,0.0866,0.1169,0.8878,0.2129,0.2924,0.9528
1936,1959,2019-01-04 07:00:00,24,0.1507,0.2229,0.8898,0.0854,0.1161,0.84,0.216,0.293,0.9396
1937,1960,2019-01-04 08:00:00,24,0.1412,0.2158,0.885,0.0753,0.0982,0.85,0.2072,0.2889,0.92
1938,1961,2019-01-04 09:00:00,24,0.1326,0.2074,0.8486,0.0725,0.0963,0.8035,0.1928,0.2771,0.8938
1939,1962,2019-01-04 10:00:00,24,0.1303,0.2052,0.7587,0.0757,0.0985,0.6933,0.1849,0.273,0.8241
1940,1963,2019-01-04 11:00:00,24,0.1186,0.1877,0.6636,0.0695,0.0932,0.6108,0.1676,0.2485,0.7164
1941,1964,2019-01-04 12:00:00,24,0.1021,0.1542,0.6351,0.063,0.0861,0.6143,0.1411,0.2003,0.6558
1942,1965,2019-01-04 13:00:00,24,0.0982,0.1448,0.5229,0.0653,0.088,0.6104,0.1312,0.1849,0.4354
1943,1966,2019-01-04 14:00:00,24,0.0862,0.1214,0.6476,0.0588,0.0731,0.8226,0.1136,0.1554,0.4726
1944,1967,2019-01-04 15:00:00,24,0.0825,0.1138,0.7497,0.057,0.0725,0.87,0.108,0.1437,0.6293
1945,1968,2019-01-04 16:00:00,24,0.0794,0.1109,0.8404,0.0518,0.0673,0.9145,0.107,0.1416,0.7663
1946,1969,2019-01-04 17:00:00,24,0.0856,0.1223,0.8642,0.0566,0.0745,0.9061,0.1147,0.1561,0.8222
1947,1970,2019-01-04 18:00:00,24,0.0964,0.143,0.8736,0.0592,0.0784,0.8977,0.1336,0.1864,0.8495
1948,1971,2019-01-04 19:00:00,24,0.1063,0.1555,0.882,0.0647,0.0837,0.8801,0.1479,0.2034,0.8839
1949,1972,2019-01-04 20:00:00,24,0.1169,0.1687,0.8797,0.0693,0.0894,0.8525,0.1644,0.2212,0.9069
1950,1973,2019-01-04 21:00:00,24,0.1254,0.1769,0.8804,0.072,0.0912,0.8355,0.1788,0.2329,0.9252
1951,1974,2019-01-04 22:00:00,24,0.1327,0.1833,0.8802,0.074,0.0918,0.8221,0.1915,0.2425,0.9382
1952,1975,2019-01-04 23:00:00,24,0.1304,0.1827,0.8827,0.0682,0.0855,0.814,0.1925,0.2439,0.9514
1953,1976,2019-01-05 00:00:00,24,0.1349,0.1894,0.8709,0.0709,0.0904,0.7825,0.1989,0.2522,0.9592
1954,1977,2019-01-05 01:00:00,24,0.1486,0.2056,0.862,0.0776,0.1012,0.7619,0.2196,0.2726,0.9622
1955,1978,2019-01-05 02:00:00,24,0.159,0.2191,0.8795,0.0815,0.1046,0.7939,0.2364,0.2916,0.965
1956,1979,2019-01-05 03:00:00,24,0.1655,0.2243,0.8867,0.085,0.1066,0.8042,0.246,0.2988,0.9692
1957,1980,2019-01-05 04:00:00,24,0.1693,0.2264,0.8955,0.0856,0.1068,0.8183,0.253,0.3019,0.9726
1958,1981,2019-01-05 05:00:00,24,0.1703,0.2266,0.9028,0.0865,0.1072,0.8306,0.254,0.302,0.9749
