window_start,window_end,datetime_end,N,MAE,RMSE,R2,MAE_T,RMSE_T,R2_T,MAE_H,RMSE_H,R2_H
0,23,2018-10-14 14:00:00,24,0.2304,0.2747,-0.4869,0.1026,0.1203,0.1997,0.3583,0.3694,-1.1736
1,24,2018-10-14 15:00:00,24,0.227,0.2704,-0.4735,0.103,0.1204,0.1478,0.351,0.3629,-1.0948
2,25,2018-10-14 16:00:00,24,0.225,0.2677,-0.4567,0.1027,0.1203,0.1611,0.3472,0.359,-1.0745
3,26,2018-10-14 17:00:00,24,0.2221,0.2653,-0.4196,0.0996,0.1169,0.2068,0.3447,0.3565,-1.046
4,27,2018-10-14 18:00:00,24,0.2238,0.2687,-0.4614,0.0984,0.1163,0.1915,0.3493,0.3617,-1.1143
5,28,2018-10-14 19:00:00,24,0.2329,0.2837,-0.57,0.0988,0.1164,0.1416,0.367,0.3839,-1.2816
6,29,2018-10-14 20:00:00,24,0.239,0.2917,-0.6348,0.0983,0.1161,0.1104,0.3796,0.3958,-1.38
7,30,2018-10-14 21:00:00,24,0.2441,0.2981,-0.6213,0.1001,0.1167,0.0092,0.3881,0.405,-1.2519
8,31,2018-10-14 22:00:00,24,0.248,0.3069,-0.5063,0.0939,0.1116,0.0904,0.4022,0.4194,-1.1029
9,32,2018-10-14 23:00:00,24,0.25,0.3092,-0.4668,0.0939,0.1116,0.0655,0.4062,0.4228,-0.9991
10,33,2018-10-15 00:00:00,24,0.2498,0.3067,-0.3303,0.0967,0.1131,-0.0488,0.4029,0.4188,-0.6118
11,34,2018-10-15 01:00:00,24,0.2454,0.3022,-0.1159,0.0926,0.1084,0.0186,0.3982,0.4134,-0.2504
12,35,2018-10-15 02:00:00,24,0.2435,0.2996,-0.1005,0.0931,0.1086,-0.1536,0.3939,0.4095,-0.0475
13,36,2018-10-15 03:00:00,24,0.2435,0.2997,-0.1281,0.0929,0.1084,-0.3685,0.3941,0.4097,0.1122
14,37,2018-10-15 04:00:00,24,0.2379,0.2952,-0.1294,0.088,0.1052,-0.4971,0.3878,0.404,0.2382
15,38,2018-10-15 05:00:00,24,0.2362,0.2936,-0.2846,0.088,0.1052,-0.8714,0.3844,0.4017,0.3022
16,39,2018-10-15 06:00:00,24,0.2339,0.2932,-0.179,0.0811,0.0968,-0.6879,0.3866,0.4032,0.33
17,40,2018-10-15 07:00:00,24,0.2294,0.291,-0.0064,0.0734,0.0879,-0.3806,0.3855,0.4021,0.3677
18,41,2018-10-15 08:00:00,24,0.2357,0.2967,-0.0247,0.0845,0.1159,-0.4386,0.3869,0.4033,0.3893
19,42,2018-10-15 09:00:00,24,0.2391,0.2994,-0.0917,0.0889,0.1216,-0.5872,0.3894,0.4055,0.4037
20,43,2018-10-15 10:00:00,24,0.2358,0.2967,0.0309,0.0851,0.1165,-0.3596,0.3865,0.4031,0.4214
21,44,2018-10-15 11:00:00,24,0.2368,0.297,-0.047,0.09,0.1243,-0.5116,0.3836,0.4012,0.4176
22,45,2018-10-15 12:00:00,24,0.2362,0.297,-0.0018,0.0871,0.1216,-0.3755,0.3854,0.4021,0.3719
23,46,2018-10-15 13:00:00,24,0.2333,0.294,0.0658,0.0899,0.1246,-0.1983,0.3767,0.3966,0.3299
24,47,2018-10-15 14:00:00,24,0.2373,0.3007,0.2706,0.1146,0.1756,0.2121,0.36,0.3873,0.329
25,48,2018-10-15 15:00:00,24,0.2363,0.3002,0.4415,0.1217,0.1804,0.5364,0.3509,0.3843,0.3467
26,49,2018-10-15 16:00:00,24,0.2342,0.2979,0.503,0.1278,0.1844,0.5778,0.3407,0.3788,0.4282
27,50,2018-10-15 17:00:00,24,0.2297,0.2945,0.5778,0.1291,0.1851,0.6098,0.3303,0.3731,0.5459
28,51,2018-10-15 18:00:00,24,0.2273,0.2915,0.656,0.1424,0.1993,0.6249,0.3122,0.3608,0.6871
29,52,2018-10-15 19:00:00,24,0.2174,0.2755,0.724,0.1445,0.1999,0.6446,0.2902,0.3345,0.8034
30,53,2018-10-15 20:00:00,24,0.2114,0.2676,0.7556,0.1438,0.1998,0.6515,0.279,0.3214,0.8597
31,54,2018-10-15 21:00:00,24,0.2046,0.2575,0.7761,0.1481,0.2021,0.6503,0.2611,0.3029,0.9019
32,55,2018-10-15 22:00:00,24,0.1942,0.2433,0.7943,0.1507,0.2028,0.6548,0.2378,0.278,0.9338
33,56,2018-10-15 23:00:00,24,0.1854,0.2361,0.8033,0.1477,0.2021,0.656,0.2231,0.2657,0.9505
34,57,2018-10-16 00:00:00,24,0.1754,0.2257,0.8056,0.1465,0.2016,0.6472,0.2043,0.2474,0.9641
35,58,2018-10-16 01:00:00,24,0.168,0.218,0.8052,0.149,0.2029,0.6373,0.187,0.2321,0.9731
36,59,2018-10-16 02:00:00,24,0.1658,0.2153,0.8038,0.1489,0.2029,0.6304,0.1828,0.2271,0.9772
37,60,2018-10-16 03:00:00,24,0.1616,0.2099,0.8002,0.1462,0.2018,0.6198,0.1771,0.2177,0.9806
38,61,2018-10-16 04:00:00,24,0.1615,0.2089,0.7944,0.1476,0.202,0.6068,0.1754,0.2156,0.982
39,62,2018-10-16 05:00:00,24,0.1649,0.2171,0.7851,0.1442,0.2011,0.5905,0.1856,0.2319,0.9797
40,63,2018-10-16 06:00:00,24,0.1654,0.2167,0.7719,0.1462,0.2018,0.5639,0.1846,0.2306,0.98
41,64,2018-10-16 07:00:00,24,0.1645,0.2132,0.7568,0.1498,0.2028,0.5327,0.1793,0.2231,0.9809
42,65,2018-10-16 08:00:00,24,0.1646,0.2133,0.7048,0.1488,0.201,0.43,0.1803,0.2248,0.9797
43,66,2018-10-16 09:00:00,24,0.1629,0.2132,0.6746,0.1437,0.1973,0.3721,0.1821,0.228,0.9772
44,67,2018-10-16 10:00:00,24,0.1692,0.2241,0.5934,0.146,0.199,0.2172,0.1923,0.2467,0.9696
45,68,2018-10-16 11:00:00,24,0.1757,0.2331,0.5141,0.1514,0.2074,0.0668,0.1999,0.2563,0.9614
46,69,2018-10-16 12:00:00,24,0.1769,0.2339,0.4665,0.153,0.2081,-0.0196,0.2009,0.2572,0.9526
47,70,2018-10-16 13:00:00,24,0.1758,0.2334,0.4652,0.1496,0.2061,-0.0096,0.202,0.2579,0.94
48,71,2018-10-16 14:00:00,24,0.1702,0.2197,0.5811,0.1298,0.167,0.2404,0.2106,0.262,0.9218
49,72,2018-10-16 15:00:00,24,0.1777,0.2271,0.4558,0.1281,0.1651,0.0224,0.2273,0.2754,0.8891
50,73,2018-10-16 16:00:00,24,0.1837,0.2356,0.475,0.1237,0.1613,0.1149,0.2436,0.2915,0.8351
51,74,2018-10-16 17:00:00,24,0.1906,0.2432,0.4448,0.1231,0.1608,0.1345,0.2582,0.304,0.7551
52,75,2018-10-16 18:00:00,24,0.2,0.2534,0.256,0.1218,0.1579,-0.1115,0.2783,0.3216,0.6234
53,76,2018-10-16 19:00:00,24,0.2092,0.2656,0.0737,0.1228,0.1585,-0.251,0.2956,0.3406,0.3983
54,77,2018-10-16 20:00:00,24,0.213,0.2711,-0.1231,0.1219,0.1584,-0.2607,0.304,0.3491,0.0146
55,78,2018-10-16 21:00:00,24,0.2211,0.2792,-0.4659,0.1233,0.16,-0.3353,0.3189,0.361,-0.5964
56,79,2018-10-16 22:00:00,24,0.2293,0.2874,-0.637,0.121,0.1593,-0.3442,0.3376,0.374,-0.9299
57,80,2018-10-16 23:00:00,24,0.2371,0.2937,-0.5259,0.1211,0.1593,-0.3079,0.3531,0.3836,-0.7439
58,81,2018-10-17 00:00:00,24,0.2446,0.2994,-0.3272,0.1203,0.159,-0.2298,0.3689,0.3924,-0.4246
59,82,2018-10-17 01:00:00,24,0.2499,0.3025,-0.2086,0.1178,0.1573,-0.2035,0.382,0.3978,-0.2137
60,83,2018-10-17 02:00:00,24,0.2562,0.308,-0.1478,0.1209,0.1589,-0.2242,0.3915,0.4056,-0.0714
61,84,2018-10-17 03:00:00,24,0.2576,0.3091,-0.0892,0.1218,0.1592,-0.2305,0.3935,0.4072,0.052
62,85,2018-10-17 04:00:00,24,0.2577,0.3096,-0.0542,0.1208,0.159,-0.2134,0.3945,0.4079,0.105
63,86,2018-10-17 05:00:00,24,0.2549,0.3042,-0.0284,0.1253,0.1609,-0.2382,0.3845,0.3989,0.1814
64,87,2018-10-17 06:00:00,24,0.2552,0.304,-0.0307,0.1268,0.1619,-0.2531,0.3836,0.3983,0.1917
65,88,2018-10-17 07:00:00,24,0.2572,0.3072,-0.0379,0.1245,0.1608,-0.2416,0.3899,0.4035,0.1658
66,89,2018-10-17 08:00:00,24,0.2581,0.309,-0.0861,0.1216,0.1548,-0.339,0.3946,0.4086,0.1667
67,90,2018-10-17 09:00:00,24,0.2609,0.3147,-0.0575,0.1201,0.1541,-0.3329,0.4017,0.4175,0.218
68,91,2018-10-17 10:00:00,24,0.2598,0.3115,0.0278,0.1237,0.1592,-0.2757,0.3959,0.4107,0.3314
69,92,2018-10-17 11:00:00,24,0.2556,0.3093,0.2026,0.1121,0.1405,-0.0027,0.3992,0.4143,0.4079
70,93,2018-10-17 12:00:00,24,0.2585,0.3118,0.1972,0.1134,0.1418,-0.0545,0.4037,0.4175,0.4489
71,94,2018-10-17 13:00:00,24,0.2624,0.3153,0.1591,0.1129,0.1415,-0.1297,0.4118,0.4228,0.4478
72,95,2018-10-17 14:00:00,24,0.2672,0.3188,0.071,0.1186,0.1493,-0.2646,0.4158,0.4254,0.4066
73,96,2018-10-17 15:00:00,24,0.2635,0.317,0.0862,0.1126,0.1456,-0.1858,0.4143,0.424,0.3581
74,97,2018-10-17 16:00:00,24,0.2633,0.315,-0.0346,0.1164,0.149,-0.3704,0.4103,0.4199,0.3013
75,98,2018-10-17 17:00:00,24,0.2616,0.3122,-0.1004,0.1185,0.1508,-0.4054,0.4046,0.415,0.2045
76,99,2018-10-17 18:00:00,24,0.2539,0.3049,-0.0269,0.1086,0.1361,-0.1485,0.3992,0.4091,0.0946
77,100,2018-10-17 19:00:00,24,0.2494,0.2982,-0.0691,0.108,0.1356,-0.1591,0.3908,0.3993,0.0208
78,101,2018-10-17 20:00:00,24,0.2506,0.2991,-0.1256,0.1092,0.1358,-0.1647,0.392,0.4006,-0.0865
79,102,2018-10-17 21:00:00,24,0.2477,0.296,-0.1468,0.107,0.133,-0.1273,0.3884,0.3969,-0.1662
80,103,2018-10-17 22:00:00,24,0.2496,0.2969,-0.1582,0.1102,0.1345,-0.1185,0.3891,0.3977,-0.1979
81,104,2018-10-17 23:00:00,24,0.2553,0.3006,-0.3419,0.1301,0.1673,-0.4609,0.3806,0.3908,-0.223
82,105,2018-10-18 00:00:00,24,0.2639,0.3076,-0.5489,0.1456,0.1876,-0.8314,0.3822,0.3925,-0.2663
83,106,2018-10-18 01:00:00,24,0.267,0.3137,-0.524,0.1429,0.187,-0.7627,0.3912,0.4023,-0.2853
84,107,2018-10-18 02:00:00,24,0.2644,0.3125,-0.3866,0.1386,0.1855,-0.584,0.3901,0.4012,-0.1892
85,108,2018-10-18 03:00:00,24,0.2677,0.3139,-0.4302,0.1469,0.193,-0.7259,0.3885,0.3998,-0.1345
86,109,2018-10-18 04:00:00,24,0.272,0.3155,-0.4411,0.1566,0.1997,-0.7234,0.3874,0.3991,-0.1588
87,110,2018-10-18 05:00:00,24,0.2728,0.3162,-0.4354,0.1565,0.1996,-0.5677,0.3892,0.4002,-0.3031
88,111,2018-10-18 06:00:00,24,0.2697,0.3146,-0.5322,0.1537,0.1983,-0.4342,0.3857,0.3983,-0.6301
89,112,2018-10-18 07:00:00,24,0.2704,0.3139,-0.7302,0.157,0.1997,-0.3544,0.3838,0.3964,-1.1061
90,113,2018-10-18 08:00:00,24,0.2735,0.3175,-0.7513,0.165,0.2149,-0.0183,0.3821,0.3943,-1.4842
91,114,2018-10-18 09:00:00,24,0.2737,0.315,-0.6133,0.1688,0.2165,0.0903,0.3786,0.3894,-1.3169
92,115,2018-10-18 10:00:00,24,0.2753,0.3167,-0.4185,0.1709,0.2192,0.2522,0.3797,0.3906,-1.0893
93,116,2018-10-18 11:00:00,24,0.2756,0.3149,-0.3462,0.1826,0.2318,0.1733,0.3686,0.3803,-0.8658
94,117,2018-10-18 12:00:00,24,0.2682,0.3103,-0.3426,0.1791,0.2302,0.1746,0.3572,0.3737,-0.8598
95,118,2018-10-18 13:00:00,24,0.2625,0.3062,-0.382,0.1779,0.2299,0.144,0.3471,0.3669,-0.9079
96,119,2018-10-18 14:00:00,24,0.2587,0.3031,-0.3685,0.1737,0.2259,0.1745,0.3437,0.3643,-0.9115
97,120,2018-10-18 15:00:00,24,0.2663,0.3111,-0.295,0.1976,0.2563,0.1749,0.3349,0.3576,-0.7648
98,121,2018-10-18 16:00:00,24,0.2684,0.313,-0.2083,0.2073,0.2672,0.1059,0.3296,0.3529,-0.5225
99,122,2018-10-18 17:00:00,24,0.2708,0.316,-0.1168,0.2186,0.2794,-0.0205,0.3229,0.3488,-0.2132
100,123,2018-10-18 18:00:00,24,0.2673,0.3128,0.0494,0.2181,0.2792,-0.0033,0.3166,0.3431,0.1021
101,124,2018-10-18 19:00:00,24,0.2673,0.3121,0.1423,0.2201,0.28,-0.0062,0.3145,0.3411,0.2908
102,125,2018-10-18 20:00:00,24,0.264,0.3065,0.2292,0.2246,0.2815,-0.0218,0.3033,0.3296,0.4802
103,126,2018-10-18 21:00:00,24,0.2597,0.3027,0.2869,0.2242,0.2813,-0.0356,0.2952,0.3227,0.6094
104,127,2018-10-18 22:00:00,24,0.2535,0.296,0.3173,0.2221,0.2807,-0.0705,0.285,0.3106,0.7052
105,128,2018-10-18 23:00:00,24,0.2446,0.2886,0.4214,0.2019,0.2625,0.0928,0.2874,0.3125,0.7499
106,129,2018-10-19 00:00:00,24,0.2411,0.287,0.4001,0.2077,0.2729,-0.006,0.2746,0.3004,0.8062
107,130,2018-10-19 01:00:00,24,0.2387,0.2815,0.3894,0.2099,0.2732,-0.0592,0.2675,0.2896,0.8381
108,131,2018-10-19 02:00:00,24,0.2375,0.2777,0.3256,0.2158,0.2751,-0.2095,0.2592,0.2803,0.8607
109,132,2018-10-19 03:00:00,24,0.2346,0.2754,0.3495,0.2108,0.2712,-0.1709,0.2584,0.2795,0.8699
110,133,2018-10-19 04:00:00,24,0.2354,0.2797,0.4117,0.2025,0.2665,-0.0369,0.2683,0.2924,0.8604
111,134,2018-10-19 05:00:00,24,0.2393,0.283,0.4123,0.2072,0.2695,-0.0323,0.2715,0.2958,0.8568
112,135,2018-10-19 06:00:00,24,0.2465,0.2888,0.4038,0.2124,0.2719,-0.0388,0.2805,0.3047,0.8465
113,136,2018-10-19 07:00:00,24,0.2515,0.2953,0.3874,0.2147,0.2731,-0.0525,0.2883,0.316,0.8274
114,137,2018-10-19 08:00:00,24,0.2506,0.2945,0.3301,0.2166,0.2768,-0.1583,0.2846,0.3112,0.8184
115,138,2018-10-19 09:00:00,24,0.2468,0.292,0.3173,0.2111,0.2754,-0.1584,0.2824,0.3077,0.7931
116,139,2018-10-19 10:00:00,24,0.2446,0.2914,0.2368,0.2042,0.2696,-0.2584,0.2851,0.3118,0.732
117,140,2018-10-19 11:00:00,24,0.2429,0.2903,0.232,0.1941,0.2596,-0.1709,0.2917,0.3181,0.6349
118,141,2018-10-19 12:00:00,24,0.2512,0.2953,0.1911,0.203,0.2655,-0.1342,0.2994,0.3224,0.5165
119,142,2018-10-19 13:00:00,24,0.2547,0.2984,0.0922,0.2148,0.2735,-0.2083,0.2945,0.3214,0.3927
120,143,2018-10-19 14:00:00,24,0.2547,0.2989,0.0707,0.2203,0.2781,-0.1091,0.2891,0.3184,0.2504
121,144,2018-10-19 15:00:00,24,0.2485,0.2902,0.1338,0.2099,0.2601,0.1146,0.2871,0.3175,0.1529
122,145,2018-10-19 16:00:00,24,0.2384,0.2823,0.2497,0.1953,0.2464,0.3454,0.2815,0.3142,0.1539
123,146,2018-10-19 17:00:00,24,0.2303,0.2754,0.4039,0.1808,0.231,0.5044,0.2798,0.3136,0.3034
124,147,2018-10-19 18:00:00,24,0.2285,0.2741,0.5071,0.1808,0.231,0.5464,0.2762,0.3114,0.4678
125,148,2018-10-19 19:00:00,24,0.2269,0.2724,0.5755,0.1814,0.2314,0.5649,0.2725,0.3081,0.586
126,149,2018-10-19 20:00:00,24,0.2296,0.2755,0.6054,0.1804,0.2308,0.5708,0.2788,0.3138,0.64
127,150,2018-10-19 21:00:00,24,0.2293,0.2764,0.6371,0.176,0.2293,0.5836,0.2825,0.3166,0.6907
128,151,2018-10-19 22:00:00,24,0.2263,0.2747,0.6709,0.1744,0.2291,0.5938,0.2782,0.3138,0.748
129,152,2018-10-19 23:00:00,24,0.2281,0.2752,0.6955,0.1778,0.2297,0.6074,0.2785,0.3141,0.7837
130,153,2018-10-20 00:00:00,24,0.2236,0.2708,0.7418,0.1551,0.1997,0.6945,0.292,0.3268,0.7892
131,154,2018-10-20 01:00:00,24,0.2227,0.2699,0.7429,0.1547,0.1996,0.6789,0.2907,0.3254,0.8069
132,155,2018-10-20 02:00:00,24,0.2221,0.2704,0.7535,0.1507,0.1974,0.6891,0.2936,0.3275,0.8179
133,156,2018-10-20 03:00:00,24,0.2233,0.2722,0.7626,0.1498,0.1968,0.7014,0.2969,0.3308,0.8239
134,157,2018-10-20 04:00:00,24,0.2214,0.2675,0.7735,0.1527,0.1981,0.7087,0.2901,0.3223,0.8384
135,158,2018-10-20 05:00:00,24,0.2209,0.2674,0.7787,0.1506,0.1959,0.7177,0.2911,0.3235,0.8398
136,159,2018-10-20 06:00:00,24,0.218,0.2646,0.7818,0.1476,0.1936,0.7212,0.2883,0.3203,0.8424
137,160,2018-10-20 07:00:00,24,0.2142,0.2588,0.7791,0.1458,0.1922,0.7141,0.2826,0.3116,0.8441
138,161,2018-10-20 08:00:00,24,0.2185,0.2675,0.7366,0.1422,0.1827,0.6637,0.2948,0.3312,0.8096
139,162,2018-10-20 09:00:00,24,0.2295,0.286,0.6513,0.1493,0.1861,0.5506,0.3097,0.3591,0.7521
140,163,2018-10-20 10:00:00,24,0.2263,0.2843,0.5165,0.1438,0.1837,0.3184,0.3087,0.3577,0.7145
141,164,2018-10-20 11:00:00,24,0.2333,0.2953,0.3454,0.1467,0.1864,0.0492,0.32,0.3736,0.6417
142,165,2018-10-20 12:00:00,24,0.2355,0.2988,0.3167,0.1429,0.1817,0.0488,0.3281,0.3816,0.5846
143,166,2018-10-20 13:00:00,24,0.2337,0.2969,0.2301,0.1301,0.1691,-0.1031,0.3373,0.3843,0.5633
144,167,2018-10-20 14:00:00,24,0.2296,0.2944,0.349,0.1196,0.1579,0.1408,0.3396,0.3852,0.5573
145,168,2018-10-20 15:00:00,24,0.2236,0.2905,0.4859,0.1065,0.1416,0.4162,0.3408,0.3856,0.5556
146,169,2018-10-20 16:00:00,24,0.2269,0.2919,0.4884,0.1118,0.1461,0.421,0.3421,0.3861,0.5557
147,170,2018-10-20 17:00:00,24,0.2278,0.2924,0.5152,0.1105,0.1455,0.475,0.3451,0.387,0.5555
148,171,2018-10-20 18:00:00,24,0.2282,0.2926,0.5571,0.1109,0.1458,0.5611,0.3455,0.3872,0.5532
149,172,2018-10-20 19:00:00,24,0.227,0.2923,0.5841,0.1074,0.143,0.6205,0.3466,0.3879,0.5477
150,173,2018-10-20 20:00:00,24,0.2181,0.2873,0.6139,0.1025,0.1409,0.6598,0.3338,0.381,0.5679
151,174,2018-10-20 21:00:00,24,0.2165,0.2855,0.6293,0.1042,0.1415,0.6721,0.3287,0.3782,0.5865
152,175,2018-10-20 22:00:00,24,0.2225,0.2907,0.6255,0.1054,0.1417,0.6856,0.3395,0.3859,0.5653
153,176,2018-10-20 23:00:00,24,0.2206,0.289,0.6367,0.1063,0.1423,0.6988,0.3349,0.3832,0.5746
154,177,2018-10-21 00:00:00,24,0.2177,0.2837,0.6588,0.1095,0.1434,0.7097,0.3259,0.3747,0.6079
155,178,2018-10-21 01:00:00,24,0.2202,0.2853,0.6638,0.113,0.1458,0.7125,0.3274,0.3762,0.6151
156,179,2018-10-21 02:00:00,24,0.2246,0.2885,0.6583,0.118,0.1498,0.7043,0.3312,0.3795,0.6124
157,180,2018-10-21 03:00:00,24,0.2261,0.2911,0.6595,0.1171,0.1491,0.7155,0.3351,0.3838,0.6036
158,181,2018-10-21 04:00:00,24,0.2281,0.2924,0.6524,0.1203,0.1524,0.7048,0.3359,0.3844,0.6001
159,182,2018-10-21 05:00:00,24,0.2312,0.2965,0.6384,0.1218,0.1543,0.6932,0.3406,0.3898,0.5835
160,183,2018-10-21 06:00:00,24,0.2315,0.2967,0.6332,0.1218,0.1544,0.6888,0.3411,0.3902,0.5775
161,184,2018-10-21 07:00:00,24,0.2326,0.2984,0.6244,0.1217,0.1543,0.6816,0.3434,0.3928,0.5672
162,185,2018-10-21 08:00:00,24,0.2262,0.2901,0.6489,0.1112,0.1303,0.7201,0.3411,0.389,0.5777
163,186,2018-10-21 09:00:00,24,0.2137,0.2665,0.6346,0.1121,0.1315,0.6282,0.3154,0.3532,0.6411
164,187,2018-10-21 10:00:00,24,0.2059,0.2576,0.6226,0.1148,0.1324,0.5951,0.297,0.3395,0.6501
165,188,2018-10-21 11:00:00,24,0.1912,0.2388,0.6422,0.1118,0.1284,0.6189,0.2706,0.3123,0.6655
166,189,2018-10-21 12:00:00,24,0.1823,0.2288,0.7078,0.1097,0.1258,0.7655,0.2549,0.2981,0.65
167,190,2018-10-21 13:00:00,24,0.1791,0.2266,0.7419,0.1107,0.126,0.8376,0.2475,0.2947,0.6463
168,191,2018-10-21 14:00:00,24,0.1773,0.2258,0.7899,0.1092,0.1256,0.8807,0.2455,0.2936,0.6992
169,192,2018-10-21 15:00:00,24,0.192,0.2482,0.7378,0.1373,0.1911,0.726,0.2468,0.2944,0.7497
170,193,2018-10-21 16:00:00,24,0.193,0.2499,0.7551,0.1327,0.188,0.7289,0.2533,0.2994,0.7814
171,194,2018-10-21 17:00:00,24,0.2006,0.2557,0.7517,0.1415,0.1952,0.6981,0.2597,0.3045,0.8053
172,195,2018-10-21 18:00:00,24,0.2165,0.2904,0.6937,0.1781,0.2774,0.546,0.255,0.3029,0.8414
173,196,2018-10-21 19:00:00,24,0.2226,0.295,0.7188,0.1854,0.2815,0.58,0.2598,0.3079,0.8576
174,197,2018-10-21 20:00:00,24,0.2372,0.3067,0.7184,0.1941,0.2848,0.5836,0.2803,0.3271,0.8532
175,198,2018-10-21 21:00:00,24,0.246,0.3157,0.7214,0.1958,0.2853,0.596,0.2962,0.3434,0.8469
176,199,2018-10-21 22:00:00,24,0.2562,0.3267,0.7228,0.2213,0.3149,0.5875,0.291,0.3382,0.858
177,200,2018-10-21 23:00:00,24,0.2618,0.3303,0.7289,0.2297,0.3203,0.5943,0.294,0.34,0.8635
178,201,2018-10-22 00:00:00,24,0.2588,0.3291,0.7413,0.2266,0.3198,0.6101,0.2909,0.3382,0.8725
179,202,2018-10-22 01:00:00,24,0.2572,0.3296,0.749,0.2217,0.3185,0.6232,0.2927,0.3403,0.8748
180,203,2018-10-22 02:00:00,24,0.2512,0.3255,0.7589,0.2167,0.3167,0.6354,0.2856,0.3341,0.8825
181,204,2018-10-22 03:00:00,24,0.2515,0.3241,0.7649,0.2269,0.3239,0.6397,0.2762,0.3242,0.8902
182,205,2018-10-22 04:00:00,24,0.249,0.3218,0.778,0.2271,0.3241,0.6633,0.271,0.3196,0.8928
183,206,2018-10-22 05:00:00,24,0.2438,0.3183,0.7875,0.2196,0.3212,0.6848,0.268,0.3153,0.8902
184,207,2018-10-22 06:00:00,24,0.24,0.3164,0.7895,0.2149,0.3204,0.6952,0.2651,0.3124,0.8838
185,208,2018-10-22 07:00:00,24,0.2364,0.312,0.7896,0.2155,0.3206,0.7039,0.2573,0.3031,0.8754
186,209,2018-10-22 08:00:00,24,0.2404,0.3159,0.7727,0.2234,0.3278,0.7105,0.2575,0.3035,0.8348
187,210,2018-10-22 09:00:00,24,0.245,0.3254,0.7217,0.2158,0.3254,0.723,0.2743,0.3254,0.7205
188,211,2018-10-22 10:00:00,24,0.253,0.3324,0.6199,0.2134,0.3251,0.7207,0.2925,0.3395,0.5191
189,212,2018-10-22 11:00:00,24,0.2569,0.3342,0.4204,0.2106,0.3242,0.6979,0.3031,0.344,0.143
190,213,2018-10-22 12:00:00,24,0.2596,0.3355,0.0784,0.2107,0.3242,0.6344,0.3085,0.3464,-0.4775
191,214,2018-10-22 13:00:00,24,0.2629,0.3364,-0.379,0.2123,0.3245,0.4943,0.3134,0.3479,-1.2522
192,215,2018-10-22 14:00:00,24,0.2673,0.3378,-0.7251,0.2188,0.3262,0.0822,0.3158,0.3489,-1.5325
193,216,2018-10-22 15:00:00,24,0.2605,0.3276,-0.6536,0.2076,0.306,0.072,0.3133,0.3479,-1.3793
194,217,2018-10-22 16:00:00,24,0.2596,0.3264,-0.5866,0.2101,0.3069,-0.178,0.3091,0.3448,-0.9952
195,218,2018-10-22 17:00:00,24,0.2593,0.3262,-0.368,0.2131,0.3098,-0.1547,0.3055,0.3419,-0.5813
196,219,2018-10-22 18:00:00,24,0.2504,0.3007,0.018,0.1834,0.244,0.404,0.3174,0.3483,-0.368
197,220,2018-10-22 19:00:00,24,0.2526,0.3059,0.0495,0.1795,0.2408,0.4602,0.3257,0.3594,-0.3612
198,221,2018-10-22 20:00:00,24,0.2466,0.3006,0.1174,0.1724,0.237,0.4883,0.3209,0.3529,-0.2536
199,222,2018-10-22 21:00:00,24,0.2449,0.2963,0.1635,0.1754,0.2389,0.5007,0.3143,0.3443,-0.1737
200,223,2018-10-22 22:00:00,24,0.2337,0.2817,0.2361,0.1522,0.1991,0.6335,0.3152,0.345,-0.1613
201,224,2018-10-22 23:00:00,24,0.2269,0.2775,0.2956,0.1403,0.1891,0.6716,0.3134,0.3439,-0.0803
202,225,2018-10-23 00:00:00,24,0.231,0.2791,0.3427,0.1474,0.1929,0.6683,0.3145,0.3444,0.0171
203,226,2018-10-23 01:00:00,24,0.2353,0.2804,0.3721,0.16,0.2038,0.63,0.3106,0.3402,0.1142
204,227,2018-10-23 02:00:00,24,0.2429,0.2919,0.3244,0.1588,0.2036,0.6306,0.3271,0.3592,0.0182
205,228,2018-10-23 03:00:00,24,0.2439,0.2986,0.2943,0.1453,0.1906,0.6644,0.3425,0.3768,-0.0758
206,229,2018-10-23 04:00:00,24,0.2478,0.3082,0.2651,0.1369,0.186,0.6548,0.3586,0.3942,-0.1245
207,230,2018-10-23 05:00:00,24,0.2563,0.3204,0.2995,0.1413,0.188,0.6271,0.3713,0.4123,-0.0282
208,231,2018-10-23 06:00:00,24,0.2652,0.3322,0.3785,0.143,0.1882,0.6133,0.3875,0.4304,0.1436
209,232,2018-10-23 07:00:00,24,0.2702,0.3408,0.4625,0.1389,0.1861,0.6029,0.4014,0.4445,0.3221
210,233,2018-10-23 08:00:00,24,0.2653,0.3363,0.5458,0.1302,0.1723,0.5932,0.4005,0.4432,0.4983
211,234,2018-10-23 09:00:00,24,0.2656,0.3323,0.5548,0.1365,0.1754,0.4908,0.3946,0.4361,0.6187
212,235,2018-10-23 10:00:00,24,0.2652,0.3289,0.5107,0.1465,0.1834,0.336,0.3839,0.4274,0.6853
213,236,2018-10-23 11:00:00,24,0.2652,0.3292,0.5035,0.1559,0.1924,0.2924,0.3745,0.4239,0.7145
214,237,2018-10-23 12:00:00,24,0.2678,0.3308,0.4772,0.161,0.1977,0.2234,0.3745,0.4239,0.731
215,238,2018-10-23 13:00:00,24,0.2747,0.3363,0.4809,0.1634,0.1991,0.2246,0.3859,0.432,0.7372
216,239,2018-10-23 14:00:00,24,0.2779,0.3395,0.4879,0.1611,0.1975,0.2321,0.3947,0.4376,0.7436
217,240,2018-10-23 15:00:00,24,0.2841,0.3444,0.5167,0.1619,0.1993,0.2899,0.4062,0.4445,0.7435
218,241,2018-10-23 16:00:00,24,0.2879,0.3494,0.5874,0.1585,0.1976,0.4378,0.4174,0.4529,0.737
219,242,2018-10-23 17:00:00,24,0.2885,0.3518,0.633,0.1491,0.1869,0.5407,0.4279,0.4611,0.7253
220,243,2018-10-23 18:00:00,24,0.2926,0.357,0.6026,0.1486,0.1861,0.4946,0.4367,0.4693,0.7106
221,244,2018-10-23 19:00:00,24,0.2921,0.356,0.627,0.1489,0.1864,0.5392,0.4354,0.4677,0.7148
222,245,2018-10-23 20:00:00,24,0.2953,0.3591,0.6585,0.1508,0.1871,0.603,0.4397,0.4722,0.7141
223,246,2018-10-23 21:00:00,24,0.2941,0.3581,0.6687,0.1501,0.1864,0.6233,0.4381,0.4709,0.714
224,247,2018-10-23 22:00:00,24,0.2943,0.359,0.6658,0.1483,0.1856,0.6306,0.4404,0.4725,0.701
225,248,2018-10-23 23:00:00,24,0.2986,0.3626,0.6523,0.1484,0.1857,0.6376,0.4489,0.4779,0.667
226,249,2018-10-24 00:00:00,24,0.3005,0.366,0.6201,0.142,0.1818,0.637,0.459,0.4847,0.6031
227,250,2018-10-24 01:00:00,24,0.3017,0.3682,0.5931,0.1374,0.175,0.6824,0.466,0.4905,0.5038
228,251,2018-10-24 02:00:00,24,0.3009,0.3677,0.5607,0.1364,0.1749,0.6937,0.4654,0.4897,0.4277
229,252,2018-10-24 03:00:00,24,0.3,0.3644,0.5461,0.1395,0.176,0.7003,0.4606,0.4843,0.392
230,253,2018-10-24 04:00:00,24,0.304,0.3661,0.5578,0.1464,0.1793,0.7052,0.4617,0.4858,0.4103
231,254,2018-10-24 05:00:00,24,0.2991,0.36,0.6149,0.1429,0.1774,0.7188,0.4553,0.4772,0.511
232,255,2018-10-24 06:00:00,24,0.2966,0.3534,0.6644,0.1469,0.1794,0.7212,0.4463,0.4665,0.6076
233,256,2018-10-24 07:00:00,24,0.2929,0.3474,0.7038,0.148,0.1798,0.7273,0.4378,0.4572,0.6803
234,257,2018-10-24 08:00:00,24,0.2864,0.3391,0.7374,0.1493,0.1813,0.7413,0.4235,0.4439,0.7335
235,258,2018-10-24 09:00:00,24,0.2835,0.3358,0.7534,0.1484,0.1805,0.7424,0.4185,0.4393,0.7644
236,259,2018-10-24 10:00:00,24,0.2818,0.3348,0.7561,0.144,0.1753,0.735,0.4195,0.4398,0.7771
237,260,2018-10-24 11:00:00,24,0.2854,0.3363,0.6934,0.1447,0.1764,0.6126,0.4262,0.4417,0.7742
238,261,2018-10-24 12:00:00,24,0.2816,0.3343,0.6529,0.1427,0.1738,0.5439,0.4204,0.4397,0.7619
239,262,2018-10-24 13:00:00,24,0.2777,0.3307,0.5961,0.1492,0.1815,0.4418,0.4062,0.4309,0.7504
240,263,2018-10-24 14:00:00,24,0.2754,0.3293,0.5806,0.1465,0.1804,0.4376,0.4043,0.4293,0.7237
241,264,2018-10-24 15:00:00,24,0.2644,0.3194,0.684,0.1317,0.1557,0.677,0.3971,0.424,0.691
242,265,2018-10-24 16:00:00,24,0.2587,0.313,0.6781,0.1352,0.1578,0.6956,0.3822,0.4136,0.6606
243,266,2018-10-24 17:00:00,24,0.2518,0.306,0.6675,0.1349,0.1576,0.7026,0.3688,0.403,0.6324
244,267,2018-10-24 18:00:00,24,0.2391,0.2948,0.6822,0.1252,0.1495,0.7356,0.3531,0.3892,0.6288
245,268,2018-10-24 19:00:00,24,0.2319,0.2867,0.691,0.1207,0.1462,0.7449,0.3431,0.3782,0.6371
246,269,2018-10-24 20:00:00,24,0.2305,0.2854,0.6854,0.1191,0.1455,0.7372,0.3418,0.3764,0.6335
247,270,2018-10-24 21:00:00,24,0.2257,0.2822,0.6932,0.1144,0.142,0.7473,0.3371,0.3729,0.6391
248,271,2018-10-24 22:00:00,24,0.2257,0.2811,0.6942,0.1166,0.1432,0.7418,0.3347,0.3708,0.6466
249,272,2018-10-24 23:00:00,24,0.2235,0.2784,0.7021,0.1166,0.1432,0.7421,0.3304,0.3667,0.6622
250,273,2018-10-25 00:00:00,24,0.2184,0.2724,0.7203,0.1169,0.1433,0.743,0.32,0.3576,0.6975
251,274,2018-10-25 01:00:00,24,0.2196,0.2725,0.7067,0.124,0.1574,0.6895,0.3152,0.3518,0.7238
252,275,2018-10-25 02:00:00,24,0.2199,0.268,0.7162,0.1301,0.1604,0.6844,0.3096,0.3434,0.748
253,276,2018-10-25 03:00:00,24,0.2212,0.27,0.7176,0.1308,0.1609,0.6882,0.3115,0.3463,0.747
254,277,2018-10-25 04:00:00,24,0.2179,0.2647,0.7229,0.1285,0.1589,0.6941,0.3073,0.339,0.7518
255,278,2018-10-25 05:00:00,24,0.2182,0.2613,0.7198,0.1339,0.1629,0.6934,0.3026,0.3318,0.7461
256,279,2018-10-25 06:00:00,24,0.2189,0.2641,0.7086,0.1317,0.1614,0.7048,0.3061,0.3368,0.7124
257,280,2018-10-25 07:00:00,24,0.2292,0.2836,0.6714,0.1355,0.1642,0.7056,0.3229,0.366,0.6372
258,281,2018-10-25 08:00:00,24,0.2311,0.2905,0.6615,0.1268,0.1583,0.7143,0.3353,0.3791,0.6088
259,282,2018-10-25 09:00:00,24,0.2306,0.2911,0.6619,0.124,0.1564,0.716,0.3371,0.3809,0.6079
260,283,2018-10-25 10:00:00,24,0.2349,0.2952,0.6562,0.1267,0.1597,0.6987,0.3432,0.3858,0.6137
261,284,2018-10-25 11:00:00,24,0.2337,0.2944,0.6818,0.1203,0.15,0.7338,0.3471,0.3884,0.6297
262,285,2018-10-25 12:00:00,24,0.2318,0.2938,0.6978,0.112,0.1434,0.7475,0.3517,0.39,0.648
263,286,2018-10-25 13:00:00,24,0.2358,0.2966,0.6722,0.1136,0.1469,0.6823,0.3581,0.3929,0.662
264,287,2018-10-25 14:00:00,24,0.2426,0.3016,0.6344,0.124,0.1588,0.5923,0.3612,0.3958,0.6765
265,288,2018-10-25 15:00:00,24,0.2437,0.3036,0.5855,0.1214,0.1576,0.4837,0.3661,0.3993,0.6873
266,289,2018-10-25 16:00:00,24,0.2463,0.305,0.5251,0.1217,0.1578,0.359,0.371,0.4015,0.6913
267,290,2018-10-25 17:00:00,24,0.2445,0.3048,0.4899,0.1177,0.1564,0.2926,0.3713,0.4016,0.6871
268,291,2018-10-25 18:00:00,24,0.2498,0.3085,0.435,0.1198,0.1569,0.2051,0.3797,0.407,0.6649
269,292,2018-10-25 19:00:00,24,0.2525,0.3094,0.3797,0.1257,0.1616,0.1171,0.3792,0.4067,0.6424
270,293,2018-10-25 20:00:00,24,0.2537,0.3115,0.3571,0.1257,0.1615,0.0927,0.3817,0.4098,0.6215
271,294,2018-10-25 21:00:00,24,0.2551,0.3135,0.347,0.1239,0.1612,0.11,0.3864,0.413,0.5839
272,295,2018-10-25 22:00:00,24,0.2547,0.313,0.2822,0.1243,0.1615,0.0268,0.3851,0.4121,0.5375
273,296,2018-10-25 23:00:00,24,0.2511,0.3104,0.1903,0.125,0.1616,-0.0928,0.3772,0.4082,0.4734
274,297,2018-10-26 00:00:00,24,0.2506,0.3099,0.0019,0.1285,0.1633,-0.3497,0.3727,0.4067,0.3534
275,298,2018-10-26 01:00:00,24,0.2497,0.3092,-0.0396,0.1306,0.1688,-0.2611,0.3687,0.4034,0.1819
276,299,2018-10-26 02:00:00,24,0.2502,0.3118,-0.1133,0.1279,0.1668,-0.1126,0.3726,0.4082,-0.1141
277,300,2018-10-26 03:00:00,24,0.2498,0.3146,-0.2778,0.1237,0.1651,-0.0509,0.376,0.4131,-0.5047
278,301,2018-10-26 04:00:00,24,0.2499,0.3136,-0.4076,0.1255,0.1666,-0.0033,0.3744,0.411,-0.8119
279,302,2018-10-26 05:00:00,24,0.2515,0.3174,-0.4831,0.1234,0.1646,0.0669,0.3796,0.4176,-1.033
280,303,2018-10-26 06:00:00,24,0.2532,0.3196,-0.3637,0.1246,0.1653,0.1,0.3818,0.4206,-0.8274
281,304,2018-10-26 07:00:00,24,0.2514,0.3148,-0.0385,0.1251,0.1659,0.1412,0.3777,0.4132,-0.2183
282,305,2018-10-26 08:00:00,24,0.2514,0.314,0.1396,0.1261,0.166,0.1452,0.3767,0.4119,0.1341
283,306,2018-10-26 09:00:00,24,0.2502,0.3134,0.2316,0.1243,0.1654,0.1338,0.3761,0.4113,0.3294
284,307,2018-10-26 10:00:00,24,0.2472,0.3112,0.3135,0.1202,0.1611,0.1784,0.3742,0.4096,0.4485
285,308,2018-10-26 11:00:00,24,0.2457,0.3103,0.3672,0.125,0.1674,0.2241,0.3663,0.4056,0.5104
286,309,2018-10-26 12:00:00,24,0.2434,0.3092,0.4481,0.126,0.1675,0.3624,0.3608,0.4039,0.5339
287,310,2018-10-26 13:00:00,24,0.2333,0.3036,0.5841,0.1161,0.1545,0.6254,0.3506,0.4006,0.5428
288,311,2018-10-26 14:00:00,24,0.2223,0.2952,0.6405,0.1091,0.1445,0.719,0.3355,0.3917,0.5621
289,312,2018-10-26 15:00:00,24,0.2201,0.2925,0.671,0.1114,0.1455,0.7651,0.3288,0.3872,0.5768
290,313,2018-10-26 16:00:00,24,0.2291,0.3071,0.5778,0.1344,0.201,0.5484,0.3238,0.385,0.6072
291,314,2018-10-26 17:00:00,24,0.239,0.3134,0.566,0.1497,0.215,0.5069,0.3283,0.3876,0.6252
292,315,2018-10-26 18:00:00,24,0.2365,0.3116,0.5914,0.148,0.2147,0.527,0.3249,0.3848,0.6559
293,316,2018-10-26 19:00:00,24,0.2367,0.3133,0.6101,0.1435,0.2117,0.5545,0.3298,0.3892,0.6657
294,317,2018-10-26 20:00:00,24,0.2361,0.3093,0.6205,0.1488,0.2145,0.5458,0.3234,0.3812,0.6951
295,318,2018-10-26 21:00:00,24,0.2376,0.3095,0.6272,0.1518,0.2151,0.5448,0.3234,0.3812,0.7097
296,319,2018-10-26 22:00:00,24,0.2374,0.31,0.6357,0.1497,0.2142,0.5508,0.3251,0.3824,0.7205
297,320,2018-10-26 23:00:00,24,0.2398,0.3107,0.6407,0.1531,0.2155,0.5468,0.3264,0.3829,0.7347
298,321,2018-10-27 00:00:00,24,0.2415,0.3114,0.6477,0.1526,0.2152,0.5487,0.3304,0.3842,0.7467
299,322,2018-10-27 01:00:00,24,0.2442,0.3145,0.6429,0.1505,0.2113,0.542,0.3379,0.3914,0.7439
300,323,2018-10-27 02:00:00,24,0.2505,0.3241,0.6182,0.1543,0.2136,0.511,0.3466,0.4056,0.7254
301,324,2018-10-27 03:00:00,24,0.2469,0.3187,0.6131,0.1537,0.2136,0.4879,0.3401,0.3969,0.7382
302,325,2018-10-27 04:00:00,24,0.2462,0.3195,0.5965,0.1505,0.2118,0.458,0.3419,0.3992,0.735
303,326,2018-10-27 05:00:00,24,0.2409,0.312,0.5765,0.1497,0.2113,0.4053,0.3321,0.3874,0.7478
304,327,2018-10-27 06:00:00,24,0.2358,0.3035,0.5411,0.1532,0.2139,0.3226,0.3184,0.3722,0.7596
305,328,2018-10-27 07:00:00,24,0.227,0.2891,0.4915,0.1515,0.2126,0.2153,0.3024,0.3491,0.7676
306,329,2018-10-27 08:00:00,24,0.2386,0.3015,0.4178,0.1699,0.2331,0.1152,0.3073,0.3571,0.7205
307,330,2018-10-27 09:00:00,24,0.2427,0.3075,0.4026,0.1705,0.2332,0.1493,0.3149,0.367,0.6558
308,331,2018-10-27 10:00:00,24,0.2454,0.3113,0.3494,0.1701,0.2329,0.117,0.3208,0.3735,0.5817
309,332,2018-10-27 11:00:00,24,0.2459,0.3137,0.3418,0.159,0.2262,0.1594,0.3329,0.3817,0.5242
310,333,2018-10-27 12:00:00,24,0.2563,0.3195,0.3434,0.1689,0.233,0.1807,0.3437,0.387,0.5062
311,334,2018-10-27 13:00:00,24,0.2591,0.3203,0.3916,0.1672,0.2325,0.269,0.3509,0.3888,0.5142
312,335,2018-10-27 14:00:00,24,0.2659,0.3241,0.3806,0.1745,0.2393,0.2344,0.3573,0.3909,0.5269
313,336,2018-10-27 15:00:00,24,0.2764,0.3326,0.295,0.1845,0.2481,0.0579,0.3683,0.3997,0.5321
314,337,2018-10-27 16:00:00,24,0.2731,0.3237,0.4153,0.1675,0.2119,0.3015,0.3787,0.4058,0.5291
315,338,2018-10-27 17:00:00,24,0.2697,0.3232,0.4488,0.1536,0.1978,0.3761,0.3857,0.4121,0.5216
316,339,2018-10-27 18:00:00,24,0.2725,0.3266,0.4289,0.1532,0.1978,0.3509,0.3919,0.4173,0.5069
317,340,2018-10-27 19:00:00,24,0.2714,0.324,0.4253,0.1585,0.2018,0.3466,0.3842,0.4115,0.5041
318,341,2018-10-27 20:00:00,24,0.2641,0.319,0.4212,0.1595,0.2027,0.3504,0.3687,0.4031,0.492
319,342,2018-10-27 21:00:00,24,0.2685,0.3224,0.3604,0.1742,0.2204,0.2491,0.3628,0.3992,0.4717
320,343,2018-10-27 22:00:00,24,0.2615,0.3193,0.3671,0.1728,0.2201,0.257,0.3501,0.3942,0.4771
321,344,2018-10-27 23:00:00,24,0.2609,0.3192,0.3622,0.1703,0.219,0.2658,0.3515,0.3948,0.4585
322,345,2018-10-28 00:00:00,24,0.2602,0.3193,0.3505,0.1674,0.2181,0.2715,0.3529,0.3955,0.4295
323,346,2018-10-28 01:00:00,24,0.2523,0.3124,0.3825,0.155,0.204,0.337,0.3495,0.3918,0.428
324,347,2018-10-28 02:00:00,24,0.241,0.2945,0.4239,0.1543,0.2034,0.2947,0.3278,0.3635,0.5531
325,348,2018-10-28 03:00:00,24,0.2437,0.2934,0.4229,0.164,0.209,0.2415,0.3233,0.3584,0.6043
326,349,2018-10-28 04:00:00,24,0.2407,0.2886,0.4403,0.164,0.209,0.2323,0.3174,0.3506,0.6483
327,350,2018-10-28 05:00:00,24,0.2411,0.2887,0.4457,0.1652,0.2098,0.2215,0.317,0.3502,0.6698
328,351,2018-10-28 06:00:00,24,0.2426,0.29,0.4476,0.166,0.2105,0.2115,0.3192,0.352,0.6837
329,352,2018-10-28 07:00:00,24,0.2451,0.2924,0.444,0.1683,0.2123,0.1975,0.322,0.3548,0.6905
330,353,2018-10-28 08:00:00,24,0.2348,0.2791,0.4706,0.1535,0.191,0.2332,0.3161,0.3454,0.708
331,354,2018-10-28 09:00:00,24,0.2295,0.2702,0.4245,0.1548,0.1914,0.1227,0.3043,0.3307,0.7263
332,355,2018-10-28 10:00:00,24,0.2234,0.2628,0.4367,0.1532,0.1906,0.1414,0.2936,0.319,0.732
333,356,2018-10-28 11:00:00,24,0.2222,0.2599,0.4527,0.1554,0.191,0.1851,0.289,0.314,0.7202
334,357,2018-10-28 12:00:00,24,0.2166,0.2559,0.481,0.1458,0.1826,0.266,0.2874,0.3125,0.6961
335,358,2018-10-28 13:00:00,24,0.2179,0.2569,0.4887,0.1461,0.1827,0.3031,0.2896,0.314,0.6743
336,359,2018-10-28 14:00:00,24,0.2163,0.256,0.4979,0.1466,0.1836,0.3228,0.286,0.3121,0.6731
337,360,2018-10-28 15:00:00,24,0.2159,0.2556,0.4539,0.1518,0.1945,0.2349,0.28,0.3047,0.673
338,361,2018-10-28 16:00:00,24,0.2185,0.26,0.4308,0.1514,0.1939,0.2466,0.2855,0.3124,0.6149
339,362,2018-10-28 17:00:00,24,0.2186,0.2573,0.4027,0.1571,0.1971,0.2544,0.2802,0.3058,0.5509
340,363,2018-10-28 18:00:00,24,0.2182,0.2563,0.3133,0.1576,0.1971,0.2681,0.2789,0.3041,0.3585
341,364,2018-10-28 19:00:00,24,0.2171,0.2571,0.0739,0.1506,0.1925,0.2797,0.2836,0.3084,-0.1319
342,365,2018-10-28 20:00:00,24,0.2189,0.2578,-0.3325,0.1461,0.1891,0.3011,0.2916,0.3117,-0.9661
343,366,2018-10-28 21:00:00,24,0.2168,0.2564,-0.5647,0.1326,0.1687,0.42,0.3011,0.321,-1.5494
344,367,2018-10-28 22:00:00,24,0.2252,0.2622,-0.6631,0.1339,0.1691,0.3993,0.3166,0.33,-1.7254
345,368,2018-10-28 23:00:00,24,0.2298,0.2659,-0.7006,0.1364,0.1705,0.3782,0.3233,0.3351,-1.7794
346,369,2018-10-29 00:00:00,24,0.2325,0.2687,-0.738,0.1365,0.1705,0.3737,0.3286,0.3395,-1.8497
347,370,2018-10-29 01:00:00,24,0.2331,0.2682,-0.717,0.1394,0.1727,0.3575,0.3268,0.3376,-1.7916
348,371,2018-10-29 02:00:00,24,0.2352,0.2724,-0.7607,0.1353,0.1701,0.3745,0.3351,0.3456,-1.896
349,372,2018-10-29 03:00:00,24,0.2321,0.2698,-0.7556,0.1311,0.1654,0.3961,0.3332,0.3438,-1.9073
350,373,2018-10-29 04:00:00,24,0.2322,0.2681,-0.7456,0.1353,0.1687,0.3731,0.329,0.3396,-1.8644
351,374,2018-10-29 05:00:00,24,0.2326,0.2683,-0.7311,0.1365,0.1698,0.3798,0.3287,0.3393,-1.8421
352,375,2018-10-29 06:00:00,24,0.2324,0.2691,-0.7525,0.1331,0.1663,0.4194,0.3316,0.3423,-1.9243
353,376,2018-10-29 07:00:00,24,0.2324,0.2702,-0.6919,0.1309,0.1641,0.4547,0.3339,0.3451,-1.8384
354,377,2018-10-29 08:00:00,24,0.2352,0.2709,-0.7206,0.1421,0.1802,0.4843,0.3283,0.338,-1.9255
355,378,2018-10-29 09:00:00,24,0.2391,0.2785,-0.544,0.1393,0.1795,0.5587,0.3389,0.3506,-1.6467
356,379,2018-10-29 10:00:00,24,0.2478,0.2903,-0.1705,0.1408,0.1803,0.6084,0.3547,0.3688,-0.9495
357,380,2018-10-29 11:00:00,24,0.2574,0.299,0.0749,0.1528,0.1933,0.5306,0.3619,0.3761,-0.3808
358,381,2018-10-29 12:00:00,24,0.2621,0.3016,0.1618,0.1614,0.2,0.4189,0.3627,0.3768,-0.0954
359,382,2018-10-29 13:00:00,24,0.2661,0.3049,0.0942,0.1634,0.2008,0.1233,0.3687,0.3816,0.0651
360,383,2018-10-29 14:00:00,24,0.2657,0.3039,0.0323,0.1584,0.1941,-0.0478,0.373,0.3835,0.1124
361,384,2018-10-29 15:00:00,24,0.2575,0.2967,0.1397,0.1422,0.1707,0.1656,0.3728,0.3833,0.1138
362,385,2018-10-29 16:00:00,24,0.2522,0.2919,0.2061,0.1347,0.1623,0.2616,0.3697,0.3796,0.1506
363,386,2018-10-29 17:00:00,24,0.2545,0.2944,0.198,0.1358,0.1636,0.2625,0.3732,0.3828,0.1335
364,387,2018-10-29 18:00:00,24,0.2563,0.297,0.2147,0.1358,0.1636,0.2972,0.3767,0.3869,0.1323
365,388,2018-10-29 19:00:00,24,0.2645,0.3106,0.2469,0.1366,0.1639,0.3711,0.3924,0.4076,0.1228
366,389,2018-10-29 20:00:00,24,0.2695,0.3178,0.2925,0.1343,0.1629,0.4382,0.4048,0.4188,0.1468
367,390,2018-10-29 21:00:00,24,0.2676,0.3154,0.3331,0.1346,0.1631,0.4611,0.4007,0.4152,0.205
368,391,2018-10-29 22:00:00,24,0.2633,0.3123,0.3515,0.1322,0.1627,0.4765,0.3945,0.4106,0.2266
369,392,2018-10-29 23:00:00,24,0.2581,0.3094,0.35,0.1274,0.1607,0.4975,0.3888,0.4069,0.2024
370,393,2018-10-30 00:00:00,24,0.2595,0.3099,0.3067,0.1297,0.1616,0.4624,0.3893,0.4073,0.151
371,394,2018-10-30 01:00:00,24,0.256,0.3087,0.2699,0.1233,0.1583,0.4606,0.3887,0.4068,0.0792
372,395,2018-10-30 02:00:00,24,0.2546,0.3058,0.2237,0.1261,0.1599,0.4167,0.3832,0.4019,0.0307
373,396,2018-10-30 03:00:00,24,0.2544,0.3064,0.1614,0.124,0.1585,0.3966,0.3848,0.4032,-0.0739
374,397,2018-10-30 04:00:00,24,0.2555,0.311,0.0847,0.1174,0.1542,0.406,0.3936,0.4119,-0.2365
375,398,2018-10-30 05:00:00,24,0.253,0.31,0.0077,0.1126,0.1505,0.4266,0.3934,0.4117,-0.4113
376,399,2018-10-30 06:00:00,24,0.2515,0.3089,-0.0964,0.1108,0.1492,0.4366,0.3921,0.4105,-0.6294
377,400,2018-10-30 07:00:00,24,0.2481,0.3067,-0.1583,0.1062,0.1466,0.4587,0.3899,0.4083,-0.7753
378,401,2018-10-30 08:00:00,24,0.2492,0.3083,-0.287,0.1089,0.1541,0.4671,0.3895,0.4079,-1.0412
379,402,2018-10-30 09:00:00,24,0.2548,0.3127,-0.2384,0.1168,0.1592,0.4282,0.3928,0.4125,-0.9051
380,403,2018-10-30 10:00:00,24,0.2502,0.3059,-0.0442,0.1155,0.1584,0.4174,0.3849,0.4026,-0.5057
381,404,2018-10-30 11:00:00,24,0.2474,0.3025,0.058,0.1177,0.1634,0.4082,0.3771,0.3954,-0.2922
382,405,2018-10-30 12:00:00,24,0.2441,0.3002,0.112,0.118,0.164,0.4782,0.3701,0.3915,-0.2543
383,406,2018-10-30 13:00:00,24,0.24,0.2963,0.1265,0.1189,0.1646,0.516,0.3612,0.3853,-0.2631
384,407,2018-10-30 14:00:00,24,0.2422,0.3004,0.0996,0.1294,0.184,0.5679,0.3549,0.3829,-0.3687
385,408,2018-10-30 15:00:00,24,0.2589,0.3207,-0.1881,0.1537,0.2269,0.3232,0.3641,0.3927,-0.6994
386,409,2018-10-30 16:00:00,24,0.2606,0.3232,-0.3932,0.1537,0.2269,0.2877,0.3676,0.3968,-1.0741
387,410,2018-10-30 17:00:00,24,0.2609,0.3262,-0.6628,0.1485,0.2236,0.3151,0.3734,0.4036,-1.6408
388,411,2018-10-30 18:00:00,24,0.2716,0.3356,-0.8996,0.1654,0.2401,0.2335,0.3778,0.4094,-2.0326
389,412,2018-10-30 19:00:00,24,0.271,0.3298,-0.6429,0.1719,0.244,0.1936,0.37,0.3975,-1.4793
390,413,2018-10-30 20:00:00,24,0.271,0.3308,-0.3956,0.1707,0.2439,0.1763,0.3713,0.3991,-0.9674
391,414,2018-10-30 21:00:00,24,0.269,0.329,-0.2975,0.175,0.2468,0.1851,0.3629,0.3944,-0.7801
392,415,2018-10-30 22:00:00,24,0.2669,0.3278,-0.2974,0.1757,0.2468,0.2096,0.3582,0.3924,-0.8043
393,416,2018-10-30 23:00:00,24,0.2691,0.3284,-0.3842,0.1786,0.2473,0.2061,0.3596,0.3931,-0.9745
394,417,2018-10-31 00:00:00,24,0.2658,0.3264,-0.4422,0.1759,0.2466,0.2179,0.3558,0.3901,-1.1024
395,418,2018-10-31 01:00:00,24,0.2662,0.3256,-0.5283,0.1786,0.2471,0.2235,0.3537,0.3886,-1.28
396,419,2018-10-31 02:00:00,24,0.2641,0.3247,-0.6454,0.1757,0.246,0.2355,0.3526,0.3878,-1.5263
397,420,2018-10-31 03:00:00,24,0.2628,0.3237,-0.7566,0.1747,0.2457,0.2392,0.3508,0.3862,-1.7524
398,421,2018-10-31 04:00:00,24,0.2606,0.3188,-0.7019,0.1787,0.2469,0.2392,0.3424,0.3773,-1.6431
399,422,2018-10-31 05:00:00,24,0.2603,0.3179,-0.6833,0.1808,0.2476,0.247,0.3398,0.3752,-1.6136
400,423,2018-10-31 06:00:00,24,0.2613,0.3194,-0.705,0.1803,0.2474,0.2563,0.3423,0.3778,-1.6662
401,424,2018-10-31 07:00:00,24,0.2636,0.3206,-0.7052,0.1835,0.2483,0.2655,0.3438,0.3794,-1.6758
402,425,2018-10-31 08:00:00,24,0.2604,0.3168,-0.6827,0.178,0.2396,0.3157,0.3428,0.3785,-1.6812
403,426,2018-10-31 09:00:00,24,0.2535,0.3101,-0.6447,0.1706,0.2363,0.3591,0.3364,0.3694,-1.6485
404,427,2018-10-31 10:00:00,24,0.2563,0.3118,-0.6975,0.175,0.2389,0.3881,0.3375,0.3707,-1.7832
405,428,2018-10-31 11:00:00,24,0.2519,0.3075,-0.6935,0.1683,0.2298,0.4139,0.3355,0.3693,-1.8008
406,429,2018-10-31 12:00:00,24,0.2533,0.3083,-0.7808,0.1649,0.2264,0.3221,0.3416,0.3727,-1.8838
407,430,2018-10-31 13:00:00,24,0.2559,0.3104,-0.8774,0.1642,0.226,0.2196,0.3475,0.3764,-1.9744
408,431,2018-10-31 14:00:00,24,0.2595,0.3123,-1.4503,0.1642,0.226,-0.161,0.3549,0.3795,-2.7395
409,432,2018-10-31 15:00:00,24,0.2382,0.2885,-0.911,0.1398,0.1829,0.4569,0.3366,0.3647,-2.2788
410,433,2018-10-31 16:00:00,24,0.2274,0.279,-0.2537,0.1361,0.1818,0.5846,0.3186,0.3502,-1.092
411,434,2018-10-31 17:00:00,24,0.222,0.2702,0.1709,0.1405,0.185,0.6053,0.3034,0.3343,-0.2635
412,435,2018-10-31 18:00:00,24,0.2081,0.2524,0.4234,0.1255,0.1636,0.6952,0.2907,0.3173,0.1516
413,436,2018-10-31 19:00:00,24,0.2,0.2425,0.5407,0.1189,0.1576,0.723,0.2811,0.3045,0.3584
414,437,2018-10-31 20:00:00,24,0.1994,0.2377,0.5628,0.1229,0.159,0.7194,0.276,0.2962,0.4063
415,438,2018-10-31 21:00:00,24,0.2033,0.244,0.5534,0.1172,0.1536,0.7333,0.2894,0.3089,0.3736
416,439,2018-10-31 22:00:00,24,0.2054,0.2455,0.5725,0.1168,0.1536,0.7275,0.294,0.3114,0.4176
417,440,2018-10-31 23:00:00,24,0.2043,0.2456,0.6027,0.1138,0.1527,0.7304,0.2948,0.312,0.4749
418,441,2018-11-01 00:00:00,24,0.2048,0.2462,0.6264,0.1136,0.1527,0.7328,0.2959,0.313,0.52
419,442,2018-11-01 01:00:00,24,0.2057,0.2465,0.6427,0.1159,0.1541,0.7248,0.2955,0.3126,0.5607
420,443,2018-11-01 02:00:00,24,0.2077,0.2508,0.6433,0.1136,0.1537,0.7257,0.3018,0.3196,0.5608
421,444,2018-11-01 03:00:00,24,0.2088,0.2509,0.6473,0.1164,0.1554,0.7163,0.3011,0.319,0.5783
422,445,2018-11-01 04:00:00,24,0.2087,0.2507,0.6493,0.1165,0.1555,0.7067,0.3008,0.3186,0.5919
423,446,2018-11-01 05:00:00,24,0.211,0.2526,0.6399,0.1193,0.158,0.6843,0.3027,0.3204,0.5955
424,447,2018-11-01 06:00:00,24,0.2129,0.2573,0.6178,0.1178,0.1574,0.6712,0.3079,0.328,0.5644
425,448,2018-11-01 07:00:00,24,0.2083,0.252,0.607,0.1162,0.1565,0.6526,0.3005,0.3202,0.5614
426,449,2018-11-01 08:00:00,24,0.2103,0.2555,0.5349,0.1224,0.1712,0.5322,0.2983,0.3181,0.5375
427,450,2018-11-01 09:00:00,24,0.2144,0.2627,0.4467,0.1236,0.1715,0.4687,0.3051,0.3296,0.4248
428,451,2018-11-01 10:00:00,24,0.2137,0.2615,0.3196,0.1242,0.1721,0.3517,0.3033,0.3273,0.2875
429,452,2018-11-01 11:00:00,24,0.2144,0.2629,0.2033,0.1204,0.1679,0.3372,0.3084,0.3317,0.0695
430,453,2018-11-01 12:00:00,24,0.2139,0.2636,0.0628,0.1165,0.1647,0.3754,0.3113,0.3345,-0.2497
431,454,2018-11-01 13:00:00,24,0.2108,0.2612,-0.1958,0.1151,0.1639,0.3911,0.3066,0.331,-0.7827
432,455,2018-11-01 14:00:00,24,0.205,0.255,-0.7135,0.1005,0.1374,0.5234,0.3095,0.3335,-1.9504
433,456,2018-11-01 15:00:00,24,0.2128,0.2614,-1.3192,0.1034,0.1395,0.3975,0.3223,0.3423,-3.036
434,457,2018-11-01 16:00:00,24,0.222,0.2672,-1.6047,0.1102,0.1439,0.2314,0.3337,0.3493,-3.4409
435,458,2018-11-01 17:00:00,24,0.2236,0.2698,-1.6016,0.106,0.1399,0.2973,0.3412,0.355,-3.5005
436,459,2018-11-01 18:00:00,24,0.2262,0.2713,-1.5466,0.1099,0.1432,0.3939,0.3424,0.356,-3.4871
437,460,2018-11-01 19:00:00,24,0.228,0.273,-1.6199,0.1111,0.1438,0.4966,0.345,0.3583,-3.7365
438,461,2018-11-01 20:00:00,24,0.2312,0.2801,-1.3806,0.1098,0.143,0.5821,0.3527,0.3694,-3.3432
439,462,2018-11-01 21:00:00,24,0.2334,0.2815,-0.914,0.1132,0.1459,0.5671,0.3535,0.3704,-2.3951
440,463,2018-11-01 22:00:00,24,0.2338,0.2808,-0.8502,0.1175,0.1477,0.5562,0.3501,0.3687,-2.2567
441,464,2018-11-01 23:00:00,24,0.2309,0.2789,-0.9096,0.1215,0.1492,0.544,0.3403,0.3652,-2.3632
442,465,2018-11-02 00:00:00,24,0.2289,0.2767,-0.8899,0.1246,0.1505,0.5077,0.3333,0.3612,-2.2876
443,466,2018-11-02 01:00:00,24,0.2254,0.2745,-0.7075,0.1223,0.1489,0.4968,0.3285,0.3585,-1.9117
444,467,2018-11-02 02:00:00,24,0.2232,0.2698,-0.4026,0.1267,0.1506,0.4247,0.3197,0.3506,-1.2298
445,468,2018-11-02 03:00:00,24,0.2219,0.2686,-0.1886,0.1266,0.1505,0.3656,0.3171,0.3487,-0.7428
446,469,2018-11-02 04:00:00,24,0.2213,0.2678,-0.0337,0.1271,0.1509,0.3018,0.3155,0.3474,-0.3693
447,470,2018-11-02 05:00:00,24,0.2204,0.2676,0.0659,0.1248,0.1487,0.2867,0.3161,0.3479,-0.1549
448,471,2018-11-02 06:00:00,24,0.22,0.2658,0.059,0.1259,0.1491,0.168,0.3141,0.345,-0.0499
449,472,2018-11-02 07:00:00,24,0.2262,0.2719,-0.0775,0.1301,0.1524,-0.0954,0.3222,0.3531,-0.0595
450,473,2018-11-02 08:00:00,24,0.2265,0.2719,0.0856,0.1287,0.1482,0.2028,0.3242,0.3549,-0.0316
451,474,2018-11-02 09:00:00,24,0.2244,0.2666,0.1284,0.1299,0.1487,0.2564,0.319,0.3464,0.0004
452,475,2018-11-02 10:00:00,24,0.2218,0.2672,0.1267,0.1218,0.1428,0.3216,0.3218,0.3498,-0.0682
453,476,2018-11-02 11:00:00,24,0.2172,0.2633,0.0718,0.119,0.1406,0.2378,0.3154,0.3448,-0.0942
454,477,2018-11-02 12:00:00,24,0.2149,0.261,0.0025,0.1182,0.1401,0.1258,0.3117,0.3415,-0.1209
455,478,2018-11-02 13:00:00,24,0.2193,0.2647,-0.1199,0.1208,0.1422,-0.0665,0.3178,0.3462,-0.1734
456,479,2018-11-02 14:00:00,24,0.2168,0.262,-0.0349,0.1225,0.1436,0.0355,0.3111,0.3416,-0.1053
457,480,2018-11-02 15:00:00,24,0.2173,0.2626,0.0062,0.1228,0.1439,0.1201,0.3118,0.3424,-0.1077
458,481,2018-11-02 16:00:00,24,0.2253,0.2728,-0.1896,0.1363,0.1726,-0.2262,0.3143,0.3451,-0.1531
459,482,2018-11-02 17:00:00,24,0.2273,0.2745,-0.2252,0.1387,0.1741,-0.245,0.316,0.347,-0.2053
460,483,2018-11-02 18:00:00,24,0.224,0.2734,-0.2194,0.1323,0.1708,-0.21,0.3158,0.3468,-0.2287
461,484,2018-11-02 19:00:00,24,0.2223,0.2727,-0.24,0.1293,0.1699,-0.2067,0.3153,0.3463,-0.2733
462,485,2018-11-02 20:00:00,24,0.2211,0.2676,-0.4022,0.1327,0.1721,-0.2992,0.3095,0.3371,-0.5052
463,486,2018-11-02 21:00:00,24,0.219,0.2674,-0.8574,0.1277,0.1691,-0.2576,0.3104,0.3383,-1.4572
464,487,2018-11-02 22:00:00,24,0.222,0.2706,-1.7491,0.1256,0.168,-0.2346,0.3184,0.3439,-3.2636
465,488,2018-11-02 23:00:00,24,0.2254,0.2729,-2.3436,0.1219,0.1667,-0.1692,0.3289,0.3481,-4.518
466,489,2018-11-03 00:00:00,24,0.2301,0.2792,-2.3247,0.1181,0.1655,-0.0474,0.3421,0.3585,-4.6021
467,490,2018-11-03 01:00:00,24,0.2365,0.2839,-2.1391,0.122,0.1682,-0.0362,0.3509,0.3646,-4.242
468,491,2018-11-03 02:00:00,24,0.2415,0.2895,-1.8508,0.1225,0.1685,-0.011,0.3604,0.3731,-3.6906
469,492,2018-11-03 03:00:00,24,0.246,0.2959,-1.4091,0.1205,0.1673,0.0424,0.3714,0.3836,-2.8605
470,493,2018-11-03 04:00:00,24,0.2481,0.298,-1.1977,0.1209,0.1677,0.0525,0.3753,0.3866,-2.448
471,494,2018-11-03 05:00:00,24,0.2489,0.2986,-1.0122,0.1215,0.1681,0.0379,0.3762,0.3874,-2.0622
472,495,2018-11-03 06:00:00,24,0.2489,0.2976,-0.6955,0.1231,0.169,0.0311,0.3746,0.3855,-1.4221
473,496,2018-11-03 07:00:00,24,0.2486,0.297,-0.4258,0.1238,0.1697,0.0036,0.3735,0.3842,-0.8552
474,497,2018-11-03 08:00:00,24,0.2515,0.3018,-0.3112,0.1194,0.1597,-0.1998,0.3836,0.3957,-0.4227
475,498,2018-11-03 09:00:00,24,0.254,0.3068,-0.3489,0.1189,0.1595,-0.6955,0.3891,0.4036,-0.0023
476,499,2018-11-03 10:00:00,24,0.2554,0.3075,-0.3685,0.1209,0.1599,-1.0065,0.3899,0.4045,0.2696
477,500,2018-11-03 11:00:00,24,0.2637,0.3165,-0.3132,0.123,0.1613,-1.042,0.4043,0.4175,0.4155
478,501,2018-11-03 12:00:00,24,0.2677,0.3204,-0.0768,0.1242,0.1619,-0.6711,0.4113,0.4232,0.5175
479,502,2018-11-03 13:00:00,24,0.2768,0.3297,-0.218,0.1349,0.1787,-1.0233,0.4188,0.4307,0.5873
480,503,2018-11-03 14:00:00,24,0.281,0.3351,-0.2753,0.1306,0.1766,-1.1766,0.4314,0.4397,0.6259
481,504,2018-11-03 15:00:00,24,0.2829,0.3363,-0.3587,0.1337,0.1797,-1.3796,0.4321,0.4404,0.6621
482,505,2018-11-03 16:00:00,24,0.2766,0.3322,-0.3349,0.1162,0.1491,-1.3573,0.4369,0.4454,0.6874
483,506,2018-11-03 17:00:00,24,0.2781,0.3381,-0.3953,0.1105,0.1464,-1.4967,0.4457,0.4551,0.7061
484,507,2018-11-03 18:00:00,24,0.2823,0.3415,-0.2913,0.1132,0.1471,-1.304,0.4515,0.46,0.7214
485,508,2018-11-03 19:00:00,24,0.2931,0.3516,-0.4684,0.1231,0.1562,-1.6651,0.4631,0.4721,0.7282
486,509,2018-11-03 20:00:00,24,0.2928,0.3529,-0.5787,0.12,0.1539,-1.9042,0.4656,0.4747,0.7469
487,510,2018-11-03 21:00:00,24,0.292,0.3519,-0.7111,0.1198,0.1539,-2.189,0.4642,0.4733,0.7668
488,511,2018-11-03 22:00:00,24,0.2946,0.3552,-0.7942,0.1191,0.1536,-2.3637,0.4701,0.4783,0.7754
489,512,2018-11-03 23:00:00,24,0.2986,0.3572,-0.8396,0.1234,0.1554,-2.4565,0.4738,0.4807,0.7772
490,513,2018-11-04 00:00:00,24,0.3032,0.3614,-0.9163,0.127,0.1567,-2.6113,0.4793,0.4864,0.7786
491,514,2018-11-04 01:00:00,24,0.3022,0.3609,-0.8494,0.1252,0.155,-2.4779,0.4792,0.4863,0.7792
492,515,2018-11-04 02:00:00,24,0.3005,0.3584,-0.8731,0.1277,0.1574,-2.5253,0.4734,0.4819,0.7791
493,516,2018-11-04 03:00:00,24,0.2989,0.3566,-0.8776,0.1273,0.1572,-2.5333,0.4706,0.4792,0.7781
494,517,2018-11-04 04:00:00,24,0.2995,0.3568,-0.8556,0.1287,0.1586,-2.4804,0.4703,0.479,0.7691
495,518,2018-11-04 05:00:00,24,0.2986,0.3561,-0.8182,0.1281,0.1582,-2.3888,0.469,0.4781,0.7524
496,519,2018-11-04 06:00:00,24,0.2993,0.3568,-0.7722,0.1284,0.1584,-2.2763,0.4701,0.4791,0.7319
497,520,2018-11-04 07:00:00,24,0.297,0.3549,-0.6416,0.1269,0.1568,-1.989,0.4671,0.4768,0.7058
498,521,2018-11-04 08:00:00,24,0.2883,0.347,-0.731,0.1166,0.1429,-2.1478,0.46,0.4695,0.6858
499,522,2018-11-04 09:00:00,24,0.2808,0.3376,-0.729,0.1153,0.1425,-2.1351,0.4464,0.4557,0.6771
500,523,2018-11-04 10:00:00,24,0.273,0.3309,-0.4608,0.1145,0.1422,-1.5717,0.4316,0.4458,0.6501
501,524,2018-11-04 11:00:00,24,0.2635,0.3216,0.0808,0.1138,0.1416,-0.458,0.4132,0.4322,0.6195
502,525,2018-11-04 12:00:00,24,0.2555,0.3157,0.3718,0.1136,0.1415,0.1804,0.3975,0.4235,0.5631
503,526,2018-11-04 13:00:00,24,0.2377,0.3014,0.5816,0.0978,0.1161,0.6432,0.3775,0.4101,0.52
504,527,2018-11-04 14:00:00,24,0.2296,0.2941,0.6226,0.0974,0.116,0.7549,0.3618,0.3995,0.4903
505,528,2018-11-04 15:00:00,24,0.2187,0.2864,0.6658,0.0894,0.1071,0.837,0.348,0.3906,0.4947
506,529,2018-11-04 16:00:00,24,0.2132,0.2792,0.7039,0.088,0.1063,0.8708,0.3384,0.3803,0.5369
507,530,2018-11-04 17:00:00,24,0.2086,0.269,0.7503,0.0916,0.1079,0.8839,0.3256,0.3648,0.6167
508,531,2018-11-04 19:00:00,24,0.2119,0.2708,0.7599,0.0983,0.117,0.8705,0.3255,0.3647,0.6493
509,532,2018-11-04 20:00:00,24,0.2074,0.264,0.7871,0.0945,0.1099,0.8855,0.3204,0.3568,0.6888
510,533,2018-11-04 21:00:00,24,0.2094,0.2652,0.7883,0.0979,0.1135,0.8751,0.3209,0.3575,0.7015
511,534,2018-11-04 22:00:00,24,0.2103,0.2661,0.79,0.0989,0.114,0.8724,0.3218,0.3586,0.7077
512,535,2018-11-04 23:00:00,24,0.2126,0.266,0.7849,0.1054,0.1209,0.8538,0.3199,0.3563,0.716
513,536,2018-11-05 00:00:00,24,0.2157,0.2724,0.7771,0.1036,0.1194,0.8545,0.3279,0.3663,0.6997
514,537,2018-11-05 01:00:00,24,0.2111,0.2651,0.7822,0.1025,0.1187,0.8527,0.3197,0.3556,0.7117
515,538,2018-11-05 02:00:00,24,0.2104,0.2644,0.7775,0.1021,0.1183,0.8489,0.3187,0.3547,0.7062
516,539,2018-11-05 03:00:00,24,0.2131,0.2696,0.7664,0.0996,0.1151,0.8491,0.3266,0.3634,0.6837
517,540,2018-11-05 04:00:00,24,0.2124,0.2676,0.7589,0.1014,0.1164,0.8399,0.3235,0.3601,0.678
518,541,2018-11-05 05:00:00,24,0.2106,0.2666,0.7525,0.0977,0.1122,0.8416,0.3234,0.36,0.6634
519,542,2018-11-05 06:00:00,24,0.2118,0.2695,0.7381,0.0956,0.1103,0.8345,0.3281,0.3648,0.6416
520,543,2018-11-05 07:00:00,24,0.2109,0.2675,0.7222,0.0964,0.1112,0.8197,0.3254,0.3615,0.6248
521,544,2018-11-05 08:00:00,24,0.2142,0.2703,0.69,0.1023,0.1224,0.7841,0.3261,0.3622,0.596
522,545,2018-11-05 09:00:00,24,0.213,0.2707,0.6741,0.0991,0.1214,0.788,0.3268,0.363,0.5602
523,546,2018-11-05 10:00:00,24,0.2177,0.2759,0.6611,0.1015,0.1226,0.8016,0.3338,0.3705,0.5206
524,547,2018-11-05 11:00:00,24,0.2256,0.2808,0.6344,0.1114,0.1347,0.7619,0.3397,0.3736,0.5068
525,548,2018-11-05 12:00:00,24,0.2328,0.2858,0.63,0.1188,0.1452,0.7514,0.3469,0.3772,0.5087
526,549,2018-11-05 13:00:00,24,0.2432,0.2944,0.5752,0.1347,0.1735,0.6327,0.3517,0.3785,0.5178
527,550,2018-11-05 14:00:00,24,0.2473,0.2956,0.561,0.1399,0.1759,0.6049,0.3548,0.3792,0.5171
528,551,2018-11-05 15:00:00,24,0.2517,0.2987,0.5043,0.1518,0.1871,0.5048,0.3517,0.3788,0.5039
529,552,2018-11-05 16:00:00,24,0.2588,0.302,0.4397,0.1592,0.1917,0.4268,0.3583,0.3817,0.4527
530,553,2018-11-05 17:00:00,24,0.2605,0.3025,0.3506,0.1629,0.1934,0.3105,0.3581,0.3816,0.3908
531,554,2018-11-05 18:00:00,24,0.2634,0.3043,0.2503,0.1673,0.1966,0.2065,0.3595,0.3828,0.2942
532,555,2018-11-05 19:00:00,24,0.261,0.305,0.1748,0.1593,0.191,0.2042,0.3627,0.3867,0.1455
533,556,2018-11-05 20:00:00,24,0.2586,0.3051,0.0889,0.1533,0.188,0.1922,0.364,0.3884,-0.0145
534,557,2018-11-05 21:00:00,24,0.2527,0.2979,0.062,0.1507,0.1862,0.1912,0.3547,0.3779,-0.0672
535,558,2018-11-05 22:00:00,24,0.2509,0.2958,0.0263,0.1498,0.1859,0.1695,0.352,0.3747,-0.1169
536,559,2018-11-05 23:00:00,24,0.2487,0.2955,0.0968,0.1605,0.204,0.2275,0.337,0.3646,-0.0339
537,560,2018-11-06 00:00:00,24,0.2543,0.301,0.0173,0.1836,0.2405,-0.0802,0.3251,0.3512,0.1148
538,561,2018-11-06 01:00:00,24,0.2542,0.3004,0.0477,0.1844,0.2408,-0.083,0.3239,0.3499,0.1784
539,562,2018-11-06 02:00:00,24,0.2554,0.3035,0.0535,0.1816,0.2399,-0.0735,0.3292,0.3559,0.1805
540,563,2018-11-06 03:00:00,24,0.2487,0.2974,0.0928,0.1767,0.2386,-0.0593,0.3207,0.3464,0.2449
541,564,2018-11-06 04:00:00,24,0.2459,0.2958,0.1103,0.1733,0.2377,-0.0477,0.3184,0.3442,0.2683
542,565,2018-11-06 05:00:00,24,0.2474,0.3001,0.0919,0.1699,0.237,-0.0437,0.3249,0.3521,0.2276
543,566,2018-11-06 06:00:00,24,0.2464,0.2987,0.0859,0.17,0.237,-0.0426,0.3229,0.3497,0.2144
544,567,2018-11-06 07:00:00,24,0.2431,0.2954,0.071,0.1683,0.2361,-0.0463,0.3179,0.3446,0.1883
545,568,2018-11-06 08:00:00,24,0.2424,0.2948,0.0312,0.1667,0.2343,-0.0447,0.3181,0.3448,0.1071
546,569,2018-11-06 09:00:00,24,0.2438,0.2943,-0.0541,0.1709,0.2352,-0.085,0.3168,0.3433,-0.0231
547,570,2018-11-06 10:00:00,24,0.2432,0.292,-0.2686,0.1734,0.2366,-0.2177,0.3129,0.3384,-0.3194
548,571,2018-11-06 11:00:00,24,0.2415,0.291,-0.519,0.1684,0.2319,-0.1727,0.3147,0.34,-0.8652
549,572,2018-11-06 12:00:00,24,0.2408,0.2904,-1.1449,0.1688,0.2324,-0.2436,0.3128,0.3386,-2.0462
550,573,2018-11-06 13:00:00,24,0.2362,0.2852,-1.6648,0.1618,0.2205,0.0895,0.3106,0.3377,-3.4191
551,574,2018-11-06 14:00:00,24,0.2463,0.2966,-0.957,0.1795,0.2473,-0.1319,0.3132,0.3388,-1.782
552,575,2018-11-06 15:00:00,24,0.2576,0.3085,-0.4694,0.1925,0.2707,-0.2539,0.3226,0.3422,-0.6848
553,576,2018-11-06 16:00:00,24,0.2557,0.3082,-0.1569,0.1964,0.2743,-0.3465,0.3151,0.3387,0.0328
554,577,2018-11-06 17:00:00,24,0.2538,0.3067,0.0137,0.1965,0.2744,-0.3553,0.3112,0.3359,0.3828
555,578,2018-11-06 18:00:00,24,0.2612,0.3152,-0.0643,0.2032,0.2811,-0.6041,0.3192,0.346,0.4756
556,579,2018-11-06 19:00:00,24,0.2641,0.3179,-0.0514,0.2065,0.282,-0.6194,0.3217,0.35,0.5165
557,580,2018-11-06 20:00:00,24,0.2677,0.3204,-0.0572,0.2115,0.2835,-0.6326,0.3238,0.3534,0.5181
558,581,2018-11-06 21:00:00,24,0.2733,0.3262,-0.0197,0.2149,0.2852,-0.5318,0.3316,0.3625,0.4924
559,582,2018-11-06 22:00:00,24,0.2739,0.3259,0.0004,0.2168,0.2856,-0.4822,0.331,0.3618,0.4829
560,583,2018-11-06 23:00:00,24,0.2735,0.3248,-0.0984,0.2018,0.2705,-0.6528,0.3453,0.3712,0.4559
561,584,2018-11-07 00:00:00,24,0.2627,0.3137,0.0842,0.1763,0.2382,-0.277,0.349,0.3742,0.4454
562,585,2018-11-07 01:00:00,24,0.2598,0.3115,0.0907,0.1749,0.2378,-0.2748,0.3447,0.3709,0.4561
563,586,2018-11-07 02:00:00,24,0.2557,0.3066,0.0919,0.1752,0.2378,-0.2901,0.3362,0.3626,0.4739
564,587,2018-11-07 03:00:00,24,0.2569,0.3076,0.0808,0.1758,0.2379,-0.3002,0.338,0.3641,0.4619
565,588,2018-11-07 04:00:00,24,0.2574,0.307,0.0789,0.1788,0.2386,-0.3016,0.336,0.3627,0.4594
566,589,2018-11-07 05:00:00,24,0.2555,0.3025,0.0804,0.1819,0.2392,-0.2957,0.3291,0.3546,0.4565
567,590,2018-11-07 06:00:00,24,0.2568,0.3057,0.0461,0.1799,0.2388,-0.3003,0.3337,0.3603,0.3925
568,591,2018-11-07 07:00:00,24,0.2555,0.3047,0.0266,0.1792,0.2386,-0.2905,0.3318,0.3589,0.3438
569,592,2018-11-07 08:00:00,24,0.2532,0.3038,-0.0151,0.1731,0.2339,-0.2955,0.3332,0.3604,0.2653
570,593,2018-11-07 09:00:00,24,0.2545,0.3064,-0.078,0.1719,0.2335,-0.2951,0.3371,0.365,0.139
571,594,2018-11-07 10:00:00,24,0.2514,0.304,-0.1287,0.169,0.232,-0.2391,0.3337,0.3619,-0.0183
572,595,2018-11-07 11:00:00,24,0.2501,0.303,-0.2706,0.174,0.2366,-0.2842,0.3262,0.3573,-0.257
573,596,2018-11-07 12:00:00,24,0.2452,0.2996,-0.4232,0.1673,0.2304,-0.2882,0.3231,0.3556,-0.5581
574,597,2018-11-07 13:00:00,24,0.2442,0.2987,-0.8561,0.159,0.2227,-0.9267,0.3294,0.3589,-0.7855
575,598,2018-11-07 14:00:00,24,0.2357,0.2882,-0.4768,0.1409,0.1922,-0.252,0.3305,0.3595,-0.7016
576,599,2018-11-07 15:00:00,24,0.2233,0.273,-0.1639,0.1201,0.1461,0.1398,0.3266,0.3574,-0.4676
577,600,2018-11-07 16:00:00,24,0.2218,0.271,0.0929,0.1139,0.1362,0.4397,0.3296,0.3582,-0.2539
578,601,2018-11-07 17:00:00,24,0.2195,0.2701,0.2557,0.1106,0.1339,0.5402,0.3285,0.3577,-0.0289
579,602,2018-11-07 18:00:00,24,0.2105,0.2581,0.4982,0.1051,0.1213,0.7145,0.316,0.3443,0.2819
580,603,2018-11-07 19:00:00,24,0.2054,0.2508,0.6107,0.1017,0.1192,0.7639,0.309,0.334,0.4576
581,604,2018-11-07 20:00:00,24,0.2011,0.2423,0.6739,0.1022,0.1197,0.7703,0.3,0.321,0.5776
582,605,2018-11-07 21:00:00,24,0.1888,0.2295,0.7362,0.0975,0.1147,0.7731,0.28,0.3036,0.6994
583,606,2018-11-07 22:00:00,24,0.1832,0.2235,0.7678,0.0954,0.1136,0.7672,0.271,0.2949,0.7685
584,607,2018-11-07 23:00:00,24,0.1791,0.2173,0.7859,0.0971,0.1153,0.7526,0.2611,0.2849,0.8192
585,608,2018-11-08 00:00:00,24,0.1883,0.2296,0.761,0.1062,0.1251,0.7085,0.2704,0.2997,0.8136
586,609,2018-11-08 01:00:00,24,0.1911,0.2322,0.7611,0.1083,0.1264,0.7027,0.2739,0.303,0.8194
587,610,2018-11-08 02:00:00,24,0.1958,0.2365,0.7569,0.1126,0.1299,0.6949,0.279,0.3082,0.819
588,611,2018-11-08 03:00:00,24,0.1998,0.2421,0.7544,0.1142,0.1303,0.7013,0.2855,0.3166,0.8076
589,612,2018-11-08 04:00:00,24,0.2084,0.2543,0.7397,0.1179,0.1343,0.6993,0.2989,0.3337,0.7801
590,613,2018-11-08 05:00:00,24,0.21,0.2562,0.7372,0.1186,0.1348,0.7078,0.3014,0.3364,0.7666
591,614,2018-11-08 06:00:00,24,0.2119,0.2574,0.7291,0.1215,0.1361,0.7136,0.3022,0.3376,0.7445
592,615,2018-11-08 07:00:00,24,0.2185,0.2644,0.7106,0.1262,0.1405,0.7131,0.3108,0.3465,0.7081
593,616,2018-11-08 08:00:00,24,0.223,0.2693,0.6951,0.1311,0.1462,0.7198,0.3149,0.3517,0.6704
594,617,2018-11-08 09:00:00,24,0.2246,0.2716,0.6717,0.132,0.1467,0.7216,0.3172,0.355,0.6217
595,618,2018-11-08 10:00:00,24,0.2264,0.2742,0.6401,0.1313,0.1463,0.7122,0.3215,0.3592,0.568
596,619,2018-11-08 11:00:00,24,0.2265,0.2757,0.6427,0.1221,0.1356,0.7541,0.3309,0.3655,0.5313
597,620,2018-11-08 12:00:00,24,0.2267,0.2766,0.6378,0.1181,0.133,0.7593,0.3352,0.3679,0.5164
598,621,2018-11-08 13:00:00,24,0.2285,0.2784,0.6165,0.1274,0.1476,0.7261,0.3296,0.3649,0.5069
599,622,2018-11-08 14:00:00,24,0.227,0.2774,0.6267,0.1277,0.1479,0.7591,0.3263,0.3634,0.4942
600,623,2018-11-08 15:00:00,24,0.2274,0.2777,0.6408,0.1282,0.1484,0.7959,0.3266,0.3636,0.4856
601,624,2018-11-08 16:00:00,24,0.2228,0.2762,0.6605,0.1225,0.1451,0.8285,0.3231,0.3626,0.4925
602,625,2018-11-08 17:00:00,24,0.2219,0.2757,0.6805,0.1254,0.1469,0.8354,0.3184,0.3612,0.5256
603,626,2018-11-08 18:00:00,24,0.2128,0.2718,0.7218,0.116,0.1394,0.855,0.3096,0.3583,0.5886
604,627,2018-11-08 19:00:00,24,0.2137,0.2701,0.7431,0.1227,0.1449,0.84,0.3048,0.3534,0.6461
605,628,2018-11-08 20:00:00,24,0.214,0.2697,0.759,0.1254,0.1483,0.8307,0.3027,0.3514,0.6873
606,629,2018-11-08 21:00:00,24,0.2209,0.2736,0.7678,0.128,0.1501,0.8296,0.3138,0.3566,0.706
607,630,2018-11-08 22:00:00,24,0.2228,0.2745,0.7793,0.1295,0.1506,0.8303,0.316,0.3579,0.7284
608,631,2018-11-08 23:00:00,24,0.2305,0.2861,0.7457,0.1485,0.1913,0.7338,0.3125,0.3566,0.7575
609,632,2018-11-09 00:00:00,24,0.2273,0.2803,0.7525,0.1556,0.2029,0.7003,0.299,0.3405,0.8047
610,633,2018-11-09 01:00:00,24,0.2269,0.2821,0.7614,0.1514,0.2018,0.7053,0.3024,0.3441,0.8176
611,634,2018-11-09 02:00:00,24,0.2246,0.281,0.77,0.1473,0.1996,0.7089,0.3019,0.3436,0.8311
612,635,2018-11-09 03:00:00,24,0.2265,0.2806,0.7663,0.1531,0.2032,0.6906,0.2999,0.3409,0.8421
613,636,2018-11-09 04:00:00,24,0.2222,0.2736,0.7649,0.1522,0.2024,0.6728,0.2922,0.3298,0.8569
614,637,2018-11-09 05:00:00,24,0.2217,0.2749,0.7553,0.1491,0.2014,0.6542,0.2943,0.3324,0.8563
615,638,2018-11-09 06:00:00,24,0.2202,0.2709,0.7398,0.1516,0.203,0.6184,0.2887,0.3249,0.8612
616,639,2018-11-09 07:00:00,24,0.2159,0.2665,0.716,0.1478,0.2004,0.5705,0.2841,0.3192,0.8615
617,640,2018-11-09 08:00:00,24,0.2197,0.2715,0.5936,0.1615,0.2253,0.3276,0.2779,0.3108,0.8596
618,641,2018-11-09 09:00:00,24,0.2174,0.2696,0.5335,0.1586,0.2246,0.2234,0.2762,0.3081,0.8436
619,642,2018-11-09 10:00:00,24,0.2228,0.2749,0.4892,0.1651,0.2288,0.1723,0.2806,0.3143,0.8062
620,643,2018-11-09 11:00:00,24,0.23,0.2818,0.4647,0.1734,0.2343,0.1842,0.2865,0.3224,0.7452
621,644,2018-11-09 12:00:00,24,0.2362,0.288,0.4532,0.1771,0.2356,0.255,0.2953,0.3321,0.6515
622,645,2018-11-09 13:00:00,24,0.2341,0.2881,0.4499,0.1633,0.2257,0.3596,0.305,0.3393,0.5401
623,646,2018-11-09 14:00:00,24,0.2359,0.2901,0.3846,0.1598,0.2242,0.3454,0.3121,0.3435,0.4237
624,647,2018-11-09 15:00:00,24,0.2365,0.2908,0.2855,0.1573,0.223,0.2635,0.3158,0.3456,0.3075
625,648,2018-11-09 16:00:00,24,0.2472,0.2977,0.1728,0.164,0.2258,0.111,0.3304,0.3552,0.2347
626,649,2018-11-09 17:00:00,24,0.2518,0.302,0.1248,0.1598,0.2245,0.0035,0.3438,0.3633,0.2461
627,650,2018-11-09 18:00:00,24,0.2597,0.3059,0.0518,0.1622,0.2248,-0.1648,0.3571,0.3696,0.2685
628,651,2018-11-09 19:00:00,24,0.2611,0.3075,0.0382,0.1621,0.2247,-0.2199,0.3602,0.3724,0.2963
629,652,2018-11-09 20:00:00,24,0.2639,0.3136,0.0715,0.1573,0.2212,-0.1712,0.3705,0.3844,0.3143
630,653,2018-11-09 21:00:00,24,0.2693,0.3246,0.0769,0.1528,0.2196,-0.2008,0.3857,0.403,0.3547
631,654,2018-11-09 22:00:00,24,0.2711,0.3272,0.0872,0.1505,0.2192,-0.2333,0.3916,0.4074,0.4076
632,655,2018-11-09 23:00:00,24,0.2644,0.3187,0.2123,0.128,0.183,0.0233,0.4008,0.4119,0.4012
633,656,2018-11-11 00:00:00,24,0.2624,0.3173,0.2746,0.1178,0.1663,0.1735,0.407,0.4168,0.3757
634,657,2018-11-11 01:00:00,24,0.2618,0.3151,0.2296,0.1207,0.167,0.098,0.4028,0.4132,0.3613
635,658,2018-11-11 02:00:00,24,0.2619,0.3145,0.1427,0.1227,0.1679,-0.0406,0.4011,0.4118,0.326
636,659,2018-11-11 03:00:00,24,0.2577,0.3107,0.1054,0.119,0.1645,-0.0884,0.3964,0.4074,0.2993
637,660,2018-11-11 04:00:00,24,0.2558,0.3088,0.0548,0.1182,0.1638,-0.1494,0.3935,0.4049,0.259
638,661,2018-11-11 05:00:00,24,0.2547,0.3064,-0.0676,0.1199,0.1643,-0.3624,0.3895,0.401,0.2272
639,662,2018-11-11 06:00:00,24,0.2537,0.3066,-0.173,0.1167,0.1619,-0.5268,0.3907,0.4022,0.1807
640,663,2018-11-11 07:00:00,24,0.2594,0.313,-0.4347,0.1202,0.1649,-1.0016,0.3987,0.4109,0.1322
641,664,2018-11-11 08:00:00,24,0.2545,0.3096,-0.0145,0.1015,0.1221,-0.1441,0.4075,0.4204,0.115
642,665,2018-11-11 09:00:00,24,0.2513,0.3056,0.0361,0.1009,0.122,-0.1001,0.4016,0.4145,0.1724
643,666,2018-11-11 10:00:00,24,0.2431,0.2979,0.1413,0.0937,0.1135,0.0524,0.3925,0.4058,0.2301
644,667,2018-11-11 11:00:00,24,0.2346,0.2896,0.2733,0.0862,0.1022,0.2703,0.3829,0.3966,0.2762
645,668,2018-11-11 12:00:00,24,0.2277,0.2824,0.4007,0.0853,0.1011,0.4956,0.3702,0.3863,0.3059
646,669,2018-11-11 13:00:00,24,0.2227,0.2778,0.4656,0.0867,0.1014,0.6402,0.3588,0.3796,0.291
647,670,2018-11-11 14:00:00,24,0.2196,0.2753,0.4913,0.087,0.1015,0.7325,0.3523,0.3759,0.2501
648,671,2018-11-11 15:00:00,24,0.2282,0.2829,0.356,0.0995,0.1265,0.5884,0.3569,0.3795,0.1236
649,672,2018-11-11 16:00:00,24,0.2302,0.2846,0.2589,0.1025,0.1316,0.5261,0.3578,0.3804,-0.0083
650,673,2018-11-11 17:00:00,24,0.2331,0.2858,0.1511,0.108,0.1351,0.4947,0.3582,0.3809,-0.1925
651,674,2018-11-11 18:00:00,24,0.2398,0.296,-0.0369,0.1092,0.1358,0.5083,0.3705,0.396,-0.5821
652,675,2018-11-11 19:00:00,24,0.2433,0.3023,-0.2808,0.1076,0.1337,0.5426,0.379,0.4061,-1.1042
653,676,2018-11-11 20:00:00,24,0.2436,0.3021,-0.3304,0.1088,0.1347,0.5614,0.3785,0.4054,-1.2223
654,677,2018-11-11 21:00:00,24,0.2449,0.2986,-0.0996,0.1161,0.1407,0.5822,0.3737,0.3981,-0.7814
655,678,2018-11-11 22:00:00,24,0.2498,0.3042,0.0892,0.119,0.1417,0.6206,0.3807,0.4062,-0.4422
656,679,2018-11-11 23:00:00,24,0.2526,0.3062,0.225,0.1215,0.1432,0.6501,0.3836,0.4086,-0.2001
657,680,2018-11-12 00:00:00,24,0.2502,0.3047,0.3435,0.118,0.1402,0.6933,0.3824,0.4075,-0.0063
658,681,2018-11-12 01:00:00,24,0.253,0.3077,0.42,0.1186,0.1405,0.7168,0.3874,0.4119,0.1233
659,682,2018-11-12 02:00:00,24,0.2552,0.3111,0.488,0.1175,0.1398,0.74,0.393,0.4172,0.236
660,683,2018-11-12 03:00:00,24,0.2585,0.315,0.5466,0.1182,0.1404,0.7582,0.3989,0.4227,0.335
661,684,2018-11-12 04:00:00,24,0.2623,0.3206,0.6014,0.1168,0.1391,0.7822,0.4078,0.4316,0.4206
662,685,2018-11-12 05:00:00,24,0.2624,0.3205,0.645,0.1173,0.1394,0.7968,0.4074,0.4313,0.4932
663,686,2018-11-12 06:00:00,24,0.2625,0.3196,0.6799,0.1199,0.1414,0.8085,0.4051,0.4293,0.5512
664,687,2018-11-12 07:00:00,24,0.2555,0.312,0.7217,0.1165,0.138,0.8333,0.3945,0.4191,0.6101
665,688,2018-11-12 08:00:00,24,0.2549,0.3081,0.7414,0.128,0.1571,0.8235,0.3818,0.4065,0.6592
666,689,2018-11-12 09:00:00,24,0.2537,0.3057,0.7584,0.1317,0.1583,0.8366,0.3758,0.4023,0.6802
667,690,2018-11-12 10:00:00,24,0.2528,0.3043,0.7622,0.1355,0.1607,0.8345,0.3701,0.3993,0.6899
668,691,2018-11-12 11:00:00,24,0.2514,0.3032,0.7583,0.1355,0.1606,0.8256,0.3673,0.3976,0.691
669,692,2018-11-12 12:00:00,24,0.2515,0.3032,0.7347,0.137,0.1618,0.7883,0.3659,0.3971,0.6812
670,693,2018-11-12 13:00:00,24,0.2611,0.3122,0.6437,0.1572,0.1935,0.6305,0.365,0.3969,0.6568
671,694,2018-11-12 14:00:00,24,0.2603,0.3121,0.5578,0.1555,0.1931,0.5001,0.365,0.3969,0.6154
672,695,2018-11-12 15:00:00,24,0.2569,0.3087,0.5528,0.1531,0.1888,0.5318,0.3606,0.3936,0.5738
673,696,2018-11-12 16:00:00,24,0.2548,0.3061,0.575,0.1534,0.1891,0.615,0.3562,0.3894,0.5351
674,697,2018-11-12 17:00:00,24,0.254,0.306,0.5613,0.1512,0.1876,0.6471,0.3568,0.39,0.4754
675,698,2018-11-12 18:00:00,24,0.2534,0.3028,0.5444,0.1538,0.1893,0.638,0.3529,0.3841,0.4508
676,699,2018-11-12 19:00:00,24,0.2519,0.3028,0.5295,0.1501,0.1872,0.6434,0.3536,0.3852,0.4155
677,700,2018-11-12 20:00:00,24,0.2497,0.3031,0.5191,0.145,0.1853,0.6521,0.3545,0.3865,0.3861
678,701,2018-11-12 21:00:00,24,0.2529,0.3068,0.4996,0.1491,0.1907,0.6325,0.3567,0.3898,0.3667
679,702,2018-11-12 22:00:00,24,0.2505,0.3013,0.5119,0.1535,0.1938,0.6263,0.3476,0.3795,0.3976
680,703,2018-11-12 23:00:00,24,0.2473,0.2994,0.5211,0.1497,0.1924,0.636,0.345,0.3771,0.4062
681,704,2018-11-13 00:00:00,24,0.2471,0.2994,0.5216,0.149,0.1922,0.6377,0.3452,0.3773,0.4056
682,705,2018-11-13 01:00:00,24,0.2471,0.2986,0.5213,0.1508,0.1932,0.6338,0.3435,0.3755,0.4088
683,706,2018-11-13 02:00:00,24,0.2441,0.2943,0.5304,0.1518,0.1937,0.6362,0.3363,0.3683,0.4247
684,707,2018-11-13 03:00:00,24,0.239,0.2889,0.5386,0.1497,0.1927,0.6463,0.3283,0.3602,0.431
685,708,2018-11-13 04:00:00,24,0.2349,0.2843,0.53,0.1465,0.1915,0.6556,0.3233,0.3535,0.4044
686,709,2018-11-13 05:00:00,24,0.2349,0.2842,0.503,0.1467,0.1915,0.6631,0.323,0.3533,0.343
687,710,2018-11-13 06:00:00,24,0.233,0.2827,0.464,0.1447,0.1903,0.6746,0.3212,0.3516,0.2533
688,711,2018-11-13 07:00:00,24,0.2374,0.2884,0.3977,0.1453,0.1906,0.6829,0.3296,0.3606,0.1125
689,712,2018-11-13 08:00:00,24,0.2392,0.2904,0.358,0.1417,0.1841,0.7096,0.3367,0.3672,0.0065
690,713,2018-11-13 09:00:00,24,0.244,0.2987,0.3497,0.1377,0.183,0.7272,0.3503,0.3807,-0.0278
691,714,2018-11-13 10:00:00,24,0.2492,0.3032,0.3997,0.1384,0.1836,0.7612,0.3601,0.3875,0.0383
692,715,2018-11-13 11:00:00,24,0.2523,0.3051,0.4442,0.1409,0.185,0.7758,0.3636,0.3897,0.1126
693,716,2018-11-13 12:00:00,24,0.2591,0.3103,0.4502,0.1505,0.1979,0.7448,0.3677,0.3916,0.1557
694,717,2018-11-13 13:00:00,24,0.253,0.3037,0.4768,0.1292,0.167,0.8065,0.3768,0.3957,0.1471
695,718,2018-11-13 14:00:00,24,0.2641,0.3112,0.4181,0.1416,0.1791,0.7658,0.3866,0.402,0.0705
696,719,2018-11-13 15:00:00,24,0.2561,0.3067,0.3479,0.1289,0.1667,0.7645,0.3834,0.4004,-0.0688
697,720,2018-11-13 16:00:00,24,0.2504,0.3029,0.1971,0.128,0.1654,0.703,0.3728,0.3952,-0.3088
698,721,2018-11-13 17:00:00,24,0.2431,0.2974,0.077,0.1269,0.1648,0.6639,0.3592,0.387,-0.5098
699,722,2018-11-13 18:00:00,24,0.2354,0.2885,0.1605,0.1295,0.1677,0.6723,0.3413,0.372,-0.3514
700,723,2018-11-13 19:00:00,24,0.2271,0.2769,0.3586,0.1293,0.1676,0.6868,0.3249,0.354,0.0304
701,724,2018-11-13 20:00:00,24,0.2227,0.2691,0.4876,0.1298,0.1677,0.6952,0.3157,0.3417,0.28
702,725,2018-11-13 21:00:00,24,0.2139,0.2558,0.6082,0.1265,0.1626,0.7266,0.3013,0.3231,0.4897
703,726,2018-11-13 22:00:00,24,0.2061,0.2505,0.6841,0.1203,0.1581,0.7452,0.292,0.317,0.6231
704,727,2018-11-13 23:00:00,24,0.2012,0.2465,0.7357,0.1204,0.1581,0.7462,0.282,0.3106,0.7252
705,728,2018-11-14 00:00:00,24,0.1994,0.2443,0.7678,0.1199,0.158,0.7539,0.2788,0.3072,0.7818
706,729,2018-11-14 01:00:00,24,0.2002,0.248,0.7849,0.1167,0.1561,0.772,0.2837,0.3141,0.7977
707,730,2018-11-14 02:00:00,24,0.2,0.2484,0.7982,0.1152,0.1552,0.781,0.2849,0.3152,0.8153
708,731,2018-11-14 03:00:00,24,0.2024,0.25,0.8012,0.1185,0.1575,0.7742,0.2863,0.3166,0.8282
709,732,2018-11-14 04:00:00,24,0.2072,0.2539,0.7935,0.1254,0.1626,0.7564,0.2889,0.3201,0.8306
710,733,2018-11-14 05:00:00,24,0.2057,0.2533,0.7947,0.123,0.1618,0.7539,0.2885,0.3197,0.8355
711,734,2018-11-14 06:00:00,24,0.2063,0.2552,0.791,0.121,0.1609,0.7486,0.2916,0.323,0.8334
712,735,2018-11-14 07:00:00,24,0.2048,0.2549,0.7837,0.1179,0.1595,0.7393,0.2918,0.3233,0.8281
713,736,2018-11-14 08:00:00,24,0.2109,0.2648,0.7251,0.126,0.1783,0.6396,0.2959,0.3293,0.8106
714,737,2018-11-14 09:00:00,24,0.2138,0.2695,0.6847,0.1275,0.1785,0.5915,0.3001,0.3367,0.778
715,738,2018-11-14 10:00:00,24,0.2194,0.2825,0.6037,0.1249,0.1765,0.4924,0.3139,0.3584,0.715
716,739,2018-11-14 11:00:00,24,0.2287,0.2945,0.4717,0.1303,0.1824,0.2851,0.327,0.3744,0.6583
717,740,2018-11-14 12:00:00,24,0.2257,0.2947,0.5018,0.1154,0.1658,0.379,0.336,0.3824,0.6246
718,741,2018-11-14 13:00:00,24,0.2334,0.3016,0.4683,0.1217,0.1691,0.3325,0.3451,0.3916,0.6041
719,742,2018-11-14 14:00:00,24,0.2345,0.305,0.4983,0.1166,0.1611,0.3935,0.3523,0.4001,0.6031
720,743,2018-11-14 15:00:00,24,0.2429,0.3101,0.5045,0.1254,0.1676,0.3855,0.3604,0.4052,0.6235
721,744,2018-11-14 16:00:00,24,0.2445,0.3107,0.5649,0.1211,0.1629,0.4806,0.3678,0.4081,0.6492
722,745,2018-11-14 17:00:00,24,0.249,0.3141,0.5245,0.1319,0.1758,0.3841,0.3662,0.4079,0.665
723,746,2018-11-14 18:00:00,24,0.2461,0.3131,0.5236,0.1296,0.1734,0.3763,0.3626,0.4074,0.6709
724,747,2018-11-14 19:00:00,24,0.2447,0.3123,0.5206,0.1308,0.1739,0.3685,0.3587,0.4059,0.6727
725,748,2018-11-14 20:00:00,24,0.243,0.3095,0.5187,0.1343,0.1751,0.359,0.3517,0.4012,0.6785
726,749,2018-11-14 21:00:00,24,0.2398,0.3076,0.5193,0.13,0.1708,0.3613,0.3497,0.4001,0.6774
727,750,2018-11-14 22:00:00,24,0.2429,0.3092,0.5001,0.1303,0.1709,0.3345,0.3556,0.4026,0.6657
728,751,2018-11-14 23:00:00,24,0.2491,0.3138,0.4743,0.1301,0.1709,0.3183,0.3681,0.4096,0.6303
729,752,2018-11-15 00:00:00,24,0.2511,0.3153,0.4393,0.1317,0.1715,0.2836,0.3705,0.4115,0.5951
730,753,2018-11-15 01:00:00,24,0.2469,0.311,0.4126,0.1295,0.1712,0.2438,0.3643,0.4051,0.5814
731,754,2018-11-15 02:00:00,24,0.2458,0.3105,0.3907,0.128,0.1707,0.2306,0.3636,0.4046,0.5507
732,755,2018-11-15 03:00:00,24,0.2448,0.3107,0.3818,0.1247,0.1686,0.2572,0.365,0.4057,0.5064
733,756,2018-11-15 04:00:00,24,0.2394,0.3056,0.3891,0.1199,0.1645,0.289,0.359,0.3997,0.4892
734,757,2018-11-15 05:00:00,24,0.2413,0.3064,0.3636,0.1227,0.1655,0.2777,0.3598,0.4005,0.4494
735,758,2018-11-15 06:00:00,24,0.2424,0.3061,0.3343,0.1262,0.1674,0.2565,0.3585,0.3992,0.412
736,759,2018-11-15 07:00:00,24,0.2433,0.3047,0.3143,0.131,0.1699,0.2364,0.3557,0.396,0.3922
737,760,2018-11-15 08:00:00,24,0.2412,0.3022,0.3255,0.1248,0.1541,0.2875,0.3576,0.3987,0.3636
738,761,2018-11-15 09:00:00,24,0.2427,0.3027,0.2564,0.1276,0.1555,0.1433,0.3577,0.3988,0.3695
739,762,2018-11-15 10:00:00,24,0.236,0.2923,0.1307,0.1244,0.1542,-0.1639,0.3477,0.3836,0.4254
740,763,2018-11-15 11:00:00,24,0.2349,0.2898,0.166,0.1249,0.1552,-0.1201,0.3448,0.3793,0.4522
741,764,2018-11-15 12:00:00,24,0.2494,0.3067,0.2658,0.1512,0.2037,0.0671,0.3477,0.3829,0.4645
742,765,2018-11-15 13:00:00,24,0.2431,0.3007,0.4218,0.1459,0.2011,0.3541,0.3402,0.3748,0.4895
743,766,2018-11-15 14:00:00,24,0.2351,0.2926,0.4996,0.1392,0.1972,0.5048,0.3311,0.3639,0.4944
744,767,2018-11-15 15:00:00,24,0.2347,0.2973,0.5163,0.13,0.1917,0.5696,0.3395,0.3743,0.463
745,768,2018-11-15 16:00:00,24,0.243,0.3057,0.4713,0.1366,0.1987,0.4743,0.3494,0.3839,0.4683
746,769,2018-11-15 17:00:00,24,0.2463,0.3107,0.518,0.1235,0.1868,0.5278,0.3692,0.3977,0.5083
747,770,2018-11-15 18:00:00,24,0.2547,0.3171,0.5335,0.1222,0.1858,0.5061,0.3873,0.4081,0.5608
748,771,2018-11-15 19:00:00,24,0.2599,0.3209,0.5516,0.122,0.1857,0.5008,0.3979,0.4142,0.6024
749,772,2018-11-15 20:00:00,24,0.2661,0.327,0.5712,0.1225,0.186,0.5148,0.4096,0.4234,0.6277
750,773,2018-11-15 21:00:00,24,0.2639,0.3262,0.5838,0.1196,0.1847,0.5253,0.4082,0.4228,0.6423
751,774,2018-11-15 22:00:00,24,0.2609,0.3248,0.5853,0.1228,0.1861,0.5381,0.399,0.4199,0.6325
752,775,2018-11-15 23:00:00,24,0.2557,0.3208,0.591,0.1273,0.188,0.5632,0.3841,0.4128,0.6188
753,776,2018-11-16 00:00:00,24,0.2494,0.3168,0.5837,0.1243,0.1872,0.5687,0.3744,0.407,0.5987
754,777,2018-11-16 01:00:00,24,0.2466,0.314,0.562,0.1253,0.1873,0.5528,0.3679,0.4027,0.5712
755,778,2018-11-16 02:00:00,24,0.2469,0.3144,0.5209,0.1252,0.1872,0.5178,0.3686,0.4033,0.5241
756,779,2018-11-16 03:00:00,24,0.2466,0.314,0.4693,0.1252,0.1873,0.4667,0.3679,0.4027,0.4719
757,780,2018-11-16 04:00:00,24,0.2465,0.3144,0.3978,0.1242,0.1868,0.3971,0.3689,0.4035,0.3984
758,781,2018-11-16 05:00:00,24,0.2512,0.3202,0.2813,0.1253,0.1875,0.2982,0.377,0.4122,0.2643
759,782,2018-11-16 06:00:00,24,0.2555,0.3261,0.1264,0.1256,0.1877,0.1823,0.3854,0.4213,0.0705
760,783,2018-11-16 07:00:00,24,0.2565,0.3299,-0.0487,0.1217,0.1856,0.0708,0.3913,0.4281,-0.1682
761,784,2018-11-16 08:00:00,24,0.257,0.3318,-0.0845,0.1197,0.1822,0.1384,0.3943,0.4324,-0.3074
762,785,2018-11-16 09:00:00,24,0.2547,0.3293,-0.1079,0.1176,0.1813,-0.0037,0.3918,0.4289,-0.2121
763,786,2018-11-16 10:00:00,24,0.2574,0.3309,-0.2992,0.1212,0.1825,-0.5162,0.3935,0.4308,-0.0823
764,787,2018-11-16 11:00:00,24,0.2509,0.3244,-0.2981,0.1149,0.1755,-0.6641,0.387,0.4239,0.0678
765,788,2018-11-16 12:00:00,24,0.2359,0.3052,0.2946,0.0951,0.1209,0.409,0.3768,0.4144,0.1802
766,789,2018-11-16 13:00:00,24,0.2363,0.3045,0.4105,0.0981,0.1226,0.5983,0.3744,0.4127,0.2227
767,790,2018-11-16 14:00:00,24,0.2358,0.3027,0.4893,0.1027,0.1259,0.7328,0.3689,0.4092,0.2458
768,791,2018-11-16 15:00:00,24,0.231,0.2956,0.5553,0.116,0.1425,0.8069,0.3459,0.393,0.3037
769,792,2018-11-16 16:00:00,24,0.2203,0.2854,0.6146,0.1093,0.1324,0.8746,0.3313,0.3813,0.3545
770,793,2018-11-16 17:00:00,24,0.2158,0.2777,0.6504,0.1135,0.1345,0.8899,0.318,0.3689,0.4109
771,794,2018-11-16 18:00:00,24,0.2088,0.2708,0.685,0.1103,0.1324,0.9084,0.3072,0.3594,0.4615
772,795,2018-11-16 19:00:00,24,0.2097,0.2709,0.6957,0.1131,0.1348,0.9123,0.3064,0.3585,0.4791
773,796,2018-11-16 20:00:00,24,0.2083,0.269,0.6948,0.1124,0.1343,0.9166,0.3042,0.3559,0.4731
774,797,2018-11-16 21:00:00,24,0.2114,0.2722,0.6891,0.1116,0.134,0.9201,0.3112,0.3609,0.4581
775,798,2018-11-16 22:00:00,24,0.2197,0.2819,0.6845,0.1283,0.1694,0.8683,0.3111,0.3609,0.5007
776,799,2018-11-16 23:00:00,24,0.2283,0.2874,0.6874,0.132,0.1733,0.8566,0.3246,0.3676,0.5181
777,800,2018-11-17 00:00:00,24,0.2345,0.2927,0.6828,0.1328,0.1734,0.8526,0.3361,0.3759,0.513
778,801,2018-11-17 01:00:00,24,0.2416,0.2998,0.6647,0.1349,0.174,0.8466,0.3483,0.3867,0.4828
779,802,2018-11-17 02:00:00,24,0.2464,0.3057,0.6427,0.136,0.1743,0.8407,0.3568,0.3957,0.4447
780,803,2018-11-17 03:00:00,24,0.2513,0.3112,0.615,0.1383,0.1756,0.83,0.3643,0.4035,0.4001
781,804,2018-11-17 04:00:00,24,0.2549,0.3153,0.5882,0.1398,0.1762,0.8183,0.3701,0.4096,0.358
782,805,2018-11-17 05:00:00,24,0.2498,0.31,0.5906,0.1361,0.1747,0.8078,0.3636,0.4022,0.3733
783,806,2018-11-17 06:00:00,24,0.2456,0.3041,0.5951,0.1354,0.1741,0.7853,0.3558,0.3932,0.4048
784,807,2018-11-17 07:00:00,24,0.2418,0.2967,0.5951,0.1389,0.176,0.7501,0.3447,0.3809,0.4401
785,808,2018-11-17 08:00:00,24,0.2473,0.3099,0.4746,0.1635,0.245,0.472,0.3311,0.3634,0.4771
786,809,2018-11-17 09:00:00,24,0.2472,0.3077,0.4662,0.1663,0.246,0.4702,0.3281,0.3589,0.4621
787,810,2018-11-17 10:00:00,24,0.2501,0.3131,0.4368,0.1663,0.246,0.4675,0.3339,0.3682,0.406
788,811,2018-11-17 11:00:00,24,0.2503,0.3159,0.4314,0.1619,0.2448,0.4845,0.3387,0.3738,0.3783
789,812,2018-11-17 12:00:00,24,0.2518,0.3196,0.445,0.1569,0.2425,0.5078,0.3467,0.3815,0.3822
790,813,2018-11-17 13:00:00,24,0.2519,0.3215,0.4694,0.1527,0.2415,0.5215,0.3511,0.3851,0.4173
791,814,2018-11-17 14:00:00,24,0.2531,0.3221,0.4809,0.1551,0.2432,0.5101,0.3511,0.3852,0.4517
792,815,2018-11-17 15:00:00,24,0.2501,0.3194,0.4848,0.1435,0.2341,0.4948,0.3568,0.3862,0.4748
793,816,2018-11-17 16:00:00,24,0.2465,0.3184,0.4709,0.1387,0.2326,0.4609,0.3543,0.3856,0.4809
794,817,2018-11-17 17:00:00,24,0.2436,0.3172,0.4628,0.1371,0.2319,0.4489,0.3501,0.384,0.4767
795,818,2018-11-17 18:00:00,24,0.2489,0.3206,0.4065,0.1491,0.242,0.3516,0.3487,0.3834,0.4614
796,819,2018-11-17 19:00:00,24,0.2502,0.3215,0.3804,0.151,0.2433,0.3223,0.3494,0.3841,0.4386
797,820,2018-11-17 20:00:00,24,0.252,0.3228,0.3724,0.1533,0.2445,0.3302,0.3506,0.3854,0.4146
798,821,2018-11-17 21:00:00,24,0.2531,0.3237,0.3638,0.1539,0.2446,0.3438,0.3522,0.3869,0.3837
799,822,2018-11-17 22:00:00,24,0.2478,0.3162,0.3874,0.1366,0.2212,0.4701,0.359,0.3886,0.3047
800,823,2018-11-17 23:00:00,24,0.2429,0.3131,0.363,0.1304,0.217,0.4996,0.3555,0.3859,0.2264
801,824,2018-11-18 00:00:00,24,0.2414,0.3104,0.3343,0.1327,0.2177,0.4978,0.3501,0.3811,0.1707
802,825,2018-11-18 01:00:00,24,0.2356,0.3037,0.3568,0.1337,0.2181,0.493,0.3375,0.37,0.2206
803,826,2018-11-18 02:00:00,24,0.2331,0.2987,0.3855,0.1361,0.219,0.4831,0.33,0.3612,0.2878
804,827,2018-11-18 03:00:00,24,0.2281,0.293,0.4274,0.1337,0.218,0.4848,0.3224,0.3523,0.3699
805,828,2018-11-18 04:00:00,24,0.2237,0.2872,0.4647,0.1335,0.2179,0.4818,0.3138,0.3427,0.4476
806,829,2018-11-18 05:00:00,24,0.2231,0.2848,0.4864,0.1379,0.2196,0.4629,0.3083,0.3377,0.5098
807,830,2018-11-18 06:00:00,24,0.2194,0.2813,0.5122,0.1373,0.2193,0.4564,0.3015,0.3319,0.568
808,831,2018-11-18 07:00:00,24,0.2205,0.2842,0.5192,0.134,0.2178,0.4592,0.3069,0.3378,0.5791
809,832,2018-11-18 08:00:00,24,0.2065,0.2556,0.6805,0.1068,0.1305,0.7596,0.3063,0.3372,0.6014
810,833,2018-11-18 09:00:00,24,0.2074,0.2539,0.6296,0.1144,0.1425,0.6309,0.3005,0.3296,0.6282
811,834,2018-11-18 10:00:00,24,0.2036,0.2452,0.5624,0.1145,0.1425,0.4872,0.2927,0.3162,0.6376
812,835,2018-11-18 11:00:00,24,0.2025,0.2421,0.4564,0.1157,0.1428,0.3108,0.2892,0.3111,0.602
813,836,2018-11-18 12:00:00,24,0.1991,0.2379,0.3501,0.1139,0.1424,0.1772,0.2843,0.3048,0.5229
814,837,2018-11-18 13:00:00,24,0.1988,0.2368,0.1981,0.1147,0.1425,0.0645,0.2828,0.303,0.3318
815,838,2018-11-18 14:00:00,24,0.1974,0.237,0.0571,0.1082,0.1367,0.1602,0.2866,0.3061,-0.046
816,839,2018-11-18 15:00:00,24,0.2005,0.2393,-0.2266,0.1093,0.1373,0.256,0.2916,0.3093,-0.7092
817,840,2018-11-18 16:00:00,24,0.2054,0.2433,-0.6431,0.1092,0.1373,0.3675,0.3015,0.3155,-1.6536
818,841,2018-11-18 17:00:00,24,0.2098,0.2487,-1.0115,0.1061,0.1363,0.4596,0.3136,0.3243,-2.4827
819,842,2018-11-18 18:00:00,24,0.2092,0.2482,-1.196,0.0975,0.1204,0.5861,0.3208,0.3297,-2.978
820,843,2018-11-18 19:00:00,24,0.2056,0.2448,-1.2193,0.0939,0.1156,0.6293,0.3173,0.3263,-3.0679
821,844,2018-11-18 20:00:00,24,0.1988,0.2367,-1.1034,0.094,0.1157,0.6223,0.3035,0.3142,-2.829
822,845,2018-11-18 21:00:00,24,0.1936,0.231,-0.6034,0.0967,0.1175,0.589,0.2906,0.3049,-1.7958
823,846,2018-11-18 22:00:00,24,0.1929,0.2305,-0.0354,0.0985,0.1195,0.5696,0.2872,0.3033,-0.6405
824,847,2018-11-18 23:00:00,24,0.1946,0.2321,0.1879,0.1,0.1206,0.567,0.2893,0.3052,-0.1911
825,848,2018-11-19 00:00:00,24,0.1971,0.2381,0.2382,0.097,0.1192,0.5786,0.2973,0.3149,-0.1022
826,849,2018-11-19 01:00:00,24,0.2001,0.2425,0.2716,0.0947,0.1178,0.5934,0.3055,0.3221,-0.0502
827,850,2018-11-19 02:00:00,24,0.2012,0.2464,0.268,0.0915,0.1158,0.6056,0.3109,0.3287,-0.0696
828,851,2018-11-19 03:00:00,24,0.203,0.2486,0.2534,0.0922,0.1163,0.6044,0.3137,0.3318,-0.0976
829,852,2018-11-19 04:00:00,24,0.2037,0.2499,0.2418,0.0914,0.1157,0.6105,0.316,0.3339,-0.1268
830,853,2018-11-19 05:00:00,24,0.2066,0.2547,0.2181,0.0893,0.1136,0.6291,0.3238,0.3418,-0.1928
831,854,2018-11-19 06:00:00,24,0.209,0.2598,0.194,0.0849,0.1114,0.6448,0.3331,0.3502,-0.2569
832,855,2018-11-19 07:00:00,24,0.2068,0.2568,0.2057,0.0846,0.1113,0.6496,0.329,0.3458,-0.2381
833,856,2018-11-19 08:00:00,24,0.2115,0.2629,0.1744,0.0932,0.1347,0.5993,0.3298,0.3465,-0.2504
834,857,2018-11-19 09:00:00,24,0.211,0.2683,0.2094,0.0823,0.1197,0.7269,0.3397,0.36,-0.3081
835,858,2018-11-19 10:00:00,24,0.2101,0.2686,0.2583,0.0797,0.118,0.7722,0.3405,0.3611,-0.2556
836,859,2018-11-19 11:00:00,24,0.217,0.2742,0.2531,0.092,0.1364,0.694,0.3421,0.3629,-0.1878
837,860,2018-11-19 12:00:00,24,0.2181,0.2731,0.2709,0.0974,0.1392,0.6819,0.3389,0.3603,-0.1402
838,861,2018-11-19 13:00:00,24,0.2186,0.2718,0.2737,0.1022,0.1421,0.6679,0.335,0.3571,-0.1205
839,862,2018-11-19 14:00:00,24,0.2161,0.2698,0.2648,0.1016,0.1419,0.6626,0.3306,0.3542,-0.1329
840,863,2018-11-19 15:00:00,24,0.2172,0.2699,0.2388,0.106,0.1459,0.618,0.3284,0.3527,-0.1405
841,864,2018-11-19 16:00:00,24,0.2192,0.2704,0.2014,0.1099,0.1475,0.5576,0.3285,0.3528,-0.1548
842,865,2018-11-19 17:00:00,24,0.2205,0.271,0.1507,0.1118,0.1478,0.4809,0.3292,0.3536,-0.1794
843,866,2018-11-19 18:00:00,24,0.2244,0.2782,0.0792,0.1103,0.1466,0.4251,0.3385,0.3651,-0.2668
844,867,2018-11-19 19:00:00,24,0.228,0.2849,0.0479,0.1074,0.1452,0.3982,0.3487,0.3759,-0.3024
845,868,2018-11-19 20:00:00,24,0.2352,0.296,0.0683,0.1022,0.1418,0.4363,0.3682,0.3938,-0.2997
846,869,2018-11-19 21:00:00,24,0.2458,0.305,0.045,0.1059,0.1457,0.3867,0.3857,0.4059,-0.2968
847,870,2018-11-19 22:00:00,24,0.2488,0.3073,-0.0073,0.1033,0.1436,0.401,0.3943,0.4102,-0.4157
848,871,2018-11-19 23:00:00,24,0.25,0.3082,-0.1138,0.1043,0.1444,0.3868,0.3957,0.4113,-0.6144
849,872,2018-11-20 00:00:00,24,0.2499,0.3062,-0.1816,0.1076,0.1458,0.3588,0.3923,0.4077,-0.7221
850,873,2018-11-20 01:00:00,24,0.2485,0.3051,-0.2895,0.1066,0.1456,0.3431,0.3905,0.4061,-0.9221
851,874,2018-11-20 02:00:00,24,0.2461,0.3023,-0.34,0.1058,0.1454,0.2939,0.3865,0.402,-0.9738
852,875,2018-11-20 03:00:00,24,0.2461,0.3029,-0.3669,0.1047,0.1449,0.263,0.3875,0.403,-0.9968
853,876,2018-11-20 04:00:00,24,0.2456,0.3036,-0.3867,0.1021,0.1441,0.2413,0.3891,0.4045,-1.0147
854,877,2018-11-20 05:00:00,24,0.2415,0.2999,-0.3717,0.0996,0.1432,0.2352,0.3834,0.3993,-0.9786
855,878,2018-11-20 06:00:00,24,0.2421,0.3001,-0.3345,0.1007,0.1433,0.1993,0.3835,0.3994,-0.8684
856,879,2018-11-20 07:00:00,24,0.2457,0.3048,-0.2704,0.1008,0.1434,0.1686,0.3905,0.4066,-0.7093
857,880,2018-11-20 08:00:00,24,0.246,0.3051,-0.1215,0.0977,0.1345,0.3366,0.3943,0.41,-0.5795
858,881,2018-11-20 09:00:00,24,0.2449,0.3009,0.0265,0.1005,0.136,0.2998,0.3893,0.4032,-0.2469
859,882,2018-11-20 10:00:00,24,0.2443,0.298,0.1445,0.1042,0.1385,0.3181,0.3844,0.398,-0.0291
860,883,2018-11-20 11:00:00,24,0.2375,0.2913,0.3097,0.0956,0.1231,0.4973,0.3795,0.3932,0.122
861,884,2018-11-20 12:00:00,24,0.2326,0.2888,0.3571,0.0916,0.1202,0.5433,0.3737,0.3903,0.1709
862,885,2018-11-20 13:00:00,24,0.233,0.2894,0.2786,0.0978,0.1308,0.3898,0.3683,0.3878,0.1673
863,886,2018-11-20 14:00:00,24,0.2368,0.2923,0.186,0.1105,0.1475,0.2498,0.3632,0.3862,0.1223
864,887,2018-11-20 15:00:00,24,0.232,0.2905,0.1805,0.1094,0.1462,0.2827,0.3547,0.3839,0.0784
865,888,2018-11-20 16:00:00,24,0.2267,0.2871,0.2688,0.1104,0.1471,0.3969,0.3429,0.3785,0.1407
866,889,2018-11-20 17:00:00,24,0.2202,0.2818,0.3773,0.1094,0.1468,0.4549,0.3309,0.3704,0.2998
867,890,2018-11-20 18:00:00,24,0.2099,0.2703,0.4946,0.1084,0.1462,0.4629,0.3115,0.3531,0.5263
868,891,2018-11-20 19:00:00,24,0.2062,0.2631,0.5514,0.1182,0.1565,0.4133,0.2941,0.3376,0.6895
869,892,2018-11-20 20:00:00,24,0.1982,0.2502,0.5865,0.1221,0.1584,0.3717,0.2742,0.3164,0.8012
870,893,2018-11-20 21:00:00,24,0.1868,0.2391,0.6327,0.1144,0.1532,0.4024,0.2591,0.3015,0.8631
871,894,2018-11-20 22:00:00,24,0.1813,0.2351,0.6532,0.1127,0.1524,0.4049,0.2499,0.2954,0.9014
872,895,2018-11-20 23:00:00,24,0.1751,0.2297,0.6725,0.1104,0.1508,0.418,0.2398,0.2877,0.9269
873,896,2018-11-21 00:00:00,24,0.1674,0.2229,0.6895,0.1067,0.1495,0.4343,0.228,0.2776,0.9448
874,897,2018-11-21 01:00:00,24,0.1634,0.2183,0.7023,0.1091,0.1503,0.4482,0.2177,0.2696,0.9565
875,898,2018-11-21 02:00:00,24,0.162,0.2162,0.7182,0.1089,0.1503,0.4735,0.215,0.2662,0.9629
876,899,2018-11-21 03:00:00,24,0.1581,0.2111,0.7353,0.1073,0.1499,0.5021,0.2089,0.2581,0.9684
877,900,2018-11-21 04:00:00,24,0.1565,0.2067,0.7392,0.111,0.1512,0.5058,0.202,0.2502,0.9725
878,901,2018-11-21 05:00:00,24,0.155,0.2045,0.7475,0.1116,0.1514,0.5201,0.1984,0.2465,0.975
879,902,2018-11-21 06:00:00,24,0.158,0.2051,0.7261,0.1196,0.1579,0.4759,0.1964,0.2432,0.9763
880,903,2018-11-21 07:00:00,24,0.154,0.1969,0.7258,0.1199,0.158,0.4725,0.1881,0.2292,0.979
881,904,2018-11-21 08:00:00,24,0.1585,0.2088,0.6369,0.1314,0.1911,0.2946,0.1856,0.2251,0.9792
882,905,2018-11-21 09:00:00,24,0.1591,0.2123,0.6816,0.1294,0.1902,0.3872,0.1888,0.2324,0.976
883,906,2018-11-21 10:00:00,24,0.1628,0.2184,0.7092,0.1315,0.1919,0.4478,0.1941,0.242,0.9706
884,907,2018-11-21 11:00:00,24,0.1645,0.2253,0.7389,0.1268,0.19,0.5167,0.2021,0.2557,0.961
885,908,2018-11-21 12:00:00,24,0.1731,0.2353,0.73,0.1293,0.191,0.5144,0.2169,0.2726,0.9456
886,909,2018-11-21 13:00:00,24,0.1732,0.2375,0.7534,0.1185,0.1816,0.5809,0.228,0.2825,0.9259
887,910,2018-11-21 14:00:00,24,0.1728,0.2361,0.7738,0.1089,0.1696,0.648,0.2367,0.2876,0.8997
888,911,2018-11-21 15:00:00,24,0.18,0.2408,0.7284,0.1147,0.1772,0.5922,0.2452,0.2908,0.8646
889,912,2018-11-21 16:00:00,24,0.1833,0.2424,0.6918,0.1146,0.1771,0.5671,0.252,0.2934,0.8165
890,913,2018-11-21 17:00:00,24,0.1948,0.2516,0.6063,0.1282,0.191,0.4779,0.2613,0.3002,0.7346
891,914,2018-11-21 18:00:00,24,0.2007,0.2561,0.537,0.1301,0.1919,0.469,0.2713,0.3071,0.605
892,915,2018-11-21 19:00:00,24,0.206,0.2612,0.4217,0.1284,0.1896,0.4692,0.2837,0.317,0.3743
893,916,2018-11-21 20:00:00,24,0.2084,0.2632,0.2543,0.1266,0.1887,0.4947,0.2902,0.3208,0.0139
894,917,2018-11-21 21:00:00,24,0.2094,0.2632,0.0233,0.1299,0.1896,0.5193,0.2888,0.3203,-0.4728
895,918,2018-11-21 22:00:00,24,0.2136,0.2663,-0.101,0.1296,0.1895,0.5297,0.2976,0.3254,-0.7317
896,919,2018-11-21 23:00:00,24,0.2212,0.2749,-0.2374,0.1289,0.1893,0.5221,0.3136,0.3395,-0.997
897,920,2018-11-22 00:00:00,24,0.2307,0.2829,-0.3429,0.1329,0.1906,0.5013,0.3285,0.3518,-1.1872
898,921,2018-11-22 01:00:00,24,0.2373,0.2887,-0.4348,0.1328,0.1905,0.4612,0.3418,0.361,-1.3309
899,922,2018-11-22 02:00:00,24,0.2407,0.2911,-0.4739,0.136,0.1913,0.3857,0.3454,0.3645,-1.3336
900,923,2018-11-22 03:00:00,24,0.2446,0.2943,-0.577,0.1385,0.192,0.2687,0.3507,0.3693,-1.4227
901,924,2018-11-22 04:00:00,24,0.2494,0.2976,-0.7085,0.1453,0.1983,0.0833,0.3536,0.3712,-1.5003
902,925,2018-11-22 05:00:00,24,0.259,0.3068,-0.955,0.1513,0.2017,-0.189,0.3668,0.3841,-1.7209
903,926,2018-11-22 06:00:00,24,0.2557,0.3053,-0.9777,0.1445,0.1969,-0.3062,0.367,0.3843,-1.6491
904,927,2018-11-22 07:00:00,24,0.2579,0.306,-1.1859,0.1499,0.2003,-0.6431,0.3659,0.3835,-1.7286
905,928,2018-11-22 08:00:00,24,0.2527,0.2976,-0.938,0.1424,0.1785,-0.0189,0.3631,0.3812,-1.8571
906,929,2018-11-22 09:00:00,24,0.2518,0.2931,-0.8296,0.1474,0.1819,-0.0666,0.3563,0.3725,-1.5926
907,930,2018-11-22 10:00:00,24,0.2525,0.2924,-0.727,0.1526,0.1889,-0.097,0.3524,0.3679,-1.3569
908,931,2018-11-22 11:00:00,24,0.2521,0.2878,-0.5741,0.1601,0.1932,0.0205,0.3441,0.3583,-1.1688
909,932,2018-11-22 12:00:00,24,0.2497,0.2839,-0.5217,0.1607,0.1936,0.0425,0.3386,0.3518,-1.0859
910,933,2018-11-22 13:00:00,24,0.2524,0.2842,-0.5303,0.1684,0.1983,0.0672,0.3363,0.3495,-1.1277
911,934,2018-11-22 14:00:00,24,0.2557,0.2901,-0.4762,0.1658,0.1974,0.1167,0.3457,0.3597,-1.0691
912,935,2018-11-22 15:00:00,24,0.2538,0.2911,-0.4215,0.154,0.1879,0.1058,0.3535,0.3663,-0.9488
913,936,2018-11-22 16:00:00,24,0.2606,0.2989,-0.5098,0.1549,0.1886,-0.2395,0.3664,0.3783,-0.78
914,937,2018-11-22 17:00:00,24,0.2565,0.2978,-0.3581,0.1418,0.1746,-0.1394,0.3712,0.3832,-0.5769
915,938,2018-11-22 18:00:00,24,0.256,0.298,-0.419,0.1399,0.1735,-0.3976,0.3721,0.384,-0.4405
916,939,2018-11-22 19:00:00,24,0.2526,0.2953,-0.3229,0.1351,0.1685,-0.3139,0.37,0.382,-0.3318
917,940,2018-11-22 20:00:00,24,0.2603,0.304,-0.3277,0.1389,0.1713,-0.3675,0.3818,0.3943,-0.2878
918,941,2018-11-22 21:00:00,24,0.2619,0.3053,-0.3568,0.1361,0.1704,-0.2959,0.3877,0.3967,-0.4177
919,942,2018-11-22 22:00:00,24,0.2578,0.3028,-0.4718,0.1353,0.1702,-0.2085,0.3803,0.3929,-0.7351
920,943,2018-11-22 23:00:00,24,0.2537,0.2972,-0.6416,0.1363,0.1706,-0.2135,0.3712,0.3841,-1.0697
921,944,2018-11-23 00:00:00,24,0.2472,0.2906,-0.7568,0.1347,0.1698,-0.1471,0.3597,0.3743,-1.3666
922,945,2018-11-23 01:00:00,24,0.245,0.2881,-0.8983,0.1341,0.1696,-0.0606,0.3558,0.3705,-1.7361
923,946,2018-11-23 02:00:00,24,0.2451,0.2867,-1.0799,0.139,0.1736,-0.0953,0.3513,0.3664,-2.0646
924,947,2018-11-23 03:00:00,24,0.2442,0.2845,-1.1713,0.1413,0.175,-0.124,0.3471,0.3623,-2.2187
925,948,2018-11-23 04:00:00,24,0.2469,0.289,-1.5347,0.1382,0.171,-0.0438,0.3556,0.3712,-3.0256
926,949,2018-11-23 05:00:00,24,0.2412,0.2814,-1.4821,0.137,0.1698,-0.0082,0.3455,0.36,-2.9559
927,950,2018-11-23 06:00:00,24,0.2422,0.2807,-1.4465,0.1419,0.1731,-0.0369,0.3426,0.3572,-2.8562
928,951,2018-11-23 07:00:00,24,0.2485,0.2888,-1.662,0.1437,0.1753,-0.0656,0.3532,0.3688,-3.2583
929,952,2018-11-23 08:00:00,24,0.2546,0.2982,-1.6243,0.1421,0.1714,-0.0967,0.3671,0.3854,-3.1519
930,953,2018-11-23 09:00:00,24,0.2541,0.3005,-1.1751,0.1367,0.1676,-0.0404,0.3716,0.3906,-2.3099
931,954,2018-11-23 10:00:00,24,0.2544,0.3008,-0.8298,0.1375,0.1692,-0.0447,0.3713,0.3903,-1.615
932,955,2018-11-23 11:00:00,24,0.2572,0.3039,-0.6933,0.1386,0.1706,-0.2298,0.3757,0.3945,-1.1569
933,956,2018-11-23 12:00:00,24,0.2537,0.3016,-0.5377,0.1354,0.1691,-0.1566,0.372,0.3916,-0.9187
934,957,2018-11-23 13:00:00,24,0.2463,0.297,-0.4219,0.1311,0.165,0.0714,0.3615,0.3863,-0.9151
935,958,2018-11-23 14:00:00,24,0.2369,0.2884,-0.2643,0.1296,0.1647,0.261,0.3443,0.373,-0.7897
936,959,2018-11-23 15:00:00,24,0.2374,0.286,-0.2084,0.1384,0.171,0.2638,0.3364,0.3666,-0.6807
937,960,2018-11-23 16:00:00,24,0.24,0.2871,-0.273,0.1498,0.1892,0.0155,0.3302,0.3592,-0.5615
938,961,2018-11-23 17:00:00,24,0.2379,0.2825,-0.1989,0.1557,0.1924,-0.0247,0.3202,0.3501,-0.3731
939,962,2018-11-23 18:00:00,24,0.2364,0.2823,-0.1658,0.1525,0.1917,-0.0591,0.3203,0.3501,-0.2726
940,963,2018-11-23 19:00:00,24,0.2369,0.2851,-0.1541,0.1489,0.1902,-0.0426,0.325,0.3555,-0.2655
941,964,2018-11-23 20:00:00,24,0.2407,0.2909,-0.2162,0.1518,0.1933,-0.0453,0.3296,0.3632,-0.3872
942,965,2018-11-23 21:00:00,24,0.2485,0.2996,-0.2754,0.1547,0.1942,-0.0535,0.3423,0.3766,-0.4974
943,966,2018-11-23 22:00:00,24,0.2508,0.3004,-0.2903,0.1613,0.1975,-0.0939,0.3404,0.3761,-0.4867
944,967,2018-11-23 23:00:00,24,0.2516,0.3006,-0.2956,0.1627,0.1983,-0.1083,0.3404,0.3761,-0.4828
945,968,2018-11-24 00:00:00,24,0.2562,0.3071,-0.3505,0.1598,0.1977,-0.099,0.3525,0.3867,-0.602
946,969,2018-11-24 01:00:00,24,0.2552,0.306,-0.3632,0.1605,0.1979,-0.0835,0.3499,0.3848,-0.6429
947,970,2018-11-24 02:00:00,24,0.2538,0.3055,-0.3665,0.1567,0.1949,-0.0105,0.3509,0.3855,-0.7224
948,971,2018-11-24 03:00:00,24,0.2561,0.3075,-0.4302,0.1585,0.1963,-0.0063,0.3538,0.388,-0.8542
949,972,2018-11-24 04:00:00,24,0.2505,0.3012,-0.379,0.1564,0.1946,0.0375,0.3445,0.379,-0.7956
950,973,2018-11-24 05:00:00,24,0.2489,0.3,-0.3618,0.1557,0.194,0.0643,0.3422,0.3774,-0.788
951,974,2018-11-24 06:00:00,24,0.252,0.3042,-0.4106,0.1553,0.1937,0.0792,0.3487,0.3842,-0.9003
952,975,2018-11-24 07:00:00,24,0.2461,0.2969,-0.3633,0.1536,0.1918,0.0828,0.3387,0.3735,-0.8094
953,976,2018-11-24 08:00:00,24,0.2405,0.2895,-0.4093,0.1591,0.2053,-0.1552,0.3218,0.3542,-0.6635
954,977,2018-11-24 09:00:00,24,0.2374,0.284,-0.4621,0.1609,0.206,-0.1546,0.3138,0.3449,-0.7696
955,978,2018-11-24 10:00:00,24,0.2396,0.2887,-0.7259,0.158,0.2017,-0.1878,0.3211,0.355,-1.264
956,979,2018-11-24 11:00:00,24,0.2326,0.2832,-1.1854,0.1501,0.1965,-0.1088,0.3152,0.349,-2.262
957,980,2018-11-24 12:00:00,24,0.2345,0.2837,-2.3002,0.1542,0.1983,-0.1012,0.3149,0.3488,-4.4993
958,981,2018-11-24 13:00:00,24,0.2399,0.2867,-3.1541,0.1575,0.2009,-0.2418,0.3223,0.3522,-6.0665
959,982,2018-11-24 14:00:00,24,0.2452,0.2889,-2.8173,0.1621,0.2022,-0.3223,0.3284,0.355,-5.3123
960,983,2018-11-24 15:00:00,24,0.2425,0.2874,-2.1101,0.1565,0.1979,-0.1598,0.3286,0.3551,-4.0605
961,984,2018-11-24 16:00:00,24,0.2311,0.2779,-1.1923,0.1394,0.178,0.2371,0.3228,0.3504,-2.6216
962,985,2018-11-24 17:00:00,24,0.2295,0.2771,-0.6002,0.1367,0.1759,0.3206,0.3223,0.3501,-1.521
963,986,2018-11-24 18:00:00,24,0.2273,0.2736,-0.0564,0.1408,0.1771,0.4366,0.3139,0.3441,-0.5495
964,987,2018-11-24 19:00:00,24,0.2199,0.2659,0.3236,0.1403,0.177,0.5418,0.2995,0.3318,0.1054
965,988,2018-11-24 20:00:00,24,0.2126,0.2522,0.5653,0.1411,0.1782,0.5375,0.284,0.309,0.5932
966,989,2018-11-24 21:00:00,24,0.2092,0.2443,0.6545,0.1466,0.1831,0.5147,0.2717,0.293,0.7942
967,990,2018-11-24 22:00:00,24,0.218,0.2523,0.6638,0.1525,0.191,0.4534,0.2834,0.3013,0.8743
968,991,2018-11-24 23:00:00,24,0.215,0.2509,0.6669,0.1572,0.1952,0.4156,0.2727,0.2964,0.9182
969,992,2018-11-25 00:00:00,24,0.2123,0.2452,0.6753,0.1593,0.1955,0.41,0.2652,0.2865,0.9406
970,993,2018-11-25 01:00:00,24,0.2113,0.2442,0.6805,0.1597,0.1956,0.4093,0.2629,0.2846,0.9517
971,994,2018-11-25 02:00:00,24,0.2114,0.2436,0.6787,0.1622,0.1975,0.3984,0.2605,0.2823,0.959
972,995,2018-11-25 03:00:00,24,0.2099,0.242,0.6853,0.1608,0.1963,0.4071,0.259,0.2804,0.9635
973,996,2018-11-25 04:00:00,24,0.2157,0.2497,0.6767,0.1636,0.1987,0.3907,0.2679,0.2919,0.9628
974,997,2018-11-25 05:00:00,24,0.2231,0.2587,0.6632,0.1675,0.2024,0.3656,0.2786,0.3047,0.9607
975,998,2018-11-25 06:00:00,24,0.2237,0.2605,0.6647,0.1667,0.2017,0.3698,0.2807,0.3082,0.9596
976,999,2018-11-25 07:00:00,24,0.2273,0.2642,0.6411,0.1717,0.2079,0.3239,0.283,0.3105,0.9582
977,1000,2018-11-25 08:00:00,24,0.2251,0.2592,0.6632,0.1597,0.1828,0.3715,0.2905,0.3177,0.9549
978,1001,2018-11-25 09:00:00,24,0.2321,0.2679,0.5826,0.1644,0.1867,0.2164,0.2997,0.3297,0.9488
979,1002,2018-11-25 10:00:00,24,0.2297,0.2687,0.4432,0.1568,0.1796,-0.0554,0.3026,0.3349,0.9418
980,1003,2018-11-25 11:00:00,24,0.2293,0.268,0.3253,0.1576,0.1798,-0.2846,0.301,0.3337,0.9351
981,1004,2018-11-25 12:00:00,24,0.232,0.2738,0.4393,0.1533,0.1778,-0.0424,0.3106,0.344,0.921
982,1005,2018-11-25 13:00:00,24,0.2343,0.2808,0.2261,0.1674,0.2047,-0.4579,0.3012,0.3402,0.9101
983,1006,2018-11-25 14:00:00,24,0.2378,0.2832,0.171,0.1746,0.2116,-0.5509,0.3009,0.3401,0.893
984,1007,2018-11-25 15:00:00,24,0.2428,0.2908,0.1694,0.1724,0.2109,-0.5186,0.3133,0.353,0.8575
985,1008,2018-11-25 16:00:00,24,0.2483,0.2968,0.1779,0.1729,0.211,-0.4493,0.3236,0.3628,0.8052
986,1009,2018-11-25 17:00:00,24,0.2534,0.301,0.1459,0.1757,0.2129,-0.4331,0.3311,0.3686,0.7248
987,1010,2018-11-25 18:00:00,24,0.2609,0.3091,0.042,0.1757,0.2129,-0.4858,0.3461,0.3818,0.5699
988,1011,2018-11-25 19:00:00,24,0.2733,0.318,-0.3179,0.1868,0.2208,-0.9388,0.3598,0.3917,0.3029
989,1012,2018-11-25 20:00:00,24,0.2777,0.3262,-0.4052,0.1817,0.2162,-0.9428,0.3737,0.4075,0.1324
990,1013,2018-11-25 21:00:00,24,0.2817,0.3303,-0.3827,0.1819,0.2164,-0.955,0.3816,0.414,0.1896
991,1014,2018-11-25 22:00:00,24,0.2733,0.3243,-0.3125,0.1736,0.2078,-0.8956,0.3731,0.4088,0.2705
992,1015,2018-11-25 23:00:00,24,0.2711,0.323,-0.4399,0.1686,0.2037,-1.1212,0.3735,0.4088,0.2414
993,1016,2018-11-26 00:00:00,24,0.2677,0.3206,-0.5531,0.1716,0.2049,-1.3055,0.3638,0.4044,0.1993
994,1017,2018-11-26 01:00:00,24,0.2694,0.3222,-0.6156,0.1706,0.2045,-1.3051,0.3683,0.4072,0.074
995,1018,2018-11-26 02:00:00,24,0.2723,0.3255,-0.7616,0.1695,0.2037,-1.3627,0.3752,0.4128,-0.1605
996,1019,2018-11-26 03:00:00,24,0.2729,0.3253,-0.974,0.173,0.2068,-1.4418,0.3728,0.411,-0.5061
997,1020,2018-11-26 04:00:00,24,0.267,0.3199,-1.1616,0.1687,0.2035,-1.4451,0.3654,0.404,-0.8782
998,1021,2018-11-26 05:00:00,24,0.2647,0.3166,-1.312,0.1742,0.2115,-1.4341,0.3552,0.3947,-1.1899
999,1022,2018-11-26 06:00:00,24,0.2609,0.3127,-1.376,0.171,0.2099,-1.315,0.3507,0.3893,-1.4371
1000,1023,2018-11-26 07:00:00,24,0.2599,0.3131,-1.5003,0.1646,0.2025,-1.1556,0.3552,0.3938,-1.8451
1001,1024,2018-11-26 08:00:00,24,0.2694,0.3268,-1.4022,0.1725,0.2162,-0.7107,0.3664,0.4086,-2.0937
1002,1025,2018-11-26 09:00:00,24,0.2664,0.3257,-1.0511,0.1664,0.2123,-0.518,0.3665,0.4087,-1.5841
1003,1026,2018-11-26 10:00:00,24,0.2624,0.3174,-0.7767,0.1695,0.214,-0.5493,0.3553,0.3946,-1.0041
1004,1027,2018-11-26 11:00:00,24,0.2724,0.3256,-0.6084,0.1804,0.2233,-0.5345,0.3644,0.4027,-0.6822
1005,1028,2018-11-26 12:00:00,24,0.2806,0.3316,-0.689,0.2014,0.2485,-0.999,0.3597,0.3977,-0.379
1006,1029,2018-11-26 13:00:00,24,0.2824,0.332,-0.2782,0.1836,0.2244,-0.3095,0.3811,0.4125,-0.2469
1007,1030,2018-11-26 14:00:00,24,0.2861,0.3359,-0.2088,0.1823,0.2228,-0.2763,0.39,0.4196,-0.1414
1008,1031,2018-11-26 15:00:00,24,0.2865,0.3329,-0.0977,0.1911,0.2283,-0.1943,0.382,0.4116,-0.0011
1009,1032,2018-11-26 16:00:00,24,0.2835,0.3283,-0.0066,0.1939,0.2291,-0.0962,0.3732,0.4038,0.0831
1010,1033,2018-11-26 17:00:00,24,0.2794,0.3256,0.0615,0.1892,0.2266,0.0161,0.3696,0.4009,0.107
1011,1034,2018-11-26 18:00:00,24,0.2796,0.3237,0.1648,0.2018,0.2401,0.1719,0.3575,0.3898,0.1578
1012,1035,2018-11-26 19:00:00,24,0.2715,0.3169,0.252,0.1934,0.2335,0.3152,0.3496,0.3826,0.1887
1013,1036,2018-11-26 20:00:00,24,0.2702,0.3133,0.2803,0.1954,0.2348,0.3237,0.345,0.3758,0.2369
1014,1037,2018-11-26 21:00:00,24,0.2633,0.308,0.3114,0.1879,0.2302,0.3559,0.3387,0.3697,0.267
1015,1038,2018-11-26 22:00:00,24,0.2661,0.3095,0.3211,0.191,0.2324,0.3769,0.3412,0.3709,0.2652
1016,1039,2018-11-26 23:00:00,24,0.2668,0.3096,0.3304,0.1887,0.2316,0.4159,0.3449,0.3715,0.2448
1017,1040,2018-11-27 00:00:00,24,0.269,0.3114,0.3039,0.1846,0.2303,0.4517,0.3534,0.3754,0.1562
1018,1041,2018-11-27 01:00:00,24,0.269,0.3111,0.2724,0.1854,0.2305,0.4677,0.3526,0.3747,0.0771
1019,1042,2018-11-27 02:00:00,24,0.2648,0.3085,0.2535,0.1802,0.2286,0.492,0.3495,0.3716,0.0151
1020,1043,2018-11-27 03:00:00,24,0.2607,0.3062,0.2238,0.1739,0.2245,0.5129,0.3475,0.3703,-0.0652
1021,1044,2018-11-27 04:00:00,24,0.2596,0.3063,0.1633,0.1709,0.2236,0.5207,0.3484,0.371,-0.1942
1022,1045,2018-11-27 05:00:00,24,0.2576,0.3054,0.0359,0.1607,0.2121,0.536,0.3546,0.3762,-0.4642
1023,1046,2018-11-27 06:00:00,24,0.2573,0.3032,-0.0563,0.1691,0.2189,0.4702,0.3455,0.3686,-0.5828
1024,1047,2018-11-27 07:00:00,24,0.2527,0.2981,-0.0563,0.169,0.2188,0.4292,0.3365,0.3603,-0.5419
1025,1048,2018-11-27 08:00:00,24,0.2445,0.2843,0.044,0.1665,0.2138,0.3458,0.3225,0.3405,-0.2578
1026,1049,2018-11-27 09:00:00,24,0.2443,0.2819,0.0209,0.1697,0.2153,0.2162,0.3189,0.3354,-0.1744
1027,1050,2018-11-27 10:00:00,24,0.249,0.2862,0.0669,0.179,0.2265,0.2817,0.3189,0.3354,-0.1478
1028,1051,2018-11-27 11:00:00,24,0.2426,0.2792,0.0613,0.1793,0.2269,0.142,0.3058,0.3231,-0.0195
1029,1052,2018-11-27 12:00:00,24,0.2346,0.2687,0.2496,0.171,0.2104,0.4005,0.2982,0.3165,0.0988
1030,1053,2018-11-27 13:00:00,24,0.2283,0.2594,0.335,0.1718,0.2109,0.4479,0.2848,0.3002,0.2222
1031,1054,2018-11-27 14:00:00,24,0.224,0.254,0.3576,0.1689,0.2078,0.4758,0.2791,0.293,0.2394
1032,1055,2018-11-27 15:00:00,24,0.2234,0.2549,0.3285,0.1641,0.2033,0.4993,0.2828,0.2976,0.1577
1033,1056,2018-11-27 16:00:00,24,0.2216,0.2533,0.3656,0.1667,0.2049,0.5071,0.2765,0.2939,0.2242
1034,1057,2018-11-27 17:00:00,24,0.2247,0.2562,0.3842,0.169,0.2059,0.5376,0.2804,0.2982,0.2309
1035,1058,2018-11-27 18:00:00,24,0.2283,0.2607,0.3423,0.1694,0.2068,0.4657,0.2873,0.3052,0.219
1036,1059,2018-11-27 19:00:00,24,0.2308,0.2641,0.3138,0.1685,0.2064,0.4258,0.2931,0.3113,0.2017
1037,1060,2018-11-27 20:00:00,24,0.2296,0.2682,0.2192,0.161,0.203,0.4392,0.2982,0.3204,-0.0007
1038,1061,2018-11-27 21:00:00,24,0.2233,0.265,0.185,0.1589,0.2027,0.4325,0.2876,0.3152,-0.0625
1039,1062,2018-11-27 22:00:00,24,0.2164,0.2619,0.2227,0.1528,0.1989,0.4173,0.28,0.3124,0.028
1040,1063,2018-11-27 23:00:00,24,0.2228,0.2661,0.2332,0.1576,0.2016,0.3514,0.288,0.3177,0.115
1041,1064,2018-11-28 00:00:00,24,0.2205,0.2641,0.2625,0.1579,0.2016,0.265,0.2831,0.3144,0.2599
1042,1065,2018-11-28 01:00:00,24,0.2219,0.2678,0.2328,0.1546,0.2009,0.1773,0.2891,0.3211,0.2883
1043,1066,2018-11-28 02:00:00,24,0.2276,0.274,0.1216,0.159,0.2025,0.0127,0.2962,0.3304,0.2304
1044,1067,2018-11-28 03:00:00,24,0.2295,0.2766,-0.0009,0.1577,0.2021,-0.1967,0.3014,0.3349,0.195
1045,1068,2018-11-28 04:00:00,24,0.2344,0.282,-0.2589,0.1603,0.203,-0.6147,0.3084,0.3433,0.0969
1046,1069,2018-11-28 05:00:00,24,0.2359,0.2841,-0.6581,0.1606,0.2031,-1.2756,0.3112,0.3467,-0.0407
1047,1070,2018-11-28 06:00:00,24,0.2356,0.2852,-0.7766,0.1532,0.1963,-1.3755,0.3181,0.3523,-0.1778
1048,1071,2018-11-28 07:00:00,24,0.2396,0.2904,-0.8927,0.1516,0.1952,-1.4678,0.3276,0.3614,-0.3175
1049,1072,2018-11-28 08:00:00,24,0.2443,0.2971,-0.7924,0.1542,0.2009,-1.2024,0.3344,0.369,-0.3824
1050,1073,2018-11-28 09:00:00,24,0.2445,0.2989,-0.7743,0.1518,0.1996,-1.1556,0.3372,0.3726,-0.393
1051,1074,2018-11-28 10:00:00,24,0.2407,0.2991,-0.789,0.1376,0.1843,-1.2804,0.3439,0.3808,-0.2975
1052,1075,2018-11-28 11:00:00,24,0.2451,0.3061,-0.5588,0.1292,0.1738,-1.0504,0.3611,0.3965,-0.0672
1053,1076,2018-11-28 12:00:00,24,0.2507,0.3119,-0.2081,0.1293,0.174,-0.5694,0.3721,0.4053,0.1533
1054,1077,2018-11-28 13:00:00,24,0.255,0.3169,0.177,0.128,0.1732,0.0428,0.3821,0.4134,0.3111
1055,1078,2018-11-28 14:00:00,24,0.253,0.3153,0.3198,0.1274,0.1726,0.2309,0.3785,0.4112,0.4088
1056,1079,2018-11-28 15:00:00,24,0.2576,0.3195,0.2335,0.142,0.197,-0.0063,0.3731,0.4066,0.4733
1057,1080,2018-11-28 16:00:00,24,0.269,0.3289,0.253,0.1504,0.2076,0.0188,0.3875,0.4162,0.4873
1058,1081,2018-11-28 17:00:00,24,0.2748,0.335,0.2245,0.1551,0.2115,-0.0665,0.3946,0.424,0.5155
1059,1082,2018-11-28 18:00:00,24,0.2688,0.3319,0.3206,0.1396,0.1943,0.0908,0.3979,0.4274,0.5503
1060,1083,2018-11-28 19:00:00,24,0.2688,0.3308,0.3408,0.1428,0.196,0.0995,0.3948,0.4248,0.5821
1061,1084,2018-11-28 20:00:00,24,0.2635,0.3206,0.3834,0.1479,0.1977,0.1342,0.379,0.408,0.6326
1062,1085,2018-11-28 21:00:00,24,0.2673,0.322,0.3865,0.148,0.1977,0.1555,0.3865,0.4103,0.6175
1063,1086,2018-11-28 22:00:00,24,0.2751,0.3256,0.3868,0.1516,0.1994,0.1867,0.3985,0.4151,0.5869
1064,1087,2018-11-28 23:00:00,24,0.2732,0.3242,0.4332,0.1509,0.1988,0.2623,0.3954,0.4131,0.6042
1065,1088,2018-11-29 00:00:00,24,0.2728,0.3239,0.4803,0.1548,0.2004,0.3226,0.3908,0.412,0.6379
1066,1089,2018-11-29 01:00:00,24,0.2668,0.3184,0.5335,0.158,0.201,0.3629,0.3756,0.4028,0.7042
1067,1090,2018-11-29 02:00:00,24,0.263,0.3127,0.5854,0.1624,0.205,0.4065,0.3637,0.3919,0.7644
1068,1091,2018-11-29 03:00:00,24,0.2609,0.3101,0.6223,0.1644,0.2056,0.4395,0.3573,0.3874,0.8051
1069,1092,2018-11-29 04:00:00,24,0.2547,0.3031,0.6541,0.1671,0.2073,0.4613,0.3422,0.3751,0.8468
1070,1093,2018-11-29 05:00:00,24,0.2532,0.3005,0.6758,0.1683,0.2081,0.4816,0.338,0.3706,0.87
1071,1094,2018-11-29 06:00:00,24,0.2593,0.3063,0.6801,0.1757,0.2146,0.4818,0.3429,0.3762,0.8783
1072,1095,2018-11-29 07:00:00,24,0.2535,0.3003,0.6963,0.1791,0.2171,0.4957,0.3279,0.365,0.8969
1073,1096,2018-11-29 08:00:00,24,0.2496,0.2952,0.7372,0.1794,0.2176,0.5646,0.3198,0.3562,0.9098
1074,1097,2018-11-29 09:00:00,24,0.2455,0.2905,0.7571,0.177,0.217,0.5956,0.3139,0.3488,0.9185
1075,1098,2018-11-29 10:00:00,24,0.2517,0.3042,0.7497,0.1774,0.2171,0.5912,0.3259,0.3714,0.9081
1076,1099,2018-11-29 11:00:00,24,0.2525,0.3024,0.7395,0.1836,0.2227,0.57,0.3214,0.3651,0.909
1077,1100,2018-11-29 12:00:00,24,0.2465,0.2961,0.7157,0.1765,0.2145,0.5234,0.3164,0.3597,0.908
1078,1101,2018-11-29 13:00:00,24,0.2481,0.2979,0.6318,0.1778,0.2152,0.3638,0.3183,0.3622,0.8998
1079,1102,2018-11-29 14:00:00,24,0.2582,0.3089,0.4458,0.1853,0.224,0.0075,0.3311,0.3751,0.8841
1080,1103,2018-11-29 15:00:00,24,0.2642,0.3197,0.4441,0.1783,0.2111,0.0309,0.35,0.3998,0.8572
1081,1104,2018-11-29 16:00:00,24,0.2652,0.3221,0.5293,0.1754,0.2066,0.2211,0.355,0.406,0.8375
1082,1105,2018-11-29 17:00:00,24,0.2685,0.3273,0.5142,0.1771,0.2088,0.2196,0.3598,0.4131,0.8087
1083,1106,2018-11-29 18:00:00,24,0.2728,0.3329,0.53,0.1793,0.2095,0.2905,0.3664,0.4217,0.7696
1084,1107,2018-11-29 19:00:00,24,0.2784,0.3378,0.5006,0.1853,0.2155,0.2743,0.3715,0.4263,0.7268
1085,1108,2018-11-29 20:00:00,24,0.2871,0.3468,0.4696,0.1894,0.2188,0.26,0.3848,0.4389,0.6792
1086,1109,2018-11-29 21:00:00,24,0.2838,0.3455,0.476,0.1899,0.2189,0.2814,0.3777,0.4368,0.6706
1087,1110,2018-11-29 22:00:00,24,0.2852,0.3472,0.4406,0.2007,0.2316,0.1948,0.3698,0.4329,0.6864
1088,1111,2018-11-29 23:00:00,24,0.2842,0.3469,0.4518,0.1982,0.2303,0.2027,0.3702,0.4331,0.7009
1089,1112,2018-11-30 00:00:00,24,0.2957,0.3541,0.4333,0.2072,0.2392,0.1613,0.3842,0.4399,0.7052
1090,1113,2018-11-30 01:00:00,24,0.3012,0.3568,0.4395,0.208,0.2396,0.1736,0.3943,0.4441,0.7054
1091,1114,2018-11-30 02:00:00,24,0.3028,0.3594,0.4445,0.2027,0.2358,0.1881,0.4028,0.4503,0.7009
1092,1115,2018-11-30 03:00:00,24,0.3078,0.3652,0.4354,0.2002,0.2352,0.1804,0.4154,0.4598,0.6904
1093,1116,2018-11-30 04:00:00,24,0.3104,0.3672,0.4272,0.1973,0.2336,0.1814,0.4234,0.4637,0.6729
1094,1117,2018-11-30 05:00:00,24,0.3108,0.3689,0.4239,0.194,0.232,0.1937,0.4276,0.4673,0.654
1095,1118,2018-11-30 06:00:00,24,0.308,0.3657,0.4002,0.1946,0.2327,0.1506,0.4214,0.4619,0.6497
1096,1119,2018-11-30 07:00:00,24,0.3115,0.3679,0.3593,0.1917,0.2306,0.1179,0.4313,0.4664,0.6007
1097,1120,2018-11-30 08:00:00,24,0.3046,0.3619,0.2659,0.1802,0.2137,0.0061,0.429,0.4651,0.5257
1098,1121,2018-11-30 09:00:00,24,0.3185,0.3741,-0.0065,0.2023,0.2419,-0.4057,0.4346,0.4704,0.3927
1099,1122,2018-11-30 10:00:00,24,0.3092,0.3582,-0.0183,0.2041,0.2424,-0.4109,0.4144,0.4448,0.3743
1100,1123,2018-11-30 11:00:00,24,0.3113,0.36,-0.0368,0.2115,0.2533,-0.3479,0.411,0.4417,0.2744
1101,1124,2018-11-30 12:00:00,24,0.3133,0.3631,-0.1186,0.2092,0.2521,-0.3094,0.4173,0.4475,0.0723
1102,1125,2018-11-30 13:00:00,24,0.3137,0.3623,-0.324,0.2128,0.2545,-0.4735,0.4146,0.4446,-0.1744
1103,1126,2018-11-30 14:00:00,24,0.3041,0.355,-0.4603,0.1997,0.2445,-0.4081,0.4086,0.4385,-0.5125
1104,1127,2018-11-30 15:00:00,24,0.2897,0.3382,-0.4417,0.19,0.2364,-0.2355,0.3893,0.4159,-0.6479
1105,1128,2018-11-30 16:00:00,24,0.2862,0.333,-0.6303,0.1918,0.2387,-0.4459,0.3805,0.406,-0.8148
1106,1129,2018-11-30 17:00:00,24,0.2766,0.3203,-0.5025,0.1889,0.2357,-0.251,0.3643,0.3869,-0.754
1107,1130,2018-11-30 18:00:00,24,0.2742,0.3144,-0.4614,0.1917,0.2373,-0.3285,0.3566,0.376,-0.5942
1108,1131,2018-11-30 19:00:00,24,0.2762,0.3166,-0.4776,0.1959,0.2431,-0.456,0.3565,0.3759,-0.4992
1109,1132,2018-11-30 20:00:00,24,0.2695,0.3084,-0.3731,0.1924,0.2405,-0.4393,0.3465,0.3638,-0.3068
1110,1133,2018-11-30 21:00:00,24,0.2749,0.3101,-0.4303,0.197,0.2419,-0.521,0.3529,0.3659,-0.3396
1111,1134,2018-11-30 22:00:00,24,0.2714,0.3065,-0.4395,0.1859,0.2295,-0.3747,0.3569,0.3677,-0.5044
1112,1135,2018-11-30 23:00:00,24,0.2716,0.3065,-0.6144,0.1866,0.2298,-0.3786,0.3566,0.3675,-0.8503
1113,1136,2018-12-01 00:00:00,24,0.2667,0.3034,-0.8272,0.1757,0.2196,-0.3508,0.3577,0.3687,-1.3036
1114,1137,2018-12-01 01:00:00,24,0.269,0.3055,-1.305,0.1771,0.2203,-0.439,0.3608,0.3716,-2.1711
1115,1138,2018-12-01 02:00:00,24,0.2674,0.3034,-1.9135,0.1772,0.2204,-0.4701,0.3576,0.3682,-3.357
1116,1139,2018-12-01 03:00:00,24,0.2692,0.3026,-2.1954,0.183,0.223,-0.4738,0.3554,0.3653,-3.9171
1117,1140,2018-12-01 04:00:00,24,0.2747,0.3098,-2.2523,0.1845,0.2238,-0.4118,0.365,0.3766,-4.0929
1118,1141,2018-12-01 05:00:00,24,0.2774,0.3101,-1.8494,0.193,0.2304,-0.4974,0.3617,0.3731,-3.2014
1119,1142,2018-12-01 06:00:00,24,0.2778,0.3119,-1.4185,0.1884,0.2257,-0.4242,0.3672,0.3789,-2.4127
1120,1143,2018-12-01 07:00:00,24,0.2797,0.3133,-1.1071,0.1904,0.2271,-0.4359,0.3689,0.3805,-1.7783
1121,1144,2018-12-01 08:00:00,24,0.2906,0.3253,-0.9955,0.2043,0.248,-0.5934,0.3768,0.3874,-1.3976
1122,1145,2018-12-01 09:00:00,24,0.2863,0.3209,-0.5153,0.1917,0.2264,-0.3332,0.3809,0.3932,-0.6973
1123,1146,2018-12-01 10:00:00,24,0.2903,0.3259,-0.289,0.1922,0.2266,-0.3241,0.3884,0.4013,-0.2539
1124,1147,2018-12-01 11:00:00,24,0.287,0.3227,-0.1868,0.1831,0.2124,-0.41,0.3909,0.4038,0.0364
1125,1148,2018-12-01 12:00:00,24,0.2838,0.3201,-0.0932,0.1798,0.2113,-0.4373,0.3878,0.4003,0.2509
1126,1149,2018-12-01 13:00:00,24,0.2792,0.3159,-0.0539,0.1764,0.2085,-0.4802,0.382,0.395,0.3723
1127,1150,2018-12-01 14:00:00,24,0.2764,0.3128,0.089,0.1775,0.2088,-0.2614,0.3753,0.39,0.4395
1128,1151,2018-12-01 15:00:00,24,0.2866,0.3249,-0.1515,0.2007,0.2459,-0.7629,0.3725,0.3882,0.4599
1129,1152,2018-12-01 16:00:00,24,0.2819,0.3208,-0.0619,0.1974,0.2419,-0.5957,0.3663,0.3838,0.4719
1130,1153,2018-12-01 17:00:00,24,0.2893,0.3289,-0.2016,0.2022,0.2472,-0.8463,0.3764,0.394,0.4431
1131,1154,2018-12-01 18:00:00,24,0.2966,0.3385,-0.3179,0.207,0.2514,-1.0713,0.3861,0.4074,0.4354
1132,1155,2018-12-01 19:00:00,24,0.2891,0.3316,-0.1918,0.1973,0.2407,-0.8511,0.3808,0.4025,0.4675
1133,1156,2018-12-01 20:00:00,24,0.2881,0.3321,-0.1702,0.1935,0.2392,-0.8149,0.3827,0.4041,0.4744
1134,1157,2018-12-01 21:00:00,24,0.2887,0.3334,-0.1771,0.2012,0.2461,-0.7995,0.3763,0.4022,0.4453
1135,1158,2018-12-01 22:00:00,24,0.2893,0.3345,-0.1067,0.2084,0.2524,-0.6056,0.3702,0.4,0.3922
1136,1159,2018-12-01 23:00:00,24,0.2904,0.3348,-0.0117,0.2126,0.255,-0.3781,0.3682,0.399,0.3546
1137,1160,2018-12-02 00:00:00,24,0.2857,0.3307,0.0442,0.2125,0.255,-0.2835,0.3589,0.3921,0.3719
1138,1161,2018-12-02 01:00:00,24,0.2865,0.3321,0.0516,0.2115,0.2545,-0.2481,0.3615,0.3948,0.3514
1139,1162,2018-12-02 02:00:00,24,0.2886,0.333,0.0346,0.2166,0.2578,-0.2762,0.3606,0.394,0.3454
1140,1163,2018-12-02 03:00:00,24,0.2872,0.3313,0.0299,0.2168,0.258,-0.3019,0.3577,0.391,0.3617
1141,1164,2018-12-02 04:00:00,24,0.2852,0.3276,0.0006,0.218,0.2586,-0.3961,0.3524,0.3843,0.3972
1142,1165,2018-12-02 05:00:00,24,0.2866,0.33,-0.007,0.2161,0.2567,-0.3983,0.3572,0.3897,0.3843
1143,1166,2018-12-02 06:00:00,24,0.2857,0.3295,-0.0304,0.2142,0.2556,-0.4467,0.3572,0.3897,0.3858
1144,1167,2018-12-02 07:00:00,24,0.2869,0.3302,-0.079,0.2171,0.258,-0.5474,0.3566,0.3892,0.3895
1145,1168,2018-12-02 08:00:00,24,0.2829,0.328,0.0244,0.2018,0.237,-0.3109,0.3639,0.3987,0.3597
1146,1169,2018-12-02 09:00:00,24,0.2742,0.3176,0.0489,0.1975,0.2333,-0.3011,0.351,0.3838,0.399
1147,1170,2018-12-02 10:00:00,24,0.2694,0.3113,0.0536,0.198,0.2335,-0.3065,0.3407,0.3731,0.4137
1148,1171,2018-12-02 11:00:00,24,0.2625,0.3054,0.0719,0.1921,0.2293,-0.2566,0.3329,0.3659,0.4005
1149,1172,2018-12-02 12:00:00,24,0.2586,0.3017,0.0392,0.201,0.2346,-0.3159,0.3163,0.3564,0.3942
1150,1173,2018-12-02 13:00:00,24,0.2565,0.3003,-0.0301,0.1994,0.2339,-0.4293,0.3137,0.3544,0.3691
1151,1174,2018-12-02 14:00:00,24,0.2578,0.3009,-0.326,0.2005,0.2342,-1.0095,0.315,0.3553,0.3575
1152,1175,2018-12-02 15:00:00,24,0.2543,0.2952,-0.0226,0.1806,0.1969,-0.3377,0.328,0.3681,0.2925
1153,1176,2018-12-02 16:00:00,24,0.2611,0.3023,-0.4022,0.1865,0.2063,-1.0618,0.3358,0.3745,0.2574
1154,1177,2018-12-02 17:00:00,24,0.2616,0.3033,-0.4939,0.1858,0.2052,-1.1882,0.3373,0.3766,0.2003
1155,1178,2018-12-02 18:00:00,24,0.257,0.2994,-0.4747,0.1782,0.1983,-1.0153,0.3359,0.3741,0.0659
1156,1179,2018-12-02 19:00:00,24,0.262,0.3078,-0.5728,0.1764,0.197,-0.9854,0.3476,0.3881,-0.1602
1157,1180,2018-12-02 20:00:00,24,0.2728,0.3206,-0.6869,0.1852,0.2039,-1.0835,0.3604,0.405,-0.2904
1158,1181,2018-12-02 21:00:00,24,0.2864,0.3442,-0.4308,0.1759,0.1946,-0.846,0.3969,0.4463,-0.0155
1159,1182,2018-12-02 22:00:00,24,0.2948,0.3518,-0.2249,0.173,0.1906,-0.7288,0.4165,0.4596,0.279
1160,1183,2018-12-02 23:00:00,24,0.302,0.3621,-0.1723,0.168,0.1867,-0.7847,0.436,0.4768,0.4401
1161,1184,2018-12-03 00:00:00,24,0.3147,0.375,-0.1442,0.1728,0.1901,-0.8382,0.4566,0.495,0.5498
1162,1185,2018-12-03 01:00:00,24,0.316,0.377,-0.0915,0.1722,0.1898,-0.8277,0.4599,0.4982,0.6448
1163,1186,2018-12-03 02:00:00,24,0.3123,0.3745,-0.0478,0.1711,0.1885,-0.7911,0.4536,0.495,0.6956
1164,1187,2018-12-03 03:00:00,24,0.3069,0.3712,-0.016,0.167,0.1858,-0.7575,0.4468,0.491,0.7254
1165,1188,2018-12-03 04:00:00,24,0.3061,0.3699,-0.0148,0.1688,0.1875,-0.7764,0.4435,0.4884,0.7468
1166,1189,2018-12-03 05:00:00,24,0.298,0.3634,0.0421,0.1626,0.1822,-0.683,0.4333,0.4806,0.7672
1167,1190,2018-12-03 06:00:00,24,0.2946,0.3595,0.0347,0.1647,0.1839,-0.7129,0.4245,0.4739,0.7824
1168,1191,2018-12-03 07:00:00,24,0.292,0.3578,0.0874,0.1608,0.1796,-0.6141,0.4232,0.473,0.789
1169,1192,2018-12-03 08:00:00,24,0.2899,0.3527,0.1206,0.1686,0.1902,-0.5644,0.4112,0.4612,0.8055
1170,1193,2018-12-03 09:00:00,24,0.2906,0.3553,0.1542,0.164,0.1879,-0.4984,0.4173,0.4661,0.8067
1171,1194,2018-12-03 10:00:00,24,0.3007,0.3641,0.1731,0.1734,0.1988,-0.4584,0.428,0.475,0.8045
1172,1195,2018-12-03 11:00:00,24,0.3058,0.367,0.0138,0.1821,0.2073,-0.7759,0.4294,0.4758,0.8036
1173,1196,2018-12-03 12:00:00,24,0.3148,0.372,-0.0535,0.185,0.2111,-0.8953,0.4445,0.4818,0.7882
1174,1197,2018-12-03 13:00:00,24,0.3142,0.3715,-0.245,0.187,0.2122,-1.2553,0.4414,0.4806,0.7653
1175,1198,2018-12-03 14:00:00,24,0.3176,0.3737,-0.7372,0.1889,0.2132,-2.1937,0.4463,0.4836,0.7193
1176,1199,2018-12-03 15:00:00,24,0.3109,0.3677,-1.5576,0.1863,0.2116,-3.7839,0.4354,0.475,0.6686
1177,1200,2018-12-03 16:00:00,24,0.3007,0.3608,-1.3026,0.1718,0.1962,-3.1727,0.4296,0.4709,0.5675
1178,1201,2018-12-03 17:00:00,24,0.297,0.3601,-1.1794,0.1622,0.1867,-2.7393,0.4319,0.4738,0.3805
1179,1202,2018-12-03 18:00:00,24,0.301,0.3615,-1.156,0.1717,0.197,-2.3989,0.4304,0.4718,0.0868
1180,1203,2018-12-03 19:00:00,24,0.3026,0.3682,-1.1979,0.1674,0.1957,-1.9369,0.4378,0.4825,-0.4588
1181,1204,2018-12-03 20:00:00,24,0.3042,0.3794,-1.1728,0.1587,0.1886,-1.6008,0.4497,0.5023,-0.7449
1182,1205,2018-12-03 21:00:00,24,0.2886,0.3562,-1.05,0.1599,0.1893,-1.6248,0.4172,0.4669,-0.4753
1183,1206,2018-12-03 22:00:00,24,0.2822,0.3497,-0.8664,0.1557,0.1851,-1.3645,0.4086,0.4587,-0.3682
1184,1207,2018-12-03 23:00:00,24,0.2747,0.34,-0.7158,0.1547,0.1847,-1.2524,0.3947,0.4439,-0.1793
1185,1208,2018-12-04 00:00:00,24,0.2625,0.3262,-0.4682,0.149,0.1808,-0.9478,0.376,0.4244,0.0114
1186,1209,2018-12-04 01:00:00,24,0.2539,0.3178,-0.3987,0.1501,0.1815,-0.8931,0.3577,0.4112,0.0957
1187,1210,2018-12-04 02:00:00,24,0.2552,0.3196,-0.366,0.1461,0.1781,-0.8315,0.3643,0.4154,0.0994
1188,1211,2018-12-04 03:00:00,24,0.2536,0.319,-0.3657,0.1444,0.1775,-0.8143,0.3628,0.4147,0.0829
1189,1212,2018-12-04 04:00:00,24,0.2489,0.3158,-0.3203,0.1394,0.1735,-0.7225,0.3584,0.4116,0.0819
1190,1213,2018-12-04 05:00:00,24,0.2533,0.3199,-0.3668,0.141,0.1745,-0.7616,0.3657,0.4174,0.0279
1191,1214,2018-12-04 06:00:00,24,0.2498,0.318,-0.3572,0.1372,0.1715,-0.7058,0.3624,0.4157,-0.0087
1192,1215,2018-12-04 07:00:00,24,0.247,0.3171,-0.3521,0.1318,0.1686,-0.6377,0.3621,0.4155,-0.0664
1193,1216,2018-12-04 08:00:00,24,0.2517,0.3236,-0.4113,0.1315,0.168,-0.6429,0.3719,0.4257,-0.1797
1194,1217,2018-12-04 09:00:00,24,0.2539,0.3257,-0.4393,0.1331,0.1685,-0.666,0.3747,0.4287,-0.2126
1195,1218,2018-12-04 10:00:00,24,0.2521,0.3249,-0.4446,0.1278,0.1597,-0.7342,0.3764,0.4309,-0.1549
1196,1219,2018-12-04 11:00:00,24,0.2538,0.3267,-0.3577,0.1312,0.1668,-0.5815,0.3764,0.4309,-0.1338
1197,1220,2018-12-04 12:00:00,24,0.2464,0.3209,-0.0494,0.1251,0.1578,0.0264,0.3677,0.4255,-0.1252
1198,1221,2018-12-04 13:00:00,24,0.2433,0.3198,0.059,0.1211,0.1554,0.3411,0.3656,0.4248,-0.2231
1199,1222,2018-12-04 14:00:00,24,0.2393,0.3165,0.0678,0.1201,0.1546,0.4278,0.3584,0.4201,-0.2922
1200,1223,2018-12-04 15:00:00,24,0.2336,0.3143,0.054,0.1191,0.154,0.4206,0.3482,0.4169,-0.3125
1201,1224,2018-12-04 16:00:00,24,0.2368,0.3157,0.0647,0.1294,0.1648,0.4228,0.3442,0.4149,-0.2934
1202,1225,2018-12-04 17:00:00,24,0.231,0.3058,0.1897,0.1358,0.1706,0.3512,0.3261,0.3974,0.0283
1203,1226,2018-12-04 18:00:00,24,0.2147,0.2902,0.4068,0.1229,0.1574,0.4563,0.3065,0.3791,0.3573
1204,1227,2018-12-04 19:00:00,24,0.2106,0.2771,0.4893,0.127,0.1588,0.447,0.2943,0.3583,0.5317
1205,1228,2018-12-04 20:00:00,24,0.1998,0.2495,0.5493,0.1253,0.1585,0.4494,0.2742,0.3152,0.6492
1206,1229,2018-12-04 21:00:00,24,0.1993,0.2493,0.5659,0.1237,0.1575,0.4503,0.2748,0.3155,0.6815
1207,1230,2018-12-04 22:00:00,24,0.198,0.248,0.5808,0.1232,0.1571,0.4538,0.2729,0.3136,0.7077
1208,1231,2018-12-04 23:00:00,24,0.1927,0.244,0.6006,0.1247,0.1578,0.4458,0.2607,0.3069,0.7555
1209,1232,2018-12-05 00:00:00,24,0.189,0.2421,0.6226,0.1225,0.1574,0.4496,0.2555,0.3041,0.7956
1210,1233,2018-12-05 01:00:00,24,0.1883,0.242,0.6461,0.1189,0.1556,0.4641,0.2576,0.3048,0.8281
1211,1234,2018-12-05 02:00:00,24,0.1837,0.2377,0.661,0.1182,0.1552,0.4625,0.2493,0.2982,0.8595
1212,1235,2018-12-05 03:00:00,24,0.1877,0.2423,0.6696,0.1179,0.1551,0.4707,0.2575,0.3056,0.8685
1213,1236,2018-12-05 04:00:00,24,0.1911,0.2447,0.6568,0.1227,0.1593,0.4346,0.2595,0.3072,0.8789
1214,1237,2018-12-05 05:00:00,24,0.1892,0.2421,0.6523,0.1221,0.1589,0.4163,0.2563,0.3032,0.8882
1215,1238,2018-12-05 06:00:00,24,0.1935,0.2455,0.6241,0.126,0.1622,0.3574,0.2611,0.307,0.8909
1216,1239,2018-12-05 07:00:00,24,0.2004,0.2541,0.6011,0.1305,0.1644,0.3196,0.2702,0.3196,0.8826
1217,1240,2018-12-05 08:00:00,24,0.2032,0.2587,0.4971,0.1362,0.1778,0.1172,0.2703,0.3197,0.8771
1218,1241,2018-12-05 09:00:00,24,0.2005,0.2555,0.4699,0.1338,0.1772,0.0712,0.2672,0.315,0.8686
1219,1242,2018-12-05 10:00:00,24,0.1932,0.2442,0.3905,0.1334,0.1767,-0.0812,0.2531,0.2968,0.8623
1220,1243,2018-12-05 11:00:00,24,0.1844,0.2357,0.4707,0.123,0.1608,0.1037,0.2457,0.292,0.8377
1221,1244,2018-12-05 12:00:00,24,0.187,0.238,0.3878,0.1271,0.1662,-0.0236,0.2469,0.2927,0.7992
1222,1245,2018-12-05 13:00:00,24,0.1936,0.2423,0.2548,0.1338,0.1713,-0.2372,0.2533,0.2967,0.7469
1223,1246,2018-12-05 14:00:00,24,0.191,0.2409,0.2234,0.1324,0.1705,-0.2521,0.2496,0.2949,0.6989
1224,1247,2018-12-05 15:00:00,24,0.1984,0.2455,0.1901,0.1344,0.1717,-0.2637,0.2625,0.3018,0.6438
1225,1248,2018-12-05 16:00:00,24,0.1992,0.2472,0.0278,0.1272,0.163,-0.5322,0.2712,0.3093,0.5879
1226,1249,2018-12-05 17:00:00,24,0.2042,0.26,0.0362,0.1183,0.1562,-0.3845,0.2901,0.3329,0.457
1227,1250,2018-12-05 18:00:00,24,0.224,0.29,-0.1332,0.1269,0.1624,-0.5,0.321,0.3766,0.2336
1228,1251,2018-12-05 19:00:00,24,0.2276,0.3008,-0.2085,0.1233,0.161,-0.5022,0.3318,0.3937,0.0852
1229,1252,2018-12-05 20:00:00,24,0.2352,0.3087,-0.3,0.1316,0.1668,-0.6006,0.3387,0.4034,0.0006
1230,1253,2018-12-05 21:00:00,24,0.241,0.3148,-0.3589,0.1307,0.1664,-0.77,0.3514,0.4129,0.0523
1231,1254,2018-12-05 22:00:00,24,0.237,0.3123,-0.3328,0.129,0.1654,-0.7584,0.345,0.4096,0.0927
1232,1255,2018-12-05 23:00:00,24,0.2397,0.3131,-0.353,0.1296,0.1657,-0.8422,0.3498,0.4105,0.1363
1233,1256,2018-12-06 00:00:00,24,0.2444,0.3147,-0.362,0.1346,0.1676,-0.8862,0.3543,0.4123,0.1623
1234,1257,2018-12-06 01:00:00,24,0.2477,0.3158,-0.3881,0.1398,0.1707,-0.9462,0.3557,0.4128,0.17
1235,1258,2018-12-06 02:00:00,24,0.2501,0.3169,-0.4197,0.1423,0.1724,-0.9875,0.358,0.4137,0.148
1236,1259,2018-12-06 03:00:00,24,0.2533,0.3175,-0.4883,0.1503,0.1781,-1.1163,0.3563,0.4123,0.1397
1237,1260,2018-12-06 04:00:00,24,0.2492,0.3155,-0.4727,0.1443,0.1739,-1.0668,0.3541,0.4109,0.1213
1238,1261,2018-12-06 05:00:00,24,0.2492,0.3146,-0.5214,0.1475,0.1765,-1.149,0.3508,0.4084,0.1063
1239,1262,2018-12-06 06:00:00,24,0.2505,0.3164,-0.5279,0.1463,0.1754,-1.1142,0.3547,0.4117,0.0583
1240,1263,2018-12-06 07:00:00,24,0.2454,0.3107,-0.4996,0.1436,0.1738,-1.092,0.3473,0.4035,0.0927
1241,1264,2018-12-06 08:00:00,24,0.2477,0.3149,-0.3998,0.1438,0.1745,-0.8935,0.3515,0.4097,0.0939
1242,1265,2018-12-06 09:00:00,24,0.2486,0.3139,-0.2304,0.1482,0.1763,-0.5985,0.3491,0.4074,0.1377
1243,1266,2018-12-06 10:00:00,24,0.2477,0.3143,-0.1576,0.1426,0.1721,-0.4675,0.3528,0.4098,0.1524
1244,1267,2018-12-06 11:00:00,24,0.255,0.3191,-0.0684,0.1479,0.1781,-0.2777,0.3622,0.4147,0.1408
1245,1268,2018-12-06 12:00:00,24,0.2558,0.3197,-0.0773,0.1465,0.1761,-0.2622,0.3652,0.4164,0.1076
1246,1269,2018-12-06 13:00:00,24,0.2583,0.3219,-0.2107,0.1528,0.186,-0.467,0.3638,0.4155,0.0455
1247,1270,2018-12-06 14:00:00,24,0.2685,0.3286,-0.3299,0.1647,0.1993,-0.479,0.3723,0.4198,-0.1808
1248,1271,2018-12-06 15:00:00,24,0.2678,0.3289,-0.4666,0.1619,0.198,-0.3645,0.3737,0.4209,-0.5687
1249,1272,2018-12-06 16:00:00,24,0.2684,0.3296,-0.9317,0.1621,0.1981,-0.4349,0.3748,0.4218,-1.4284
1250,1273,2018-12-06 17:00:00,24,0.263,0.3202,-1.4533,0.1645,0.1987,-0.5967,0.3615,0.4069,-2.3099
1251,1274,2018-12-06 18:00:00,24,0.248,0.2956,-1.1549,0.1595,0.1946,-0.5419,0.3364,0.37,-1.7679
1252,1275,2018-12-06 19:00:00,24,0.2405,0.279,-0.9132,0.1645,0.1967,-0.6212,0.3165,0.342,-1.2051
1253,1276,2018-12-06 20:00:00,24,0.2353,0.2684,-0.8947,0.1674,0.2003,-0.6416,0.3032,0.3224,-1.1479
1254,1277,2018-12-06 21:00:00,24,0.2299,0.2618,-1.07,0.1669,0.2002,-0.7123,0.2928,0.3115,-1.4277
1255,1278,2018-12-06 22:00:00,24,0.2289,0.2614,-0.9117,0.1664,0.2,-0.8019,0.2914,0.311,-1.0215
1256,1279,2018-12-06 23:00:00,24,0.2303,0.2625,-0.661,0.1708,0.2036,-0.9593,0.2899,0.3104,-0.3627
1257,1280,2018-12-07 00:00:00,24,0.2305,0.2626,-0.4054,0.1747,0.2068,-1.0678,0.2862,0.3084,0.257
1258,1281,2018-12-07 01:00:00,24,0.2316,0.2642,-0.3374,0.1716,0.2049,-1.1452,0.2916,0.3124,0.4703
1259,1282,2018-12-07 02:00:00,24,0.2329,0.265,-0.3225,0.1739,0.2068,-1.2497,0.2919,0.3125,0.6046
1260,1283,2018-12-07 03:00:00,24,0.2291,0.2618,-0.2667,0.1697,0.2034,-1.2251,0.2885,0.3095,0.6916
1261,1284,2018-12-07 04:00:00,24,0.232,0.2633,-0.3637,0.1745,0.206,-1.47,0.2895,0.3102,0.7427
1262,1285,2018-12-07 05:00:00,24,0.2319,0.2633,-0.4134,0.1736,0.2053,-1.6049,0.2901,0.3107,0.778
1263,1286,2018-12-07 06:00:00,24,0.2342,0.2664,-0.485,0.175,0.2064,-1.7601,0.2933,0.3151,0.7901
1264,1287,2018-12-07 07:00:00,24,0.2344,0.2649,-0.7421,0.1809,0.2103,-2.2965,0.288,0.31,0.8123
1265,1288,2018-12-07 08:00:00,24,0.2305,0.2569,-0.3971,0.1777,0.2034,-1.616,0.2834,0.301,0.8218
1266,1289,2018-12-07 09:00:00,24,0.2363,0.2717,-0.3687,0.1745,0.2021,-1.5138,0.2981,0.3269,0.7765
1267,1290,2018-12-07 10:00:00,24,0.243,0.2784,-0.3372,0.181,0.2067,-1.4189,0.3049,0.3351,0.7445
1268,1291,2018-12-07 11:00:00,24,0.2427,0.278,-0.227,0.1824,0.2084,-1.1767,0.303,0.3333,0.7227
1269,1292,2018-12-07 12:00:00,24,0.2403,0.2766,-0.1051,0.1772,0.2041,-0.9047,0.3034,0.3336,0.6945
1270,1293,2018-12-07 13:00:00,24,0.2377,0.274,0.0815,0.1695,0.1938,-0.5006,0.3059,0.3355,0.6636
1271,1294,2018-12-07 14:00:00,24,0.2349,0.2718,0.1262,0.161,0.1823,-0.3703,0.3087,0.3385,0.6226
1272,1295,2018-12-07 15:00:00,24,0.2419,0.2786,-0.0214,0.169,0.1888,-0.5993,0.3147,0.3458,0.5565
1273,1296,2018-12-07 16:00:00,24,0.2435,0.2831,-0.0391,0.1664,0.1875,-0.5449,0.3206,0.3537,0.4666
1274,1297,2018-12-07 17:00:00,24,0.2479,0.2871,0.0251,0.1704,0.1901,-0.3139,0.3255,0.3588,0.3642
1275,1298,2018-12-07 18:00:00,24,0.2502,0.2899,0.0687,0.17,0.1899,-0.12,0.3305,0.3634,0.2574
1276,1299,2018-12-07 19:00:00,24,0.26,0.301,-0.035,0.1777,0.1991,-0.2126,0.3423,0.3762,0.1427
1277,1300,2018-12-07 20:00:00,24,0.2589,0.2999,-0.0815,0.1782,0.1999,-0.2318,0.3397,0.3741,0.0687
1278,1301,2018-12-07 21:00:00,24,0.2683,0.3085,-0.0681,0.1844,0.2035,-0.1535,0.3522,0.386,0.0173
1279,1302,2018-12-07 22:00:00,24,0.275,0.3121,-0.0493,0.1908,0.208,-0.1535,0.3592,0.3893,0.0548
1280,1303,2018-12-07 23:00:00,24,0.2834,0.3209,0.0018,0.1893,0.2066,-0.1192,0.3774,0.4041,0.1228
1281,1304,2018-12-08 00:00:00,24,0.2864,0.3227,0.0068,0.19,0.2073,-0.1616,0.3829,0.4066,0.1751
1282,1305,2018-12-08 01:00:00,24,0.2852,0.3214,-0.0129,0.1942,0.2101,-0.2227,0.3763,0.4031,0.1968
1283,1306,2018-12-08 02:00:00,24,0.2864,0.3223,-0.0536,0.1938,0.2097,-0.2671,0.379,0.4047,0.1598
1284,1307,2018-12-08 03:00:00,24,0.2874,0.3227,-0.1204,0.1963,0.2115,-0.3249,0.3786,0.4044,0.0842
1285,1308,2018-12-08 04:00:00,24,0.2914,0.3279,-0.2049,0.1944,0.2102,-0.3378,0.3883,0.4134,-0.0721
1286,1309,2018-12-08 05:00:00,24,0.2933,0.3292,-0.3685,0.1987,0.2146,-0.437,0.3879,0.4131,-0.3
1287,1310,2018-12-08 06:00:00,24,0.2884,0.3239,-0.5085,0.2007,0.2165,-0.5009,0.3761,0.4037,-0.5162
1288,1311,2018-12-08 07:00:00,24,0.2941,0.3303,-0.8964,0.2013,0.2171,-0.5698,0.387,0.4136,-1.2231
1289,1312,2018-12-08 08:00:00,24,0.2921,0.3276,-1.2684,0.2055,0.2256,-0.6746,0.3788,0.4046,-1.8622
1290,1313,2018-12-08 09:00:00,24,0.2887,0.3217,-1.157,0.2042,0.2255,-0.7617,0.3731,0.3952,-1.5524
1291,1314,2018-12-08 10:00:00,24,0.2901,0.3269,-1.0067,0.1999,0.2221,-1.0188,0.3804,0.4055,-0.9946
1292,1315,2018-12-08 11:00:00,24,0.2882,0.3283,-0.7459,0.1888,0.214,-0.8854,0.3876,0.412,-0.6063
1293,1316,2018-12-08 12:00:00,24,0.2869,0.3284,-0.6137,0.1852,0.2129,-0.7831,0.3886,0.4127,-0.4443
1294,1317,2018-12-08 13:00:00,24,0.2849,0.3276,-0.4972,0.1809,0.2104,-0.5492,0.3888,0.4128,-0.4453
1295,1318,2018-12-08 14:00:00,24,0.2878,0.3302,-0.4945,0.1842,0.2134,-0.5258,0.3914,0.4154,-0.4631
1296,1319,2018-12-08 15:00:00,24,0.2822,0.3263,-0.3743,0.176,0.2076,-0.351,0.3885,0.4122,-0.3975
1297,1320,2018-12-08 16:00:00,24,0.2851,0.326,-0.3656,0.1858,0.2157,-0.4597,0.3845,0.4074,-0.2715
1298,1321,2018-12-08 17:00:00,24,0.288,0.3279,-0.3973,0.1957,0.2286,-0.6079,0.3803,0.4036,-0.1867
1299,1322,2018-12-08 18:00:00,24,0.2913,0.3336,-0.4283,0.1943,0.2281,-0.7235,0.3882,0.4129,-0.1331
1300,1323,2018-12-08 19:00:00,24,0.2765,0.3213,-0.3204,0.183,0.2185,-0.5786,0.3701,0.3983,-0.0621
1301,1324,2018-12-08 20:00:00,24,0.2718,0.3179,-0.3198,0.1781,0.2132,-0.5202,0.3655,0.3959,-0.1194
1302,1325,2018-12-08 21:00:00,24,0.2662,0.3113,-0.3285,0.1773,0.2126,-0.577,0.3551,0.3856,-0.0799
1303,1326,2018-12-08 22:00:00,24,0.2609,0.3082,-0.315,0.173,0.209,-0.548,0.3488,0.3824,-0.0819
1304,1327,2018-12-08 23:00:00,24,0.256,0.3026,-0.279,0.1695,0.2067,-0.5448,0.3425,0.3747,-0.0132
1305,1328,2018-12-09 00:00:00,24,0.257,0.3034,-0.2746,0.172,0.2098,-0.5574,0.3419,0.3743,0.0082
1306,1329,2018-12-09 01:00:00,24,0.2548,0.3025,-0.2355,0.1674,0.2068,-0.5188,0.3423,0.3744,0.0477
1307,1330,2018-12-09 02:00:00,24,0.2549,0.3026,-0.2225,0.1669,0.2065,-0.5178,0.3429,0.3749,0.0728
1308,1331,2018-12-09 03:00:00,24,0.2594,0.3076,-0.2526,0.1673,0.2067,-0.5231,0.3516,0.3828,0.0179
1309,1332,2018-12-09 04:00:00,24,0.2569,0.303,-0.2533,0.1725,0.2115,-0.6049,0.3413,0.3727,0.0983
1310,1333,2018-12-09 05:00:00,24,0.2573,0.304,-0.227,0.1687,0.2074,-0.5454,0.3459,0.3767,0.0914
1311,1334,2018-12-09 06:00:00,24,0.2586,0.3049,-0.2303,0.1685,0.2072,-0.5421,0.3486,0.3782,0.0816
1312,1335,2018-12-09 07:00:00,24,0.2554,0.3003,-0.2076,0.1697,0.2086,-0.5712,0.341,0.3699,0.1561
1313,1336,2018-12-09 08:00:00,24,0.2527,0.2975,-0.2565,0.1585,0.1878,-0.6435,0.3469,0.3766,0.1305
1314,1337,2018-12-09 09:00:00,24,0.2494,0.29,-0.3268,0.1616,0.1887,-0.8521,0.3373,0.3641,0.1986
1315,1338,2018-12-09 10:00:00,24,0.2375,0.2745,-0.2456,0.1592,0.1876,-0.8069,0.3157,0.3399,0.3158
1316,1339,2018-12-09 11:00:00,24,0.2384,0.2735,-0.1705,0.1631,0.1892,-0.6443,0.3138,0.3374,0.3033
1317,1340,2018-12-09 12:00:00,24,0.2405,0.274,-0.1133,0.1672,0.1907,-0.5069,0.3138,0.3374,0.2804
1318,1341,2018-12-09 13:00:00,24,0.2415,0.2754,0.0936,0.167,0.1906,-0.0606,0.3161,0.3396,0.2478
1319,1342,2018-12-09 14:00:00,24,0.2331,0.2677,0.3031,0.1595,0.1848,0.3475,0.3068,0.3305,0.2588
1320,1343,2018-12-09 15:00:00,24,0.229,0.2625,0.3783,0.1659,0.1893,0.4563,0.2921,0.3193,0.3004
1321,1344,2018-12-09 16:00:00,24,0.2217,0.2547,0.4472,0.158,0.1808,0.6015,0.2853,0.3115,0.2929
1322,1345,2018-12-09 17:00:00,24,0.2136,0.2459,0.5037,0.1481,0.1642,0.7009,0.2792,0.3065,0.3066
1323,1346,2018-12-09 18:00:00,24,0.2091,0.2351,0.4875,0.1527,0.1673,0.7135,0.2654,0.2873,0.2615
1324,1347,2018-12-09 19:00:00,24,0.2126,0.238,0.5474,0.1622,0.1765,0.6889,0.2629,0.2866,0.4059
1325,1348,2018-12-09 20:00:00,24,0.213,0.2398,0.6174,0.1676,0.1839,0.6539,0.2583,0.285,0.5809
1326,1349,2018-12-09 21:00:00,24,0.2143,0.243,0.6459,0.1643,0.1814,0.6506,0.2643,0.2919,0.6412
1327,1350,2018-12-09 22:00:00,24,0.2237,0.2519,0.6347,0.1726,0.1912,0.5954,0.2748,0.3005,0.674
1328,1351,2018-12-09 23:00:00,24,0.2247,0.2527,0.6392,0.1738,0.1919,0.5795,0.2755,0.3015,0.6989
1329,1352,2018-12-10 00:00:00,24,0.2238,0.2539,0.643,0.1653,0.1834,0.5866,0.2823,0.3086,0.6993
1330,1353,2018-12-10 01:00:00,24,0.2343,0.2658,0.6112,0.17,0.1867,0.5529,0.2987,0.3262,0.6696
1331,1354,2018-12-10 02:00:00,24,0.2334,0.2658,0.6063,0.1664,0.184,0.5439,0.3003,0.3278,0.6688
1332,1355,2018-12-10 03:00:00,24,0.2334,0.2669,0.5901,0.1647,0.1824,0.5285,0.3022,0.3304,0.6518
1333,1356,2018-12-10 04:00:00,24,0.2345,0.2687,0.5707,0.1613,0.1785,0.5132,0.3076,0.3355,0.6282
1334,1357,2018-12-10 05:00:00,24,0.2336,0.2674,0.5459,0.1616,0.1788,0.4789,0.3055,0.3333,0.6128
1335,1358,2018-12-10 06:00:00,24,0.2357,0.2717,0.5141,0.1571,0.1743,0.4583,0.3143,0.3424,0.5699
1336,1359,2018-12-10 07:00:00,24,0.2326,0.2689,0.4867,0.1536,0.1701,0.4206,0.3115,0.3401,0.5527
1337,1360,2018-12-10 08:00:00,24,0.2344,0.2709,0.4242,0.1648,0.1926,0.3215,0.304,0.3311,0.5268
1338,1361,2018-12-10 09:00:00,24,0.2391,0.2829,0.3907,0.161,0.1917,0.3705,0.3173,0.3513,0.4109
1339,1362,2018-12-10 10:00:00,24,0.2551,0.299,0.4025,0.176,0.2095,0.4505,0.3342,0.3673,0.3545
1340,1363,2018-12-10 11:00:00,24,0.2624,0.3066,0.3341,0.1927,0.2339,0.3178,0.3321,0.3651,0.3505
1341,1364,2018-12-10 12:00:00,24,0.2668,0.3104,0.3291,0.1969,0.2369,0.3139,0.3367,0.3695,0.3443
1342,1365,2018-12-10 13:00:00,24,0.2636,0.3085,0.3264,0.1941,0.2365,0.3045,0.3331,0.3666,0.3483
1343,1366,2018-12-10 14:00:00,24,0.2702,0.3134,0.2818,0.1996,0.2392,0.2123,0.3409,0.3731,0.3513
1344,1367,2018-12-10 15:00:00,24,0.2811,0.3227,0.2478,0.204,0.2439,0.1206,0.3582,0.3858,0.3751
1345,1368,2018-12-10 16:00:00,24,0.2839,0.3281,0.2247,0.2001,0.243,0.0257,0.3677,0.3952,0.4237
1346,1369,2018-12-10 17:00:00,24,0.2868,0.3311,0.2173,0.1976,0.2416,-0.0328,0.376,0.4011,0.4674
1347,1370,2018-12-10 18:00:00,24,0.2894,0.3334,0.1568,0.198,0.2419,-0.1867,0.3807,0.4047,0.5002
1348,1371,2018-12-10 19:00:00,24,0.2959,0.3375,0.1144,0.1979,0.2418,-0.269,0.3939,0.4115,0.4978
1349,1372,2018-12-10 20:00:00,24,0.3006,0.3403,0.1095,0.1926,0.2363,-0.2318,0.4086,0.4193,0.4509
1350,1373,2018-12-10 21:00:00,24,0.2928,0.3353,0.0661,0.1901,0.2356,-0.2665,0.3955,0.4115,0.3987
1351,1374,2018-12-10 22:00:00,24,0.2857,0.3298,0.0726,0.1826,0.2282,-0.1722,0.3888,0.4067,0.3173
1352,1375,2018-12-10 23:00:00,24,0.2772,0.3245,0.0774,0.1822,0.2281,-0.13,0.3721,0.3983,0.2847
1353,1376,2018-12-11 00:00:00,24,0.2719,0.3201,0.0785,0.1817,0.2279,-0.1397,0.3621,0.3911,0.2967
1354,1377,2018-12-11 01:00:00,24,0.265,0.313,0.123,0.1769,0.2251,-0.1156,0.3532,0.3811,0.3617
1355,1378,2018-12-11 02:00:00,24,0.2642,0.3124,0.1316,0.1763,0.2248,-0.1293,0.3521,0.3803,0.3925
1356,1379,2018-12-11 03:00:00,24,0.2594,0.308,0.1786,0.172,0.223,-0.0922,0.3468,0.3742,0.4495
1357,1380,2018-12-11 04:00:00,24,0.2598,0.3081,0.183,0.1731,0.2239,-0.1117,0.3464,0.3738,0.4777
1358,1381,2018-12-11 05:00:00,24,0.2565,0.3066,0.217,0.1674,0.221,-0.0741,0.3455,0.3731,0.508
1359,1382,2018-12-11 06:00:00,24,0.2537,0.3034,0.238,0.1665,0.2205,-0.0689,0.341,0.3681,0.5449
1360,1383,2018-12-11 07:00:00,24,0.2549,0.3052,0.2517,0.1642,0.219,-0.051,0.3456,0.372,0.5544
1361,1384,2018-12-11 08:00:00,24,0.2513,0.3006,0.2826,0.1595,0.2093,-0.0134,0.3431,0.3701,0.5785
1362,1385,2018-12-11 09:00:00,24,0.2479,0.2937,0.2921,0.1597,0.2093,-0.0274,0.3362,0.3587,0.6115
1363,1386,2018-12-11 10:00:00,24,0.2388,0.2829,0.1789,0.1476,0.1929,-0.2687,0.3299,0.3505,0.6266
1364,1387,2018-12-11 11:00:00,24,0.2329,0.2747,0.3599,0.1368,0.1693,0.0975,0.3291,0.3497,0.6223
1365,1388,2018-12-11 12:00:00,24,0.2284,0.2708,0.3414,0.1312,0.1642,0.0635,0.3256,0.346,0.6194
1366,1389,2018-12-11 13:00:00,24,0.2288,0.2704,0.2132,0.133,0.1644,-0.1884,0.3246,0.3453,0.6147
1367,1390,2018-12-11 14:00:00,24,0.2248,0.2687,0.1752,0.1255,0.16,-0.2525,0.3241,0.3447,0.6029
1368,1391,2018-12-11 15:00:00,24,0.2247,0.2705,0.328,0.1214,0.1531,0.1038,0.3279,0.3506,0.5523
1369,1392,2018-12-11 16:00:00,24,0.2281,0.2744,0.3858,0.1246,0.1541,0.3025,0.3315,0.3561,0.4691
1370,1393,2018-12-11 17:00:00,24,0.231,0.278,0.4182,0.1264,0.1556,0.4799,0.3356,0.361,0.3565
1371,1394,2018-12-11 18:00:00,24,0.2316,0.283,0.3972,0.12,0.1515,0.6018,0.3432,0.3705,0.1927
1372,1395,2018-12-11 19:00:00,24,0.2324,0.2859,0.3143,0.1155,0.1447,0.6312,0.3492,0.3775,-0.0026
1373,1396,2018-12-11 20:00:00,24,0.2347,0.2901,0.2239,0.1145,0.1436,0.6652,0.3548,0.3843,-0.2174
1374,1397,2018-12-11 21:00:00,24,0.241,0.2956,0.2734,0.1141,0.1435,0.6747,0.368,0.3927,-0.1279
1375,1398,2018-12-11 22:00:00,24,0.2395,0.2951,0.3675,0.1113,0.1415,0.6956,0.3677,0.3926,0.0394
1376,1399,2018-12-11 23:00:00,24,0.2432,0.2964,0.4053,0.1099,0.1404,0.7115,0.3765,0.395,0.0991
1377,1400,2018-12-12 00:00:00,24,0.2471,0.2995,0.4068,0.1105,0.1407,0.705,0.3837,0.3995,0.1086
1378,1401,2018-12-12 01:00:00,24,0.249,0.3035,0.4064,0.1081,0.14,0.6875,0.3899,0.4057,0.1254
1379,1402,2018-12-12 02:00:00,24,0.2493,0.3031,0.3977,0.11,0.1413,0.6567,0.3885,0.4047,0.1386
1380,1403,2018-12-12 03:00:00,24,0.2491,0.3016,0.3607,0.1134,0.1434,0.5822,0.3847,0.4017,0.1392
1381,1404,2018-12-12 04:00:00,24,0.2453,0.2987,0.345,0.1093,0.1391,0.5586,0.3813,0.3989,0.1314
1382,1405,2018-12-12 05:00:00,24,0.2514,0.3055,0.2761,0.1125,0.141,0.4646,0.3904,0.4083,0.0876
1383,1406,2018-12-12 06:00:00,24,0.2507,0.3042,0.2094,0.1142,0.1425,0.3416,0.3872,0.4059,0.0771
1384,1407,2018-12-12 07:00:00,24,0.2491,0.3024,0.1086,0.1148,0.143,0.1773,0.3835,0.403,0.04
1385,1408,2018-12-12 08:00:00,24,0.2561,0.3122,0.084,0.1135,0.1397,0.2354,0.3986,0.4188,-0.0673
1386,1409,2018-12-12 09:00:00,24,0.2578,0.3128,0.0953,0.1165,0.1407,0.2097,0.3991,0.4194,-0.019
1387,1410,2018-12-12 10:00:00,24,0.2626,0.3183,0.0253,0.12,0.1448,0.0084,0.4052,0.4262,0.0421
1388,1411,2018-12-12 11:00:00,24,0.261,0.3196,0.0941,0.1114,0.135,0.0827,0.4107,0.4313,0.1055
1389,1412,2018-12-12 12:00:00,24,0.269,0.3261,0.1386,0.1254,0.1593,0.1513,0.4125,0.4328,0.1259
1390,1413,2018-12-12 13:00:00,24,0.2685,0.3259,0.2318,0.1248,0.1591,0.4258,0.4121,0.4326,0.0378
1391,1414,2018-12-12 14:00:00,24,0.264,0.3217,0.208,0.1263,0.1593,0.5647,0.4018,0.4262,-0.1486
1392,1415,2018-12-12 15:00:00,24,0.2627,0.318,0.0996,0.1335,0.1723,0.5064,0.3919,0.4154,-0.3072
1393,1416,2018-12-12 16:00:00,24,0.2643,0.3173,0.0237,0.1388,0.1769,0.465,0.3898,0.4125,-0.4175
1394,1417,2018-12-12 17:00:00,24,0.2636,0.3175,-0.0405,0.1367,0.1753,0.42,0.3906,0.4134,-0.5011
1395,1418,2018-12-12 18:00:00,24,0.2644,0.3188,-0.0328,0.1367,0.1753,0.3567,0.392,0.4153,-0.4223
1396,1419,2018-12-12 19:00:00,24,0.2633,0.3216,0.0779,0.1304,0.1719,0.3688,0.3962,0.4211,-0.2131
1397,1420,2018-12-12 20:00:00,24,0.2635,0.3228,0.1893,0.129,0.1707,0.3376,0.3981,0.4234,0.0411
1398,1421,2018-12-12 21:00:00,24,0.2604,0.3188,0.2421,0.1325,0.172,0.3053,0.3883,0.4167,0.1788
1399,1422,2018-12-12 22:00:00,24,0.2565,0.3174,0.2358,0.1305,0.1715,0.2812,0.3825,0.4149,0.1904
1400,1423,2018-12-12 23:00:00,24,0.2587,0.3184,0.1904,0.1346,0.1746,0.236,0.3828,0.415,0.1447
1401,1424,2018-12-13 00:00:00,24,0.2528,0.3147,0.1704,0.1339,0.1743,0.2479,0.3716,0.4095,0.0928
1402,1425,2018-12-13 01:00:00,24,0.248,0.3084,0.1646,0.1386,0.1763,0.2411,0.3574,0.3989,0.088
1403,1426,2018-12-13 02:00:00,24,0.2489,0.3087,0.1364,0.1416,0.1791,0.2451,0.3562,0.3981,0.0277
1404,1427,2018-12-13 03:00:00,24,0.2456,0.3067,0.1257,0.1407,0.1785,0.2655,0.3506,0.3952,-0.014
1405,1428,2018-12-13 04:00:00,24,0.2461,0.3077,0.08,0.1391,0.1778,0.2721,0.353,0.3972,-0.1121
1406,1429,2018-12-13 05:00:00,24,0.2474,0.3069,0.0524,0.1457,0.1852,0.2362,0.3492,0.3925,-0.1314
1407,1430,2018-12-13 06:00:00,24,0.2443,0.3049,0.0591,0.1446,0.1844,0.2561,0.344,0.3897,-0.1379
1408,1431,2018-12-13 07:00:00,24,0.2465,0.3068,0.0319,0.1458,0.1853,0.265,0.3471,0.3923,-0.2012
1409,1432,2018-12-13 08:00:00,24,0.2468,0.3071,0.0513,0.1466,0.1868,0.3214,0.347,0.392,-0.2188
1410,1433,2018-12-13 09:00:00,24,0.25,0.3136,0.0157,0.1463,0.1867,0.3259,0.3538,0.4023,-0.2945
1411,1434,2018-12-13 10:00:00,24,0.2522,0.3181,0.0337,0.1456,0.186,0.3226,0.3587,0.4096,-0.2553
1412,1435,2018-12-13 11:00:00,24,0.2537,0.3192,0.0892,0.1476,0.1868,0.3294,0.3598,0.4109,-0.151
1413,1436,2018-12-13 12:00:00,24,0.2444,0.3109,0.1387,0.1354,0.1678,0.358,0.3535,0.4064,-0.0806
1414,1437,2018-12-13 13:00:00,24,0.2553,0.3192,-0.0816,0.1495,0.1837,-0.1189,0.3611,0.4124,-0.0442
1415,1438,2018-12-13 14:00:00,24,0.2619,0.3236,-0.77,0.153,0.1853,-1.4992,0.3709,0.4185,-0.0407
1416,1439,2018-12-13 15:00:00,24,0.2563,0.3197,-0.9715,0.1407,0.1688,-1.9202,0.3719,0.4194,-0.0229
1417,1440,2018-12-13 16:00:00,24,0.2548,0.3165,-0.8142,0.1431,0.1722,-1.6726,0.3664,0.4132,0.0443
1418,1441,2018-12-13 17:00:00,24,0.2506,0.3128,-0.6925,0.1397,0.1711,-1.4965,0.3615,0.4079,0.1115
1419,1442,2018-12-13 18:00:00,24,0.2473,0.305,-0.7359,0.1455,0.1742,-1.6541,0.3491,0.3946,0.1823
1420,1443,2018-12-13 19:00:00,24,0.2468,0.2989,-0.9019,0.1538,0.1798,-2.0348,0.3397,0.3825,0.231
1421,1444,2018-12-13 20:00:00,24,0.248,0.2978,-0.8902,0.1595,0.1857,-2.0082,0.3365,0.378,0.2279
1422,1445,2018-12-13 21:00:00,24,0.2494,0.3001,-0.8974,0.1558,0.1845,-2.0145,0.3431,0.3823,0.2197
1423,1446,2018-12-13 22:00:00,24,0.2556,0.3034,-1.0423,0.1584,0.1853,-2.3149,0.3528,0.3869,0.2303
1424,1447,2018-12-13 23:00:00,24,0.26,0.3075,-1.0193,0.1599,0.1869,-2.2833,0.36,0.3926,0.2448
1425,1448,2018-12-14 00:00:00,24,0.2601,0.3076,-1.082,0.1614,0.1877,-2.4029,0.3588,0.3924,0.239
1426,1449,2018-12-14 01:00:00,24,0.261,0.3082,-1.1556,0.1599,0.1867,-2.508,0.3621,0.3938,0.1967
1427,1450,2018-12-14 02:00:00,24,0.2622,0.3093,-1.1428,0.1594,0.1862,-2.4085,0.3649,0.3958,0.1228
1428,1451,2018-12-14 03:00:00,24,0.2644,0.3104,-1.2534,0.1628,0.1888,-2.5009,0.3661,0.3962,-0.0059
1429,1452,2018-12-14 04:00:00,24,0.2644,0.3093,-1.4994,0.1659,0.1904,-2.8538,0.3628,0.3937,-0.1449
1430,1453,2018-12-14 05:00:00,24,0.259,0.304,-1.3797,0.1609,0.1845,-2.5188,0.357,0.3883,-0.2406
1431,1454,2018-12-14 06:00:00,24,0.2631,0.3065,-1.5021,0.1643,0.1873,-2.4394,0.3619,0.3909,-0.5649
1432,1455,2018-12-14 07:00:00,24,0.2656,0.3092,-1.7259,0.1656,0.1886,-2.3048,0.3655,0.3945,-1.1469
1433,1456,2018-12-14 08:00:00,24,0.2608,0.3019,-1.5389,0.1625,0.1829,-1.5872,0.3591,0.3858,-1.4906
1434,1457,2018-12-14 09:00:00,24,0.2596,0.2995,-1.5741,0.1623,0.1828,-1.6211,0.3569,0.3821,-1.527
1435,1458,2018-12-14 10:00:00,24,0.2555,0.2957,-1.3913,0.1563,0.1786,-1.4401,0.3546,0.3782,-1.3424
1436,1459,2018-12-14 11:00:00,24,0.2584,0.2974,-1.3975,0.1624,0.1845,-1.6528,0.3544,0.3779,-1.1421
1437,1460,2018-12-14 12:00:00,24,0.2665,0.3046,-1.0478,0.1706,0.1944,-1.1609,0.3624,0.3845,-0.9348
1438,1461,2018-12-14 13:00:00,24,0.2658,0.3045,-1.0549,0.1752,0.2042,-1.3501,0.3564,0.3791,-0.7596
1439,1462,2018-12-14 14:00:00,24,0.2607,0.3007,-0.8266,0.1716,0.2027,-0.9796,0.3498,0.3739,-0.6736
1440,1463,2018-12-14 15:00:00,24,0.2584,0.2983,-0.8278,0.1782,0.2082,-1.0356,0.3387,0.3668,-0.6199
1441,1464,2018-12-14 16:00:00,24,0.2509,0.2919,-0.7404,0.1708,0.2016,-0.9265,0.3311,0.3603,-0.5543
1442,1465,2018-12-14 17:00:00,24,0.256,0.2941,-0.4806,0.1831,0.2115,-0.4398,0.3289,0.3581,-0.5214
1443,1466,2018-12-14 18:00:00,24,0.2585,0.2964,-0.3904,0.1848,0.213,-0.2751,0.3322,0.361,-0.5057
1444,1467,2018-12-14 19:00:00,24,0.2575,0.2967,-0.3193,0.1807,0.2097,-0.1025,0.3343,0.3635,-0.5362
1445,1468,2018-12-14 20:00:00,24,0.2585,0.2975,-0.3867,0.1834,0.2135,-0.166,0.3336,0.3626,-0.6074
1446,1469,2018-12-14 21:00:00,24,0.2558,0.2951,-0.3845,0.1836,0.2135,-0.1408,0.3279,0.3585,-0.6283
1447,1470,2018-12-14 22:00:00,24,0.2608,0.2985,-0.2541,0.1925,0.2213,-0.2257,0.3291,0.3595,-0.2825
1448,1471,2018-12-14 23:00:00,24,0.261,0.2986,0.0262,0.1933,0.2223,-0.2314,0.3286,0.359,0.2838
1449,1472,2018-12-15 00:00:00,24,0.2595,0.2982,0.1724,0.1908,0.2213,-0.228,0.3283,0.359,0.5729
1450,1473,2018-12-15 01:00:00,24,0.2611,0.2991,0.2269,0.1922,0.2221,-0.2408,0.33,0.3601,0.6946
1451,1474,2018-12-15 02:00:00,24,0.2564,0.2965,0.2768,0.186,0.2189,-0.2138,0.3267,0.3576,0.7673
1452,1475,2018-12-15 03:00:00,24,0.2604,0.2997,0.2654,0.1879,0.2206,-0.2727,0.3329,0.3618,0.8035
1453,1476,2018-12-15 04:00:00,24,0.2607,0.3001,0.2618,0.187,0.2201,-0.3064,0.3343,0.3629,0.8301
1454,1477,2018-12-15 05:00:00,24,0.2596,0.2991,0.2379,0.1894,0.2222,-0.3788,0.3299,0.36,0.8547
1455,1478,2018-12-15 06:00:00,24,0.2639,0.3041,0.1948,0.1899,0.2227,-0.4721,0.338,0.368,0.8618
1456,1479,2018-12-15 07:00:00,24,0.2597,0.3,0.1437,0.187,0.2207,-0.5886,0.3325,0.3624,0.876
1457,1480,2018-12-15 08:00:00,24,0.2624,0.3038,-0.0725,0.1888,0.2234,-1.0227,0.3359,0.367,0.8777
1458,1481,2018-12-15 09:00:00,24,0.2665,0.3068,-0.0852,0.196,0.2282,-1.0454,0.337,0.369,0.8751
1459,1482,2018-12-15 10:00:00,24,0.2657,0.3046,-0.082,0.1968,0.2284,-1.0352,0.3346,0.3652,0.8711
1460,1483,2018-12-15 11:00:00,24,0.2673,0.307,-0.0895,0.1976,0.2293,-1.0357,0.3371,0.3687,0.8566
1461,1484,2018-12-15 12:00:00,24,0.2633,0.3055,-0.1854,0.187,0.2199,-1.2072,0.3397,0.3718,0.8364
1462,1485,2018-12-15 13:00:00,24,0.2591,0.3017,0.0022,0.1723,0.1986,-0.8042,0.3459,0.3776,0.8086
1463,1486,2018-12-15 14:00:00,24,0.2658,0.3083,-0.0522,0.1745,0.1994,-0.8766,0.357,0.3878,0.7723
1464,1487,2018-12-15 15:00:00,24,0.2726,0.3162,-0.0222,0.17,0.1949,-0.7779,0.3752,0.4024,0.7335
1465,1488,2018-12-15 16:00:00,24,0.2776,0.3229,0.0079,0.168,0.1941,-0.6875,0.3873,0.4133,0.7032
1466,1489,2018-12-15 17:00:00,24,0.2731,0.3206,0.0245,0.1574,0.1836,-0.6362,0.3888,0.4146,0.6851
1467,1490,2018-12-15 18:00:00,24,0.2722,0.3196,-0.1321,0.1613,0.1888,-0.9339,0.3831,0.4106,0.6697
1468,1491,2018-12-15 19:00:00,24,0.276,0.3233,-0.3421,0.1653,0.1924,-1.3218,0.3866,0.4147,0.6377
1469,1492,2018-12-15 20:00:00,24,0.2708,0.32,-0.1875,0.155,0.1812,-0.98,0.3866,0.4146,0.605
1470,1493,2018-12-15 21:00:00,24,0.2786,0.3255,-0.2373,0.1607,0.184,-1.0474,0.3964,0.4219,0.5729
1471,1494,2018-12-15 22:00:00,24,0.2812,0.3288,-0.2607,0.168,0.1986,-1.1204,0.3944,0.4204,0.5989
1472,1495,2018-12-15 23:00:00,24,0.2723,0.3235,-0.1355,0.1661,0.1966,-0.892,0.3785,0.4132,0.6209
1473,1496,2018-12-16 00:00:00,24,0.276,0.3246,-0.0668,0.1709,0.1992,-0.7425,0.3811,0.4136,0.6089
1474,1497,2018-12-16 01:00:00,24,0.2757,0.3242,-0.0192,0.1719,0.1999,-0.6275,0.3795,0.4127,0.589
1475,1498,2018-12-16 02:00:00,24,0.2788,0.3254,-0.0191,0.1773,0.2026,-0.5906,0.3803,0.4131,0.5523
1476,1499,2018-12-16 03:00:00,24,0.2837,0.3313,0.0093,0.1782,0.2037,-0.4661,0.3891,0.422,0.4847
1477,1500,2018-12-16 04:00:00,24,0.2856,0.3321,0.0107,0.1838,0.2086,-0.3955,0.3875,0.4209,0.4169
1478,1501,2018-12-16 05:00:00,24,0.2884,0.3348,-0.0067,0.1816,0.2066,-0.2724,0.3952,0.426,0.259
1479,1502,2018-12-16 06:00:00,24,0.2897,0.3366,-0.0599,0.1816,0.2066,-0.1801,0.3978,0.4289,0.0603
1480,1503,2018-12-16 07:00:00,24,0.2904,0.337,-0.2422,0.1825,0.2071,-0.1461,0.3983,0.4293,-0.3382
1481,1504,2018-12-16 08:00:00,24,0.2843,0.33,-0.4571,0.1774,0.1999,-0.0208,0.3912,0.4217,-0.8934
1482,1505,2018-12-16 09:00:00,24,0.2738,0.3168,-0.6488,0.1747,0.1972,0.0279,0.373,0.4023,-1.3254
1483,1506,2018-12-16 10:00:00,24,0.2649,0.3072,-0.7769,0.1751,0.1973,0.0331,0.3547,0.3871,-1.5869
1484,1507,2018-12-16 11:00:00,24,0.2572,0.2991,-0.7568,0.1676,0.1905,0.0943,0.3468,0.3777,-1.6078
1485,1508,2018-12-16 12:00:00,24,0.2519,0.2926,-0.5423,0.1695,0.1914,0.1743,0.3344,0.367,-1.2589
1486,1509,2018-12-16 13:00:00,24,0.2477,0.2883,-0.2432,0.1683,0.1907,0.3711,0.3271,0.3603,-0.8575
1487,1510,2018-12-16 14:00:00,24,0.2433,0.2825,0.025,0.168,0.1906,0.5048,0.3185,0.3512,-0.4548
1488,1511,2018-12-16 15:00:00,24,0.2328,0.272,0.2998,0.1624,0.1884,0.6287,0.3031,0.3353,-0.0291
1489,1512,2018-12-16 16:00:00,24,0.2281,0.2656,0.4539,0.1612,0.1882,0.7144,0.2949,0.325,0.1934
1490,1513,2018-12-16 17:00:00,24,0.2248,0.2628,0.5752,0.1694,0.1951,0.723,0.2802,0.3164,0.4275
1491,1514,2018-12-16 18:00:00,24,0.2248,0.2639,0.6508,0.1731,0.2014,0.7131,0.2764,0.3142,0.5886
1492,1515,2018-12-16 19:00:00,24,0.2238,0.2607,0.6871,0.1784,0.2086,0.6927,0.2692,0.304,0.6816
1493,1516,2018-12-16 20:00:00,24,0.2229,0.2583,0.7045,0.1797,0.2092,0.6908,0.2661,0.2994,0.7183
1494,1517,2018-12-16 21:00:00,24,0.2253,0.2606,0.6981,0.1833,0.2126,0.6799,0.2672,0.3011,0.7162
1495,1518,2018-12-16 22:00:00,24,0.2277,0.267,0.6867,0.1731,0.1951,0.7251,0.2823,0.3233,0.6483
1496,1519,2018-12-16 23:00:00,24,0.2332,0.2709,0.6734,0.1692,0.1921,0.7254,0.2972,0.3314,0.6214
1497,1520,2018-12-17 00:00:00,24,0.2421,0.2785,0.6459,0.1775,0.2033,0.6856,0.3067,0.3373,0.6061
1498,1521,2018-12-17 01:00:00,24,0.2406,0.2777,0.65,0.1753,0.2019,0.6834,0.3059,0.3368,0.6166
1499,1522,2018-12-17 02:00:00,24,0.243,0.2808,0.6444,0.1741,0.201,0.6808,0.3119,0.3425,0.6081
1500,1523,2018-12-17 03:00:00,24,0.2353,0.2724,0.6549,0.1666,0.1949,0.689,0.304,0.3323,0.6207
1501,1524,2018-12-17 04:00:00,24,0.2358,0.2751,0.6394,0.1602,0.1892,0.6904,0.3114,0.3399,0.5885
1502,1525,2018-12-17 05:00:00,24,0.237,0.2767,0.6145,0.1608,0.1898,0.6728,0.3133,0.3421,0.5563
1503,1526,2018-12-17 06:00:00,24,0.2328,0.272,0.5873,0.1564,0.1862,0.6639,0.3093,0.3366,0.5107
1504,1527,2018-12-17 07:00:00,24,0.2346,0.2755,0.5291,0.1544,0.1849,0.6485,0.3148,0.3429,0.4098
1505,1528,2018-12-17 08:00:00,24,0.2395,0.2814,0.4328,0.1641,0.2018,0.5878,0.3149,0.3429,0.2778
1506,1529,2018-12-17 09:00:00,24,0.2439,0.2889,0.3439,0.1603,0.1994,0.5819,0.3276,0.3565,0.1058
1507,1530,2018-12-17 10:00:00,24,0.2587,0.3028,0.3044,0.1728,0.2136,0.5631,0.3446,0.3711,0.0456
1508,1531,2018-12-17 11:00:00,24,0.2641,0.3067,0.2951,0.182,0.222,0.5249,0.3461,0.3727,0.0652
1509,1532,2018-12-17 12:00:00,24,0.2702,0.3132,0.3273,0.1817,0.2218,0.5236,0.3587,0.3834,0.1309
1510,1533,2018-12-17 13:00:00,24,0.2872,0.3387,0.3061,0.2148,0.2864,0.3961,0.3596,0.384,0.216
1511,1534,2018-12-17 14:00:00,24,0.3017,0.3541,0.4267,0.2388,0.3162,0.5742,0.3646,0.3884,0.2792
1512,1535,2018-12-17 15:00:00,24,0.3091,0.3599,0.5054,0.2409,0.3164,0.6788,0.3773,0.3987,0.3321
1513,1536,2018-12-17 16:00:00,24,0.3141,0.3617,0.5433,0.2525,0.3221,0.6964,0.3756,0.3975,0.3902
1514,1537,2018-12-17 17:00:00,24,0.317,0.3645,0.5571,0.2421,0.3178,0.7268,0.3919,0.406,0.3874
1515,1538,2018-12-17 18:00:00,24,0.317,0.364,0.5539,0.2332,0.3098,0.7636,0.4008,0.4111,0.3441
1516,1539,2018-12-17 19:00:00,24,0.3114,0.3618,0.538,0.2199,0.3019,0.787,0.403,0.4131,0.289
1517,1540,2018-12-17 20:00:00,24,0.3151,0.3663,0.5107,0.2206,0.3022,0.796,0.4096,0.4208,0.2253
1518,1541,2018-12-17 21:00:00,24,0.3095,0.362,0.49,0.224,0.3054,0.8042,0.3949,0.4109,0.1758
1519,1542,2018-12-17 22:00:00,24,0.2941,0.3488,0.5091,0.2182,0.3024,0.816,0.37,0.3897,0.2021
1520,1543,2018-12-17 23:00:00,24,0.2867,0.3448,0.5055,0.2168,0.302,0.8198,0.3567,0.3829,0.1911
1521,1544,2018-12-18 00:00:00,24,0.2792,0.3401,0.4902,0.2036,0.2928,0.8285,0.3549,0.3815,0.1519
1522,1545,2018-12-18 01:00:00,24,0.2832,0.3432,0.4268,0.204,0.293,0.8262,0.3624,0.387,0.0274
1523,1546,2018-12-18 02:00:00,24,0.2812,0.3423,0.3703,0.2006,0.2918,0.8238,0.3617,0.3863,-0.0832
1524,1547,2018-12-18 03:00:00,24,0.2808,0.3432,0.2807,0.1978,0.2915,0.8191,0.3637,0.3882,-0.2578
1525,1548,2018-12-18 04:00:00,24,0.2784,0.3422,0.1992,0.1943,0.2909,0.8131,0.3625,0.3868,-0.4147
1526,1549,2018-12-18 05:00:00,24,0.2743,0.3406,0.1286,0.1872,0.2884,0.8049,0.3614,0.3857,-0.5478
1527,1550,2018-12-18 06:00:00,24,0.2728,0.3402,0.0506,0.1842,0.2877,0.7912,0.3613,0.3856,-0.6899
1528,1551,2018-12-18 07:00:00,24,0.2696,0.3377,0.0282,0.1817,0.2872,0.7729,0.3574,0.3816,-0.7166
1529,1552,2018-12-18 08:00:00,24,0.2694,0.3383,-0.0531,0.1746,0.2779,0.7335,0.3643,0.3895,-0.8396
1530,1553,2018-12-18 09:00:00,24,0.3087,0.4177,-0.097,0.2302,0.4007,0.4676,0.3871,0.434,-0.6616
1531,1554,2018-12-18 10:00:00,24,0.3127,0.4335,0.1794,0.217,0.3932,0.4124,0.4084,0.4704,-0.0536
1532,1555,2018-12-18 11:00:00,24,0.3121,0.4376,0.3494,0.2052,0.3882,0.3821,0.419,0.4819,0.3167
1533,1556,2018-12-18 12:00:00,24,0.3197,0.4453,0.4447,0.2106,0.3905,0.3624,0.4289,0.494,0.527
1534,1557,2018-12-18 13:00:00,24,0.316,0.4381,0.6197,0.1852,0.3502,0.5936,0.4468,0.5111,0.6459
1535,1558,2018-12-18 14:00:00,24,0.3092,0.4304,0.7197,0.1711,0.3298,0.7146,0.4473,0.5115,0.7248
1536,1559,2018-12-18 15:00:00,24,0.3108,0.4296,0.7674,0.178,0.3327,0.7593,0.4435,0.5084,0.7754
1537,1560,2018-12-18 16:00:00,24,0.3129,0.432,0.7981,0.1744,0.3299,0.7925,0.4515,0.5141,0.8038
1538,1561,2018-12-18 17:00:00,24,0.3192,0.4354,0.8165,0.1824,0.3324,0.8065,0.4561,0.5182,0.8265
1539,1562,2018-12-18 18:00:00,24,0.3253,0.4408,0.8296,0.1853,0.3342,0.8166,0.4653,0.5262,0.8426
1540,1563,2018-12-18 19:00:00,24,0.3217,0.438,0.8357,0.1865,0.3344,0.8177,0.4569,0.5214,0.8536
1541,1564,2018-12-18 20:00:00,24,0.3155,0.4335,0.8362,0.1818,0.3334,0.8137,0.4493,0.5145,0.8588
1542,1565,2018-12-18 21:00:00,24,0.3153,0.4348,0.8347,0.1683,0.3266,0.8166,0.4624,0.521,0.8527
1543,1566,2018-12-18 22:00:00,24,0.3246,0.4418,0.8269,0.1656,0.3261,0.8104,0.4835,0.533,0.8434
1544,1567,2018-12-18 23:00:00,24,0.3445,0.4548,0.8108,0.1856,0.3445,0.7827,0.5034,0.5431,0.8389
1545,1568,2018-12-19 00:00:00,24,0.3399,0.4531,0.812,0.185,0.3444,0.7775,0.4948,0.5403,0.8465
1546,1569,2018-12-19 01:00:00,24,0.3419,0.4534,0.8086,0.1924,0.3486,0.7633,0.4915,0.5382,0.8539
1547,1570,2018-12-19 02:00:00,24,0.3488,0.4573,0.8003,0.2013,0.3528,0.7446,0.4963,0.542,0.8559
1548,1571,2018-12-19 03:00:00,24,0.3556,0.4626,0.79,0.2057,0.3535,0.7271,0.5056,0.5504,0.8529
1549,1572,2018-12-19 04:00:00,24,0.3625,0.4696,0.776,0.2075,0.3537,0.7065,0.5175,0.5622,0.8456
1550,1573,2018-12-19 05:00:00,24,0.3707,0.4789,0.757,0.2087,0.3538,0.6804,0.5326,0.5774,0.8336
1551,1574,2018-12-19 06:00:00,24,0.3775,0.4873,0.7335,0.2084,0.3538,0.6465,0.5466,0.5915,0.8206
1552,1575,2018-12-19 07:00:00,24,0.3859,0.4965,0.7023,0.2089,0.3538,0.5991,0.5628,0.6065,0.8054
1553,1576,2018-12-19 08:00:00,24,0.3866,0.5023,0.6442,0.1992,0.3492,0.4948,0.574,0.6187,0.7936
1554,1577,2018-12-19 09:00:00,24,0.3517,0.4457,0.8248,0.1424,0.196,0.8407,0.561,0.599,0.809
1555,1578,2018-12-19 10:00:00,24,0.3494,0.4374,0.8299,0.1461,0.1982,0.8363,0.5527,0.586,0.8235
1556,1579,2018-12-19 11:00:00,24,0.3538,0.4388,0.8295,0.1549,0.2039,0.8277,0.5527,0.5861,0.8313
1557,1580,2018-12-19 12:00:00,24,0.3472,0.4331,0.8392,0.1477,0.1985,0.8356,0.5467,0.5794,0.8427
1558,1581,2018-12-19 13:00:00,24,0.3449,0.43,0.8439,0.1469,0.1975,0.8356,0.5429,0.5752,0.8523
1559,1582,2018-12-19 14:00:00,24,0.3353,0.4247,0.8521,0.1349,0.1862,0.8448,0.5356,0.571,0.8595
1560,1583,2018-12-19 15:00:00,24,0.3363,0.4258,0.8496,0.1342,0.1854,0.8354,0.5383,0.573,0.8638
1561,1584,2018-12-19 16:00:00,24,0.3292,0.4209,0.8493,0.1301,0.1818,0.8288,0.5282,0.5669,0.8698
1562,1585,2018-12-19 17:00:00,24,0.3245,0.4164,0.8369,0.1335,0.1862,0.7994,0.5155,0.5587,0.8744
1563,1586,2018-12-19 18:00:00,24,0.3154,0.4091,0.8314,0.1272,0.1806,0.7853,0.5036,0.5496,0.8775
1564,1587,2018-12-19 19:00:00,24,0.3192,0.4105,0.8179,0.1322,0.1837,0.7572,0.5063,0.5507,0.8786
1565,1588,2018-12-19 20:00:00,24,0.3204,0.4096,0.812,0.1381,0.1864,0.7411,0.5027,0.5485,0.883
1566,1589,2018-12-19 21:00:00,24,0.337,0.4287,0.7963,0.1501,0.1957,0.7144,0.5238,0.5738,0.8783
1567,1590,2018-12-19 22:00:00,24,0.3492,0.4429,0.7897,0.1594,0.202,0.7031,0.539,0.5929,0.8762
1568,1591,2018-12-19 23:00:00,24,0.3454,0.4438,0.8114,0.1412,0.1697,0.7506,0.5496,0.6042,0.8722
1569,1592,2018-12-20 00:00:00,24,0.3581,0.4534,0.761,0.1428,0.1702,0.6609,0.5733,0.6182,0.8612
1570,1593,2018-12-20 01:00:00,24,0.3588,0.4564,0.7326,0.1338,0.1606,0.6169,0.5838,0.6252,0.8483
1571,1594,2018-12-20 02:00:00,24,0.3546,0.4558,0.7244,0.1235,0.1507,0.6142,0.5857,0.6267,0.8346
1572,1595,2018-12-20 03:00:00,24,0.3508,0.4534,0.6999,0.1194,0.149,0.5784,0.5823,0.6236,0.8215
1573,1596,2018-12-20 04:00:00,24,0.3473,0.4481,0.6695,0.1205,0.1495,0.5275,0.5742,0.6158,0.8114
1574,1597,2018-12-20 05:00:00,24,0.341,0.4396,0.6425,0.1201,0.1494,0.4786,0.5618,0.6035,0.8064
1575,1598,2018-12-20 06:00:00,24,0.3345,0.4303,0.6102,0.1209,0.1495,0.4156,0.548,0.5899,0.8049
1576,1599,2018-12-20 07:00:00,24,0.3257,0.42,0.5832,0.119,0.1493,0.3603,0.5324,0.5748,0.8062
1577,1600,2018-12-20 08:00:00,24,0.3181,0.4087,0.5682,0.1189,0.1492,0.3229,0.5173,0.5584,0.8135
1578,1601,2018-12-20 09:00:00,24,0.3165,0.4022,0.5268,0.1251,0.1543,0.2306,0.508,0.5474,0.823
1579,1602,2018-12-20 10:00:00,24,0.3122,0.3929,0.523,0.1278,0.1577,0.2057,0.4965,0.5327,0.8403
1580,1603,2018-12-20 11:00:00,24,0.299,0.3811,0.558,0.1202,0.1505,0.2622,0.4778,0.5176,0.8539
1581,1604,2018-12-20 12:00:00,24,0.2966,0.3758,0.5209,0.1284,0.1591,0.1797,0.4647,0.5071,0.8622
1582,1605,2018-12-20 13:00:00,24,0.2854,0.3657,0.5086,0.1285,0.1593,0.1473,0.4424,0.4921,0.87
1583,1606,2018-12-20 14:00:00,24,0.2973,0.3758,0.4777,0.1517,0.1999,0.0896,0.4429,0.4924,0.8658
1584,1607,2018-12-20 15:00:00,24,0.2897,0.3703,0.573,0.1512,0.1994,0.2825,0.4282,0.4843,0.8635
1585,1608,2018-12-20 16:00:00,24,0.2935,0.3725,0.6207,0.1598,0.2085,0.3895,0.4272,0.4838,0.852
1586,1609,2018-12-20 17:00:00,24,0.3008,0.3842,0.6437,0.1527,0.2017,0.4676,0.4489,0.5045,0.8199
1587,1610,2018-12-20 18:00:00,24,0.3032,0.3854,0.5899,0.156,0.2037,0.3931,0.4505,0.5055,0.7867
1588,1611,2018-12-20 19:00:00,24,0.3052,0.3868,0.545,0.1565,0.2042,0.3664,0.4539,0.5075,0.7236
1589,1612,2018-12-20 20:00:00,24,0.316,0.3981,0.4133,0.1628,0.2113,0.2586,0.4692,0.5218,0.5679
1590,1613,2018-12-20 21:00:00,24,0.3117,0.3876,0.2999,0.166,0.2161,0.1869,0.4574,0.5038,0.4128
1591,1614,2018-12-20 22:00:00,24,0.2927,0.3641,0.2667,0.1649,0.215,0.2734,0.4205,0.4678,0.26
1592,1615,2018-12-20 23:00:00,24,0.2786,0.3472,0.2205,0.1624,0.214,0.3889,0.3947,0.4419,0.0521
1593,1616,2018-12-21 00:00:00,24,0.2655,0.3345,0.1915,0.1611,0.2137,0.5018,0.37,0.4221,-0.1188
1594,1617,2018-12-21 01:00:00,24,0.2555,0.3253,0.2316,0.1615,0.2138,0.5705,0.3495,0.4074,-0.1073
1595,1618,2018-12-21 02:00:00,24,0.2541,0.3203,0.3038,0.173,0.2226,0.5515,0.3352,0.3945,0.056
1596,1619,2018-12-21 03:00:00,24,0.2506,0.3151,0.3873,0.1736,0.2226,0.5656,0.3275,0.3861,0.209
1597,1620,2018-12-21 04:00:00,24,0.2495,0.3127,0.4362,0.1752,0.2233,0.569,0.3239,0.3817,0.3034
1598,1621,2018-12-21 05:00:00,24,0.2489,0.3119,0.4627,0.175,0.2233,0.573,0.3228,0.3804,0.3524
1599,1622,2018-12-21 06:00:00,24,0.2485,0.3119,0.4776,0.1743,0.2232,0.5768,0.3228,0.3804,0.3784
1600,1623,2018-12-21 07:00:00,24,0.2503,0.3139,0.4761,0.1746,0.2232,0.5797,0.3259,0.3838,0.3725
1601,1624,2018-12-21 08:00:00,24,0.2508,0.3153,0.4673,0.1739,0.2231,0.5815,0.3278,0.3861,0.3531
1602,1625,2018-12-21 09:00:00,24,0.2404,0.3051,0.4882,0.1701,0.2204,0.6005,0.3107,0.3709,0.376
1603,1626,2018-12-21 10:00:00,24,0.2416,0.3067,0.4334,0.171,0.2214,0.5946,0.3121,0.3731,0.2721
1604,1627,2018-12-21 11:00:00,24,0.2486,0.3121,0.3672,0.1762,0.2241,0.5853,0.3211,0.3803,0.1491
1605,1628,2018-12-21 12:00:00,24,0.2585,0.3242,0.2931,0.1828,0.2339,0.5714,0.3342,0.3943,0.0148
1606,1629,2018-12-21 13:00:00,24,0.2692,0.3332,0.2908,0.1888,0.2424,0.6029,0.3497,0.4041,-0.0213
1607,1630,2018-12-21 14:00:00,24,0.2661,0.3279,0.3555,0.1769,0.2192,0.7115,0.3554,0.4086,-0.0004
1608,1631,2018-12-21 15:00:00,24,0.2713,0.331,0.3876,0.1785,0.2208,0.7478,0.364,0.4127,0.0274
1609,1632,2018-12-21 16:00:00,24,0.2725,0.3323,0.4022,0.1734,0.2148,0.7601,0.3715,0.4179,0.0443
1610,1633,2018-12-21 17:00:00,24,0.2668,0.3237,0.4215,0.1907,0.239,0.6837,0.3429,0.3905,0.1592
1611,1634,2018-12-21 18:00:00,24,0.2746,0.3315,0.395,0.201,0.2514,0.6523,0.3482,0.3957,0.1378
1612,1635,2018-12-21 19:00:00,24,0.2767,0.3345,0.3913,0.1997,0.2504,0.653,0.3537,0.4014,0.1295
1613,1636,2018-12-21 20:00:00,24,0.2689,0.3236,0.4242,0.1961,0.2466,0.6683,0.3417,0.3855,0.1801
1614,1637,2018-12-21 21:00:00,24,0.2688,0.3224,0.3942,0.2004,0.2538,0.6543,0.3373,0.3787,0.134
1615,1638,2018-12-21 22:00:00,24,0.2756,0.3304,0.4819,0.1924,0.2498,0.6661,0.3588,0.3948,0.2977
1616,1639,2018-12-21 23:00:00,24,0.2845,0.3369,0.5385,0.209,0.2659,0.6028,0.3601,0.3954,0.4741
1617,1640,2018-12-22 00:00:00,24,0.2973,0.3447,0.5434,0.2184,0.2713,0.5507,0.3761,0.405,0.5361
1618,1641,2018-12-22 01:00:00,24,0.3067,0.3511,0.5306,0.2205,0.2721,0.5043,0.3929,0.4153,0.5568
1619,1642,2018-12-22 02:00:00,24,0.3054,0.3525,0.5392,0.2084,0.2649,0.5125,0.4024,0.4223,0.5659
1620,1643,2018-12-22 03:00:00,24,0.3076,0.3551,0.529,0.2081,0.2649,0.487,0.4072,0.4267,0.5711
1621,1644,2018-12-22 04:00:00,24,0.3065,0.3559,0.5235,0.2038,0.2638,0.4724,0.4091,0.4287,0.5746
1622,1645,2018-12-22 05:00:00,24,0.3065,0.3563,0.514,0.2032,0.2638,0.4499,0.4098,0.4294,0.578
1623,1646,2018-12-22 06:00:00,24,0.3063,0.3567,0.5012,0.2022,0.2637,0.4236,0.4104,0.4299,0.5788
1624,1647,2018-12-22 07:00:00,24,0.3059,0.356,0.4838,0.2025,0.2637,0.386,0.4093,0.4288,0.5817
1625,1648,2018-12-22 08:00:00,24,0.3046,0.3543,0.4639,0.2025,0.2638,0.3445,0.4066,0.426,0.5833
1626,1649,2018-12-22 09:00:00,24,0.3119,0.3606,0.4063,0.2025,0.2637,0.2482,0.4213,0.4364,0.5644
1627,1650,2018-12-22 10:00:00,24,0.3101,0.3599,0.3928,0.1983,0.2606,0.2201,0.4218,0.4372,0.5655
1628,1651,2018-12-22 11:00:00,24,0.3088,0.3594,0.3903,0.1955,0.2591,0.2117,0.422,0.4373,0.5688
1629,1652,2018-12-22 12:00:00,24,0.2956,0.3474,0.4427,0.1807,0.2449,0.3023,0.4105,0.4259,0.583
1630,1653,2018-12-22 13:00:00,24,0.287,0.3393,0.4571,0.173,0.2346,0.3353,0.4009,0.4185,0.5789
1631,1654,2018-12-22 14:00:00,24,0.2793,0.3341,0.4274,0.1714,0.2327,0.2913,0.3872,0.4112,0.5634
1632,1655,2018-12-22 15:00:00,24,0.277,0.3324,0.3688,0.1692,0.2308,0.2024,0.3847,0.4095,0.5352
1633,1656,2018-12-22 16:00:00,24,0.2749,0.3312,0.3761,0.1658,0.2285,0.2586,0.384,0.4089,0.4937
1634,1657,2018-12-22 17:00:00,24,0.2727,0.3269,0.4336,0.1481,0.2028,0.4114,0.3973,0.4154,0.4558
1635,1658,2018-12-22 18:00:00,24,0.2639,0.3185,0.4818,0.1364,0.1862,0.5277,0.3915,0.4101,0.4359
1636,1659,2018-12-22 19:00:00,24,0.2611,0.3149,0.4699,0.1361,0.1859,0.5462,0.3861,0.4046,0.3935
1637,1660,2018-12-22 20:00:00,24,0.2569,0.3121,0.4435,0.1302,0.1811,0.5701,0.3836,0.4025,0.3169
1638,1661,2018-12-22 21:00:00,24,0.2447,0.2997,0.4705,0.1124,0.1538,0.5966,0.377,0.395,0.3443
1639,1662,2018-12-22 22:00:00,24,0.2371,0.2899,0.353,0.1151,0.1549,0.3824,0.359,0.3796,0.3237
1640,1663,2018-12-22 23:00:00,24,0.2402,0.293,0.4709,0.1084,0.1381,0.6137,0.3719,0.3907,0.328
1641,1664,2018-12-23 00:00:00,24,0.2306,0.2858,0.6431,0.0974,0.1268,0.7556,0.3638,0.3837,0.5305
1642,1665,2018-12-23 01:00:00,24,0.2231,0.2786,0.7558,0.0946,0.1248,0.8046,0.3515,0.3738,0.7071
1643,1666,2018-12-23 02:00:00,24,0.2252,0.2781,0.7707,0.1089,0.1445,0.744,0.3416,0.3658,0.7973
1644,1667,2018-12-23 03:00:00,24,0.223,0.2744,0.7955,0.1098,0.1447,0.7468,0.3363,0.36,0.8442
1645,1668,2018-12-23 04:00:00,24,0.2214,0.2722,0.8092,0.1093,0.1446,0.7482,0.3335,0.3567,0.8702
1646,1669,2018-12-23 05:00:00,24,0.2206,0.2707,0.8179,0.1097,0.1447,0.7499,0.3315,0.3544,0.8859
1647,1670,2018-12-23 06:00:00,24,0.2213,0.2705,0.8226,0.1114,0.1449,0.7507,0.3312,0.354,0.8946
1648,1671,2018-12-23 07:00:00,24,0.2224,0.2716,0.8248,0.1124,0.1451,0.7514,0.3325,0.3556,0.8982
1649,1672,2018-12-23 08:00:00,24,0.2222,0.2701,0.8267,0.1142,0.1458,0.7514,0.3302,0.353,0.9019
1650,1673,2018-12-23 09:00:00,24,0.215,0.2619,0.8339,0.1167,0.1481,0.7568,0.3134,0.3394,0.9111
1651,1674,2018-12-23 10:00:00,24,0.2048,0.2483,0.8467,0.1119,0.1452,0.7733,0.2977,0.3197,0.9202
1652,1675,2018-12-23 11:00:00,24,0.1997,0.2424,0.8493,0.1108,0.1445,0.7765,0.2885,0.3108,0.9221
1653,1676,2018-12-23 12:00:00,24,0.2003,0.2419,0.8426,0.1142,0.147,0.7656,0.2864,0.3089,0.9195
1654,1677,2018-12-23 13:00:00,24,0.204,0.246,0.8269,0.1183,0.1544,0.7402,0.2898,0.3117,0.9136
1655,1678,2018-12-23 14:00:00,24,0.201,0.2441,0.8349,0.107,0.1442,0.7566,0.2949,0.3136,0.9131
1656,1679,2018-12-23 15:00:00,24,0.1993,0.2438,0.832,0.1019,0.1399,0.746,0.2967,0.3152,0.918
1657,1680,2018-12-23 16:00:00,24,0.1978,0.2412,0.8217,0.1048,0.1429,0.7194,0.2908,0.3097,0.9241
1658,1681,2018-12-23 17:00:00,24,0.1954,0.2377,0.8191,0.1093,0.1477,0.7085,0.2816,0.302,0.9296
1659,1682,2018-12-23 18:00:00,24,0.1973,0.2395,0.7765,0.118,0.1611,0.6206,0.2765,0.2979,0.9323
1660,1683,2018-12-23 19:00:00,24,0.1988,0.2407,0.7482,0.1213,0.165,0.5665,0.2763,0.2977,0.93
1661,1684,2018-12-23 20:00:00,24,0.1991,0.2431,0.7465,0.1183,0.1642,0.5716,0.2799,0.302,0.9214
1662,1685,2018-12-23 21:00:00,24,0.2005,0.2425,0.7298,0.1232,0.1673,0.5502,0.2777,0.2993,0.9095
1663,1686,2018-12-23 22:00:00,24,0.2,0.2429,0.7301,0.1269,0.1703,0.5589,0.2732,0.2984,0.9013
1664,1687,2018-12-23 23:00:00,24,0.1938,0.2358,0.7532,0.1309,0.1782,0.589,0.2567,0.2819,0.9174
1665,1688,2018-12-24 00:00:00,24,0.1935,0.2345,0.7689,0.1344,0.179,0.6103,0.2527,0.2792,0.9274
1666,1689,2018-12-24 01:00:00,24,0.2063,0.2485,0.722,0.147,0.1933,0.5177,0.2657,0.2935,0.9264
1667,1690,2018-12-24 02:00:00,24,0.2091,0.2556,0.7501,0.1365,0.1803,0.5806,0.2818,0.3132,0.9196
1668,1691,2018-12-24 03:00:00,24,0.2166,0.2693,0.7442,0.137,0.1804,0.5809,0.2961,0.3353,0.9075
1669,1692,2018-12-24 04:00:00,24,0.2212,0.2777,0.7378,0.137,0.1804,0.5792,0.3054,0.3488,0.8964
1670,1693,2018-12-24 05:00:00,24,0.2253,0.286,0.7305,0.1362,0.1804,0.5797,0.3145,0.362,0.8813
1671,1694,2018-12-24 06:00:00,24,0.2283,0.2916,0.7222,0.1356,0.1803,0.5803,0.3209,0.3709,0.8641
1672,1695,2018-12-24 07:00:00,24,0.2311,0.2976,0.7106,0.1346,0.1801,0.5806,0.3276,0.3804,0.8405
1673,1696,2018-12-24 08:00:00,24,0.2359,0.3081,0.6963,0.1317,0.1795,0.5865,0.3402,0.397,0.8061
1674,1697,2018-12-24 09:00:00,24,0.2464,0.3177,0.674,0.1341,0.1821,0.5678,0.3586,0.4107,0.7802
1675,1698,2018-12-24 10:00:00,24,0.253,0.3219,0.6562,0.141,0.1864,0.5454,0.3649,0.4153,0.7671
1676,1699,2018-12-24 11:00:00,24,0.2551,0.3228,0.6432,0.1463,0.1905,0.5274,0.364,0.4149,0.7589
1677,1700,2018-12-24 12:00:00,24,0.2632,0.3301,0.6065,0.1589,0.2092,0.4627,0.3676,0.4174,0.7503
1678,1701,2018-12-24 13:00:00,24,0.2657,0.3332,0.593,0.1649,0.2203,0.4418,0.3664,0.4166,0.7443
1679,1702,2018-12-24 14:00:00,24,0.2798,0.3465,0.5791,0.1919,0.2572,0.4101,0.3676,0.4171,0.748
1680,1703,2018-12-24 15:00:00,24,0.2898,0.3541,0.6173,0.2083,0.2727,0.4794,0.3713,0.4201,0.7553
1681,1704,2018-12-24 16:00:00,24,0.2956,0.3586,0.6463,0.2142,0.2781,0.5329,0.3771,0.4241,0.7596
1682,1705,2018-12-24 17:00:00,24,0.2915,0.3571,0.6505,0.2068,0.2748,0.5417,0.3761,0.4238,0.7592
1683,1706,2018-12-24 18:00:00,24,0.2888,0.3563,0.6622,0.1948,0.266,0.5717,0.3828,0.4279,0.7527
1684,1707,2018-12-24 19:00:00,24,0.2869,0.3551,0.6701,0.1917,0.2638,0.5741,0.3821,0.4274,0.766
1685,1708,2018-12-24 20:00:00,24,0.2853,0.352,0.6825,0.1988,0.2662,0.5662,0.3717,0.4206,0.7987
1686,1709,2018-12-24 21:00:00,24,0.2832,0.3503,0.7082,0.1994,0.2666,0.5811,0.3671,0.4176,0.8353
1687,1710,2018-12-24 22:00:00,24,0.2861,0.3512,0.7236,0.2016,0.2683,0.582,0.3706,0.4181,0.8651
1688,1711,2018-12-24 23:00:00,24,0.2825,0.3486,0.7529,0.1875,0.2566,0.6147,0.3774,0.4209,0.8912
1689,1712,2018-12-25 00:00:00,24,0.283,0.3488,0.7872,0.188,0.2568,0.6605,0.378,0.4211,0.9139
1690,1713,2018-12-25 01:00:00,24,0.2707,0.339,0.8347,0.1781,0.2473,0.7356,0.3633,0.4107,0.9337
1691,1714,2018-12-25 02:00:00,24,0.2777,0.3445,0.8192,0.1971,0.2717,0.6932,0.3582,0.4044,0.9451
1692,1715,2018-12-25 03:00:00,24,0.285,0.3488,0.8052,0.2135,0.2864,0.6591,0.3565,0.4016,0.9514
1693,1716,2018-12-25 04:00:00,24,0.2888,0.3523,0.8053,0.2176,0.2871,0.6575,0.36,0.4072,0.9531
1694,1717,2018-12-25 05:00:00,24,0.2919,0.3561,0.8053,0.2199,0.2873,0.6576,0.3639,0.4136,0.9531
1695,1718,2018-12-25 06:00:00,24,0.295,0.3613,0.8047,0.2204,0.2874,0.6583,0.3696,0.4225,0.9511
1696,1719,2018-12-25 07:00:00,24,0.2993,0.3695,0.8028,0.2207,0.2874,0.6591,0.378,0.4364,0.9465
1697,1720,2018-12-25 08:00:00,24,0.2993,0.3668,0.8014,0.224,0.2879,0.6579,0.3746,0.4315,0.9449
1698,1721,2018-12-25 09:00:00,24,0.3048,0.3751,0.7953,0.2262,0.2899,0.6534,0.3834,0.4442,0.9372
1699,1722,2018-12-25 10:00:00,24,0.3128,0.3849,0.7887,0.2293,0.2923,0.6505,0.3962,0.4592,0.9269
1700,1723,2018-12-25 11:00:00,24,0.3171,0.3888,0.7873,0.2267,0.2907,0.6567,0.4075,0.4668,0.918
1701,1724,2018-12-25 12:00:00,24,0.3174,0.389,0.7882,0.2255,0.2889,0.6669,0.4094,0.4682,0.9095
1702,1725,2018-12-25 13:00:00,24,0.3163,0.3877,0.7909,0.2233,0.2856,0.6821,0.4093,0.4681,0.8998
1703,1726,2018-12-25 14:00:00,24,0.3099,0.3793,0.8074,0.2066,0.2579,0.7271,0.4133,0.4703,0.8878
1704,1727,2018-12-25 15:00:00,24,0.3069,0.3764,0.7989,0.1999,0.2482,0.725,0.414,0.4709,0.8729
1705,1728,2018-12-25 16:00:00,24,0.31,0.38,0.7789,0.1995,0.2476,0.7071,0.4205,0.4769,0.8508
1706,1729,2018-12-25 17:00:00,24,0.3251,0.3903,0.7632,0.2131,0.2582,0.6951,0.4372,0.4879,0.8314
1707,1730,2018-12-25 18:00:00,24,0.3271,0.3906,0.7685,0.2185,0.2607,0.7065,0.4358,0.4869,0.8304
1708,1731,2018-12-25 19:00:00,24,0.3215,0.3879,0.7703,0.2198,0.2615,0.7051,0.4232,0.4822,0.8354
1709,1732,2018-12-25 20:00:00,24,0.3233,0.3889,0.7714,0.2192,0.2612,0.7083,0.4275,0.484,0.8345
1710,1733,2018-12-25 21:00:00,24,0.3213,0.3881,0.7751,0.2159,0.2594,0.7159,0.4268,0.4837,0.8343
1711,1734,2018-12-25 22:00:00,24,0.3197,0.388,0.7852,0.2064,0.255,0.738,0.433,0.4858,0.8324
1712,1735,2018-12-25 23:00:00,24,0.3188,0.3872,0.7912,0.2081,0.2554,0.7509,0.4295,0.4843,0.8316
1713,1736,2018-12-26 00:00:00,24,0.3243,0.3898,0.7746,0.2144,0.2597,0.7292,0.4341,0.4863,0.8199
1714,1737,2018-12-26 01:00:00,24,0.3399,0.4023,0.7106,0.2331,0.2836,0.6257,0.4467,0.4932,0.7955
1715,1738,2018-12-26 02:00:00,24,0.3379,0.4004,0.7068,0.2239,0.2685,0.6479,0.4518,0.4985,0.7658
1716,1739,2018-12-26 03:00:00,24,0.3293,0.396,0.7133,0.2057,0.2525,0.6885,0.4529,0.4998,0.7381
1717,1740,2018-12-26 04:00:00,24,0.3251,0.3904,0.7099,0.2044,0.2521,0.6928,0.4458,0.4911,0.7271
1718,1741,2018-12-26 05:00:00,24,0.3209,0.3846,0.7107,0.203,0.2519,0.6967,0.4388,0.482,0.7247
1719,1742,2018-12-26 06:00:00,24,0.3168,0.3783,0.7152,0.2024,0.2518,0.6998,0.4313,0.4721,0.7305
1720,1743,2018-12-26 07:00:00,24,0.3106,0.3675,0.726,0.202,0.2518,0.7027,0.4192,0.4547,0.7493
1721,1744,2018-12-26 08:00:00,24,0.3094,0.3665,0.7287,0.2006,0.2514,0.706,0.4181,0.4532,0.7515
1722,1745,2018-12-26 09:00:00,24,0.3036,0.3603,0.7401,0.1936,0.2459,0.7205,0.4135,0.4463,0.7598
1723,1746,2018-12-26 10:00:00,24,0.2927,0.3483,0.7524,0.1857,0.2402,0.7323,0.3996,0.43,0.7725
1724,1747,2018-12-26 11:00:00,24,0.2841,0.3424,0.751,0.1864,0.2407,0.7288,0.3819,0.4202,0.7733
1725,1748,2018-12-26 12:00:00,24,0.2769,0.336,0.7514,0.1803,0.2317,0.7362,0.3736,0.4148,0.7665
1726,1749,2018-12-26 13:00:00,24,0.2826,0.3433,0.7164,0.1879,0.2477,0.6817,0.3773,0.4175,0.7511
1727,1750,2018-12-26 14:00:00,24,0.2886,0.3496,0.6949,0.1979,0.2623,0.6534,0.3794,0.4192,0.7363
1728,1751,2018-12-26 15:00:00,24,0.282,0.3445,0.6982,0.1932,0.2581,0.669,0.3708,0.4132,0.7273
1729,1752,2018-12-26 16:00:00,24,0.2732,0.3359,0.6994,0.1893,0.2541,0.6819,0.3571,0.4014,0.717
1730,1753,2018-12-26 17:00:00,24,0.2656,0.3276,0.6925,0.1852,0.2491,0.6955,0.346,0.3906,0.6895
1731,1754,2018-12-26 18:00:00,24,0.2696,0.331,0.6625,0.1899,0.2536,0.7011,0.3494,0.3936,0.6239
1732,1755,2018-12-26 19:00:00,24,0.2796,0.3377,0.6436,0.1937,0.2569,0.7304,0.3655,0.4026,0.5568
1733,1756,2018-12-26 20:00:00,24,0.2807,0.3391,0.6451,0.1922,0.2561,0.7519,0.3693,0.4054,0.5383
1734,1757,2018-12-26 21:00:00,24,0.2842,0.3409,0.6449,0.1978,0.2596,0.7385,0.3707,0.4062,0.5512
1735,1758,2018-12-26 22:00:00,24,0.2838,0.34,0.6507,0.2003,0.26,0.7132,0.3672,0.4045,0.5882
1736,1759,2018-12-26 23:00:00,24,0.2943,0.3478,0.6446,0.213,0.2715,0.6434,0.3757,0.4101,0.6459
1737,1760,2018-12-27 00:00:00,24,0.2918,0.3463,0.6923,0.2086,0.2683,0.646,0.375,0.4097,0.7386
1738,1761,2018-12-27 01:00:00,24,0.2915,0.3481,0.7027,0.2138,0.2802,0.6052,0.3693,0.4048,0.8003
1739,1762,2018-12-27 02:00:00,24,0.2872,0.3425,0.7253,0.2122,0.2784,0.6087,0.3623,0.3963,0.8418
1740,1763,2018-12-27 03:00:00,24,0.2861,0.338,0.7354,0.2153,0.2789,0.6036,0.3568,0.3881,0.8672
1741,1764,2018-12-27 04:00:00,24,0.2877,0.3408,0.7335,0.2151,0.2789,0.5929,0.3602,0.3931,0.8741
1742,1765,2018-12-27 05:00:00,24,0.2892,0.3441,0.7259,0.2144,0.2789,0.5766,0.364,0.3988,0.8751
1743,1766,2018-12-27 06:00:00,24,0.2902,0.3462,0.7159,0.2138,0.2788,0.5583,0.3666,0.4024,0.8736
1744,1767,2018-12-27 07:00:00,24,0.2916,0.3487,0.7018,0.2136,0.2788,0.5353,0.3697,0.4067,0.8683
1745,1768,2018-12-27 08:00:00,24,0.2929,0.352,0.6849,0.2122,0.2786,0.512,0.3736,0.4125,0.8579
1746,1769,2018-12-27 09:00:00,24,0.2925,0.3532,0.6686,0.2098,0.2779,0.4931,0.3752,0.415,0.844
1747,1770,2018-12-27 10:00:00,24,0.302,0.366,0.6376,0.2125,0.279,0.4609,0.3916,0.436,0.8142
1748,1771,2018-12-27 11:00:00,24,0.3094,0.3708,0.6196,0.2102,0.2778,0.4395,0.4086,0.4447,0.7996
1749,1772,2018-12-27 12:00:00,24,0.3093,0.3708,0.6198,0.2055,0.2742,0.4473,0.4131,0.447,0.7923
1750,1773,2018-12-27 13:00:00,24,0.3044,0.3648,0.6415,0.1992,0.2619,0.4953,0.4095,0.4445,0.7878
1751,1774,2018-12-27 14:00:00,24,0.2972,0.358,0.6563,0.188,0.2462,0.5313,0.4065,0.4424,0.7814
1752,1775,2018-12-27 15:00:00,24,0.2988,0.3597,0.6433,0.1849,0.2445,0.5141,0.4128,0.446,0.7725
1753,1776,2018-12-27 16:00:00,24,0.2991,0.3599,0.6317,0.1828,0.2428,0.496,0.4154,0.4473,0.7675
1754,1777,2018-12-27 17:00:00,24,0.2994,0.3615,0.6204,0.1766,0.238,0.479,0.4222,0.4524,0.7618
1755,1778,2018-12-27 18:00:00,24,0.3021,0.3647,0.5931,0.1772,0.2386,0.4273,0.427,0.4572,0.7589
1756,1779,2018-12-27 19:00:00,24,0.3007,0.3636,0.5655,0.1748,0.2362,0.369,0.4265,0.4567,0.762
1757,1780,2018-12-27 20:00:00,24,0.2949,0.3606,0.5077,0.1766,0.2373,0.2508,0.4131,0.4513,0.7645
1758,1781,2018-12-27 21:00:00,24,0.2938,0.36,0.5221,0.1752,0.2361,0.2796,0.4125,0.451,0.7645
1759,1782,2018-12-27 22:00:00,24,0.3043,0.3676,0.5662,0.1822,0.2406,0.373,0.4264,0.4609,0.7594
1760,1783,2018-12-27 23:00:00,24,0.2986,0.3628,0.5665,0.1777,0.2342,0.3622,0.4194,0.4565,0.7708
1761,1784,2018-12-28 00:00:00,24,0.293,0.3606,0.458,0.175,0.2329,0.1403,0.4111,0.4537,0.7756
1762,1785,2018-12-28 01:00:00,24,0.2845,0.3489,0.5766,0.1592,0.1956,0.3744,0.4098,0.453,0.7787
1763,1786,2018-12-28 02:00:00,24,0.2847,0.351,0.5927,0.1535,0.1887,0.4151,0.4158,0.4591,0.7702
1764,1787,2018-12-28 03:00:00,24,0.2853,0.353,0.5917,0.1521,0.1882,0.4208,0.4186,0.4625,0.7626
1765,1788,2018-12-28 04:00:00,24,0.2831,0.3513,0.5931,0.1496,0.1877,0.4238,0.4167,0.46,0.7623
1766,1789,2018-12-28 05:00:00,24,0.2886,0.3514,0.5554,0.1685,0.2101,0.3376,0.4086,0.4504,0.7731
1767,1790,2018-12-28 06:00:00,24,0.2892,0.3467,0.6019,0.1814,0.22,0.4146,0.3969,0.4383,0.7892
1768,1791,2018-12-28 07:00:00,24,0.2866,0.3395,0.6696,0.1897,0.224,0.5319,0.3834,0.4246,0.8073
1769,1792,2018-12-28 08:00:00,24,0.2904,0.3381,0.6657,0.2027,0.2337,0.5152,0.3781,0.4172,0.8161
1770,1793,2018-12-28 09:00:00,24,0.2862,0.3307,0.6752,0.2033,0.2339,0.5253,0.3691,0.405,0.8252
1771,1794,2018-12-28 10:00:00,24,0.2746,0.3145,0.6878,0.2005,0.2326,0.5355,0.3487,0.3791,0.8401
1772,1795,2018-12-28 11:00:00,24,0.2703,0.3105,0.6827,0.1987,0.2319,0.5303,0.3419,0.3728,0.8352
1773,1796,2018-12-28 12:00:00,24,0.2757,0.3151,0.6592,0.208,0.2425,0.4964,0.3433,0.3739,0.8219
1774,1797,2018-12-28 13:00:00,24,0.267,0.3077,0.6875,0.1977,0.2284,0.562,0.3362,0.3705,0.813
1775,1798,2018-12-28 14:00:00,24,0.2646,0.3068,0.6968,0.2012,0.2323,0.5842,0.3281,0.3665,0.8093
1776,1799,2018-12-28 15:00:00,24,0.2584,0.303,0.717,0.2008,0.2321,0.6214,0.316,0.3602,0.8126
1777,1800,2018-12-28 16:00:00,24,0.2555,0.3013,0.7374,0.2013,0.2325,0.6575,0.3097,0.3571,0.8173
1778,1801,2018-12-28 17:00:00,24,0.2497,0.2961,0.7548,0.2,0.2319,0.6856,0.2994,0.3486,0.8241
1779,1802,2018-12-28 18:00:00,24,0.2377,0.285,0.771,0.1884,0.2232,0.7156,0.287,0.3356,0.8265
1780,1803,2018-12-28 19:00:00,24,0.232,0.2799,0.7678,0.1833,0.2197,0.7253,0.2807,0.3293,0.8103
1781,1804,2018-12-28 20:00:00,24,0.2335,0.2812,0.76,0.1869,0.223,0.7158,0.2802,0.3293,0.8041
1782,1805,2018-12-28 21:00:00,24,0.234,0.282,0.779,0.1849,0.2215,0.721,0.2832,0.3316,0.837
1783,1806,2018-12-28 22:00:00,24,0.2262,0.2748,0.8092,0.176,0.2161,0.7259,0.2763,0.323,0.8926
1784,1807,2018-12-28 23:00:00,24,0.2231,0.2726,0.8354,0.1694,0.2098,0.7457,0.2769,0.3234,0.925
1785,1808,2018-12-29 00:00:00,24,0.2244,0.273,0.8455,0.1716,0.2109,0.7462,0.2772,0.3234,0.9448
1786,1809,2018-12-29 01:00:00,24,0.2196,0.2691,0.8651,0.1632,0.202,0.774,0.276,0.3226,0.9563
1787,1810,2018-12-29 02:00:00,24,0.2108,0.2597,0.8768,0.1564,0.1992,0.7874,0.2652,0.3085,0.9663
1788,1811,2018-12-29 03:00:00,24,0.2056,0.2494,0.8843,0.158,0.1998,0.795,0.2532,0.2906,0.9735
1789,1812,2018-12-29 04:00:00,24,0.2018,0.2398,0.8904,0.162,0.2008,0.8023,0.2416,0.2733,0.9784
1790,1813,2018-12-29 05:00:00,24,0.1917,0.226,0.9164,0.1478,0.179,0.852,0.2355,0.2649,0.9808
1791,1814,2018-12-29 06:00:00,24,0.1839,0.2196,0.9255,0.1454,0.1751,0.8682,0.2224,0.2565,0.9828
1792,1815,2018-12-29 07:00:00,24,0.1813,0.2174,0.9302,0.1468,0.1768,0.8763,0.2159,0.2515,0.9841
1793,1816,2018-12-29 08:00:00,24,0.1812,0.2166,0.9303,0.1481,0.1793,0.8762,0.2143,0.2483,0.9844
1794,1817,2018-12-29 09:00:00,24,0.1868,0.2292,0.9285,0.1495,0.18,0.8764,0.2241,0.2696,0.9806
1795,1818,2018-12-29 10:00:00,24,0.2006,0.2563,0.9215,0.1537,0.1829,0.8718,0.2476,0.3129,0.9713
1796,1819,2018-12-29 11:00:00,24,0.2124,0.2789,0.9155,0.1548,0.1834,0.8717,0.27,0.3493,0.9593
1797,1820,2018-12-29 12:00:00,24,0.216,0.293,0.9187,0.1423,0.1669,0.8942,0.2898,0.3792,0.9431
1798,1821,2018-12-29 13:00:00,24,0.2241,0.3063,0.9109,0.1351,0.1619,0.8987,0.3131,0.4018,0.923
1799,1822,2018-12-29 14:00:00,24,0.2283,0.314,0.9042,0.1231,0.1496,0.9073,0.3334,0.418,0.901
1800,1823,2018-12-29 15:00:00,24,0.2417,0.3281,0.8877,0.1244,0.1506,0.9011,0.359,0.4389,0.8742
1801,1824,2018-12-29 16:00:00,24,0.251,0.3406,0.8736,0.1196,0.1466,0.8999,0.3825,0.4589,0.8473
1802,1825,2018-12-29 17:00:00,24,0.2629,0.3563,0.8596,0.1193,0.1464,0.8964,0.4064,0.4822,0.8229
1803,1826,2018-12-29 18:00:00,24,0.2763,0.3729,0.8529,0.1222,0.1477,0.8963,0.4304,0.5062,0.8095
1804,1827,2018-12-29 19:00:00,24,0.2833,0.3776,0.8464,0.1298,0.1571,0.8776,0.4368,0.5104,0.8151
1805,1828,2018-12-29 20:00:00,24,0.2868,0.3806,0.8374,0.1366,0.1711,0.8532,0.4371,0.5104,0.8216
1806,1829,2018-12-29 21:00:00,24,0.2805,0.378,0.8439,0.1341,0.1693,0.857,0.4268,0.5071,0.8309
1807,1830,2018-12-29 22:00:00,24,0.2801,0.3766,0.8452,0.1407,0.1734,0.8535,0.4195,0.5036,0.8369
1808,1831,2018-12-29 23:00:00,24,0.2776,0.3756,0.8501,0.1392,0.1724,0.8617,0.4161,0.5024,0.8386
1809,1832,2018-12-30 00:00:00,24,0.2938,0.3882,0.8158,0.1576,0.2066,0.7994,0.4299,0.5086,0.8321
1810,1833,2018-12-30 01:00:00,24,0.3012,0.3947,0.8098,0.1597,0.208,0.7971,0.4427,0.518,0.8224
1811,1834,2018-12-30 02:00:00,24,0.31,0.4046,0.8035,0.1609,0.2081,0.7976,0.4591,0.533,0.8094
1812,1835,2018-12-30 03:00:00,24,0.3154,0.4123,0.7985,0.158,0.2074,0.7976,0.4729,0.5449,0.7994
1813,1836,2018-12-30 04:00:00,24,0.3207,0.4185,0.7918,0.1563,0.2067,0.7934,0.4852,0.5545,0.7902
1814,1837,2018-12-30 05:00:00,24,0.3265,0.4255,0.7818,0.1545,0.2058,0.7831,0.4985,0.5655,0.7805
1815,1838,2018-12-30 06:00:00,24,0.3357,0.4339,0.7618,0.1465,0.1993,0.7652,0.5248,0.5804,0.7584
1816,1839,2018-12-30 07:00:00,24,0.3444,0.4422,0.7077,0.1426,0.1955,0.6924,0.5463,0.594,0.7231
1817,1840,2018-12-30 08:00:00,24,0.3421,0.4433,0.6903,0.1318,0.1824,0.6895,0.5524,0.5998,0.6912
1818,1841,2018-12-30 09:00:00,24,0.3391,0.4414,0.6719,0.1279,0.1812,0.6664,0.5502,0.5974,0.6775
1819,1842,2018-12-30 10:00:00,24,0.3344,0.4379,0.6871,0.1218,0.1776,0.6814,0.5471,0.5932,0.6928
1820,1843,2018-12-30 11:00:00,24,0.3313,0.4293,0.6899,0.1292,0.1852,0.6534,0.5333,0.5782,0.7263
1821,1844,2018-12-30 12:00:00,24,0.3253,0.4184,0.7054,0.1343,0.1891,0.6507,0.5163,0.5607,0.7601
1822,1845,2018-12-30 13:00:00,24,0.3205,0.4101,0.7039,0.1409,0.1927,0.6383,0.5,0.5471,0.7695
1823,1846,2018-12-30 14:00:00,24,0.3146,0.4037,0.7016,0.1417,0.1928,0.638,0.4875,0.5374,0.7652
1824,1847,2018-12-30 15:00:00,24,0.3087,0.3975,0.6875,0.1554,0.2124,0.6077,0.4619,0.5205,0.7672
1825,1848,2018-12-30 16:00:00,24,0.2952,0.3858,0.7129,0.156,0.2126,0.6518,0.4344,0.5025,0.7741
1826,1849,2018-12-30 17:00:00,24,0.289,0.3745,0.7213,0.1604,0.2151,0.6558,0.4175,0.484,0.7867
1827,1850,2018-12-30 18:00:00,24,0.2828,0.3633,0.7244,0.1616,0.2158,0.6472,0.404,0.4664,0.8015
1828,1851,2018-12-30 19:00:00,24,0.2815,0.3673,0.7367,0.1501,0.2081,0.6805,0.4129,0.476,0.7929
1829,1852,2018-12-30 20:00:00,24,0.2893,0.3721,0.717,0.1534,0.2152,0.6482,0.4253,0.4802,0.7859
1830,1853,2018-12-30 21:00:00,24,0.2937,0.3751,0.6997,0.1638,0.2254,0.6223,0.4236,0.4802,0.777
1831,1854,2018-12-30 22:00:00,24,0.2948,0.3756,0.6915,0.1634,0.225,0.6235,0.4263,0.4812,0.7596
1832,1855,2018-12-30 23:00:00,24,0.2986,0.3775,0.6248,0.1716,0.2317,0.5057,0.4256,0.481,0.7439
1833,1856,2018-12-31 00:00:00,24,0.2834,0.3648,0.6853,0.1515,0.2009,0.6289,0.4153,0.4752,0.7416
1834,1857,2018-12-31 01:00:00,24,0.2841,0.3654,0.6793,0.1525,0.2018,0.6257,0.4156,0.4756,0.7329
1835,1858,2018-12-31 02:00:00,24,0.2844,0.3641,0.6763,0.1547,0.2024,0.6224,0.414,0.4734,0.7302
1836,1859,2018-12-31 03:00:00,24,0.2869,0.3687,0.6689,0.1549,0.2025,0.6219,0.4189,0.4805,0.7159
1837,1860,2018-12-31 04:00:00,24,0.2884,0.3731,0.6633,0.1527,0.2021,0.6233,0.4241,0.4873,0.7033
1838,1861,2018-12-31 05:00:00,24,0.2875,0.3738,0.664,0.1498,0.2015,0.6259,0.4252,0.4887,0.7021
1839,1862,2018-12-31 06:00:00,24,0.2867,0.3742,0.6671,0.1475,0.201,0.6278,0.4258,0.4895,0.7064
1840,1863,2018-12-31 07:00:00,24,0.285,0.3754,0.6746,0.1421,0.1988,0.6353,0.4278,0.4923,0.7139
1841,1864,2018-12-31 08:00:00,24,0.2853,0.3772,0.6823,0.1405,0.1981,0.6376,0.4301,0.4953,0.727
1842,1865,2018-12-31 09:00:00,24,0.2827,0.3711,0.6929,0.1447,0.1994,0.6371,0.4206,0.4854,0.7487
1843,1866,2018-12-31 10:00:00,24,0.2797,0.3633,0.6991,0.1482,0.2007,0.6317,0.4112,0.473,0.7664
1844,1867,2018-12-31 11:00:00,24,0.2855,0.3708,0.6873,0.1528,0.208,0.6047,0.4183,0.4813,0.7699
1845,1868,2018-12-31 12:00:00,24,0.2935,0.3788,0.6654,0.1619,0.2212,0.5509,0.4252,0.4879,0.7799
1846,1869,2018-12-31 13:00:00,24,0.301,0.3854,0.6688,0.1671,0.227,0.5358,0.4348,0.4954,0.8018
1847,1870,2018-12-31 14:00:00,24,0.3098,0.3905,0.6613,0.1812,0.2393,0.4979,0.4384,0.4977,0.8247
1848,1871,2018-12-31 15:00:00,24,0.3018,0.3852,0.6762,0.166,0.2214,0.5154,0.4376,0.4977,0.837
1849,1872,2018-12-31 16:00:00,24,0.3049,0.3861,0.6195,0.171,0.2246,0.3981,0.4388,0.4977,0.8409
1850,1873,2018-12-31 17:00:00,24,0.3095,0.3897,0.5604,0.1768,0.2309,0.279,0.4423,0.5004,0.8418
1851,1874,2018-12-31 18:00:00,24,0.3173,0.3988,0.5275,0.1817,0.2348,0.2158,0.453,0.5128,0.8393
1852,1875,2018-12-31 19:00:00,24,0.3394,0.4267,0.3441,0.2087,0.27,-0.1479,0.4701,0.5397,0.8362
1853,1876,2018-12-31 20:00:00,24,0.3513,0.445,0.3733,0.2052,0.2641,-0.0903,0.4975,0.5713,0.8368
1854,1877,2018-12-31 21:00:00,24,0.3528,0.4458,0.3264,0.1921,0.2549,-0.1928,0.5134,0.5766,0.8457
1855,1878,2018-12-31 22:00:00,24,0.3474,0.4442,0.206,0.1879,0.2528,-0.4328,0.507,0.5751,0.8448
1856,1879,2018-12-31 23:00:00,24,0.3403,0.442,0.4204,0.1767,0.246,0.012,0.504,0.5747,0.8287
1857,1880,2019-01-01 00:00:00,24,0.3389,0.4417,0.5585,0.176,0.2458,0.3228,0.5017,0.5742,0.7942
1858,1881,2019-01-01 01:00:00,24,0.3248,0.4339,0.6468,0.1688,0.2428,0.5451,0.4807,0.5635,0.7484
1859,1882,2019-01-01 02:00:00,24,0.3319,0.4385,0.5551,0.1936,0.2791,0.4273,0.4702,0.5538,0.6829
1860,1883,2019-01-01 03:00:00,24,0.3286,0.4304,0.519,0.1998,0.2813,0.4297,0.4573,0.5398,0.6082
1861,1884,2019-01-01 04:00:00,24,0.326,0.424,0.4702,0.2048,0.2825,0.4255,0.4472,0.5289,0.5149
1862,1885,2019-01-01 05:00:00,24,0.3248,0.4192,0.4059,0.2103,0.2839,0.4122,0.4392,0.5205,0.3997
1863,1886,2019-01-01 06:00:00,24,0.3213,0.4135,0.3405,0.2121,0.2841,0.3989,0.4305,0.5112,0.2822
1864,1887,2019-01-01 07:00:00,24,0.3222,0.4139,0.2954,0.2136,0.2843,0.383,0.4308,0.5116,0.2078
1865,1888,2019-01-01 08:00:00,24,0.3246,0.4157,0.3027,0.2169,0.2854,0.3558,0.4324,0.5139,0.2496
1866,1889,2019-01-01 09:00:00,24,0.3307,0.4255,0.3336,0.2143,0.2847,0.3544,0.4472,0.5302,0.3128
1867,1890,2019-01-01 10:00:00,24,0.3267,0.4231,0.3543,0.2271,0.2966,0.3456,0.4264,0.5196,0.363
1868,1891,2019-01-01 11:00:00,24,0.3087,0.4094,0.4007,0.2123,0.2861,0.4105,0.4051,0.5034,0.391
1869,1892,2019-01-01 12:00:00,24,0.2949,0.3991,0.4198,0.1962,0.273,0.4458,0.3937,0.494,0.3939
1870,1893,2019-01-01 13:00:00,24,0.2909,0.3958,0.42,0.1911,0.2683,0.4056,0.3907,0.4912,0.4344
1871,1894,2019-01-01 14:00:00,24,0.2859,0.3935,0.4443,0.1786,0.2577,0.3473,0.3932,0.4932,0.5413
1872,1895,2019-01-01 15:00:00,24,0.2935,0.3974,0.4793,0.1787,0.2578,0.2966,0.4083,0.4993,0.662
1873,1896,2019-01-01 16:00:00,24,0.3001,0.4016,0.532,0.1748,0.2554,0.2987,0.4254,0.5073,0.7653
1874,1897,2019-01-01 17:00:00,24,0.2927,0.3974,0.5998,0.1635,0.2473,0.3546,0.4219,0.5047,0.845
1875,1898,2019-01-01 18:00:00,24,0.276,0.3827,0.6455,0.1595,0.244,0.3927,0.3925,0.483,0.8983
1876,1899,2019-01-01 19:00:00,24,0.2561,0.3504,0.6378,0.1562,0.2355,0.3397,0.356,0.436,0.9358
1877,1900,2019-01-01 20:00:00,24,0.2399,0.3216,0.5863,0.1511,0.2278,0.2165,0.3286,0.3936,0.956
1878,1901,2019-01-01 21:00:00,24,0.2463,0.3265,0.5538,0.159,0.2319,0.1482,0.3336,0.3993,0.9595
1879,1902,2019-01-01 22:00:00,24,0.2539,0.3319,0.5743,0.1594,0.2321,0.1874,0.3484,0.408,0.9612
1880,1903,2019-01-01 23:00:00,24,0.2657,0.3381,0.5405,0.1724,0.2414,0.1179,0.3591,0.4127,0.963
1881,1904,2019-01-02 00:00:00,24,0.2684,0.3395,0.54,0.1715,0.2412,0.1151,0.3653,0.4151,0.9649
1882,1905,2019-01-02 01:00:00,24,0.2724,0.341,0.5177,0.1717,0.2412,0.0689,0.3732,0.4176,0.9665
1883,1906,2019-01-02 02:00:00,24,0.2577,0.3244,0.7123,0.147,0.1981,0.456,0.3683,0.4138,0.9685
1884,1907,2019-01-02 03:00:00,24,0.2505,0.3187,0.7557,0.1422,0.1953,0.5409,0.3589,0.4063,0.9706
1885,1908,2019-01-02 04:00:00,24,0.2447,0.3132,0.7873,0.14,0.1942,0.6024,0.3495,0.3982,0.9722
1886,1909,2019-01-02 05:00:00,24,0.2389,0.3078,0.8095,0.1373,0.1927,0.6457,0.3404,0.3903,0.9732
1887,1910,2019-01-02 06:00:00,24,0.2407,0.3072,0.7949,0.1444,0.1979,0.6168,0.337,0.3867,0.9731
1888,1911,2019-01-02 07:00:00,24,0.2457,0.311,0.7643,0.153,0.2045,0.5581,0.3385,0.3893,0.9705
1889,1912,2019-01-02 08:00:00,24,0.2436,0.3109,0.7363,0.1482,0.2026,0.5067,0.3389,0.3902,0.9659
1890,1913,2019-01-02 09:00:00,24,0.2445,0.313,0.6932,0.1483,0.2026,0.4305,0.3406,0.3935,0.9559
1891,1914,2019-01-02 10:00:00,24,0.2528,0.3244,0.7434,0.1358,0.1851,0.555,0.3697,0.4198,0.9319
1892,1915,2019-01-02 11:00:00,24,0.2656,0.3364,0.7428,0.1416,0.188,0.5922,0.3896,0.4371,0.8934
1893,1916,2019-01-02 12:00:00,24,0.268,0.3381,0.7354,0.1432,0.1885,0.636,0.3928,0.4394,0.8347
1894,1917,2019-01-02 13:00:00,24,0.2693,0.3385,0.7149,0.1479,0.1946,0.6848,0.3907,0.4374,0.745
1895,1918,2019-01-02 14:00:00,24,0.2761,0.3447,0.6781,0.1552,0.2004,0.7352,0.3969,0.4444,0.6209
1896,1919,2019-01-02 15:00:00,24,0.281,0.3479,0.6564,0.1632,0.2078,0.7762,0.3987,0.446,0.5366
1897,1920,2019-01-02 16:00:00,24,0.2809,0.3489,0.6771,0.1614,0.2071,0.8084,0.4005,0.4479,0.5459
1898,1921,2019-01-02 17:00:00,24,0.2896,0.3575,0.706,0.1676,0.2107,0.8231,0.4117,0.4596,0.589
1899,1922,2019-01-02 18:00:00,24,0.3065,0.3724,0.7298,0.1736,0.2169,0.8336,0.4395,0.48,0.626
1900,1923,2019-01-02 19:00:00,24,0.3111,0.3791,0.7764,0.1582,0.1873,0.891,0.464,0.5023,0.6618
1901,1924,2019-01-02 20:00:00,24,0.3073,0.3773,0.8041,0.1498,0.1786,0.9068,0.4648,0.5029,0.7015
1902,1925,2019-01-02 21:00:00,24,0.3058,0.3768,0.825,0.1464,0.1753,0.9146,0.4652,0.5032,0.7354
1903,1926,2019-01-02 22:00:00,24,0.3025,0.3735,0.8367,0.1492,0.1771,0.9142,0.4558,0.4976,0.7593
1904,1927,2019-01-02 23:00:00,24,0.2918,0.368,0.846,0.1392,0.165,0.9245,0.4444,0.4936,0.7676
1905,1928,2019-01-03 00:00:00,24,0.2884,0.3666,0.8436,0.1381,0.1647,0.922,0.4387,0.4917,0.7652
1906,1929,2019-01-03 01:00:00,24,0.2869,0.3657,0.8362,0.1394,0.165,0.9177,0.4343,0.4901,0.7547
1907,1930,2019-01-03 02:00:00,24,0.2844,0.3644,0.8243,0.1381,0.1645,0.9117,0.4306,0.4884,0.7369
1908,1931,2019-01-03 03:00:00,24,0.2854,0.3655,0.8029,0.1369,0.1642,0.9025,0.434,0.4901,0.7032
1909,1932,2019-01-03 04:00:00,24,0.2863,0.367,0.7679,0.1345,0.1635,0.8885,0.4382,0.4926,0.6474
1910,1933,2019-01-03 05:00:00,24,0.2856,0.3667,0.7086,0.1338,0.1632,0.8663,0.4374,0.4922,0.551
1911,1934,2019-01-03 06:00:00,24,0.2818,0.3646,0.619,0.1283,0.1576,0.8643,0.4354,0.4909,0.3738
1912,1935,2019-01-03 07:00:00,24,0.2702,0.3506,0.5378,0.122,0.1502,0.8814,0.4184,0.4726,0.1942
1913,1936,2019-01-03 08:00:00,24,0.2724,0.347,0.4137,0.1326,0.1606,0.8614,0.4121,0.4636,-0.034
1914,1937,2019-01-03 09:00:00,24,0.272,0.3455,0.3232,0.1331,0.1607,0.8585,0.4108,0.4615,-0.2121
1915,1938,2019-01-03 10:00:00,24,0.2673,0.3407,0.3156,0.1282,0.1588,0.8617,0.4063,0.455,-0.2306
1916,1939,2019-01-03 11:00:00,24,0.274,0.3565,0.3637,0.1274,0.158,0.863,0.4205,0.4788,-0.1355
1917,1940,2019-01-03 12:00:00,24,0.2918,0.388,0.4752,0.1317,0.1613,0.8574,0.4519,0.5244,0.093
1918,1941,2019-01-03 13:00:00,24,0.2957,0.3989,0.6073,0.1217,0.1496,0.8768,0.4697,0.544,0.3378
1919,1942,2019-01-03 14:00:00,24,0.3036,0.4116,0.6973,0.1243,0.1543,0.8699,0.4829,0.5613,0.5246
1920,1943,2019-01-03 15:00:00,24,0.3051,0.4197,0.7628,0.113,0.143,0.884,0.4971,0.5761,0.6415
1921,1944,2019-01-03 16:00:00,24,0.313,0.4276,0.7979,0.1192,0.1487,0.8753,0.5068,0.5862,0.7206
1922,1945,2019-01-03 17:00:00,24,0.309,0.4257,0.8309,0.1126,0.1434,0.8825,0.5054,0.5848,0.7793
1923,1946,2019-01-03 18:00:00,24,0.2979,0.4167,0.8589,0.1009,0.1304,0.8958,0.4949,0.5748,0.8221
1924,1947,2019-01-03 19:00:00,24,0.2891,0.4068,0.8741,0.0961,0.1248,0.8945,0.4822,0.5616,0.8538
1925,1948,2019-01-03 20:00:00,24,0.2883,0.4067,0.8813,0.0942,0.1238,0.893,0.4824,0.5617,0.8697
1926,1949,2019-01-03 21:00:00,24,0.2846,0.403,0.8876,0.0939,0.1235,0.8916,0.4754,0.5563,0.8836
1927,1950,2019-01-03 22:00:00,24,0.2865,0.4045,0.8952,0.0918,0.1213,0.8998,0.4812,0.559,0.8905
1928,1951,2019-01-03 23:00:00,24,0.2861,0.4044,0.8981,0.0912,0.121,0.9025,0.4809,0.559,0.8938
1929,1952,2019-01-04 00:00:00,24,0.2902,0.4057,0.8934,0.0995,0.1293,0.8932,0.4808,0.559,0.8936
1930,1953,2019-01-04 01:00:00,24,0.2974,0.4092,0.89,0.1044,0.1335,0.8906,0.4905,0.5631,0.8895
1931,1954,2019-01-04 02:00:00,24,0.3051,0.4141,0.8853,0.1081,0.1363,0.8884,0.502,0.5695,0.8821
1932,1955,2019-01-04 03:00:00,24,0.3101,0.4172,0.879,0.1121,0.1384,0.8845,0.5082,0.5735,0.8734
1933,1956,2019-01-04 04:00:00,24,0.3122,0.4181,0.8709,0.1143,0.1391,0.8793,0.5101,0.5747,0.8625
1934,1957,2019-01-04 05:00:00,24,0.3154,0.4204,0.8557,0.114,0.139,0.868,0.5168,0.5781,0.8435
1935,1958,2019-01-04 06:00:00,24,0.3144,0.4204,0.8296,0.1118,0.1379,0.8438,0.517,0.5783,0.8154
1936,1959,2019-01-04 07:00:00,24,0.311,0.4193,0.773,0.1074,0.1361,0.7802,0.5146,0.5771,0.7657
1937,1960,2019-01-04 08:00:00,24,0.3002,0.4115,0.7262,0.0961,0.1236,0.7624,0.5043,0.5687,0.6901
1938,1961,2019-01-04 09:00:00,24,0.29,0.399,0.6299,0.0945,0.123,0.6793,0.4855,0.5507,0.5804
1939,1962,2019-01-04 10:00:00,24,0.2876,0.3929,0.3979,0.1011,0.1274,0.4865,0.4742,0.5409,0.3094
1940,1963,2019-01-04 11:00:00,24,0.2706,0.3691,0.0634,0.0972,0.1244,0.3067,0.4441,0.5069,-0.1799
1941,1964,2019-01-04 12:00:00,24,0.2523,0.335,-0.2783,0.0937,0.1206,0.244,0.4108,0.4582,-0.8006
1942,1965,2019-01-04 13:00:00,24,0.2426,0.317,-0.9241,0.0984,0.1252,0.2107,0.3868,0.4304,-2.059
1943,1966,2019-01-04 14:00:00,24,0.2289,0.2922,-0.9417,0.094,0.1158,0.5552,0.3638,0.3967,-2.4387
1944,1967,2019-01-04 15:00:00,24,0.2184,0.272,-0.3756,0.0979,0.1179,0.656,0.3389,0.3662,-1.4072
1945,1968,2019-01-04 16:00:00,24,0.2039,0.2508,0.2209,0.0944,0.1128,0.7604,0.3134,0.3363,-0.3186
1946,1969,2019-01-04 17:00:00,24,0.1925,0.2367,0.5304,0.0941,0.1127,0.7854,0.2909,0.3152,0.2754
1947,1970,2019-01-04 18:00:00,24,0.1853,0.2289,0.6948,0.0937,0.1126,0.7887,0.2769,0.3035,0.601
1948,1971,2019-01-04 19:00:00,24,0.1746,0.2197,0.7759,0.0904,0.1112,0.788,0.2588,0.2902,0.7638
1949,1972,2019-01-04 20:00:00,24,0.1673,0.2141,0.8111,0.0887,0.1108,0.7734,0.2458,0.2818,0.8488
1950,1973,2019-01-04 21:00:00,24,0.1595,0.2077,0.832,0.0861,0.1086,0.7667,0.2328,0.273,0.8973
1951,1974,2019-01-04 22:00:00,24,0.1537,0.2024,0.8389,0.086,0.1085,0.7515,0.2214,0.2648,0.9263
1952,1975,2019-01-04 23:00:00,24,0.1545,0.2027,0.8181,0.0874,0.1097,0.6935,0.2216,0.2649,0.9427
1953,1976,2019-01-05 00:00:00,24,0.1508,0.2002,0.8398,0.0823,0.1018,0.7243,0.2193,0.2643,0.9552
1954,1977,2019-01-05 01:00:00,24,0.1472,0.1954,0.8608,0.0828,0.1026,0.7552,0.2116,0.2565,0.9665
1955,1978,2019-01-05 02:00:00,24,0.1408,0.1854,0.892,0.0814,0.1009,0.8081,0.2002,0.242,0.9759
1956,1979,2019-01-05 03:00:00,24,0.1316,0.174,0.9044,0.081,0.1004,0.8263,0.1821,0.2246,0.9826
1957,1980,2019-01-05 04:00:00,24,0.1257,0.1658,0.9139,0.0798,0.0998,0.8413,0.1715,0.2121,0.9864
1958,1981,2019-01-05 05:00:00,24,0.1242,0.1626,0.9205,0.08,0.0999,0.8527,0.1684,0.2071,0.9882
