window_start,window_end,datetime_end,N,MAE,RMSE,R2,MAE_T,RMSE_T,R2_T,MAE_H,RMSE_H,R2_H
0,23,2018-10-14 14:00:00,24,0.0748,0.0967,0.6888,0.0696,0.0908,0.5445,0.08,0.1023,0.8331
1,24,2018-10-14 15:00:00,24,0.0754,0.0969,0.677,0.0689,0.09,0.5243,0.0818,0.1035,0.8298
2,25,2018-10-14 16:00:00,24,0.0737,0.0955,0.6932,0.067,0.0874,0.5568,0.0803,0.1029,0.8297
3,26,2018-10-14 17:00:00,24,0.0688,0.0887,0.7649,0.0581,0.0719,0.6995,0.0795,0.1027,0.8303
4,27,2018-10-14 18:00:00,24,0.073,0.0929,0.7307,0.0621,0.0771,0.6442,0.084,0.1064,0.8172
5,28,2018-10-14 19:00:00,24,0.0784,0.1039,0.6876,0.0641,0.0779,0.6156,0.0927,0.1247,0.7595
6,29,2018-10-14 20:00:00,24,0.0797,0.1052,0.6771,0.0652,0.0781,0.5979,0.0943,0.1266,0.7564
7,30,2018-10-14 21:00:00,24,0.0825,0.1079,0.6614,0.0646,0.0778,0.5595,0.1004,0.1313,0.7634
8,31,2018-10-14 22:00:00,24,0.0825,0.1101,0.6865,0.0599,0.0743,0.5968,0.1051,0.1368,0.7762
9,32,2018-10-14 23:00:00,24,0.084,0.1107,0.6784,0.0626,0.076,0.5663,0.1053,0.1369,0.7906
10,33,2018-10-15 00:00:00,24,0.0805,0.1058,0.6978,0.0612,0.074,0.5509,0.0999,0.13,0.8448
11,34,2018-10-15 01:00:00,24,0.0764,0.1008,0.7197,0.0607,0.0735,0.5484,0.0921,0.122,0.891
12,35,2018-10-15 02:00:00,24,0.0775,0.1021,0.6765,0.0616,0.0751,0.4481,0.0934,0.1234,0.9049
13,36,2018-10-15 03:00:00,24,0.0785,0.1034,0.5799,0.0663,0.0808,0.2384,0.0908,0.1219,0.9214
14,37,2018-10-15 04:00:00,24,0.077,0.1022,0.5239,0.0664,0.0809,0.1148,0.0876,0.1197,0.9331
15,38,2018-10-15 05:00:00,24,0.0837,0.1079,0.3271,0.0729,0.0869,-0.2777,0.0946,0.1254,0.932
16,39,2018-10-15 06:00:00,24,0.0813,0.1062,0.3357,0.0695,0.0838,-0.2646,0.0932,0.1246,0.936
17,40,2018-10-15 07:00:00,24,0.0783,0.1048,0.3735,0.0657,0.0817,-0.1932,0.0908,0.1237,0.9402
18,41,2018-10-15 08:00:00,24,0.0865,0.119,0.2746,0.0818,0.1141,-0.3933,0.0911,0.1237,0.9425
19,42,2018-10-15 09:00:00,24,0.0937,0.1274,0.0711,0.0937,0.1296,-0.8011,0.0937,0.1251,0.9432
20,43,2018-10-15 10:00:00,24,0.0919,0.1263,0.1599,0.0897,0.1273,-0.6243,0.0942,0.1252,0.9442
21,44,2018-10-15 11:00:00,24,0.0977,0.1325,0.0473,0.0985,0.1374,-0.8466,0.097,0.1274,0.9413
22,45,2018-10-15 12:00:00,24,0.0975,0.1317,0.0848,0.0997,0.1379,-0.7696,0.0952,0.1252,0.9391
23,46,2018-10-15 13:00:00,24,0.1041,0.1375,0.2088,0.1033,0.1396,-0.5045,0.1049,0.1353,0.9221
24,47,2018-10-15 14:00:00,24,0.1208,0.1705,0.4975,0.1257,0.188,0.097,0.116,0.151,0.898
25,48,2018-10-15 15:00:00,24,0.1275,0.1773,0.6817,0.1297,0.191,0.4801,0.1252,0.1625,0.8833
26,49,2018-10-15 16:00:00,24,0.1363,0.1851,0.6982,0.1372,0.198,0.5134,0.1354,0.1713,0.883
27,50,2018-10-15 17:00:00,24,0.1419,0.1879,0.7228,0.1414,0.1997,0.5458,0.1424,0.1753,0.8997
28,51,2018-10-15 18:00:00,24,0.1487,0.1975,0.7421,0.1532,0.2159,0.5596,0.1443,0.1771,0.9246
29,52,2018-10-15 19:00:00,24,0.1451,0.1922,0.7678,0.1548,0.2165,0.5833,0.1353,0.1645,0.9524
30,53,2018-10-15 20:00:00,24,0.1425,0.1907,0.7777,0.1553,0.2165,0.5905,0.1298,0.1607,0.9649
31,54,2018-10-15 21:00:00,24,0.1453,0.1929,0.7839,0.1574,0.217,0.5969,0.1332,0.1652,0.9708
32,55,2018-10-15 22:00:00,24,0.1479,0.1948,0.7893,0.1599,0.2174,0.6031,0.136,0.1693,0.9755
33,56,2018-10-15 23:00:00,24,0.1511,0.1976,0.7912,0.157,0.2168,0.6043,0.1453,0.1763,0.9782
34,57,2018-10-16 00:00:00,24,0.1546,0.2014,0.7868,0.1559,0.2164,0.5936,0.1534,0.1852,0.9799
35,58,2018-10-16 01:00:00,24,0.162,0.2074,0.7819,0.1585,0.2175,0.5832,0.1655,0.1967,0.9806
36,59,2018-10-16 02:00:00,24,0.1597,0.2063,0.7827,0.1541,0.2157,0.5825,0.1652,0.1965,0.9829
37,60,2018-10-16 03:00:00,24,0.1583,0.2055,0.7789,0.1501,0.2137,0.5736,0.1665,0.1969,0.9842
38,61,2018-10-16 04:00:00,24,0.1582,0.2056,0.7727,0.1485,0.2136,0.5604,0.1679,0.1973,0.985
39,62,2018-10-16 05:00:00,24,0.1535,0.2033,0.7671,0.1421,0.2112,0.5485,0.1648,0.195,0.9856
40,63,2018-10-16 06:00:00,24,0.1554,0.2039,0.7525,0.1441,0.2118,0.5195,0.1666,0.1957,0.9856
41,64,2018-10-16 07:00:00,24,0.158,0.2045,0.7369,0.1465,0.2121,0.4886,0.1696,0.1966,0.9852
42,65,2018-10-16 08:00:00,24,0.1589,0.2051,0.6716,0.147,0.2132,0.3588,0.1708,0.1967,0.9844
43,66,2018-10-16 09:00:00,24,0.1521,0.2001,0.6543,0.137,0.2045,0.3253,0.1673,0.1957,0.9832
44,67,2018-10-16 10:00:00,24,0.1582,0.2029,0.5632,0.1437,0.2078,0.146,0.1726,0.1978,0.9805
45,68,2018-10-16 11:00:00,24,0.1583,0.2061,0.4839,0.1489,0.2157,-0.0096,0.1678,0.196,0.9774
46,69,2018-10-16 12:00:00,24,0.1577,0.2057,0.4391,0.1486,0.2156,-0.0945,0.1667,0.1954,0.9726
47,70,2018-10-16 13:00:00,24,0.1565,0.2043,0.4285,0.1494,0.216,-0.1097,0.1635,0.1919,0.9668
48,71,2018-10-16 14:00:00,24,0.1416,0.1787,0.5582,0.1282,0.1762,0.1538,0.1549,0.1811,0.9626
49,72,2018-10-16 15:00:00,24,0.1357,0.1724,0.4392,0.125,0.1734,-0.0787,0.1465,0.1714,0.9571
50,73,2018-10-16 16:00:00,24,0.129,0.1653,0.5123,0.1156,0.1646,0.078,0.1424,0.1661,0.9465
51,74,2018-10-16 17:00:00,24,0.1255,0.1628,0.5201,0.1132,0.1631,0.1101,0.1378,0.1625,0.93
52,75,2018-10-16 18:00:00,24,0.1226,0.1567,0.4393,0.1084,0.1518,-0.0265,0.1369,0.1615,0.905
53,76,2018-10-16 19:00:00,24,0.1253,0.1592,0.3397,0.1112,0.154,-0.1808,0.1395,0.1642,0.8602
54,77,2018-10-16 20:00:00,24,0.1261,0.1598,0.2952,0.1097,0.1538,-0.1878,0.1425,0.1656,0.7782
55,78,2018-10-16 21:00:00,24,0.1262,0.1591,0.1891,0.1149,0.1585,-0.3095,0.1375,0.1597,0.6876
56,79,2018-10-16 22:00:00,24,0.1229,0.1552,0.1779,0.1138,0.1581,-0.3249,0.132,0.1522,0.6806
57,80,2018-10-16 23:00:00,24,0.121,0.1522,0.2272,0.1154,0.1584,-0.2939,0.1266,0.1457,0.7484
58,81,2018-10-17 00:00:00,24,0.1155,0.1464,0.3108,0.1129,0.1579,-0.2128,0.1181,0.1338,0.8343
59,82,2018-10-17 01:00:00,24,0.1078,0.1377,0.3568,0.1088,0.156,-0.1823,0.1067,0.1165,0.8959
60,83,2018-10-17 02:00:00,24,0.1081,0.1384,0.3657,0.1078,0.1558,-0.1771,0.1084,0.1186,0.9084
61,84,2018-10-17 03:00:00,24,0.1065,0.1379,0.3736,0.1067,0.1555,-0.1734,0.1062,0.1178,0.9206
62,85,2018-10-17 04:00:00,24,0.1064,0.1379,0.3828,0.1067,0.1555,-0.16,0.106,0.1177,0.9255
63,86,2018-10-17 05:00:00,24,0.109,0.1391,0.3741,0.1112,0.157,-0.1794,0.1069,0.1186,0.9277
64,87,2018-10-17 06:00:00,24,0.1091,0.1392,0.3735,0.1114,0.1572,-0.1815,0.1067,0.1185,0.9285
65,88,2018-10-17 07:00:00,24,0.1081,0.1388,0.374,0.1102,0.1568,-0.1807,0.106,0.1179,0.9287
66,89,2018-10-17 08:00:00,24,0.107,0.1324,0.3967,0.1035,0.1424,-0.1329,0.1105,0.1216,0.9262
67,90,2018-10-17 09:00:00,24,0.1134,0.1397,0.3877,0.104,0.1426,-0.1407,0.1227,0.1368,0.916
68,91,2018-10-17 10:00:00,24,0.1119,0.1382,0.4677,0.102,0.1404,0.0087,0.1218,0.136,0.9267
69,92,2018-10-17 11:00:00,24,0.1117,0.1327,0.5754,0.0946,0.124,0.2193,0.1288,0.1409,0.9315
70,93,2018-10-17 12:00:00,24,0.1168,0.1401,0.4598,0.1049,0.1393,-0.0178,0.1287,0.1408,0.9373
71,94,2018-10-17 13:00:00,24,0.1167,0.1404,0.3917,0.1083,0.1433,-0.1584,0.1251,0.1374,0.9417
72,95,2018-10-17 14:00:00,24,0.1158,0.1405,0.3668,0.1109,0.1459,-0.2066,0.1206,0.1349,0.9403
73,96,2018-10-17 15:00:00,24,0.1159,0.1406,0.3737,0.1106,0.1457,-0.1872,0.1212,0.1354,0.9346
74,97,2018-10-17 16:00:00,24,0.1185,0.1438,0.2266,0.1195,0.1547,-0.4779,0.1176,0.132,0.931
75,98,2018-10-17 17:00:00,24,0.1212,0.1477,0.1437,0.127,0.1626,-0.6331,0.1154,0.1312,0.9205
76,99,2018-10-17 18:00:00,24,0.1142,0.1395,0.2587,0.1161,0.15,-0.3939,0.1123,0.1281,0.9112
77,100,2018-10-17 19:00:00,24,0.1095,0.1356,0.2643,0.1139,0.148,-0.3802,0.105,0.1219,0.9088
78,101,2018-10-17 20:00:00,24,0.1114,0.1373,0.2542,0.1147,0.1481,-0.3847,0.1081,0.1256,0.8932
79,102,2018-10-17 21:00:00,24,0.1105,0.1367,0.2406,0.115,0.1485,-0.4054,0.106,0.1237,0.8866
80,103,2018-10-17 22:00:00,24,0.1142,0.14,0.2241,0.1204,0.1521,-0.4305,0.108,0.1266,0.8786
81,104,2018-10-17 23:00:00,24,0.1217,0.1528,0.1316,0.1364,0.1757,-0.61,0.1071,0.1258,0.8732
82,105,2018-10-18 00:00:00,24,0.1309,0.1652,-0.0722,0.1544,0.1968,-1.0138,0.1074,0.1261,0.8694
83,106,2018-10-18 01:00:00,24,0.1358,0.1693,-0.053,0.1561,0.1972,-0.9597,0.1156,0.1357,0.8537
84,107,2018-10-18 02:00:00,24,0.1349,0.1682,0.0388,0.1573,0.1974,-0.7921,0.1126,0.1327,0.8698
85,108,2018-10-18 03:00:00,24,0.1412,0.1733,-0.0419,0.1679,0.2056,-0.9576,0.1145,0.1333,0.8739
86,109,2018-10-18 04:00:00,24,0.1461,0.1764,-0.0244,0.1773,0.2107,-0.9189,0.115,0.1336,0.8702
87,110,2018-10-18 05:00:00,24,0.1417,0.1747,0.066,0.1736,0.2096,-0.7287,0.1099,0.1309,0.8606
88,111,2018-10-18 06:00:00,24,0.1414,0.1746,0.1106,0.174,0.2098,-0.6045,0.1088,0.1302,0.8257
89,112,2018-10-18 07:00:00,24,0.1423,0.175,0.137,0.1746,0.2099,-0.4957,0.1099,0.1311,0.7698
90,113,2018-10-18 08:00:00,24,0.145,0.1807,0.3306,0.1815,0.2203,-0.0703,0.1086,0.1296,0.7316
91,114,2018-10-18 09:00:00,24,0.1434,0.1776,0.4162,0.1852,0.2222,0.0412,0.1015,0.1169,0.7911
92,115,2018-10-18 10:00:00,24,0.1449,0.1793,0.5121,0.1892,0.2255,0.2087,0.1007,0.1161,0.8155
93,116,2018-10-18 11:00:00,24,0.1488,0.1875,0.4752,0.1994,0.2399,0.1148,0.0982,0.1128,0.8357
94,117,2018-10-18 12:00:00,24,0.1481,0.1862,0.4775,0.1905,0.2319,0.1627,0.1056,0.1249,0.7923
95,118,2018-10-18 13:00:00,24,0.1485,0.1868,0.4525,0.1852,0.2285,0.1542,0.1117,0.1326,0.7507
96,119,2018-10-18 14:00:00,24,0.1496,0.1869,0.4514,0.1836,0.2275,0.1634,0.1156,0.1345,0.7393
97,120,2018-10-18 15:00:00,24,0.1576,0.1992,0.4903,0.1996,0.2475,0.2304,0.1156,0.1345,0.7502
98,121,2018-10-18 16:00:00,24,0.1639,0.2139,0.4301,0.2139,0.2713,0.0788,0.1138,0.1337,0.7813
99,122,2018-10-18 17:00:00,24,0.1724,0.2258,0.3622,0.226,0.2886,-0.089,0.1188,0.1368,0.8135
100,123,2018-10-18 18:00:00,24,0.1744,0.2266,0.3881,0.2297,0.2898,-0.081,0.119,0.1369,0.8571
101,124,2018-10-18 19:00:00,24,0.1733,0.2263,0.4062,0.2277,0.2893,-0.0734,0.119,0.1369,0.8858
102,125,2018-10-18 20:00:00,24,0.1735,0.2258,0.4152,0.2308,0.2899,-0.0841,0.1162,0.1337,0.9145
103,126,2018-10-18 21:00:00,24,0.1741,0.226,0.4157,0.2308,0.2899,-0.1005,0.1174,0.1346,0.932
104,127,2018-10-18 22:00:00,24,0.1704,0.2242,0.4041,0.2306,0.2898,-0.1413,0.1101,0.1285,0.9495
105,128,2018-10-18 23:00:00,24,0.1616,0.2152,0.477,0.2142,0.2761,-0.0042,0.1089,0.1278,0.9582
106,129,2018-10-19 00:00:00,24,0.1649,0.2196,0.4476,0.2172,0.2812,-0.0676,0.1126,0.1319,0.9627
107,130,2018-10-19 01:00:00,24,0.1619,0.2171,0.4244,0.2173,0.2812,-0.1218,0.1065,0.1233,0.9706
108,131,2018-10-19 02:00:00,24,0.1659,0.2198,0.3353,0.2257,0.2855,-0.3026,0.1061,0.123,0.9732
109,132,2018-10-19 03:00:00,24,0.1642,0.2189,0.3436,0.2246,0.2844,-0.2879,0.1039,0.1224,0.975
110,133,2018-10-19 04:00:00,24,0.1631,0.2177,0.4088,0.2197,0.2815,-0.1569,0.1065,0.1248,0.9746
111,134,2018-10-19 05:00:00,24,0.1683,0.2204,0.4083,0.2285,0.2854,-0.1577,0.1081,0.1251,0.9744
112,135,2018-10-19 06:00:00,24,0.1684,0.2205,0.4136,0.2291,0.2857,-0.147,0.1077,0.125,0.9742
113,136,2018-10-19 07:00:00,24,0.1713,0.2223,0.4086,0.2303,0.2859,-0.1532,0.1124,0.1309,0.9704
114,137,2018-10-19 08:00:00,24,0.1699,0.2221,0.3641,0.2306,0.2864,-0.2406,0.1093,0.1289,0.9688
115,138,2018-10-19 09:00:00,24,0.1698,0.222,0.3572,0.2297,0.2859,-0.249,0.1098,0.1296,0.9633
116,139,2018-10-19 10:00:00,24,0.1671,0.2201,0.2864,0.2227,0.2823,-0.3798,0.1115,0.1311,0.9526
117,140,2018-10-19 11:00:00,24,0.1602,0.212,0.333,0.2132,0.2708,-0.2742,0.1071,0.1288,0.9402
118,141,2018-10-19 12:00:00,24,0.1618,0.2164,0.3229,0.2264,0.2833,-0.2921,0.0971,0.1155,0.9379
119,142,2018-10-19 13:00:00,24,0.1686,0.2236,0.2802,0.234,0.2879,-0.3389,0.1032,0.1308,0.8994
120,143,2018-10-19 14:00:00,24,0.1762,0.2311,0.3003,0.2436,0.2962,-0.2579,0.1088,0.1383,0.8586
121,144,2018-10-19 15:00:00,24,0.1772,0.2315,0.3452,0.2432,0.2954,-0.1427,0.1113,0.1409,0.8331
122,145,2018-10-19 16:00:00,24,0.1689,0.2165,0.5185,0.2197,0.2688,0.2214,0.118,0.1467,0.8155
123,146,2018-10-19 17:00:00,24,0.1595,0.2022,0.6442,0.2005,0.2452,0.4417,0.1185,0.1471,0.8466
124,147,2018-10-19 18:00:00,24,0.1585,0.2016,0.6872,0.1977,0.2439,0.4941,0.1193,0.1477,0.8803
125,148,2018-10-19 19:00:00,24,0.158,0.2015,0.7111,0.1961,0.2437,0.5174,0.12,0.1478,0.9047
126,149,2018-10-19 20:00:00,24,0.1564,0.2009,0.7226,0.1935,0.2429,0.5245,0.1193,0.1473,0.9207
127,150,2018-10-19 21:00:00,24,0.1518,0.1984,0.7393,0.1889,0.24,0.5439,0.1148,0.1455,0.9347
128,151,2018-10-19 22:00:00,24,0.1533,0.1991,0.7516,0.1853,0.2382,0.5608,0.1214,0.1501,0.9424
129,152,2018-10-19 23:00:00,24,0.1552,0.2,0.7613,0.1897,0.2399,0.5719,0.1208,0.1499,0.9508
130,153,2018-10-20 00:00:00,24,0.1453,0.1856,0.7979,0.1719,0.2172,0.6387,0.1187,0.1475,0.957
131,154,2018-10-20 01:00:00,24,0.1427,0.1848,0.7911,0.1704,0.2168,0.6211,0.115,0.146,0.9611
132,155,2018-10-20 02:00:00,24,0.1375,0.1813,0.8037,0.1634,0.2116,0.6429,0.1116,0.1449,0.9644
133,156,2018-10-20 03:00:00,24,0.1333,0.1776,0.821,0.154,0.205,0.6758,0.1126,0.145,0.9662
134,157,2018-10-20 04:00:00,24,0.1283,0.1757,0.8301,0.1496,0.2038,0.6916,0.107,0.142,0.9686
135,158,2018-10-20 05:00:00,24,0.1251,0.1728,0.8396,0.1415,0.1984,0.7105,0.1086,0.1428,0.9688
136,159,2018-10-20 06:00:00,24,0.1238,0.1722,0.8394,0.1395,0.1975,0.7101,0.1081,0.1426,0.9688
137,160,2018-10-20 07:00:00,24,0.1199,0.1694,0.8349,0.1374,0.197,0.6997,0.1024,0.1365,0.9701
138,161,2018-10-20 08:00:00,24,0.1244,0.1728,0.7909,0.1361,0.1942,0.62,0.1126,0.1484,0.9618
139,162,2018-10-20 09:00:00,24,0.13,0.1815,0.7273,0.1366,0.1946,0.5086,0.1233,0.1674,0.9461
140,163,2018-10-20 10:00:00,24,0.1305,0.1816,0.5833,0.1386,0.1955,0.2286,0.1223,0.1666,0.938
141,164,2018-10-20 11:00:00,24,0.1337,0.1839,0.4574,0.1344,0.1918,-0.0058,0.1331,0.1758,0.9207
142,165,2018-10-20 12:00:00,24,0.1336,0.1807,0.4682,0.1304,0.1838,0.0265,0.1369,0.1776,0.91
143,166,2018-10-20 13:00:00,24,0.1253,0.1708,0.3292,0.1284,0.1812,-0.2662,0.1222,0.1596,0.9246
144,167,2018-10-20 14:00:00,24,0.1198,0.1627,0.4583,0.1227,0.1715,-0.013,0.117,0.1535,0.9297
145,168,2018-10-20 15:00:00,24,0.1137,0.1507,0.6343,0.1138,0.151,0.3363,0.1135,0.1504,0.9324
146,169,2018-10-20 16:00:00,24,0.1113,0.1483,0.6578,0.115,0.1514,0.3784,0.1077,0.1451,0.9372
147,170,2018-10-20 17:00:00,24,0.1111,0.1479,0.6814,0.1165,0.1524,0.4237,0.1056,0.1433,0.9391
148,171,2018-10-20 18:00:00,24,0.1149,0.1524,0.7006,0.1248,0.1614,0.4621,0.1051,0.1429,0.9392
149,172,2018-10-20 19:00:00,24,0.1163,0.1531,0.7233,0.1285,0.1628,0.5078,0.104,0.1427,0.9388
150,173,2018-10-20 20:00:00,24,0.1209,0.1569,0.7328,0.1332,0.1655,0.5305,0.1086,0.1478,0.935
151,174,2018-10-20 21:00:00,24,0.123,0.1577,0.7419,0.1341,0.1661,0.5477,0.1118,0.1488,0.936
152,175,2018-10-20 22:00:00,24,0.1219,0.1565,0.752,0.1348,0.1664,0.5661,0.109,0.146,0.9378
153,176,2018-10-20 23:00:00,24,0.121,0.156,0.7685,0.1299,0.1639,0.6001,0.112,0.1476,0.9369
154,177,2018-10-21 00:00:00,24,0.1185,0.1549,0.7805,0.1304,0.1642,0.6195,0.1066,0.1449,0.9414
155,178,2018-10-21 01:00:00,24,0.1207,0.1558,0.7882,0.1307,0.1643,0.635,0.1108,0.1468,0.9413
156,179,2018-10-21 02:00:00,24,0.123,0.157,0.793,0.1294,0.1638,0.6465,0.1166,0.1498,0.9396
157,180,2018-10-21 03:00:00,24,0.1276,0.1599,0.7943,0.1316,0.1645,0.6535,0.1235,0.1552,0.9352
158,181,2018-10-21 04:00:00,24,0.1293,0.1603,0.7949,0.1328,0.1647,0.6554,0.1257,0.1557,0.9344
159,182,2018-10-21 05:00:00,24,0.132,0.1622,0.7895,0.1344,0.1652,0.6483,0.1297,0.1591,0.9306
160,183,2018-10-21 06:00:00,24,0.1306,0.1618,0.788,0.1321,0.1646,0.6461,0.129,0.159,0.9299
161,184,2018-10-21 07:00:00,24,0.1314,0.162,0.7822,0.1338,0.1651,0.6354,0.129,0.159,0.9291
162,185,2018-10-21 08:00:00,24,0.1247,0.151,0.7872,0.1231,0.1475,0.6411,0.1263,0.1545,0.9334
163,186,2018-10-21 09:00:00,24,0.1224,0.1455,0.7106,0.1293,0.1566,0.4725,0.1154,0.1335,0.9487
164,187,2018-10-21 10:00:00,24,0.128,0.1535,0.6771,0.1313,0.1583,0.4213,0.1247,0.1486,0.9329
165,188,2018-10-21 11:00:00,24,0.1318,0.1593,0.6515,0.1356,0.163,0.3858,0.128,0.1555,0.9171
166,189,2018-10-21 12:00:00,24,0.1366,0.1672,0.7537,0.133,0.1582,0.6292,0.1402,0.1759,0.8782
167,190,2018-10-21 13:00:00,24,0.1424,0.1738,0.8018,0.1314,0.1562,0.7503,0.1534,0.1897,0.8534
168,191,2018-10-21 14:00:00,24,0.1471,0.1807,0.838,0.1295,0.1536,0.8217,0.1647,0.2043,0.8544
169,192,2018-10-21 15:00:00,24,0.1522,0.1924,0.8183,0.1405,0.1801,0.7568,0.1638,0.2039,0.8799
170,193,2018-10-21 16:00:00,24,0.1525,0.1925,0.8243,0.1416,0.1805,0.7499,0.1634,0.2038,0.8987
171,194,2018-10-21 17:00:00,24,0.1514,0.192,0.828,0.1412,0.1803,0.7426,0.1616,0.2031,0.9134
172,195,2018-10-21 18:00:00,24,0.1662,0.2261,0.7885,0.1651,0.243,0.6516,0.1674,0.2078,0.9254
173,196,2018-10-21 19:00:00,24,0.1734,0.2324,0.7963,0.1764,0.2541,0.6578,0.1704,0.2085,0.9347
174,197,2018-10-21 20:00:00,24,0.1759,0.2347,0.7983,0.1822,0.259,0.6556,0.1696,0.2076,0.9409
175,198,2018-10-21 21:00:00,24,0.1763,0.2351,0.8061,0.1799,0.2582,0.6692,0.1726,0.2094,0.9431
176,199,2018-10-21 22:00:00,24,0.1847,0.248,0.8075,0.1997,0.2822,0.6688,0.1698,0.2083,0.9462
177,200,2018-10-21 23:00:00,24,0.1915,0.2527,0.808,0.2121,0.2899,0.6676,0.1708,0.2089,0.9485
178,201,2018-10-22 00:00:00,24,0.1935,0.2536,0.8153,0.2091,0.2893,0.6808,0.178,0.212,0.9499
179,202,2018-10-22 01:00:00,24,0.1915,0.2531,0.8206,0.2084,0.2892,0.6893,0.1747,0.2108,0.952
180,203,2018-10-22 02:00:00,24,0.1944,0.2546,0.8231,0.2112,0.29,0.6942,0.1776,0.2133,0.9521
181,204,2018-10-22 03:00:00,24,0.1975,0.2573,0.8257,0.221,0.2967,0.6978,0.174,0.2106,0.9536
182,205,2018-10-22 04:00:00,24,0.2027,0.2595,0.8328,0.2277,0.2992,0.713,0.1777,0.2126,0.9526
183,206,2018-10-22 05:00:00,24,0.1994,0.2583,0.839,0.2279,0.2993,0.7263,0.1708,0.2093,0.9516
184,207,2018-10-22 06:00:00,24,0.2013,0.2586,0.8406,0.2289,0.2994,0.7339,0.1737,0.2102,0.9474
185,208,2018-10-22 07:00:00,24,0.2056,0.2607,0.8385,0.2339,0.3015,0.7382,0.1772,0.2122,0.9389
186,209,2018-10-22 08:00:00,24,0.2107,0.2661,0.8293,0.2456,0.3117,0.7383,0.1757,0.2108,0.9203
187,210,2018-10-22 09:00:00,24,0.206,0.2635,0.8179,0.2338,0.3058,0.7555,0.1783,0.213,0.8803
188,211,2018-10-22 10:00:00,24,0.1976,0.2581,0.7928,0.228,0.3041,0.7556,0.1672,0.2019,0.83
189,212,2018-10-22 11:00:00,24,0.1895,0.2516,0.7398,0.223,0.3013,0.739,0.156,0.1893,0.7406
190,213,2018-10-22 12:00:00,24,0.1814,0.243,0.6657,0.2185,0.2982,0.6907,0.1443,0.1708,0.6406
191,214,2018-10-22 13:00:00,24,0.176,0.2383,0.5493,0.2139,0.2963,0.5784,0.1381,0.1606,0.5201
192,215,2018-10-22 14:00:00,24,0.1714,0.2341,0.4084,0.2186,0.3,0.2237,0.1241,0.1399,0.5931
193,216,2018-10-22 15:00:00,24,0.1722,0.2325,0.3639,0.2161,0.2959,0.1327,0.1283,0.1435,0.5951
194,217,2018-10-22 16:00:00,24,0.174,0.2332,0.2751,0.2179,0.2966,-0.0998,0.13,0.1444,0.6501
195,218,2018-10-22 17:00:00,24,0.1785,0.2389,0.2978,0.229,0.3056,-0.1242,0.1281,0.1439,0.7198
196,219,2018-10-22 18:00:00,24,0.1635,0.2072,0.5585,0.2058,0.2593,0.3268,0.1212,0.1364,0.7902
197,220,2018-10-22 19:00:00,24,0.1632,0.2051,0.5948,0.1965,0.2495,0.4204,0.1299,0.148,0.7693
198,221,2018-10-22 20:00:00,24,0.1573,0.1999,0.626,0.1888,0.2434,0.4604,0.1259,0.1439,0.7917
199,222,2018-10-22 21:00:00,24,0.1551,0.1989,0.6426,0.1896,0.2437,0.4804,0.1206,0.1404,0.8048
200,223,2018-10-22 22:00:00,24,0.1436,0.1815,0.6906,0.1686,0.215,0.5726,0.1187,0.1401,0.8086
201,224,2018-10-22 23:00:00,24,0.1397,0.1764,0.7148,0.1602,0.206,0.6102,0.1191,0.1406,0.8194
202,225,2018-10-23 00:00:00,24,0.1409,0.1764,0.7287,0.1645,0.2075,0.6162,0.1172,0.1385,0.8412
203,226,2018-10-23 01:00:00,24,0.1474,0.1842,0.7097,0.1789,0.2208,0.5657,0.116,0.1383,0.8537
204,227,2018-10-23 02:00:00,24,0.1463,0.1847,0.709,0.1748,0.2196,0.5701,0.1178,0.1414,0.8478
205,228,2018-10-23 03:00:00,24,0.1435,0.1828,0.7102,0.1622,0.2098,0.5932,0.1249,0.151,0.8272
206,229,2018-10-23 04:00:00,24,0.1424,0.1827,0.7001,0.1564,0.2064,0.5749,0.1283,0.1553,0.8254
207,230,2018-10-23 05:00:00,24,0.1515,0.1908,0.6808,0.1614,0.2098,0.5358,0.1417,0.1697,0.8258
208,231,2018-10-23 06:00:00,24,0.1561,0.1956,0.6847,0.1614,0.2098,0.5196,0.1507,0.1802,0.8499
209,232,2018-10-23 07:00:00,24,0.1552,0.1953,0.6968,0.1572,0.2071,0.5084,0.1532,0.1829,0.8853
210,233,2018-10-23 08:00:00,24,0.1515,0.1892,0.6973,0.1492,0.1947,0.4806,0.1538,0.1836,0.914
211,234,2018-10-23 09:00:00,24,0.1517,0.1883,0.6475,0.1544,0.1967,0.3596,0.149,0.1795,0.9354
212,235,2018-10-23 10:00:00,24,0.1581,0.1924,0.5675,0.1632,0.2022,0.1922,0.1529,0.1821,0.9429
213,236,2018-10-23 11:00:00,24,0.1668,0.2013,0.5453,0.1719,0.2111,0.1485,0.1617,0.1909,0.9421
214,237,2018-10-23 12:00:00,24,0.1676,0.2024,0.5173,0.1753,0.2142,0.0886,0.1599,0.1898,0.9461
215,238,2018-10-23 13:00:00,24,0.169,0.203,0.514,0.1802,0.2171,0.0777,0.1578,0.1878,0.9503
216,239,2018-10-23 14:00:00,24,0.1652,0.1991,0.5466,0.1704,0.2089,0.1409,0.16,0.1888,0.9523
217,240,2018-10-23 15:00:00,24,0.1632,0.197,0.5945,0.1695,0.2069,0.2342,0.1568,0.1865,0.9548
218,241,2018-10-23 16:00:00,24,0.163,0.1977,0.6739,0.1647,0.2051,0.3942,0.1613,0.1901,0.9537
219,242,2018-10-23 17:00:00,24,0.1597,0.1917,0.737,0.1522,0.1906,0.522,0.1673,0.1927,0.952
220,243,2018-10-23 18:00:00,24,0.1613,0.192,0.7193,0.1495,0.187,0.4896,0.1731,0.1969,0.949
221,244,2018-10-23 19:00:00,24,0.16,0.1903,0.744,0.1493,0.1869,0.5369,0.1707,0.1937,0.9511
222,245,2018-10-23 20:00:00,24,0.1624,0.1922,0.7768,0.1494,0.1869,0.6034,0.1753,0.1973,0.9501
223,246,2018-10-23 21:00:00,24,0.163,0.1928,0.7826,0.1517,0.1884,0.6153,0.1742,0.1972,0.9499
224,247,2018-10-23 22:00:00,24,0.1656,0.1936,0.782,0.1536,0.1891,0.6165,0.1777,0.1979,0.9476
225,248,2018-10-23 23:00:00,24,0.1638,0.1925,0.7861,0.1512,0.1879,0.6287,0.1763,0.1969,0.9435
226,249,2018-10-24 00:00:00,24,0.1638,0.1927,0.7743,0.1502,0.1873,0.6148,0.1775,0.1978,0.9339
227,250,2018-10-24 01:00:00,24,0.1632,0.1889,0.8022,0.1394,0.1729,0.6899,0.187,0.2036,0.9145
228,251,2018-10-24 02:00:00,24,0.1656,0.1907,0.7982,0.1421,0.1736,0.698,0.189,0.2064,0.8983
229,252,2018-10-24 03:00:00,24,0.164,0.1887,0.8009,0.142,0.1736,0.7084,0.186,0.2027,0.8935
230,253,2018-10-24 04:00:00,24,0.1673,0.1914,0.8046,0.1466,0.1766,0.7142,0.1879,0.2051,0.8949
231,254,2018-10-24 05:00:00,24,0.1609,0.1851,0.8262,0.1397,0.1718,0.7362,0.1822,0.1976,0.9162
232,255,2018-10-24 06:00:00,24,0.1583,0.181,0.8375,0.1436,0.1737,0.7387,0.173,0.1879,0.9363
233,256,2018-10-24 07:00:00,24,0.154,0.1779,0.848,0.1422,0.1731,0.7471,0.1658,0.1826,0.949
234,257,2018-10-24 08:00:00,24,0.1499,0.1743,0.8647,0.1392,0.17,0.7726,0.1606,0.1785,0.9569
235,258,2018-10-24 09:00:00,24,0.1496,0.175,0.8632,0.1417,0.1724,0.765,0.1574,0.1775,0.9615
236,259,2018-10-24 10:00:00,24,0.1454,0.1712,0.862,0.1363,0.1671,0.7593,0.1545,0.1753,0.9646
237,260,2018-10-24 11:00:00,24,0.1433,0.1718,0.787,0.1413,0.178,0.6056,0.1453,0.1654,0.9683
238,261,2018-10-24 12:00:00,24,0.1475,0.1773,0.7227,0.146,0.1854,0.4805,0.1491,0.1687,0.965
239,262,2018-10-24 13:00:00,24,0.1527,0.1857,0.6384,0.1559,0.2011,0.3151,0.1494,0.169,0.9616
240,263,2018-10-24 14:00:00,24,0.1521,0.1854,0.6292,0.156,0.2011,0.3009,0.1483,0.1683,0.9575
241,264,2018-10-24 15:00:00,24,0.1454,0.1752,0.7533,0.145,0.1828,0.5547,0.1457,0.1673,0.9519
242,265,2018-10-24 16:00:00,24,0.1461,0.1749,0.7666,0.148,0.1836,0.5876,0.1443,0.1657,0.9455
243,266,2018-10-24 17:00:00,24,0.1453,0.1743,0.7679,0.1474,0.1834,0.5971,0.1431,0.1647,0.9386
244,267,2018-10-24 18:00:00,24,0.1401,0.17,0.7805,0.1401,0.178,0.6249,0.1401,0.1615,0.9361
245,268,2018-10-24 19:00:00,24,0.1326,0.165,0.7866,0.1341,0.1753,0.6336,0.1312,0.1541,0.9397
246,269,2018-10-24 20:00:00,24,0.1312,0.1648,0.781,0.1307,0.174,0.6241,0.1318,0.155,0.9379
247,270,2018-10-24 21:00:00,24,0.1298,0.1638,0.7841,0.125,0.1716,0.6312,0.1346,0.1557,0.9371
248,271,2018-10-24 22:00:00,24,0.1295,0.1645,0.7794,0.1277,0.1737,0.6205,0.1313,0.1548,0.9384
249,272,2018-10-24 23:00:00,24,0.1263,0.1633,0.7822,0.1255,0.1731,0.6232,0.1271,0.1529,0.9412
250,273,2018-10-25 00:00:00,24,0.1239,0.162,0.7878,0.1223,0.172,0.6297,0.1254,0.1513,0.9459
251,274,2018-10-25 01:00:00,24,0.1244,0.1634,0.773,0.1297,0.1803,0.5926,0.1191,0.1445,0.9534
252,275,2018-10-25 02:00:00,24,0.1206,0.1586,0.7825,0.1283,0.1798,0.6033,0.1128,0.134,0.9617
253,276,2018-10-25 03:00:00,24,0.1211,0.159,0.7859,0.1287,0.1799,0.6102,0.1135,0.135,0.9615
254,277,2018-10-25 04:00:00,24,0.1168,0.1553,0.7924,0.1225,0.1767,0.6216,0.1111,0.1304,0.9633
255,278,2018-10-25 05:00:00,24,0.117,0.1546,0.7971,0.1267,0.1788,0.6307,0.1072,0.1259,0.9635
256,279,2018-10-25 06:00:00,24,0.1169,0.1547,0.801,0.1242,0.1774,0.6434,0.1095,0.128,0.9585
257,280,2018-10-25 07:00:00,24,0.1265,0.1677,0.7924,0.1274,0.1789,0.6505,0.1256,0.1558,0.9343
258,281,2018-10-25 08:00:00,24,0.1247,0.167,0.789,0.1218,0.1764,0.645,0.1276,0.157,0.9329
259,282,2018-10-25 09:00:00,24,0.1234,0.1656,0.7916,0.1188,0.1737,0.65,0.1281,0.1571,0.9333
260,283,2018-10-25 10:00:00,24,0.1231,0.1659,0.787,0.1209,0.1752,0.6372,0.1254,0.156,0.9369
261,284,2018-10-25 11:00:00,24,0.1183,0.1571,0.8215,0.1127,0.1587,0.7023,0.1239,0.1555,0.9407
262,285,2018-10-25 12:00:00,24,0.1125,0.149,0.8417,0.1056,0.1465,0.7364,0.1195,0.1515,0.9469
263,286,2018-10-25 13:00:00,24,0.1048,0.1366,0.8624,0.0957,0.1242,0.7729,0.1139,0.148,0.952
264,287,2018-10-25 14:00:00,24,0.1081,0.1393,0.8438,0.1001,0.1283,0.7337,0.1161,0.1496,0.9538
265,288,2018-10-25 15:00:00,24,0.1076,0.1385,0.8121,0.0986,0.1264,0.6682,0.1166,0.1497,0.956
266,289,2018-10-25 16:00:00,24,0.1086,0.1398,0.7545,0.1036,0.1322,0.5504,0.1136,0.147,0.9586
267,290,2018-10-25 17:00:00,24,0.1092,0.1408,0.7273,0.1027,0.1318,0.4978,0.1157,0.1492,0.9568
268,291,2018-10-25 18:00:00,24,0.1063,0.1393,0.6982,0.1025,0.1317,0.4398,0.11,0.1465,0.9566
269,292,2018-10-25 19:00:00,24,0.1118,0.1435,0.6456,0.1118,0.1399,0.3379,0.1118,0.147,0.9533
270,293,2018-10-25 20:00:00,24,0.1113,0.1433,0.6358,0.1111,0.1398,0.3201,0.1116,0.1466,0.9516
271,294,2018-10-25 21:00:00,24,0.1116,0.1433,0.6358,0.1138,0.1406,0.3236,0.1094,0.1459,0.9481
272,295,2018-10-25 22:00:00,24,0.1086,0.1412,0.624,0.1071,0.1364,0.3061,0.1101,0.1459,0.942
273,296,2018-10-25 23:00:00,24,0.1129,0.1436,0.5712,0.1094,0.1371,0.2134,0.1163,0.1499,0.929
274,297,2018-10-26 00:00:00,24,0.1149,0.146,0.4776,0.1095,0.1371,0.0484,0.1204,0.1543,0.9069
275,298,2018-10-26 01:00:00,24,0.1138,0.1467,0.5079,0.1107,0.1398,0.134,0.1169,0.1533,0.8818
276,299,2018-10-26 02:00:00,24,0.1144,0.1479,0.5293,0.1098,0.1396,0.2208,0.1189,0.1558,0.8378
277,300,2018-10-26 03:00:00,24,0.1162,0.15,0.5102,0.1111,0.14,0.2446,0.1212,0.1595,0.7757
278,301,2018-10-26 04:00:00,24,0.1162,0.1486,0.5085,0.1149,0.1416,0.2754,0.1175,0.1552,0.7415
279,302,2018-10-26 05:00:00,24,0.1175,0.1499,0.511,0.1144,0.1412,0.3136,0.1206,0.1582,0.7084
280,303,2018-10-26 06:00:00,24,0.1186,0.152,0.5379,0.1128,0.1406,0.3491,0.1244,0.1627,0.7267
281,304,2018-10-26 07:00:00,24,0.1162,0.1463,0.6105,0.1124,0.1403,0.3859,0.1201,0.1521,0.835
282,305,2018-10-26 08:00:00,24,0.1197,0.1485,0.6229,0.1175,0.1429,0.3666,0.1219,0.1539,0.8792
283,306,2018-10-26 09:00:00,24,0.1188,0.1478,0.6358,0.1157,0.1416,0.3655,0.1219,0.1539,0.9061
284,307,2018-10-26 10:00:00,24,0.1152,0.1461,0.6592,0.1095,0.1381,0.3961,0.1209,0.1537,0.9223
285,308,2018-10-26 11:00:00,24,0.1224,0.1561,0.6445,0.1157,0.1513,0.366,0.1291,0.1608,0.923
286,309,2018-10-26 12:00:00,24,0.1261,0.1601,0.6973,0.1163,0.152,0.475,0.136,0.1678,0.9196
287,310,2018-10-26 13:00:00,24,0.1327,0.1672,0.7694,0.1173,0.1533,0.6311,0.1482,0.18,0.9077
288,311,2018-10-26 14:00:00,24,0.134,0.1701,0.7983,0.1126,0.1498,0.6978,0.1553,0.1883,0.8989
289,312,2018-10-26 15:00:00,24,0.1367,0.1722,0.8197,0.1152,0.1529,0.7409,0.1582,0.1895,0.8986
290,313,2018-10-26 16:00:00,24,0.1528,0.2026,0.7285,0.1327,0.1954,0.5733,0.1728,0.2095,0.8837
291,314,2018-10-26 17:00:00,24,0.1583,0.2116,0.6964,0.1502,0.2167,0.4991,0.1665,0.2064,0.8937
292,315,2018-10-26 18:00:00,24,0.1603,0.2124,0.7064,0.1538,0.2181,0.5119,0.1668,0.2064,0.9009
293,316,2018-10-26 19:00:00,24,0.1565,0.21,0.7273,0.1446,0.213,0.5491,0.1684,0.2071,0.9054
294,317,2018-10-26 20:00:00,24,0.1554,0.2085,0.7316,0.1474,0.2135,0.5498,0.1634,0.2033,0.9133
295,318,2018-10-26 21:00:00,24,0.1552,0.2084,0.735,0.1461,0.2132,0.5527,0.1643,0.2034,0.9173
296,319,2018-10-26 22:00:00,24,0.1566,0.2086,0.737,0.1487,0.2137,0.5531,0.1644,0.2035,0.9209
297,320,2018-10-26 23:00:00,24,0.1547,0.2078,0.7413,0.1467,0.2132,0.5566,0.1628,0.2023,0.926
298,321,2018-10-27 00:00:00,24,0.1528,0.206,0.7445,0.1477,0.2134,0.5565,0.1579,0.1984,0.9325
299,322,2018-10-27 01:00:00,24,0.155,0.2062,0.7357,0.1469,0.2122,0.5382,0.1631,0.2001,0.9331
300,323,2018-10-27 02:00:00,24,0.1605,0.214,0.7196,0.1479,0.2123,0.5167,0.173,0.2157,0.9224
301,324,2018-10-27 03:00:00,24,0.1585,0.2114,0.7082,0.1502,0.2132,0.4895,0.1668,0.2096,0.927
302,325,2018-10-27 04:00:00,24,0.1573,0.2116,0.691,0.1458,0.2121,0.4562,0.1688,0.2111,0.9259
303,326,2018-10-27 05:00:00,24,0.1529,0.2094,0.6674,0.1431,0.2109,0.4075,0.1626,0.2079,0.9274
304,327,2018-10-27 06:00:00,24,0.1539,0.209,0.6262,0.1487,0.2135,0.3251,0.159,0.2045,0.9274
305,328,2018-10-27 07:00:00,24,0.1471,0.2031,0.5721,0.1468,0.2126,0.2152,0.1473,0.1931,0.9289
306,329,2018-10-27 08:00:00,24,0.1541,0.2112,0.5503,0.1563,0.2234,0.1869,0.1518,0.1982,0.9138
307,330,2018-10-27 09:00:00,24,0.1576,0.2132,0.5574,0.156,0.2233,0.2196,0.1592,0.2026,0.8951
308,331,2018-10-27 10:00:00,24,0.1646,0.2166,0.5133,0.1655,0.2284,0.1515,0.1638,0.2041,0.8751
309,332,2018-10-27 11:00:00,24,0.1558,0.2076,0.5517,0.1551,0.2162,0.2324,0.1565,0.1988,0.871
310,333,2018-10-27 12:00:00,24,0.1556,0.211,0.5465,0.1641,0.2281,0.2148,0.1471,0.1923,0.8781
311,334,2018-10-27 13:00:00,24,0.1518,0.2071,0.5909,0.1654,0.2294,0.2884,0.1382,0.1821,0.8934
312,335,2018-10-27 14:00:00,24,0.1505,0.2047,0.5939,0.1704,0.232,0.2807,0.1306,0.1731,0.9072
313,336,2018-10-27 15:00:00,24,0.1505,0.2045,0.5487,0.1685,0.2305,0.1869,0.1326,0.1748,0.9106
314,337,2018-10-27 16:00:00,24,0.1323,0.1726,0.6818,0.1453,0.1916,0.4289,0.1192,0.1511,0.9347
315,338,2018-10-27 17:00:00,24,0.128,0.1618,0.7401,0.1308,0.1684,0.5479,0.1252,0.155,0.9323
316,339,2018-10-27 18:00:00,24,0.1307,0.1631,0.7293,0.1309,0.1685,0.5289,0.1305,0.1576,0.9297
317,340,2018-10-27 19:00:00,24,0.1372,0.1713,0.6895,0.1461,0.185,0.4508,0.1283,0.1565,0.9283
318,341,2018-10-27 20:00:00,24,0.1413,0.1756,0.686,0.1466,0.1852,0.4576,0.1359,0.1655,0.9144
319,342,2018-10-27 21:00:00,24,0.1556,0.1932,0.647,0.157,0.1943,0.4165,0.1542,0.1922,0.8775
320,343,2018-10-27 22:00:00,24,0.1617,0.1981,0.6413,0.1578,0.1946,0.4192,0.1656,0.2015,0.8634
321,344,2018-10-27 23:00:00,24,0.1623,0.1985,0.6391,0.1579,0.1946,0.4203,0.1667,0.2023,0.8578
322,345,2018-10-28 00:00:00,24,0.1631,0.1988,0.6326,0.1604,0.1956,0.4138,0.1659,0.2019,0.8513
323,346,2018-10-28 01:00:00,24,0.1557,0.1934,0.6497,0.1486,0.186,0.4492,0.1627,0.2005,0.8502
324,347,2018-10-28 02:00:00,24,0.1472,0.1825,0.6517,0.1473,0.1857,0.4121,0.1471,0.1793,0.8913
325,348,2018-10-28 03:00:00,24,0.1451,0.1814,0.6536,0.1463,0.1852,0.4044,0.1439,0.1776,0.9029
326,349,2018-10-28 04:00:00,24,0.1424,0.1797,0.6553,0.1466,0.1852,0.3971,0.1382,0.174,0.9134
327,350,2018-10-28 05:00:00,24,0.141,0.1794,0.6571,0.1448,0.1848,0.3956,0.1373,0.1738,0.9187
328,351,2018-10-28 06:00:00,24,0.1401,0.1788,0.6572,0.1452,0.1852,0.3901,0.135,0.1722,0.9243
329,352,2018-10-28 07:00:00,24,0.1423,0.1804,0.6477,0.1499,0.1884,0.3683,0.1347,0.1722,0.9272
330,353,2018-10-28 08:00:00,24,0.132,0.1687,0.6505,0.1368,0.1736,0.3665,0.1271,0.1637,0.9344
331,354,2018-10-28 09:00:00,24,0.1294,0.1669,0.6096,0.1345,0.1729,0.2836,0.1242,0.1606,0.9355
332,355,2018-10-28 10:00:00,24,0.1289,0.1661,0.6231,0.1323,0.1702,0.3151,0.1256,0.1618,0.9311
333,356,2018-10-28 11:00:00,24,0.1277,0.1653,0.6462,0.129,0.1683,0.3671,0.1264,0.1621,0.9254
334,357,2018-10-28 12:00:00,24,0.1239,0.1566,0.7165,0.1163,0.1481,0.5175,0.1314,0.1647,0.9156
335,358,2018-10-28 13:00:00,24,0.1232,0.1553,0.7373,0.1137,0.1443,0.5652,0.1326,0.1656,0.9094
336,359,2018-10-28 14:00:00,24,0.1245,0.1567,0.7456,0.1129,0.1434,0.587,0.1362,0.169,0.9041
337,360,2018-10-28 15:00:00,24,0.1256,0.1609,0.7057,0.1202,0.1559,0.5081,0.1311,0.1658,0.9032
338,361,2018-10-28 16:00:00,24,0.128,0.1627,0.6953,0.1229,0.1578,0.5014,0.1331,0.1676,0.8892
339,362,2018-10-28 17:00:00,24,0.1251,0.1608,0.6979,0.1221,0.1573,0.5254,0.1282,0.1643,0.8704
340,363,2018-10-28 18:00:00,24,0.12,0.1584,0.683,0.1169,0.155,0.5476,0.123,0.1618,0.8184
341,364,2018-10-28 19:00:00,24,0.1124,0.149,0.6674,0.1018,0.1349,0.6463,0.123,0.1618,0.6884
342,365,2018-10-28 20:00:00,24,0.1105,0.146,0.575,0.1015,0.1347,0.6452,0.1194,0.1564,0.5048
343,366,2018-10-28 21:00:00,24,0.0965,0.1221,0.6638,0.0932,0.1224,0.6948,0.0998,0.1218,0.6328
344,367,2018-10-28 22:00:00,24,0.0886,0.1136,0.7063,0.0897,0.1211,0.692,0.0875,0.1057,0.7205
345,368,2018-10-28 23:00:00,24,0.0862,0.1116,0.7167,0.0905,0.1213,0.6853,0.0819,0.1009,0.7481
346,369,2018-10-29 00:00:00,24,0.084,0.1103,0.7222,0.0884,0.1199,0.6903,0.0796,0.0997,0.7541
347,370,2018-10-29 01:00:00,24,0.0852,0.1111,0.7194,0.0922,0.1218,0.6801,0.0782,0.0993,0.7587
348,371,2018-10-29 02:00:00,24,0.0858,0.1117,0.7174,0.096,0.1238,0.6688,0.0757,0.0982,0.766
349,372,2018-10-29 03:00:00,24,0.0874,0.113,0.7057,0.0979,0.1254,0.6528,0.0768,0.0991,0.7586
350,373,2018-10-29 04:00:00,24,0.0918,0.1163,0.6877,0.1048,0.1303,0.626,0.0789,0.1004,0.7494
351,374,2018-10-29 05:00:00,24,0.1003,0.1253,0.6447,0.116,0.1428,0.5613,0.0845,0.105,0.7281
352,375,2018-10-29 06:00:00,24,0.1007,0.1264,0.6429,0.1178,0.1452,0.5571,0.0836,0.1043,0.7287
353,376,2018-10-29 07:00:00,24,0.1004,0.127,0.6541,0.1188,0.1465,0.5649,0.082,0.1038,0.7432
354,377,2018-10-29 08:00:00,24,0.1075,0.1403,0.6357,0.1344,0.1698,0.542,0.0806,0.1028,0.7295
355,378,2018-10-29 09:00:00,24,0.1085,0.1412,0.6838,0.1349,0.1699,0.6049,0.0821,0.105,0.7626
356,379,2018-10-29 10:00:00,24,0.1084,0.1422,0.7419,0.1305,0.1666,0.6659,0.0862,0.1127,0.8179
357,380,2018-10-29 11:00:00,24,0.1145,0.1504,0.7335,0.1424,0.1803,0.5916,0.0865,0.113,0.8755
358,381,2018-10-29 12:00:00,24,0.116,0.1526,0.7031,0.148,0.1855,0.5,0.0839,0.1103,0.9061
359,382,2018-10-29 13:00:00,24,0.1123,0.1504,0.5953,0.1463,0.184,0.2639,0.0784,0.1068,0.9267
360,383,2018-10-29 14:00:00,24,0.1114,0.1503,0.4807,0.1496,0.1876,0.0215,0.0732,0.0998,0.9399
361,384,2018-10-29 15:00:00,24,0.1069,0.1428,0.5296,0.1399,0.1754,0.1197,0.0739,0.1001,0.9395
362,385,2018-10-29 16:00:00,24,0.1035,0.14,0.5507,0.1369,0.1736,0.1548,0.0701,0.0951,0.9466
363,386,2018-10-29 17:00:00,24,0.1067,0.1432,0.5348,0.1421,0.1783,0.1242,0.0713,0.096,0.9455
364,387,2018-10-29 18:00:00,24,0.1098,0.1451,0.5527,0.1422,0.1783,0.1653,0.0775,0.1016,0.9402
365,388,2018-10-29 19:00:00,24,0.1186,0.1548,0.5794,0.1469,0.1801,0.2407,0.0903,0.1245,0.9182
366,389,2018-10-29 20:00:00,24,0.1168,0.153,0.6219,0.147,0.1801,0.3139,0.0867,0.12,0.9299
367,390,2018-10-29 21:00:00,24,0.117,0.1531,0.641,0.1436,0.1791,0.3504,0.0904,0.1217,0.9317
368,391,2018-10-29 22:00:00,24,0.1226,0.1558,0.6419,0.1475,0.1802,0.3576,0.0977,0.1269,0.9262
369,392,2018-10-29 23:00:00,24,0.127,0.1586,0.6393,0.1492,0.1808,0.3634,0.1048,0.1327,0.9151
370,393,2018-10-30 00:00:00,24,0.127,0.1587,0.6177,0.1498,0.1811,0.3254,0.1041,0.1327,0.9099
371,394,2018-10-30 01:00:00,24,0.1248,0.158,0.603,0.1463,0.1798,0.3038,0.1034,0.1326,0.9022
372,395,2018-10-30 02:00:00,24,0.1242,0.1576,0.5814,0.1449,0.1791,0.2684,0.1035,0.1326,0.8944
373,396,2018-10-30 03:00:00,24,0.1212,0.1561,0.5654,0.1412,0.1773,0.2452,0.1012,0.1316,0.8855
374,397,2018-10-30 04:00:00,24,0.1192,0.1555,0.5567,0.134,0.1737,0.2458,0.1044,0.1347,0.8677
375,398,2018-10-30 05:00:00,24,0.1112,0.1484,0.5893,0.1235,0.1637,0.322,0.0988,0.1313,0.8565
376,399,2018-10-30 06:00:00,24,0.1079,0.1455,0.5976,0.1188,0.159,0.3601,0.097,0.1306,0.8352
377,400,2018-10-30 07:00:00,24,0.1044,0.1425,0.6124,0.1118,0.1535,0.4063,0.097,0.1306,0.8184
378,401,2018-10-30 08:00:00,24,0.1044,0.1441,0.6204,0.113,0.1567,0.4485,0.0959,0.1302,0.7922
379,402,2018-10-30 09:00:00,24,0.1096,0.1493,0.6003,0.1205,0.1626,0.4037,0.0988,0.1347,0.797
380,403,2018-10-30 10:00:00,24,0.1048,0.1447,0.6228,0.1182,0.1619,0.3914,0.0913,0.1253,0.8543
381,404,2018-10-30 11:00:00,24,0.1066,0.1517,0.5977,0.1235,0.1748,0.3232,0.0897,0.1244,0.8721
382,405,2018-10-30 12:00:00,24,0.1109,0.1571,0.6161,0.127,0.1801,0.3707,0.0948,0.1301,0.8615
383,406,2018-10-30 13:00:00,24,0.1131,0.1581,0.6382,0.1246,0.1787,0.43,0.1016,0.1344,0.8464
384,407,2018-10-30 14:00:00,24,0.1218,0.1736,0.6495,0.1357,0.2007,0.4861,0.108,0.1416,0.813
385,408,2018-10-30 15:00:00,24,0.1356,0.197,0.513,0.1571,0.2364,0.2653,0.1142,0.1474,0.7606
386,409,2018-10-30 16:00:00,24,0.138,0.1991,0.4594,0.156,0.2361,0.2283,0.12,0.1532,0.6906
387,410,2018-10-30 17:00:00,24,0.1377,0.199,0.4256,0.1496,0.2322,0.2612,0.1259,0.159,0.59
388,411,2018-10-30 18:00:00,24,0.1482,0.21,0.3494,0.167,0.2479,0.1831,0.1294,0.1636,0.5157
389,412,2018-10-30 19:00:00,24,0.1468,0.2072,0.3939,0.1716,0.2512,0.1455,0.122,0.151,0.6424
390,413,2018-10-30 20:00:00,24,0.1472,0.208,0.4186,0.1693,0.2507,0.1298,0.1251,0.1539,0.7074
391,414,2018-10-30 21:00:00,24,0.1548,0.2131,0.4172,0.1786,0.2552,0.1283,0.1309,0.1602,0.7062
392,415,2018-10-30 22:00:00,24,0.1551,0.2144,0.4207,0.1759,0.2545,0.1592,0.1343,0.1647,0.6822
393,416,2018-10-30 23:00:00,24,0.1537,0.2133,0.4122,0.1763,0.2547,0.1583,0.1311,0.1617,0.6661
394,417,2018-10-31 00:00:00,24,0.1545,0.2135,0.4011,0.1741,0.2543,0.1687,0.1348,0.1629,0.6336
395,418,2018-10-31 01:00:00,24,0.1555,0.2136,0.3878,0.1742,0.2543,0.1776,0.1368,0.1632,0.5979
396,419,2018-10-31 02:00:00,24,0.1556,0.2136,0.3676,0.172,0.2539,0.1858,0.1392,0.1638,0.5495
397,420,2018-10-31 03:00:00,24,0.1547,0.2135,0.3472,0.1706,0.2537,0.1889,0.1389,0.1637,0.5054
398,421,2018-10-31 04:00:00,24,0.1543,0.2127,0.3568,0.1745,0.2545,0.1915,0.1342,0.1605,0.5221
399,422,2018-10-31 05:00:00,24,0.157,0.2134,0.3585,0.1766,0.255,0.2013,0.1373,0.1615,0.5157
400,423,2018-10-31 06:00:00,24,0.1565,0.2132,0.3625,0.1752,0.2545,0.2129,0.1378,0.1616,0.5122
401,424,2018-10-31 07:00:00,24,0.1585,0.2137,0.3684,0.1777,0.2552,0.2238,0.1393,0.1619,0.513
402,425,2018-10-31 08:00:00,24,0.1552,0.2076,0.3971,0.1707,0.245,0.2849,0.1396,0.1619,0.5093
403,426,2018-10-31 09:00:00,24,0.1497,0.2033,0.4292,0.1652,0.2416,0.33,0.1342,0.1559,0.5283
404,427,2018-10-31 10:00:00,24,0.1521,0.2041,0.4361,0.1685,0.2424,0.3697,0.1356,0.1567,0.5025
405,428,2018-10-31 11:00:00,24,0.1502,0.1984,0.4452,0.1622,0.2319,0.4029,0.1381,0.158,0.4876
406,429,2018-10-31 12:00:00,24,0.1462,0.1958,0.4052,0.1617,0.2312,0.293,0.1306,0.1525,0.5174
407,430,2018-10-31 13:00:00,24,0.1427,0.1942,0.3602,0.1601,0.2308,0.186,0.1253,0.1489,0.5343
408,431,2018-10-31 14:00:00,24,0.1399,0.1943,0.1093,0.1622,0.2356,-0.2616,0.1176,0.1415,0.4801
409,432,2018-10-31 15:00:00,24,0.1305,0.1741,0.4248,0.1441,0.2021,0.3371,0.117,0.1406,0.5125
410,433,2018-10-31 16:00:00,24,0.1309,0.1742,0.5745,0.1449,0.2023,0.4858,0.1169,0.1405,0.6633
411,434,2018-10-31 17:00:00,24,0.1289,0.172,0.6608,0.1463,0.2029,0.5255,0.1115,0.1343,0.7961
412,435,2018-10-31 18:00:00,24,0.115,0.1567,0.7433,0.1287,0.1834,0.6167,0.1013,0.1243,0.8699
413,436,2018-10-31 19:00:00,24,0.1066,0.1508,0.7763,0.1189,0.1771,0.6505,0.0942,0.119,0.9021
414,437,2018-10-31 20:00:00,24,0.1059,0.15,0.7798,0.1191,0.1771,0.6519,0.0927,0.1168,0.9077
415,438,2018-10-31 21:00:00,24,0.1011,0.1442,0.7935,0.1141,0.172,0.6656,0.0882,0.1095,0.9214
416,439,2018-10-31 22:00:00,24,0.0981,0.1403,0.7998,0.1142,0.1721,0.658,0.082,0.0987,0.9415
417,440,2018-10-31 23:00:00,24,0.0956,0.1391,0.8055,0.1103,0.1709,0.6623,0.0808,0.0974,0.9488
418,441,2018-11-01 00:00:00,24,0.0953,0.1388,0.8092,0.1123,0.1714,0.6633,0.0783,0.0957,0.9552
419,442,2018-11-01 01:00:00,24,0.0963,0.1391,0.8082,0.1142,0.1719,0.6577,0.0785,0.0957,0.9588
420,443,2018-11-01 02:00:00,24,0.0987,0.1404,0.8063,0.1167,0.1727,0.6538,0.0807,0.098,0.9587
421,444,2018-11-01 03:00:00,24,0.0986,0.1404,0.8048,0.1173,0.1728,0.6494,0.0798,0.0979,0.9603
422,445,2018-11-01 04:00:00,24,0.0963,0.1396,0.8021,0.1146,0.1718,0.6423,0.0779,0.0973,0.962
423,446,2018-11-01 05:00:00,24,0.0944,0.1389,0.7954,0.1146,0.1718,0.6267,0.0741,0.0954,0.9641
424,447,2018-11-01 06:00:00,24,0.0962,0.1412,0.7842,0.1119,0.1712,0.611,0.0804,0.1027,0.9573
425,448,2018-11-01 07:00:00,24,0.0963,0.1414,0.7712,0.109,0.1701,0.5897,0.0835,0.1052,0.9527
426,449,2018-11-01 08:00:00,24,0.102,0.1524,0.6964,0.1167,0.1863,0.4465,0.0873,0.1083,0.9464
427,450,2018-11-01 09:00:00,24,0.1034,0.1543,0.6535,0.1152,0.1858,0.3764,0.0915,0.1145,0.9306
428,451,2018-11-01 10:00:00,24,0.1033,0.1553,0.5682,0.119,0.1887,0.2204,0.0875,0.1124,0.916
429,452,2018-11-01 11:00:00,24,0.099,0.1506,0.5578,0.1145,0.1823,0.2182,0.0834,0.1102,0.8973
430,453,2018-11-01 12:00:00,24,0.0923,0.144,0.5944,0.1022,0.1713,0.3242,0.0825,0.1101,0.8646
431,454,2018-11-01 13:00:00,24,0.0941,0.1449,0.5642,0.1022,0.1713,0.3346,0.086,0.1126,0.7937
432,455,2018-11-01 14:00:00,24,0.0817,0.1203,0.6263,0.0791,0.128,0.5865,0.0843,0.1122,0.6662
433,456,2018-11-01 15:00:00,24,0.0761,0.1145,0.5748,0.0731,0.1225,0.5356,0.0791,0.1059,0.614
434,457,2018-11-01 16:00:00,24,0.0724,0.1102,0.553,0.0719,0.122,0.4477,0.0728,0.0969,0.6584
435,458,2018-11-01 17:00:00,24,0.0702,0.1088,0.5757,0.0692,0.1206,0.4785,0.0713,0.0957,0.673
436,459,2018-11-01 18:00:00,24,0.0721,0.1095,0.6184,0.0727,0.1218,0.5612,0.0715,0.0957,0.6757
437,460,2018-11-01 19:00:00,24,0.0728,0.1097,0.6494,0.0728,0.1218,0.6387,0.0728,0.096,0.6601
438,461,2018-11-01 20:00:00,24,0.0764,0.1168,0.6502,0.0731,0.1219,0.6963,0.0798,0.1115,0.6041
439,462,2018-11-01 21:00:00,24,0.0799,0.122,0.6695,0.079,0.1306,0.6529,0.0807,0.1126,0.686
440,463,2018-11-01 22:00:00,24,0.0821,0.1245,0.6594,0.0796,0.1308,0.6517,0.0846,0.1179,0.6672
441,464,2018-11-01 23:00:00,24,0.0889,0.1339,0.5885,0.0824,0.1316,0.6453,0.0954,0.1363,0.5317
442,465,2018-11-02 00:00:00,24,0.0927,0.138,0.5502,0.0817,0.1313,0.6254,0.1037,0.1443,0.4751
443,466,2018-11-02 01:00:00,24,0.0942,0.1398,0.557,0.0794,0.1306,0.6132,0.109,0.1485,0.5008
444,467,2018-11-02 02:00:00,24,0.0923,0.139,0.589,0.0764,0.1295,0.5748,0.1082,0.1479,0.6032
445,468,2018-11-02 03:00:00,24,0.0948,0.1399,0.6047,0.077,0.1296,0.5294,0.1125,0.1494,0.6801
446,469,2018-11-02 04:00:00,24,0.0974,0.1408,0.6114,0.0785,0.1302,0.4805,0.1163,0.1507,0.7422
447,470,2018-11-02 05:00:00,24,0.0974,0.1406,0.6213,0.0769,0.1294,0.46,0.1178,0.1509,0.7827
448,471,2018-11-02 06:00:00,24,0.0961,0.139,0.5901,0.0771,0.1294,0.3736,0.1151,0.1481,0.8066
449,472,2018-11-02 07:00:00,24,0.0963,0.1389,0.5063,0.0797,0.1306,0.1955,0.1129,0.1467,0.8171
450,473,2018-11-02 08:00:00,24,0.0927,0.1311,0.6709,0.0753,0.1158,0.5136,0.1102,0.1448,0.8282
451,474,2018-11-02 09:00:00,24,0.0901,0.1284,0.6942,0.074,0.1155,0.5518,0.1061,0.1401,0.8365
452,475,2018-11-02 10:00:00,24,0.09,0.127,0.7078,0.0708,0.1111,0.5893,0.1091,0.1411,0.8262
453,476,2018-11-02 11:00:00,24,0.0928,0.1287,0.6786,0.0685,0.1073,0.5562,0.1171,0.147,0.8011
454,477,2018-11-02 12:00:00,24,0.0956,0.1302,0.6362,0.0684,0.1072,0.4879,0.1228,0.1497,0.7845
455,478,2018-11-02 13:00:00,24,0.0961,0.1303,0.5789,0.0709,0.1089,0.374,0.1212,0.1486,0.7837
456,479,2018-11-02 14:00:00,24,0.1048,0.1382,0.5819,0.0767,0.1127,0.4053,0.1329,0.1596,0.7585
457,480,2018-11-02 15:00:00,24,0.105,0.1388,0.5994,0.08,0.115,0.4377,0.1301,0.159,0.7611
458,481,2018-11-02 16:00:00,24,0.1129,0.1546,0.4103,0.0983,0.1508,0.0635,0.1275,0.1584,0.7572
459,482,2018-11-02 17:00:00,24,0.1146,0.1562,0.3851,0.104,0.1545,0.0198,0.1252,0.1579,0.7504
460,483,2018-11-02 18:00:00,24,0.1148,0.156,0.3812,0.1028,0.1539,0.018,0.1267,0.1581,0.7445
461,484,2018-11-02 19:00:00,24,0.1151,0.1561,0.3711,0.1041,0.1541,0.0074,0.1261,0.158,0.7348
462,485,2018-11-02 20:00:00,24,0.1123,0.1509,0.3272,0.1074,0.1557,-0.0637,0.1172,0.1459,0.718
463,486,2018-11-02 21:00:00,24,0.1081,0.1466,0.2958,0.0987,0.1469,0.0503,0.1175,0.1462,0.5413
464,487,2018-11-02 22:00:00,24,0.1037,0.1435,0.1746,0.0978,0.1467,0.059,0.1096,0.1403,0.2902
465,488,2018-11-02 23:00:00,24,0.0983,0.1352,0.2053,0.0989,0.1473,0.0869,0.0977,0.1219,0.3236
466,489,2018-11-03 00:00:00,24,0.0982,0.1337,0.2804,0.1024,0.1496,0.1441,0.0939,0.1157,0.4166
467,490,2018-11-03 01:00:00,24,0.0963,0.1316,0.3483,0.1047,0.1501,0.1744,0.0879,0.1101,0.5221
468,491,2018-11-03 02:00:00,24,0.0971,0.1323,0.3883,0.1049,0.1502,0.1972,0.0893,0.1117,0.5795
469,492,2018-11-03 03:00:00,24,0.0997,0.1348,0.4332,0.1061,0.1506,0.2245,0.0932,0.1168,0.6418
470,493,2018-11-03 04:00:00,24,0.0996,0.1349,0.4579,0.1081,0.1518,0.2234,0.0911,0.1155,0.6923
471,494,2018-11-03 05:00:00,24,0.0997,0.135,0.4702,0.1091,0.1522,0.2117,0.0903,0.1153,0.7287
472,495,2018-11-03 06:00:00,24,0.0996,0.1346,0.5002,0.1101,0.1523,0.2127,0.0891,0.1141,0.7877
473,496,2018-11-03 07:00:00,24,0.0997,0.1348,0.5136,0.1112,0.1531,0.1896,0.0882,0.1137,0.8376
474,497,2018-11-03 08:00:00,24,0.0998,0.1318,0.4724,0.104,0.1395,0.0838,0.0956,0.1236,0.8611
475,498,2018-11-03 09:00:00,24,0.1049,0.1368,0.2748,0.1087,0.142,-0.3442,0.101,0.1313,0.8939
476,499,2018-11-03 10:00:00,24,0.1039,0.1363,0.1888,0.1055,0.1402,-0.5443,0.1023,0.1323,0.9219
477,500,2018-11-03 11:00:00,24,0.1014,0.1351,0.2372,0.0997,0.1366,-0.4656,0.1031,0.1336,0.9401
478,501,2018-11-03 12:00:00,24,0.1053,0.1385,0.3087,0.1093,0.1447,-0.3357,0.1013,0.132,0.953
479,502,2018-11-03 13:00:00,24,0.1106,0.1444,0.2819,0.1128,0.1482,-0.3923,0.1083,0.1406,0.9561
480,503,2018-11-03 14:00:00,24,0.1107,0.144,0.1605,0.1169,0.1535,-0.6443,0.1045,0.1339,0.9653
481,504,2018-11-03 15:00:00,24,0.1119,0.1443,0.1323,0.1145,0.1521,-0.703,0.1093,0.1361,0.9677
482,505,2018-11-03 16:00:00,24,0.109,0.1322,0.2419,0.0989,0.1183,-0.4833,0.1191,0.1447,0.967
483,506,2018-11-03 17:00:00,24,0.1129,0.1362,0.2101,0.0961,0.1152,-0.5461,0.1297,0.1543,0.9662
484,507,2018-11-03 18:00:00,24,0.1152,0.1376,0.2423,0.0996,0.118,-0.4838,0.1309,0.1548,0.9685
485,508,2018-11-03 19:00:00,24,0.123,0.1463,0.2012,0.1023,0.1196,-0.5629,0.1438,0.1689,0.9652
486,509,2018-11-03 20:00:00,24,0.1229,0.1474,0.1405,0.0981,0.1172,-0.6857,0.1478,0.1724,0.9666
487,510,2018-11-03 21:00:00,24,0.1232,0.1473,0.045,0.0996,0.1181,-0.8794,0.1469,0.1716,0.9694
488,511,2018-11-03 22:00:00,24,0.1283,0.1503,-0.0378,0.1026,0.1198,-1.0454,0.154,0.1756,0.9697
489,512,2018-11-03 23:00:00,24,0.1262,0.1495,-0.0184,0.1003,0.1185,-1.0072,0.1521,0.1751,0.9704
490,513,2018-11-04 00:00:00,24,0.1272,0.1526,0.0034,0.0965,0.1155,-0.9622,0.158,0.1823,0.9689
491,514,2018-11-04 01:00:00,24,0.128,0.1529,0.025,0.0958,0.1151,-0.9188,0.1603,0.183,0.9687
492,515,2018-11-04 02:00:00,24,0.1257,0.1516,0.0417,0.0956,0.1151,-0.8855,0.1558,0.1809,0.9689
493,516,2018-11-04 03:00:00,24,0.1254,0.1509,0.0254,0.0966,0.1158,-0.9181,0.1541,0.1792,0.969
494,517,2018-11-04 04:00:00,24,0.124,0.1503,0.076,0.0952,0.1146,-0.8158,0.1529,0.1789,0.9678
495,518,2018-11-04 05:00:00,24,0.1225,0.1499,0.108,0.0924,0.1137,-0.7492,0.1525,0.1789,0.9653
496,519,2018-11-04 06:00:00,24,0.1233,0.1511,0.1403,0.0912,0.1135,-0.681,0.1555,0.1811,0.9617
497,520,2018-11-04 07:00:00,24,0.1214,0.1503,0.2196,0.0891,0.1118,-0.5185,0.1536,0.1809,0.9577
498,521,2018-11-04 08:00:00,24,0.1135,0.1436,0.1309,0.0817,0.1049,-0.6952,0.1454,0.1739,0.9569
499,522,2018-11-04 09:00:00,24,0.1093,0.1401,0.0864,0.0835,0.1075,-0.784,0.1351,0.1665,0.9569
500,523,2018-11-04 10:00:00,24,0.1137,0.1439,0.1572,0.0895,0.1134,-0.6353,0.138,0.169,0.9497
501,524,2018-11-04 11:00:00,24,0.1184,0.1487,0.371,0.1011,0.1286,-0.2016,0.1357,0.1663,0.9437
502,525,2018-11-04 12:00:00,24,0.124,0.1566,0.5987,0.1034,0.1332,0.2737,0.1447,0.1769,0.9238
503,526,2018-11-04 13:00:00,24,0.1231,0.1556,0.7281,0.1017,0.131,0.5453,0.1446,0.1767,0.9108
504,527,2018-11-04 14:00:00,24,0.1221,0.1542,0.7998,0.1003,0.1286,0.6988,0.144,0.1762,0.9009
505,528,2018-11-04 15:00:00,24,0.1251,0.1565,0.8228,0.1049,0.1327,0.7496,0.1453,0.1772,0.896
506,529,2018-11-04 16:00:00,24,0.1232,0.1552,0.8441,0.1097,0.1384,0.7811,0.1367,0.1703,0.9071
507,530,2018-11-04 17:00:00,24,0.1174,0.15,0.8683,0.1079,0.1373,0.8119,0.1268,0.1618,0.9246
508,531,2018-11-04 19:00:00,24,0.1182,0.1508,0.8773,0.1058,0.1356,0.826,0.1306,0.1645,0.9286
509,532,2018-11-04 20:00:00,24,0.1143,0.1453,0.8849,0.1034,0.1343,0.829,0.1253,0.1556,0.9408
510,533,2018-11-04 21:00:00,24,0.1159,0.1463,0.883,0.1056,0.135,0.8234,0.1262,0.1568,0.9426
511,534,2018-11-04 22:00:00,24,0.1166,0.1471,0.8822,0.1053,0.1348,0.8214,0.1279,0.1585,0.9429
512,535,2018-11-04 23:00:00,24,0.1148,0.1454,0.8819,0.1056,0.1351,0.8176,0.124,0.1551,0.9462
513,536,2018-11-05 00:00:00,24,0.1183,0.1484,0.8783,0.1045,0.1349,0.8146,0.1321,0.1609,0.9421
514,537,2018-11-05 01:00:00,24,0.1125,0.1426,0.8795,0.1039,0.1347,0.8103,0.1211,0.15,0.9487
515,538,2018-11-05 02:00:00,24,0.1145,0.144,0.8712,0.1082,0.1379,0.7948,0.1208,0.1498,0.9476
516,539,2018-11-05 03:00:00,24,0.1184,0.146,0.8621,0.1112,0.139,0.7801,0.1256,0.1528,0.9441
517,540,2018-11-05 04:00:00,24,0.115,0.1439,0.8598,0.1091,0.1379,0.7753,0.1209,0.1497,0.9443
518,541,2018-11-05 05:00:00,24,0.1174,0.1453,0.8474,0.1117,0.1399,0.7535,0.1232,0.1504,0.9412
519,542,2018-11-05 06:00:00,24,0.1197,0.1459,0.8356,0.1131,0.1402,0.7329,0.1263,0.1514,0.9383
520,543,2018-11-05 07:00:00,24,0.1198,0.1453,0.82,0.1186,0.1429,0.7025,0.121,0.1476,0.9374
521,544,2018-11-05 08:00:00,24,0.1245,0.1507,0.7962,0.1277,0.1537,0.6596,0.1213,0.1477,0.9329
522,545,2018-11-05 09:00:00,24,0.128,0.1524,0.7897,0.1315,0.1551,0.654,0.1245,0.1496,0.9253
523,546,2018-11-05 10:00:00,24,0.1283,0.1519,0.8085,0.1259,0.1512,0.6984,0.1307,0.1526,0.9186
524,547,2018-11-05 11:00:00,24,0.1285,0.1536,0.7968,0.1304,0.158,0.6723,0.1267,0.1491,0.9214
525,548,2018-11-05 12:00:00,24,0.1251,0.1502,0.8221,0.1286,0.1548,0.7173,0.1217,0.1454,0.927
526,549,2018-11-05 13:00:00,24,0.1262,0.1553,0.7876,0.1362,0.1724,0.6373,0.1162,0.1359,0.9378
527,550,2018-11-05 14:00:00,24,0.1203,0.1503,0.7883,0.1307,0.1699,0.6314,0.11,0.1277,0.9452
528,551,2018-11-05 15:00:00,24,0.1255,0.1595,0.734,0.1381,0.1825,0.5289,0.1129,0.1327,0.9391
529,552,2018-11-05 16:00:00,24,0.124,0.159,0.705,0.1395,0.1838,0.4728,0.1085,0.1294,0.9371
530,553,2018-11-05 17:00:00,24,0.1246,0.1589,0.6553,0.1388,0.1831,0.3815,0.1103,0.1301,0.9291
531,554,2018-11-05 18:00:00,24,0.1312,0.1644,0.5838,0.1476,0.1908,0.2527,0.1149,0.1329,0.9149
532,555,2018-11-05 19:00:00,24,0.1325,0.1664,0.5499,0.1466,0.1904,0.2089,0.1183,0.1382,0.8909
533,556,2018-11-05 20:00:00,24,0.1336,0.168,0.5177,0.1466,0.1904,0.1711,0.1207,0.1421,0.8643
534,557,2018-11-05 21:00:00,24,0.1282,0.1647,0.5113,0.144,0.1899,0.1586,0.1123,0.1349,0.864
535,558,2018-11-05 22:00:00,24,0.1263,0.1635,0.4993,0.1421,0.1894,0.1388,0.1105,0.1328,0.8597
536,559,2018-11-05 23:00:00,24,0.137,0.1797,0.506,0.1577,0.2123,0.1638,0.1163,0.1397,0.8483
537,560,2018-11-06 00:00:00,24,0.1461,0.1989,0.3632,0.1833,0.2478,-0.1464,0.1088,0.1331,0.8728
538,561,2018-11-06 01:00:00,24,0.1484,0.1996,0.3633,0.1861,0.2485,-0.1535,0.1106,0.1337,0.88
539,562,2018-11-06 02:00:00,24,0.147,0.1992,0.3728,0.1805,0.2466,-0.1344,0.1135,0.1362,0.88
540,563,2018-11-06 03:00:00,24,0.1422,0.1976,0.3818,0.177,0.246,-0.1255,0.1074,0.1327,0.8892
541,564,2018-11-06 04:00:00,24,0.1413,0.1975,0.3848,0.177,0.246,-0.1222,0.1056,0.1324,0.8917
542,565,2018-11-06 05:00:00,24,0.1409,0.1982,0.3865,0.1712,0.2443,-0.1092,0.1107,0.1375,0.8822
543,566,2018-11-06 06:00:00,24,0.1426,0.1988,0.3814,0.174,0.2451,-0.1152,0.1112,0.1378,0.878
544,567,2018-11-06 07:00:00,24,0.1411,0.1982,0.3762,0.1717,0.2441,-0.1183,0.1104,0.1376,0.8706
545,568,2018-11-06 08:00:00,24,0.141,0.1974,0.3678,0.1706,0.2428,-0.1219,0.1114,0.1378,0.8574
546,569,2018-11-06 09:00:00,24,0.1393,0.1966,0.3422,0.1705,0.2428,-0.1561,0.108,0.1356,0.8405
547,570,2018-11-06 10:00:00,24,0.1377,0.196,0.2534,0.1733,0.2437,-0.292,0.102,0.1322,0.7987
548,571,2018-11-06 11:00:00,24,0.1335,0.1922,0.2436,0.1668,0.2379,-0.2344,0.1003,0.1313,0.7216
549,572,2018-11-06 12:00:00,24,0.1353,0.1931,0.1101,0.1668,0.238,-0.3047,0.1037,0.1337,0.5249
550,573,2018-11-06 13:00:00,24,0.1323,0.1864,0.1642,0.1594,0.2258,0.0452,0.1053,0.136,0.2832
551,574,2018-11-06 14:00:00,24,0.1511,0.2127,0.0849,0.1818,0.2522,-0.1772,0.1204,0.1641,0.347
552,575,2018-11-06 15:00:00,24,0.1519,0.2236,0.1776,0.1933,0.2752,-0.2955,0.1105,0.1558,0.6506
553,576,2018-11-06 16:00:00,24,0.1546,0.225,0.2134,0.1941,0.2758,-0.3608,0.1151,0.1587,0.7876
554,577,2018-11-06 17:00:00,24,0.1508,0.2231,0.2608,0.1884,0.273,-0.3418,0.1132,0.1581,0.8633
555,578,2018-11-06 18:00:00,24,0.156,0.2291,0.1502,0.1935,0.279,-0.5807,0.1186,0.1647,0.8812
556,579,2018-11-06 19:00:00,24,0.1578,0.2306,0.1488,0.1951,0.2795,-0.5909,0.1206,0.1681,0.8885
557,580,2018-11-06 20:00:00,24,0.1608,0.2323,0.1406,0.2,0.2813,-0.6078,0.1216,0.1696,0.889
558,581,2018-11-06 21:00:00,24,0.1679,0.2353,0.1821,0.2078,0.2841,-0.52,0.128,0.1731,0.8842
559,582,2018-11-06 22:00:00,24,0.1681,0.2351,0.205,0.2106,0.2848,-0.4736,0.1256,0.1717,0.8836
560,583,2018-11-06 23:00:00,24,0.1569,0.2228,0.135,0.1947,0.268,-0.6213,0.1192,0.1658,0.8914
561,584,2018-11-07 00:00:00,24,0.1437,0.2036,0.3216,0.1692,0.2355,-0.248,0.1182,0.1657,0.8912
562,585,2018-11-07 01:00:00,24,0.1418,0.2031,0.325,0.1659,0.2347,-0.2416,0.1176,0.1655,0.8916
563,586,2018-11-07 02:00:00,24,0.1397,0.202,0.3185,0.1669,0.2348,-0.2569,0.1126,0.1628,0.8939
564,587,2018-11-07 03:00:00,24,0.1412,0.2022,0.3116,0.1689,0.235,-0.2691,0.1136,0.1629,0.8923
565,588,2018-11-07 04:00:00,24,0.1438,0.2028,0.3118,0.1703,0.2354,-0.266,0.1173,0.1639,0.8895
566,589,2018-11-07 05:00:00,24,0.1411,0.201,0.3167,0.1728,0.2357,-0.2573,0.1094,0.159,0.8908
567,590,2018-11-07 06:00:00,24,0.1402,0.2007,0.3118,0.1702,0.2349,-0.2574,0.1102,0.1595,0.881
568,591,2018-11-07 07:00:00,24,0.142,0.2013,0.3094,0.1697,0.2347,-0.2489,0.1142,0.1612,0.8676
569,592,2018-11-07 08:00:00,24,0.1387,0.1983,0.3037,0.1625,0.2294,-0.2453,0.1148,0.1613,0.8528
570,593,2018-11-07 09:00:00,24,0.1389,0.1988,0.2933,0.159,0.2285,-0.2401,0.1189,0.1637,0.8268
571,594,2018-11-07 10:00:00,24,0.1381,0.1983,0.2995,0.1564,0.2276,-0.1922,0.1199,0.1638,0.7913
572,595,2018-11-07 11:00:00,24,0.1458,0.2067,0.2001,0.1678,0.2407,-0.3286,0.1238,0.1659,0.7288
573,596,2018-11-07 12:00:00,24,0.1455,0.2064,0.1293,0.1676,0.2405,-0.4035,0.1233,0.1656,0.662
574,597,2018-11-07 13:00:00,24,0.137,0.1999,-0.2333,0.1576,0.2332,-1.1121,0.1163,0.1599,0.6454
575,598,2018-11-07 14:00:00,24,0.1219,0.1741,0.1493,0.1435,0.2088,-0.4775,0.1004,0.1304,0.7761
576,599,2018-11-07 15:00:00,24,0.1146,0.1492,0.3583,0.1238,0.1636,-0.0794,0.1054,0.1333,0.7959
577,600,2018-11-07 16:00:00,24,0.1142,0.15,0.495,0.1261,0.1672,0.1563,0.1023,0.1305,0.8336
578,601,2018-11-07 17:00:00,24,0.1165,0.1512,0.57,0.1265,0.1673,0.2826,0.1066,0.1332,0.8573
579,602,2018-11-07 18:00:00,24,0.1094,0.1393,0.7251,0.1193,0.1536,0.5423,0.0995,0.1233,0.9079
580,603,2018-11-07 19:00:00,24,0.105,0.1333,0.7763,0.1177,0.1528,0.6118,0.0924,0.1104,0.9407
581,604,2018-11-07 20:00:00,24,0.0998,0.1265,0.7973,0.1165,0.1516,0.6315,0.083,0.0949,0.9631
582,605,2018-11-07 21:00:00,24,0.0974,0.1252,0.7988,0.1095,0.1465,0.6299,0.0853,0.0996,0.9677
583,606,2018-11-07 22:00:00,24,0.0981,0.1257,0.793,0.1095,0.1465,0.6131,0.0866,0.1007,0.973
584,607,2018-11-07 23:00:00,24,0.0992,0.1267,0.7892,0.1092,0.1463,0.6022,0.0892,0.1035,0.9761
585,608,2018-11-08 00:00:00,24,0.1079,0.1353,0.7789,0.1141,0.1487,0.588,0.1016,0.1205,0.9699
586,609,2018-11-08 01:00:00,24,0.1073,0.1352,0.7801,0.1143,0.1487,0.5886,0.1004,0.1201,0.9716
587,610,2018-11-08 02:00:00,24,0.109,0.136,0.7824,0.1171,0.1501,0.5924,0.1009,0.1203,0.9724
588,611,2018-11-08 03:00:00,24,0.1115,0.138,0.7875,0.116,0.1499,0.6051,0.1069,0.1251,0.97
589,612,2018-11-08 04:00:00,24,0.1156,0.1421,0.7902,0.119,0.152,0.6145,0.1122,0.1314,0.9659
590,613,2018-11-08 05:00:00,24,0.1158,0.142,0.7969,0.1181,0.1518,0.6294,0.1135,0.1316,0.9643
591,614,2018-11-08 06:00:00,24,0.1168,0.1429,0.8019,0.1183,0.1518,0.6438,0.1153,0.1334,0.9601
592,615,2018-11-08 07:00:00,24,0.1177,0.1435,0.8081,0.1203,0.1531,0.6594,0.1151,0.1332,0.9569
593,616,2018-11-08 08:00:00,24,0.1213,0.1462,0.8185,0.1223,0.1545,0.6873,0.1203,0.1374,0.9497
594,617,2018-11-08 09:00:00,24,0.1247,0.1484,0.8107,0.1279,0.1575,0.6791,0.1215,0.1387,0.9422
595,618,2018-11-08 10:00:00,24,0.1265,0.1494,0.7973,0.1312,0.1592,0.6592,0.1218,0.1388,0.9355
596,619,2018-11-08 11:00:00,24,0.1165,0.1362,0.8433,0.1159,0.1363,0.7517,0.1172,0.1361,0.935
597,620,2018-11-08 12:00:00,24,0.113,0.1322,0.8527,0.1118,0.1301,0.7697,0.1142,0.1342,0.9357
598,621,2018-11-08 13:00:00,24,0.1237,0.1501,0.7997,0.1295,0.1624,0.6686,0.1179,0.1368,0.9308
599,622,2018-11-08 14:00:00,24,0.1265,0.153,0.8122,0.1316,0.1652,0.6991,0.1214,0.1397,0.9252
600,623,2018-11-08 15:00:00,24,0.1275,0.1545,0.8311,0.1337,0.1681,0.7379,0.1212,0.1395,0.9242
601,624,2018-11-08 16:00:00,24,0.1272,0.1529,0.854,0.1287,0.1614,0.7878,0.1257,0.1438,0.9202
602,625,2018-11-08 17:00:00,24,0.1293,0.1573,0.8584,0.126,0.1608,0.8028,0.1326,0.1538,0.914
603,626,2018-11-08 18:00:00,24,0.1303,0.1584,0.8675,0.122,0.1565,0.8173,0.1387,0.1603,0.9176
604,627,2018-11-08 19:00:00,24,0.1288,0.1575,0.8713,0.1213,0.1562,0.8142,0.1362,0.1588,0.9285
605,628,2018-11-08 20:00:00,24,0.1279,0.1571,0.8751,0.1204,0.1555,0.8139,0.1355,0.1586,0.9363
606,629,2018-11-08 21:00:00,24,0.1276,0.1572,0.8734,0.1291,0.1626,0.8001,0.1261,0.1517,0.9468
607,630,2018-11-08 22:00:00,24,0.1252,0.1561,0.8785,0.1259,0.1613,0.8052,0.1245,0.1508,0.9518
608,631,2018-11-08 23:00:00,24,0.1359,0.1745,0.8429,0.1437,0.192,0.7316,0.128,0.155,0.9542
609,632,2018-11-09 00:00:00,24,0.1386,0.1827,0.8141,0.1588,0.2153,0.6627,0.1183,0.1429,0.9656
610,633,2018-11-09 01:00:00,24,0.1411,0.1835,0.8152,0.1615,0.216,0.6622,0.1208,0.1438,0.9681
611,634,2018-11-09 02:00:00,24,0.1394,0.1829,0.8164,0.1582,0.215,0.6623,0.1205,0.1438,0.9704
612,635,2018-11-09 03:00:00,24,0.1397,0.1825,0.8123,0.1603,0.2155,0.652,0.1191,0.1422,0.9725
613,636,2018-11-09 04:00:00,24,0.1351,0.1794,0.8043,0.1586,0.2145,0.6327,0.1116,0.1354,0.9759
614,637,2018-11-09 05:00:00,24,0.1371,0.1801,0.7913,0.1597,0.2147,0.6071,0.1146,0.1371,0.9756
615,638,2018-11-09 06:00:00,24,0.1354,0.1795,0.7725,0.1626,0.2159,0.5685,0.1082,0.1334,0.9766
616,639,2018-11-09 07:00:00,24,0.1324,0.1781,0.7415,0.1598,0.2148,0.5066,0.105,0.1317,0.9764
617,640,2018-11-09 08:00:00,24,0.1364,0.1887,0.6236,0.1744,0.2347,0.2705,0.0985,0.127,0.9766
618,641,2018-11-09 09:00:00,24,0.1315,0.1862,0.5708,0.1683,0.2327,0.1666,0.0948,0.1232,0.975
619,642,2018-11-09 10:00:00,24,0.1341,0.1876,0.5525,0.1701,0.2338,0.1357,0.0981,0.1252,0.9693
620,643,2018-11-09 11:00:00,24,0.139,0.1899,0.5675,0.1745,0.2355,0.1758,0.1034,0.1289,0.9592
621,644,2018-11-09 12:00:00,24,0.1376,0.1893,0.6071,0.1687,0.2335,0.2685,0.1065,0.1311,0.9457
622,645,2018-11-09 13:00:00,24,0.1267,0.1756,0.6826,0.1524,0.2128,0.4308,0.101,0.128,0.9345
623,646,2018-11-09 14:00:00,24,0.1225,0.172,0.6775,0.1488,0.2091,0.4303,0.0962,0.1241,0.9248
624,647,2018-11-09 15:00:00,24,0.1175,0.1679,0.6504,0.1404,0.2033,0.3879,0.0946,0.1226,0.9128
625,648,2018-11-09 16:00:00,24,0.1131,0.1649,0.606,0.1347,0.2007,0.2975,0.0915,0.1188,0.9144
626,649,2018-11-09 17:00:00,24,0.1105,0.1603,0.5661,0.1391,0.202,0.1927,0.082,0.1029,0.9395
627,650,2018-11-09 18:00:00,24,0.1062,0.157,0.5042,0.1402,0.2028,0.0523,0.0723,0.0905,0.9561
628,651,2018-11-09 19:00:00,24,0.1069,0.1573,0.4793,0.142,0.2034,-0.0002,0.0717,0.0901,0.9588
629,652,2018-11-09 20:00:00,24,0.109,0.1606,0.4861,0.1375,0.2022,0.0219,0.0805,0.1035,0.9503
630,653,2018-11-09 21:00:00,24,0.1135,0.1653,0.482,0.1325,0.1978,0.0256,0.0945,0.1245,0.9384
631,654,2018-11-09 22:00:00,24,0.1133,0.1652,0.4693,0.1335,0.198,-0.0067,0.0932,0.1239,0.9452
632,655,2018-11-09 23:00:00,24,0.0986,0.1437,0.568,0.1123,0.1674,0.1828,0.0848,0.1152,0.9532
633,656,2018-11-11 00:00:00,24,0.0901,0.1256,0.7008,0.0968,0.1358,0.4488,0.0835,0.1146,0.9528
634,657,2018-11-11 01:00:00,24,0.0871,0.1244,0.683,0.0932,0.1345,0.4141,0.0809,0.1134,0.9519
635,658,2018-11-11 02:00:00,24,0.0862,0.1243,0.6411,0.0923,0.1344,0.3333,0.0801,0.1132,0.949
636,659,2018-11-11 03:00:00,24,0.0825,0.1223,0.6153,0.0905,0.1337,0.2814,0.0745,0.1097,0.9492
637,660,2018-11-11 04:00:00,24,0.0807,0.1214,0.5982,0.088,0.1323,0.2505,0.0734,0.1095,0.9458
638,661,2018-11-11 05:00:00,24,0.0783,0.1201,0.5344,0.0865,0.1317,0.1241,0.0701,0.1073,0.9447
639,662,2018-11-11 06:00:00,24,0.0773,0.1193,0.4823,0.082,0.1295,0.0237,0.0727,0.1081,0.9408
640,663,2018-11-11 07:00:00,24,0.0817,0.1233,0.3396,0.0836,0.1304,-0.252,0.0799,0.1157,0.9312
641,664,2018-11-11 08:00:00,24,0.0763,0.1066,0.6803,0.0643,0.0856,0.4377,0.0884,0.1241,0.9229
642,665,2018-11-11 09:00:00,24,0.0764,0.1063,0.6885,0.0663,0.0863,0.4499,0.0864,0.1231,0.927
643,666,2018-11-11 10:00:00,24,0.0727,0.1031,0.7344,0.0596,0.0792,0.5389,0.0857,0.1225,0.9299
644,667,2018-11-11 11:00:00,24,0.0717,0.1019,0.7435,0.06,0.0799,0.5532,0.0833,0.12,0.9338
645,668,2018-11-11 12:00:00,24,0.0771,0.1083,0.756,0.0689,0.092,0.5818,0.0853,0.1224,0.9303
646,669,2018-11-11 13:00:00,24,0.0819,0.1135,0.8091,0.0688,0.092,0.7033,0.0949,0.1315,0.9149
647,670,2018-11-11 14:00:00,24,0.0822,0.1146,0.8557,0.0626,0.085,0.8124,0.1017,0.1379,0.8991
648,671,2018-11-11 15:00:00,24,0.0856,0.1204,0.8109,0.0723,0.1014,0.7355,0.0989,0.1367,0.8862
649,672,2018-11-11 16:00:00,24,0.0881,0.1222,0.7802,0.0781,0.1065,0.6894,0.0981,0.1361,0.8709
650,673,2018-11-11 17:00:00,24,0.0867,0.1213,0.7727,0.0756,0.1046,0.6974,0.0977,0.1359,0.8481
651,674,2018-11-11 18:00:00,24,0.0896,0.1256,0.7575,0.0706,0.1003,0.7319,0.1087,0.1466,0.7831
652,675,2018-11-11 19:00:00,24,0.0928,0.1297,0.7224,0.0691,0.0992,0.7483,0.1165,0.1542,0.6965
653,676,2018-11-11 20:00:00,24,0.0927,0.1284,0.7244,0.0704,0.0994,0.7613,0.1151,0.152,0.6875
654,677,2018-11-11 21:00:00,24,0.0901,0.1225,0.7819,0.071,0.1001,0.7884,0.1093,0.1414,0.7754
655,678,2018-11-11 22:00:00,24,0.0928,0.1258,0.8112,0.069,0.0996,0.8125,0.1166,0.1475,0.8098
656,679,2018-11-11 23:00:00,24,0.0938,0.1261,0.8364,0.0703,0.1,0.8295,0.1173,0.1476,0.8434
657,680,2018-11-12 00:00:00,24,0.0918,0.1249,0.8607,0.0659,0.0969,0.8536,0.1177,0.1477,0.8678
658,681,2018-11-12 01:00:00,24,0.094,0.1256,0.8749,0.0681,0.0975,0.8637,0.12,0.1485,0.886
659,682,2018-11-12 02:00:00,24,0.0971,0.1271,0.8835,0.0733,0.1011,0.864,0.1209,0.1487,0.903
660,683,2018-11-12 03:00:00,24,0.1007,0.129,0.8937,0.0749,0.1019,0.8726,0.1266,0.1513,0.9149
661,684,2018-11-12 04:00:00,24,0.1049,0.1331,0.9028,0.074,0.1016,0.8837,0.1357,0.1584,0.9219
662,685,2018-11-12 05:00:00,24,0.1081,0.1348,0.9079,0.0782,0.1049,0.885,0.1379,0.1592,0.9309
663,686,2018-11-12 06:00:00,24,0.1109,0.1368,0.9109,0.0848,0.1104,0.8834,0.1369,0.1589,0.9385
664,687,2018-11-12 07:00:00,24,0.1098,0.1353,0.9184,0.0864,0.1119,0.8903,0.1332,0.1551,0.9466
665,688,2018-11-12 08:00:00,24,0.117,0.1469,0.9043,0.1034,0.1418,0.8562,0.1306,0.1519,0.9524
666,689,2018-11-12 09:00:00,24,0.1207,0.1492,0.9085,0.1075,0.1447,0.8635,0.1338,0.1535,0.9534
667,690,2018-11-12 10:00:00,24,0.1262,0.1533,0.9042,0.1152,0.1498,0.856,0.1373,0.1566,0.9523
668,691,2018-11-12 11:00:00,24,0.1259,0.1531,0.9019,0.1124,0.1476,0.8527,0.1395,0.1583,0.951
669,692,2018-11-12 12:00:00,24,0.1254,0.1523,0.8894,0.1105,0.145,0.83,0.1402,0.1592,0.9488
670,693,2018-11-12 13:00:00,24,0.1353,0.1717,0.807,0.13,0.183,0.6695,0.1405,0.1596,0.9445
671,694,2018-11-12 14:00:00,24,0.134,0.1699,0.7444,0.1325,0.1837,0.5474,0.1356,0.1549,0.9414
672,695,2018-11-12 15:00:00,24,0.1358,0.1727,0.7333,0.1354,0.1886,0.5327,0.1361,0.155,0.9339
673,696,2018-11-12 16:00:00,24,0.1364,0.1744,0.7637,0.1392,0.1927,0.6001,0.1336,0.154,0.9273
674,697,2018-11-12 17:00:00,24,0.1387,0.1757,0.7708,0.1405,0.1932,0.6259,0.137,0.1562,0.9158
675,698,2018-11-12 18:00:00,24,0.1413,0.1775,0.7619,0.1443,0.1946,0.6176,0.1383,0.1587,0.9063
676,699,2018-11-12 19:00:00,24,0.1433,0.1803,0.7536,0.1449,0.1948,0.6137,0.1417,0.1645,0.8934
677,700,2018-11-12 20:00:00,24,0.1446,0.1814,0.7501,0.1459,0.195,0.6145,0.1433,0.1668,0.8857
678,701,2018-11-12 21:00:00,24,0.1462,0.183,0.7452,0.1484,0.1971,0.6075,0.144,0.1677,0.8828
679,702,2018-11-12 22:00:00,24,0.1459,0.1823,0.7453,0.1558,0.2004,0.6006,0.1359,0.1622,0.8899
680,703,2018-11-12 23:00:00,24,0.146,0.1823,0.7476,0.1562,0.2005,0.605,0.1359,0.1622,0.8902
681,704,2018-11-13 00:00:00,24,0.1477,0.1832,0.7445,0.161,0.2023,0.5985,0.1344,0.1619,0.8905
682,705,2018-11-13 01:00:00,24,0.149,0.1838,0.7429,0.1623,0.2028,0.5967,0.1357,0.1627,0.8891
683,706,2018-11-13 02:00:00,24,0.1476,0.1832,0.7468,0.1604,0.2017,0.6055,0.1348,0.1625,0.888
684,707,2018-11-13 03:00:00,24,0.144,0.1819,0.7508,0.1585,0.2013,0.614,0.1296,0.1601,0.8876
685,708,2018-11-13 04:00:00,24,0.1408,0.1793,0.7531,0.1575,0.2012,0.6196,0.1241,0.1543,0.8865
686,709,2018-11-13 05:00:00,24,0.1383,0.1783,0.7542,0.1554,0.2001,0.6323,0.1212,0.1534,0.8761
687,710,2018-11-13 06:00:00,24,0.1347,0.1766,0.7544,0.1499,0.1973,0.6506,0.1195,0.1532,0.8583
688,711,2018-11-13 07:00:00,24,0.1343,0.1763,0.751,0.1488,0.1966,0.6627,0.1198,0.1534,0.8394
689,712,2018-11-13 08:00:00,24,0.1297,0.171,0.7629,0.1453,0.1896,0.6918,0.114,0.1501,0.834
690,713,2018-11-13 09:00:00,24,0.1276,0.1705,0.7754,0.139,0.1871,0.7149,0.1162,0.1521,0.836
691,714,2018-11-13 10:00:00,24,0.1235,0.1677,0.8081,0.1375,0.1857,0.7556,0.1095,0.1475,0.8606
692,715,2018-11-13 11:00:00,24,0.1232,0.1685,0.8214,0.1424,0.1895,0.7647,0.104,0.1445,0.8781
693,716,2018-11-13 12:00:00,24,0.1263,0.1776,0.8043,0.1544,0.2089,0.7157,0.0983,0.1395,0.8928
694,717,2018-11-13 13:00:00,24,0.111,0.155,0.8461,0.1314,0.1757,0.7858,0.0905,0.131,0.9065
695,718,2018-11-13 14:00:00,24,0.1171,0.164,0.817,0.1438,0.1914,0.7326,0.0905,0.131,0.9014
696,719,2018-11-13 15:00:00,24,0.1133,0.1575,0.8053,0.1347,0.1799,0.7258,0.0918,0.1315,0.8847
697,720,2018-11-13 16:00:00,24,0.1175,0.1613,0.7409,0.1362,0.1821,0.6402,0.0987,0.1375,0.8416
698,721,2018-11-13 17:00:00,24,0.1193,0.1628,0.6941,0.1383,0.1833,0.5843,0.1004,0.1394,0.804
699,722,2018-11-13 18:00:00,24,0.1192,0.1617,0.7114,0.143,0.1877,0.5893,0.0954,0.1305,0.8336
700,723,2018-11-13 19:00:00,24,0.1142,0.1554,0.7532,0.1424,0.1875,0.6081,0.086,0.1146,0.8983
701,724,2018-11-13 20:00:00,24,0.1098,0.1511,0.7772,0.1413,0.1873,0.6197,0.0782,0.1029,0.9347
702,725,2018-11-13 21:00:00,24,0.1069,0.1488,0.7948,0.1425,0.1886,0.6323,0.0713,0.0935,0.9573
703,726,2018-11-13 22:00:00,24,0.108,0.1506,0.8047,0.1354,0.185,0.6511,0.0806,0.1055,0.9583
704,727,2018-11-13 23:00:00,24,0.1118,0.1544,0.8074,0.1345,0.1848,0.6533,0.0891,0.1163,0.9615
705,728,2018-11-14 00:00:00,24,0.1104,0.1535,0.8187,0.1317,0.1833,0.6686,0.0892,0.1163,0.9687
706,729,2018-11-14 01:00:00,24,0.1127,0.1557,0.8273,0.1321,0.1835,0.6848,0.0932,0.1216,0.9697
707,730,2018-11-14 02:00:00,24,0.1115,0.1552,0.8345,0.1294,0.1827,0.6964,0.0935,0.1217,0.9725
708,731,2018-11-14 03:00:00,24,0.113,0.1557,0.834,0.132,0.1835,0.6934,0.0941,0.1217,0.9746
709,732,2018-11-14 04:00:00,24,0.1174,0.1583,0.8277,0.1383,0.1862,0.6809,0.0966,0.1244,0.9744
710,733,2018-11-14 05:00:00,24,0.1175,0.1582,0.825,0.1378,0.186,0.675,0.0973,0.1245,0.9751
711,734,2018-11-14 06:00:00,24,0.1186,0.1585,0.8198,0.1373,0.1859,0.6646,0.1,0.1252,0.975
712,735,2018-11-14 07:00:00,24,0.1166,0.1579,0.8124,0.133,0.1847,0.6507,0.1003,0.1255,0.9741
713,736,2018-11-14 08:00:00,24,0.122,0.1658,0.7684,0.1382,0.1957,0.5658,0.1057,0.1291,0.9709
714,737,2018-11-14 09:00:00,24,0.1238,0.1675,0.7369,0.139,0.1957,0.5086,0.1086,0.1334,0.9652
715,738,2018-11-14 10:00:00,24,0.1289,0.1732,0.6686,0.1364,0.1941,0.3867,0.1215,0.1495,0.9504
716,739,2018-11-14 11:00:00,24,0.1342,0.1774,0.5547,0.1387,0.1968,0.1683,0.1296,0.1556,0.941
717,740,2018-11-14 12:00:00,24,0.1243,0.164,0.6335,0.1203,0.1724,0.3289,0.1282,0.1552,0.9381
718,741,2018-11-14 13:00:00,24,0.1291,0.1667,0.6038,0.1282,0.1768,0.2705,0.1299,0.156,0.9371
719,742,2018-11-14 14:00:00,24,0.1291,0.1641,0.643,0.1227,0.1667,0.3506,0.1354,0.1614,0.9354
720,743,2018-11-14 15:00:00,24,0.134,0.1706,0.6195,0.1317,0.179,0.299,0.1362,0.1618,0.94
721,744,2018-11-14 16:00:00,24,0.1296,0.1675,0.6646,0.131,0.1778,0.3808,0.1282,0.1566,0.9484
722,745,2018-11-14 17:00:00,24,0.132,0.1702,0.6472,0.1346,0.1814,0.3448,0.1295,0.1582,0.9496
723,746,2018-11-14 18:00:00,24,0.1339,0.1726,0.6241,0.1363,0.1837,0.2994,0.1315,0.1608,0.9487
724,747,2018-11-14 19:00:00,24,0.134,0.1731,0.6226,0.1348,0.1834,0.2975,0.1332,0.1621,0.9478
725,748,2018-11-14 20:00:00,24,0.135,0.1734,0.6215,0.1354,0.1835,0.2958,0.1345,0.1628,0.9471
726,749,2018-11-14 21:00:00,24,0.1347,0.1725,0.615,0.1328,0.1809,0.284,0.1365,0.1636,0.946
727,750,2018-11-14 22:00:00,24,0.1321,0.1695,0.6012,0.134,0.181,0.2534,0.1301,0.1572,0.949
728,751,2018-11-14 23:00:00,24,0.1284,0.1662,0.593,0.1335,0.181,0.2356,0.1232,0.15,0.9504
729,752,2018-11-15 00:00:00,24,0.1331,0.1691,0.5564,0.1389,0.1849,0.1679,0.1273,0.1517,0.945
730,753,2018-11-15 01:00:00,24,0.1305,0.1669,0.5316,0.1389,0.1848,0.1181,0.1221,0.1467,0.9451
731,754,2018-11-15 02:00:00,24,0.1334,0.1679,0.5117,0.1431,0.1864,0.0829,0.1238,0.1472,0.9406
732,755,2018-11-15 03:00:00,24,0.1353,0.1687,0.5126,0.1431,0.1864,0.0918,0.1275,0.1489,0.9335
733,756,2018-11-15 04:00:00,24,0.1307,0.166,0.5216,0.1381,0.1839,0.1112,0.1234,0.1459,0.932
734,757,2018-11-15 05:00:00,24,0.1328,0.1669,0.515,0.1388,0.1842,0.1049,0.1269,0.1476,0.9252
735,758,2018-11-15 06:00:00,24,0.1326,0.1669,0.5099,0.1383,0.1841,0.1001,0.1268,0.1476,0.9196
736,759,2018-11-15 07:00:00,24,0.133,0.1668,0.5091,0.1395,0.1843,0.1022,0.1265,0.1473,0.9159
737,760,2018-11-15 08:00:00,24,0.1304,0.1592,0.5406,0.1306,0.166,0.1738,0.1301,0.152,0.9074
738,761,2018-11-15 09:00:00,24,0.1311,0.1588,0.4618,0.1333,0.1669,0.0131,0.1289,0.1503,0.9105
739,762,2018-11-15 10:00:00,24,0.1248,0.1513,0.2897,0.1315,0.1661,-0.3494,0.1181,0.135,0.9288
740,763,2018-11-15 11:00:00,24,0.1229,0.149,0.3316,0.131,0.1654,-0.2717,0.1148,0.1307,0.9349
741,764,2018-11-15 12:00:00,24,0.1372,0.1744,0.4818,0.1557,0.2079,0.0279,0.1187,0.1327,0.9357
742,765,2018-11-15 13:00:00,24,0.1334,0.1721,0.6329,0.1515,0.205,0.3285,0.1152,0.1313,0.9374
743,766,2018-11-15 14:00:00,24,0.1254,0.1657,0.7183,0.1444,0.1992,0.4946,0.1064,0.1233,0.9419
744,767,2018-11-15 15:00:00,24,0.1235,0.1619,0.7608,0.1345,0.1877,0.5874,0.1126,0.1311,0.9341
745,768,2018-11-15 16:00:00,24,0.1313,0.1723,0.6967,0.1418,0.2011,0.4617,0.1208,0.1376,0.9317
746,769,2018-11-15 17:00:00,24,0.1284,0.1694,0.708,0.137,0.1972,0.4734,0.1197,0.1359,0.9425
747,770,2018-11-15 18:00:00,24,0.1219,0.1626,0.7198,0.1289,0.1899,0.484,0.1148,0.1296,0.9557
748,771,2018-11-15 19:00:00,24,0.1208,0.1618,0.72,0.129,0.1899,0.4779,0.1127,0.1278,0.9622
749,772,2018-11-15 20:00:00,24,0.122,0.1632,0.7295,0.1282,0.1897,0.4949,0.1159,0.1313,0.9642
750,773,2018-11-15 21:00:00,24,0.1202,0.1619,0.738,0.1244,0.1875,0.5106,0.116,0.1314,0.9655
751,774,2018-11-15 22:00:00,24,0.123,0.1654,0.7456,0.1231,0.1874,0.532,0.1229,0.14,0.9591
752,775,2018-11-15 23:00:00,24,0.1271,0.1693,0.7582,0.1236,0.1874,0.5659,0.1305,0.1489,0.9504
753,776,2018-11-16 00:00:00,24,0.1266,0.1686,0.7617,0.121,0.1851,0.5781,0.1321,0.1503,0.9453
754,777,2018-11-16 01:00:00,24,0.1267,0.1688,0.7525,0.1198,0.1846,0.5655,0.1336,0.1513,0.9395
755,778,2018-11-16 02:00:00,24,0.1242,0.1677,0.7363,0.116,0.1831,0.5391,0.1323,0.1509,0.9334
756,779,2018-11-16 03:00:00,24,0.1225,0.1669,0.7101,0.1147,0.1826,0.493,0.1302,0.1496,0.9271
757,780,2018-11-16 04:00:00,24,0.1228,0.167,0.6702,0.1156,0.1828,0.423,0.1299,0.1495,0.9174
758,781,2018-11-16 05:00:00,24,0.1234,0.1678,0.6182,0.1144,0.1823,0.3363,0.1324,0.1519,0.9001
759,782,2018-11-16 06:00:00,24,0.1271,0.1708,0.5483,0.115,0.1824,0.228,0.1393,0.1584,0.8685
760,783,2018-11-16 07:00:00,24,0.1297,0.1731,0.4657,0.1158,0.1825,0.101,0.1436,0.1631,0.8304
761,784,2018-11-16 08:00:00,24,0.1297,0.1735,0.4845,0.1132,0.1793,0.1652,0.1463,0.1675,0.8038
762,785,2018-11-16 09:00:00,24,0.1319,0.1754,0.4028,0.1163,0.1815,-0.0058,0.1475,0.1692,0.8115
763,786,2018-11-16 10:00:00,24,0.133,0.1761,0.1665,0.1159,0.1814,-0.4971,0.1501,0.1707,0.8301
764,787,2018-11-16 11:00:00,24,0.1298,0.1741,0.0566,0.1143,0.1794,-0.7394,0.1453,0.1686,0.8526
765,788,2018-11-16 12:00:00,24,0.1218,0.1533,0.5557,0.0985,0.1365,0.247,0.1452,0.1685,0.8645
766,789,2018-11-16 13:00:00,24,0.1252,0.1552,0.6782,0.1006,0.1383,0.489,0.1499,0.1704,0.8675
767,790,2018-11-16 14:00:00,24,0.1311,0.1594,0.7585,0.1058,0.1435,0.653,0.1564,0.1738,0.864
768,791,2018-11-16 15:00:00,24,0.1393,0.1722,0.7999,0.1178,0.163,0.7474,0.1608,0.1809,0.8525
769,792,2018-11-16 16:00:00,24,0.1295,0.1588,0.8632,0.1,0.1354,0.8688,0.159,0.1791,0.8576
770,793,2018-11-16 17:00:00,24,0.1263,0.1565,0.8782,0.0967,0.1338,0.8912,0.1558,0.1764,0.8653
771,794,2018-11-16 18:00:00,24,0.1274,0.1574,0.887,0.0992,0.1357,0.9037,0.1557,0.1763,0.8704
772,795,2018-11-16 19:00:00,24,0.1273,0.1572,0.8927,0.0999,0.1359,0.9109,0.1546,0.1759,0.8746
773,796,2018-11-16 20:00:00,24,0.1261,0.1563,0.8941,0.0994,0.1359,0.9146,0.1529,0.1743,0.8736
774,797,2018-11-16 21:00:00,24,0.1271,0.157,0.8946,0.1029,0.1386,0.9147,0.1513,0.1736,0.8746
775,798,2018-11-16 22:00:00,24,0.1359,0.1684,0.8813,0.1198,0.162,0.8795,0.152,0.1746,0.8831
776,799,2018-11-16 23:00:00,24,0.1373,0.1705,0.878,0.1318,0.1744,0.8548,0.1428,0.1665,0.9011
777,800,2018-11-17 00:00:00,24,0.1375,0.1707,0.8771,0.1332,0.1756,0.8488,0.1418,0.1657,0.9053
778,801,2018-11-17 01:00:00,24,0.1389,0.1722,0.8727,0.1324,0.1754,0.8442,0.1453,0.169,0.9012
779,802,2018-11-17 02:00:00,24,0.1425,0.1747,0.8657,0.1326,0.1754,0.8386,0.1525,0.1739,0.8927
780,803,2018-11-17 03:00:00,24,0.1449,0.1767,0.8569,0.1314,0.1751,0.8309,0.1583,0.1783,0.8829
781,804,2018-11-17 04:00:00,24,0.1465,0.178,0.8479,0.1303,0.1749,0.8211,0.1628,0.181,0.8746
782,805,2018-11-17 05:00:00,24,0.1457,0.177,0.8412,0.132,0.1756,0.8058,0.1594,0.1785,0.8766
783,806,2018-11-17 06:00:00,24,0.1418,0.1741,0.8336,0.1312,0.1755,0.782,0.1525,0.1727,0.8852
784,807,2018-11-17 07:00:00,24,0.1385,0.1713,0.8218,0.1319,0.1757,0.7509,0.1451,0.1667,0.8928
785,808,2018-11-17 08:00:00,24,0.1457,0.2006,0.704,0.1576,0.2377,0.5031,0.1338,0.155,0.9049
786,809,2018-11-17 09:00:00,24,0.1415,0.1977,0.7098,0.1526,0.2356,0.5142,0.1303,0.1506,0.9053
787,810,2018-11-17 10:00:00,24,0.1443,0.2015,0.6998,0.1511,0.2354,0.5124,0.1374,0.1605,0.8872
788,811,2018-11-17 11:00:00,24,0.1449,0.2009,0.7077,0.1477,0.2329,0.5332,0.1421,0.1627,0.8822
789,812,2018-11-17 12:00:00,24,0.1428,0.199,0.7226,0.1443,0.2301,0.5568,0.1413,0.1621,0.8884
790,813,2018-11-17 13:00:00,24,0.1388,0.1973,0.7355,0.1405,0.2285,0.5719,0.1371,0.1602,0.8992
791,814,2018-11-17 14:00:00,24,0.14,0.1986,0.7324,0.1425,0.2305,0.5599,0.1374,0.1605,0.9048
792,815,2018-11-17 15:00:00,24,0.1294,0.1858,0.7451,0.128,0.2163,0.5687,0.1307,0.1493,0.9215
793,816,2018-11-17 16:00:00,24,0.1327,0.1879,0.7235,0.1322,0.2176,0.5283,0.1333,0.1525,0.9188
794,817,2018-11-17 17:00:00,24,0.138,0.1915,0.7044,0.1404,0.2223,0.4936,0.1356,0.1547,0.9151
795,818,2018-11-17 18:00:00,24,0.1386,0.1922,0.6787,0.1427,0.224,0.4443,0.1346,0.154,0.9131
796,819,2018-11-17 19:00:00,24,0.1458,0.1985,0.6408,0.1549,0.234,0.3731,0.1366,0.1551,0.9084
797,820,2018-11-17 20:00:00,24,0.1544,0.2061,0.617,0.1682,0.2437,0.3348,0.1407,0.1599,0.8993
798,821,2018-11-17 21:00:00,24,0.1559,0.2068,0.6197,0.169,0.2442,0.3461,0.1428,0.161,0.8932
799,822,2018-11-17 22:00:00,24,0.1449,0.1952,0.661,0.153,0.2294,0.4305,0.1368,0.1535,0.8915
800,823,2018-11-17 23:00:00,24,0.1387,0.1898,0.6815,0.1401,0.22,0.4857,0.1373,0.1537,0.8774
801,824,2018-11-18 00:00:00,24,0.134,0.1875,0.6839,0.1341,0.2174,0.4993,0.1339,0.1518,0.8685
802,825,2018-11-18 01:00:00,24,0.1312,0.1857,0.6865,0.1324,0.2172,0.4974,0.13,0.1477,0.8757
803,826,2018-11-18 02:00:00,24,0.1297,0.1842,0.6892,0.1335,0.2174,0.4907,0.1259,0.1434,0.8877
804,827,2018-11-18 03:00:00,24,0.1281,0.1825,0.6939,0.1358,0.218,0.4846,0.1204,0.1381,0.9032
805,828,2018-11-18 04:00:00,24,0.1248,0.181,0.6984,0.1358,0.218,0.4813,0.1139,0.1341,0.9154
806,829,2018-11-18 05:00:00,24,0.122,0.1801,0.6993,0.1322,0.2172,0.4747,0.1117,0.133,0.9239
807,830,2018-11-18 06:00:00,24,0.1241,0.181,0.6972,0.1335,0.2173,0.4662,0.1147,0.1353,0.9283
808,831,2018-11-18 07:00:00,24,0.1234,0.1809,0.6979,0.1311,0.2169,0.4638,0.1158,0.1357,0.932
809,832,2018-11-18 08:00:00,24,0.1107,0.1407,0.8191,0.1043,0.145,0.7033,0.1172,0.1362,0.9349
810,833,2018-11-18 09:00:00,24,0.1129,0.1441,0.7527,0.1136,0.1545,0.5659,0.1122,0.1329,0.9395
811,834,2018-11-18 10:00:00,24,0.1091,0.1383,0.6726,0.1141,0.1545,0.3971,0.1041,0.1198,0.948
812,835,2018-11-18 11:00:00,24,0.1073,0.1368,0.573,0.1127,0.1535,0.203,0.1019,0.1178,0.943
813,836,2018-11-18 12:00:00,24,0.1059,0.1364,0.4853,0.113,0.1538,0.0402,0.0989,0.1164,0.9304
814,837,2018-11-18 13:00:00,24,0.1075,0.1375,0.3919,0.1163,0.1558,-0.1176,0.0987,0.1163,0.9015
815,838,2018-11-18 14:00:00,24,0.1028,0.1322,0.4245,0.112,0.1501,-0.0126,0.0936,0.1113,0.8617
816,839,2018-11-18 15:00:00,24,0.1033,0.1324,0.4287,0.1178,0.1545,0.0574,0.0887,0.1058,0.8001
817,840,2018-11-18 16:00:00,24,0.0994,0.1289,0.474,0.1187,0.1552,0.1915,0.0802,0.0956,0.7566
818,841,2018-11-18 17:00:00,24,0.0956,0.1242,0.5344,0.1141,0.1501,0.3445,0.0771,0.0912,0.7244
819,842,2018-11-18 18:00:00,24,0.0913,0.1207,0.5509,0.1069,0.145,0.3992,0.0757,0.0902,0.7025
820,843,2018-11-18 19:00:00,24,0.0837,0.1098,0.6255,0.095,0.1283,0.5439,0.0724,0.0876,0.7071
821,844,2018-11-18 20:00:00,24,0.0746,0.0944,0.7171,0.0815,0.1088,0.6661,0.0676,0.0773,0.7682
822,845,2018-11-18 21:00:00,24,0.0735,0.0933,0.7401,0.0775,0.1043,0.6761,0.0696,0.0807,0.8041
823,846,2018-11-18 22:00:00,24,0.0748,0.0952,0.7714,0.0777,0.1044,0.6719,0.0719,0.0851,0.8709
824,847,2018-11-18 23:00:00,24,0.074,0.095,0.7922,0.078,0.1044,0.6756,0.07,0.0844,0.9088
825,848,2018-11-19 00:00:00,24,0.0778,0.0986,0.7891,0.08,0.1053,0.671,0.0755,0.0914,0.9071
826,849,2018-11-19 01:00:00,24,0.077,0.098,0.7943,0.0828,0.1064,0.6685,0.0712,0.0888,0.9202
827,850,2018-11-19 02:00:00,24,0.0754,0.0968,0.7976,0.082,0.106,0.6697,0.0688,0.0867,0.9255
828,851,2018-11-19 03:00:00,24,0.0748,0.0964,0.7999,0.0815,0.1056,0.674,0.0682,0.0863,0.9257
829,852,2018-11-19 04:00:00,24,0.0754,0.0965,0.8,0.0814,0.1056,0.6758,0.0693,0.0866,0.9243
830,853,2018-11-19 05:00:00,24,0.078,0.0981,0.7942,0.0855,0.1078,0.6661,0.0704,0.0872,0.9223
831,854,2018-11-19 06:00:00,24,0.0769,0.097,0.7972,0.085,0.1077,0.6684,0.0688,0.085,0.9259
832,855,2018-11-19 07:00:00,24,0.0766,0.0967,0.7983,0.0866,0.1081,0.6694,0.0667,0.0838,0.9273
833,856,2018-11-19 08:00:00,24,0.0811,0.1114,0.7658,0.0973,0.134,0.6032,0.0649,0.0829,0.9285
834,857,2018-11-19 09:00:00,24,0.0811,0.1103,0.8092,0.0885,0.1231,0.7111,0.0736,0.0958,0.9073
835,858,2018-11-19 10:00:00,24,0.0822,0.1107,0.8298,0.0918,0.1245,0.7464,0.0727,0.0949,0.9133
836,859,2018-11-19 11:00:00,24,0.0845,0.1155,0.8131,0.0986,0.1338,0.7054,0.0705,0.0937,0.9208
837,860,2018-11-19 12:00:00,24,0.0848,0.1161,0.8175,0.0925,0.1297,0.724,0.0771,0.1006,0.911
838,861,2018-11-19 13:00:00,24,0.0862,0.1167,0.8176,0.0903,0.1279,0.7311,0.082,0.1044,0.9042
839,862,2018-11-19 14:00:00,24,0.085,0.1161,0.8188,0.0845,0.1241,0.742,0.0856,0.1075,0.8956
840,863,2018-11-19 15:00:00,24,0.0854,0.1158,0.8122,0.0826,0.1216,0.7346,0.0881,0.1097,0.8897
841,864,2018-11-19 16:00:00,24,0.0849,0.1154,0.7957,0.0819,0.1209,0.7029,0.0879,0.1097,0.8884
842,865,2018-11-19 17:00:00,24,0.0839,0.115,0.7744,0.0782,0.1187,0.6654,0.0895,0.1112,0.8833
843,866,2018-11-19 18:00:00,24,0.092,0.1251,0.7222,0.0837,0.1224,0.5993,0.1003,0.1277,0.8451
844,867,2018-11-19 19:00:00,24,0.0952,0.1286,0.7034,0.0823,0.1221,0.5744,0.108,0.1348,0.8324
845,868,2018-11-19 20:00:00,24,0.0982,0.1324,0.7063,0.0832,0.1222,0.5812,0.1133,0.1418,0.8314
846,869,2018-11-19 21:00:00,24,0.0988,0.1326,0.6996,0.0856,0.1242,0.5548,0.112,0.1405,0.8445
847,870,2018-11-19 22:00:00,24,0.0958,0.1301,0.6987,0.0853,0.1241,0.5525,0.1062,0.1358,0.8448
848,871,2018-11-19 23:00:00,24,0.0966,0.1302,0.6847,0.0863,0.1243,0.5456,0.1069,0.1359,0.8238
849,872,2018-11-20 00:00:00,24,0.0929,0.1275,0.6802,0.0849,0.1237,0.5388,0.101,0.1312,0.8217
850,873,2018-11-20 01:00:00,24,0.0935,0.1275,0.6638,0.084,0.1232,0.5294,0.103,0.1316,0.7982
851,874,2018-11-20 02:00:00,24,0.0959,0.1289,0.6337,0.0858,0.1242,0.4849,0.1059,0.1334,0.7825
852,875,2018-11-20 03:00:00,24,0.0983,0.1307,0.6113,0.0872,0.1252,0.4499,0.1094,0.136,0.7728
853,876,2018-11-20 04:00:00,24,0.0993,0.1311,0.5986,0.0872,0.1252,0.4279,0.1115,0.1369,0.7693
854,877,2018-11-20 05:00:00,24,0.0969,0.13,0.6005,0.0842,0.1234,0.4314,0.1097,0.1363,0.7696
855,878,2018-11-20 06:00:00,24,0.097,0.1302,0.5938,0.0836,0.1233,0.4068,0.1103,0.1368,0.7809
856,879,2018-11-20 07:00:00,24,0.1,0.1321,0.5884,0.0848,0.1239,0.3788,0.1153,0.1398,0.7979
857,880,2018-11-20 08:00:00,24,0.0999,0.1302,0.6453,0.0835,0.1196,0.4751,0.1164,0.1401,0.8156
858,881,2018-11-20 09:00:00,24,0.1006,0.1297,0.6433,0.0875,0.1229,0.4286,0.1137,0.1361,0.858
859,882,2018-11-20 10:00:00,24,0.0999,0.1294,0.6761,0.0851,0.1217,0.4737,0.1146,0.1367,0.8785
860,883,2018-11-20 11:00:00,24,0.1012,0.1299,0.7016,0.085,0.1214,0.5111,0.1173,0.1378,0.8921
861,884,2018-11-20 12:00:00,24,0.1011,0.1288,0.7133,0.0877,0.1225,0.5255,0.1145,0.1348,0.9011
862,885,2018-11-20 13:00:00,24,0.1073,0.1378,0.6082,0.0978,0.138,0.321,0.1168,0.1375,0.8953
863,886,2018-11-20 14:00:00,24,0.1166,0.1498,0.5164,0.1125,0.1568,0.1525,0.1206,0.1426,0.8804
864,887,2018-11-20 15:00:00,24,0.1209,0.1555,0.5057,0.1143,0.1586,0.1564,0.1276,0.1523,0.855
865,888,2018-11-20 16:00:00,24,0.1263,0.1598,0.5656,0.1162,0.1603,0.2835,0.1365,0.1593,0.8478
866,889,2018-11-20 17:00:00,24,0.1273,0.1605,0.609,0.1167,0.1604,0.3496,0.1379,0.1606,0.8684
867,890,2018-11-20 18:00:00,24,0.1221,0.1546,0.6438,0.1123,0.1577,0.3747,0.132,0.1515,0.9128
868,891,2018-11-20 19:00:00,24,0.1273,0.1602,0.6186,0.1252,0.1713,0.2971,0.1293,0.1482,0.9401
869,892,2018-11-20 20:00:00,24,0.1259,0.1578,0.6107,0.1267,0.1717,0.2617,0.1251,0.1425,0.9597
870,893,2018-11-20 21:00:00,24,0.1249,0.1575,0.6166,0.1232,0.17,0.2644,0.1266,0.1441,0.9687
871,894,2018-11-20 22:00:00,24,0.1332,0.1671,0.6112,0.1258,0.1708,0.2525,0.1406,0.1632,0.9699
872,895,2018-11-20 23:00:00,24,0.1387,0.1703,0.6071,0.1293,0.1725,0.2391,0.148,0.1682,0.975
873,896,2018-11-21 00:00:00,24,0.1427,0.1725,0.6079,0.132,0.1736,0.2369,0.1535,0.1714,0.9789
874,897,2018-11-21 01:00:00,24,0.1475,0.1759,0.6186,0.1341,0.1745,0.256,0.1609,0.1773,0.9812
875,898,2018-11-21 02:00:00,24,0.1441,0.1747,0.6407,0.1305,0.1736,0.2976,0.1576,0.1758,0.9838
876,899,2018-11-21 03:00:00,24,0.1402,0.173,0.6636,0.127,0.1723,0.3414,0.1535,0.1737,0.9857
877,900,2018-11-21 04:00:00,24,0.1426,0.1741,0.6691,0.1296,0.1732,0.3517,0.1555,0.1749,0.9866
878,901,2018-11-21 05:00:00,24,0.145,0.1752,0.6795,0.1294,0.1732,0.3719,0.1605,0.1773,0.987
879,902,2018-11-21 06:00:00,24,0.1469,0.1764,0.6655,0.1362,0.1767,0.3435,0.1576,0.176,0.9876
880,903,2018-11-21 07:00:00,24,0.1442,0.1751,0.6663,0.1341,0.1762,0.3446,0.1543,0.174,0.9879
881,904,2018-11-21 08:00:00,24,0.1472,0.1847,0.6264,0.1415,0.195,0.2651,0.1529,0.1738,0.9876
882,905,2018-11-21 09:00:00,24,0.1451,0.1832,0.6765,0.1387,0.1934,0.3662,0.1514,0.1724,0.9868
883,906,2018-11-21 10:00:00,24,0.1477,0.1859,0.6936,0.1475,0.1997,0.4019,0.148,0.171,0.9853
884,907,2018-11-21 11:00:00,24,0.1429,0.1823,0.7424,0.1379,0.1928,0.5022,0.148,0.171,0.9826
885,908,2018-11-21 12:00:00,24,0.1416,0.1817,0.7417,0.1381,0.1929,0.5045,0.1451,0.1697,0.9789
886,909,2018-11-21 13:00:00,24,0.1311,0.1735,0.7782,0.1248,0.1815,0.5816,0.1374,0.1651,0.9747
887,910,2018-11-21 14:00:00,24,0.1221,0.1628,0.8158,0.1125,0.1661,0.6625,0.1317,0.1595,0.9692
888,911,2018-11-21 15:00:00,24,0.1223,0.1637,0.7828,0.1185,0.175,0.6023,0.1261,0.1515,0.9633
889,912,2018-11-21 16:00:00,24,0.1208,0.1619,0.7635,0.1195,0.176,0.5727,0.1221,0.1466,0.9542
890,913,2018-11-21 17:00:00,24,0.1228,0.1652,0.7253,0.1295,0.1849,0.5106,0.116,0.1428,0.94
891,914,2018-11-21 18:00:00,24,0.1218,0.1644,0.709,0.1331,0.1865,0.4986,0.1105,0.1387,0.9194
892,915,2018-11-21 19:00:00,24,0.1171,0.1582,0.7097,0.1264,0.1774,0.5353,0.1077,0.1364,0.8842
893,916,2018-11-21 20:00:00,24,0.1148,0.1569,0.6917,0.1251,0.1771,0.555,0.1045,0.1338,0.8283
894,917,2018-11-21 21:00:00,24,0.1176,0.1601,0.6476,0.1263,0.1775,0.5788,0.1088,0.1406,0.7163
895,918,2018-11-21 22:00:00,24,0.1105,0.1506,0.6805,0.1254,0.1771,0.5895,0.0957,0.1182,0.7715
896,919,2018-11-21 23:00:00,24,0.1049,0.1469,0.6876,0.1205,0.1753,0.5901,0.0893,0.1114,0.7852
897,920,2018-11-22 00:00:00,24,0.1028,0.1452,0.688,0.1206,0.1754,0.5778,0.085,0.1068,0.7983
898,921,2018-11-22 01:00:00,24,0.0976,0.1409,0.6911,0.1186,0.1745,0.5481,0.0765,0.0963,0.834
899,922,2018-11-22 02:00:00,24,0.098,0.141,0.6629,0.1195,0.1746,0.4887,0.0764,0.0963,0.8371
900,923,2018-11-22 03:00:00,24,0.0988,0.1413,0.6138,0.1197,0.1746,0.3951,0.0778,0.0971,0.8324
901,924,2018-11-22 04:00:00,24,0.0999,0.1427,0.5484,0.1243,0.1783,0.2594,0.0756,0.0947,0.8373
902,925,2018-11-22 05:00:00,24,0.102,0.1445,0.4427,0.1258,0.1787,0.0669,0.0781,0.0992,0.8184
903,926,2018-11-22 06:00:00,24,0.0982,0.1422,0.3954,0.1192,0.1751,-0.0337,0.0772,0.0989,0.8245
904,927,2018-11-22 07:00:00,24,0.1024,0.145,0.255,0.1247,0.178,-0.2981,0.0801,0.1017,0.8082
905,928,2018-11-22 08:00:00,24,0.1017,0.136,0.4764,0.119,0.1613,0.1686,0.0845,0.1047,0.7843
906,929,2018-11-22 09:00:00,24,0.1019,0.1372,0.4622,0.124,0.1657,0.1153,0.0799,0.1011,0.8091
907,930,2018-11-22 10:00:00,24,0.1023,0.1386,0.4778,0.1254,0.1679,0.133,0.0791,0.1009,0.8225
908,931,2018-11-22 11:00:00,24,0.1039,0.1395,0.536,0.13,0.1701,0.241,0.0779,0.1,0.8309
909,932,2018-11-22 12:00:00,24,0.1057,0.1409,0.5365,0.1329,0.1722,0.2424,0.0784,0.1003,0.8305
910,933,2018-11-22 13:00:00,24,0.1098,0.1428,0.5483,0.1391,0.175,0.2741,0.0805,0.1009,0.8226
911,934,2018-11-22 14:00:00,24,0.1104,0.1435,0.5688,0.1381,0.1746,0.3083,0.0826,0.1033,0.8292
912,935,2018-11-22 15:00:00,24,0.104,0.1351,0.5907,0.1296,0.1634,0.324,0.0785,0.099,0.8575
913,936,2018-11-22 16:00:00,24,0.1017,0.1342,0.4933,0.1219,0.1588,0.1213,0.0815,0.1041,0.8653
914,937,2018-11-22 17:00:00,24,0.1016,0.1314,0.5073,0.1171,0.1519,0.138,0.086,0.1072,0.8766
915,938,2018-11-22 18:00:00,24,0.0993,0.1302,0.4235,0.1132,0.1498,-0.0412,0.0853,0.107,0.8882
916,939,2018-11-22 19:00:00,24,0.0993,0.1318,0.404,0.116,0.1535,-0.0901,0.0826,0.1056,0.8982
917,940,2018-11-22 20:00:00,24,0.1032,0.1348,0.391,0.1188,0.1547,-0.1151,0.0876,0.1115,0.8971
918,941,2018-11-22 21:00:00,24,0.1005,0.1308,0.4197,0.1187,0.1546,-0.0678,0.0824,0.1015,0.9072
919,942,2018-11-22 22:00:00,24,0.1039,0.1352,0.4321,0.1175,0.1543,0.0078,0.0903,0.1131,0.8563
920,943,2018-11-22 23:00:00,24,0.1054,0.1359,0.4117,0.1183,0.1543,0.0073,0.0925,0.1145,0.8161
921,944,2018-11-23 00:00:00,24,0.1055,0.1366,0.4171,0.1146,0.1528,0.0704,0.0964,0.1182,0.7637
922,945,2018-11-23 01:00:00,24,0.1052,0.1366,0.4304,0.1142,0.1527,0.1394,0.0962,0.1182,0.7215
923,946,2018-11-23 02:00:00,24,0.1068,0.1372,0.4106,0.117,0.1537,0.141,0.0966,0.1183,0.6802
924,947,2018-11-23 03:00:00,24,0.1063,0.1369,0.3961,0.1172,0.1538,0.1322,0.0954,0.1178,0.66
925,948,2018-11-23 04:00:00,24,0.1052,0.1355,0.3909,0.1135,0.1501,0.1959,0.097,0.1191,0.5859
926,949,2018-11-23 05:00:00,24,0.1033,0.1331,0.4087,0.114,0.1503,0.2093,0.0925,0.1133,0.6081
927,950,2018-11-23 06:00:00,24,0.1072,0.1351,0.3976,0.119,0.1527,0.1931,0.0954,0.1147,0.6022
928,951,2018-11-23 07:00:00,24,0.1073,0.1351,0.3892,0.1187,0.1525,0.1939,0.0958,0.1152,0.5845
929,952,2018-11-23 08:00:00,24,0.1077,0.1333,0.4042,0.116,0.1452,0.2125,0.0993,0.1202,0.5959
930,953,2018-11-23 09:00:00,24,0.1072,0.1317,0.4714,0.1122,0.141,0.2636,0.1022,0.1216,0.6791
931,954,2018-11-23 10:00:00,24,0.1075,0.1316,0.5112,0.1121,0.1408,0.2768,0.1029,0.1217,0.7456
932,955,2018-11-23 11:00:00,24,0.1098,0.1365,0.4215,0.1186,0.1502,0.0464,0.101,0.1211,0.7966
933,956,2018-11-23 12:00:00,24,0.1092,0.1363,0.4664,0.1131,0.1469,0.1276,0.1052,0.1248,0.8052
934,957,2018-11-23 13:00:00,24,0.1157,0.1446,0.4893,0.1163,0.1509,0.2226,0.1151,0.1379,0.756
935,958,2018-11-23 14:00:00,24,0.1196,0.1496,0.547,0.1178,0.1516,0.3742,0.1214,0.1476,0.7198
936,959,2018-11-23 15:00:00,24,0.1213,0.1507,0.5708,0.1176,0.1514,0.4227,0.1249,0.1499,0.7188
937,960,2018-11-23 16:00:00,24,0.1236,0.1538,0.5091,0.1298,0.1629,0.2695,0.1175,0.1441,0.7487
938,961,2018-11-23 17:00:00,24,0.1224,0.1529,0.5262,0.1264,0.1604,0.288,0.1185,0.145,0.7644
939,962,2018-11-23 18:00:00,24,0.124,0.1536,0.5136,0.1296,0.1618,0.2455,0.1183,0.145,0.7817
940,963,2018-11-23 19:00:00,24,0.1224,0.151,0.5456,0.1227,0.1552,0.3066,0.122,0.1467,0.7846
941,964,2018-11-23 20:00:00,24,0.1257,0.1551,0.5291,0.1259,0.158,0.3013,0.1255,0.152,0.757
942,965,2018-11-23 21:00:00,24,0.1279,0.1568,0.5155,0.1298,0.1609,0.2765,0.126,0.1525,0.7545
943,966,2018-11-23 22:00:00,24,0.13,0.1589,0.5052,0.1321,0.1618,0.2661,0.1279,0.156,0.7443
944,967,2018-11-23 23:00:00,24,0.1315,0.1596,0.4996,0.1339,0.1624,0.2568,0.129,0.1567,0.7424
945,968,2018-11-24 00:00:00,24,0.132,0.1593,0.4964,0.1367,0.1632,0.2508,0.1273,0.1552,0.7419
946,969,2018-11-24 01:00:00,24,0.1333,0.1597,0.4965,0.1365,0.1632,0.2638,0.1302,0.1562,0.7292
947,970,2018-11-24 02:00:00,24,0.1318,0.1592,0.5088,0.1333,0.1622,0.3005,0.1304,0.1563,0.717
948,971,2018-11-24 03:00:00,24,0.1322,0.1594,0.5042,0.1352,0.1628,0.3083,0.1292,0.156,0.7001
949,972,2018-11-24 04:00:00,24,0.1318,0.1592,0.5132,0.134,0.1621,0.3318,0.1295,0.1563,0.6946
950,973,2018-11-24 05:00:00,24,0.132,0.1596,0.5196,0.1327,0.1616,0.3514,0.1313,0.1577,0.6879
951,974,2018-11-24 06:00:00,24,0.1311,0.159,0.525,0.1305,0.1601,0.371,0.1317,0.1579,0.6791
952,975,2018-11-24 07:00:00,24,0.1314,0.1593,0.5166,0.1309,0.1605,0.3576,0.132,0.1581,0.6757
953,976,2018-11-24 08:00:00,24,0.1342,0.1668,0.4145,0.1366,0.1751,0.1598,0.1319,0.158,0.6692
954,977,2018-11-24 09:00:00,24,0.1317,0.1657,0.4055,0.133,0.1737,0.179,0.1304,0.1573,0.632
955,978,2018-11-24 10:00:00,24,0.1323,0.1644,0.3594,0.1269,0.1663,0.1925,0.1376,0.1624,0.5262
956,979,2018-11-24 11:00:00,24,0.1314,0.1622,0.2699,0.1241,0.1619,0.2479,0.1388,0.1626,0.2918
957,980,2018-11-24 12:00:00,24,0.1359,0.1673,-0.0045,0.136,0.1739,0.1538,0.1359,0.1604,-0.1627
958,981,2018-11-24 13:00:00,24,0.1301,0.1604,-0.094,0.1303,0.1686,0.1258,0.1298,0.1519,-0.3138
959,982,2018-11-24 14:00:00,24,0.13,0.1592,0.0016,0.1369,0.1747,0.013,0.123,0.142,-0.0097
960,983,2018-11-24 15:00:00,24,0.1283,0.1584,0.1515,0.1339,0.1734,0.1096,0.1228,0.1418,0.1935
961,984,2018-11-24 16:00:00,24,0.1265,0.1545,0.3679,0.1247,0.1633,0.3581,0.1282,0.1453,0.3777
962,985,2018-11-24 17:00:00,24,0.1248,0.1536,0.4963,0.1226,0.1625,0.4199,0.127,0.1441,0.5728
963,986,2018-11-24 18:00:00,24,0.1304,0.1579,0.6067,0.1259,0.1655,0.5077,0.1349,0.1499,0.7058
964,987,2018-11-24 19:00:00,24,0.1337,0.1612,0.699,0.1272,0.1662,0.5959,0.1402,0.156,0.8021
965,988,2018-11-24 20:00:00,24,0.139,0.1767,0.7285,0.1246,0.1639,0.6086,0.1534,0.1887,0.8483
966,989,2018-11-24 21:00:00,24,0.1469,0.1937,0.7512,0.1225,0.1621,0.6193,0.1712,0.2208,0.8831
967,990,2018-11-24 22:00:00,24,0.1574,0.2152,0.7478,0.1272,0.1663,0.5856,0.1876,0.255,0.91
968,991,2018-11-24 23:00:00,24,0.1631,0.221,0.7531,0.129,0.1672,0.571,0.1972,0.264,0.9351
969,992,2018-11-25 00:00:00,24,0.1615,0.2204,0.7607,0.1273,0.1666,0.5715,0.1957,0.2634,0.9498
970,993,2018-11-25 01:00:00,24,0.163,0.2213,0.7651,0.127,0.1665,0.5721,0.199,0.265,0.9581
971,994,2018-11-25 02:00:00,24,0.1662,0.2224,0.7661,0.1296,0.1672,0.5688,0.2029,0.2665,0.9634
972,995,2018-11-25 03:00:00,24,0.1678,0.2228,0.7682,0.1297,0.1672,0.5695,0.206,0.2671,0.9669
973,996,2018-11-25 04:00:00,24,0.1676,0.2227,0.7668,0.131,0.168,0.5647,0.2043,0.2664,0.969
974,997,2018-11-25 05:00:00,24,0.1682,0.2231,0.7583,0.1359,0.1712,0.5464,0.2005,0.2651,0.9703
975,998,2018-11-25 06:00:00,24,0.168,0.223,0.7585,0.1357,0.1711,0.5468,0.2002,0.265,0.9702
976,999,2018-11-25 07:00:00,24,0.1684,0.2238,0.7467,0.1387,0.1745,0.5236,0.1982,0.264,0.9698
977,1000,2018-11-25 08:00:00,24,0.1593,0.212,0.78,0.1263,0.1475,0.5905,0.1922,0.2609,0.9696
978,1001,2018-11-25 09:00:00,24,0.1618,0.2128,0.7358,0.1288,0.1485,0.5039,0.1948,0.2618,0.9677
979,1002,2018-11-25 10:00:00,24,0.1593,0.212,0.6331,0.1239,0.1461,0.3019,0.1947,0.2618,0.9644
980,1003,2018-11-25 11:00:00,24,0.1587,0.2117,0.5954,0.1157,0.139,0.2318,0.2017,0.2651,0.959
981,1004,2018-11-25 12:00:00,24,0.1544,0.2076,0.711,0.1086,0.1269,0.4688,0.2002,0.2647,0.9532
982,1005,2018-11-25 13:00:00,24,0.1684,0.2261,0.55,0.1234,0.1553,0.1607,0.2134,0.2795,0.9393
983,1006,2018-11-25 14:00:00,24,0.1687,0.2262,0.5604,0.1214,0.1526,0.194,0.216,0.2811,0.9269
984,1007,2018-11-25 15:00:00,24,0.1716,0.2275,0.5362,0.1271,0.1566,0.1627,0.216,0.2811,0.9096
985,1008,2018-11-25 16:00:00,24,0.1716,0.2274,0.5356,0.1293,0.158,0.1873,0.2139,0.2801,0.8839
986,1009,2018-11-25 17:00:00,24,0.1694,0.2268,0.5272,0.128,0.1578,0.2122,0.2109,0.2792,0.8421
987,1010,2018-11-25 18:00:00,24,0.1641,0.224,0.5028,0.1203,0.153,0.2327,0.2079,0.2774,0.773
988,1011,2018-11-25 19:00:00,24,0.1623,0.2225,0.3488,0.1232,0.1556,0.0375,0.2013,0.2736,0.66
989,1012,2018-11-25 20:00:00,24,0.1534,0.2089,0.3419,0.1185,0.1538,0.0164,0.1883,0.2523,0.6675
990,1013,2018-11-25 21:00:00,24,0.1427,0.1915,0.3902,0.1181,0.1535,0.0157,0.1672,0.223,0.7648
991,1014,2018-11-25 22:00:00,24,0.1285,0.1634,0.4509,0.1101,0.1479,0.0392,0.1469,0.1775,0.8625
992,1015,2018-11-25 23:00:00,24,0.1268,0.1631,0.3812,0.1063,0.1462,-0.0931,0.1473,0.1784,0.8555
993,1016,2018-11-26 00:00:00,24,0.1316,0.1686,0.3263,0.1064,0.1462,-0.1738,0.1568,0.1883,0.8264
994,1017,2018-11-26 01:00:00,24,0.1288,0.167,0.3159,0.1054,0.1461,-0.1759,0.1521,0.1855,0.8078
995,1018,2018-11-26 02:00:00,24,0.129,0.1676,0.2428,0.1101,0.1503,-0.2855,0.1478,0.1833,0.7711
996,1019,2018-11-26 03:00:00,24,0.1326,0.1704,0.161,0.1155,0.1551,-0.3746,0.1497,0.1845,0.6965
997,1020,2018-11-26 04:00:00,24,0.1322,0.1702,0.1006,0.1141,0.1543,-0.4057,0.1503,0.1848,0.607
998,1021,2018-11-26 05:00:00,24,0.1421,0.1836,-0.0943,0.1255,0.1754,-0.6733,0.1587,0.1915,0.4846
999,1022,2018-11-26 06:00:00,24,0.1397,0.1829,-0.0948,0.1235,0.1748,-0.6054,0.1559,0.1906,0.4158
1000,1023,2018-11-26 07:00:00,24,0.1363,0.1806,-0.0991,0.1202,0.1711,-0.5391,0.1523,0.1896,0.3409
1001,1024,2018-11-26 08:00:00,24,0.1451,0.1931,-0.025,0.1316,0.1921,-0.3517,0.1586,0.1941,0.3017
1002,1025,2018-11-26 09:00:00,24,0.1459,0.1936,0.0827,0.1323,0.1925,-0.2485,0.1594,0.1946,0.4139
1003,1026,2018-11-26 10:00:00,24,0.1457,0.1927,0.1254,0.1375,0.1946,-0.2801,0.154,0.1909,0.5308
1004,1027,2018-11-26 11:00:00,24,0.1491,0.1985,0.1404,0.1528,0.2103,-0.3603,0.1454,0.186,0.6411
1005,1028,2018-11-26 12:00:00,24,0.1563,0.2076,0.0174,0.1651,0.2265,-0.6608,0.1476,0.1869,0.6955
1006,1029,2018-11-26 13:00:00,24,0.14,0.1862,0.3452,0.1476,0.2072,-0.1164,0.1323,0.1624,0.8068
1007,1030,2018-11-26 14:00:00,24,0.1389,0.1855,0.3575,0.1492,0.2088,-0.1215,0.1286,0.1588,0.8364
1008,1031,2018-11-26 15:00:00,24,0.1378,0.1859,0.4162,0.1517,0.2113,-0.0228,0.1239,0.1565,0.8553
1009,1032,2018-11-26 16:00:00,24,0.1363,0.1851,0.4693,0.1499,0.2105,0.0749,0.1226,0.1557,0.8636
1010,1033,2018-11-26 17:00:00,24,0.138,0.1857,0.5035,0.1544,0.2117,0.1412,0.1215,0.1555,0.8657
1011,1034,2018-11-26 18:00:00,24,0.1453,0.1975,0.5429,0.1743,0.2336,0.2159,0.1162,0.1532,0.8699
1012,1035,2018-11-26 19:00:00,24,0.1446,0.197,0.5945,0.1731,0.2328,0.3189,0.1162,0.1531,0.8701
1013,1036,2018-11-26 20:00:00,24,0.1475,0.1979,0.593,0.1838,0.2387,0.3012,0.1112,0.146,0.8847
1014,1037,2018-11-26 21:00:00,24,0.1462,0.1974,0.5992,0.1807,0.2377,0.3132,0.1117,0.1464,0.8851
1015,1038,2018-11-26 22:00:00,24,0.1479,0.1975,0.6138,0.1862,0.2396,0.3379,0.1095,0.1436,0.8898
1016,1039,2018-11-26 23:00:00,24,0.1452,0.1932,0.6401,0.1864,0.2396,0.3748,0.1039,0.1314,0.9055
1017,1040,2018-11-27 00:00:00,24,0.1393,0.1883,0.663,0.1846,0.2394,0.4073,0.094,0.1165,0.9188
1018,1041,2018-11-27 01:00:00,24,0.14,0.1884,0.6678,0.187,0.2398,0.4241,0.0931,0.1161,0.9114
1019,1042,2018-11-27 02:00:00,24,0.1363,0.1864,0.6797,0.18,0.2367,0.4554,0.0926,0.116,0.9041
1020,1043,2018-11-27 03:00:00,24,0.1342,0.1847,0.6831,0.1755,0.2338,0.4715,0.093,0.1164,0.8948
1021,1044,2018-11-27 04:00:00,24,0.1334,0.1843,0.6803,0.1753,0.2338,0.4761,0.0916,0.1154,0.8845
1022,1045,2018-11-27 05:00:00,24,0.122,0.1699,0.7022,0.161,0.2167,0.516,0.0831,0.1039,0.8884
1023,1046,2018-11-27 06:00:00,24,0.1299,0.1757,0.6552,0.1711,0.2234,0.4481,0.0886,0.1087,0.8623
1024,1047,2018-11-27 07:00:00,24,0.1304,0.1753,0.6339,0.1686,0.222,0.4127,0.0922,0.1105,0.8551
1025,1048,2018-11-27 08:00:00,24,0.1239,0.1666,0.6208,0.1637,0.2126,0.3533,0.0841,0.1015,0.8882
1026,1049,2018-11-27 09:00:00,24,0.1207,0.1651,0.5703,0.1626,0.2121,0.2399,0.0789,0.0975,0.9007
1027,1050,2018-11-27 10:00:00,24,0.1256,0.1736,0.5956,0.1736,0.2257,0.2869,0.0776,0.0968,0.9044
1028,1051,2018-11-27 11:00:00,24,0.1287,0.1734,0.5439,0.1677,0.2171,0.2146,0.0897,0.1139,0.8732
1029,1052,2018-11-27 12:00:00,24,0.1318,0.1764,0.6134,0.1673,0.2165,0.3651,0.0963,0.124,0.8616
1030,1053,2018-11-27 13:00:00,24,0.1347,0.1782,0.6369,0.1694,0.217,0.4154,0.1,0.1281,0.8584
1031,1054,2018-11-27 14:00:00,24,0.1321,0.1758,0.6521,0.1637,0.2127,0.4507,0.1006,0.1286,0.8534
1032,1055,2018-11-27 15:00:00,24,0.1279,0.1725,0.6611,0.1562,0.2074,0.4794,0.0997,0.1286,0.8428
1033,1056,2018-11-27 16:00:00,24,0.1335,0.1774,0.6568,0.1599,0.2097,0.4838,0.1071,0.1377,0.8298
1034,1057,2018-11-27 17:00:00,24,0.1344,0.1784,0.6742,0.1626,0.2115,0.5122,0.1062,0.1376,0.8363
1035,1058,2018-11-27 18:00:00,24,0.1328,0.1733,0.6638,0.1584,0.2027,0.4866,0.1072,0.1377,0.841
1036,1059,2018-11-27 19:00:00,24,0.1308,0.1721,0.6501,0.1552,0.201,0.4555,0.1063,0.1372,0.8448
1037,1060,2018-11-27 20:00:00,24,0.1283,0.1702,0.6446,0.1469,0.1944,0.4856,0.1097,0.1419,0.8036
1038,1061,2018-11-27 21:00:00,24,0.1332,0.1765,0.608,0.1463,0.1943,0.4786,0.12,0.1567,0.7374
1039,1062,2018-11-27 22:00:00,24,0.1371,0.183,0.5775,0.1447,0.1933,0.45,0.1295,0.1721,0.705
1040,1063,2018-11-27 23:00:00,24,0.1383,0.183,0.565,0.1526,0.1981,0.3733,0.124,0.1666,0.7567
1041,1064,2018-11-28 00:00:00,24,0.1422,0.1857,0.5336,0.1538,0.1982,0.2895,0.1306,0.1723,0.7777
1042,1065,2018-11-28 01:00:00,24,0.1412,0.1855,0.4987,0.1513,0.1978,0.2026,0.1311,0.1724,0.7948
1043,1066,2018-11-28 02:00:00,24,0.1457,0.1876,0.4092,0.1574,0.2007,0.0304,0.1339,0.1734,0.788
1044,1067,2018-11-28 03:00:00,24,0.1442,0.1867,0.3051,0.1572,0.2005,-0.1782,0.1311,0.1717,0.7884
1045,1068,2018-11-28 04:00:00,24,0.1457,0.1877,0.0828,0.1608,0.2026,-0.609,0.1306,0.1715,0.7747
1046,1069,2018-11-28 05:00:00,24,0.1465,0.1884,-0.2741,0.1629,0.2039,-1.2939,0.1301,0.1714,0.7457
1047,1070,2018-11-28 06:00:00,24,0.1412,0.1838,-0.3407,0.1563,0.1978,-1.4112,0.126,0.1687,0.7298
1048,1071,2018-11-28 07:00:00,24,0.1403,0.1835,-0.411,0.1567,0.1979,-1.5378,0.1239,0.1678,0.7158
1049,1072,2018-11-28 08:00:00,24,0.1433,0.1873,-0.2827,0.1599,0.2043,-1.2765,0.1266,0.1687,0.7111
1050,1073,2018-11-28 09:00:00,24,0.1475,0.1894,-0.2953,0.163,0.206,-1.2964,0.1321,0.1712,0.7058
1051,1074,2018-11-28 10:00:00,24,0.1439,0.1824,-0.3505,0.1507,0.1902,-1.4295,0.1371,0.1742,0.7284
1052,1075,2018-11-28 11:00:00,24,0.1379,0.1757,-0.2494,0.1447,0.1845,-1.3108,0.1312,0.1664,0.8121
1053,1076,2018-11-28 12:00:00,24,0.1314,0.1676,0.1245,0.1411,0.1769,-0.6228,0.1216,0.1578,0.8717
1054,1077,2018-11-28 13:00:00,24,0.1274,0.1654,0.4543,0.1406,0.1767,0.0031,0.1142,0.1532,0.9054
1055,1078,2018-11-28 14:00:00,24,0.132,0.1699,0.5332,0.1455,0.181,0.1536,0.1185,0.158,0.9127
1056,1079,2018-11-28 15:00:00,24,0.144,0.1857,0.3981,0.1642,0.2081,-0.1221,0.1238,0.1602,0.9182
1057,1080,2018-11-28 16:00:00,24,0.1438,0.1873,0.4313,0.1713,0.2166,-0.0686,0.1164,0.1524,0.9312
1058,1081,2018-11-28 17:00:00,24,0.1484,0.1901,0.3961,0.1737,0.2189,-0.1421,0.1232,0.1561,0.9343
1059,1082,2018-11-28 18:00:00,24,0.1428,0.1825,0.4648,0.1599,0.2047,-0.0097,0.1258,0.1571,0.9392
1060,1083,2018-11-28 19:00:00,24,0.1447,0.1835,0.4719,0.1632,0.2065,0.0011,0.1263,0.1573,0.9427
1061,1084,2018-11-28 20:00:00,24,0.1452,0.183,0.4926,0.1671,0.2084,0.0373,0.1233,0.1535,0.948
1062,1085,2018-11-28 21:00:00,24,0.1508,0.1976,0.4911,0.1667,0.2084,0.0611,0.135,0.1862,0.9212
1063,1086,2018-11-28 22:00:00,24,0.1577,0.2148,0.496,0.1673,0.2087,0.1087,0.148,0.2207,0.8832
1064,1087,2018-11-28 23:00:00,24,0.1658,0.2292,0.5331,0.1632,0.2055,0.2121,0.1684,0.2507,0.8542
1065,1088,2018-11-29 00:00:00,24,0.1699,0.2337,0.5713,0.1647,0.2058,0.2853,0.175,0.2587,0.8573
1066,1089,2018-11-29 01:00:00,24,0.1756,0.2376,0.6016,0.1656,0.2059,0.3319,0.1856,0.2656,0.8714
1067,1090,2018-11-29 02:00:00,24,0.1768,0.2383,0.6451,0.1659,0.2062,0.3993,0.1876,0.2666,0.891
1068,1091,2018-11-29 03:00:00,24,0.1769,0.2389,0.6736,0.1624,0.2054,0.4407,0.1914,0.2683,0.9065
1069,1092,2018-11-29 04:00:00,24,0.1814,0.2422,0.6965,0.1613,0.2046,0.4752,0.2014,0.2747,0.9179
1070,1093,2018-11-29 05:00:00,24,0.1829,0.2427,0.7132,0.1615,0.2048,0.4981,0.2042,0.2754,0.9282
1071,1094,2018-11-29 06:00:00,24,0.1852,0.245,0.7176,0.1681,0.2107,0.5002,0.2023,0.2751,0.9349
1072,1095,2018-11-29 07:00:00,24,0.1953,0.2537,0.7217,0.173,0.2145,0.5074,0.2176,0.2875,0.936
1073,1096,2018-11-29 08:00:00,24,0.1973,0.2549,0.7576,0.1733,0.2151,0.5746,0.2213,0.2892,0.9406
1074,1097,2018-11-29 09:00:00,24,0.1932,0.2535,0.7776,0.167,0.2129,0.611,0.2194,0.2884,0.9443
1075,1098,2018-11-29 10:00:00,24,0.1949,0.2559,0.7767,0.1641,0.2119,0.6107,0.2257,0.2935,0.9426
1076,1099,2018-11-29 11:00:00,24,0.1954,0.2571,0.7673,0.17,0.2167,0.5928,0.2208,0.2919,0.9418
1077,1100,2018-11-29 12:00:00,24,0.1949,0.2549,0.7408,0.165,0.2101,0.5428,0.2247,0.293,0.9389
1078,1101,2018-11-29 13:00:00,24,0.1979,0.2561,0.6565,0.1696,0.2127,0.3786,0.2261,0.2931,0.9344
1079,1102,2018-11-29 14:00:00,24,0.1967,0.2559,0.5012,0.1729,0.2166,0.0717,0.2204,0.29,0.9307
1080,1103,2018-11-29 15:00:00,24,0.1954,0.2515,0.5371,0.1625,0.1974,0.1524,0.2282,0.2959,0.9218
1081,1104,2018-11-29 16:00:00,24,0.1974,0.2527,0.5982,0.1629,0.1982,0.2835,0.2318,0.2974,0.9128
1082,1105,2018-11-29 17:00:00,24,0.1989,0.2541,0.6054,0.1609,0.1959,0.3125,0.2369,0.3012,0.8983
1083,1106,2018-11-29 18:00:00,24,0.2035,0.2565,0.6236,0.1647,0.1979,0.367,0.2424,0.304,0.8802
1084,1107,2018-11-29 19:00:00,24,0.205,0.2579,0.613,0.1686,0.2017,0.3647,0.2414,0.3038,0.8612
1085,1108,2018-11-29 20:00:00,24,0.2057,0.2583,0.6077,0.169,0.202,0.3697,0.2424,0.3044,0.8457
1086,1109,2018-11-29 21:00:00,24,0.2006,0.2477,0.6231,0.17,0.2021,0.3876,0.2312,0.2861,0.8587
1087,1110,2018-11-29 22:00:00,24,0.1961,0.2341,0.6087,0.179,0.212,0.3256,0.2133,0.2543,0.8918
1088,1111,2018-11-29 23:00:00,24,0.1852,0.2184,0.6255,0.1756,0.2107,0.3324,0.1949,0.2259,0.9187
1089,1112,2018-11-30 00:00:00,24,0.1827,0.2157,0.613,0.1857,0.2195,0.2943,0.1796,0.2118,0.9317
1090,1113,2018-11-30 01:00:00,24,0.177,0.2114,0.6226,0.1848,0.2194,0.3069,0.1692,0.2031,0.9384
1091,1114,2018-11-30 02:00:00,24,0.1719,0.2089,0.6277,0.1792,0.2166,0.3149,0.1647,0.201,0.9404
1092,1115,2018-11-30 03:00:00,24,0.17,0.2078,0.6235,0.1793,0.2166,0.3048,0.1606,0.1986,0.9422
1093,1116,2018-11-30 04:00:00,24,0.1624,0.2027,0.6264,0.1737,0.2148,0.3077,0.1512,0.1898,0.9452
1094,1117,2018-11-30 05:00:00,24,0.1581,0.201,0.6333,0.1685,0.2126,0.3229,0.1478,0.1887,0.9436
1095,1118,2018-11-30 06:00:00,24,0.1579,0.1997,0.6258,0.1659,0.2097,0.3103,0.15,0.1892,0.9412
1096,1119,2018-11-30 07:00:00,24,0.1461,0.188,0.6263,0.1571,0.2046,0.3055,0.135,0.1698,0.9471
1097,1120,2018-11-30 08:00:00,24,0.14,0.1784,0.592,0.1443,0.1859,0.2479,0.1357,0.1706,0.9362
1098,1121,2018-11-30 09:00:00,24,0.1497,0.191,0.4328,0.164,0.2096,-0.0548,0.1354,0.1704,0.9203
1099,1122,2018-11-30 10:00:00,24,0.1446,0.1861,0.4332,0.1628,0.2094,-0.0534,0.1263,0.1593,0.9197
1100,1123,2018-11-30 11:00:00,24,0.148,0.1909,0.4548,0.1684,0.2177,0.0044,0.1275,0.1597,0.9052
1101,1124,2018-11-30 12:00:00,24,0.1458,0.1894,0.4597,0.167,0.2164,0.0351,0.1245,0.158,0.8844
1102,1125,2018-11-30 13:00:00,24,0.1441,0.1887,0.3992,0.1654,0.2152,-0.0538,0.1229,0.1577,0.8522
1103,1126,2018-11-30 14:00:00,24,0.1395,0.1842,0.3946,0.1574,0.2077,-0.0165,0.1216,0.1572,0.8056
1104,1127,2018-11-30 15:00:00,24,0.1341,0.1775,0.4396,0.153,0.2034,0.0851,0.1151,0.147,0.7941
1105,1128,2018-11-30 16:00:00,24,0.1297,0.1725,0.3933,0.1489,0.1971,0.0138,0.1106,0.1436,0.7729
1106,1129,2018-11-30 17:00:00,24,0.1285,0.1717,0.4318,0.1538,0.2032,0.0706,0.1031,0.1329,0.7929
1107,1130,2018-11-30 18:00:00,24,0.1236,0.168,0.4317,0.1508,0.2016,0.0412,0.0964,0.1256,0.8221
1108,1131,2018-11-30 19:00:00,24,0.1251,0.1694,0.4051,0.1523,0.2035,-0.0201,0.098,0.1265,0.8303
1109,1132,2018-11-30 20:00:00,24,0.1189,0.1657,0.4259,0.1467,0.2009,-0.0044,0.091,0.1207,0.8563
1110,1133,2018-11-30 21:00:00,24,0.1152,0.1598,0.4216,0.1467,0.2009,-0.0496,0.0836,0.1035,0.8928
1111,1134,2018-11-30 22:00:00,24,0.1072,0.1495,0.4835,0.135,0.1892,0.0659,0.0793,0.0943,0.901
1112,1135,2018-11-30 23:00:00,24,0.1084,0.1504,0.4675,0.1362,0.1895,0.0626,0.0806,0.0965,0.8725
1113,1136,2018-12-01 00:00:00,24,0.1032,0.1439,0.4715,0.1254,0.1792,0.1011,0.0809,0.0966,0.8419
1114,1137,2018-12-01 01:00:00,24,0.1048,0.1445,0.4125,0.1291,0.1801,0.0383,0.0805,0.0964,0.7867
1115,1138,2018-12-01 02:00:00,24,0.1049,0.1445,0.3593,0.129,0.1801,0.018,0.0808,0.0965,0.7005
1116,1139,2018-12-01 03:00:00,24,0.1062,0.1449,0.3445,0.1316,0.1807,0.0326,0.0809,0.0966,0.6564
1117,1140,2018-12-01 04:00:00,24,0.1094,0.1465,0.3555,0.1341,0.1811,0.0752,0.0846,0.1007,0.6358
1118,1141,2018-12-01 05:00:00,24,0.1136,0.15,0.3551,0.1422,0.1867,0.0173,0.0851,0.1009,0.6929
1119,1142,2018-12-01 06:00:00,24,0.1114,0.1479,0.4101,0.1383,0.1834,0.0604,0.0846,0.1005,0.7597
1120,1143,2018-12-01 07:00:00,24,0.1137,0.1489,0.4266,0.1428,0.185,0.0474,0.0847,0.1006,0.8058
1121,1144,2018-12-01 08:00:00,24,0.1167,0.1598,0.3808,0.1566,0.2062,-0.1012,0.0767,0.0927,0.8628
1122,1145,2018-12-01 09:00:00,24,0.1125,0.1488,0.4929,0.146,0.1875,0.0864,0.0791,0.0957,0.8994
1123,1146,2018-12-01 10:00:00,24,0.1128,0.1487,0.5101,0.1485,0.188,0.0894,0.0771,0.0943,0.9307
1124,1147,2018-12-01 11:00:00,24,0.1079,0.1404,0.4948,0.1403,0.1752,0.0414,0.0754,0.0936,0.9483
1125,1148,2018-12-01 12:00:00,24,0.1043,0.1377,0.509,0.1341,0.171,0.0586,0.0745,0.0932,0.9594
1126,1149,2018-12-01 13:00:00,24,0.1088,0.141,0.467,0.1369,0.1737,-0.0274,0.0806,0.0979,0.9614
1127,1150,2018-12-01 14:00:00,24,0.1126,0.1445,0.5379,0.1382,0.1746,0.1174,0.087,0.1062,0.9584
1128,1151,2018-12-01 15:00:00,24,0.1216,0.164,0.3675,0.1546,0.2048,-0.2226,0.0886,0.1089,0.9575
1129,1152,2018-12-01 16:00:00,24,0.1263,0.1706,0.3559,0.1603,0.2135,-0.2429,0.0924,0.1124,0.9547
1130,1153,2018-12-01 17:00:00,24,0.1251,0.1681,0.3241,0.1553,0.2077,-0.304,0.095,0.1155,0.9522
1131,1154,2018-12-01 18:00:00,24,0.1322,0.1747,0.2466,0.1596,0.2103,-0.4498,0.1047,0.1296,0.9429
1132,1155,2018-12-01 19:00:00,24,0.1262,0.1697,0.3169,0.1495,0.2026,-0.3117,0.1029,0.1287,0.9456
1133,1156,2018-12-01 20:00:00,24,0.1262,0.1698,0.3219,0.1498,0.2027,-0.3029,0.1026,0.1287,0.9467
1134,1157,2018-12-01 21:00:00,24,0.1349,0.1807,0.3252,0.1571,0.207,-0.2726,0.1127,0.1498,0.923
1135,1158,2018-12-01 22:00:00,24,0.1451,0.1944,0.3745,0.1647,0.2122,-0.135,0.1256,0.1748,0.8839
1136,1159,2018-12-01 23:00:00,24,0.1553,0.2114,0.4266,0.1681,0.2139,0.03,0.1425,0.2088,0.8232
1137,1160,2018-12-02 00:00:00,24,0.1583,0.2132,0.4567,0.1668,0.2137,0.0982,0.1498,0.2127,0.8152
1138,1161,2018-12-02 01:00:00,24,0.1573,0.213,0.4687,0.1635,0.2129,0.1264,0.1512,0.2131,0.8111
1139,1162,2018-12-02 02:00:00,24,0.1575,0.2131,0.4677,0.165,0.2133,0.1265,0.1499,0.2129,0.8089
1140,1163,2018-12-02 03:00:00,24,0.1555,0.2127,0.4617,0.1641,0.2131,0.1117,0.147,0.2124,0.8117
1141,1164,2018-12-02 04:00:00,24,0.1529,0.2117,0.4349,0.165,0.2134,0.0498,0.1408,0.21,0.82
1142,1165,2018-12-02 05:00:00,24,0.1521,0.2104,0.4428,0.1605,0.2098,0.0661,0.1436,0.2109,0.8196
1143,1166,2018-12-02 06:00:00,24,0.1506,0.2098,0.427,0.1582,0.2089,0.0338,0.1431,0.2108,0.8203
1144,1167,2018-12-02 07:00:00,24,0.1539,0.212,0.3863,0.1624,0.2122,-0.0467,0.1455,0.2117,0.8193
1145,1168,2018-12-02 08:00:00,24,0.1496,0.2028,0.4814,0.1477,0.1912,0.1469,0.1515,0.2138,0.8158
1146,1169,2018-12-02 09:00:00,24,0.147,0.2008,0.4894,0.1423,0.1868,0.1656,0.1517,0.2139,0.8133
1147,1170,2018-12-02 10:00:00,24,0.1491,0.2022,0.4845,0.1412,0.1865,0.1668,0.157,0.2167,0.8023
1148,1171,2018-12-02 11:00:00,24,0.1485,0.2017,0.494,0.1343,0.1827,0.2028,0.1627,0.219,0.7853
1149,1172,2018-12-02 12:00:00,24,0.1587,0.2112,0.4599,0.1388,0.185,0.1822,0.1786,0.2345,0.7377
1150,1173,2018-12-02 13:00:00,24,0.156,0.2101,0.4348,0.1312,0.1804,0.1496,0.1808,0.2361,0.72
1151,1174,2018-12-02 14:00:00,24,0.1525,0.2081,0.2772,0.1271,0.1785,-0.1669,0.178,0.234,0.7212
1152,1175,2018-12-02 15:00:00,24,0.1405,0.1917,0.5229,0.1051,0.1396,0.3281,0.1758,0.2325,0.7178
1153,1176,2018-12-02 16:00:00,24,0.1351,0.1851,0.4889,0.0983,0.1236,0.2597,0.1718,0.2308,0.718
1154,1177,2018-12-02 17:00:00,24,0.135,0.1852,0.4644,0.0968,0.1216,0.2321,0.1733,0.232,0.6967
1155,1178,2018-12-02 18:00:00,24,0.1306,0.1819,0.478,0.0901,0.1162,0.3076,0.1712,0.2295,0.6483
1156,1179,2018-12-02 19:00:00,24,0.1339,0.1845,0.4454,0.0893,0.116,0.3113,0.1786,0.2337,0.5795
1157,1180,2018-12-02 20:00:00,24,0.1421,0.1903,0.4128,0.094,0.1196,0.2827,0.1901,0.241,0.543
1158,1181,2018-12-02 21:00:00,24,0.1397,0.1921,0.5387,0.0856,0.1118,0.3902,0.1937,0.2476,0.6873
1159,1182,2018-12-02 22:00:00,24,0.1307,0.1787,0.6478,0.0817,0.1049,0.4761,0.1797,0.23,0.8195
1160,1183,2018-12-02 23:00:00,24,0.1202,0.1594,0.6911,0.0757,0.1005,0.4824,0.1648,0.2017,0.8998
1161,1184,2018-12-03 00:00:00,24,0.1238,0.1629,0.6944,0.0789,0.1024,0.467,0.1686,0.2064,0.9218
1162,1185,2018-12-03 01:00:00,24,0.1252,0.1633,0.6999,0.0809,0.1031,0.4609,0.1694,0.2067,0.9389
1163,1186,2018-12-03 02:00:00,24,0.1346,0.1722,0.6479,0.0878,0.1132,0.3535,0.1813,0.2156,0.9422
1164,1187,2018-12-03 03:00:00,24,0.1382,0.1744,0.6476,0.0872,0.113,0.3499,0.1893,0.2192,0.9453
1165,1188,2018-12-03 04:00:00,24,0.139,0.1747,0.6458,0.0884,0.114,0.3426,0.1896,0.2192,0.949
1166,1189,2018-12-03 05:00:00,24,0.1402,0.1759,0.6519,0.0871,0.1129,0.3533,0.1932,0.2216,0.9505
1167,1190,2018-12-03 06:00:00,24,0.1434,0.1775,0.6397,0.0901,0.1152,0.3275,0.1967,0.2229,0.9519
1168,1191,2018-12-03 07:00:00,24,0.1412,0.1754,0.6757,0.0865,0.1097,0.3981,0.1958,0.2225,0.9533
1169,1192,2018-12-03 08:00:00,24,0.1437,0.1792,0.645,0.0946,0.124,0.3348,0.1929,0.2211,0.9553
1170,1193,2018-12-03 09:00:00,24,0.1435,0.1789,0.6442,0.0962,0.1255,0.3314,0.1907,0.2198,0.957
1171,1194,2018-12-03 10:00:00,24,0.1478,0.1829,0.6279,0.1064,0.138,0.2973,0.1892,0.2187,0.9585
1172,1195,2018-12-03 11:00:00,24,0.1534,0.1891,0.4763,0.1204,0.156,-0.0066,0.1864,0.2171,0.9591
1173,1196,2018-12-03 12:00:00,24,0.1473,0.1816,0.4316,0.1243,0.1608,-0.1002,0.1703,0.2003,0.9634
1174,1197,2018-12-03 13:00:00,24,0.1508,0.1836,0.2868,0.1322,0.1664,-0.3861,0.1693,0.1993,0.9596
1175,1198,2018-12-03 14:00:00,24,0.1499,0.1831,0.005,0.1316,0.1663,-0.9427,0.1682,0.1986,0.9527
1176,1199,2018-12-03 15:00:00,24,0.1482,0.1821,-0.5068,0.1321,0.1664,-1.9569,0.1642,0.1966,0.9432
1177,1200,2018-12-03 16:00:00,24,0.1455,0.1797,-0.436,0.126,0.1606,-1.7964,0.165,0.1968,0.9244
1178,1201,2018-12-03 17:00:00,24,0.1491,0.1846,-0.4666,0.1274,0.1621,-1.8177,0.1707,0.2047,0.8844
1179,1202,2018-12-03 18:00:00,24,0.1605,0.1992,-0.6142,0.1457,0.1865,-2.0455,0.1753,0.2112,0.8171
1180,1203,2018-12-03 19:00:00,24,0.1656,0.2069,-0.4945,0.1466,0.1866,-1.6709,0.1846,0.2253,0.6819
1181,1204,2018-12-03 20:00:00,24,0.1703,0.22,-0.462,0.1427,0.1846,-1.4901,0.1979,0.2505,0.5662
1182,1205,2018-12-03 21:00:00,24,0.1694,0.2135,-0.4895,0.1502,0.1885,-1.6028,0.1887,0.2358,0.6237
1183,1206,2018-12-03 22:00:00,24,0.1669,0.2124,-0.3987,0.1496,0.1881,-1.4403,0.1843,0.2343,0.643
1184,1207,2018-12-03 23:00:00,24,0.1644,0.2101,-0.3313,0.1522,0.1885,-1.3468,0.1765,0.2297,0.6842
1185,1208,2018-12-04 00:00:00,24,0.1601,0.207,-0.186,0.1485,0.1875,-1.0947,0.1718,0.2248,0.7226
1186,1209,2018-12-04 01:00:00,24,0.1654,0.2112,-0.1664,0.1509,0.1887,-1.0462,0.1799,0.2315,0.7134
1187,1210,2018-12-04 02:00:00,24,0.1564,0.2041,-0.0979,0.1447,0.1831,-0.9358,0.1681,0.2232,0.74
1188,1211,2018-12-04 03:00:00,24,0.1569,0.2045,-0.0991,0.1451,0.1832,-0.931,0.1688,0.2238,0.7329
1189,1212,2018-12-04 04:00:00,24,0.158,0.2047,-0.0859,0.1429,0.1821,-0.8971,0.1731,0.2251,0.7254
1190,1213,2018-12-04 05:00:00,24,0.1556,0.2035,-0.1096,0.1449,0.1833,-0.9446,0.1663,0.2219,0.7254
1191,1214,2018-12-04 06:00:00,24,0.1576,0.2053,-0.1196,0.1444,0.183,-0.9424,0.1708,0.2255,0.7032
1192,1215,2018-12-04 07:00:00,24,0.1542,0.2041,-0.0999,0.1402,0.181,-0.8875,0.1683,0.2248,0.6877
1193,1216,2018-12-04 08:00:00,24,0.1562,0.2052,-0.1096,0.1394,0.1798,-0.8814,0.1731,0.2277,0.6623
1194,1217,2018-12-04 09:00:00,24,0.1588,0.207,-0.1358,0.1409,0.1811,-0.9228,0.1767,0.23,0.6511
1195,1218,2018-12-04 10:00:00,24,0.1573,0.2055,-0.1857,0.1335,0.1729,-1.032,0.181,0.2336,0.6606
1196,1219,2018-12-04 11:00:00,24,0.1586,0.2086,-0.0936,0.137,0.1807,-0.8549,0.1802,0.2333,0.6676
1197,1220,2018-12-04 12:00:00,24,0.1616,0.21,0.1916,0.1367,0.1803,-0.2706,0.1865,0.236,0.6538
1198,1221,2018-12-04 13:00:00,24,0.1602,0.2098,0.3856,0.1305,0.1756,0.1585,0.1899,0.2391,0.6126
1199,1222,2018-12-04 14:00:00,24,0.1645,0.212,0.4078,0.1357,0.1779,0.2421,0.1933,0.2413,0.5736
1200,1223,2018-12-04 15:00:00,24,0.172,0.2183,0.3708,0.138,0.1787,0.2199,0.206,0.2517,0.5216
1201,1224,2018-12-04 16:00:00,24,0.1787,0.2231,0.3876,0.1458,0.1862,0.2627,0.2116,0.2547,0.5125
1202,1225,2018-12-04 17:00:00,24,0.1777,0.2215,0.4039,0.1497,0.1909,0.1875,0.2058,0.2484,0.6204
1203,1226,2018-12-04 18:00:00,24,0.1668,0.2086,0.5612,0.1322,0.1672,0.3865,0.2014,0.243,0.7358
1204,1227,2018-12-04 19:00:00,24,0.1621,0.2003,0.5895,0.1372,0.17,0.3663,0.187,0.2265,0.8128
1205,1228,2018-12-04 20:00:00,24,0.1516,0.1806,0.6194,0.1368,0.1699,0.367,0.1663,0.1906,0.8717
1206,1229,2018-12-04 21:00:00,24,0.1482,0.1772,0.6366,0.1326,0.1665,0.3856,0.1638,0.1873,0.8877
1207,1230,2018-12-04 22:00:00,24,0.1494,0.1777,0.6393,0.1331,0.1669,0.3835,0.1657,0.1879,0.8951
1208,1231,2018-12-04 23:00:00,24,0.1565,0.1861,0.6362,0.1332,0.1669,0.3799,0.1799,0.2034,0.8926
1209,1232,2018-12-05 00:00:00,24,0.1589,0.1878,0.6422,0.1351,0.1673,0.3785,0.1827,0.2063,0.9059
1210,1233,2018-12-05 01:00:00,24,0.1556,0.185,0.6583,0.1317,0.1657,0.3925,0.1796,0.2025,0.9241
1211,1234,2018-12-05 02:00:00,24,0.1576,0.1868,0.6639,0.128,0.1646,0.3951,0.1872,0.2066,0.9326
1212,1235,2018-12-05 03:00:00,24,0.1533,0.1843,0.6733,0.1279,0.1646,0.4041,0.1788,0.2021,0.9425
1213,1236,2018-12-05 04:00:00,24,0.1567,0.1866,0.6551,0.1338,0.1691,0.3629,0.1796,0.2026,0.9473
1214,1237,2018-12-05 05:00:00,24,0.1574,0.1866,0.6474,0.1327,0.1683,0.3451,0.1821,0.2033,0.9498
1215,1238,2018-12-05 06:00:00,24,0.1575,0.1864,0.6172,0.1362,0.1716,0.2808,0.1787,0.2,0.9537
1216,1239,2018-12-05 07:00:00,24,0.1612,0.188,0.5944,0.1412,0.1743,0.2352,0.1812,0.2007,0.9537
1217,1240,2018-12-05 08:00:00,24,0.1634,0.194,0.4744,0.1486,0.1896,-0.004,0.1781,0.1983,0.9527
1218,1241,2018-12-05 09:00:00,24,0.1566,0.1906,0.4603,0.1423,0.1865,-0.0292,0.1709,0.1947,0.9498
1219,1242,2018-12-05 10:00:00,24,0.1585,0.1921,0.3446,0.1466,0.1901,-0.2518,0.1705,0.1942,0.9411
1220,1243,2018-12-05 11:00:00,24,0.158,0.1883,0.4525,0.1354,0.1712,-0.0158,0.1806,0.204,0.9207
1221,1244,2018-12-05 12:00:00,24,0.1578,0.188,0.4195,0.134,0.1694,-0.0625,0.1817,0.205,0.9015
1222,1245,2018-12-05 13:00:00,24,0.1595,0.1894,0.2677,0.1435,0.179,-0.3504,0.1755,0.1994,0.8857
1223,1246,2018-12-05 14:00:00,24,0.1579,0.1894,0.2579,0.1385,0.1767,-0.3436,0.1773,0.2014,0.8595
1224,1247,2018-12-05 15:00:00,24,0.1509,0.1823,0.2658,0.1373,0.1762,-0.3299,0.1644,0.1882,0.8615
1225,1248,2018-12-05 16:00:00,24,0.1424,0.1758,0.1183,0.1274,0.1675,-0.6179,0.1574,0.1838,0.8546
1226,1249,2018-12-05 17:00:00,24,0.1412,0.1752,0.1889,0.1207,0.1596,-0.446,0.1617,0.1896,0.8239
1227,1250,2018-12-05 18:00:00,24,0.1494,0.1884,0.128,0.1259,0.1626,-0.5035,0.1729,0.211,0.7594
1228,1251,2018-12-05 19:00:00,24,0.1537,0.1953,0.109,0.122,0.16,-0.4827,0.1854,0.2252,0.7007
1229,1252,2018-12-05 20:00:00,24,0.1596,0.2001,0.075,0.1264,0.1626,-0.5203,0.1928,0.2317,0.6704
1230,1253,2018-12-05 21:00:00,24,0.1561,0.1978,0.0139,0.1259,0.1623,-0.6838,0.1863,0.2278,0.7116
1231,1254,2018-12-05 22:00:00,24,0.1581,0.2001,0.0274,0.1223,0.1602,-0.6508,0.1939,0.2333,0.7057
1232,1255,2018-12-05 23:00:00,24,0.1558,0.1959,0.0048,0.1231,0.1606,-0.7292,0.1885,0.2257,0.7389
1233,1256,2018-12-06 00:00:00,24,0.1552,0.1947,0.0051,0.1245,0.1612,-0.7442,0.1858,0.2232,0.7544
1234,1257,2018-12-06 01:00:00,24,0.156,0.1947,0.0022,0.1267,0.162,-0.754,0.1852,0.2227,0.7584
1235,1258,2018-12-06 02:00:00,24,0.1561,0.1941,-0.0044,0.1289,0.1625,-0.7652,0.1834,0.2212,0.7564
1236,1259,2018-12-06 03:00:00,24,0.1591,0.1952,-0.0331,0.1334,0.1651,-0.8183,0.1847,0.2213,0.752
1237,1260,2018-12-06 04:00:00,24,0.1553,0.1928,-0.0057,0.1274,0.1604,-0.7584,0.1832,0.2205,0.7469
1238,1261,2018-12-06 05:00:00,24,0.1578,0.1944,-0.0392,0.1297,0.1622,-0.8146,0.1859,0.2219,0.7362
1239,1262,2018-12-06 06:00:00,24,0.153,0.1916,0.0008,0.126,0.1587,-0.7303,0.18,0.2197,0.7319
1240,1263,2018-12-06 07:00:00,24,0.1484,0.19,0.0282,0.12,0.1556,-0.6763,0.1768,0.219,0.7328
1241,1264,2018-12-06 08:00:00,24,0.1505,0.1914,0.1336,0.1193,0.1535,-0.4644,0.1818,0.223,0.7317
1242,1265,2018-12-06 09:00:00,24,0.1512,0.1915,0.2628,0.1207,0.1538,-0.2161,0.1817,0.223,0.7417
1243,1266,2018-12-06 10:00:00,24,0.1439,0.1865,0.3388,0.1122,0.1477,-0.0815,0.1755,0.2185,0.7591
1244,1267,2018-12-06 11:00:00,24,0.1394,0.1817,0.4437,0.1132,0.1489,0.1064,0.1657,0.2094,0.7809
1245,1268,2018-12-06 12:00:00,24,0.1406,0.1861,0.3426,0.1211,0.1641,-0.0968,0.16,0.2058,0.782
1246,1269,2018-12-06 13:00:00,24,0.1399,0.1848,0.3361,0.1189,0.1605,-0.0926,0.1609,0.2063,0.7648
1247,1270,2018-12-06 14:00:00,24,0.1417,0.1861,0.3269,0.1295,0.17,-0.0759,0.154,0.2008,0.7297
1248,1271,2018-12-06 15:00:00,24,0.141,0.186,0.3183,0.1298,0.1701,-0.007,0.1521,0.2006,0.6436
1249,1272,2018-12-06 16:00:00,24,0.1436,0.1878,0.1715,0.1362,0.1741,-0.1084,0.1509,0.2005,0.4514
1250,1273,2018-12-06 17:00:00,24,0.1395,0.1833,0.0159,0.1371,0.1748,-0.2351,0.142,0.1915,0.267
1251,1274,2018-12-06 18:00:00,24,0.1301,0.1676,0.1275,0.1334,0.1724,-0.21,0.1267,0.1627,0.465
1252,1275,2018-12-06 19:00:00,24,0.1271,0.1606,0.1637,0.1365,0.1742,-0.2725,0.1176,0.1457,0.6
1253,1276,2018-12-06 20:00:00,24,0.124,0.1573,0.1691,0.1398,0.1777,-0.2922,0.1081,0.1337,0.6304
1254,1277,2018-12-06 21:00:00,24,0.1255,0.1584,0.0934,0.1389,0.1774,-0.3448,0.1121,0.1368,0.5316
1255,1278,2018-12-06 22:00:00,24,0.125,0.1593,0.091,0.1368,0.1771,-0.4127,0.1133,0.1392,0.5947
1256,1279,2018-12-06 23:00:00,24,0.1284,0.1632,0.0847,0.141,0.1803,-0.5364,0.1158,0.1442,0.7058
1257,1280,2018-12-07 00:00:00,24,0.1371,0.1792,0.0744,0.1441,0.1824,-0.6094,0.1301,0.1759,0.7583
1258,1281,2018-12-07 01:00:00,24,0.1329,0.1768,0.0782,0.1406,0.1815,-0.6831,0.1252,0.172,0.8395
1259,1282,2018-12-07 02:00:00,24,0.1335,0.1771,0.0698,0.1417,0.1819,-0.7406,0.1253,0.1721,0.8801
1260,1283,2018-12-07 03:00:00,24,0.1339,0.1773,0.0819,0.1376,0.1797,-0.7377,0.1302,0.1749,0.9015
1261,1284,2018-12-07 04:00:00,24,0.1376,0.1798,-0.0051,0.1415,0.1819,-0.9256,0.1336,0.1777,0.9155
1262,1285,2018-12-07 05:00:00,24,0.1366,0.1791,-0.042,0.1395,0.1804,-1.0113,0.1337,0.1778,0.9273
1263,1286,2018-12-07 06:00:00,24,0.1376,0.1795,-0.0943,0.1404,0.181,-1.1217,0.1349,0.178,0.933
1264,1287,2018-12-07 07:00:00,24,0.1433,0.182,-0.2771,0.1452,0.1828,-1.49,0.1414,0.1813,0.9358
1265,1288,2018-12-07 08:00:00,24,0.1387,0.1746,0.0249,0.1407,0.1729,-0.8891,0.1366,0.1764,0.9388
1266,1289,2018-12-07 09:00:00,24,0.1435,0.1789,0.047,0.1396,0.1726,-0.8344,0.1475,0.1849,0.9285
1267,1290,2018-12-07 10:00:00,24,0.1459,0.1804,0.0778,0.147,0.1767,-0.7673,0.1448,0.1841,0.9229
1268,1291,2018-12-07 11:00:00,24,0.1507,0.1858,0.1032,0.1525,0.1845,-0.7062,0.149,0.1871,0.9126
1269,1292,2018-12-07 12:00:00,24,0.1463,0.1788,0.3156,0.1388,0.1667,-0.2695,0.1538,0.1902,0.9008
1270,1293,2018-12-07 13:00:00,24,0.1432,0.1759,0.4304,0.1329,0.1607,-0.0313,0.1535,0.19,0.8922
1271,1294,2018-12-07 14:00:00,24,0.139,0.1718,0.4642,0.1257,0.152,0.0468,0.1523,0.1896,0.8816
1272,1295,2018-12-07 15:00:00,24,0.1433,0.1741,0.3865,0.1307,0.1561,-0.0925,0.1559,0.1904,0.8655
1273,1296,2018-12-07 16:00:00,24,0.1434,0.1737,0.4156,0.1245,0.1516,-0.0096,0.1623,0.1932,0.8408
1274,1297,2018-12-07 17:00:00,24,0.1445,0.1756,0.4602,0.129,0.157,0.1033,0.16,0.1925,0.8171
1275,1298,2018-12-07 18:00:00,24,0.1402,0.174,0.5185,0.1264,0.1564,0.24,0.1541,0.19,0.7969
1276,1299,2018-12-07 19:00:00,24,0.142,0.1759,0.4957,0.1301,0.1608,0.2097,0.1539,0.1898,0.7818
1277,1300,2018-12-07 20:00:00,24,0.1415,0.1749,0.4941,0.128,0.1581,0.229,0.155,0.1903,0.7591
1278,1301,2018-12-07 21:00:00,24,0.1467,0.1802,0.4796,0.1385,0.1697,0.1977,0.1549,0.1902,0.7614
1279,1302,2018-12-07 22:00:00,24,0.1452,0.1768,0.5055,0.1433,0.1713,0.2176,0.147,0.182,0.7934
1280,1303,2018-12-07 23:00:00,24,0.1398,0.171,0.5505,0.138,0.1675,0.2645,0.1417,0.1745,0.8364
1281,1304,2018-12-08 00:00:00,24,0.1304,0.1534,0.5786,0.1364,0.1661,0.2544,0.1245,0.1396,0.9028
1282,1305,2018-12-08 01:00:00,24,0.1338,0.1559,0.5653,0.1379,0.1663,0.234,0.1297,0.1447,0.8966
1283,1306,2018-12-08 02:00:00,24,0.1311,0.1541,0.5533,0.1362,0.1656,0.2096,0.126,0.1417,0.8969
1284,1307,2018-12-08 03:00:00,24,0.1302,0.1534,0.5389,0.1361,0.1656,0.1879,0.1243,0.1401,0.89
1285,1308,2018-12-08 04:00:00,24,0.1259,0.1504,0.5398,0.1302,0.1628,0.1974,0.1215,0.137,0.8823
1286,1309,2018-12-08 05:00:00,24,0.1271,0.1517,0.5017,0.1332,0.1655,0.1453,0.121,0.1365,0.858
1287,1310,2018-12-08 06:00:00,24,0.1313,0.1553,0.462,0.1339,0.1662,0.1158,0.1287,0.1436,0.8082
1288,1311,2018-12-08 07:00:00,24,0.13,0.1541,0.4126,0.1333,0.1657,0.0855,0.1267,0.1416,0.7396
1289,1312,2018-12-08 08:00:00,24,0.1294,0.1559,0.3506,0.1356,0.1707,0.0419,0.1232,0.1396,0.6593
1290,1313,2018-12-08 09:00:00,24,0.131,0.1557,0.3288,0.1409,0.1733,-0.0414,0.121,0.1357,0.6991
1291,1314,2018-12-08 10:00:00,24,0.1326,0.1583,0.2838,0.1338,0.1693,-0.1721,0.1314,0.1465,0.7398
1292,1315,2018-12-08 11:00:00,24,0.125,0.1498,0.3955,0.1249,0.1573,-0.0184,0.1252,0.1419,0.8094
1293,1316,2018-12-08 12:00:00,24,0.1248,0.1495,0.4134,0.1291,0.1604,-0.0121,0.1206,0.1378,0.8389
1294,1317,2018-12-08 13:00:00,24,0.1232,0.1485,0.4744,0.1279,0.1598,0.1065,0.1186,0.1364,0.8422
1295,1318,2018-12-08 14:00:00,24,0.1239,0.1489,0.4904,0.1286,0.1603,0.139,0.1191,0.1366,0.8418
1296,1319,2018-12-08 15:00:00,24,0.1214,0.1468,0.5388,0.1243,0.1567,0.2303,0.1186,0.1363,0.8472
1297,1320,2018-12-08 16:00:00,24,0.1226,0.1474,0.5303,0.1295,0.16,0.1973,0.1158,0.1336,0.8633
1298,1321,2018-12-08 17:00:00,24,0.1247,0.1507,0.5119,0.1329,0.1658,0.1543,0.1166,0.1339,0.8694
1299,1322,2018-12-08 18:00:00,24,0.1324,0.1557,0.4604,0.1395,0.1691,0.0531,0.1253,0.1411,0.8676
1300,1323,2018-12-08 19:00:00,24,0.1351,0.165,0.4677,0.1323,0.1629,0.1225,0.1378,0.1671,0.813
1301,1324,2018-12-08 20:00:00,24,0.1367,0.1669,0.4632,0.1293,0.1603,0.1408,0.1441,0.1733,0.7856
1302,1325,2018-12-08 21:00:00,24,0.1308,0.1605,0.5096,0.1191,0.1481,0.2341,0.1424,0.172,0.7851
1303,1326,2018-12-08 22:00:00,24,0.1316,0.1631,0.5034,0.1143,0.1462,0.2424,0.1488,0.1785,0.7644
1304,1327,2018-12-08 23:00:00,24,0.1273,0.1608,0.5059,0.1127,0.1458,0.2315,0.1418,0.1745,0.7803
1305,1328,2018-12-09 00:00:00,24,0.1267,0.1604,0.5175,0.1126,0.1457,0.249,0.1408,0.1739,0.7859
1306,1329,2018-12-09 01:00:00,24,0.1275,0.1608,0.517,0.1142,0.1463,0.2397,0.1409,0.174,0.7943
1307,1330,2018-12-09 02:00:00,24,0.1279,0.1609,0.5183,0.1143,0.1464,0.2371,0.1416,0.1743,0.7996
1308,1331,2018-12-09 03:00:00,24,0.1271,0.1606,0.5182,0.1135,0.1462,0.2388,0.1408,0.1738,0.7975
1309,1332,2018-12-09 04:00:00,24,0.1299,0.1618,0.5064,0.1184,0.1484,0.2099,0.1414,0.1743,0.8029
1310,1333,2018-12-09 05:00:00,24,0.1242,0.1585,0.5337,0.1125,0.1438,0.257,0.1358,0.172,0.8105
1311,1334,2018-12-09 06:00:00,24,0.1231,0.1572,0.538,0.1122,0.1434,0.2612,0.134,0.1699,0.8147
1312,1335,2018-12-09 07:00:00,24,0.1237,0.1578,0.5309,0.1141,0.1452,0.2387,0.1332,0.1694,0.823
1313,1336,2018-12-09 08:00:00,24,0.1188,0.1484,0.5591,0.1024,0.1229,0.2956,0.1351,0.1701,0.8226
1314,1337,2018-12-09 09:00:00,24,0.1127,0.1436,0.5483,0.0977,0.1193,0.2599,0.1278,0.1643,0.8368
1315,1338,2018-12-09 10:00:00,24,0.114,0.1443,0.5498,0.0997,0.12,0.2609,0.1283,0.1651,0.8386
1316,1339,2018-12-09 11:00:00,24,0.1113,0.1433,0.598,0.0955,0.1178,0.3624,0.127,0.1649,0.8335
1317,1340,2018-12-09 12:00:00,24,0.1091,0.1416,0.6483,0.0906,0.1132,0.4692,0.1276,0.1652,0.8274
1318,1341,2018-12-09 13:00:00,24,0.1117,0.1453,0.6907,0.0982,0.1231,0.558,0.1252,0.1645,0.8234
1319,1342,2018-12-09 14:00:00,24,0.1134,0.1465,0.7601,0.0989,0.1238,0.7075,0.128,0.1661,0.8127
1320,1343,2018-12-09 15:00:00,24,0.1168,0.1513,0.7802,0.097,0.1229,0.7709,0.1367,0.1751,0.7895
1321,1344,2018-12-09 16:00:00,24,0.1142,0.1494,0.8026,0.093,0.1191,0.8271,0.1353,0.1745,0.7781
1322,1345,2018-12-09 17:00:00,24,0.1097,0.1436,0.8294,0.0798,0.0994,0.8905,0.1396,0.1771,0.7684
1323,1346,2018-12-09 18:00:00,24,0.1036,0.1386,0.8224,0.0732,0.0936,0.9104,0.134,0.1723,0.7345
1324,1347,2018-12-09 19:00:00,24,0.1022,0.1302,0.8642,0.0771,0.0977,0.9046,0.1272,0.1561,0.8238
1325,1348,2018-12-09 20:00:00,24,0.1053,0.1351,0.8791,0.0805,0.1025,0.8924,0.1302,0.1613,0.8658
1326,1349,2018-12-09 21:00:00,24,0.1032,0.1341,0.8911,0.079,0.1019,0.8898,0.1273,0.1599,0.8923
1327,1350,2018-12-09 22:00:00,24,0.1022,0.1323,0.8916,0.0874,0.1101,0.8659,0.1169,0.1514,0.9173
1328,1351,2018-12-09 23:00:00,24,0.1031,0.1326,0.8927,0.0873,0.11,0.8618,0.1188,0.1519,0.9236
1329,1352,2018-12-10 00:00:00,24,0.0995,0.1309,0.8933,0.0826,0.1073,0.8584,0.1165,0.1509,0.9281
1330,1353,2018-12-10 01:00:00,24,0.0995,0.1303,0.888,0.0856,0.1105,0.8435,0.1133,0.1474,0.9325
1331,1354,2018-12-10 02:00:00,24,0.1025,0.1326,0.879,0.0892,0.1134,0.8268,0.1158,0.1493,0.9312
1332,1355,2018-12-10 03:00:00,24,0.1042,0.1336,0.8685,0.0937,0.1166,0.8075,0.1147,0.1487,0.9295
1333,1356,2018-12-10 04:00:00,24,0.1011,0.1319,0.8622,0.093,0.1159,0.7949,0.1092,0.1461,0.9295
1334,1357,2018-12-10 05:00:00,24,0.1076,0.137,0.8354,0.1006,0.1244,0.7477,0.1146,0.1485,0.9232
1335,1358,2018-12-10 06:00:00,24,0.1041,0.134,0.8272,0.0991,0.1229,0.7307,0.109,0.1443,0.9237
1336,1359,2018-12-10 07:00:00,24,0.105,0.1349,0.8085,0.0987,0.1224,0.6998,0.1113,0.1463,0.9172
1337,1360,2018-12-10 08:00:00,24,0.1143,0.154,0.7189,0.1155,0.16,0.5319,0.1132,0.1477,0.9059
1338,1361,2018-12-10 09:00:00,24,0.118,0.1579,0.7231,0.1142,0.1598,0.5624,0.1217,0.1559,0.8839
1339,1362,2018-12-10 10:00:00,24,0.1218,0.1637,0.749,0.1279,0.1783,0.6022,0.1157,0.1476,0.8957
1340,1363,2018-12-10 11:00:00,24,0.1338,0.1803,0.6778,0.1491,0.2075,0.4628,0.1185,0.1483,0.8929
1341,1364,2018-12-10 12:00:00,24,0.1357,0.1821,0.6749,0.1554,0.2113,0.4541,0.1159,0.1473,0.8957
1342,1365,2018-12-10 13:00:00,24,0.133,0.1797,0.6835,0.1452,0.2053,0.4758,0.1207,0.1498,0.8911
1343,1366,2018-12-10 14:00:00,24,0.1317,0.1789,0.6598,0.1445,0.2048,0.4225,0.1189,0.1485,0.8972
1344,1367,2018-12-10 15:00:00,24,0.1341,0.1801,0.6253,0.1546,0.2124,0.3335,0.1136,0.1406,0.917
1345,1368,2018-12-10 16:00:00,24,0.1359,0.1816,0.5904,0.1531,0.212,0.2584,0.1188,0.145,0.9224
1346,1369,2018-12-10 17:00:00,24,0.1353,0.181,0.5683,0.1534,0.212,0.2046,0.1171,0.1434,0.9319
1347,1370,2018-12-10 18:00:00,24,0.1419,0.1862,0.4763,0.1654,0.2203,0.0162,0.1185,0.1443,0.9364
1348,1371,2018-12-10 19:00:00,24,0.1388,0.1841,0.423,0.1708,0.2255,-0.1037,0.1068,0.1301,0.9498
1349,1372,2018-12-10 20:00:00,24,0.1334,0.1795,0.4107,0.1726,0.2272,-0.1384,0.0942,0.1133,0.9599
1350,1373,2018-12-10 21:00:00,24,0.1435,0.1939,0.369,0.1734,0.2273,-0.1784,0.1136,0.1535,0.9164
1351,1374,2018-12-10 22:00:00,24,0.1546,0.2104,0.3489,0.1715,0.2258,-0.1471,0.1377,0.1939,0.8449
1352,1375,2018-12-10 23:00:00,24,0.1626,0.2169,0.3446,0.1755,0.2269,-0.1189,0.1497,0.2063,0.808
1353,1376,2018-12-11 00:00:00,24,0.1676,0.219,0.3301,0.1788,0.2276,-0.1371,0.1564,0.2099,0.7973
1354,1377,2018-12-11 01:00:00,24,0.1643,0.2175,0.3405,0.1765,0.2264,-0.1284,0.1521,0.2083,0.8093
1355,1378,2018-12-11 02:00:00,24,0.1589,0.2157,0.3466,0.1712,0.2247,-0.1281,0.1466,0.2062,0.8214
1356,1379,2018-12-11 03:00:00,24,0.1562,0.2148,0.3687,0.1684,0.2234,-0.0962,0.1439,0.2057,0.8336
1357,1380,2018-12-11 04:00:00,24,0.1586,0.2164,0.3524,0.1727,0.2265,-0.137,0.1446,0.2058,0.8418
1358,1381,2018-12-11 05:00:00,24,0.1532,0.2133,0.3851,0.1646,0.2218,-0.0821,0.1418,0.2044,0.8523
1359,1382,2018-12-11 06:00:00,24,0.1552,0.2142,0.3825,0.1667,0.223,-0.0937,0.1437,0.2051,0.8588
1360,1383,2018-12-11 07:00:00,24,0.1506,0.2123,0.3961,0.1639,0.2216,-0.0758,0.1373,0.2025,0.8679
1361,1384,2018-12-11 08:00:00,24,0.1482,0.2066,0.4256,0.1584,0.2102,-0.0221,0.138,0.203,0.8732
1362,1385,2018-12-11 09:00:00,24,0.1456,0.2039,0.4215,0.1608,0.2106,-0.0399,0.1305,0.197,0.8828
1363,1386,2018-12-11 10:00:00,24,0.1374,0.1958,0.2824,0.1501,0.1967,-0.3197,0.1248,0.195,0.8844
1364,1387,2018-12-11 11:00:00,24,0.1327,0.1856,0.4564,0.1403,0.1755,0.0304,0.1252,0.1951,0.8824
1365,1388,2018-12-11 12:00:00,24,0.1321,0.1843,0.4254,0.1363,0.1719,-0.0272,0.1279,0.1959,0.8779
1366,1389,2018-12-11 13:00:00,24,0.134,0.1851,0.2842,0.1388,0.1724,-0.3062,0.1292,0.1969,0.8747
1367,1390,2018-12-11 14:00:00,24,0.1313,0.184,0.2222,0.1354,0.1708,-0.4269,0.1272,0.1963,0.8712
1368,1391,2018-12-11 15:00:00,24,0.1308,0.1831,0.3928,0.1331,0.1675,-0.0725,0.1284,0.1974,0.8581
1369,1392,2018-12-11 16:00:00,24,0.1324,0.1838,0.5007,0.136,0.1686,0.1651,0.1289,0.1978,0.8362
1370,1393,2018-12-11 17:00:00,24,0.135,0.1855,0.5805,0.144,0.1737,0.3519,0.1261,0.1966,0.809
1371,1394,2018-12-11 18:00:00,24,0.1295,0.1806,0.655,0.1333,0.1634,0.5369,0.1257,0.1964,0.7731
1372,1395,2018-12-11 19:00:00,24,0.1267,0.177,0.6532,0.1262,0.1547,0.5788,0.1272,0.1968,0.7276
1373,1396,2018-12-11 20:00:00,24,0.1278,0.1767,0.6492,0.1249,0.1529,0.6205,0.1307,0.1977,0.678
1374,1397,2018-12-11 21:00:00,24,0.1195,0.1614,0.7091,0.1271,0.1538,0.6261,0.1119,0.1686,0.7921
1375,1398,2018-12-11 22:00:00,24,0.1125,0.1425,0.7679,0.1265,0.1533,0.6426,0.0984,0.1309,0.8932
1376,1399,2018-12-11 23:00:00,24,0.1095,0.1366,0.7881,0.1265,0.1533,0.6558,0.0925,0.1175,0.9203
1377,1400,2018-12-12 00:00:00,24,0.107,0.1341,0.7901,0.1265,0.1533,0.6499,0.0875,0.1117,0.9303
1378,1401,2018-12-12 01:00:00,24,0.1068,0.1341,0.7814,0.1234,0.1521,0.6308,0.0902,0.1132,0.9319
1379,1402,2018-12-12 02:00:00,24,0.1103,0.1354,0.7642,0.1263,0.1529,0.5983,0.0943,0.1153,0.93
1380,1403,2018-12-12 03:00:00,24,0.1135,0.1371,0.7228,0.1277,0.1537,0.5201,0.0993,0.1182,0.9254
1381,1404,2018-12-12 04:00:00,24,0.1123,0.1349,0.7103,0.1216,0.1481,0.4996,0.103,0.1203,0.921
1382,1405,2018-12-12 05:00:00,24,0.1149,0.1364,0.657,0.1251,0.1499,0.3946,0.1047,0.1214,0.9193
1383,1406,2018-12-12 06:00:00,24,0.1171,0.1387,0.588,0.1258,0.1507,0.2642,0.1084,0.1255,0.9118
1384,1407,2018-12-12 07:00:00,24,0.1211,0.1411,0.4858,0.1277,0.152,0.0704,0.1145,0.1292,0.9013
1385,1408,2018-12-12 08:00:00,24,0.1211,0.1393,0.5331,0.1249,0.1452,0.1741,0.1173,0.1331,0.8922
1386,1409,2018-12-12 09:00:00,24,0.1224,0.1408,0.5274,0.1232,0.1447,0.1631,0.1215,0.1368,0.8916
1387,1410,2018-12-12 10:00:00,24,0.1257,0.1432,0.4601,0.1215,0.1434,0.028,0.1299,0.1429,0.8923
1388,1411,2018-12-12 11:00:00,24,0.1228,0.1386,0.5007,0.115,0.1337,0.1,0.1305,0.1433,0.9013
1389,1412,2018-12-12 12:00:00,24,0.1293,0.1543,0.4938,0.1311,0.1656,0.0819,0.1274,0.1421,0.9057
1390,1413,2018-12-12 13:00:00,24,0.1294,0.1543,0.6365,0.1314,0.1658,0.3768,0.1273,0.142,0.8963
1391,1414,2018-12-12 14:00:00,24,0.1332,0.1583,0.6932,0.1303,0.1656,0.5298,0.1362,0.1505,0.8567
1392,1415,2018-12-12 15:00:00,24,0.1318,0.1597,0.6723,0.1346,0.1725,0.5055,0.129,0.1458,0.839
1393,1416,2018-12-12 16:00:00,24,0.1328,0.1605,0.6529,0.1365,0.1738,0.483,0.1291,0.1458,0.8228
1394,1417,2018-12-12 17:00:00,24,0.1315,0.1588,0.6337,0.1311,0.1694,0.4583,0.1318,0.1474,0.8092
1395,1418,2018-12-12 18:00:00,24,0.133,0.1608,0.6051,0.13,0.1693,0.4003,0.136,0.1518,0.8099
1396,1419,2018-12-12 19:00:00,24,0.1341,0.1628,0.6141,0.1257,0.1678,0.3984,0.1425,0.1577,0.8298
1397,1420,2018-12-12 20:00:00,24,0.134,0.1625,0.6215,0.1231,0.1652,0.3795,0.145,0.1597,0.8636
1398,1421,2018-12-12 21:00:00,24,0.1379,0.166,0.6138,0.1231,0.1653,0.3589,0.1526,0.1667,0.8687
1399,1422,2018-12-12 22:00:00,24,0.1367,0.1676,0.6069,0.1174,0.1626,0.3538,0.156,0.1725,0.86
1400,1423,2018-12-12 23:00:00,24,0.1366,0.1673,0.5916,0.1188,0.1638,0.3282,0.1544,0.1708,0.8551
1401,1424,2018-12-13 00:00:00,24,0.1406,0.1729,0.5816,0.1165,0.1629,0.3428,0.1647,0.1822,0.8204
1402,1425,2018-12-13 01:00:00,24,0.1438,0.1754,0.575,0.1177,0.1632,0.3501,0.17,0.1868,0.7999
1403,1426,2018-12-13 02:00:00,24,0.1437,0.1753,0.5792,0.118,0.1634,0.3717,0.1694,0.1865,0.7866
1404,1427,2018-12-13 03:00:00,24,0.1433,0.1759,0.5815,0.1147,0.1621,0.3941,0.172,0.1887,0.7689
1405,1428,2018-12-13 04:00:00,24,0.1406,0.175,0.5754,0.1128,0.1617,0.3982,0.1684,0.1874,0.7525
1406,1429,2018-12-13 05:00:00,24,0.1415,0.1766,0.5648,0.1172,0.1662,0.3848,0.1659,0.1864,0.7448
1407,1430,2018-12-13 06:00:00,24,0.1416,0.1777,0.5715,0.1135,0.1633,0.4165,0.1698,0.1911,0.7265
1408,1431,2018-12-13 07:00:00,24,0.1389,0.1762,0.5782,0.1123,0.1625,0.4349,0.1656,0.1888,0.7216
1409,1432,2018-12-13 08:00:00,24,0.1386,0.1756,0.6054,0.1117,0.1614,0.4935,0.1655,0.1888,0.7173
1410,1433,2018-12-13 09:00:00,24,0.1421,0.1783,0.5955,0.1153,0.1628,0.4875,0.169,0.1925,0.7035
1411,1434,2018-12-13 10:00:00,24,0.1438,0.1798,0.5947,0.1173,0.1643,0.4713,0.1703,0.1941,0.7181
1412,1435,2018-12-13 11:00:00,24,0.1417,0.1788,0.6186,0.1135,0.1624,0.4935,0.1698,0.1939,0.7437
1413,1436,2018-12-13 12:00:00,24,0.1392,0.1689,0.667,0.1014,0.1341,0.5897,0.1771,0.1977,0.7443
1414,1437,2018-12-13 13:00:00,24,0.1408,0.1715,0.5391,0.1096,0.1441,0.3118,0.172,0.1951,0.7664
1415,1438,2018-12-13 14:00:00,24,0.1362,0.1678,0.1373,0.1107,0.1442,-0.5144,0.1617,0.1884,0.7891
1416,1439,2018-12-13 15:00:00,24,0.1293,0.1611,0.0562,0.0975,0.128,-0.6813,0.1612,0.1884,0.7936
1417,1440,2018-12-13 16:00:00,24,0.1267,0.159,0.1591,0.098,0.1287,-0.4914,0.1553,0.1844,0.8096
1418,1441,2018-12-13 17:00:00,24,0.1248,0.1582,0.2035,0.0982,0.1288,-0.4142,0.1514,0.183,0.8213
1419,1442,2018-12-13 18:00:00,24,0.1271,0.1591,0.1127,0.1063,0.1355,-0.6051,0.1478,0.1797,0.8305
1420,1443,2018-12-13 19:00:00,24,0.1257,0.1573,0.0205,0.1119,0.1384,-0.7997,0.1395,0.1741,0.8407
1421,1444,2018-12-13 20:00:00,24,0.1261,0.1579,0.0451,0.1146,0.1416,-0.7486,0.1376,0.1727,0.8388
1422,1445,2018-12-13 21:00:00,24,0.1221,0.1542,0.0394,0.1145,0.1415,-0.7743,0.1298,0.1659,0.8531
1423,1446,2018-12-13 22:00:00,24,0.1165,0.1465,-0.0272,0.1151,0.1416,-0.9367,0.1178,0.1513,0.8824
1424,1447,2018-12-13 23:00:00,24,0.1131,0.1444,0.005,0.115,0.1416,-0.8837,0.1112,0.1472,0.8938
1425,1448,2018-12-14 00:00:00,24,0.1128,0.1445,-0.0204,0.1142,0.1414,-0.9333,0.1113,0.1475,0.8925
1426,1449,2018-12-14 01:00:00,24,0.1104,0.1422,-0.0556,0.1129,0.1411,-1.0049,0.108,0.1433,0.8936
1427,1450,2018-12-14 02:00:00,24,0.11,0.142,-0.0395,0.1133,0.1414,-0.9652,0.1067,0.1426,0.8862
1428,1451,2018-12-14 03:00:00,24,0.1114,0.1426,-0.0594,0.1158,0.1423,-0.9878,0.107,0.1429,0.8691
1429,1452,2018-12-14 04:00:00,24,0.1146,0.1441,-0.163,0.1178,0.1429,-1.1702,0.1113,0.1452,0.8442
1430,1453,2018-12-14 05:00:00,24,0.1143,0.1426,-0.0684,0.1136,0.1376,-0.9581,0.115,0.1474,0.8212
1431,1454,2018-12-14 06:00:00,24,0.1123,0.1391,-0.0454,0.1153,0.1389,-0.892,0.1093,0.1393,0.8012
1432,1455,2018-12-14 07:00:00,24,0.1123,0.1393,-0.0388,0.1161,0.1396,-0.8109,0.1085,0.1391,0.7332
1433,1456,2018-12-14 08:00:00,24,0.1072,0.1327,0.1687,0.1127,0.133,-0.3691,0.1016,0.1324,0.7065
1434,1457,2018-12-14 09:00:00,24,0.1081,0.1335,0.1293,0.1152,0.1356,-0.4425,0.101,0.1314,0.7011
1435,1458,2018-12-14 10:00:00,24,0.1044,0.13,0.1961,0.1101,0.1324,-0.341,0.0987,0.1276,0.7333
1436,1459,2018-12-14 11:00:00,24,0.1069,0.132,0.153,0.1153,0.1364,-0.4503,0.0984,0.1275,0.7563
1437,1460,2018-12-14 12:00:00,24,0.1075,0.1398,0.2081,0.1246,0.156,-0.3907,0.0905,0.1214,0.807
1438,1461,2018-12-14 13:00:00,24,0.1128,0.1481,0.1077,0.1304,0.1682,-0.5935,0.0951,0.1249,0.8089
1439,1462,2018-12-14 14:00:00,24,0.1183,0.1514,0.2051,0.1336,0.1696,-0.385,0.1029,0.1307,0.7953
1440,1463,2018-12-14 15:00:00,24,0.1277,0.1591,0.173,0.1403,0.173,-0.405,0.1151,0.1438,0.7511
1441,1464,2018-12-14 16:00:00,24,0.1264,0.1587,0.1867,0.1338,0.17,-0.3691,0.1191,0.1466,0.7425
1442,1465,2018-12-14 17:00:00,24,0.1335,0.1677,0.3148,0.1462,0.186,-0.1136,0.1207,0.1471,0.7433
1443,1466,2018-12-14 18:00:00,24,0.1311,0.166,0.4007,0.1445,0.1843,0.0455,0.1178,0.1454,0.7559
1444,1467,2018-12-14 19:00:00,24,0.13,0.1651,0.4598,0.1401,0.1822,0.1676,0.12,0.146,0.752
1445,1468,2018-12-14 20:00:00,24,0.131,0.1663,0.436,0.1416,0.184,0.1338,0.1204,0.1464,0.7381
1446,1469,2018-12-14 21:00:00,24,0.1331,0.1677,0.4352,0.1409,0.1837,0.1556,0.1253,0.1501,0.7147
1447,1470,2018-12-14 22:00:00,24,0.1489,0.1943,0.362,0.147,0.1868,0.1271,0.1507,0.2015,0.597
1448,1471,2018-12-14 23:00:00,24,0.1636,0.221,0.3926,0.1463,0.1863,0.1352,0.1808,0.2509,0.6501
1449,1472,2018-12-15 00:00:00,24,0.1659,0.223,0.4559,0.1487,0.1868,0.1257,0.1831,0.2541,0.786
1450,1473,2018-12-15 01:00:00,24,0.1648,0.2223,0.4854,0.1494,0.1869,0.1214,0.1801,0.2528,0.8494
1451,1474,2018-12-15 02:00:00,24,0.166,0.2228,0.4996,0.1492,0.1868,0.1164,0.1827,0.2538,0.8828
1452,1475,2018-12-15 03:00:00,24,0.1638,0.2216,0.4923,0.1509,0.1877,0.0791,0.1768,0.2509,0.9055
1453,1476,2018-12-15 04:00:00,24,0.1635,0.2214,0.4852,0.1506,0.1876,0.0514,0.1764,0.2507,0.9189
1454,1477,2018-12-15 05:00:00,24,0.166,0.2233,0.4682,0.1518,0.1884,0.0084,0.1802,0.2534,0.928
1455,1478,2018-12-15 06:00:00,24,0.1642,0.2225,0.44,0.1519,0.1885,-0.0552,0.1766,0.252,0.9352
1456,1479,2018-12-15 07:00:00,24,0.1642,0.2225,0.3985,0.1485,0.1871,-0.1426,0.1798,0.2529,0.9396
1457,1480,2018-12-15 08:00:00,24,0.1662,0.2233,0.2636,0.1482,0.1867,-0.4139,0.1842,0.2547,0.9411
1458,1481,2018-12-15 09:00:00,24,0.1657,0.2232,0.2968,0.1461,0.1851,-0.3464,0.1853,0.2557,0.94
1459,1482,2018-12-15 10:00:00,24,0.165,0.2226,0.2995,0.1467,0.1852,-0.3383,0.1833,0.2545,0.9374
1460,1483,2018-12-15 11:00:00,24,0.1663,0.2234,0.2913,0.1482,0.1867,-0.3489,0.1844,0.2549,0.9315
1461,1484,2018-12-15 12:00:00,24,0.1585,0.215,0.3342,0.1312,0.1658,-0.2547,0.1857,0.255,0.9231
1462,1485,2018-12-15 13:00:00,24,0.1487,0.2059,0.4836,0.1166,0.1439,0.0533,0.1808,0.2532,0.9139
1463,1486,2018-12-15 14:00:00,24,0.1437,0.2036,0.4763,0.1123,0.142,0.0476,0.1752,0.2505,0.905
1464,1487,2018-12-15 15:00:00,24,0.1376,0.1986,0.5033,0.1075,0.1383,0.1049,0.1678,0.2444,0.9017
1465,1488,2018-12-15 16:00:00,24,0.138,0.1982,0.5176,0.1097,0.1387,0.1383,0.1664,0.2436,0.8969
1466,1489,2018-12-15 17:00:00,24,0.1328,0.1921,0.5901,0.1016,0.1211,0.2887,0.164,0.2433,0.8916
1467,1490,2018-12-15 18:00:00,24,0.1352,0.1935,0.537,0.1023,0.1221,0.1916,0.1681,0.245,0.8824
1468,1491,2018-12-15 19:00:00,24,0.1383,0.1951,0.4576,0.1049,0.1235,0.0435,0.1718,0.2467,0.8718
1469,1492,2018-12-15 20:00:00,24,0.1345,0.1923,0.5367,0.0971,0.1142,0.2132,0.1719,0.2467,0.8601
1470,1493,2018-12-15 21:00:00,24,0.1315,0.1909,0.5416,0.0939,0.113,0.2275,0.1691,0.2452,0.8558
1471,1494,2018-12-15 22:00:00,24,0.1231,0.1714,0.5062,0.1014,0.1288,0.108,0.1448,0.2053,0.9043
1472,1495,2018-12-15 23:00:00,24,0.1128,0.1421,0.5826,0.0975,0.1263,0.2195,0.1282,0.1563,0.9458
1473,1496,2018-12-16 00:00:00,24,0.1096,0.1364,0.6291,0.0958,0.1256,0.3072,0.1235,0.1464,0.951
1474,1497,2018-12-16 01:00:00,24,0.1111,0.1377,0.6525,0.0952,0.1255,0.3585,0.1269,0.149,0.9464
1475,1498,2018-12-16 02:00:00,24,0.1086,0.1366,0.6728,0.0918,0.1241,0.403,0.1255,0.1479,0.9426
1476,1499,2018-12-16 03:00:00,24,0.1109,0.1382,0.6918,0.0925,0.1249,0.4492,0.1293,0.1504,0.9345
1477,1500,2018-12-16 04:00:00,24,0.1127,0.1396,0.7025,0.0956,0.1274,0.4798,0.1298,0.1508,0.9251
1478,1501,2018-12-16 05:00:00,24,0.1063,0.1343,0.7282,0.0916,0.1241,0.5409,0.1209,0.1439,0.9155
1479,1502,2018-12-16 06:00:00,24,0.1072,0.135,0.7382,0.0895,0.1223,0.586,0.1249,0.1465,0.8903
1480,1503,2018-12-16 07:00:00,24,0.1058,0.1343,0.7239,0.0885,0.1222,0.6013,0.123,0.1454,0.8464
1481,1504,2018-12-16 08:00:00,24,0.1013,0.13,0.7192,0.0845,0.1165,0.6534,0.1182,0.1421,0.7849
1482,1505,2018-12-16 09:00:00,24,0.1007,0.1288,0.6893,0.0845,0.1166,0.6603,0.117,0.14,0.7183
1483,1506,2018-12-16 10:00:00,24,0.1044,0.1363,0.6281,0.0833,0.1163,0.6639,0.1255,0.1537,0.5923
1484,1507,2018-12-16 11:00:00,24,0.0999,0.1328,0.6381,0.0757,0.109,0.7036,0.1241,0.1529,0.5725
1485,1508,2018-12-16 12:00:00,24,0.1089,0.1413,0.6238,0.0852,0.1195,0.6781,0.1326,0.1602,0.5696
1486,1509,2018-12-16 13:00:00,24,0.115,0.1467,0.6673,0.0928,0.1288,0.7133,0.1372,0.1627,0.6213
1487,1510,2018-12-16 14:00:00,24,0.1169,0.1476,0.7275,0.0938,0.1289,0.7734,0.1401,0.1642,0.6817
1488,1511,2018-12-16 15:00:00,24,0.1207,0.1509,0.7803,0.0978,0.132,0.8177,0.1436,0.1677,0.7428
1489,1512,2018-12-16 16:00:00,24,0.1211,0.1512,0.8215,0.1012,0.1345,0.8543,0.1411,0.1663,0.7887
1490,1513,2018-12-16 17:00:00,24,0.1277,0.159,0.8417,0.0998,0.1327,0.8719,0.1557,0.1816,0.8114
1491,1514,2018-12-16 18:00:00,24,0.1323,0.1652,0.8572,0.1047,0.1414,0.8586,0.1598,0.186,0.8558
1492,1515,2018-12-16 19:00:00,24,0.1315,0.1661,0.8658,0.1099,0.1471,0.8472,0.1532,0.1832,0.8844
1493,1516,2018-12-16 20:00:00,24,0.1308,0.1656,0.8713,0.1102,0.1472,0.847,0.1514,0.1822,0.8957
1494,1517,2018-12-16 21:00:00,24,0.1327,0.1662,0.8699,0.1143,0.1486,0.8435,0.1512,0.1821,0.8962
1495,1518,2018-12-16 22:00:00,24,0.1316,0.163,0.8763,0.105,0.1332,0.8718,0.1582,0.1882,0.8809
1496,1519,2018-12-16 23:00:00,24,0.1249,0.1558,0.881,0.1038,0.133,0.8683,0.1459,0.1756,0.8937
1497,1520,2018-12-17 00:00:00,24,0.127,0.1578,0.8692,0.1154,0.1468,0.8361,0.1386,0.168,0.9023
1498,1521,2018-12-17 01:00:00,24,0.1297,0.1601,0.8657,0.1174,0.1474,0.8314,0.1421,0.1719,0.9001
1499,1522,2018-12-17 02:00:00,24,0.1339,0.1628,0.8581,0.1255,0.1529,0.8153,0.1424,0.1721,0.901
1500,1523,2018-12-17 03:00:00,24,0.1327,0.1618,0.8549,0.1246,0.1522,0.8102,0.1407,0.1709,0.8997
1501,1524,2018-12-17 04:00:00,24,0.1292,0.1599,0.8516,0.1216,0.1502,0.8049,0.1368,0.169,0.8983
1502,1525,2018-12-17 05:00:00,24,0.1337,0.1632,0.8339,0.1289,0.1569,0.7764,0.1385,0.1693,0.8914
1503,1526,2018-12-17 06:00:00,24,0.1335,0.1633,0.8166,0.1322,0.1594,0.7536,0.1347,0.1671,0.8795
1504,1527,2018-12-17 07:00:00,24,0.1363,0.1649,0.7936,0.1387,0.1631,0.7267,0.1338,0.1668,0.8604
1505,1528,2018-12-17 08:00:00,24,0.145,0.179,0.7316,0.1543,0.1898,0.6356,0.1358,0.1675,0.8276
1506,1529,2018-12-17 09:00:00,24,0.1439,0.1776,0.7149,0.1553,0.1905,0.6184,0.1326,0.1637,0.8114
1507,1530,2018-12-17 10:00:00,24,0.1463,0.1772,0.7304,0.166,0.198,0.6246,0.1266,0.1537,0.8363
1508,1531,2018-12-17 11:00:00,24,0.1522,0.1841,0.7073,0.18,0.2106,0.5725,0.1244,0.1532,0.8421
1509,1532,2018-12-17 12:00:00,24,0.1455,0.1784,0.7321,0.1742,0.2058,0.59,0.1168,0.1458,0.8743
1510,1533,2018-12-17 13:00:00,24,0.1589,0.2177,0.6727,0.2016,0.2714,0.4576,0.1162,0.1453,0.8877
1511,1534,2018-12-17 14:00:00,24,0.1712,0.2389,0.7515,0.2291,0.3059,0.6015,0.1133,0.1435,0.9016
1512,1535,2018-12-17 15:00:00,24,0.1681,0.237,0.8101,0.2269,0.305,0.7015,0.1092,0.1391,0.9187
1513,1536,2018-12-17 16:00:00,24,0.1715,0.2406,0.8216,0.2344,0.3106,0.7178,0.1086,0.1389,0.9255
1514,1537,2018-12-17 17:00:00,24,0.165,0.2351,0.8428,0.2298,0.3091,0.7414,0.1002,0.1224,0.9443
1515,1538,2018-12-17 18:00:00,24,0.1636,0.2338,0.8556,0.2296,0.3089,0.765,0.0975,0.1177,0.9462
1516,1539,2018-12-17 19:00:00,24,0.1624,0.2327,0.8599,0.2209,0.3057,0.7817,0.104,0.1219,0.9381
1517,1540,2018-12-17 20:00:00,24,0.1671,0.2359,0.8569,0.2224,0.306,0.7908,0.1119,0.1327,0.9229
1518,1541,2018-12-17 21:00:00,24,0.1731,0.2402,0.852,0.2289,0.3098,0.7986,0.1173,0.1392,0.9054
1519,1542,2018-12-17 22:00:00,24,0.1718,0.2399,0.8525,0.2259,0.309,0.8079,0.1178,0.14,0.897
1520,1543,2018-12-17 23:00:00,24,0.1795,0.2447,0.8393,0.2294,0.3095,0.8107,0.1296,0.1547,0.8679
1521,1544,2018-12-18 00:00:00,24,0.1727,0.2405,0.8392,0.2191,0.3034,0.8158,0.1263,0.1536,0.8625
1522,1545,2018-12-18 01:00:00,24,0.17,0.2386,0.8366,0.2205,0.3038,0.8131,0.1196,0.1468,0.8601
1523,1546,2018-12-18 02:00:00,24,0.1678,0.2372,0.8278,0.2162,0.3017,0.8116,0.1193,0.1466,0.844
1524,1547,2018-12-18 03:00:00,24,0.1679,0.2373,0.8121,0.215,0.3013,0.8067,0.1209,0.1479,0.8175
1525,1548,2018-12-18 04:00:00,24,0.1705,0.2383,0.7922,0.2154,0.3014,0.7993,0.1255,0.1508,0.7851
1526,1549,2018-12-18 05:00:00,24,0.1705,0.2377,0.7716,0.2106,0.2987,0.7908,0.1304,0.1543,0.7523
1527,1550,2018-12-18 06:00:00,24,0.1684,0.2369,0.752,0.2046,0.2969,0.7777,0.1322,0.1552,0.7264
1528,1551,2018-12-18 07:00:00,24,0.1649,0.2356,0.7384,0.1979,0.2949,0.7606,0.132,0.1551,0.7162
1529,1552,2018-12-18 08:00:00,24,0.1627,0.2296,0.7084,0.189,0.2832,0.7232,0.1364,0.159,0.6936
1530,1553,2018-12-18 09:00:00,24,0.1996,0.3182,0.5426,0.2404,0.3978,0.4753,0.1587,0.2103,0.6099
1531,1554,2018-12-18 10:00:00,24,0.2042,0.3283,0.5614,0.2306,0.3942,0.4095,0.1777,0.2454,0.7132
1532,1555,2018-12-18 11:00:00,24,0.2042,0.327,0.5981,0.2198,0.388,0.3825,0.1887,0.2517,0.8137
1533,1556,2018-12-18 12:00:00,24,0.2138,0.3332,0.6144,0.2244,0.3899,0.3645,0.2033,0.2645,0.8644
1534,1557,2018-12-18 13:00:00,24,0.2077,0.3157,0.7457,0.1988,0.3489,0.5966,0.2165,0.2786,0.8948
1535,1558,2018-12-18 14:00:00,24,0.2021,0.3036,0.8202,0.1825,0.3248,0.7232,0.2216,0.2807,0.9171
1536,1559,2018-12-18 15:00:00,24,0.2047,0.3047,0.8498,0.1858,0.3262,0.7685,0.2235,0.2815,0.9311
1537,1560,2018-12-18 16:00:00,24,0.2068,0.3049,0.8706,0.1803,0.3219,0.8024,0.2332,0.2869,0.9389
1538,1561,2018-12-18 17:00:00,24,0.2122,0.308,0.881,0.1847,0.3232,0.8172,0.2398,0.2921,0.9449
1539,1562,2018-12-18 18:00:00,24,0.214,0.3099,0.8905,0.1802,0.3198,0.8321,0.2477,0.2997,0.949
1540,1563,2018-12-18 19:00:00,24,0.2189,0.3136,0.8912,0.1813,0.3199,0.8331,0.2564,0.3071,0.9492
1541,1564,2018-12-18 20:00:00,24,0.2239,0.3214,0.8866,0.1792,0.3195,0.8288,0.2686,0.3232,0.9443
1542,1565,2018-12-18 21:00:00,24,0.2259,0.3281,0.8832,0.1688,0.3151,0.8293,0.283,0.3406,0.937
1543,1566,2018-12-18 22:00:00,24,0.2345,0.3413,0.8747,0.1673,0.3149,0.8232,0.3016,0.3658,0.9262
1544,1567,2018-12-18 23:00:00,24,0.2497,0.3581,0.8602,0.1836,0.3295,0.8013,0.3158,0.3846,0.9192
1545,1568,2018-12-19 00:00:00,24,0.2559,0.36,0.858,0.1879,0.3309,0.7947,0.3239,0.3869,0.9213
1546,1569,2018-12-19 01:00:00,24,0.2639,0.3651,0.8488,0.201,0.3411,0.7734,0.3267,0.3876,0.9242
1547,1570,2018-12-19 02:00:00,24,0.274,0.3712,0.8371,0.2131,0.3495,0.7494,0.3349,0.3917,0.9248
1548,1571,2018-12-19 03:00:00,24,0.281,0.3753,0.8269,0.2175,0.3513,0.7306,0.3446,0.398,0.9231
1549,1572,2018-12-19 04:00:00,24,0.2854,0.3787,0.8154,0.2165,0.3511,0.7108,0.3543,0.4044,0.9201
1550,1573,2018-12-19 05:00:00,24,0.2897,0.383,0.8006,0.2137,0.3505,0.6864,0.3657,0.4129,0.9149
1551,1574,2018-12-19 06:00:00,24,0.2964,0.3876,0.781,0.2135,0.3505,0.653,0.3793,0.4214,0.9089
1552,1575,2018-12-19 07:00:00,24,0.3058,0.3927,0.7541,0.2157,0.3507,0.6062,0.3959,0.4306,0.9019
1553,1576,2018-12-19 08:00:00,24,0.3065,0.3954,0.6998,0.2056,0.3461,0.5037,0.4074,0.4392,0.8959
1554,1577,2018-12-19 09:00:00,24,0.2719,0.3321,0.8674,0.1485,0.2022,0.8305,0.3952,0.4238,0.9044
1555,1578,2018-12-19 10:00:00,24,0.2702,0.3265,0.8695,0.1523,0.2036,0.8272,0.3882,0.4144,0.9117
1556,1579,2018-12-19 11:00:00,24,0.2735,0.3284,0.8689,0.1569,0.2069,0.8227,0.3901,0.4158,0.9151
1557,1580,2018-12-19 12:00:00,24,0.2655,0.3232,0.8753,0.1491,0.2024,0.8292,0.382,0.4098,0.9213
1558,1581,2018-12-19 13:00:00,24,0.26,0.3177,0.8814,0.145,0.1975,0.8354,0.375,0.4035,0.9273
1559,1582,2018-12-19 14:00:00,24,0.253,0.3141,0.8858,0.1349,0.1882,0.8414,0.3712,0.4023,0.9302
1560,1583,2018-12-19 15:00:00,24,0.2531,0.3141,0.8824,0.1339,0.1873,0.832,0.3722,0.4027,0.9327
1561,1584,2018-12-19 16:00:00,24,0.247,0.3111,0.8785,0.1318,0.1856,0.8215,0.3622,0.3989,0.9355
1562,1585,2018-12-19 17:00:00,24,0.2434,0.3097,0.8628,0.1372,0.1914,0.788,0.3496,0.3939,0.9376
1563,1586,2018-12-19 18:00:00,24,0.2367,0.3046,0.8514,0.135,0.1895,0.7635,0.3384,0.3869,0.9393
1564,1587,2018-12-19 19:00:00,24,0.2343,0.3017,0.8358,0.142,0.194,0.7294,0.3266,0.3801,0.9422
1565,1588,2018-12-19 20:00:00,24,0.2288,0.2928,0.8269,0.1494,0.1989,0.7052,0.3081,0.3632,0.9487
1566,1589,2018-12-19 21:00:00,24,0.2406,0.3066,0.8025,0.1654,0.2142,0.6576,0.3158,0.377,0.9475
1567,1590,2018-12-19 22:00:00,24,0.2471,0.3108,0.7928,0.1778,0.2237,0.636,0.3165,0.3783,0.9496
1568,1591,2018-12-19 23:00:00,24,0.2395,0.3007,0.7939,0.166,0.2049,0.6364,0.3131,0.3727,0.9514
1569,1592,2018-12-20 00:00:00,24,0.2457,0.3074,0.7256,0.167,0.2057,0.5044,0.3245,0.3829,0.9467
1570,1593,2018-12-20 01:00:00,24,0.2465,0.3075,0.6984,0.1577,0.1914,0.4559,0.3352,0.3904,0.9408
1571,1594,2018-12-20 02:00:00,24,0.2445,0.3062,0.6979,0.1489,0.178,0.4615,0.3401,0.3948,0.9344
1572,1595,2018-12-20 03:00:00,24,0.2409,0.3041,0.6773,0.1433,0.1739,0.4256,0.3385,0.3933,0.929
1573,1596,2018-12-20 04:00:00,24,0.242,0.3034,0.631,0.1482,0.177,0.338,0.3358,0.3909,0.924
1574,1597,2018-12-20 05:00:00,24,0.2415,0.3008,0.5838,0.1528,0.1796,0.2467,0.3303,0.3856,0.921
1575,1598,2018-12-20 06:00:00,24,0.2368,0.2956,0.5382,0.1538,0.1797,0.1564,0.3199,0.3775,0.9201
1576,1599,2018-12-20 07:00:00,24,0.2292,0.2892,0.4988,0.1516,0.1793,0.077,0.3068,0.3677,0.9207
1577,1600,2018-12-20 08:00:00,24,0.2232,0.2825,0.4734,0.1513,0.1792,0.0232,0.295,0.3571,0.9237
1578,1601,2018-12-20 09:00:00,24,0.2234,0.28,0.4283,0.1576,0.182,-0.0702,0.2892,0.3517,0.9269
1579,1602,2018-12-20 10:00:00,24,0.224,0.2783,0.3987,0.1639,0.1886,-0.1354,0.2841,0.3455,0.9328
1580,1603,2018-12-20 11:00:00,24,0.2175,0.274,0.4018,0.1618,0.1866,-0.1336,0.2733,0.3395,0.9371
1581,1604,2018-12-20 12:00:00,24,0.2226,0.2776,0.3224,0.1754,0.1998,-0.294,0.2699,0.3378,0.9388
1582,1605,2018-12-20 13:00:00,24,0.222,0.2801,0.1974,0.1852,0.2145,-0.5456,0.2589,0.333,0.9405
1583,1606,2018-12-20 14:00:00,24,0.238,0.2995,0.2017,0.2128,0.2596,-0.5346,0.2632,0.3347,0.938
1584,1607,2018-12-20 15:00:00,24,0.2372,0.3004,0.3389,0.2182,0.264,-0.2578,0.2561,0.3328,0.9356
1585,1608,2018-12-20 16:00:00,24,0.2444,0.3057,0.4335,0.2293,0.275,-0.0626,0.2596,0.3336,0.9296
1586,1609,2018-12-20 17:00:00,24,0.255,0.3171,0.4725,0.2248,0.2715,0.0351,0.2851,0.3568,0.9099
1587,1610,2018-12-20 18:00:00,24,0.2565,0.3177,0.4063,0.2255,0.2719,-0.0806,0.2875,0.3578,0.8931
1588,1611,2018-12-20 19:00:00,24,0.2579,0.3182,0.3753,0.2232,0.2703,-0.1106,0.2926,0.3598,0.8611
1589,1612,2018-12-20 20:00:00,24,0.269,0.3287,0.2542,0.229,0.2765,-0.27,0.3089,0.3737,0.7784
1590,1613,2018-12-20 21:00:00,24,0.263,0.3173,0.1858,0.2297,0.2775,-0.3408,0.2963,0.3526,0.7123
1591,1614,2018-12-20 22:00:00,24,0.2482,0.2982,0.2423,0.2236,0.2721,-0.1644,0.2728,0.3222,0.6489
1592,1615,2018-12-20 23:00:00,24,0.239,0.2886,0.2886,0.2158,0.2691,0.0341,0.2622,0.3068,0.5431
1593,1616,2018-12-21 00:00:00,24,0.231,0.2814,0.3382,0.2088,0.2664,0.2254,0.2531,0.2957,0.4509
1594,1617,2018-12-21 01:00:00,24,0.2246,0.2757,0.3971,0.2074,0.2655,0.3378,0.2418,0.2854,0.4564
1595,1618,2018-12-21 02:00:00,24,0.2225,0.2756,0.4238,0.2185,0.278,0.3001,0.2264,0.2731,0.5475
1596,1619,2018-12-21 03:00:00,24,0.2198,0.2726,0.4712,0.2211,0.2789,0.3182,0.2184,0.2661,0.6242
1597,1620,2018-12-21 04:00:00,24,0.2184,0.271,0.4972,0.223,0.2803,0.321,0.2137,0.2614,0.6733
1598,1621,2018-12-21 05:00:00,24,0.2166,0.2694,0.5149,0.2226,0.2801,0.3282,0.2106,0.2582,0.7016
1599,1622,2018-12-21 06:00:00,24,0.2187,0.2701,0.5209,0.2257,0.2808,0.33,0.2117,0.259,0.7118
1600,1623,2018-12-21 07:00:00,24,0.2233,0.2723,0.5184,0.2298,0.2816,0.3306,0.2169,0.2626,0.7063
1601,1624,2018-12-21 08:00:00,24,0.2232,0.2722,0.517,0.2298,0.2816,0.3328,0.2166,0.2624,0.7011
1602,1625,2018-12-21 09:00:00,24,0.2205,0.2703,0.5231,0.228,0.2808,0.3517,0.2131,0.2595,0.6946
1603,1626,2018-12-21 10:00:00,24,0.2215,0.2714,0.4929,0.2302,0.2831,0.3373,0.2129,0.2593,0.6485
1604,1627,2018-12-21 11:00:00,24,0.2256,0.2737,0.4627,0.2337,0.2855,0.3269,0.2175,0.2613,0.5984
1605,1628,2018-12-21 12:00:00,24,0.2347,0.2845,0.4211,0.2412,0.2969,0.3095,0.2283,0.2716,0.5327
1606,1629,2018-12-21 13:00:00,24,0.24,0.2878,0.4595,0.2431,0.2997,0.3931,0.2368,0.2754,0.5258
1607,1630,2018-12-21 14:00:00,24,0.2309,0.2719,0.5564,0.2266,0.2695,0.564,0.2353,0.2744,0.5488
1608,1631,2018-12-21 15:00:00,24,0.2349,0.2739,0.5914,0.2286,0.2718,0.6179,0.2412,0.2761,0.5649
1609,1632,2018-12-21 16:00:00,24,0.2311,0.2699,0.6106,0.2154,0.2598,0.6489,0.2467,0.2796,0.5722
1610,1633,2018-12-21 17:00:00,24,0.2272,0.263,0.6176,0.2282,0.2749,0.5816,0.2262,0.2506,0.6536
1611,1634,2018-12-21 18:00:00,24,0.2378,0.2753,0.5828,0.2434,0.293,0.5274,0.2322,0.2563,0.6382
1612,1635,2018-12-21 19:00:00,24,0.2425,0.2793,0.573,0.2475,0.2958,0.5159,0.2374,0.2616,0.6301
1613,1636,2018-12-21 20:00:00,24,0.2351,0.2697,0.6015,0.2454,0.2934,0.5305,0.2247,0.2437,0.6725
1614,1637,2018-12-21 21:00:00,24,0.2387,0.278,0.5616,0.2433,0.2906,0.5468,0.2342,0.2649,0.5763
1615,1638,2018-12-21 22:00:00,24,0.2491,0.2984,0.5637,0.2378,0.2887,0.5542,0.2603,0.3078,0.5733
1616,1639,2018-12-21 23:00:00,24,0.253,0.304,0.5823,0.259,0.3077,0.468,0.2471,0.3003,0.6966
1617,1640,2018-12-22 00:00:00,24,0.2593,0.3076,0.5691,0.2727,0.3156,0.3918,0.246,0.2994,0.7464
1618,1641,2018-12-22 01:00:00,24,0.2638,0.3105,0.5443,0.2757,0.3175,0.325,0.252,0.3034,0.7635
1619,1642,2018-12-22 02:00:00,24,0.2616,0.3064,0.5606,0.2628,0.3057,0.3509,0.2603,0.3072,0.7702
1620,1643,2018-12-22 03:00:00,24,0.2633,0.3076,0.546,0.2619,0.3053,0.3183,0.2646,0.3099,0.7738
1621,1644,2018-12-22 04:00:00,24,0.2632,0.3079,0.5382,0.2586,0.3034,0.3021,0.2677,0.3122,0.7743
1622,1645,2018-12-22 05:00:00,24,0.2646,0.3091,0.5227,0.2588,0.3035,0.2717,0.2703,0.3145,0.7737
1623,1646,2018-12-22 06:00:00,24,0.2633,0.3086,0.5072,0.2568,0.303,0.2394,0.2699,0.3142,0.775
1624,1647,2018-12-22 07:00:00,24,0.2612,0.3075,0.4852,0.2551,0.3025,0.1924,0.2673,0.3125,0.7779
1625,1648,2018-12-22 08:00:00,24,0.2614,0.3075,0.4567,0.2556,0.3025,0.1376,0.2673,0.3125,0.7758
1626,1649,2018-12-22 09:00:00,24,0.2649,0.3097,0.3859,0.2592,0.3044,-0.0017,0.2706,0.3148,0.7734
1627,1650,2018-12-22 10:00:00,24,0.2658,0.3109,0.3572,0.2579,0.3031,-0.0549,0.2738,0.3186,0.7693
1628,1651,2018-12-22 11:00:00,24,0.264,0.3098,0.3542,0.2544,0.3008,-0.0629,0.2735,0.3185,0.7713
1629,1652,2018-12-22 12:00:00,24,0.2477,0.2953,0.4304,0.2361,0.2812,0.08,0.2594,0.3088,0.7807
1630,1653,2018-12-22 13:00:00,24,0.2391,0.2881,0.4491,0.2274,0.2696,0.1225,0.2509,0.3055,0.7757
1631,1654,2018-12-22 14:00:00,24,0.2389,0.2882,0.4015,0.2281,0.2704,0.0432,0.2498,0.305,0.7597
1632,1655,2018-12-22 15:00:00,24,0.237,0.2868,0.3327,0.2262,0.2683,-0.0781,0.2479,0.3042,0.7435
1633,1656,2018-12-22 16:00:00,24,0.2393,0.2878,0.3381,0.2316,0.2713,-0.0448,0.2469,0.3035,0.721
1634,1657,2018-12-22 17:00:00,24,0.2348,0.2818,0.3833,0.2193,0.2562,0.0605,0.2502,0.3053,0.7061
1635,1658,2018-12-22 18:00:00,24,0.2254,0.2708,0.4638,0.207,0.2377,0.2301,0.2438,0.3003,0.6974
1636,1659,2018-12-22 19:00:00,24,0.2219,0.2675,0.4711,0.2059,0.2366,0.2652,0.238,0.2953,0.6771
1637,1660,2018-12-22 20:00:00,24,0.2145,0.2631,0.4768,0.1933,0.2281,0.318,0.2357,0.2939,0.6357
1638,1661,2018-12-22 21:00:00,24,0.1997,0.2409,0.4517,0.1836,0.2177,0.1921,0.2159,0.2621,0.7113
1639,1662,2018-12-22 22:00:00,24,0.1898,0.2174,0.2799,0.1834,0.2176,-0.2188,0.1962,0.2171,0.7787
1640,1663,2018-12-22 23:00:00,24,0.1962,0.2264,0.4779,0.1694,0.1934,0.2423,0.223,0.2551,0.7135
1641,1664,2018-12-23 00:00:00,24,0.1954,0.2264,0.636,0.1614,0.1829,0.4921,0.2294,0.2628,0.7798
1642,1665,2018-12-23 01:00:00,24,0.1959,0.2274,0.7202,0.1599,0.1811,0.5883,0.232,0.2657,0.852
1643,1666,2018-12-23 02:00:00,24,0.2,0.2369,0.6786,0.1767,0.2097,0.4606,0.2233,0.2612,0.8966
1644,1667,2018-12-23 03:00:00,24,0.1993,0.236,0.6882,0.18,0.212,0.4562,0.2186,0.2578,0.9201
1645,1668,2018-12-23 04:00:00,24,0.1955,0.233,0.6996,0.178,0.2109,0.4646,0.213,0.2533,0.9346
1646,1669,2018-12-23 05:00:00,24,0.1907,0.2292,0.711,0.1745,0.2091,0.4777,0.2069,0.2477,0.9443
1647,1670,2018-12-23 06:00:00,24,0.1904,0.229,0.7149,0.1743,0.209,0.4813,0.2065,0.2474,0.9485
1648,1671,2018-12-23 07:00:00,24,0.1916,0.2298,0.7164,0.1751,0.2093,0.4827,0.2081,0.2487,0.9502
1649,1672,2018-12-23 08:00:00,24,0.1902,0.229,0.7198,0.1747,0.2093,0.4876,0.2057,0.2472,0.9519
1650,1673,2018-12-23 09:00:00,24,0.1861,0.226,0.7419,0.1697,0.2059,0.5299,0.2025,0.2444,0.9539
1651,1674,2018-12-23 10:00:00,24,0.1744,0.2141,0.7676,0.1624,0.1986,0.576,0.1864,0.2284,0.9593
1652,1675,2018-12-23 11:00:00,24,0.1729,0.214,0.7626,0.1653,0.2013,0.5663,0.1805,0.226,0.9588
1653,1676,2018-12-23 12:00:00,24,0.1762,0.2172,0.7434,0.1729,0.2082,0.5297,0.1795,0.2259,0.957
1654,1677,2018-12-23 13:00:00,24,0.1806,0.223,0.7139,0.1801,0.2198,0.4732,0.1812,0.2262,0.9545
1655,1678,2018-12-23 14:00:00,24,0.1813,0.2261,0.7184,0.1682,0.209,0.4886,0.1944,0.242,0.9483
1656,1679,2018-12-23 15:00:00,24,0.1867,0.2349,0.7057,0.1616,0.2023,0.4687,0.2118,0.2634,0.9427
1657,1680,2018-12-23 16:00:00,24,0.1846,0.2347,0.6791,0.1652,0.2069,0.4114,0.2039,0.2595,0.9467
1658,1681,2018-12-23 17:00:00,24,0.1845,0.2369,0.663,0.1726,0.2161,0.3765,0.1965,0.2561,0.9494
1659,1682,2018-12-23 18:00:00,24,0.181,0.2353,0.6382,0.1713,0.2148,0.3256,0.1907,0.2541,0.9508
1660,1683,2018-12-23 19:00:00,24,0.1777,0.2334,0.6223,0.1642,0.2103,0.2958,0.1911,0.2544,0.9489
1661,1684,2018-12-23 20:00:00,24,0.1825,0.2358,0.6119,0.1707,0.2128,0.2806,0.1943,0.2567,0.9432
1662,1685,2018-12-23 21:00:00,24,0.1845,0.2379,0.5781,0.1781,0.2201,0.2217,0.1909,0.2545,0.9346
1663,1686,2018-12-23 22:00:00,24,0.1839,0.2364,0.5953,0.1798,0.2205,0.2606,0.188,0.2514,0.93
1664,1687,2018-12-23 23:00:00,24,0.1798,0.2248,0.6455,0.1842,0.2252,0.3434,0.1753,0.2244,0.9476
1665,1688,2018-12-24 00:00:00,24,0.1744,0.2186,0.67,0.1846,0.2255,0.3816,0.1641,0.2115,0.9584
1666,1689,2018-12-24 01:00:00,24,0.1756,0.221,0.6197,0.1934,0.237,0.2748,0.1578,0.2037,0.9645
1667,1690,2018-12-24 02:00:00,24,0.1706,0.2101,0.6941,0.1752,0.2113,0.424,0.166,0.2088,0.9643
1668,1691,2018-12-24 03:00:00,24,0.1721,0.2146,0.7014,0.168,0.208,0.443,0.1763,0.2211,0.9598
1669,1692,2018-12-24 04:00:00,24,0.1771,0.2204,0.6969,0.1684,0.2082,0.4396,0.1858,0.2319,0.9542
1670,1693,2018-12-24 05:00:00,24,0.1789,0.2229,0.6956,0.1666,0.2078,0.442,0.1912,0.237,0.9491
1671,1694,2018-12-24 06:00:00,24,0.1811,0.2261,0.6927,0.165,0.2075,0.4437,0.1973,0.2432,0.9416
1672,1695,2018-12-24 07:00:00,24,0.182,0.2279,0.6895,0.1632,0.207,0.4462,0.2007,0.247,0.9328
1673,1696,2018-12-24 08:00:00,24,0.1875,0.2325,0.6833,0.1655,0.2077,0.4464,0.2095,0.2548,0.9201
1674,1697,2018-12-24 09:00:00,24,0.1897,0.2338,0.6718,0.1686,0.2094,0.4288,0.2108,0.2558,0.9147
1675,1698,2018-12-24 10:00:00,24,0.1908,0.2341,0.6683,0.1688,0.2095,0.4254,0.2129,0.2564,0.9112
1676,1699,2018-12-24 11:00:00,24,0.1902,0.233,0.6762,0.1654,0.2065,0.4447,0.2149,0.2567,0.9077
1677,1700,2018-12-24 12:00:00,24,0.1928,0.2349,0.6817,0.1678,0.2101,0.4583,0.2178,0.2573,0.9051
1678,1701,2018-12-24 13:00:00,24,0.1905,0.2316,0.7149,0.1639,0.2027,0.5273,0.2172,0.2572,0.9025
1679,1702,2018-12-24 14:00:00,24,0.1938,0.2382,0.7118,0.1859,0.2349,0.508,0.2017,0.2415,0.9156
1680,1703,2018-12-24 15:00:00,24,0.1925,0.2334,0.7572,0.1952,0.2441,0.5828,0.1899,0.2222,0.9315
1681,1704,2018-12-24 16:00:00,24,0.1948,0.2337,0.7911,0.1917,0.2403,0.651,0.1979,0.2269,0.9312
1682,1705,2018-12-24 17:00:00,24,0.1907,0.2296,0.805,0.1771,0.2294,0.6807,0.2042,0.2298,0.9292
1683,1706,2018-12-24 18:00:00,24,0.1952,0.235,0.8054,0.1703,0.2259,0.691,0.2201,0.2438,0.9198
1684,1707,2018-12-24 19:00:00,24,0.2009,0.2419,0.801,0.1717,0.2264,0.6863,0.2301,0.2564,0.9158
1685,1708,2018-12-24 20:00:00,24,0.2009,0.2426,0.8071,0.1688,0.2248,0.6907,0.2329,0.2592,0.9235
1686,1709,2018-12-24 21:00:00,24,0.2016,0.2471,0.8266,0.1563,0.2162,0.7244,0.2468,0.2746,0.9288
1687,1710,2018-12-24 22:00:00,24,0.2042,0.2489,0.8325,0.1597,0.218,0.724,0.2487,0.2764,0.941
1688,1711,2018-12-24 23:00:00,24,0.2035,0.2505,0.8445,0.153,0.2114,0.7386,0.2541,0.2843,0.9504
1689,1712,2018-12-25 00:00:00,24,0.2104,0.2576,0.8628,0.154,0.2123,0.7681,0.2667,0.296,0.9574
1690,1713,2018-12-25 01:00:00,24,0.2025,0.2503,0.8996,0.1413,0.1963,0.8333,0.2637,0.2946,0.9659
1691,1714,2018-12-25 02:00:00,24,0.2105,0.2606,0.882,0.1592,0.2232,0.7928,0.2617,0.2932,0.9711
1692,1715,2018-12-25 03:00:00,24,0.2174,0.2653,0.87,0.1755,0.2375,0.7655,0.2594,0.2904,0.9746
1693,1716,2018-12-25 04:00:00,24,0.2173,0.2658,0.8712,0.1742,0.2371,0.7664,0.2604,0.2918,0.9759
1694,1717,2018-12-25 05:00:00,24,0.2214,0.269,0.8701,0.1784,0.2384,0.7644,0.2645,0.2964,0.9759
1695,1718,2018-12-25 06:00:00,24,0.2229,0.2705,0.8702,0.179,0.2384,0.7648,0.2669,0.2992,0.9755
1696,1719,2018-12-25 07:00:00,24,0.2266,0.2768,0.8693,0.1778,0.2383,0.7657,0.2754,0.3105,0.9729
1697,1720,2018-12-25 08:00:00,24,0.223,0.2744,0.8696,0.1747,0.2377,0.767,0.2712,0.3067,0.9722
1698,1721,2018-12-25 09:00:00,24,0.2281,0.2797,0.8661,0.1769,0.2393,0.7638,0.2794,0.3149,0.9684
1699,1722,2018-12-25 10:00:00,24,0.2327,0.283,0.8651,0.1769,0.2393,0.7659,0.2886,0.3207,0.9643
1700,1723,2018-12-25 11:00:00,24,0.2307,0.2823,0.8658,0.173,0.2378,0.7703,0.2884,0.3207,0.9613
1701,1724,2018-12-25 12:00:00,24,0.2287,0.2807,0.8692,0.1703,0.2343,0.7809,0.2872,0.3204,0.9576
1702,1725,2018-12-25 13:00:00,24,0.2267,0.2787,0.8738,0.1665,0.2295,0.7946,0.287,0.3204,0.9531
1703,1726,2018-12-25 14:00:00,24,0.2151,0.2657,0.8945,0.1455,0.1968,0.8411,0.2848,0.3201,0.948
1704,1727,2018-12-25 15:00:00,24,0.2092,0.2605,0.8938,0.1371,0.186,0.8456,0.2813,0.318,0.942
1705,1728,2018-12-25 16:00:00,24,0.2097,0.2611,0.8853,0.1356,0.1843,0.8377,0.2838,0.32,0.9328
1706,1729,2018-12-25 17:00:00,24,0.218,0.2665,0.8787,0.1463,0.1917,0.832,0.2896,0.3245,0.9254
1707,1730,2018-12-25 18:00:00,24,0.2148,0.2617,0.8836,0.1503,0.1934,0.8385,0.2792,0.3156,0.9288
1708,1731,2018-12-25 19:00:00,24,0.214,0.2586,0.8805,0.1579,0.2001,0.8273,0.2702,0.3061,0.9337
1709,1732,2018-12-25 20:00:00,24,0.2196,0.264,0.8761,0.1635,0.2046,0.821,0.2756,0.3123,0.9311
1710,1733,2018-12-25 21:00:00,24,0.2187,0.2613,0.878,0.1651,0.2047,0.8231,0.2722,0.3077,0.9329
1711,1734,2018-12-25 22:00:00,24,0.2188,0.2642,0.8825,0.1598,0.2024,0.835,0.2778,0.3141,0.93
1712,1735,2018-12-25 23:00:00,24,0.2151,0.2597,0.8888,0.1573,0.2011,0.8455,0.2728,0.3074,0.9322
1713,1736,2018-12-26 00:00:00,24,0.2084,0.2538,0.8831,0.1601,0.2042,0.8326,0.2568,0.2952,0.9337
1714,1737,2018-12-26 01:00:00,24,0.2204,0.2684,0.8329,0.1805,0.2364,0.74,0.2603,0.297,0.9258
1715,1738,2018-12-26 02:00:00,24,0.2189,0.2641,0.8383,0.1722,0.2207,0.7621,0.2656,0.3013,0.9144
1716,1739,2018-12-26 03:00:00,24,0.212,0.2582,0.8491,0.1578,0.2056,0.7937,0.2661,0.3019,0.9045
1717,1740,2018-12-26 04:00:00,24,0.2091,0.2539,0.8475,0.1614,0.2074,0.792,0.2568,0.293,0.9029
1718,1741,2018-12-26 05:00:00,24,0.2046,0.2497,0.8498,0.1581,0.2061,0.7969,0.251,0.2867,0.9026
1719,1742,2018-12-26 06:00:00,24,0.2019,0.2463,0.8518,0.1582,0.2061,0.7989,0.2457,0.2808,0.9046
1720,1743,2018-12-26 07:00:00,24,0.1973,0.238,0.8573,0.1595,0.2063,0.8004,0.2351,0.266,0.9142
1721,1744,2018-12-26 08:00:00,24,0.1991,0.2391,0.8574,0.1614,0.2066,0.8014,0.2368,0.2677,0.9133
1722,1745,2018-12-26 09:00:00,24,0.1952,0.235,0.8628,0.1569,0.2033,0.809,0.2334,0.263,0.9166
1723,1746,2018-12-26 10:00:00,24,0.1893,0.2305,0.8649,0.1547,0.2023,0.8102,0.2239,0.2557,0.9195
1724,1747,2018-12-26 11:00:00,24,0.1947,0.2343,0.8596,0.1561,0.2027,0.8075,0.2333,0.2621,0.9118
1725,1748,2018-12-26 12:00:00,24,0.1941,0.233,0.8565,0.152,0.1982,0.807,0.2362,0.2632,0.906
1726,1749,2018-12-26 13:00:00,24,0.1986,0.2398,0.832,0.1611,0.2138,0.7629,0.2361,0.2632,0.9011
1727,1750,2018-12-26 14:00:00,24,0.2057,0.2457,0.8185,0.1734,0.2266,0.7413,0.2381,0.2635,0.8958
1728,1751,2018-12-26 15:00:00,24,0.2029,0.245,0.8173,0.174,0.227,0.7441,0.2319,0.2617,0.8906
1729,1752,2018-12-26 16:00:00,24,0.1987,0.2424,0.8137,0.1762,0.229,0.7418,0.2212,0.2551,0.8857
1730,1753,2018-12-26 17:00:00,24,0.1943,0.2387,0.8082,0.1769,0.2298,0.7408,0.2117,0.2473,0.8755
1731,1754,2018-12-26 18:00:00,24,0.2008,0.2447,0.7914,0.1856,0.2386,0.7354,0.2159,0.2507,0.8474
1732,1755,2018-12-26 19:00:00,24,0.2024,0.2465,0.7947,0.1874,0.2407,0.7634,0.2175,0.2522,0.826
1733,1756,2018-12-26 20:00:00,24,0.1947,0.2384,0.8129,0.1834,0.2377,0.7863,0.2061,0.239,0.8395
1734,1757,2018-12-26 21:00:00,24,0.2003,0.2432,0.8051,0.1917,0.2425,0.7718,0.2089,0.2438,0.8383
1735,1758,2018-12-26 22:00:00,24,0.2009,0.2424,0.8011,0.1942,0.2431,0.7493,0.2077,0.2417,0.8529
1736,1759,2018-12-26 23:00:00,24,0.2127,0.2583,0.7704,0.2076,0.2555,0.6841,0.2178,0.261,0.8566
1737,1760,2018-12-27 00:00:00,24,0.2178,0.2638,0.7858,0.201,0.2509,0.6902,0.2346,0.276,0.8814
1738,1761,2018-12-27 01:00:00,24,0.2177,0.2689,0.7788,0.2062,0.2643,0.6487,0.2292,0.2735,0.9089
1739,1762,2018-12-27 02:00:00,24,0.2149,0.2664,0.7873,0.2063,0.2644,0.6471,0.2236,0.2684,0.9274
1740,1763,2018-12-27 03:00:00,24,0.215,0.2654,0.7897,0.2089,0.2652,0.6416,0.2212,0.2657,0.9378
1741,1764,2018-12-27 04:00:00,24,0.2159,0.2673,0.7882,0.2049,0.2636,0.6362,0.227,0.2709,0.9402
1742,1765,2018-12-27 05:00:00,24,0.2187,0.2704,0.7806,0.205,0.2637,0.6215,0.2324,0.277,0.9397
1743,1766,2018-12-27 06:00:00,24,0.2206,0.2723,0.7717,0.2053,0.2637,0.6049,0.2359,0.2807,0.9385
1744,1767,2018-12-27 07:00:00,24,0.2224,0.274,0.7599,0.2057,0.2638,0.584,0.239,0.2839,0.9358
1745,1768,2018-12-27 08:00:00,24,0.2244,0.2767,0.7466,0.2051,0.2637,0.563,0.2436,0.2891,0.9302
1746,1769,2018-12-27 09:00:00,24,0.2236,0.2767,0.7349,0.2031,0.2631,0.5458,0.2441,0.2897,0.9239
1747,1770,2018-12-27 10:00:00,24,0.2325,0.2842,0.7133,0.2062,0.2643,0.5161,0.2589,0.3028,0.9104
1748,1771,2018-12-27 11:00:00,24,0.2301,0.2821,0.7004,0.2075,0.2648,0.491,0.2528,0.2984,0.9098
1749,1772,2018-12-27 12:00:00,24,0.2285,0.2819,0.6944,0.2089,0.2658,0.4807,0.2481,0.2972,0.9082
1750,1773,2018-12-27 13:00:00,24,0.2267,0.28,0.7004,0.2065,0.2618,0.4957,0.2469,0.2971,0.9052
1751,1774,2018-12-27 14:00:00,24,0.2214,0.2757,0.7035,0.1982,0.2529,0.5055,0.2447,0.2968,0.9016
1752,1775,2018-12-27 15:00:00,24,0.2232,0.2759,0.6916,0.1962,0.2518,0.4847,0.2502,0.298,0.8984
1753,1776,2018-12-27 16:00:00,24,0.2255,0.2768,0.6751,0.1971,0.2527,0.454,0.2538,0.2989,0.8962
1754,1777,2018-12-27 17:00:00,24,0.2272,0.2776,0.661,0.1932,0.2491,0.4291,0.2612,0.3034,0.8929
1755,1778,2018-12-27 18:00:00,24,0.2309,0.2819,0.6247,0.1954,0.2524,0.3592,0.2663,0.3086,0.8901
1756,1779,2018-12-27 19:00:00,24,0.2314,0.2825,0.5842,0.1957,0.2528,0.2776,0.2672,0.3094,0.8908
1757,1780,2018-12-27 20:00:00,24,0.2292,0.2816,0.5237,0.1929,0.2517,0.1576,0.2656,0.3087,0.8898
1758,1781,2018-12-27 21:00:00,24,0.2241,0.277,0.5506,0.1866,0.2476,0.2078,0.2617,0.3036,0.8933
1759,1782,2018-12-27 22:00:00,24,0.2313,0.2882,0.6052,0.1897,0.2491,0.3283,0.273,0.3227,0.882
1760,1783,2018-12-27 23:00:00,24,0.2264,0.2799,0.5911,0.1887,0.2476,0.2871,0.2641,0.3088,0.8951
1761,1784,2018-12-28 00:00:00,24,0.2236,0.2753,0.458,0.1922,0.2495,0.0133,0.255,0.2988,0.9026
1762,1785,2018-12-28 01:00:00,24,0.2166,0.2615,0.5634,0.1791,0.218,0.2229,0.2541,0.2987,0.9038
1763,1786,2018-12-28 02:00:00,24,0.2183,0.2629,0.5737,0.1761,0.2139,0.2482,0.2606,0.304,0.8992
1764,1787,2018-12-28 03:00:00,24,0.2194,0.2641,0.5737,0.176,0.2139,0.2515,0.2627,0.3061,0.896
1765,1788,2018-12-28 04:00:00,24,0.2195,0.2639,0.5727,0.1768,0.2141,0.2503,0.2623,0.3057,0.895
1766,1789,2018-12-28 05:00:00,24,0.2223,0.2647,0.5712,0.1888,0.2246,0.2426,0.2558,0.2994,0.8998
1767,1790,2018-12-28 06:00:00,24,0.2206,0.263,0.631,0.1981,0.2309,0.3553,0.2431,0.2915,0.9067
1768,1791,2018-12-28 07:00:00,24,0.2162,0.2594,0.7048,0.2019,0.2325,0.4956,0.2305,0.2838,0.914
1769,1792,2018-12-28 08:00:00,24,0.2193,0.2607,0.6947,0.2156,0.2444,0.4699,0.223,0.276,0.9195
1770,1793,2018-12-28 09:00:00,24,0.2154,0.2567,0.7012,0.2176,0.245,0.4789,0.2131,0.2679,0.9235
1771,1794,2018-12-28 10:00:00,24,0.207,0.2486,0.7092,0.2147,0.2438,0.4898,0.1993,0.2534,0.9285
1772,1795,2018-12-28 11:00:00,24,0.2049,0.2478,0.7043,0.2125,0.243,0.4842,0.1974,0.2525,0.9244
1773,1796,2018-12-28 12:00:00,24,0.209,0.2521,0.6883,0.2197,0.2516,0.4579,0.1982,0.2526,0.9187
1774,1797,2018-12-28 13:00:00,24,0.2096,0.2493,0.71,0.2118,0.2416,0.5099,0.2074,0.2568,0.9101
1775,1798,2018-12-28 14:00:00,24,0.2203,0.2583,0.7118,0.2181,0.2481,0.5257,0.2225,0.2681,0.898
1776,1799,2018-12-28 15:00:00,24,0.2242,0.2612,0.7288,0.2193,0.2487,0.5654,0.229,0.2732,0.8922
1777,1800,2018-12-28 16:00:00,24,0.2239,0.2609,0.7518,0.2185,0.2479,0.6105,0.2293,0.2733,0.893
1778,1801,2018-12-28 17:00:00,24,0.2183,0.2574,0.7704,0.2163,0.2465,0.6447,0.2203,0.2679,0.8961
1779,1802,2018-12-28 18:00:00,24,0.2041,0.2454,0.7937,0.2027,0.2334,0.6891,0.2055,0.2568,0.8984
1780,1803,2018-12-28 19:00:00,24,0.1938,0.2382,0.8007,0.1937,0.2254,0.7109,0.1939,0.2503,0.8904
1781,1804,2018-12-28 20:00:00,24,0.2014,0.2437,0.7877,0.2025,0.2319,0.6928,0.2002,0.2549,0.8826
1782,1805,2018-12-28 21:00:00,24,0.2071,0.252,0.791,0.2059,0.2338,0.6892,0.2083,0.2689,0.8928
1783,1806,2018-12-28 22:00:00,24,0.2057,0.2502,0.8046,0.2041,0.2327,0.6823,0.2073,0.2666,0.9269
1784,1807,2018-12-28 23:00:00,24,0.2021,0.2483,0.832,0.193,0.2212,0.7174,0.2112,0.2728,0.9467
1785,1808,2018-12-29 00:00:00,24,0.203,0.2496,0.8418,0.1913,0.2199,0.7239,0.2147,0.2762,0.9598
1786,1809,2018-12-29 01:00:00,24,0.1972,0.2433,0.8675,0.1789,0.2051,0.7671,0.2154,0.2763,0.968
1787,1810,2018-12-29 02:00:00,24,0.1859,0.2358,0.882,0.1694,0.1982,0.7895,0.2024,0.2681,0.9745
1788,1811,2018-12-29 03:00:00,24,0.1795,0.2309,0.8886,0.1693,0.1982,0.7983,0.1898,0.2596,0.9788
1789,1812,2018-12-29 04:00:00,24,0.1758,0.2275,0.8935,0.1714,0.1992,0.8054,0.1803,0.2526,0.9816
1790,1813,2018-12-29 05:00:00,24,0.1673,0.2206,0.9097,0.1617,0.1883,0.8363,0.1728,0.2488,0.983
1791,1814,2018-12-29 06:00:00,24,0.1755,0.2285,0.913,0.1632,0.1905,0.8439,0.1878,0.2611,0.9822
1792,1815,2018-12-29 07:00:00,24,0.1833,0.2342,0.9153,0.168,0.1956,0.8486,0.1985,0.2674,0.982
1793,1816,2018-12-29 08:00:00,24,0.1809,0.2327,0.9178,0.1678,0.1952,0.8533,0.194,0.2649,0.9822
1794,1817,2018-12-29 09:00:00,24,0.183,0.2344,0.9181,0.1666,0.1947,0.8555,0.1993,0.2683,0.9807
1795,1818,2018-12-29 10:00:00,24,0.1902,0.2407,0.9147,0.17,0.1965,0.852,0.2104,0.278,0.9773
1796,1819,2018-12-29 11:00:00,24,0.1967,0.2465,0.9121,0.1715,0.1971,0.8518,0.2218,0.2875,0.9724
1797,1820,2018-12-29 12:00:00,24,0.1975,0.2463,0.9194,0.1597,0.1823,0.8737,0.2354,0.2968,0.9652
1798,1821,2018-12-29 13:00:00,24,0.1962,0.2466,0.9178,0.1533,0.1773,0.8785,0.2391,0.3003,0.957
1799,1822,2018-12-29 14:00:00,24,0.1882,0.2388,0.9192,0.1425,0.1648,0.8876,0.234,0.2948,0.9508
1800,1823,2018-12-29 15:00:00,24,0.1909,0.2416,0.9098,0.1451,0.1676,0.8774,0.2366,0.2977,0.9421
1801,1824,2018-12-29 16:00:00,24,0.1962,0.2477,0.9017,0.1435,0.1655,0.8725,0.249,0.3088,0.9308
1802,1825,2018-12-29 17:00:00,24,0.207,0.2589,0.8913,0.1464,0.1682,0.8632,0.2677,0.3252,0.9194
1803,1826,2018-12-29 18:00:00,24,0.2213,0.2724,0.8843,0.1529,0.1739,0.8564,0.2897,0.3438,0.9121
1804,1827,2018-12-29 19:00:00,24,0.2263,0.2743,0.8812,0.1552,0.1755,0.8473,0.2973,0.3459,0.9151
1805,1828,2018-12-29 20:00:00,24,0.2276,0.2758,0.8773,0.1581,0.1805,0.8366,0.2972,0.3458,0.9181
1806,1829,2018-12-29 21:00:00,24,0.2195,0.2664,0.8852,0.1526,0.1773,0.8432,0.2864,0.3325,0.9273
1807,1830,2018-12-29 22:00:00,24,0.2148,0.2565,0.8908,0.1533,0.1778,0.8459,0.2762,0.3162,0.9357
1808,1831,2018-12-29 23:00:00,24,0.2059,0.2472,0.8982,0.1508,0.1768,0.8546,0.2609,0.3015,0.9419
1809,1832,2018-12-30 00:00:00,24,0.2124,0.2593,0.8616,0.1712,0.2163,0.7802,0.2536,0.2962,0.9431
1810,1833,2018-12-30 01:00:00,24,0.2179,0.2625,0.8579,0.1749,0.2189,0.7754,0.261,0.2999,0.9405
1811,1834,2018-12-30 02:00:00,24,0.2275,0.2691,0.8546,0.1782,0.2199,0.774,0.2769,0.3106,0.9353
1812,1835,2018-12-30 03:00:00,24,0.2339,0.2739,0.8523,0.177,0.2194,0.7734,0.2908,0.3192,0.9311
1813,1836,2018-12-30 04:00:00,24,0.2358,0.276,0.8494,0.1724,0.2179,0.7704,0.2993,0.3238,0.9285
1814,1837,2018-12-30 05:00:00,24,0.2411,0.2802,0.8416,0.17,0.2171,0.7588,0.3123,0.3316,0.9245
1815,1838,2018-12-30 06:00:00,24,0.235,0.2758,0.8325,0.1594,0.2085,0.743,0.3106,0.3297,0.922
1816,1839,2018-12-30 07:00:00,24,0.2311,0.2743,0.7932,0.1497,0.2017,0.6726,0.3124,0.3313,0.9138
1817,1840,2018-12-30 08:00:00,24,0.2302,0.2739,0.7864,0.1369,0.1876,0.6714,0.3236,0.3389,0.9014
1818,1841,2018-12-30 09:00:00,24,0.2309,0.2747,0.7692,0.1363,0.1874,0.643,0.3255,0.3403,0.8953
1819,1842,2018-12-30 10:00:00,24,0.2304,0.275,0.7744,0.1342,0.186,0.6506,0.3266,0.3416,0.8981
1820,1843,2018-12-30 11:00:00,24,0.2276,0.2716,0.7737,0.1382,0.189,0.6389,0.3171,0.3343,0.9085
1821,1844,2018-12-30 12:00:00,24,0.2254,0.2695,0.7698,0.1462,0.197,0.6208,0.3045,0.3262,0.9188
1822,1845,2018-12-30 13:00:00,24,0.229,0.2759,0.7678,0.1449,0.1967,0.6231,0.313,0.337,0.9126
1823,1846,2018-12-30 14:00:00,24,0.2353,0.2842,0.7608,0.146,0.1971,0.6214,0.3247,0.3503,0.9002
1824,1847,2018-12-30 15:00:00,24,0.2419,0.294,0.7214,0.1624,0.2283,0.5465,0.3214,0.3474,0.8963
1825,1848,2018-12-30 16:00:00,24,0.2388,0.2902,0.7436,0.1647,0.2306,0.5903,0.3129,0.3395,0.8969
1826,1849,2018-12-30 17:00:00,24,0.2274,0.2803,0.7601,0.1571,0.2271,0.6163,0.2977,0.3248,0.9039
1827,1850,2018-12-30 18:00:00,24,0.2164,0.2689,0.7691,0.1484,0.2224,0.6251,0.2844,0.3085,0.9131
1828,1851,2018-12-30 19:00:00,24,0.219,0.2721,0.774,0.1465,0.2213,0.6387,0.2915,0.3148,0.9094
1829,1852,2018-12-30 20:00:00,24,0.216,0.2719,0.7597,0.1498,0.2269,0.6089,0.2823,0.3104,0.9105
1830,1853,2018-12-30 21:00:00,24,0.2223,0.2761,0.7461,0.1615,0.236,0.5859,0.283,0.3111,0.9064
1831,1854,2018-12-30 22:00:00,24,0.2242,0.2794,0.741,0.1613,0.2359,0.5864,0.2872,0.317,0.8956
1832,1855,2018-12-30 23:00:00,24,0.2365,0.2893,0.6667,0.1721,0.2438,0.4529,0.3008,0.3286,0.8805
1833,1856,2018-12-31 00:00:00,24,0.2261,0.2755,0.738,0.1502,0.2086,0.5999,0.3019,0.3291,0.8761
1834,1857,2018-12-31 01:00:00,24,0.2245,0.2744,0.7391,0.1486,0.2072,0.6054,0.3004,0.3281,0.8729
1835,1858,2018-12-31 02:00:00,24,0.2198,0.2706,0.7418,0.1446,0.2061,0.6088,0.2949,0.3225,0.8748
1836,1859,2018-12-31 03:00:00,24,0.2192,0.2719,0.7405,0.1413,0.2054,0.611,0.297,0.325,0.87
1837,1860,2018-12-31 04:00:00,24,0.2222,0.2753,0.737,0.1419,0.2054,0.6107,0.3025,0.3307,0.8634
1838,1861,2018-12-31 05:00:00,24,0.2215,0.2735,0.7371,0.1443,0.2063,0.6078,0.2987,0.3272,0.8664
1839,1862,2018-12-31 06:00:00,24,0.2206,0.272,0.7388,0.1455,0.2066,0.6067,0.2958,0.3245,0.871
1840,1863,2018-12-31 07:00:00,24,0.2215,0.2715,0.7391,0.1491,0.2079,0.6012,0.294,0.3227,0.877
1841,1864,2018-12-31 08:00:00,24,0.2207,0.2699,0.7428,0.1503,0.2083,0.5994,0.2911,0.3198,0.8862
1842,1865,2018-12-31 09:00:00,24,0.2194,0.2683,0.7441,0.155,0.2109,0.5943,0.2838,0.3154,0.8939
1843,1866,2018-12-31 10:00:00,24,0.2137,0.2634,0.7491,0.1514,0.2099,0.5971,0.276,0.3078,0.9011
1844,1867,2018-12-31 11:00:00,24,0.2189,0.2681,0.7455,0.1536,0.2122,0.589,0.2842,0.3142,0.902
1845,1868,2018-12-31 12:00:00,24,0.2212,0.2688,0.7529,0.1511,0.2091,0.599,0.2914,0.3175,0.9068
1846,1869,2018-12-31 13:00:00,24,0.216,0.2601,0.7647,0.1539,0.2099,0.603,0.2781,0.302,0.9264
1847,1870,2018-12-31 14:00:00,24,0.211,0.2513,0.77,0.1597,0.2144,0.5969,0.2623,0.2835,0.9431
1848,1871,2018-12-31 15:00:00,24,0.199,0.2347,0.8193,0.1387,0.177,0.6904,0.2592,0.2808,0.9481
1849,1872,2018-12-31 16:00:00,24,0.1933,0.2314,0.8037,0.1284,0.1694,0.6578,0.2581,0.2801,0.9496
1850,1873,2018-12-31 17:00:00,24,0.1988,0.2346,0.7727,0.1349,0.1728,0.5962,0.2628,0.2833,0.9493
1851,1874,2018-12-31 18:00:00,24,0.2086,0.2474,0.7539,0.14,0.1751,0.5638,0.2772,0.3029,0.9439
1852,1875,2018-12-31 19:00:00,24,0.226,0.2776,0.6534,0.1557,0.1999,0.3709,0.2963,0.3379,0.9358
1853,1876,2018-12-31 20:00:00,24,0.2365,0.2926,0.6951,0.1475,0.1861,0.4584,0.3255,0.3696,0.9317
1854,1877,2018-12-31 21:00:00,24,0.2298,0.288,0.666,0.1447,0.1817,0.3936,0.315,0.3644,0.9384
1855,1878,2018-12-31 22:00:00,24,0.2262,0.2822,0.5774,0.1502,0.1874,0.213,0.3023,0.3523,0.9418
1856,1879,2018-12-31 23:00:00,24,0.2196,0.2749,0.6998,0.1461,0.1818,0.4609,0.293,0.3436,0.9387
1857,1880,2019-01-01 00:00:00,24,0.2199,0.2751,0.7782,0.1459,0.1816,0.6303,0.2939,0.344,0.9261
1858,1881,2019-01-01 01:00:00,24,0.2168,0.2742,0.8297,0.1396,0.1788,0.7532,0.294,0.3441,0.9062
1859,1882,2019-01-01 02:00:00,24,0.2249,0.2838,0.774,0.1625,0.2125,0.6678,0.2872,0.3405,0.8802
1860,1883,2019-01-01 03:00:00,24,0.2212,0.2787,0.7622,0.166,0.2133,0.672,0.2765,0.3313,0.8524
1861,1884,2019-01-01 04:00:00,24,0.2181,0.2741,0.7445,0.1686,0.214,0.6702,0.2676,0.3232,0.8189
1862,1885,2019-01-01 05:00:00,24,0.2186,0.2741,0.7155,0.1712,0.2157,0.6607,0.266,0.322,0.7702
1863,1886,2019-01-01 06:00:00,24,0.2188,0.2736,0.6841,0.1732,0.2166,0.6506,0.2643,0.3206,0.7177
1864,1887,2019-01-01 07:00:00,24,0.2247,0.281,0.6514,0.1755,0.2181,0.637,0.2738,0.3322,0.6659
1865,1888,2019-01-01 08:00:00,24,0.2335,0.2908,0.633,0.1827,0.2237,0.6044,0.2843,0.3451,0.6617
1866,1889,2019-01-01 09:00:00,24,0.2454,0.3044,0.6326,0.1852,0.2259,0.5935,0.3056,0.3665,0.6716
1867,1890,2019-01-01 10:00:00,24,0.2501,0.3066,0.6398,0.1966,0.2334,0.5946,0.3036,0.3655,0.6849
1868,1891,2019-01-01 11:00:00,24,0.2478,0.3048,0.649,0.1936,0.2308,0.6164,0.3019,0.364,0.6816
1869,1892,2019-01-01 12:00:00,24,0.2509,0.3097,0.6336,0.1892,0.2274,0.6153,0.3125,0.3743,0.652
1870,1893,2019-01-01 13:00:00,24,0.2632,0.326,0.5953,0.1925,0.2294,0.5654,0.3339,0.3998,0.6252
1871,1894,2019-01-01 14:00:00,24,0.2711,0.3397,0.5821,0.1849,0.2246,0.5042,0.3574,0.4246,0.66
1872,1895,2019-01-01 15:00:00,24,0.2807,0.3502,0.5986,0.1868,0.2257,0.4607,0.3746,0.4408,0.7365
1873,1896,2019-01-01 16:00:00,24,0.2937,0.3651,0.6266,0.19,0.2263,0.4496,0.3974,0.4641,0.8036
1874,1897,2019-01-01 17:00:00,24,0.2986,0.3745,0.6659,0.1831,0.2237,0.472,0.414,0.48,0.8598
1875,1898,2019-01-01 18:00:00,24,0.2924,0.3679,0.6991,0.1812,0.2226,0.4946,0.4036,0.4702,0.9036
1876,1899,2019-01-01 19:00:00,24,0.2794,0.3506,0.6594,0.1833,0.2274,0.3845,0.3756,0.4407,0.9344
1877,1900,2019-01-01 20:00:00,24,0.2644,0.3342,0.5862,0.183,0.2272,0.2213,0.3457,0.4144,0.9512
1878,1901,2019-01-01 21:00:00,24,0.2632,0.3331,0.587,0.1768,0.2222,0.2178,0.3496,0.4154,0.9562
1879,1902,2019-01-01 22:00:00,24,0.2555,0.33,0.6279,0.1673,0.216,0.2957,0.3438,0.4136,0.9601
1880,1903,2019-01-01 23:00:00,24,0.2549,0.3318,0.5952,0.1747,0.226,0.2271,0.3352,0.4113,0.9633
1881,1904,2019-01-02 00:00:00,24,0.2549,0.3317,0.5899,0.177,0.2273,0.2142,0.3328,0.4104,0.9657
1882,1905,2019-01-02 01:00:00,24,0.2556,0.3314,0.5664,0.1815,0.2284,0.165,0.3297,0.4092,0.9678
1883,1906,2019-01-02 02:00:00,24,0.2483,0.3226,0.7039,0.166,0.2013,0.4387,0.3305,0.4094,0.9692
1884,1907,2019-01-02 03:00:00,24,0.2523,0.3246,0.7325,0.1709,0.2048,0.495,0.3336,0.4109,0.9699
1885,1908,2019-01-02 04:00:00,24,0.2559,0.3265,0.7541,0.1767,0.2093,0.538,0.3351,0.4117,0.9703
1886,1909,2019-01-02 05:00:00,24,0.2579,0.3279,0.7705,0.1796,0.2121,0.5708,0.3363,0.4123,0.9701
1887,1910,2019-01-02 06:00:00,24,0.2548,0.3264,0.7668,0.1775,0.2111,0.5639,0.3322,0.4105,0.9697
1888,1911,2019-01-02 07:00:00,24,0.2491,0.3198,0.7501,0.1769,0.2106,0.5312,0.3213,0.4002,0.9689
1889,1912,2019-01-02 08:00:00,24,0.2395,0.3099,0.7297,0.1712,0.2054,0.4929,0.3078,0.3872,0.9665
1890,1913,2019-01-02 09:00:00,24,0.2293,0.2987,0.7026,0.1632,0.2001,0.4447,0.2954,0.372,0.9606
1891,1914,2019-01-02 10:00:00,24,0.2276,0.298,0.7332,0.1547,0.192,0.5209,0.3006,0.3752,0.9456
1892,1915,2019-01-02 11:00:00,24,0.2246,0.2958,0.7517,0.1528,0.1906,0.5809,0.2964,0.3724,0.9226
1893,1916,2019-01-02 12:00:00,24,0.2139,0.2871,0.7601,0.1516,0.1899,0.6304,0.2762,0.3589,0.8897
1894,1917,2019-01-02 13:00:00,24,0.2018,0.2699,0.769,0.1564,0.1957,0.681,0.2473,0.3276,0.8569
1895,1918,2019-01-02 14:00:00,24,0.1939,0.2522,0.7851,0.1622,0.1993,0.7382,0.2255,0.2958,0.832
1896,1919,2019-01-02 15:00:00,24,0.1859,0.2389,0.8074,0.1673,0.2046,0.7832,0.2044,0.2688,0.8317
1897,1920,2019-01-02 16:00:00,24,0.1741,0.2156,0.8488,0.1663,0.2043,0.8136,0.1818,0.2264,0.884
1898,1921,2019-01-02 17:00:00,24,0.1706,0.2009,0.8777,0.1732,0.2072,0.829,0.1679,0.1944,0.9264
1899,1922,2019-01-02 18:00:00,24,0.1772,0.2092,0.8845,0.182,0.2154,0.8358,0.1724,0.2028,0.9332
1900,1923,2019-01-02 19:00:00,24,0.1778,0.2085,0.9096,0.1686,0.1908,0.887,0.187,0.2248,0.9322
1901,1924,2019-01-02 20:00:00,24,0.1765,0.2068,0.9194,0.1624,0.1859,0.899,0.1905,0.2258,0.9398
1902,1925,2019-01-02 21:00:00,24,0.1806,0.2106,0.9232,0.1647,0.1875,0.9023,0.1965,0.2314,0.944
1903,1926,2019-01-02 22:00:00,24,0.1828,0.2115,0.9248,0.1693,0.1896,0.9016,0.1963,0.2314,0.9479
1904,1927,2019-01-02 23:00:00,24,0.1803,0.2064,0.9321,0.1563,0.173,0.9169,0.2044,0.2351,0.9473
1905,1928,2019-01-03 00:00:00,24,0.1786,0.2056,0.9313,0.1519,0.1705,0.9165,0.2053,0.2356,0.9461
1906,1929,2019-01-03 01:00:00,24,0.1771,0.2049,0.9284,0.1497,0.1694,0.9132,0.2045,0.2352,0.9435
1907,1930,2019-01-03 02:00:00,24,0.1726,0.2026,0.9253,0.1437,0.1651,0.911,0.2015,0.2341,0.9396
1908,1931,2019-01-03 03:00:00,24,0.1664,0.1984,0.9202,0.1403,0.1616,0.9054,0.1925,0.2294,0.935
1909,1932,2019-01-03 04:00:00,24,0.1591,0.1932,0.9129,0.1341,0.1556,0.899,0.1841,0.2245,0.9267
1910,1933,2019-01-03 05:00:00,24,0.1524,0.1874,0.8999,0.1271,0.1486,0.889,0.1777,0.2195,0.9107
1911,1934,2019-01-03 06:00:00,24,0.1511,0.1869,0.8771,0.129,0.1498,0.8774,0.1732,0.2177,0.8768
1912,1935,2019-01-03 07:00:00,24,0.144,0.1822,0.8624,0.1251,0.147,0.8864,0.1629,0.2116,0.8384
1913,1936,2019-01-03 08:00:00,24,0.1493,0.1888,0.8213,0.134,0.1602,0.8621,0.1646,0.2136,0.7806
1914,1937,2019-01-03 09:00:00,24,0.1526,0.1929,0.791,0.1368,0.1614,0.8573,0.1684,0.2199,0.7247
1915,1938,2019-01-03 10:00:00,24,0.1519,0.1922,0.7863,0.1363,0.1612,0.8575,0.1676,0.219,0.715
1916,1939,2019-01-03 11:00:00,24,0.1623,0.2112,0.7717,0.1396,0.1646,0.8513,0.185,0.2493,0.6921
1917,1940,2019-01-03 12:00:00,24,0.1816,0.2415,0.7759,0.1458,0.1708,0.8401,0.2174,0.2957,0.7116
1918,1941,2019-01-03 13:00:00,24,0.1884,0.2493,0.8177,0.1396,0.1626,0.8544,0.2372,0.3128,0.7811
1919,1942,2019-01-03 14:00:00,24,0.1994,0.2641,0.8354,0.1462,0.1731,0.8362,0.2527,0.331,0.8347
1920,1943,2019-01-03 15:00:00,24,0.203,0.2699,0.8589,0.1379,0.1648,0.8458,0.2681,0.3443,0.872
1921,1944,2019-01-03 16:00:00,24,0.2128,0.2788,0.8641,0.147,0.1736,0.83,0.2786,0.354,0.8981
1922,1945,2019-01-03 17:00:00,24,0.2113,0.278,0.8758,0.144,0.1712,0.8325,0.2786,0.354,0.9192
1923,1946,2019-01-03 18:00:00,24,0.2021,0.2693,0.8886,0.1353,0.1608,0.8414,0.2689,0.3453,0.9358
1924,1947,2019-01-03 19:00:00,24,0.1964,0.2616,0.8875,0.1347,0.16,0.8267,0.2581,0.3336,0.9484
1925,1948,2019-01-03 20:00:00,24,0.1982,0.2624,0.8858,0.1372,0.1616,0.8177,0.2592,0.334,0.9539
1926,1949,2019-01-03 21:00:00,24,0.1959,0.2603,0.8844,0.1391,0.1636,0.8097,0.2526,0.3298,0.9591
1927,1950,2019-01-03 22:00:00,24,0.1969,0.2607,0.8896,0.1394,0.1639,0.8173,0.2545,0.3302,0.9618
1928,1951,2019-01-03 23:00:00,24,0.1955,0.2603,0.8928,0.1369,0.1632,0.8226,0.2541,0.33,0.963
1929,1952,2019-01-04 00:00:00,24,0.2001,0.2635,0.8846,0.1475,0.1742,0.8061,0.2526,0.3295,0.963
1930,1953,2019-01-04 01:00:00,24,0.2047,0.2661,0.881,0.1551,0.1805,0.8,0.2543,0.3301,0.962
1931,1954,2019-01-04 02:00:00,24,0.2123,0.2701,0.8766,0.1618,0.1852,0.7938,0.2629,0.3341,0.9594
1932,1955,2019-01-04 03:00:00,24,0.2176,0.2725,0.8733,0.1635,0.1865,0.7904,0.2718,0.3372,0.9562
1933,1956,2019-01-04 04:00:00,24,0.2214,0.2739,0.8664,0.1653,0.1875,0.7807,0.2776,0.339,0.9522
1934,1957,2019-01-04 05:00:00,24,0.2236,0.2748,0.8516,0.1671,0.1884,0.7573,0.28,0.3399,0.9459
1935,1958,2019-01-04 06:00:00,24,0.2255,0.2753,0.8215,0.1678,0.1889,0.707,0.2832,0.3405,0.936
1936,1959,2019-01-04 07:00:00,24,0.2272,0.2757,0.7457,0.1697,0.1897,0.5731,0.2847,0.3406,0.9184
1937,1960,2019-01-04 08:00:00,24,0.2197,0.2699,0.698,0.1603,0.1784,0.505,0.2791,0.3374,0.8909
1938,1961,2019-01-04 09:00:00,24,0.2144,0.2644,0.582,0.1626,0.1801,0.3126,0.2662,0.3276,0.8515
1939,1962,2019-01-04 10:00:00,24,0.2153,0.2648,0.3137,0.1715,0.1886,-0.1255,0.2591,0.3235,0.753
1940,1963,2019-01-04 11:00:00,24,0.202,0.2488,0.0106,0.1701,0.1872,-0.5712,0.2338,0.298,0.5924
1941,1964,2019-01-04 12:00:00,24,0.1865,0.2215,-0.1692,0.1688,0.1857,-0.7925,0.2041,0.2523,0.454
1942,1965,2019-01-04 13:00:00,24,0.1795,0.2119,-0.3573,0.1737,0.1909,-0.8338,0.1852,0.231,0.1191
1943,1966,2019-01-04 14:00:00,24,0.1679,0.1937,-0.0172,0.1711,0.1865,-0.1546,0.1647,0.2007,0.1202
1944,1967,2019-01-04 15:00:00,24,0.1625,0.184,0.2677,0.1776,0.1916,0.0911,0.1474,0.1759,0.4444
1945,1968,2019-01-04 16:00:00,24,0.1548,0.1718,0.5272,0.1757,0.1892,0.3252,0.1339,0.1524,0.7292
1946,1969,2019-01-04 17:00:00,24,0.1515,0.1672,0.624,0.1757,0.1892,0.3949,0.1273,0.1419,0.8531
1947,1970,2019-01-04 18:00:00,24,0.1537,0.1703,0.6534,0.1761,0.1894,0.4026,0.1314,0.1487,0.9041
1948,1971,2019-01-04 19:00:00,24,0.151,0.1676,0.673,0.1719,0.1862,0.4064,0.13,0.1466,0.9397
1949,1972,2019-01-04 20:00:00,24,0.1519,0.169,0.6631,0.1696,0.1848,0.3699,0.1341,0.1516,0.9563
1950,1973,2019-01-04 21:00:00,24,0.1513,0.1684,0.6553,0.1668,0.1823,0.3428,0.1357,0.1532,0.9677
1951,1974,2019-01-04 22:00:00,24,0.1529,0.1696,0.6361,0.1669,0.1824,0.2977,0.1388,0.1557,0.9745
1952,1975,2019-01-04 23:00:00,24,0.1558,0.1711,0.5516,0.1733,0.1856,0.1229,0.1383,0.1552,0.9803
1953,1976,2019-01-05 00:00:00,24,0.1524,0.1684,0.5842,0.1608,0.175,0.1851,0.144,0.1614,0.9833
1954,1977,2019-01-05 01:00:00,24,0.1538,0.1726,0.661,0.154,0.1688,0.3379,0.1535,0.1764,0.9842
1955,1978,2019-01-05 02:00:00,24,0.1528,0.175,0.7409,0.1467,0.1635,0.496,0.1588,0.1857,0.9858
1956,1979,2019-01-05 03:00:00,24,0.1543,0.1768,0.7528,0.1499,0.1674,0.5175,0.1588,0.1856,0.9881
1957,1980,2019-01-05 04:00:00,24,0.1524,0.1755,0.7755,0.1474,0.166,0.5612,0.1573,0.1845,0.9898
1958,1981,2019-01-05 05:00:00,24,0.1471,0.1733,0.7961,0.1434,0.1644,0.6013,0.1508,0.1817,0.9909
